timestamp,dtNs,ax,ay,az,gx,gy,gz,label
202377.465400500,0,-0.50741565,0.1407942,-0.4572434,0.020596497,-0.028662123,0.08730438,false
202377.485400499,19999999,-0.01527375,-0.006711427,-0.013739347,0.006950246,-0.015722057,0.08987058,false
202377.505400500,0,-0.0023449063,-0.008673996,-0.0053973794,0.0013412591,0.0035498235,0.08989338,false
202377.525400500,0,7.236004e-05,-0.010182891,-0.006702721,-0.0029012118,0.012839393,0.083206594,false
202377.545400499,19999999,0.0024901927,-0.011691514,-0.008007944,-0.007143683,0.022128962,0.07651981,false
202377.565400500,0,0.0047896504,-0.0059468783,0.00049960613,-0.016638443,0.04452668,0.049964085,false
202377.585400500,0,0.0009277761,3.760308e-05,0.0076568723,-0.015627857,0.025515916,0.04071163,false
202377.605400499,19999999,0.0011054575,-0.0020927154,0.0067949295,-0.019229533,0.018442158,0.030556045,false
202377.625400500,0,0.0015960634,0.0007503219,0.0066021085,-0.018742882,0.0107042845,0.017183745,false
202377.645400500,0,0.004904777,0.0049099326,0.004005432,-0.019344863,0.008121666,-0.0025778867,false
202377.665400499,19999999,0.0032149851,0.005474068,0.0037178397,-0.014653249,0.00835584,-0.0070392787,false
202377.685400500,0,0.002640754,0.009306647,0.002738893,-0.008891385,0.0041531725,-0.00043255457,false
202377.705400499,19999999,0.002640754,0.0093066655,0.002738893,0.004381921,-0.0012483802,0.00094143866,false
202377.725400500,0,0.0038250089,0.006856639,0.0033251643,0.012842533,-5.6052813e-05,0.0060453056,false
202377.745400499,19999999,0.005009353,0.004406672,0.0039111376,0.021303145,0.0011362747,0.011149173,false
202377.765400500,0,0.005155176,-0.006099697,0.009211481,0.0773904,0.011409808,0.035935596,false
202377.785400499,19999999,0.0035371482,-0.005562868,0.011464894,0.113558024,0.007886014,0.043561004,false
202377.805400500,0,-0.009352058,-0.0012833886,0.017488182,0.28549534,-0.07266602,0.10473652,false
202377.825400500,0,-0.0033135712,0.034656562,-0.002536416,0.42032224,-0.14186642,0.1855467,false
202377.845400499,19999999,0.0027438998,0.07059857,-0.022606611,0.5551491,-0.21106678,0.26635686,false
202377.865400500,0,0.0267528,0.13002937,-0.06317663,0.5277888,-0.1141184,0.4720965,false
202377.885400500,0,0.035054415,0.21267778,-0.120646894,0.38093635,0.24910982,1.0013642,false
202377.905400499,19999999,0.019088984,0.2528026,-0.14736873,0.3006556,0.40878808,1.2984669,false
202377.925400500,0,0.01122728,0.29007286,-0.1709137,0.13362953,0.8415001,2.0591462,false
202377.945400499,19999999,0.005850494,0.259992,-0.14837384,0.08287453,1.0292699,2.350025,false
202377.965400500,0,-0.016886383,0.23306787,-0.10745025,0.04518223,1.1642095,2.5865602,false
202377.985400500,0,-0.061009586,0.14759484,-0.01712519,-0.056484733,1.3739555,2.9375923,false
202378.005400499,19999999,-0.07461983,0.09600344,0.014445901,-0.045313332,1.3283865,2.9433293,false
202378.025400500,0,-0.110978484,0.016830057,0.042758405,-0.07145512,1.1837363,2.7237341,false
202378.045400499,19999999,-0.11792612,-0.009101495,0.037679613,-0.069533244,1.0897094,2.5699134,false
202378.065400500,0,-0.12719578,-0.035281867,0.049046755,0.026216708,0.8070096,2.3192942,false
202378.085400499,19999999,-0.13544387,-0.0612645,0.060328424,0.12196666,0.52430975,2.068675,false
202378.105400500,0,-0.11326775,-0.081503764,0.051721334,0.17159131,0.40865368,1.8688034,false
202378.125400500,0,-0.07201651,-0.121124834,0.048045456,0.3070646,0.21567215,1.4182696,false
202378.145400499,19999999,-0.054109216,-0.14005852,0.037550032,0.3646178,0.19582519,1.2294834,false
202378.165400500,0,-0.037973166,-0.07663122,0.028647244,0.45162183,0.13625893,1.0180682,false
202378.185400499,19999999,-0.033420295,-0.06790793,0.02659738,0.47911644,0.12718223,0.94518894,false
202378.205400500,0,-0.021509796,-0.040341914,0.0061024427,0.48543566,0.09850687,0.78845924,false
202378.225400499,19999999,-0.016869009,-0.030769914,0.0050599575,0.4697471,0.089588255,0.7283768,false
202378.245400500,0,0.0028316975,-0.020428747,-0.013044655,0.41304654,0.08230592,0.6277537,false
202378.265400500,0,0.0076584816,-0.020588368,-0.01436919,0.40047777,0.10481748,0.5827471,false
202378.285400499,19999999,0.01254949,-0.020774245,-0.015732408,0.387909,0.12732902,0.5377406,false
202378.305400500,0,0.006632507,-0.0065231025,-0.013096869,0.33232996,0.17346063,0.39607188,false
202378.325400500,0,0.0022584796,0.00263682,-0.008811116,0.29407895,0.17331432,0.35621592,false
202378.345400499,19999999,-0.002090931,0.011789769,-0.0045407414,0.25582796,0.17316799,0.31635997,false
202378.365400499,0,0.0018986166,0.01997146,0.0015643239,0.1789954,0.19799334,0.22964029,false
202378.385400498,19999999,0.01041013,0.01602143,-0.0059019923,0.15096267,0.22758132,0.17577806,false
202378.405400499,0,-0.0026797056,0.03569582,-0.0046066046,0.08633293,0.19640487,0.2459946,false
202378.425400499,0,-0.024154514,0.046074152,0.009770334,0.075685106,0.15652917,0.2614363,false
202378.445400499,0,-0.011799425,0.008625835,0.016670942,0.050307482,0.2150913,0.19831789,false
202378.465400499,0,5.811453e-05,-0.008675426,0.017653644,0.05159984,0.211451,0.20889604,false
202378.485400498,19999999,0.011919975,-0.02597493,0.018635333,0.0528922,0.20781069,0.21947418,false
202378.505400499,0,0.021904051,-0.054575115,0.024486423,0.11050368,0.25890622,0.16368382,false
202378.525400498,19999999,0.021191925,-0.057338744,0.029550493,0.13802281,0.26020843,0.1620892,false
202378.545400499,0,0.0010040998,-0.049173176,0.04987955,0.17213632,0.21877326,0.10919014,false
202378.565400498,19999999,-0.0015550852,-0.048320055,0.05036813,0.16644454,0.20333372,0.09611597,false
202378.585400499,0,-0.005705625,-0.046937585,0.052419603,0.15732989,0.12096397,0.13276574,false
202378.605400499,0,-0.010484189,-0.035514295,0.05452341,0.1557991,0.08261212,0.14178708,false
202378.625400498,19999999,-0.015252084,-0.024097174,0.056616068,0.15426831,0.044260263,0.15080842,false
202378.645400499,0,0.0022827983,0.012281835,0.014298797,0.028652854,-0.01797963,0.10361725,false
202378.665400498,19999999,0.0044592917,0.026115507,-0.001269877,-0.04388184,-0.03899121,0.086077996,false
202378.685400499,0,-0.0011028647,0.027503282,-0.03606683,-0.32377422,-0.11064456,0.062806875,false
202378.705400498,19999999,-0.017154485,0.016666979,-0.02904141,-0.41586855,-0.1299204,0.0543401,false
202378.725400499,0,-0.032036036,-0.008289725,-0.0215047,-0.42367333,-0.14947951,0.0775785,false
202378.745400499,0,-0.06525111,-0.07006732,0.014521778,-0.27955124,-0.19498447,0.16338772,false
202378.765400498,19999999,-0.06626555,-0.081679225,0.021828532,-0.1599752,-0.20627248,0.20250306,false
202378.785400499,0,-0.03143841,-0.08402029,0.01049453,0.06784568,-0.1708422,0.11648354,false
202378.805400499,0,-0.04120925,-0.068121076,0.0070177317,0.13415906,-0.2146268,0.02899123,false
202378.825400498,19999999,-0.05097714,-0.052223235,0.0035272837,0.20047241,-0.2584114,-0.058501072,false
202378.845400499,0,-0.053945005,-0.0058309734,-0.016196847,0.23288348,-0.23069963,0.008331273,false
202378.865400498,19999999,-0.049806595,-0.0017763674,-0.019496083,0.23403975,-0.1628826,0.069245175,false
202378.885400499,0,-0.048405766,0.022525012,-0.027234435,0.055692576,-0.054893523,0.22056334,false
202378.905400499,0,-0.04963711,0.020337075,-0.010041118,0.010982253,-0.028808689,0.24996433,false
202378.925400498,19999999,-0.05086094,0.018139392,0.007149935,-0.03372807,-0.0027238522,0.27936533,false
202378.945400499,0,-0.023993254,-0.0014230013,0.022314966,-0.08637919,0.05272541,0.3303227,false
202378.965400499,0,-0.008377016,-0.022399813,0.024256349,-0.05957052,0.048932787,0.29993865,false
202378.985400498,19999999,0.0072419047,-0.043384016,0.026198864,-0.032761846,0.045140162,0.2695546,false
202379.005400499,0,0.042343885,-0.053430587,0.02466935,0.003850732,0.05466922,0.16198936,false
202379.025400498,19999999,0.073104024,-0.05586639,0.018396914,0.033782173,0.039295554,0.05442419,false
202379.045400499,0,0.08450511,-0.045024633,0.023200512,0.042584628,0.027169656,0.019672528,false
202379.065400499,0,0.08174646,-0.024152786,0.038423598,0.040585298,0.0054915603,0.0060830135,false
202379.085400498,19999999,0.078988194,-0.0032817423,0.053645253,0.038585972,-0.016186537,-0.0075065037,false
202379.105400499,0,0.085383475,0.01079002,0.071047485,0.05602211,-0.06584601,0.028797884,false
202379.125400499,0,0.113912135,0.017352879,0.057121098,0.027916517,-0.22547995,0.12765557,false
202379.145400499,0,0.14334524,0.0025430024,0.048122525,0.0064245276,-0.18142429,0.048838496,false
202379.165400498,19999999,0.17277941,-0.01226756,0.03912145,-0.015067462,-0.13736863,-0.029978573,false
202379.185400499,0,0.09813273,0.064982,0.10204995,-0.044820078,-0.24782397,-0.067137815,false
202379.205400498,19999999,0.0686419,0.10645276,0.11849338,-0.08720935,-0.36516923,-0.007881299,false
202379.225400499,0,0.06842157,0.1261662,0.09366053,-0.21312128,-0.61598015,0.2579264,false
202379.245400499,0,0.044212103,0.11627841,0.09817475,-0.252713,-0.6398485,0.34180835,false
202379.265400498,19999999,0.020031273,0.10634759,0.10263026,-0.2923047,-0.6637168,0.4256903,false
202379.285400499,0,-0.034939915,0.0722096,0.0257653,-0.3216527,-0.7614877,0.6577111,false
202379.305400498,19999999,-0.041460544,0.057602346,-0.012666225,-0.36436644,-0.76012444,0.7357794,false
202379.325400499,0,-0.029849887,-0.004207015,-0.120788455,-0.5255436,-0.4717296,0.6808045,false
202379.345287625,0,-0.07086022,-0.066453494,-0.13067096,-0.6038132,-0.14733884,0.6239125,false
202379.365287624,19999999,-0.08896509,-0.061815053,-0.11838102,-0.5875921,-0.01826185,0.483972,false
202379.385287624,39999999,-0.10713507,-0.0572702,-0.10616952,-0.5713711,0.11081514,0.3440315,false
202379.405287625,0,-0.09359591,-0.06414983,-0.10738182,-0.5800104,0.14172682,0.26740044,false
202379.425287625,0,-0.058033407,-0.08226788,-0.07054716,-0.49835345,0.20108962,-0.009683654,false
202379.445287624,19999999,-0.06093493,-0.07999882,-0.04154235,-0.42648906,0.19683239,-0.087537706,false
202379.465287625,0,-0.046117544,-0.067325175,-0.02245146,-0.3119033,0.14715576,-0.21742387,false
202379.485287624,19999999,-0.031279445,-0.05467397,-0.0033948421,-0.19731753,0.09747912,-0.34731,false
202379.504700750,0,-0.002563025,0.021195352,0.032123506,-0.11745627,0.0035320052,-0.56520003,false
202379.524700750,0,-0.014600426,0.027281672,0.044443786,-0.11470658,-0.053929474,-0.54588485,false
202379.544700749,19999999,-0.026616424,0.03335896,0.056763172,-0.111956894,-0.11139095,-0.52656966,false
202379.564700749,39999999,-0.038610935,0.0394274,0.069081664,-0.109207205,-0.16885242,-0.5072545,false
202379.584700750,0,-0.078121066,0.04778254,0.06852895,-0.063483775,-0.32649648,-0.33834946,false
202379.604700750,0,-0.006272197,0.0605976,0.017693698,-0.20783237,-0.45472774,-0.2752515,false
202379.624700749,19999999,0.023551494,0.039633334,0.0033769608,-0.2526894,-0.37347752,-0.3547731,false
202379.644700749,39999999,0.0533908,0.01867035,-0.010953426,-0.29754642,-0.29222733,-0.4342947,false
202379.664700750,0,-0.029703021,-0.00660342,0.018162727,-0.33845347,-0.26599658,-0.38415134,false
202379.684700750,0,0.06547707,-0.1588712,-0.0044395924,-0.2094978,-0.24931183,-0.11852702,false
202379.704700749,19999999,0.04946679,-0.170627,0.018678665,-0.121247254,-0.2088435,-0.1335471,false
202379.723703167,0,0.037221514,-0.17697178,0.02853649,-0.011391458,-0.30047214,-0.0077377716,false
202379.743703167,0,0.043355525,-0.13549262,0.029240966,-0.066312246,-0.26241112,-0.05007619,false
202379.763703167,0,0.034997374,-0.10993123,0.027820647,-0.104627706,-0.25858787,-0.057040717,false
202379.783703166,19999999,0.026642233,-0.084369004,0.026393116,-0.14294317,-0.25476462,-0.06400525,false
202379.803703166,39999999,0.018290132,-0.058805823,0.024958253,-0.18125865,-0.25094134,-0.070969775,false
202379.823703167,0,-0.02715382,0.0004735589,0.023697913,-0.29197398,-0.2468707,0.10358661,false
202379.843703167,0,-0.009416759,-0.027336568,0.040041506,-0.2826891,-0.2593293,0.5484305,false
202379.863703166,19999999,0.023653239,-0.060559183,0.015424311,-0.21139216,-0.19402376,0.40888774,false
202379.883703167,0,0.047705054,-0.07058838,0.013981819,-0.16120222,-0.15011239,0.34309256,false
202379.903703166,19999999,0.071757704,-0.08063206,0.012533188,-0.11101229,-0.10620102,0.27729735,false
202379.923703167,0,0.09902501,-0.0769715,0.02803266,-0.020664882,-0.10376154,0.17440848,false
202379.943703167,0,0.1634041,-0.06749657,0.017337203,0.03365847,-0.15698561,0.09663475,false
202379.963703166,19999999,0.18222153,-0.06189975,0.01139611,0.052345235,-0.14385878,0.03756051,false
202379.983703167,0,0.18037426,-0.030053377,0.029868305,0.10757132,-0.09863523,-0.13956079,false
202380.003703166,19999999,0.1514881,-0.0040709972,0.049755752,0.11907261,-0.13237752,-0.16307838,false
202380.023703167,0,0.07868847,0.049096465,0.06970173,0.12781377,-0.24916299,-0.17812991,false
202380.043703166,19999999,0.037041903,0.08846438,0.07196635,0.09916614,-0.316533,-0.16623315,false
202380.063703166,0,0.009060234,0.11672111,0.05648589,0.0679434,-0.3774696,-0.10934542,false
202380.083703165,19999999,-0.018917158,0.14498588,0.04098898,0.036720663,-0.4384062,-0.052457694,false
202380.103703166,0,-0.06816661,0.17439608,0.0012991428,0.0012882149,-0.4735712,0.07580407,false
202380.123703165,19999999,-0.08638477,0.16585726,0.0002925992,0.006474631,-0.47438928,0.099297255,false
202380.143703166,0,-0.09754565,0.15812284,-0.0007292628,0.025581779,-0.49346396,0.114580974,false
202380.163703166,0,-0.09569329,0.13281971,-0.02725184,0.061645597,-0.5402441,0.09349722,false
202380.183703165,19999999,-0.091501415,0.12701671,-0.040361047,0.06017669,-0.53697723,0.0512718,false
202380.203703165,39999999,-0.08730511,0.12121177,-0.053493917,0.058707777,-0.5337103,0.009046387,false
202380.223703166,0,-0.08774905,0.10827169,-0.06381774,0.026538817,-0.5035739,-0.13727604,false
202380.243703166,0,-0.109938286,0.11222048,-0.052078366,-0.009696833,-0.5133055,-0.17878462,false
202380.263703165,19999999,-0.108046584,0.10757308,-0.055407286,-0.022922972,-0.5330278,-0.15666835,false
202380.283703166,0,-0.109852575,0.105867535,-0.06839347,-0.07035558,-0.5281389,-0.13269594,false
202380.303703165,19999999,-0.109621234,0.107830256,-0.0727548,-0.09997916,-0.51827615,-0.11740461,false
202380.323703166,0,-0.10269714,0.109278515,-0.08124596,-0.18438357,-0.4998401,-0.014508014,false
202380.343703165,19999999,-0.09567908,0.10517645,-0.08591145,-0.21441816,-0.44656572,0.0062304707,false
202380.363703166,0,-0.09836112,0.09259464,-0.08366704,-0.20407896,-0.39861014,0.048027333,false
202380.383703165,19999999,-0.101037145,0.079993665,-0.08147514,-0.19373976,-0.3506546,0.08982419,false
202380.403703165,39999999,-0.10370751,0.06737375,-0.07933563,-0.18340056,-0.30269903,0.13162105,false
202380.423703165,59999999,-0.106372565,0.054735094,-0.07724893,-0.17306134,-0.25474346,0.17341791,false
202380.443703166,0,-0.10890444,0.04173079,-0.079805076,-0.13633046,-0.16996494,0.138747,false
202380.463703166,0,-0.11575611,0.037850708,-0.08140117,-0.041846775,-0.051622927,0.10742109,false
202380.483703166,0,-0.122965254,0.037311107,-0.07409543,0.009895865,0.01916144,0.097092256,false
202380.503703165,19999999,-0.124460936,0.03363666,-0.072793245,0.040645145,0.09588525,0.039928626,false
202380.523703166,0,-0.132099,0.028688014,-0.058585167,0.08084324,0.16305974,-0.01635854,false
202380.543703165,19999999,-0.15708558,0.03714207,-0.035336435,0.124215886,0.19056696,-0.0414597,false
202380.563703166,0,-0.16768777,0.03627011,-0.026374102,0.19084936,0.12758031,-0.074822515,false
202380.583703166,0,-0.15964149,0.04444316,-0.021688163,0.21898419,0.12543666,-0.061983768,false
202380.603703166,0,-0.141182,0.04222992,-0.021951139,0.25887665,0.15797009,-0.07983352,false
202380.623703166,0,-0.14254016,0.08777568,-0.025438905,0.090342045,0.23128663,-0.04867535,false
202380.643703165,19999999,-0.14245309,0.09346479,-0.015174568,-0.0053367987,0.25206122,-0.019980349,false
202380.663703166,0,-0.10582191,0.056884795,-0.025562286,-0.09085628,0.23729283,0.027883891,false
202380.683703165,19999999,-0.08290639,0.0548366,-0.04788655,-0.1992077,0.3462134,-0.0672569,false
202380.703703166,0,-0.08872332,0.07401417,-0.06684947,-0.27709243,0.36671802,-0.059864756,false
202380.723703165,19999999,-0.09593256,0.10685694,-0.09237969,-0.3737019,0.44706586,-0.089978896,false
202380.743703166,0,-0.10001683,0.11932276,-0.088145435,-0.42461908,0.49742204,0.011196092,false
202380.763703166,0,-0.10208778,0.12624012,-0.088442266,-0.41664854,0.61892235,0.102080196,false
202380.783703165,19999999,-0.1122334,0.1265307,-0.0879994,-0.3754816,0.71606,0.21947989,false
202380.803703166,0,-0.09959168,0.111004606,-0.095908105,-0.32172775,0.84597266,0.27267516,false
202380.823703166,0,-0.090340726,0.09618464,-0.09825194,-0.2762403,0.959463,0.28021187,false
202380.843703166,0,-0.07504199,0.07719426,-0.097153425,-0.22828442,1.0798635,0.27222085,false
202380.863703166,0,-0.10853172,0.017781004,-0.08010697,-0.08709496,1.2153673,0.19189069,false
202380.883703166,0,-0.111950904,-0.010416985,-0.06155342,0.077839255,1.1485229,0.37745255,false
202380.903655542,0,-0.10146017,-0.063599,-0.073957875,0.2504381,1.2438252,0.30652928,false
202380.923655542,0,-0.040980577,-0.08797544,-0.03240782,0.43111622,1.2973137,0.3887816,false
202380.943655542,0,9.581447e-05,-0.09267923,-0.024552763,0.51183945,1.3616542,0.4583368,false
202380.963655541,19999999,0.076851845,-0.1972659,-0.012939215,0.6646397,1.3915119,0.46888638,false
202380.983655542,0,0.13349572,-0.23872995,0.03034556,0.8665141,1.532395,0.46717614,false
202381.003655541,19999999,0.18548766,-0.30939448,0.049660802,1.1399455,1.6505426,0.33171552,false
202381.023655542,0,0.21652985,-0.2926671,0.07525921,1.3674097,1.7439983,0.11274846,false
202381.043655542,0,0.20713285,-0.20187825,0.13255006,1.4823251,1.8198013,-0.106264964,false
202381.063655542,0,0.1768241,-0.11179036,0.17840475,1.4667878,1.7957577,-0.12442711,false
202381.083655542,0,0.10582745,-0.018403858,0.23835415,1.4360462,1.706498,-0.11672835,false
202381.103655541,19999999,0.05113113,0.07530624,0.26271695,1.3278972,1.5108509,0.006928265,false
202381.123655542,0,0.01681304,0.12990916,0.2653209,1.1513005,1.2490613,0.19781162,false
202381.143655541,19999999,0.03745258,0.11747685,0.24235544,0.98721147,1.0505651,0.34123832,false
202381.163655542,0,0.050658584,0.09838766,0.21807685,0.8616859,0.9554293,0.36180007,false
202381.183655542,0,0.039195836,0.08750856,0.2047928,0.78260857,0.8378928,0.42001408,false
202381.203655541,19999999,0.033540964,0.07548472,0.19358584,0.75978374,0.70073545,0.46770966,false
202381.223655542,0,0.03827727,0.07263285,0.1639499,0.71744967,0.4985729,0.5638828,false
202381.243655542,0,0.057305634,0.04090649,0.14205042,0.5988946,0.40877372,0.4929415,false
202381.263655541,19999999,0.07651329,0.0090684295,0.12004137,0.48033956,0.31897455,0.42200017,false
202381.283655540,39999999,0.09590006,-0.02288431,0.097925186,0.36178452,0.22917537,0.35105884,false
202381.323655541,0,0.07251394,-0.039623857,0.10575348,0.1967236,0.0093519315,0.26604158,false
202381.343655541,0,0.037540853,-0.025106788,0.1120033,0.13320892,-0.09214119,0.29269314,false
202381.363655541,0,-0.0017821193,-0.022963226,0.09483361,0.09453772,-0.2678115,0.34399462,false
202381.383655540,19999999,-0.04511717,-0.03386414,0.0680812,0.08645194,-0.4895908,0.37675533,false
202381.403655541,0,-0.04475069,-0.031502485,0.061837077,0.088024326,-0.5610956,0.4090093,false
202381.423655540,19999999,-0.04427132,-0.029238105,0.055419862,0.08959671,-0.6326004,0.4412633,false
202381.443655540,39999999,-0.043682188,-0.027071953,0.048828542,0.091169104,-0.70410526,0.47351724,false
202381.463655540,59999999,-0.05482337,-0.025989234,0.048673153,0.14027321,-0.76822644,0.55343306,false
202381.483655541,0,-0.05462891,-0.025657773,0.026152313,0.09895712,-0.69264287,0.58192337,false
202381.503655541,0,-0.04766801,-0.026799321,0.021508157,0.11467469,-0.63562644,0.561841,false
202381.523655540,19999999,-0.04061237,-0.028066516,0.016710758,0.13039225,-0.57861,0.54175866,false
202381.543655540,39999999,-0.03346473,-0.029460788,0.011759818,0.14610982,-0.5215936,0.5216763,false
202381.563655540,59999999,-0.02622801,-0.030983508,0.006654501,0.16182739,-0.4645771,0.50159395,false
202381.583655540,79999999,-0.018905312,-0.032636046,0.0013945103,0.17754495,-0.40756062,0.48151162,false
202381.603655541,0,-0.00671345,-0.03510028,-0.0109497905,0.13116714,-0.35142577,0.4339965,false
202381.623655540,19999999,0.005527556,-0.037649035,-0.023377001,0.084789336,-0.2952909,0.38648137,false
202381.643655541,0,0.009806424,-0.041280687,-0.02796191,0.010337777,-0.24322882,0.33117932,false
202381.663655540,19999999,0.01411128,-0.04496348,-0.03258449,-0.064113796,-0.19116674,0.27587727,false
202381.834300083,0,-0.004752587,-0.012242571,-0.002217147,-0.3268897,-0.35114542,0.104431435,false
202382.196994667,0,-0.010969538,0.02187029,-0.009070995,0.037460532,0.0051207864,-0.11201578,false
202382.216994667,0,-0.0109963715,0.0188784,-0.0053263903,0.014796944,0.011175047,-0.10571911,false
202382.630442208,0,0.008828695,-0.008798982,0.02277893,-0.28255188,-0.23933284,0.14902629,false
202382.828652083,0,-0.05129593,-0.043309197,0.0019797364,-0.5490265,-0.2069373,-0.059979726,false
202383.026860958,0,-0.004197156,0.02764775,-0.031402193,0.107836396,0.08931842,-0.066241756,false
202383.244891833,0,0.0022292563,-2.2666325e-05,0.005239735,-0.11111084,0.31823093,-0.13226709,false
202383.443100708,0,0.014425812,-0.0041238447,0.029700262,-0.07099906,-0.0329285,-0.12537065,false
202383.581881083,0,0.029179158,0.021583853,-0.01268498,0.09500727,-0.112052985,0.2146336,false
202383.601702750,0,0.018881083,0.014822448,-0.008332891,0.05836315,-0.0692125,0.18308713,false
202383.621702750,0,0.00992766,0.010826498,-0.00068461895,0.004772868,-0.04842457,0.20487528,false
202383.641702750,0,0.0026296675,0.00093895197,-0.0018827319,-0.034594726,-0.048604727,0.21996821,false
202383.661702750,0,-0.02054426,-0.015218973,-0.0063421726,-0.055435505,-0.059324563,0.19572322,false
202383.681702749,19999999,-0.02877894,-0.022381961,-0.016318917,-0.061959777,-0.034565777,0.16424222,false
202383.701702750,0,-0.036478728,-0.013838887,-0.016989231,-0.060384776,-0.028475713,0.13401482,false
202383.721702750,0,-0.040050656,-0.01161775,-0.009608567,-0.04872816,-0.046410598,0.115466155,false
202383.761702750,0,-0.014415592,-0.009157747,0.0034582615,-0.11145794,-0.06788748,0.10399039,false
202383.781702749,19999999,-0.0048922,-0.024076432,0.005866766,-0.06442538,-0.0598623,0.07483016,false
202383.801702750,0,0.011080146,-0.012071937,0.012966514,0.11912723,-0.0538576,0.05973714,false
202383.821702749,19999999,-0.0045234263,-0.0059043765,0.007957816,0.10017033,-0.02933392,0.046951897,false
202383.841702750,0,-0.008527219,0.0016930699,-0.001924336,0.104666635,-0.034595676,0.058655307,false
202383.861702750,0,-0.009603292,0.007334113,-0.0073082447,0.07987958,-0.031928014,0.023227967,false
202383.881702750,0,-0.007344395,0.014899433,-0.0032837987,0.03768671,-0.004149964,0.047823675,false
202383.901702750,0,-0.013465494,-0.013668537,-0.002413869,0.03882592,-0.024752542,0.029517524,false
202383.921702749,19999999,0.0033013225,0.00082722306,-0.019684553,0.015635384,0.012237117,-0.0068864785,false
202383.941702750,0,-0.010299057,0.00076738,-0.018800855,-0.011752013,0.005565694,-0.012125913,false
202383.961702749,19999999,-0.0051144063,-0.005876541,-0.0014092326,0.025287993,0.01064223,-0.035595637,false
202383.981702750,0,-0.0065790713,-0.01961863,0.008003056,0.080561906,-0.011007541,-0.06992529,false
202384.001702750,0,-0.006524503,0.008865148,0.0017725229,0.07592199,-0.019750116,-0.084695786,false
202384.021702750,0,0.002285242,0.033705145,-0.0053266883,0.014962673,0.024989588,-0.07800083,false
202384.041702750,0,0.0015284419,0.02602157,0.0026541352,-0.042241644,0.009312598,-0.079721026,false
202384.061702749,19999999,0.00077447295,0.018334925,0.010632575,-0.099445954,-0.0063643903,-0.08144122,false
202384.081702749,39999999,0.008270919,0.006180048,0.013046205,-0.104567215,0.0029148236,-0.08621073,false
202384.101702750,0,0.009078711,-0.0020353496,0.01268214,-0.08872619,0.012491986,-0.09371551,false
202384.121702749,19999999,0.017385513,-0.0020626187,0.007602334,-0.070781685,0.061020307,-0.116597444,false
202384.141702750,0,0.013193697,-0.012358844,-0.0004788041,-0.10072909,0.07716891,-0.11049122,false
202384.161702750,0,0.0018693805,-0.0102959275,0.011928201,-0.10912803,0.060036317,-0.097129494,false
202384.181702750,0,-0.00284487,-0.024991244,0.007132411,-0.066526204,0.052414343,-0.08753415,false
202384.201702750,0,-0.009228528,-0.02638653,-0.0023149252,0.019091673,0.053696785,-0.094419524,false
202384.221702750,0,-0.014787406,-0.012012929,-0.0030007958,0.084522404,0.05212957,-0.116381735,false
202384.241702749,19999999,-0.019860655,0.006446749,-0.0022797585,0.10724542,0.022311393,-0.12648818,false
202384.261702750,0,-0.026614994,0.011382818,-0.0017323494,0.10738331,-0.061585594,-0.16565423,false
202384.281702750,0,-0.021443397,0.009889692,0.0065240264,0.1589204,-0.18757488,-0.18427923,false
202384.301702750,0,-0.008828908,0.01801312,0.0049901605,0.15471885,-0.14884442,-0.1303437,false
202384.321702749,19999999,0.0037792027,0.02614075,0.0034428835,0.1505173,-0.11011397,-0.07640819,false
202384.341702749,39999999,0.0054867864,0.0068799555,0.0042657256,0.13840917,-0.085794054,-0.02805166,false
202384.361702750,0,0.010980248,0.00859198,-0.0014871955,0.12351744,-0.049818333,0.0053796507,false
202384.381702749,19999999,0.01023218,0.0040422976,-0.0005547404,0.11994512,-0.030124156,0.022993084,false
202384.401702750,0,0.010706097,0.0033293962,0.0011598468,0.09850402,-0.0023357477,0.03697703,false
202384.421702750,0,0.010083944,0.00063320994,0.0018255115,0.07548177,0.021441631,0.055891663,false
202384.441702749,19999999,0.009268165,-0.003372401,0.0034404993,0.05865027,0.040482983,0.06842515,false
202384.461702750,0,0.004347354,-0.0051875412,0.007717371,0.039900064,0.04644204,0.081853524,false
202384.481702750,0,0.008702964,-0.0006593466,0.002162397,0.027908366,0.053073764,0.07811648,false
202384.501702750,0,0.006686479,0.0054668486,0.0032482147,0.0085426755,0.04861434,0.080936186,false
202384.521702749,19999999,0.0044638216,0.008245647,0.0016328096,-0.014368137,0.045741364,0.0787551,false
202384.541702750,0,0.004093468,0.0054204464,-0.0013725162,-0.021525536,0.04516806,0.07901565,false
202384.561702750,0,0.0038852692,0.0039457083,-0.0029088259,-0.036151078,0.06110359,0.055875905,false
202384.581702749,19999999,0.0013311505,0.007518679,-0.004500866,-0.043675758,0.061993826,0.05099552,false
202384.601702749,0,0.005515933,0.010405093,-0.012063861,-0.0688058,0.089600384,0.036291186,false
202384.621702748,19999999,-0.0003501773,0.015273571,0.008062661,0.0021292865,-0.022908442,-0.007931706,false
202384.641702749,0,-0.00024706125,0.014033198,0.0066111684,-0.0033035828,-0.009813951,-0.0027644802,false
202384.701702749,0,0.0021223128,0.006063819,0.0051793456,-0.040791444,0.030057963,0.026438285,false
202384.721702748,19999999,0.0015288591,-0.01138404,-0.0007545352,-0.01892926,0.030234525,0.022827495,false
202384.741702749,0,-0.006288469,-0.009295821,-7.2836876e-05,0.023667945,0.059601538,0.019938262,false
202384.761702748,19999999,-0.0069434047,-0.00382936,-0.005935788,-0.0021558516,0.028404754,0.08202705,false
202384.781702749,0,-0.00973627,0.0012871623,-0.00698334,0.0030314066,0.06813975,0.09521668,false
202384.801702749,0,0.0036640465,-0.009801835,-0.0073599815,0.025284609,0.07905869,0.09219338,false
202384.821702748,19999999,-0.00410977,-0.006823778,0.004306555,0.06482898,0.09074069,0.08521865,false
202384.841702749,0,0.00020432472,0.0059847534,-0.0041789412,0.04781496,0.08105907,0.06852509,false
202384.861702749,0,4.374981e-05,0.007401854,-0.0030109286,0.02385227,0.05696259,0.02938284,false
202384.881702749,0,0.0058072805,0.017632574,-0.0047022104,-0.0354833,0.059863456,-0.017539386,false
202384.901702749,0,0.00080525875,-0.003228873,0.00037580729,-0.09753897,0.029302582,-0.049705263,false
202384.921702748,19999999,-0.009891391,0.019482374,0.0039892197,-0.13110436,0.0026193205,-0.10040365,false
202384.941702749,0,-0.006550133,0.010356247,0.0045046806,-0.1316715,-0.024547942,-0.13416757,false
202384.961702748,19999999,-0.0031927824,0.0012226403,0.005010247,-0.13223863,-0.051715203,-0.1679315,false
202384.981702748,39999999,0.00018057227,-0.007918239,0.0055057406,-0.13280576,-0.07888247,-0.20169541,false
202385.001702749,0,-0.0001193583,-0.003156811,0.00050646067,-0.13336349,-0.029131196,-0.18551458,false
202385.021702748,19999999,-0.0054332614,-0.0006427169,0.00083482265,-0.115362845,-0.025893843,-0.12858799,false
202385.041702749,0,-0.004317522,-0.0035057068,0.0061314106,-0.07806702,0.0006181598,-0.09099413,false
202385.061702748,19999999,-0.007191509,-0.0010360181,0.00065493584,-0.03977879,-0.01051813,-0.06540106,false
202385.081702749,0,0.010764122,0.0069711506,-0.009235442,-0.032225095,0.020004325,-0.05243105,false
202385.101702749,0,0.007168621,0.00022494793,0.0005785823,-0.016234051,0.026348516,-0.033221595,false
202385.121702748,19999999,-0.0045681596,-0.0006237328,0.021972477,0.027678095,-0.023977071,-0.012292296,false
202385.141702749,0,0.0041324496,0.0075363517,0.008311987,0.032131456,-0.046393983,-0.008698944,false
202385.161702748,19999999,0.0083271265,0.0015271306,0.00522393,0.04135232,-0.050032943,0.0040598614,false
202385.181702749,0,0.012969792,0.0022877455,-0.008012831,0.02183078,-0.02335039,-0.038713314,false
202385.201702749,0,0.008341521,0.00888586,-0.007889092,-0.018069522,0.013853291,-0.06529783,false
202385.221702748,19999999,-0.002921164,0.0063524246,0.0011755228,-0.03564597,0.014807607,-0.073303476,false
202385.241702749,0,-0.009340227,-0.0009230077,0.0083985925,-0.013487505,-0.0028736098,-0.050312724,false
202385.261702749,0,-0.003525108,-0.0031223595,0.0005198121,0.0010590926,-0.0075787953,-0.06607582,false
202385.281702749,0,-0.0036844313,0.0072903633,0.0008199811,-0.007768062,0.0044765123,-0.068894535,false
202385.301702748,19999999,-0.003843218,0.0177024,0.0011202097,-0.016595216,0.016531821,-0.07171325,false
202385.321702748,39999999,0.00064110756,0.013513416,0.0021833777,-0.018433915,0.0047199354,-0.039806638,false
202385.341702749,0,0.011181325,-0.00062033534,-0.00060373545,0.013879577,-0.02390773,-0.017117381,false
202385.361702748,19999999,0.0071160197,0.025741339,-0.009817064,-0.027413549,-0.014533925,-0.07962154,false
202385.381702749,0,0.013341457,-0.00021514297,-0.021037877,-0.089829326,-0.023506792,-0.052321557,false
202385.401702749,0,-0.014167994,-0.008562565,0.004366517,-0.07090124,-0.04593957,-0.017484602,false
202385.421702748,19999999,0.00028419495,-0.010150999,-0.010832489,-0.0022108927,0.0031632185,-0.014853217,false
202385.441702749,0,-0.0011796951,-0.0066891313,-0.0045483112,0.042433567,-0.0039165523,-0.0025931466,false
202385.461702749,0,-0.0029536784,-0.0012867451,-0.0058541894,0.053883493,-0.0040433435,-0.004829134,false
202385.481702748,19999999,0.005712688,0.0002927482,-0.009528339,0.059419297,0.017213069,-0.017663326,false
202385.501702749,0,-0.0015499592,0.0008042455,0.0031878352,0.05693302,0.017506992,-0.01620028,false
202385.521702748,19999999,-0.0029932559,0.0035758913,0.0022446513,0.07872014,0.022885216,-0.017761461,false
202385.541702749,0,-0.00428918,0.010710061,0.0003837943,0.07465242,0.033536594,-0.012120901,false
202385.561702748,19999999,-0.009740114,-0.0015219152,0.0055841208,0.07867642,0.017753912,0.037262946,false
202385.581702749,0,-0.00326401,0.022722363,-0.0071470737,0.01666757,0.0147228595,0.0020841062,false
202385.601702748,19999999,0.00875625,0.023504406,-0.012349904,-0.06173769,0.06590993,-0.008960685,false
202385.621702749,0,-0.00045889616,0.00058451295,0.0032013059,-0.10916146,0.06437604,-0.0018333946,false
202385.641702748,19999999,-0.005207956,-0.010910541,0.014755249,-0.062168058,0.027103357,-0.005525802,false
202385.661702749,0,0.0048107505,-0.007961154,0.0074552298,-0.046131834,0.048144035,-0.00649003,false
202385.681702749,0,-0.00056925416,-0.002285421,0.0024175048,-0.032509055,0.04022371,-0.00679132,false
202385.701702748,19999999,0.0008815527,-0.0072749853,-0.0019800067,-0.028427824,0.06048725,-0.0073707,false
202385.721702749,0,0.0026394129,-0.0012708008,0.00033032894,-0.021573441,0.032068938,-0.023403917,false
202385.741702749,0,0.006434232,0.0047554076,0.0074032545,-0.014761249,0.021391083,-0.02153495,false
202385.761702748,19999999,0.0057819784,-0.0030540526,0.00264889,-0.0055680983,0.005322775,-0.0099060275,false
202385.781702749,0,0.0037540495,0.008584201,-0.0038642883,-0.010972744,-0.013146555,0.0014008936,false
202385.801702748,19999999,0.019800901,-0.0013837218,-0.011328161,-0.014100619,0.0029129721,-0.020010957,false
202385.821702749,0,0.009725392,-0.010346442,0.008679926,-0.009059932,0.030298805,-0.04588213,false
202385.841702749,0,0.0018807352,0.001481533,0.010681868,-0.002583641,0.025687696,-0.04504359,false
202385.861659625,0,-0.004326172,0.006520892,0.013699313,0.010400523,-0.012141776,-0.048159383,false
202385.881659624,19999999,-0.0036521256,0.015482336,0.0087688565,-0.020547971,-0.02017538,-0.048981946,false
202385.901659625,0,-0.0015248954,0.011598617,0.0073607564,-0.022184165,-0.034674525,-0.045335665,false
202385.921659625,0,-0.0062384903,0.010854721,0.00856626,0.010109311,-0.057356894,-0.03767258,false
202385.941659625,0,-0.003631413,0.014064491,-0.0002720356,0.00899606,-0.056201544,-0.0035136193,false
202385.961659625,0,0.0028384924,0.007553488,-0.0037705302,0.025724476,-0.03522503,0.008427005,false
202385.981659625,0,-0.00060519576,0.009577185,-0.0038679242,0.021188268,-0.023755277,0.028125245,false
202386.001659625,0,0.002056539,0.0053397715,-0.0015391707,0.01707497,-0.026602857,0.0450826,false
202386.021659624,19999999,0.0058089197,-0.004726559,-0.0050951242,0.010875141,0.0029919036,0.04308848,false
202386.041659625,0,0.003848523,-0.006030619,-0.009757996,-0.004474573,0.032807104,0.029943287,false
202386.061659624,19999999,0.005785495,-0.011069953,-0.0021446347,-0.008142904,0.035938933,0.012272986,false
202386.081659625,0,0.007982701,-0.009288758,0.0022110343,0.0018918477,0.029676843,-0.009461358,false
202386.101659625,0,0.0041533113,-0.0021892488,0.0061842203,-0.0028265477,0.010564361,-0.015230954,false
202386.121659625,0,-0.00019937754,6.80387e-05,0.011076748,-0.019447822,0.010235483,-0.027304698,false
202386.141659625,0,-0.002940923,0.001993388,0.01254499,-0.019240553,0.0063111754,-0.018262804,false
202386.161659624,19999999,-0.0056822896,0.0039185584,0.014012992,-0.019033281,0.0023868685,-0.009220907,false
202386.181659624,39999999,0.00015944242,0.008750111,0.00047540665,-0.02902724,0.037742887,0.0013993038,false
202386.201659625,0,-0.0010993183,0.007954657,-0.0050951242,-0.042079873,0.082172245,0.011201458,false
202386.221659624,19999999,-0.0037787855,0.011070341,-0.008531094,-0.0600059,0.10973307,0.019619673,false
202386.241659625,0,0.004696369,0.0084653795,-0.014542758,-0.08483414,0.15419558,0.029285915,false
202386.261659625,0,0.0030851364,0.0042811334,-0.007946014,-0.091349944,0.14954507,0.037957706,false
202386.281659625,0,-0.028954774,-0.024615854,-0.009589314,-0.064790346,0.069155395,0.020120285,false
202386.301659625,0,-0.010155112,0.0011398792,-0.016890764,0.00774388,0.039569862,0.009428466,false
202386.321659624,19999999,-0.007591784,0.0047958493,-0.008144736,0.038503647,0.026935812,-0.01906573,false
202386.341659625,0,-0.0021904707,0.009085149,-0.0068870187,0.037216842,0.018130798,-0.025977168,false
202386.361659625,0,-0.0037852228,0.009422034,-0.0033132434,0.015288249,0.03861998,-0.021677718,false
202386.381659625,0,-0.0033777058,0.004246205,-0.0013130307,0.035350308,-0.01925468,-0.03332421,false
202386.401659624,19999999,-0.0010801554,0.009594917,-0.008469164,-0.02486379,0.03333878,-0.04647971,false
202386.421659625,0,0.0006003976,-0.0008432567,-0.002006352,-0.025149308,0.029148921,-0.059690423,false
202386.441659625,0,-0.00090014935,-0.008782595,0.007042706,-0.03162711,0.021929195,-0.06687354,false
202386.461659625,0,0.0010392964,-0.013450563,0.010957241,-0.013201168,0.004215019,-0.08133192,false
202386.481659624,19999999,0.0036739707,-0.013479233,0.0022207499,-0.013515929,0.010441091,-0.09833671,false
202386.501659625,0,0.0017253757,-0.0043917894,0.0021197796,-0.015623434,0.0026677996,-0.11426846,false
202386.521659625,0,-0.004281968,0.0019873679,0.0052605867,-0.024098985,-0.017722774,-0.11712332,false
202386.541659625,0,-0.00063061714,0.0025880039,0.0026510358,-0.019124564,-0.03589195,-0.11486657,false
202386.561659624,19999999,0.0012233555,0.002284944,0.002073586,-0.001982309,-0.056206703,-0.096861884,false
202386.581659625,0,0.0022396147,0.0051194727,-0.0011919737,0.0071507962,-0.052209478,-0.07059333,false
202386.601659625,0,-0.0019260943,0.0029848516,0.0032390952,0.026873808,-0.050714634,-0.044051323,false
202386.621659624,19999999,0.0061362684,0.0024008155,-0.0036202073,0.024305668,-0.03961665,-0.010202702,false
202386.641659625,0,0.0029928982,0.0025136769,0.0019773245,0.018310865,-0.057370752,0.0112824105,false
202386.661659624,19999999,-0.00087043643,-0.0032232702,0.0045059323,0.032604955,-0.03797465,-0.0113715995,false
202386.681659625,0,0.00531134,-0.00090414286,0.0030240417,0.058541857,-0.054978475,-0.022774436,false
202386.701659625,0,0.0014376342,0.004336238,0.0025590658,0.055852644,-0.06004681,-0.009432934,false
202386.721659625,0,0.0012335479,0.0012938976,0.002581656,0.042316414,-0.049387366,0.009287916,false
202386.741659624,19999999,0.0010297596,-0.0017485619,0.0026034713,0.028780183,-0.03872792,0.028008766,false
202386.761659624,39999999,0.0008262396,-0.0047912,0.0026245117,0.01524395,-0.028068475,0.046729617,false
202386.781659624,59999999,0.00062301755,-0.007833898,0.0026447773,0.0017077178,-0.01740903,0.06545047,false
202386.801659625,0,0.0012549758,0.008273095,-0.0025180578,0.019326938,-0.03384169,0.053973325,false
202386.821659625,0,0.00088593364,0.0033057034,-0.0008857846,0.0065723965,-0.024029486,0.042663552,false
202386.841659624,19999999,0.0005169511,-0.0016620755,0.00074619055,-0.0061821463,-0.014217282,0.03135378,false
202386.861659624,0,0.0032798946,0.014274955,-0.0044922233,-0.028379321,-0.016000682,0.0176271,false
202386.881659623,19999999,0.0076322556,0.0033747554,-0.0072895885,-0.07506548,-0.010337098,0.030826878,false
202386.901659624,0,0.0022550523,-0.015227348,-0.00043731928,-0.02422139,-0.010044936,0.049607962,false
202386.921659624,0,-0.0024067163,-0.029912293,0.014294624,0.05602362,-0.005051963,0.05184653,false
202386.941659624,0,0.0031957626,-0.0020354092,0.0014357567,0.069079,-0.006003199,0.07068654,false
202386.961659624,0,-0.0014295876,0.011212945,-0.0018789172,0.029287834,0.02674201,0.062265843,false
202386.981659623,19999999,-0.010673434,0.012473613,0.007130623,-0.0019571688,-0.026846657,0.0850112,false
202387.001659624,0,0.0059076846,-0.00046494603,-0.004837334,-0.027851343,-0.020303436,0.059180528,false
202387.021659624,0,0.004837036,-0.00895375,0.0011802316,-0.026336482,-0.00872979,0.00933313,false
202387.041659623,19999999,0.0057556033,-0.008232206,-0.0015463233,-0.011377946,0.01489137,-0.020057851,false
202387.061659624,0,0.001303196,-0.0027026236,-0.0016357303,0.021101154,0.009593964,-0.00482775,false
202387.081659623,19999999,-0.0031493604,0.0028268099,-0.001725316,0.053580254,0.004296556,0.010402352,false
202387.101659624,0,0.0068685114,0.019326419,-0.014697373,0.01582916,0.033741295,-0.029323772,false
202387.121659623,19999999,-0.004049301,0.058421224,-0.013896763,-0.13013376,-0.005021151,-0.052227113,false
202387.141659624,0,0.0086603165,-0.0048445463,-0.008390486,-0.18813759,0.057261832,-0.060118888,false
202387.161659624,0,-0.0027438104,-0.023667157,0.011019766,-0.13770004,0.052436523,-0.0028296523,false
202387.181659624,0,-0.008418173,-0.012667596,0.0151898265,-0.011145651,0.014830511,0.032328382,false
202387.201659624,0,0.005195558,0.0051484406,-0.0057745576,0.028999005,0.06064414,0.052225485,false
202387.221659623,19999999,0.009165853,0.0041143,-0.006597042,0.050715245,0.038452484,0.07832847,false
202387.241659624,0,0.0035710335,0.0002142787,0.0021754503,0.03576292,0.029949598,0.06953262,false
202387.261659623,19999999,-0.0020218194,-0.003685981,0.010946691,0.0208106,0.021446712,0.060736775,false
202387.281659624,0,-0.00057548285,-0.004183322,0.0102623105,0.03455471,-0.006976772,0.026723541,false
202387.301659623,19999999,-0.0030091405,-0.0033761263,0.01061672,0.028374832,-0.0178487,0.016015075,false
202387.321659624,0,0.0049183965,-0.0033218265,-0.0039345026,0.00869089,0.0142171495,-0.01096639,false
202387.341659624,0,0.002052009,-0.0014226139,-0.0038512945,-0.008471383,0.023537992,-0.0021888725,false
202387.361659623,19999999,-0.00081443787,0.00047671795,-0.0037685633,-0.025633657,0.032858834,0.0065886453,false
202387.381659623,39999999,-0.0036809742,0.0023761392,-0.0036861897,-0.042795926,0.042179674,0.015366162,false
202387.401659624,0,0.0060401857,0.0015753806,-0.0072868466,-0.049172398,0.08264947,0.0026526125,false
202387.421659624,0,0.0104854405,0.021190375,-0.00937593,-0.10759018,0.110392466,0.04207739,false
202387.441659623,19999999,0.012283355,0.009487182,-0.0041237473,-0.123659,0.16009289,0.07268349,false
202387.461659624,0,-0.0004684925,0.006639391,-0.0059838295,-0.12659897,0.18385363,0.08912857,false
202387.481659624,0,-0.029076874,-0.010895461,0.0018921494,-0.063734196,0.12181321,0.07237367,false
202387.501659624,0,-0.027555257,-0.030030161,0.013299108,0.034423605,-0.028259277,0.045645904,false
202387.521659624,0,-0.010040611,-0.020475358,0.0045467615,0.07520054,-0.08478707,-0.0034494884,false
202387.541659623,19999999,-0.004132986,-0.008187532,0.0052607656,0.15803888,-0.13769057,-0.08260019,false
202387.561659624,0,0.0019055605,0.029967636,-0.0067903996,0.050614923,-0.13391559,-0.050947834,false
202387.581659624,0,0.0027410686,0.012703806,-0.0018725395,0.0017715059,-0.10661699,-0.030864745,false
202387.601659624,0,0.0069384575,-0.005594015,-0.009159267,-0.025830582,-0.06342597,-0.025870258,false
202387.621659624,0,0.016444921,-0.019136995,-0.006444335,-9.5194206e-05,0.01878748,-0.052331455,false
202387.641659623,19999999,0.014480501,0.0004937053,-0.005895436,-0.0052541373,0.060115714,-0.03827841,false
202387.661659624,0,0.017215878,0.017671376,-0.007101655,-0.085593246,0.09473817,0.024333045,false
202387.681659623,19999999,0.019951105,0.034849435,-0.008312583,-0.16593236,0.12936062,0.086944506,false
202387.701659623,39999999,-0.000469625,0.004421413,-0.0077123046,-0.17606325,0.20373234,0.037124533,false
202387.721659624,0,-0.0369744,-0.025164336,0.025154412,-0.056227542,-0.007942587,0.015118528,false
202387.741659624,0,0.00085040927,0.009609103,0.008225083,0.06493926,-0.08137718,-0.012249868,false
202387.761659624,0,-0.020185053,-0.043694645,0.03208804,0.094417915,-0.21345606,-0.04696338,false
202387.781659624,0,0.0026176274,-0.011516422,0.004267037,0.24026398,-0.23437192,-0.08328242,false
202387.801659624,0,0.017006874,0.08802748,-0.039096117,0.021751821,-0.1172517,0.012784839,false
202387.821659623,19999999,0.0053876042,0.0059002936,-0.0016057491,-0.09115896,-0.048267834,0.02443133,false
202387.841659624,0,0.02300784,-0.04531607,-0.005569637,-0.024494186,0.016877115,0.04160625,false
202387.861659623,19999999,-0.013338327,-0.010747641,0.02149564,0.094928294,-0.032006077,0.0075942203,false
202387.881659624,0,0.007259041,0.013641983,-0.01410985,0.06085187,0.037099034,-0.010952786,false
202387.901659623,19999999,0.0041225255,0.027142256,-0.004022658,0.00669029,0.017824551,-0.033238787,false
202387.921659624,0,0.009778768,0.00924322,-0.008808315,-0.11731148,0.036936447,0.011548072,false
202387.941659624,0,-0.02274838,-0.0061104596,0.022963166,-0.08096294,0.0014287457,0.011906889,false
202387.961659624,0,-0.009311199,-0.004664749,0.009821236,-0.046841335,0.004299881,-0.012048799,false
202387.981659624,0,-0.006669551,0.003732711,0.004099071,-0.004558742,-0.027767813,0.009504446,false
202388.001659623,19999999,0.0040408075,0.00011521578,-0.0030129552,-0.00022498239,-0.0167409,0.0052745547,false
202388.021659624,0,0.0018436909,0.010516942,-0.012364805,-0.03200906,0.005687831,-0.019550882,false
202388.041659623,19999999,-0.00056040287,0.0069429874,-0.0016382337,-0.07850108,0.020401888,-0.0003375709,false
202388.061659624,0,0.00092089176,-0.007073909,-0.002245605,-0.101090595,0.061560098,0.0115278,false
202388.081659624,0,0.0047759414,-0.015227824,0.002095759,-0.03849145,0.033468597,-0.025762904,false
202388.101659624,0,-0.00092703104,-0.0056721866,0.0015237927,-0.019750673,0.015613727,-0.039821245,false
202388.121659623,19999999,-0.010371298,-0.014607966,0.008140504,0.056813072,-0.07052567,-0.09879489,false
202388.141659624,0,-0.013340771,0.0007506609,0.012585878,0.0989259,-0.13611344,-0.077379145,false
202388.161547167,0,0.00054378837,0.011464571,0.00091028627,0.10882385,-0.10321715,-0.045289762,false
202388.181547167,0,0.01290971,0.0055165887,-0.009239435,0.079698905,-0.07735341,-0.039763194,false
202388.201547167,0,0.006165713,0.0053712428,-0.004367888,0.035292704,-0.02201474,-0.06356578,false
202388.221547167,0,-0.0010544062,0.006961912,-0.00085282326,-0.0009844005,-0.011328368,-0.061770268,false
202388.241547167,0,-0.00020563602,0.0034475327,0.00051885843,-0.0021878243,-0.010904803,-0.0551188,false
202388.261547166,19999999,0.0006441176,-6.7293644e-05,0.0018902421,-0.0033912482,-0.010481237,-0.04846733,false
202388.281547166,39999999,0.0023928583,0.0007762313,-0.0002478361,0.00046347827,0.010761145,-0.0426981,false
202388.301547167,0,0.0031792521,0.0076215565,-0.004155159,-0.0048626317,0.021239415,-0.04172851,false
202388.321547166,19999999,-0.00023657084,0.012959361,-0.005275309,-0.024126373,0.026556812,-0.025636973,false
202388.341547167,0,0.004338205,0.014985323,-0.011412919,-0.026323065,0.03206953,-0.008899204,false
202388.361547166,19999999,0.0016928315,0.028274864,-0.016448021,-0.06069392,0.068710044,0.03638265,false
202388.381547167,0,0.0023236275,0.040522873,-0.02807653,-0.107882336,0.11175528,0.10805851,false
202388.401547166,19999999,0.008362621,0.050212532,-0.03698474,-0.17229468,0.1869983,0.21072766,false
202388.421547167,0,0.0045062006,0.04383722,-0.029759169,-0.24171278,0.26647317,0.313591,false
202388.441547167,0,0.0068733394,0.0382818,-0.029705405,-0.30338478,0.34925652,0.41205126,false
202388.461547166,19999999,0.0016743839,0.031122476,-0.018016696,-0.3264164,0.38754264,0.4890476,false
202388.481547167,0,-0.0037245154,0.017666727,-0.005383432,-0.3329952,0.37949497,0.557679,false
202388.501547166,19999999,-0.009147286,0.004234314,0.0072173476,-0.339574,0.37144727,0.6263104,false
202388.521547166,0,-0.0022279918,0.0028671324,0.00049328804,-0.35993108,0.3837611,0.7176744,false
202388.541547166,0,-0.008701026,-0.004929304,0.013146102,-0.3671132,0.43257982,0.71091676,false
202388.561547165,19999999,-0.0032061934,-0.0056705475,0.008512735,-0.39017498,0.45574766,0.7316865,false
202388.581547166,0,-0.002897799,-0.009307921,0.009341776,-0.4040889,0.4569234,0.74332505,false
202388.601547166,0,-0.0017959476,-0.010861456,0.01102376,-0.41666567,0.45069048,0.73161024,false
202388.621547165,19999999,-0.0014113188,-0.008675307,0.011225164,-0.42583498,0.44504353,0.7142646,false
202388.641547166,0,-0.0011036098,-0.016326666,0.017647922,-0.41412288,0.40709868,0.6817304,false
202388.661547165,19999999,0.0025234818,-0.024145752,0.01887536,-0.3978534,0.37930384,0.63573056,false
202388.681547166,0,0.0028085113,-0.02631414,0.019149244,-0.3669076,0.3328424,0.5749752,false
202388.701547166,0,0.0005581677,-0.026054502,0.02162844,-0.3229674,0.27681112,0.50161916,false
202388.721547166,0,-0.005975008,-0.02283737,0.022891462,-0.28147396,0.21178754,0.4401306,false
202388.741547165,19999999,-0.008660793,-0.016466707,0.018380463,-0.24534231,0.14848319,0.3708087,false
202388.761547166,0,-0.0065608323,-0.004305303,0.008805037,-0.2763207,0.094076894,0.3055202,false
202388.781547166,0,0.002380252,-0.028866768,0.005835712,-0.26611644,0.08179417,0.26135674,false
202388.801547166,0,-0.0050065517,-0.049116105,0.022132814,-0.18646242,0.03372296,0.18054801,false
202388.821547166,0,-0.005848676,-0.045934826,0.020746827,-0.12230809,0.00021227822,0.110772915,false
202388.841547165,19999999,-0.0066917837,-0.042757064,0.019359767,-0.058153763,-0.033298407,0.040997803,false
202388.861547166,0,-0.016655326,-0.0360896,0.024086952,0.031618886,-0.083729446,-0.017693732,false
202388.881547165,19999999,0.0056198835,-0.0017988682,-0.008567452,0.032791886,-0.047362555,-0.10003312,false
202388.901547166,0,-0.0152671635,0.021233857,0.0032393336,-0.022612564,-0.101140715,-0.07170175,false
202388.921547165,19999999,-0.007725805,0.011654347,-0.0049960017,-0.066200264,-0.09294433,-0.090247504,false
202388.941547166,0,-0.006415218,-0.0021735728,-0.0029994845,-0.034281593,-0.0841379,-0.11825265,false
202388.961547165,19999999,-0.004803419,-0.0107041,0.0040570498,0.0061331317,-0.086343214,-0.124869354,false
202388.981547166,0,-0.008270949,0.0024083257,-0.0039958954,0.042039864,-0.11782177,-0.14764689,false
202389.001547165,19999999,-0.0047199726,0.017514825,-0.005179465,0.013222231,-0.13636751,-0.17228861,false
202389.021547166,0,0.00435555,-0.012844831,-0.0048051476,0.0073181475,-0.1668572,-0.20576921,false
202389.041547166,0,-0.010104001,-0.033933967,0.021667063,0.03915716,-0.23421487,-0.21673213,false
202389.061547165,19999999,0.0016570389,-0.023682714,0.004319668,0.06526387,-0.24548312,-0.27442884,false
202389.081547166,0,0.0016669333,-0.010114819,0.0044699907,0.09200281,-0.24354148,-0.27560237,false
202389.101547166,0,0.0113173425,0.009204626,-0.008802772,0.09645774,-0.21712215,-0.26231986,false
202389.121547165,19999999,0.0031742454,0.015226483,-0.0052957535,0.105256766,-0.19682848,-0.20895596,false
202389.141547166,0,-0.0015357435,0.015706152,-0.009077847,0.1493568,-0.16034287,-0.17733136,false
202389.161547166,0,-0.0032855272,0.023816824,-0.010411203,0.16668297,-0.14281963,-0.12549268,false
202389.181547165,19999999,0.0026535392,0.029242873,-0.009107709,0.18925674,-0.12695725,-0.08129676,false
202389.201547166,0,0.0038403273,0.04753825,-0.018661082,0.07034867,-0.09684411,-0.04904983,false
202389.221547166,0,0.006514758,0.040946066,-0.021049798,-0.022210121,-0.07032159,-0.021555448,false
202389.241547166,0,0.004807025,0.011374444,-0.007650912,-0.034890015,-0.042842984,-0.004281439,false
202389.261547165,19999999,0.0027463734,-0.013268143,0.0016376376,0.00545153,0.01882726,0.04283319,false
202389.281547166,0,0.0034571588,0.0059847236,0.0005648136,-0.0037198765,0.00020779297,0.0548309,false
202389.301547165,19999999,0.0041685104,0.025236994,-0.0005083084,-0.012891282,-0.018411672,0.066828616,false
202389.321547166,0,0.0074653625,0.019473732,-0.0058801174,-0.080505535,-0.057767026,0.081345044,false
202389.341547166,0,0.00042054057,-0.0081961155,0.010281801,-0.087660894,-0.0464185,0.019426897,false
202389.361547166,0,0.011283159,-0.03004229,0.00449723,-0.08096793,-0.012183059,0.014145903,false
202389.381547166,0,0.004274279,-0.03510979,0.009964347,-0.026272226,0.0012784898,-0.015858762,false
202389.401547166,0,0.0028771162,-0.0025537908,-0.0018526912,-0.0013506971,0.016103292,-0.03156774,false
202389.421547166,0,-0.007540852,-0.00049966574,0.0072830915,0.0066840434,-0.008409316,-0.018647965,false
202389.441547165,19999999,-0.0056999624,0.009072185,-0.006517589,0.001771044,0.01266361,0.00028446503,false
202389.461547166,0,-0.006318778,0.0033257902,-0.01053232,0.018035127,0.040210895,-1.337225e-05,false
202389.481547165,19999999,-0.0069366693,-0.0024206638,-0.0145484805,0.03429921,0.06775818,-0.00031120953,false
202389.501547166,0,-0.0076354444,-0.00088506937,-0.015004158,0.10684591,0.02463397,-0.005238037,false
202389.521547165,19999999,-0.015799433,-0.0024502575,-0.0028331876,0.16739455,0.005091468,-0.032169018,false
202389.541547166,0,-0.018297404,-0.0023401678,-0.0018407106,0.1961548,-0.034557447,-0.0055759978,false
202389.561547165,19999999,-0.01622653,0.02559635,-0.016113818,0.12746075,-0.03598438,0.01490576,false
202389.581547166,0,-0.012760013,0.015641958,-0.018808126,0.042200014,0.0394543,-0.046913035,false
202389.601547166,0,0.00029298663,-0.00865823,-0.02121216,0.010572467,0.12672016,-0.07472053,false
202389.621547165,19999999,-0.010628343,-0.011548102,-0.00581187,0.009765725,0.18420514,-0.06227204,false
202389.641547166,0,0.0019682944,0.0077655613,-0.017331004,-0.008050633,0.24949333,-0.01146891,false
202389.661547166,0,-0.0030221045,0.0048157275,-0.019163549,-0.01640805,0.31444234,-0.010368083,false
202389.681547166,0,-0.010005385,0.0026635528,-0.002665937,0.033678867,0.2496446,-0.028312793,false
202389.701547165,19999999,-0.015111625,-0.0033607483,0.014968932,0.058336884,0.14270094,-0.059153393,false
202389.721547166,0,-0.009306043,-0.013319999,0.044706166,0.21301645,-0.0028265119,-0.17051655,false
202389.741547166,0,-0.007395655,-0.016043335,0.038131475,0.24155325,-0.05681131,-0.20107323,false
202389.761547165,19999999,-0.00548923,-0.018772453,0.031553686,0.27009004,-0.11079611,-0.23162991,false
202389.781547165,39999999,-0.003586799,-0.021507561,0.024972677,0.29862684,-0.16478091,-0.2621866,false
202389.801547166,0,0.012593597,0.00943622,-0.0023406148,0.266244,-0.08608513,-0.2525191,false
202389.821547166,0,0.0033097565,0.03489685,0.0077961087,0.13687353,-0.058635253,-0.1370961,false
202389.841547165,19999999,0.004006654,0.005705416,0.012717485,0.019741736,-0.042487677,-0.12048294,false
202389.861547166,0,0.014583796,-0.0039963126,0.008882284,0.0013914108,-0.030870503,-0.11077598,false
202389.881547166,0,0.015777618,-0.0027739704,0.010562539,0.010896299,0.06361789,-0.09454268,false
202389.901547166,0,-0.002949208,0.022523105,0.023620188,0.020902932,0.030755661,-0.004145205,false
202389.921547166,0,0.0031854212,0.03072974,0.014507651,0.0027639903,0.035576895,0.11426014,false
202389.941547165,19999999,0.025352687,0.023528814,0.0021611452,0.0046859025,0.031035483,0.21446997,false
202389.961547166,0,0.025453717,0.013953298,0.012299478,0.010825016,0.03423444,0.23718715,false
202389.981547166,0,0.026397943,0.014933616,0.008930385,0.0031755483,0.038924757,0.25014377,false
202390.001547166,0,0.01869163,0.0031738877,0.015883029,-0.0025873138,0.02545062,0.2605915,false
202390.021547166,0,0.02513817,-0.019092709,0.01397723,0.028270245,0.0467708,0.24494442,false
202390.041547165,19999999,0.026819706,0.008457392,-0.001380682,-0.016910486,0.042426184,0.21144931,false
202390.061547166,0,0.030172557,0.008046925,-0.004313946,-0.07515797,0.085763246,0.19548902,false
202390.081547165,19999999,0.03352645,0.0076343417,-0.007246256,-0.13340545,0.12910032,0.17952871,false
202390.101547165,39999999,0.017204106,0.023869544,-0.00924921,-0.15648887,0.13770397,0.19418555,false
202390.121547166,0,0.006355226,-0.006517768,0.009038806,-0.14148262,0.10375206,0.14841044,false
202390.141547166,0,-0.0019257963,-0.012673199,0.009875834,-0.103058755,0.05525307,0.13181835,false
202390.161547165,19999999,-0.017717272,-0.0027205348,0.004089713,-0.056528278,0.0057103336,0.13462901,false
202390.181547166,0,-0.0062446,0.008900642,0.005556464,-0.060287524,-0.020381052,0.14949237,false
202390.201547165,19999999,-0.009886593,-0.016254872,0.015693665,-0.07619878,-0.092497185,0.1283799,false
202390.221547166,0,-0.0066708326,-0.016117156,0.012105644,-0.04276521,-0.1629793,0.09552084,false
202390.241547166,0,0.005346149,0.010505468,0.00075900555,-0.05405921,-0.12254536,0.103033185,false
202390.261547165,19999999,0.008313835,-0.010444641,-0.006511688,-0.1201981,-0.09855965,0.13250597,false
202390.281547166,0,0.0024411678,-0.012864739,0.0017836094,-0.088898316,-0.085063316,0.15865096,false
202390.301547165,19999999,-0.0034293532,-0.015295655,0.010074556,-0.05759853,-0.071566984,0.18479598,false
202390.321547166,0,-0.02232948,-0.011343449,0.0121946335,-0.026801921,-0.14183667,0.20110153,false
202390.341547165,19999999,-0.010897011,0.0026571453,0.00030499697,-0.09293452,-0.10268304,0.19876227,false
202390.361547166,0,-0.005020559,-0.00845328,-0.0071659684,-0.10624826,-0.06628718,0.1553475,false
202390.381547165,19999999,0.0008573532,-0.019574791,-0.014642,-0.119562,-0.02989133,0.11193273,false
202390.401547165,39999999,-0.016136944,-0.017791241,-0.004755378,-0.12854965,-0.00024032034,0.09674772,false
202390.421547165,0,-0.012913525,-0.015397012,-0.015670478,-0.09190197,0.0026044692,0.063500576,false
202390.441547165,0,-0.027820945,-0.021881044,-0.001277864,-0.0204636,-0.005088041,0.056093525,false
202390.461547164,19999999,-0.029166996,-0.009238124,0.00017172098,0.047713637,-0.08560734,0.0034347996,false
202390.481443833,0,-0.018785695,-0.019919882,-0.014480752,0.11447311,-0.064361066,-0.026776245,false
202390.501443833,0,-0.018826634,-0.015130103,-0.017191112,0.12791918,-0.09742317,-0.071742825,false
202390.521443832,19999999,-0.016906202,-0.025933504,-0.015458941,0.15400809,-0.1055331,-0.14825517,false
202390.541443833,0,-0.018054783,-0.031700313,-0.012411892,0.19728829,-0.1255241,-0.24619669,false
202390.561443833,0,-0.01858282,-0.026858807,-0.013907731,0.21528709,-0.133725,-0.36632937,false
202390.581443832,19999999,-0.019122511,-0.022024572,-0.015407801,0.23328587,-0.14192592,-0.4864621,false
202390.601443833,0,-0.025621504,-0.021335214,-0.011248589,0.23733395,-0.15629359,-0.5944505,false
202390.621443833,0,-0.029104024,-0.018251628,-0.008325756,0.2608227,-0.17266928,-0.6903154,false
202390.641443833,0,-0.028730929,-0.012239993,-0.008379519,0.30945075,-0.21656543,-0.7482322,false
202390.661443832,19999999,-0.028365046,-0.006261945,-0.008425415,0.3580788,-0.26046157,-0.80614895,false
202390.681443832,39999999,-0.028740346,-0.00894168,-0.006418705,0.42242423,-0.2791526,-0.8387657,false
202390.701443833,0,-0.033556312,-0.0025300086,-0.0050786138,0.4775465,-0.2916524,-0.8238608,false
202390.721443833,0,-0.032490224,0.014056593,-0.010526419,0.49448702,-0.28990346,-0.7993221,false
202390.741443833,0,-0.018170327,0.02465117,-0.02041924,0.47555512,-0.27547207,-0.7657494,false
202390.761443833,0,-0.0080265105,0.023818552,-0.020520449,0.4305879,-0.244246,-0.7193404,false
202390.781443832,19999999,-0.00020983815,0.025921196,-0.020597637,0.392599,-0.19431293,-0.6734592,false
202390.801443833,0,0.012327164,0.02904141,-0.025788724,0.3457745,-0.113515325,-0.6058873,false
202390.821443832,19999999,0.019577801,0.059982806,-0.028682768,0.26653203,-0.03958437,-0.55647343,false
202390.841443833,0,0.02157721,0.06553838,-0.022551,0.13377614,0.040688194,-0.4243928,false
202390.861443833,0,0.026119769,0.062483877,-0.018522263,0.021661006,0.11435645,-0.27801841,false
202390.881443833,0,0.027140617,0.05062431,-0.0074819326,-0.013506219,0.20007469,-0.114693284,false
202390.901443833,0,0.029206067,0.041496545,0.001039803,-0.014002636,0.24412134,0.000725843,false
202390.921443832,19999999,0.03510201,0.05068022,-0.0016228557,-0.0800501,0.26805922,0.10754438,false
202390.941443833,0,0.040721416,0.027432144,0.003041327,-0.15272877,0.2923179,0.14880481,false
202390.961443832,19999999,0.04633972,0.004199207,0.007674277,-0.22540745,0.3165766,0.19006525,false
202390.981443832,39999999,0.041127026,0.009604454,0.013271987,-0.2599125,0.2691268,0.1840683,false
202391.001443833,0,0.05189821,-0.0009934902,0.0069302917,-0.23873779,0.27650884,0.15482318,false
202391.021443833,0,0.030061215,-0.014969707,0.030678153,-0.1498999,0.19126526,0.16102879,false
202391.041443833,0,0.022581011,-0.00195086,0.029598773,-0.08808796,0.16253728,0.2114839,false
202391.061443832,19999999,0.015107602,0.011074483,0.028515697,-0.026276026,0.13380931,0.26193902,false
202391.081443832,39999999,0.019849032,0.031202734,0.016875565,-0.10289882,0.107302055,0.2910145,false
202391.101443833,0,0.030711085,0.01707387,0.0075240135,-0.19024868,0.14200272,0.2967807,false
202391.121443832,19999999,0.022895843,-0.0059339106,0.014693737,-0.20807704,0.21459694,0.29278433,false
202391.141443833,0,0.0065398514,-0.015104413,0.027525663,-0.18845335,0.2182546,0.30069408,false
202391.161443832,19999999,0.010221481,-0.0010774732,0.020482779,-0.17726368,0.2102285,0.31807038,false
202391.181443833,0,0.004342824,-0.015969276,0.024053216,-0.14442836,0.17008373,0.27535552,false
202391.201443832,19999999,0.00024282932,-0.0016967356,0.020930946,-0.14581186,0.10238302,0.2886789,false
202391.221443833,0,-0.0025053322,-0.004609704,0.027007818,-0.14861862,0.06329344,0.27769142,false
202391.241443833,0,-0.0129852,-0.008920282,0.03065139,-0.124994755,-0.023137264,0.2535363,false
202391.261443832,19999999,-0.023464024,-0.013244152,0.034295022,-0.101370886,-0.10956796,0.2293812,false
202391.281443833,0,-0.030324668,-0.028165609,0.029237032,-0.02122727,-0.21348706,0.17987062,false
202391.301443832,19999999,-0.031269968,-0.032032996,0.028254688,0.024527766,-0.32488567,0.14202763,false
202391.321443833,0,-0.01438421,-0.020162672,0.008909225,0.04312316,-0.3555752,0.089781396,false
202391.341443833,0,-0.012552202,-0.0054402947,0.003978193,0.011090353,-0.35799977,0.04050139,false
202391.361443833,0,-0.0108082,-0.014905006,-0.0034983754,-0.056418292,-0.33604273,0.004018899,false
202391.381443832,19999999,-0.010396689,-0.019807577,-0.0111297965,-0.088674374,-0.28660795,-0.029522043,false
202391.401443833,0,-0.031309992,-0.026011288,-0.00963968,-0.08205565,-0.24867564,-0.008924773,false
202391.421443833,0,-0.036851466,0.0069608986,-0.026717126,-0.064815775,-0.20356867,-0.050445005,false
202391.441443832,19999999,-0.036423475,-0.00036653876,-0.020717263,-0.040817373,-0.22554308,-0.09842719,false
202391.461443833,0,-0.029673487,0.0020969212,-0.015961468,-0.026454791,-0.25676692,-0.10803913,false
202391.481443833,0,-0.03323695,-0.0014626384,-0.026514232,0.004765803,-0.23788443,-0.13408391,false
202391.501443833,0,-0.029865861,-0.007127166,-0.02314663,0.045958742,-0.2334656,-0.15860362,false
202391.521443833,0,-0.03448209,-0.0062928796,-0.017560244,0.07917102,-0.24172448,-0.18398263,false
202391.541443833,0,-0.03195581,-0.001487881,-0.019565165,0.10391912,-0.26313248,-0.21370253,false
202391.561443832,19999999,-0.02942878,0.0033394992,-0.02159667,0.12866722,-0.28454047,-0.24342245,false
202391.581443832,39999999,-0.026901156,0.008189023,-0.0236547,0.15341532,-0.30594847,-0.27314237,false
202391.601443833,0,-0.02294606,0.004531473,-0.0287022,0.1519914,-0.2399638,-0.29878217,false
202391.621443832,19999999,-0.017889768,0.0030018091,-0.024289608,0.16356765,-0.18370476,-0.32872495,false
202391.641443833,0,-0.019428313,0.0064837337,-0.02442652,0.14836095,-0.14563225,-0.3362372,false
202391.661443833,0,-0.008699715,0.009275526,-0.029861152,0.11377358,-0.103519425,-0.32974434,false
202391.681443833,0,0.011421114,0.0076371133,-0.04313934,0.08881895,0.015076622,-0.34054306,false
202391.701443832,19999999,0.014918625,0.019482017,-0.042416334,0.052762147,0.14315265,-0.30443674,false
202391.721443833,0,0.016731173,0.031537294,-0.046776712,0.00079829246,0.2903505,-0.24982466,false
202391.741443833,0,0.0018708408,0.017046541,-0.02706945,0.0062772976,0.3480228,-0.22373529,false
202391.761443832,19999999,-0.0011020601,0.01839444,0.001806736,0.034669597,0.28700334,-0.1977935,false
202391.781443833,0,5.969405e-05,0.016623288,-0.0057529807,0.05384736,0.28575146,-0.18997681,false
202391.801443832,19999999,0.0015914142,0.012119234,-0.0013525486,0.04059528,0.2978214,-0.16183168,false
202391.821443833,0,0.006944686,0.0040058494,0.001070261,0.0575848,0.32412103,-0.14627689,false
202391.841443833,0,0.0042653084,-0.0076762736,0.014408886,0.07816781,0.29382315,-0.1455898,false
202391.861443832,19999999,0.0016056895,-0.01937589,0.027706563,0.09875082,0.2635253,-0.14490269,false
202391.881443832,39999999,-0.0010338724,-0.031093001,0.04096341,0.11933383,0.23322743,-0.1442156,false
202391.901443833,0,-0.002834946,-0.016777188,0.015028834,0.107765205,0.23144084,-0.16013062,false
202391.921443832,19999999,0.0111349225,-0.009674549,0.017375886,0.13406724,0.22844093,-0.15691902,false
202391.941443833,0,0.02384296,-0.013826638,0.016631603,0.14789408,0.22016363,-0.18216851,false
202391.961443833,0,0.015393198,-0.014716327,0.015097916,0.14924929,0.20274702,-0.22252217,false
202391.981443832,19999999,0.009236366,-0.0013153255,0.019082367,0.14376175,0.17102641,-0.23394574,false
202392.001443833,0,0.01867035,0.015280813,0.02169925,0.12575509,0.15731299,-0.19562715,false
202392.021443833,0,0.014034241,0.017596275,0.023479402,0.10058609,0.13663933,-0.16290143,false
202392.041443832,19999999,0.010678679,0.01618138,0.018965304,0.09381671,0.073516294,-0.1738194,false
202392.061443833,0,0.0069396794,0.020108104,0.010827303,0.059616715,0.058677297,-0.17841046,false
202392.081443833,0,0.018132567,0.030913115,0.022482693,0.030606199,0.034062717,-0.1463975,false
202392.101443833,0,0.026282877,0.014877975,0.013044238,-0.008214701,0.034354378,-0.11818027,false
202392.121443832,19999999,-0.0058869123,0.015188068,0.010287046,-0.03328666,0.0014249906,-0.08211407,false
202392.141443832,0,0.012197971,0.011871606,0.020813346,-0.023382736,1.8598861e-05,-0.0391168,false
202392.161443832,0,0.0056613088,0.007814616,0.016213179,-0.02685409,0.00043650047,-0.014002269,false
202392.181443832,0,0.007037431,0.00830549,0.011156321,-0.039462764,0.0067755077,-0.004052463,false
202392.201443832,0,0.0028909743,0.010467589,0.0109694,-0.07279704,-0.007134158,0.011903162,false
202392.221443832,0,-0.0038326979,0.008791447,0.011815906,-0.11356783,-0.027856274,0.032160483,false
202392.241443831,19999999,-0.0067530572,-0.02564627,0.018520713,-0.07866156,-0.100385375,0.04400398,false
202392.261443832,0,0.010289758,-0.0051386654,-0.00039690733,-0.057152435,-0.07928443,0.049083777,false
202392.281443831,19999999,0.004314393,0.009565055,-0.008797884,-0.10510167,-0.061522193,0.07224321,false
202392.301443832,0,0.001990497,-0.0017274618,0.009741843,-0.08788532,-0.07892181,0.074624866,false
202392.321443832,0,0.0072847903,-0.005997032,0.011926472,-0.06464535,-0.075883545,0.069019675,false
202392.341443831,19999999,0.012580872,-0.01027137,0.014107525,-0.041405387,-0.07284528,0.063414484,false
202392.361443832,0,0.0048058033,-0.0013582706,0.012072504,-0.043074045,-0.08394596,0.051624376,false
202392.381443832,0,-0.0021048188,0.0038040578,0.016022384,-0.03908593,-0.07975571,0.057199754,false
202392.401443832,0,-0.0023172796,0.014881343,0.010877788,-0.043817498,-0.10092673,0.05713336,false
202392.421443831,19999999,0.0063599646,0.014874548,0.003119707,-0.05740142,-0.07849965,0.06709583,false
202392.441443832,0,0.004240006,0.01598987,0.0026629567,-0.055031564,-0.07678972,0.09346458,false
202392.461443832,0,0.0076500177,0.013530403,-0.0032388568,-0.049660943,-0.063463874,0.13085288,false
202392.481443831,19999999,0.011062086,0.011064827,-0.009142876,-0.044290323,-0.050138026,0.16824117,false
202392.501443831,39999999,0.0148999095,0.014774799,-0.005821109,-0.01587757,-0.029469563,0.2207155,false
202392.521443832,0,0.0151878,0.015907675,-0.008618176,0.025041224,0.016111435,0.30903566,false
202392.541443831,19999999,0.010571301,0.02151671,-0.014940858,0.08435008,0.061462864,0.4722129,false
202392.561443832,0,0.033195943,0.038166642,-0.041998565,0.19264683,0.17153558,0.6944631,false
202392.581443831,19999999,0.033186346,0.1082941,-0.059803724,0.27742442,0.38681167,0.9479569,false
202392.601443832,0,0.030403703,0.18639117,-0.0731017,0.272462,0.6075726,1.3599099,false
202392.621443832,0,0.01640591,0.19385539,-0.07050073,0.13420211,0.81396484,1.7543325,false
202392.641443832,0,0.011497915,0.17663816,-0.07656783,-0.10499041,0.98409265,2.0122452,false
202392.661443831,19999999,0.014097005,0.079107136,-0.057855904,-0.30677426,1.0888482,2.047234,false
202392.681443832,0,-0.0125466585,0.016633153,-0.010844767,-0.4822991,1.1040063,1.9584587,false
202392.701443832,0,-0.035226136,-0.04568839,0.036087215,-0.51328236,0.9813052,1.7368982,false
202392.721443831,19999999,-0.041522354,-0.10001254,0.06279749,-0.5078918,0.78575456,1.4569407,false
202392.741443832,0,-0.03282267,-0.12824053,0.067070365,-0.4611246,0.56255674,1.1191492,false
202392.761443831,19999999,-0.019081712,-0.1348908,0.05442983,-0.43691254,0.3936916,0.7275752,false
202392.781443832,0,-0.02156043,-0.13409945,0.05374664,-0.38885036,0.27426744,0.4066834,false
202392.801443832,0,-0.01405406,-0.12638754,0.030741274,-0.29700494,0.22266963,0.1350812,false
202392.821281708,0,-0.004765387,-0.095228106,0.0005234551,-0.17591968,0.20868365,-0.027632479,false
202392.841281708,0,-0.02510807,-0.06568578,0.013106823,-0.094193764,0.12033235,-0.10427469,false
202392.861281707,19999999,-0.045440465,-0.036157697,0.025679052,-0.012467839,0.03198105,-0.1809169,false
202392.881281707,39999999,-0.038351625,-0.017976493,0.019061327,0.03417323,-0.07534059,-0.21123312,false
202392.901281708,0,-0.03078404,-0.008513093,0.021041691,0.05884913,-0.16307476,-0.22277154,false
202392.921281707,19999999,-0.02485764,-0.0038570464,0.02163738,0.08301383,-0.20572,-0.21656093,false
202392.941281708,0,-0.031237245,0.013135374,0.029507756,0.11163903,-0.2502236,-0.18812928,false
202392.961281707,19999999,-0.035392195,0.037597,0.02368021,0.09334279,-0.28757292,-0.12992725,false
202392.981281708,0,-0.027102232,0.042996824,0.00821352,0.06340131,-0.2971686,-0.06319648,false
202393.001281707,19999999,-0.020118028,0.03928694,-0.003583014,0.03678064,-0.28559446,-0.0044736937,false
202393.021281708,0,-0.011832088,0.03778568,-0.018410563,-0.035974994,-0.22263958,0.057871144,false
202393.041281708,0,-0.012357563,0.01744622,-0.020365238,-0.04864734,-0.16245258,0.09293957,false
202393.061281707,19999999,-0.012879163,-0.0029049516,-0.022329569,-0.061319686,-0.1022656,0.12800801,false
202393.081281707,39999999,-0.010494351,0.0036533177,-0.036314666,-0.07890119,-0.049015526,0.124448486,false
202393.101281708,0,-0.019475937,0.0031009018,-0.039774954,-0.091627665,-0.05435287,0.09594537,false
202393.121281708,0,-0.03020373,-0.004764557,-0.031125903,-0.08014804,-0.0774657,0.045012962,false
202393.141281708,0,-0.04165095,-0.010583848,-0.023092449,-0.06595881,-0.10526,0.0084827505,false
202393.161281708,0,-0.04220715,-0.011712819,-0.02098906,-0.04286281,-0.103944354,-0.01797588,false
202393.181281707,19999999,-0.042051762,-0.008020967,-0.017505288,-0.024532264,-0.076616056,-0.029566215,false
202393.201281708,0,-0.042814285,0.009853601,-0.01608038,-0.0432641,-0.054254115,-0.02349127,false
202393.221281707,19999999,-0.034703404,0.013984203,-0.015850842,-0.06940975,-0.009428367,-0.017476087,false
202393.241281708,0,-0.023236275,0.018476248,-0.015838087,-0.12081203,0.016054165,-0.008738078,false
202393.261281708,0,-0.0047760904,-0.002484113,-0.013418257,-0.1598922,0.05621828,0.0091507025,false
202393.281281707,19999999,-0.0053571463,-0.002875954,0.00960511,-0.13637583,0.062157955,0.011612179,false
202393.301281708,0,0.012730002,-0.010795623,0.016807497,-0.10639959,0.054235414,0.0076246583,false
202393.321281708,0,0.028330684,-0.01683852,0.022074401,-0.07849228,0.037648506,0.018190492,false
202393.341281708,0,0.047754496,-0.026445448,0.017400444,-0.06797812,0.061609622,0.013058666,false
202393.361281707,19999999,0.067177504,-0.036052823,0.012724757,-0.05746397,0.08557074,0.00792684,false
202393.381281707,39999999,0.0740934,-0.043868124,0.009043932,-0.08174375,0.11390178,0.014727507,false
202393.401281708,0,0.07903716,-0.049165487,0.020274341,-0.07074224,0.1573592,0.0017754873,false
202393.421281707,19999999,0.07225487,-0.0505701,0.029726088,-0.04735925,0.17483258,-0.016967308,false
202393.441281708,0,0.05998808,-0.03878638,0.042221487,-0.034338463,0.16445178,-0.049499415,false
202393.461281708,0,0.05037701,-0.011144489,0.035945475,-0.08937928,0.16588108,-0.07368056,false
202393.481281707,19999999,0.037279576,-0.0071220994,0.02861756,-0.1314659,0.14140128,-0.14354494,false
202393.501281708,0,0.017926186,-0.006357789,0.018952608,-0.16940844,0.10378551,-0.1859931,false
202393.521281707,19999999,-0.006960064,0.003019303,0.016030014,-0.13700709,0.08411385,-0.17619191,false
202393.541281708,0,-0.03100717,0.013633609,0.021911204,-0.04039675,0.04648929,-0.15955698,false
202393.561281707,19999999,-0.050513238,0.045954287,0.011839867,-0.019268462,0.009430572,-0.13114129,false
202393.581281708,0,-0.04864168,0.08769971,-0.030317843,-0.09463447,0.053685788,-0.031504087,false
202393.601281708,0,-0.054326057,0.046156734,-0.0052605867,-0.091516994,-0.025369842,-0.05914633,false
202393.621281707,19999999,-0.060005933,0.00460878,0.01978743,-0.08839952,-0.104425475,-0.08678858,false
202393.641281707,39999999,-0.05726078,0.018874377,-0.02510792,-0.118219025,-0.024410151,-0.09956475,false
202393.661281708,0,-0.05201724,0.0373331,-0.03079319,-0.1014148,-0.031902548,-0.056329805,false
202393.681281707,19999999,-0.030542433,0.03447193,-0.031247616,-0.11139357,-0.038253095,-0.04698605,false
202393.701281708,0,-0.009997666,0.0063176155,-0.019979477,-0.11841663,-0.05859553,-0.014422748,false
202393.721281707,19999999,0.015864283,0.0008189082,-0.011855245,-0.04581376,-0.058036596,-0.00903848,false
202393.741281708,0,0.027950168,-0.007497251,0.0041276217,-0.038924508,-0.043643523,0.004851777,false
202393.761281708,0,0.03692189,-0.022178233,0.019318283,0.028256953,-0.07075888,0.028661156,false
202393.781281707,19999999,0.047782183,-0.0113272965,0.028426707,0.08355878,-0.04131812,0.03845512,false
202393.801281708,0,0.044002593,-0.017658949,0.04177928,0.10855109,-0.06522218,0.06405431,false
202393.821281707,19999999,0.036946088,-0.013921797,0.056672156,0.14296137,-0.09914321,0.07143519,false
202393.841281708,0,0.03137037,-0.009683907,0.057890654,0.17398134,-0.18302219,0.03742669,false
202393.861281707,19999999,0.0201523,-0.006940663,0.03969997,0.17266229,-0.22871108,-0.03465296,false
202393.881281708,0,0.017030567,0.0074640214,0.018604875,0.13512832,-0.2118117,-0.08767323,false
202393.901281707,19999999,-0.006187707,0.014707416,0.0053715706,0.06359873,-0.22252783,-0.09259035,false
202393.921281708,0,-0.0198071,-0.009085894,-0.018522143,0.014221791,-0.23153694,-0.07391973,false
202393.941281708,0,-0.023020923,-0.013088822,-0.023054004,0.06446597,-0.17388104,-0.06281997,false
202393.961281707,19999999,-0.026235491,-0.017089874,-0.027589917,0.11471015,-0.11622514,-0.05172022,false
202393.981281707,39999999,-0.029450536,-0.021089256,-0.032129824,0.16495433,-0.05856924,-0.04062047,false
202394.001281708,0,-0.04084447,0.028911114,-0.036855876,0.06198042,-0.025608517,-0.12078132,false
202394.041281708,0,-0.018229187,-0.015211016,-0.021061778,-0.15106899,0.0663002,-0.15783185,false
202394.061281708,0,-0.019152671,-0.003354609,0.0036227703,-0.067329235,0.1220936,-0.13927725,false
202394.081281708,0,-0.002698809,0.019352227,0.0049476027,0.008149743,0.11255108,-0.09471272,false
202394.101281708,0,0.013667405,0.045416623,-0.0020804405,-0.0024565486,0.07061652,-0.014406577,false
202394.121281708,0,0.029340565,0.027701885,0.006430149,-0.02935338,0.093838006,-0.018227264,false
202394.141281708,0,0.026594937,0.021728694,0.013777435,-0.05363344,0.065546304,0.005344553,false
202394.161281708,0,0.031523675,0.0057112277,0.014640331,-0.046641394,0.06345532,0.02714667,false
202394.181281708,0,0.022122562,-0.009351045,0.015227139,-0.033774238,0.029360753,0.026083106,false
202394.201281708,0,0.010448962,0.0021575093,0.011741996,-0.04688111,0.008373827,0.033686366,false
202394.221281708,0,-0.0047081113,-0.00096306205,0.0062566996,-0.051208463,-0.025499232,0.028207257,false
202394.241281707,19999999,-0.01583448,-0.0011815727,0.006109476,-0.06250366,-0.080995366,0.02234745,false
202394.261281708,0,-0.021830857,-0.012992293,0.002212882,-0.04524698,-0.06284804,-0.027061637,false
202394.281281707,19999999,-0.027825594,-0.024803877,-0.0016858578,-0.027990308,-0.044700712,-0.07647072,false
202394.301281708,0,-0.032678604,-0.010510504,-0.0077041388,-0.013006971,-0.057991695,-0.087618895,false
202394.321281707,19999999,-0.045185655,0.006187737,-0.003986776,0.006219079,-0.08165299,-0.0749826,false
202394.341281708,0,-0.048564374,0.026802897,-0.0027726293,-0.005586204,-0.10066629,-0.03324156,false
202394.361281708,0,-0.042661726,0.028864622,-0.0033257008,-0.022491384,-0.118462235,0.042832192,false
202394.381281708,0,-0.01985687,0.02993673,-0.012793422,-0.026379779,-0.09598857,0.085242674,false
202394.401281708,0,0.006891787,0.007856637,-0.016121984,-0.015914885,-0.05244308,0.093734674,false
202394.421281707,19999999,0.036092967,-0.0068050623,-0.018860042,0.006524645,0.023536056,0.06063945,false
202394.441281707,0,0.04092151,-0.0068638623,0.0007607341,0.029209165,0.057400502,0.046988126,false
202394.461281707,0,0.03565517,-0.0058758557,0.021593034,0.026188754,0.043665037,0.06930563,false
202394.481281707,0,0.038048953,-0.0107883215,0.023490012,0.030256774,0.029888483,0.05415769,false
202394.501281706,19999999,0.050889432,-0.010328144,0.0072323084,-0.060294155,0.040268227,0.052296173,false
202394.521281707,0,0.055778414,-0.034846097,0.010612965,-0.07138896,0.044137478,0.020347621,false
202394.541281707,0,0.04397741,-0.032478243,0.020016372,-0.073135294,0.05512657,-0.019009307,false
202394.561281707,0,0.025888205,-0.019193232,0.0194844,-0.06659904,0.03932195,-0.02616554,false
202394.581281706,19999999,0.0078004897,-0.0059096217,0.018947959,-0.060062785,0.023517335,-0.03332177,false
202394.601281706,39999999,-0.0041713417,0.001914382,0.0038087368,-0.03045416,-0.0019687172,-0.057439033,false
202394.621281707,0,-0.021663368,-0.008011013,0.012662172,0.0416042,-0.01497238,-0.040305503,false
202394.641281707,0,-0.046794564,0.020527601,-0.012738705,0.01163844,0.01620226,-0.0933149,false
202394.661281706,19999999,-0.03872916,0.038330674,-0.027615905,0.018959902,0.004504972,-0.062440746,false
202394.681281707,0,-0.0550704,0.037248492,-0.025305152,-0.028090827,-0.044085786,-0.01573202,false
202394.701281707,0,-0.06859079,0.013349295,-0.01895219,-0.010302132,-0.040654164,-0.014644369,false
202394.721281707,0,-0.04735017,0.006970525,-0.032320917,0.061743677,-0.03501087,-0.0404559,false
202394.741281707,0,-0.041077167,0.012363523,-0.033210933,0.041175827,-0.0122838,-0.018840438,false
202394.761281707,0,-0.022214234,0.007243216,-0.030308247,0.034983948,0.007129833,-0.019065706,false
202394.781281707,0,-0.010638624,0.027846992,-0.018219769,0.0012256689,0.03595315,-0.006269836,false
202394.801281706,19999999,0.008263707,0.036379933,-0.011686921,-0.07599047,0.0478613,0.055265073,false
202394.821281707,0,0.01985827,0.011154264,0.007102847,-0.070262894,0.06293419,0.11061195,false
202394.841281707,0,0.029910743,0.008626223,0.01042974,-0.04817258,0.061503336,0.118091516,false
202394.861281706,19999999,0.039965242,0.006097257,0.013757348,-0.026082266,0.06007248,0.12557107,false
202394.881281706,39999999,0.050021738,0.0035672784,0.017085552,-0.003991952,0.058641624,0.13305064,false
202394.901281707,0,0.0375129,0.0013076067,0.02797985,-0.035567813,0.045131054,0.110558055,false
202394.921281706,19999999,0.034704745,0.005497098,0.029949605,-0.07343577,0.005364619,0.09217324,false
202394.941281707,0,0.0248954,-0.019330412,0.025494993,-0.11166911,0.015561053,0.086888604,false
202394.961281707,0,0.03671959,-0.05054167,0.039363384,-0.011072554,-0.039505348,0.0488506,false
202394.981281707,0,0.024426818,-0.001088947,0.028808951,-0.039407626,-0.07353182,0.058164448,false
202395.001281706,19999999,0.013056278,0.02183193,0.018282115,-0.15890336,-0.05738129,0.06725461,false
202395.021281707,0,0.0346168,-0.018089682,0.011247337,-0.15608367,0.017840434,-0.01400049,false
202395.041281707,0,0.021527916,0.010300666,0.017601669,-0.23071383,-0.008854743,0.046196412,false
202395.061281706,19999999,0.017627925,-0.002959311,0.0015724301,-0.22369982,0.026062027,0.06679638,false
202395.081281707,0,0.0025582314,-0.01889962,0.005310595,-0.16903546,-0.042045675,0.070228435,false
202395.101281706,19999999,0.010678798,-0.028797895,0.0011780262,-0.08921687,-0.043926854,0.04299882,false
202395.121281707,0,0.015678972,-0.00017395616,-0.0058157444,-0.06161319,-0.049442787,0.01619175,false
202395.141281707,0,0.003972709,-0.0005259812,0.0011848807,-0.098918125,-0.10992852,0.036075734,false
202395.161281706,19999999,0.013686925,0.021420062,-0.0017361641,-0.13855621,-0.06618212,0.025417741,false
202395.181281707,0,-0.008717865,0.006706983,0.0057303905,-0.11517831,-0.11038414,0.021370672,false
202395.201281706,19999999,-0.02290091,0.0003401637,0.010368884,-0.049402878,-0.16668606,0.023715282,false
202395.221281707,0,-0.027608156,0.00449872,0.007009983,-0.010412917,-0.19904464,0.048011176,false
202395.241281706,19999999,-0.02583626,0.016309232,-0.005890548,-0.018000823,-0.18834168,0.058857497,false
202395.261281707,0,-0.032352895,0.035759926,-0.01407522,-0.11457786,-0.16249199,0.061790213,false
202395.281281707,0,-0.03327033,0.014596075,-0.01622641,-0.1554023,-0.13777864,0.0716224,false
202395.301281706,19999999,-0.024489045,-0.0138504505,-0.021467447,-0.12643866,-0.110369906,0.05418902,false
202395.321281707,0,-0.025022566,-0.014319241,-0.020685315,-0.058678187,-0.06351688,0.01886588,false
202395.341281707,0,-0.027189076,-0.0024997592,-0.02704668,-0.015720528,-0.04966806,0.007490676,false
202395.361281707,0,-0.028417587,0.0024695992,-0.027160704,0.006801348,-0.042900614,0.010384967,false
202395.381281707,0,-0.024538994,0.011934131,-0.032503307,0.01927422,-0.009809125,-0.006365803,false
202395.401281706,19999999,-0.02066043,0.021398425,-0.037846565,0.03174709,0.023282368,-0.023116574,false
202395.421281707,0,-0.01944679,0.016796798,-0.04150355,0.038021524,0.048117563,-0.047799654,false
202395.441281706,19999999,-0.019615084,0.012920618,-0.032420695,0.06667246,0.051219773,-0.05055906,false
202395.461281707,0,-0.018896013,0.0108343065,-0.023528874,0.11358226,0.071187586,-0.061140165,false
202395.481281706,19999999,-0.021555454,0.01988411,-0.01846224,0.122147165,0.08175941,-0.05158426,false
202395.501281707,0,-0.017794847,0.021230906,-0.017856777,0.1438278,0.115440026,-0.054963388,false
202395.521281706,19999999,-0.0077551305,0.007605672,-0.024341404,0.12986097,0.13971795,-0.038568273,false
202395.541281707,0,-0.019730002,0.00965634,-0.01077354,0.14374079,0.17509449,-0.022272151,false
202395.561281706,19999999,-0.018377572,0.007921487,-0.00609982,0.1584498,0.21960005,-0.021889089,false
202395.581281707,0,-0.021248281,0.014314979,0.00014191866,0.14121585,0.22601967,0.003854774,false
202395.601281707,0,-0.012339592,0.023079693,-0.0046908855,0.07036207,0.2652731,0.02953847,false
202395.621281707,0,-0.0063259304,0.014169455,-0.009797871,0.012995694,0.3206028,0.03366301,false
202395.641281707,0,-0.010975003,-0.008553088,0.0010480285,-0.00873659,0.29267177,0.012874857,false
202395.661281706,19999999,-0.001190573,-0.025844455,0.015103281,0.036416218,0.24159801,-0.015087225,false
202395.681281707,0,-0.00046348572,-0.040485173,0.025037587,0.09203498,0.19328141,-0.073560596,false
202395.701281707,0,-0.0044458807,-0.036352873,0.026604354,0.120354846,0.13200042,-0.11794633,false
202395.721281707,0,0.0029488504,-0.01599586,0.020575285,0.13826752,0.09688331,-0.1519036,false
202395.741281707,0,0.0057890415,-0.0074658394,0.019919634,0.1038844,0.081672445,-0.13376875,false
202395.761281706,19999999,0.0086298585,0.0010549724,0.019258082,0.06950128,0.06646157,-0.11563392,false
202395.781281706,39999999,0.008600414,-0.0029153228,0.021998882,0.0678635,0.03960193,-0.089504905,false
202395.801281707,0,0.023111075,0.0024243891,0.0193398,0.07518038,0.04758418,-0.073300965,false
202395.821281707,0,0.025862634,0.010468096,0.017009914,0.051087156,0.043804,-0.049855344,false
202395.841281707,0,0.03394574,0.0063738227,0.018296301,0.026558306,0.05817759,-0.038978547,false
202395.861281707,0,0.027179152,0.007617146,0.022500932,-6.2985346e-05,0.048114233,-0.027108997,false
202395.881281707,0,0.031817645,0.0026268065,0.024398744,-0.0053322045,0.04032689,-0.004560856,false
202395.901281707,0,0.031500638,-0.0056248307,0.025978923,0.0069488473,0.010599734,0.014031978,false
202395.921281707,0,0.038703114,-0.0057343245,0.022968471,0.007900254,0.003400758,0.01063905,false
202395.941281707,0,0.036846966,-0.00014299154,0.022422433,-0.010508054,-0.011413466,0.0059868726,false
202395.961281706,19999999,0.034990877,0.0054483116,0.021876276,-0.028916363,-0.02622769,0.0013346942,false
202395.981281707,0,0.030333877,0.0085246265,0.023997724,-0.0656364,-0.052449256,0.013033814,false
202396.001281706,19999999,0.028531134,0.004379213,0.021676123,-0.07788571,-0.07062194,0.026924025,false
202396.021281707,0,0.023340762,-0.00066900253,0.021545708,-0.058771163,-0.096442305,0.04382875,false
202396.041281706,19999999,0.018464237,0.0050983727,0.019371152,-0.041184373,-0.12336551,0.07095421,false
202396.061281707,0,0.014278948,0.006639421,0.018118024,-0.03784213,-0.1401316,0.090155296,false
202396.081281706,19999999,0.010097265,0.008175075,0.01685828,-0.034499884,-0.15689768,0.10935638,false
202396.101281707,0,0.007083386,0.009698689,0.011277974,-0.0468677,-0.165093,0.13130313,false
202396.121281706,19999999,0.0064162314,0.011032134,0.011881411,-0.058397796,-0.16400611,0.14176214,false
202396.141281707,0,-0.0005891621,0.015168726,0.01221925,-0.09042456,-0.17380176,0.16410783,false
202396.161281706,19999999,-0.008580357,0.009661883,0.0069434047,-0.12264018,-0.19385402,0.19768927,false
202396.181281707,0,-0.012369543,0.0028153062,0.0046852827,-0.122058585,-0.17899533,0.18907359,false
202396.201281706,19999999,-0.008917898,-0.0012446046,0.00017303228,-0.113894135,-0.1772646,0.19551633,false
202396.221281707,0,-0.016534358,0.006885618,-0.0023593307,-0.12971023,-0.16850935,0.19634588,false
202396.241281707,0,-0.017182648,0.018124461,-0.014783859,-0.19954625,-0.16685988,0.22706671,false
202396.261281706,19999999,-0.0006148517,0.00974983,-0.025114477,-0.24596244,-0.1014809,0.21276061,false
202396.281281707,0,-0.005356699,0.0016924441,-0.030023932,-0.28853267,-0.033527017,0.2181242,false
202396.301281707,0,-0.021167576,-0.02585408,-0.017299116,-0.25145504,-0.015914213,0.19096129,false
202396.321281706,19999999,-0.038090885,-0.013277084,-0.0126068,-0.18680999,-0.07695217,0.1454581,false
202396.341281706,0,-0.026775837,-0.0020130575,-0.014434338,-0.13932689,-0.076587066,0.1257061,false
202396.361281706,0,-0.016219676,0.006788224,-0.020378768,-0.101986706,-0.041427445,0.093413316,false
202396.381281705,19999999,-0.0140046775,0.003654927,-0.022687554,-0.10316953,-0.03532589,0.067772634,false
202396.401281706,0,-0.018236548,-0.0041713715,-0.011914194,-0.090478726,-0.061541066,0.036160205,false
202396.421281706,0,-0.016053408,0.0071513057,-0.010545135,-0.059154235,-0.02401327,0.023165684,false
202396.441281706,0,-0.018463165,0.0011936128,-0.010597289,-0.034615207,-0.02414375,0.036414936,false
202396.461281705,19999999,-0.023160309,0.0041995943,-0.011948347,-0.013360377,-0.014553101,0.03048252,false
202396.481281706,0,-0.015355617,0.01221633,-0.014230967,-0.011322253,0.007183411,0.03192375,false
202396.501281706,0,-0.0071870387,0.0070732534,-0.012177646,-0.006335635,0.01228908,0.046876393,false
202396.521281706,0,-0.0068313777,-0.0019973218,-0.018435359,0.017542034,0.010508741,0.017339882,false
202396.541281706,0,-0.0035275817,-0.0010972023,-0.0015463829,0.042009614,-0.002032998,-0.004007835,false
202396.561281705,19999999,-0.005524844,-0.007136315,-0.0047996044,0.044284746,-0.01239862,-0.01260879,false
202396.581281706,0,-0.0008993447,-0.0032571554,-0.0031954646,0.049453784,-0.005322199,-0.021927834,false
202396.601281706,0,0.005912304,-0.0055822134,-0.0062906146,0.044961408,0.0039694286,-0.05523298,false
202396.621281706,0,-0.007466495,-0.005394876,0.003731072,0.04841028,0.005005065,-0.08610396,false
202396.641281706,0,-0.0010540485,0.0041875243,-0.0044497848,0.07798326,-0.018994708,-0.07757092,false
202396.661281705,19999999,0.0053553283,0.013771623,-0.012637854,0.10755624,-0.042994484,-0.06903788,false
202396.681281705,39999999,0.011761427,0.02335748,-0.020833075,0.13712922,-0.06699426,-0.06050484,false
202396.701281706,0,-0.0053696632,0.028810263,-0.0029679537,0.06569895,-0.0381571,-0.01987756,false
202396.721281706,0,0.0023207963,0.014137149,-0.008420467,0.019583218,-0.017139595,0.0065091457,false
202396.741281706,0,-0.0038276017,-0.0099954605,-0.0025757551,0.03501731,-0.0065138023,-0.013791552,false
202396.761281705,19999999,-0.00070780516,-0.0024279356,-0.011244059,0.04238006,0.038187012,-0.032027498,false
202396.781281706,0,-0.0062156916,-0.00133425,-0.0061897635,0.05803496,0.03642406,-0.03900145,false
202396.801281706,0,-0.008095264,0.00024786592,-0.008404911,0.062534794,0.059358194,-0.0470744,false
202396.821281706,0,-0.0074833035,0.011587501,-0.012563169,0.052594613,0.07734763,-0.06429644,false
202396.841281706,0,-0.008461773,0.01051116,-0.014032602,0.02180634,0.08404192,-0.048581786,false
202396.861281706,0,-0.012689948,-0.0010001063,-0.01771468,0.02457023,0.10643575,-0.050242353,false
202396.881281706,0,-0.011509329,-0.00011506677,-0.014463186,0.064484686,0.1003799,-0.03070113,false
202396.901281705,19999999,-0.0010386407,-0.005077511,-0.02033931,0.08613341,0.15053028,-0.06290518,false
202396.921281706,0,-0.004876077,-0.0017651618,-0.01253587,0.09462102,0.16752477,-0.070269436,false
202396.941281705,19999999,-0.0013479292,0.0015844703,-0.0110397935,0.08949172,0.19319235,-0.07727793,false
202396.961281706,0,-0.007276714,-0.0018704534,-0.00344944,0.09774343,0.18775824,-0.10149195,false
202396.981281705,19999999,-0.013198346,-0.0053361356,0.004124522,0.10599515,0.18232411,-0.12570597,false
202397.001281705,39999999,-0.009458661,0.0080905855,-0.0002568364,0.10154336,0.16885513,-0.10954113,false
202397.021281706,0,-0.011417806,0.004632354,0.0029439926,0.10339042,0.17654715,-0.11264279,false
202397.041281706,0,-0.009000927,0.00374493,0.002160728,0.11153629,0.16789667,-0.10677395,false
202397.061281705,19999999,-0.005903244,0.00024145842,0.00025331974,0.11864861,0.16826093,-0.11565286,false
202397.081281706,0,-0.010373235,-0.0036104023,0.0017388463,0.119580604,0.15104154,-0.11858881,false
202397.101281705,19999999,-0.0028537214,-0.0019372404,0.0055048466,0.11179639,0.137381,-0.12568836,false
202397.121281706,0,0.0045450926,-0.003804326,0.007122278,0.099806994,0.11515666,-0.12374694,false
202397.141281706,0,0.009799629,0.004011184,0.014282823,0.069406174,0.1090199,-0.12044111,false
202397.161281706,0,0.0089941025,-0.0002143681,0.02444756,0.08297638,0.052579977,-0.09615004,false
202397.181281706,0,0.020789772,0.0055731833,0.022289455,0.053806603,0.055776954,-0.05391729,false
202397.201281706,0,0.0227499,-0.00041136146,0.027429998,0.04786689,0.037536405,-0.02722528,false
202397.221281706,0,0.029043674,-0.00049450994,0.026399732,0.04192538,0.02419057,-0.0044364873,false
202397.241281705,19999999,0.028665006,0.0070745945,0.025122821,0.024112478,0.016681705,0.009510238,false
202397.261281706,0,0.027034342,0.005216688,0.024252832,0.011857531,0.0019509727,0.025263341,false
202397.281281705,19999999,0.025403917,0.003358692,0.023382664,-0.0003974177,-0.012779759,0.041016445,false
202397.301281705,39999999,0.026182443,0.00088974833,0.019049644,-0.011704871,-0.026694711,0.04396569,false
202397.321281706,0,0.021336913,0.0023363233,0.01657492,-0.032030962,-0.029414678,0.041292805,false
202397.341281706,0,0.017424673,0.0022607148,0.019793153,-0.044876907,-0.051724605,0.041766915,false
202397.361281706,0,0.026244998,-7.4237585e-05,0.01423794,-0.058749877,-0.0584062,0.03873342,false
202397.381281705,19999999,0.020225465,0.002649486,0.022776961,-0.07843863,-0.087126054,0.035742488,false
202397.401281706,0,0.01415363,0.0075099766,0.019377887,-0.0935667,-0.09776208,0.041941322,false
202397.421281706,0,0.009672135,0.013339043,0.019661188,-0.11115346,-0.12773593,0.07214982,false
202397.441281705,19999999,0.009129912,0.012964398,0.014869213,-0.1336641,-0.1498496,0.10085015,false
202397.461281706,0,0.0075644553,0.01061371,0.013249278,-0.15235889,-0.14726274,0.117895685,false
202397.481281706,0,0.005270034,0.012059838,0.005176127,-0.18019566,-0.14673245,0.14721154,false
202397.501281706,0,0.00356403,-0.000451684,0.0026710033,-0.19057095,-0.15357962,0.18121773,false
202397.521132708,0,0.0052406806,-0.0046560154,-0.0031598397,-0.1884357,-0.12225601,0.16882546,false
202397.541132707,19999999,-0.0016592443,0.000960052,-0.0041399,-0.1963213,-0.11007573,0.16489045,false
202397.561132708,0,-0.008698672,0.0005315244,-0.0021861792,-0.20249413,-0.11727076,0.16253968,false
202397.581132707,19999999,-0.009155452,-0.0014339685,-0.00066387653,-0.1874802,-0.14536507,0.15043129,false
202397.601132708,0,-0.0074076056,-0.0012004077,-0.0028856397,-0.18203993,-0.13177839,0.12849092,false
202397.621132708,0,-0.007818967,-0.0014103651,-0.0034387708,-0.1622665,-0.12706886,0.113976106,false
202397.641132708,0,-0.013107032,0.0024339557,-0.0039671063,-0.15369305,-0.12590522,0.11109046,false
202397.661132708,0,-0.012892693,0.004513532,-0.0106855035,-0.16762877,-0.10800417,0.11690019,false
202397.681132708,0,-0.015705138,0.00044223666,-0.016318023,-0.1729798,-0.07177255,0.10182997,false
202397.701132708,0,-0.022211969,-0.0013314486,-0.013992608,-0.15044507,-0.0535309,0.07646692,false
202397.721132707,19999999,-0.021527916,-0.0057395697,-0.016517043,-0.11964445,-0.05297931,0.072172314,false
202397.741132708,0,-0.018610895,-0.010626197,-0.019030035,-0.07781523,-0.038733732,0.054426253,false
202397.761132708,0,-0.018104643,-0.009184986,-0.023879707,-0.04800491,-0.02062338,0.03584531,false
202397.781132708,0,-0.02042818,-0.0061016083,-0.025943935,-0.021220954,-0.0023389682,0.01067419,false
202397.801132708,0,-0.020282447,-0.0031194687,-0.027922094,0.00060804747,0.017189208,-0.0077698138,false
202397.821132707,19999999,-0.020673156,-0.0023528636,-0.027386606,0.0260788,0.03844118,-0.02967465,false
202397.841132708,0,-0.020393401,0.0015824437,-0.026608825,0.05330213,0.059370082,-0.04928428,false
202397.861132707,19999999,-0.020113409,0.005515814,-0.025832951,0.080525465,0.08029898,-0.06889391,false
202397.881132707,39999999,-0.020479828,0.004331976,-0.028443754,0.101551056,0.10297157,-0.0955359,false
202397.901132708,0,-0.017514259,0.0011553764,-0.02979052,0.1367875,0.13029486,-0.1245307,false
202397.921132708,0,-0.015656859,-0.004461229,-0.024742305,0.17526323,0.16008204,-0.16818506,false
202397.941132708,0,-0.020127982,-0.0072380304,-0.02209884,0.22699393,0.1750362,-0.22443244,false
202397.961132708,0,-0.019642532,-0.007309288,-0.016318142,0.25488892,0.17786676,-0.27756113,false
202397.981132708,0,-0.020413488,-0.0025532544,-0.012171507,0.26866943,0.16254614,-0.33460563,false
202398.001132708,0,-0.018521607,0.0032947361,-0.0058653355,0.28884384,0.15351364,-0.3851352,false
202398.021132707,19999999,-0.012233853,0.003242284,0.001039207,0.27654555,0.12713277,-0.3955102,false
202398.041132708,0,-0.0062830746,0.0042050183,0.008070409,0.2566299,0.09897186,-0.38884193,false
202398.061132708,0,-0.008187681,0.009424865,0.015767515,0.22784913,0.047931567,-0.39262798,false
202398.081132708,0,-0.004457891,0.0022753477,0.026261687,0.2599207,-0.07131419,-0.3785981,false
202398.101132708,0,0.014345914,-0.012800574,0.025621533,0.33555502,-0.13925838,-0.38867345,false
202398.121132707,19999999,0.029774666,0.021868557,0.009931326,0.28375193,-0.07251212,-0.33745486,false
202398.141132708,0,0.026762903,0.013918787,0.018303216,0.22626983,-0.044326738,-0.30135176,false
202398.161132707,19999999,0.023752451,0.005954236,0.02667594,0.16878772,-0.016141359,-0.26524866,false
202398.181132707,39999999,0.02074325,-0.0020249188,0.035049617,0.1113056,0.012044024,-0.22914553,false
202398.221132708,0,0.025143832,0.015104502,0.0278126,0.06748387,0.0458845,-0.09736963,false
202398.241132708,0,0.025291055,0.021389306,0.029048324,0.0357305,0.034028646,-0.021720394,false
202398.261132708,0,0.034490377,0.019614577,0.025755048,0.016382866,0.033868026,0.033865184,false
202398.281132708,0,0.032747358,0.009817809,0.02779907,-0.009749159,0.0171499,0.1164663,false
202398.301132708,0,0.018932402,0.014194667,0.02240485,0.0051043695,0.030878086,0.13664341,false
202398.321132708,0,-0.01188463,0.010284185,0.024264395,0.013058157,-0.06208284,0.14739893,false
202398.341132707,19999999,-0.0026352406,0.011308581,0.023070276,0.0022007767,-0.18642296,0.1742991,false
202398.361132708,0,-0.0021733046,-0.00058946013,0.032138288,0.06060505,-0.33012086,0.14023753,false
202398.381132707,19999999,0.023375183,-0.019943446,0.019684792,0.09419842,-0.34506196,0.07666931,false
202398.401132708,0,0.019742787,0.03779939,-0.0047377944,-0.07921514,-0.2644546,0.11328776,false
202398.421132707,19999999,0.027880102,-0.0019610226,-0.005224943,-0.102895595,-0.22335488,0.09262431,false
202398.441132708,0,0.0090661645,-0.007999778,0.007358849,-0.13759509,-0.20914865,0.10271244,false
202398.461132708,0,0.0050667524,-0.0019114316,0.0037611127,-0.15933643,-0.1787933,0.13408437,false
202398.481132707,19999999,0.0010719001,0.0041595995,0.00014585257,-0.18107778,-0.14843795,0.16545632,false
202398.501132708,0,-0.0049075186,-0.0027116835,0.0034481883,-0.17051129,-0.14799921,0.17073885,false
202398.521132707,19999999,0.0045516193,-0.0072479546,-0.013073862,-0.14557059,-0.08149805,0.15565422,false
202398.541132708,0,-0.021438777,-0.009373248,-0.00027030706,-0.13068505,-0.14132176,0.13192509,false
202398.561132708,0,-0.0157924,-0.012777597,-0.018009484,-0.13816842,-0.15015045,0.105421536,false
202398.581132708,0,-0.02395609,-0.015805155,-0.011766851,-0.11552911,-0.16362423,0.08584447,false
202398.601132707,19999999,-0.046189547,-0.024665207,-0.0030220747,-0.06452982,-0.27465856,-0.00673268,false
202398.621132708,0,-0.022510946,-0.031092077,-0.0146689415,0.014651671,-0.32447588,-0.027359791,false
202398.641132707,19999999,-0.004054755,0.018462777,-0.045992732,-0.005809488,-0.2048411,-0.05791449,false
202398.661132708,0,-0.016164005,0.022279263,-0.0310992,-0.09905594,-0.1525013,-0.0024676733,false
202398.681132707,19999999,-0.015569657,0.0006586015,-0.025114954,-0.092541404,-0.06203495,-0.024318637,false
202398.701132708,0,-0.021372944,-0.00020930171,-0.016379416,-0.04470203,-0.03718424,-0.014988461,false
202398.721132708,0,-0.0110313,0.0052441955,-0.02885884,-0.018615425,0.0059099942,-0.003577534,false
202398.741132708,0,-0.013613969,0.0006330013,-0.031176865,0.011254543,0.06330405,-0.03191611,false
202398.761132707,19999999,-0.009472817,-0.004519105,-0.022396088,0.056363054,0.106803946,-0.04166778,false
202398.781132707,39999999,-0.005580902,0.017944217,-0.025191069,0.016901828,0.16365945,-0.03889714,false
202398.801132708,0,-0.022190869,0.009384364,-0.011144042,0.024153844,0.15299203,-0.06637286,false
202398.821132708,0,-0.018997729,0.0094768405,-0.00804013,0.048452806,0.11910359,-0.09430422,false
202398.841132708,0,-0.019980133,0.006107539,-0.015027881,0.08073342,0.11363641,-0.12766244,false
202398.861132707,19999999,-0.036672145,0.0039161146,-0.02206558,0.102927424,0.060893215,-0.19031307,false
202398.881132708,0,-0.037531495,0.005468279,-0.018215358,0.15908954,-0.04131849,-0.23669839,false
202398.901132707,19999999,-0.010673016,-0.019668937,-0.017600834,0.22057272,-0.015146263,-0.22942768,false
202398.921132708,0,0.0069084764,0.029082745,-0.021720827,0.18307753,0.08796555,-0.22258186,false
202398.941132708,0,-0.0050484836,0.02934882,-0.007222593,0.05713272,0.08883366,-0.12016155,false
202398.961132708,0,0.0024464428,-0.005813837,0.0013136864,0.04872547,0.12532286,-0.09999632,false
202398.981132707,19999999,0.0052687824,-0.017442644,0.013569891,0.10052118,0.13754138,-0.0871979,false
202399.001132708,0,0.006407082,-0.007410556,0.013758898,0.10727458,0.14120457,-0.066403955,false
202399.021132708,0,0.004225701,-0.0011971295,0.01273644,0.08261048,0.14353032,-0.0742221,false
202399.041132707,19999999,0.016226321,-0.0037554204,0.01668191,0.069776386,0.120320976,-0.06776848,false
202399.061132708,0,0.013853967,-0.0074333847,0.019498706,0.057464942,0.09846625,-0.0680831,false
202399.081132707,19999999,0.011483043,-0.011114866,0.022311568,0.045153495,0.07661153,-0.06839772,false
202399.101132707,39999999,0.021140337,-0.0110504925,0.020309806,0.06527611,0.04356754,-0.05507662,false
202399.121132708,0,0.01759094,0.0020058453,0.028902352,0.05086301,-0.0024509951,-0.012438018,false
202399.141132708,0,0.013893187,0.0027609766,0.024225116,0.055184387,-0.017233223,-0.0082934,false
202399.161132707,19999999,0.018264413,0.018589944,0.018294156,0.014766544,-0.009140341,-0.0056300284,false
202399.181132707,0,0.01965481,0.024940848,0.015221536,-0.030388542,-0.068759784,0.008832591,false
202399.201132707,0,0.021597117,-0.002596438,0.015131652,-0.034655858,-0.03986779,0.03165061,false
202399.221132707,0,0.005163491,-0.0042015016,0.026597679,-0.012534399,-0.10194445,0.1041279,false
202399.241132706,19999999,0.014282137,0.017766923,0.0033226013,-0.046179872,-0.04483552,0.08595691,false
202399.261132707,0,0.011280239,0.0031316876,0.0042149425,-0.06315219,-0.04813745,0.110364564,false
202399.281132707,0,0.007027656,0.003681779,0.008150935,-0.05680858,-0.057931576,0.1184431,false
202399.301132707,0,0.0069847703,0.01647085,-0.00061380863,-0.069819085,-0.058670238,0.1370086,false
202399.321132707,0,0.0010088086,0.0049511194,0.00031536818,-0.077385694,-0.055978622,0.16585341,false
202399.341132707,0,0.004124999,-0.014725983,0.0014423132,-0.055687077,-0.026216881,0.16305795,false
202399.361132707,0,0.002416283,-0.0064480007,0.0029551983,-0.043173287,-0.030616134,0.14315473,false
202399.381132706,19999999,0.0007086396,0.001824379,0.004467368,-0.030659497,-0.035015386,0.12325149,false
202399.401132706,39999999,-0.0065363348,0.013478607,-0.00094759464,-0.044137128,-0.068310715,0.12726767,false
202399.421132707,0,-0.0042636395,0.011793315,-0.0034843087,-0.05783511,-0.08591563,0.13030718,false
202399.441132707,0,-0.00232929,0.004204929,-0.0015005469,-0.04619792,-0.06738974,0.13303374,false
202399.461132707,0,-0.009012252,0.0010121763,0.0044063926,-0.029332526,-0.045958042,0.13364328,false
202399.481132707,0,-0.009865999,0.0048978925,-0.0027509928,-0.02845219,-0.057335425,0.14625253,false
202399.501132707,0,-0.0099030435,0.0066684484,0.0034726262,-0.02632238,-0.04447739,0.1645891,false
202399.521132706,19999999,-0.0030342042,0.020524412,-0.009367883,-0.04472376,-0.055591166,0.16603982,false
202399.541132707,0,0.00016230345,0.012551844,-0.011394858,-0.051614575,-0.033712737,0.16313392,false
202399.561132706,19999999,-0.00053837895,-0.0003169477,-0.006872833,-0.03925681,-0.014827995,0.17143787,false
202399.581132707,0,-0.005032569,-0.0061692894,5.0008297e-05,-0.017141405,-0.015698459,0.18695067,false
202399.601132707,0,0.004823774,-0.011552185,-0.008692443,-0.02346272,0.013311816,0.1757817,false
202399.621132707,0,-0.0017385185,0.00030505657,-0.0018579364,-0.0243788,0.00977474,0.16352177,false
202399.641132707,0,0.0018098056,0.0033661425,-0.0051356554,-0.03708511,0.0003876146,0.14044,false
202399.661132706,19999999,-6.470084e-05,-0.0009981096,-0.0016670227,-0.04559969,0.002057241,0.119135655,false
202399.681132707,0,-0.0009993017,-0.014596671,0.0056388974,-0.013754956,-0.007289503,0.10083494,false
202399.701132706,19999999,-0.0075370073,-0.003918141,0.009828508,-0.010352953,-0.005592504,0.0864627,false
202399.721132707,0,-0.0024410188,-0.007790655,0.003276229,-0.0038743988,-0.018546326,0.092396624,false
202399.741132707,0,-0.0013367236,0.0020840764,0.0005197525,-0.001764267,0.032662593,0.07979043,false
202399.761132707,0,-0.0019940436,0.0056141913,-0.0012202859,0.013182644,-0.017038003,0.065292,false
202399.781132707,0,-0.00030356646,0.015039921,-0.010943472,-0.02216791,0.0012309346,0.079717055,false
202399.801132707,0,-0.002291292,0.00541988,-0.00089764595,-0.030313894,0.0055938372,0.080344014,false
202399.821132706,19999999,-0.0015388131,-0.00010687113,-0.0036667585,-0.05105593,0.011147824,0.06733397,false
202399.841132707,0,-0.001934886,-0.0058330894,-0.0062701106,-0.13885394,0.053322032,0.10552916,false
202399.861132707,0,0.012814999,-0.022439271,-0.0032077432,-0.07164137,0.12256718,0.072520316,false
202399.881015667,0,0.0010390658,-0.012729277,0.0056911376,-0.0674548,0.15201974,0.045009088,false
202399.901015667,0,-0.0042700768,-0.0028817356,0.0036817193,-0.06442536,0.13922974,0.07009703,false
202399.921015667,0,-0.0067016184,0.0019528866,0.0012988448,-0.051349662,0.09286426,0.09131892,false
202399.941015667,0,-0.008114606,-0.0022497177,0.0039715767,-0.019850805,0.06226694,0.1081941,false
202399.961015667,0,-0.0007596612,-0.002543956,0.0021507144,0.024756614,0.059757814,0.13321833,false
202399.981015666,19999999,-0.003846705,0.0047819912,-0.0044504404,0.054737806,0.092430085,0.14577724,false
202400.001015667,0,-0.007965356,0.017858654,-0.0053092837,0.07173367,0.094843544,0.18106525,false
202400.021015667,0,-0.0063385963,0.014357507,-0.011554301,0.06819214,0.11049654,0.20729294,false
202400.041015667,0,-0.00542295,0.014128327,-0.012452483,0.08392981,0.121382445,0.18761867,false
202400.061015667,0,-0.008672088,0.0042254925,-0.010407209,0.12009938,0.124690056,0.18553416,false
202400.081015666,19999999,-0.013867348,0.011762172,-0.015363216,0.161291,0.093939885,0.15459676,false
202400.101015667,0,-0.022275478,0.0019947588,-0.009131432,0.21652967,0.016772047,0.14397213,false
202400.121015667,0,-0.012443483,0.0016076863,-0.014243484,0.27973396,0.000111283734,0.13619266,false
202400.141015667,0,-0.009016126,-0.0012669861,-0.01150769,0.31145173,0.033360124,0.16344775,false
202400.161015667,0,-0.004236877,0.0017690063,-0.0136838555,0.3210814,0.06787318,0.17900264,false
202400.181015667,0,-0.0054438114,-0.0050390065,-0.0073218346,0.2924766,0.1099648,0.14915366,false
202400.201015667,0,-0.0027035773,-0.0034312606,-0.004468322,0.27167502,0.10231634,0.09928957,false
202400.221015666,0,0.0018782914,-0.003789872,-0.0048574805,0.21119379,0.1323378,0.029607132,false
202400.241015666,0,-0.0026789606,0.0030092597,0.0011927485,0.14842641,0.13803644,-0.00670664,false
202400.261015666,0,-0.010226607,0.0063447356,0.0130467415,0.10046167,0.122399144,-0.020044042,false
202400.281015665,19999999,-0.0023244917,0.010883033,0.008145988,0.03808677,0.14951748,-0.0033543129,false
202400.301015666,0,-0.0022877753,-0.0027287602,0.0061612725,0.0008045994,0.14636573,-0.00025137048,false
202400.321015666,0,0.025849551,0.024106532,-0.017238379,-0.07896772,0.21181498,0.067933954,false
202400.341015666,0,0.011194527,-0.006638527,-0.002537012,-0.08090558,0.25020033,0.040204633,false
202400.361015666,0,-0.0036886334,-0.013897419,0.007493317,-0.046774354,0.16127327,-0.0021527447,false
202400.381015665,19999999,-0.0037198365,-0.013564438,0.000980556,-0.015260506,0.11479154,-0.04162345,false
202400.401015666,0,-0.004291117,-0.014059573,0.00358361,-0.0069758836,0.06911288,-0.08939847,false
202400.421015666,0,-0.002094686,-0.022929966,0.001167357,-0.04464697,0.02245012,-0.114529744,false
202400.441015666,0,0.0056500137,-0.020772547,0.010423005,-0.06935121,0.05391057,-0.1635961,false
202400.461015665,19999999,-3.0964613e-05,-0.017259419,0.026925385,-0.051375374,0.057163607,-0.21913554,false
202400.481015666,0,-0.0018972158,0.0062521994,0.03501749,-0.063617796,0.06519869,-0.22546826,false
202400.501015666,0,-0.01248461,0.00650841,0.03785968,-0.06078508,0.022116754,-0.18256143,false
202400.521015666,0,-0.0041244924,0.007682413,0.026882887,-0.044631593,0.0020859335,-0.10635542,false
202400.541015665,19999999,0.0042383373,0.00885433,0.01590532,-0.028478105,-0.017944887,-0.030149408,false
202400.561015666,0,0.0063583553,0.011959672,-0.0042117834,-0.04343852,-0.0011478346,0.006163005,false
202400.581015665,19999999,0.013555229,0.0077008903,-0.0063732266,-0.044707794,0.0032997872,0.037804183,false
202400.601015666,0,-0.020230561,-0.012836218,-0.01694411,-0.05188236,-0.04005577,0.023077581,false
202400.621015665,19999999,-0.006919086,0.000469625,-0.017772138,-0.03017231,-0.039197672,0.047393665,false
202400.641015666,0,-0.0050831735,0.0009407699,0.0041533113,0.0044557527,-0.09526718,0.036463387,false
202400.661015665,19999999,-0.006012529,-0.026711881,0.008701444,0.060686674,-0.16256046,-0.023921099,false
202400.681015666,0,0.0018674135,-0.024321765,0.010701239,0.12240015,-0.14288148,-0.06813502,false
202400.701015666,0,-8.189678e-05,0.0021757185,0.006046355,0.054001622,-0.07315637,-0.049678206,false
202400.721015665,19999999,-0.007954538,-0.005397588,0.014247298,0.020529535,-0.037215292,-0.048043188,false
202400.741015666,0,-0.0107292235,-0.008916736,0.014541388,-0.00448185,0.0004903339,-0.058973625,false
202400.761015665,19999999,-0.008260846,-0.004738003,0.00846231,-0.027120505,0.014981531,-0.05572378,false
202400.781015666,0,-0.0059030354,-0.006292522,0.0030254126,-0.059364397,0.04193915,-0.056545485,false
202400.801015666,0,-0.0050034225,-0.0129363835,0.0015664101,-0.04695529,0.053425003,-0.07491164,false
202400.821015665,19999999,-0.004102677,-0.019581527,0.00010550022,-0.03454619,0.06491085,-0.0932778,false
202400.841015666,0,-0.003178835,-0.016882986,0.0044882298,-0.027820807,0.02333929,-0.10952109,false
202400.861015665,19999999,-0.002252549,-0.01418668,0.008870065,-0.021095427,-0.018232275,-0.12576438,false
202400.881015665,39999999,-0.0013237298,-0.011492699,0.013251245,-0.014370047,-0.059803843,-0.14200768,false
202400.901015666,0,-0.0042452514,-0.009884,0.015665293,-0.002248061,-0.103361145,-0.1584709,false
202400.921015666,0,0.008657455,7.537007e-05,0.011927366,0.0046916716,-0.07980684,-0.16512361,false
202400.941015666,0,0.0060678422,0.0004210472,0.015055656,-0.0076607224,-0.07865036,-0.13419506,false
202400.961015666,0,0.0037988126,0.0005158484,0.020051897,0.0058736885,-0.074795105,-0.102432474,false
202400.981015665,19999999,0.0053516924,0.012604475,0.015636683,0.030839413,-0.10110961,-0.07213777,false
202401.001015666,0,0.0127675235,0.019319057,0.0067610145,0.009237479,-0.09353458,-0.027564216,false
202401.021015665,19999999,0.027154654,0.010493964,-0.0027056932,0.0018739183,-0.048698477,0.0134433545,false
202401.041015666,0,0.032708555,0.017418683,-0.01051873,-0.016565392,0.025083922,0.032311827,false
202401.061015666,0,0.029641896,0.020908922,-0.0023043156,-0.060353987,0.0935966,0.08304228,false
202401.081015666,0,0.014978558,0.00461483,0.017531574,-0.05239667,0.053264882,0.098180726,false
202401.101015665,19999999,0.02841705,0.007400304,0.007129848,-0.07410615,0.02642933,0.10389956,false
202401.121015666,0,0.025496334,0.0038144588,0.017077982,-0.08761467,-0.017751014,0.09895332,false
202401.141015666,0,0.020512998,0.0012206137,0.020531952,-0.08648173,-0.047553822,0.07549484,false
202401.161015665,19999999,0.015530914,-0.0013760626,0.023981929,-0.08534879,-0.07735663,0.052036356,false
202401.181015665,39999999,0.010550082,-0.00397563,0.027427912,-0.08421585,-0.107159436,0.028577872,false
202401.201015665,59999999,0.0055704415,-0.006577879,0.030869722,-0.083082914,-0.13696223,0.005119389,false
202401.221015665,79999999,-0.0010762811,0.0009433329,0.03121519,-0.07492938,-0.18840533,0.006111617,false
202401.241015666,0,-0.008387536,0.012678385,0.020694971,-0.110781185,-0.22295083,0.022122916,false
202401.261015666,0,-0.0039029121,0.009843618,0.017903447,-0.15188892,-0.24992217,0.042855326,false
202401.281015665,19999999,0.004966855,0.0039047003,0.015013695,-0.17730439,-0.26170707,0.041144785,false
202401.301015666,0,0.0002514124,0.0030546784,0.010508895,-0.20676076,-0.2640519,0.067233585,false
202401.321015665,19999999,-0.011053681,0.007173568,0.014522135,-0.17255124,-0.27472612,0.051537372,false
202401.341015666,0,-0.021179706,0.00959748,0.01452589,-0.16197197,-0.30444634,0.077969104,false
202401.361015666,0,-0.03298992,0.054134935,-0.0028038025,-0.2354306,-0.31697083,0.13290483,false
202401.381015665,19999999,0.0015688837,0.0014321506,-0.03336209,-0.20442295,-0.2850759,0.10578512,false
202401.401015666,0,-0.00017568469,-0.010670215,-0.031502903,-0.16345625,-0.22298144,0.111160085,false
202401.421015666,0,-0.008231044,0.009749889,-0.04010898,-0.16211362,-0.12672463,0.124789774,false
202401.441015665,19999999,-0.011155963,0.027302831,-0.054575562,-0.21909438,-0.013083637,0.163159,false
202401.461015666,0,-0.017748326,0.007158071,-0.05438459,-0.21839169,0.112102374,0.15990548,false
202401.481015665,19999999,-0.024355173,-0.01298961,-0.05420935,-0.21768901,0.2372884,0.15665196,false
202401.501015666,0,-0.06050682,-0.030827343,-0.025817692,-0.09134853,0.106327325,0.07681822,false
202401.521015665,19999999,-0.039460838,-0.037260473,0.0038973093,0.009705424,0.015643239,0.0049906075,false
202401.541015666,0,-0.03790748,-0.010110766,-0.012088895,0.020893864,0.044534188,-0.028232008,false
202401.561015666,0,-0.030778527,-0.02644068,-0.01903522,0.12663001,0.043946713,-0.07613916,false
202401.581015666,0,-0.033911288,0.003862828,-0.017015278,0.17420809,0.04618187,-0.12603013,false
202401.601015666,0,-0.03105551,0.032259762,-0.023708165,0.16227703,0.0747129,-0.1044723,false
202401.621015666,0,-0.03224063,0.026295632,-0.023715734,0.14022976,0.09078606,-0.08228302,false
202401.641015666,0,-0.030907065,0.018140346,-0.027030468,0.12665372,0.1261451,-0.07947904,false
202401.661015666,0,-0.031582654,0.019697487,-0.02072233,0.12209011,0.15148488,-0.0722284,false
202401.681015666,0,-0.022919029,0.017076373,-0.022486389,0.09950984,0.17788316,-0.079694375,false
202401.701015666,0,-0.017677695,0.0047076046,-0.017135978,0.07938574,0.1716683,-0.080717266,false
202401.721015665,19999999,-0.0041846633,-0.009536862,-0.017629743,0.072335474,0.20506269,-0.1244094,false
202401.741015666,0,-0.0045942664,-0.011037618,-0.010314286,0.06260735,0.22466043,-0.15509951,false
202401.761015665,19999999,-0.004995227,-0.012553394,-0.0030183196,0.052879218,0.24425817,-0.18578964,false
202401.781015665,39999999,-0.011677355,-0.013044715,0.00073200464,0.025640717,0.22206005,-0.22410506,false
202401.801015666,0,0.0021145344,-0.0040003955,0.014378548,0.026486875,0.18229482,-0.23957135,false
202401.821015666,0,0.0023480356,-0.0031865537,0.04239279,0.013608703,0.10745282,-0.25840876,false
202401.841015666,0,0.0106063485,-0.003935665,0.04377985,0.037621807,0.020201981,-0.27981496,false
202401.861015666,0,0.014163673,0.011465639,0.04477358,0.010774201,-0.031448558,-0.18086961,false
202401.881015665,19999999,0.0387173,0.0062434673,0.032594264,0.055872425,-0.027213773,-0.15523596,false
202401.901015666,0,0.03750345,-0.010141909,0.04267037,0.10230853,-0.055540957,-0.039052837,false
202401.921015666,0,0.041163266,-0.005152166,0.030025959,0.1456121,-0.0064146034,0.085965104,false
202401.941015665,19999999,0.03936073,-0.007031977,0.031380057,0.21418488,0.0014907224,0.19999841,false
202401.961015666,0,0.05306214,0.0037360787,0.020624995,0.2309642,0.017516632,0.2886228,false
202401.981015666,0,0.05037877,0.012183428,0.0140603185,0.19586903,0.030214462,0.3158563,false
202402.001015665,19999999,0.057270914,0.021871388,0.010885179,0.098896496,0.057384387,0.31818485,false
202402.021015666,0,0.044226557,0.016014665,0.027361274,-0.024978168,0.01973316,0.30917796,false
202402.041015665,19999999,0.03110069,-0.01067242,0.036630094,-0.085852735,-0.002934983,0.24884132,false
202402.061015666,0,0.020479321,-0.015099674,0.039352596,-0.082852945,-0.059152424,0.21208192,false
202402.081015665,19999999,0.009858221,-0.019536734,0.042073965,-0.079853155,-0.115369864,0.17532253,false
202402.101015665,39999999,0.0046522915,-0.011443198,0.03322512,-0.106593326,-0.17725477,0.1360888,false
202402.121015665,0,0.0062339604,-0.0102161765,0.02897793,-0.15097675,-0.21492231,0.10900971,false
202402.141015664,19999999,0.0011088252,-0.006322503,0.025764883,-0.15657954,-0.23377559,0.0825173,false
202402.161015665,0,-0.004782915,0.005582452,0.02282077,-0.17250259,-0.26310384,0.09392616,false
202402.181015665,0,-0.009738535,0.009720862,0.010224044,-0.20565948,-0.2560912,0.110708326,false
202402.201015665,0,-0.010835946,0.00086918473,0.0040093064,-0.2130403,-0.25661144,0.12392315,false
202402.221015664,19999999,-0.0065549016,-0.0043172836,-0.006965935,-0.21949428,-0.23143785,0.11362895,false
202402.241015665,0,-0.017708361,-0.007173449,-0.007957637,-0.21018076,-0.215403,0.101608664,false
202402.260881667,0,-0.027919114,-0.0059554223,-0.013082626,-0.20046864,-0.19674471,0.08116257,false
202402.280881667,0,-0.03256747,1.707673e-05,-0.0204283,-0.19565776,-0.2071682,0.08806465,false
202402.300881667,0,-0.025283486,0.00016108155,-0.027075708,-0.16609928,-0.19413443,0.085552976,false
202402.320881666,19999999,-0.018559873,0.009558409,-0.030361414,-0.14681366,-0.1662612,0.08039334,false
202402.340881667,0,-0.01886943,0.01249212,-0.029436052,-0.14752692,-0.13305555,0.071678884,false
202402.360881666,19999999,-0.019175977,0.015413851,-0.028526604,-0.14824018,-0.09984991,0.06296444,false
202402.380881666,39999999,-0.019281596,0.011948407,-0.025310695,-0.13219357,-0.07256964,0.053461492,false
202402.400881667,0,-0.017057955,0.012888461,-0.022443175,-0.10754354,-0.040789787,0.043257732,false
202402.420881666,19999999,-0.016575307,0.01580882,-0.01908791,-0.09025549,-0.019600548,0.037389107,false
202402.440881667,0,-0.012821168,0.014144182,-0.018601358,-0.07345712,0.006796375,0.03577918,false
202402.460881667,0,-0.007945687,0.015758723,-0.02205038,-0.07107024,0.03128108,0.040145002,false
202402.480881667,0,-0.0061843395,0.013265401,-0.020308375,-0.058249157,0.05902331,0.037331324,false
202402.500881667,0,-0.008417785,0.0107905865,-0.0169276,-0.045745812,0.07392337,0.04059112,false
202402.520881667,0,-0.009697229,0.009691477,-0.01387924,-0.035517387,0.080301315,0.048031595,false
202402.540881667,0,-0.009347439,0.00069338083,-0.00851512,-0.027115017,0.070463456,0.04451465,false
202402.560881667,0,-0.012865603,-0.031968623,0.009099424,0.024956398,-0.007901594,0.002946604,false
202402.580881667,0,-0.0032840073,-0.011720568,0.004455805,0.014528202,0.0016302299,-0.0059741223,false
202402.600881666,0,-0.00039714575,-0.0018188357,0.0058218837,0.006979666,-0.0017087089,-0.009382786,false
202402.620881666,0,-0.00041493773,-0.005506456,0.008177042,0.005083041,0.006520441,-0.021081217,false
202402.640881665,19999999,-0.0028268099,-0.004804909,0.008005261,0.0019276042,0.00866881,-0.022898886,false
202402.660881666,0,-0.0026690662,-0.0044943094,0.0058605075,0.012799884,0.015993755,-0.026273014,false
202402.680881665,19999999,-0.0025111437,-0.0041841567,0.003715396,0.023672163,0.023318702,-0.029647142,false
202402.700881665,39999999,-0.0023531616,-0.0038745105,0.0015701056,0.034544446,0.03064365,-0.033021268,false
202402.720881666,0,-0.015695333,0.0015573502,-0.0056051016,0.06829038,0.034030125,-0.047221534,false
202402.740881666,0,-0.030083358,-0.009886354,-0.0035467148,0.12864047,-0.0365047,-0.05707289,false
202402.760881665,19999999,-0.019552767,0.00026658177,-0.02395922,0.220175,-0.052623548,-0.054607343,false
202402.780881666,0,-0.0174627,0.020340562,-0.03568214,0.23252158,0.037269555,-0.030360682,false
202402.800881666,0,-0.028341323,0.029781014,-0.029220283,0.21451181,0.091967754,-0.018532783,false
202402.820881666,0,-0.0257577,0.040154725,-0.036321163,0.13824357,0.112217024,-0.03641317,false
202402.840881666,0,-0.025292218,0.031434894,-0.03723216,0.1257775,0.16168168,-0.06874559,false
202402.860881665,19999999,-0.024823725,0.022709548,-0.03815216,0.11331142,0.21114634,-0.10107801,false
202402.880881666,0,-0.028210253,0.01554361,-0.031263113,0.12639154,0.21857892,-0.07350705,false
202402.900881666,0,-0.011054009,0.0024957955,-0.029432714,0.16330028,0.24247393,-0.049081996,false
202402.920881666,0,-0.0003309548,-0.00376153,-0.021977544,0.2029714,0.29119605,-0.068746515,false
202402.940881665,19999999,0.0039791465,-0.0033467412,-0.015340447,0.2102445,0.3446262,-0.10054886,false
202402.960881666,0,0.0058595836,-0.008349031,-0.0016078949,0.16275106,0.3812282,-0.13462016,false
202402.980881665,19999999,0.007069111,-0.014014155,0.012592435,0.13984099,0.4138542,-0.18233049,false
202403.000881666,0,0.0013343692,-0.012550533,0.02974689,0.105041325,0.43573242,-0.19630773,false
202403.020881665,19999999,-0.010845065,-0.026495278,0.051405966,0.114892595,0.3472401,-0.2493766,false
202403.040881666,0,0.012085319,0.00093507767,0.02380675,0.025604978,0.34063652,-0.19441313,false
202403.060881666,0,0.009521842,-0.011340886,0.028158426,0.063085556,0.26959443,-0.2206622,false
202403.080881665,19999999,0.006974548,-0.023643196,0.032477796,0.100566134,0.19855234,-0.24691129,false
202403.100881665,39999999,0.0064353645,-0.005180806,0.025001585,0.06504283,0.112704225,-0.21618953,false
202403.120881666,0,0.016795307,-0.015705228,0.026280522,0.078092255,0.060158964,-0.22726463,false
202403.140881666,0,0.025082618,-0.008699924,0.031176746,0.1026561,0.027810235,-0.24865189,false
202403.160881666,0,0.034567624,0.01982519,0.024100244,0.05571247,0.045745157,-0.19880572,false
202403.180881666,0,0.029598713,0.011016548,0.033216357,0.06401938,0.043822467,-0.16128178,false
202403.200881665,19999999,0.01986155,0.01800701,0.038023353,0.07595609,-0.0017416961,-0.08749638,false
202403.220881666,0,0.029251099,0.026801616,0.03670585,0.08167386,-0.031286057,-0.014052242,false
202403.240881666,0,0.032779723,0.022291273,0.024685621,0.07781882,-0.054178894,0.056358233,false
202403.260881666,0,0.031681657,0.011980712,0.01967144,0.057447143,-0.055730548,0.07956067,false
202403.280881665,19999999,0.030585766,0.0016679168,0.014654458,0.037075467,-0.057282202,0.10276311,false
202403.300881666,0,0.030591786,-0.003165245,0.020120144,0.029587256,-0.063411385,0.10071299,false
202403.320881665,19999999,0.026173502,-0.0053075254,0.019628823,0.003985798,-0.07771389,0.116000816,false
202403.340881666,0,0.032915533,-0.0060108304,0.014379919,-0.033097625,-0.070647165,0.10296301,false
202403.360881665,19999999,0.0240345,-0.011046916,0.017414331,-0.07589762,-0.046849158,0.09090752,false
202403.380881666,0,0.018015057,-0.008988947,0.027006805,-0.10690452,-0.042739715,0.1082714,false
202403.400881666,0,0.008498251,-0.003190577,0.029437006,-0.13868102,-0.08274181,0.0972478,false
202403.420881665,19999999,-0.0010178983,0.0026032925,0.031862736,-0.17045754,-0.12274391,0.086224206,false
202403.440881666,0,0.0006624162,0.0043878853,0.032052875,-0.16685045,-0.17793986,0.055082973,false
202403.460881665,19999999,-0.0014654398,-0.00090935826,0.007632017,-0.24143776,-0.15556422,0.036573455,false
202403.480881666,0,-0.014341176,-0.025608748,0.021895051,-0.2521086,-0.22046693,-0.0043229647,false
202403.500881666,0,-0.036436766,-0.04056683,0.018488526,-0.17137721,-0.3132297,-0.046738185,false
202403.520881666,0,-0.027891219,-0.028321326,0.00035589933,-0.06960466,-0.3248883,-0.059339978,false
202403.540881666,0,-0.018028855,-0.018338233,-0.015595853,-0.091044866,-0.24747825,-0.051310174,false
202403.560881665,19999999,-0.008157253,-0.008355796,-0.031562626,-0.112485066,-0.17006822,-0.04328037,false
202403.580881665,39999999,0.0017236471,0.0016260147,-0.04754442,-0.13392527,-0.09265819,-0.035250567,false
202403.600881666,0,-0.0013605058,0.0072462857,-0.041355908,-0.11546324,-0.012159012,-0.043451175,false
202403.620881666,0,-0.014908701,0.028473169,-0.034532845,-0.08917857,0.042158537,0.0028269477,false
202403.640881666,0,-0.013385713,0.046337873,-0.034170747,-0.08903055,0.12361925,0.08630237,false
202403.660881665,19999999,0.014467776,0.05491209,-0.05384326,-0.10539149,0.26986125,0.19474666,false
202403.680881666,0,-0.023031652,0.026341558,-0.018611252,-0.026941411,0.21843497,0.1300691,false
202403.700881666,0,-0.051012605,0.00349617,-0.032981336,0.029036585,0.09948355,0.08058395,false
202403.720881665,19999999,-0.05173418,-0.003316462,-0.013699889,0.041934323,-0.0026480258,0.047272407,false
202403.740881666,0,-0.024351805,0.012071669,-0.038494945,0.043478355,0.08173235,-0.0045846626,false
202403.760881665,19999999,-0.00851953,-0.004065335,-0.022048712,0.056453794,0.072059505,-0.06744062,false
202403.780881666,0,-0.010260582,-0.011243284,-0.014782608,0.094008386,0.10313012,-0.12823783,false
202403.800881665,19999999,-0.015842289,0.006876141,-0.011528552,0.1150651,0.1195945,-0.17521682,false
202403.820881666,0,-0.030276299,0.0029338896,-0.015363455,0.0888741,0.08892701,-0.18853313,false
202403.840881666,0,-0.019052356,-0.00022536516,-0.00712502,0.13069442,0.0560549,-0.22964227,false
202403.860881665,19999999,-0.007830083,-0.0033979416,0.0011116862,0.17251474,0.023182798,-0.27075142,false
202403.880881665,39999999,-0.010631412,-0.007868677,0.009915173,0.20022202,-0.0040233284,-0.26232404,false
202403.900881666,0,-0.0016449094,-0.0015744269,0.007261336,0.23351665,0.003894085,-0.21944496,false
202403.920881665,19999999,0.002558142,0.0014595091,0.006878495,0.21957368,0.043268077,-0.16819729,false
202403.940881666,0,0.0047674477,0.005129397,0.010086536,0.1719842,0.0625678,-0.094245605,false
202403.960881665,19999999,0.0051768124,-0.011639386,0.019865632,0.14788945,0.06224725,-0.04659129,false
202403.980881666,0,0.012100697,-0.008467764,0.019433856,0.13996492,0.065304555,-0.014637392,false
202404.000881666,0,0.016187787,-0.009239733,0.030323327,0.1327248,0.056250453,0.025084708,false
202404.020881665,19999999,0.023367286,-0.0039726496,0.03052932,0.114099614,0.050756,0.048820302,false
202404.040881666,0,0.028390408,0.006423384,0.032894373,0.08575577,0.02159239,0.08384311,false
202404.060881666,0,0.02893719,0.0027755797,0.034711003,0.030667178,0.009916391,0.102735244,false
202404.080881665,19999999,0.032158792,-0.0042944252,0.034154475,-0.0010851547,-0.023214705,0.12972084,false
202404.100881666,0,0.041333348,-0.0025191903,0.024908721,-0.016933804,-0.024958534,0.11133031,false
202404.140881666,0,0.03937617,0.0017035902,0.02299416,-0.055317827,-0.03706374,0.108383924,false
202404.160881666,0,0.032131165,0.0038595498,0.023905873,-0.0852837,-0.033086617,0.09514243,false
202404.180881665,19999999,0.034695774,0.0017444491,0.017697752,-0.12294133,-0.06686631,0.114360385,false
202404.200881666,0,0.034935087,0.011960059,0.007263422,-0.16732474,-0.003930807,0.09272475,false
202404.220881665,19999999,0.022624701,-0.00908044,0.023392439,-0.10878904,-0.1290848,0.078706466,false
202404.240881666,0,0.029558301,0.030593425,0.00033813715,-0.14617552,-0.13224497,0.09284659,false
202404.260881665,19999999,-0.0041550994,0.025705516,0.015886426,-0.15410312,-0.21881077,0.12175136,false
202404.280881666,0,0.008450955,0.0078988075,0.011723399,-0.15067904,-0.20913738,0.0984479,false
202404.300881666,0,-0.011728942,0.01478079,0.022741795,-0.17578945,-0.25698727,0.14927018,false
202404.320881665,19999999,-0.030002892,0.007995069,0.036902547,-0.18056817,-0.27137536,0.21384653,false
202404.340881666,0,-0.019492,-0.009331375,0.03569615,-0.13697162,-0.34886146,0.2830307,false
202404.360881666,0,-0.008849174,-0.013715804,0.018924832,-0.09327954,-0.38731426,0.2892653,false
202404.380881666,0,0.00021925569,-0.012851715,0.00063848495,-0.090005904,-0.35262915,0.2839931,false
202404.400881665,19999999,-0.0019317567,-0.02038297,-0.009487331,-0.088319205,-0.33248296,0.26372075,false
202404.420881666,0,-0.009986609,-0.015743852,-0.015714884,-0.116819546,-0.27959695,0.21511666,false
202404.440881665,19999999,-0.019929826,-0.006197691,-0.017458856,-0.15667136,-0.25328365,0.17967355,false
202404.460881666,0,-0.022636056,0.0067407787,-0.033519268,-0.23124957,-0.17297024,0.09944894,false
202404.480881666,0,-0.019213706,-0.01893124,-0.038641334,-0.25006208,-0.106775045,0.06390685,false
202404.500881665,19999999,-0.032035917,-0.017489612,-0.043748498,-0.23868988,0.036668703,0.006330505,false
202404.520881665,0,-0.034893125,-0.0148257315,-0.041992188,-0.18431145,0.048906315,-0.0017423928,false
202404.540881664,19999999,-0.037753195,-0.012166321,-0.040250003,-0.12993301,0.061143927,-0.009815291,false
202404.560881665,0,-0.029586166,0.009940773,-0.05156821,-0.056548744,0.10849251,-0.0042078546,false
202404.580881665,0,-0.042155653,0.02052781,-0.0351699,0.056241192,0.09852874,0.04366048,false
202404.600881664,19999999,-0.023613393,0.033177316,-0.042237937,0.106977545,0.10521834,0.015810365,false
202404.620881665,0,-0.04047236,0.03177768,-0.036512136,0.07753237,0.07483789,-0.0628688,false
202404.640795750,0,-0.032248445,0.02389742,-0.027128277,0.102223836,0.04901435,-0.100065835,false
202404.660795750,0,-0.025046617,0.013053805,-0.025832295,0.10646154,0.08138399,-0.1109062,false
202404.680795750,0,-0.01904884,0.0415152,-0.03500557,0.075967774,0.1548237,-0.11637768,false
202404.700795750,0,-0.014520347,0.022883862,-0.028785825,0.048685487,0.18496765,-0.15337077,false
202404.720795750,0,-0.011710018,-0.00063461065,-0.022768676,0.07033976,0.19407597,-0.17023627,false
202404.740795750,0,-0.007984757,0.00046432018,-0.015057027,0.08266154,0.25099546,-0.1672493,false
202404.760795750,0,-0.008568108,0.00329718,-0.0052794814,0.085680805,0.2618397,-0.16251895,false
202404.780795750,0,-0.0061864853,-0.0022375882,-0.0012116432,0.09157045,0.25588363,-0.18286087,false
202404.800795750,0,-0.003435105,-0.0054233074,0.01079458,0.08861772,0.22711569,-0.1758172,false
202404.820795749,19999999,-0.0006747842,-0.00862962,0.022779405,0.08566498,0.19834775,-0.16877355,false
202404.840795749,39999999,0.0074131787,0.0009236038,0.0330503,0.073666096,0.18347265,-0.156696,false
202404.860795750,0,0.018906862,0.010615021,0.03224069,0.0995316,0.13973257,-0.13098602,false
202404.880795750,0,0.014848918,0.011845112,0.039068043,0.08400704,0.08042923,-0.082638256,false
202404.900795750,0,0.021826893,0.0021215081,0.034890592,0.04916538,0.036776796,-0.039433785,false
202404.920795750,0,0.027180314,-0.008195996,0.032406807,0.042075448,0.027059883,-0.00028340518,false
202404.940795750,0,0.033483416,-0.022880137,0.032316983,0.09157373,-0.03330806,-0.0077698906,false
202404.960795750,0,0.037751317,-0.012528986,0.02522099,0.088381656,-0.05269053,-0.01121361,false
202404.980795750,0,0.0428665,-0.00011894107,0.025056422,0.050903853,-0.043359905,-0.023790713,false
202405.000795750,0,0.04101324,-0.0048458576,0.022574961,-0.05239444,-0.05550619,0.024127897,false
202405.020795749,19999999,0.035645753,-0.010679752,0.027413666,-0.07264984,-0.052615408,0.010173802,false
202405.040795750,0,0.03405541,-0.0060380697,0.022105157,-0.06889056,-0.04685542,0.003279224,false
202405.060795750,0,0.027686447,0.003522098,0.016740978,-0.07875659,-0.05033977,0.016271994,false
202405.080795749,19999999,0.02131772,0.013081402,0.011375308,-0.08862263,-0.05382412,0.029264763,false
202405.100795750,0,0.013331175,0.008968145,0.008987904,-0.08935673,-0.06956549,0.033261284,false
202405.120795750,0,0.006280482,0.0038285255,0.004818201,-0.080931835,-0.09088648,0.030852634,false
202405.140795750,0,0.00087729096,-0.00014284253,0.002703905,-0.057435043,-0.11836361,0.022729125,false
202405.160795749,19999999,-0.004963517,-0.0015622079,0.002013266,-0.029579042,-0.15026523,0.01572217,false
202405.180795750,0,-0.0063616037,0.0003157854,-0.00021559,-0.0090352185,-0.17033039,0.014233216,false
202405.200795750,0,-0.008337706,0.0028317869,-0.00028651953,-0.0037453845,-0.17787388,0.030476421,false
202405.220795749,19999999,-0.008080542,0.00063994527,-0.0027819872,-0.005364635,-0.1656896,0.041737575,false
202405.240795750,0,-0.011417419,0.0012626052,-0.0016506314,-0.008622947,-0.15792714,0.05249412,false
202405.260795749,19999999,-0.013078988,0.0066541433,-0.003882289,-0.032943964,-0.13771118,0.05515191,false
202405.280795750,0,-0.01793921,0.0090638995,-0.0050687194,-0.07432956,-0.11961132,0.058342043,false
202405.300795750,0,-0.021143466,0.008349061,-0.009329915,-0.12708654,-0.10187627,0.043978278,false
202405.320795749,19999999,-0.023252308,0.002339363,-0.014225602,-0.17225644,-0.08503937,0.033948623,false
202405.340795750,0,-0.028175712,-0.01894626,-0.02212298,-0.1790952,-0.066550314,-0.0035529248,false
202405.360795750,0,-0.038547844,-0.013346553,-0.017040908,-0.15176752,-0.06120617,-0.026723338,false
202405.380795750,0,-0.033893377,-0.010985643,-0.019829273,-0.12713505,-0.04269941,-0.0466321,false
202405.400795750,0,-0.027472407,-0.009399474,-0.0171628,-0.08757213,-0.020108374,-0.051184352,false
202405.420795749,19999999,-0.02104941,-0.007814705,-0.014499724,-0.048009213,0.002482662,-0.05573661,false
202405.440795749,39999999,-0.019088805,0.0035792291,-0.018285453,-0.016370278,0.0053979973,-0.043860264,false
202405.460795750,0,-0.015533447,0.0071926415,-0.019321918,0.021542642,0.035208546,-0.034975193,false
202405.480795749,19999999,-0.01650843,0.008967072,-0.016275465,0.08621015,0.023309877,-0.026065242,false
202405.500795750,0,-0.010407686,0.018217295,-0.021370351,0.13852872,0.03552555,-0.020132013,false
202405.520795750,0,-0.0059707165,0.023820072,-0.02399677,0.16083974,0.061153725,-0.01856516,false
202405.540795750,0,-0.0060848594,0.024332821,-0.021309614,0.16565165,0.07140902,-0.017695552,false
202405.560795750,0,-0.003757894,0.024647534,-0.022535622,0.15854524,0.08557446,-0.020989388,false
202405.580795750,0,-0.0018569529,0.018504232,-0.022094548,0.13969283,0.11094175,-0.04147505,false
202405.600795749,19999999,-0.0012206435,0.010260671,-0.01768452,0.12484264,0.14049517,-0.06457246,false
202405.620795750,0,-0.0046185255,0.004710734,-0.0111656785,0.11820926,0.16387093,-0.089009926,false
202405.640795749,19999999,-0.004630029,0.005948752,-0.009618461,0.10976653,0.18377152,-0.10308075,false
202405.660795749,0,-0.0035479069,0.0023158789,-0.0077863336,0.09816821,0.20228,-0.114570044,false
202405.680795749,0,-0.014595002,-0.0031482577,0.0007687211,0.09842115,0.1991043,-0.13284284,false
202405.700795748,19999999,-0.013300747,-0.00074929,0.0012686849,0.11438587,0.1644588,-0.147953,false
202405.720795749,0,-0.01102972,0.002277106,0.0018388629,0.09650102,0.1330292,-0.15993798,false
202405.740795748,19999999,-0.008755684,0.0052887797,0.0024002194,0.07861618,0.101599604,-0.17192295,false
202405.760795749,0,-0.0068243444,0.0064345896,0.0041431785,0.0377139,0.109864615,-0.1842219,false
202405.780795748,19999999,-0.0062838495,0.009262323,0.0143043995,0.0152042955,0.08177304,-0.11891914,false
202405.800795749,0,-0.0008163452,-0.00023904443,0.019107103,0.013659448,0.08652493,-0.06387762,false
202405.820795749,0,0.0061346292,-0.007101536,0.024497747,0.046850387,0.059297197,0.0192535,false
202405.840795749,0,0.017254025,-0.0064618886,0.025624096,0.06288037,0.045604747,0.058346152,false
202405.860795749,0,0.028246045,-0.0077032447,0.021523595,0.06727716,0.03745097,0.06941232,false
202405.880795748,19999999,0.032291472,0.0036060512,0.019670367,0.02915531,0.030199168,0.063379824,false
202405.900795749,0,0.03653422,-0.006650567,0.016394675,0.0051911697,0.03772389,0.057239044,false
202405.920795749,0,0.020428836,-0.003120333,0.034436643,0.007639524,-0.0072642006,0.06303984,false
202405.940795749,0,0.025013208,0.0038395226,0.028739274,-0.0018730699,-0.031082911,0.072469,false
202405.960795749,0,0.027724445,0.0010316372,0.018176973,-0.024071246,-0.042212684,0.09596723,false
202405.980795749,0,0.03807503,-0.0060558617,0.0069013834,-0.044463255,0.0017530397,0.0869811,false
202406.000795749,0,0.03223881,0.00056663156,0.008126795,-0.0638353,-0.00039237412,0.093933985,false
202406.020795748,19999999,0.026401728,0.007189214,0.009351611,-0.083207354,-0.002537788,0.10088687,false
202406.040795748,39999999,0.02056393,0.0138117075,0.010575831,-0.1025794,-0.004683202,0.10783974,false
202406.060795749,0,0.008773178,0.0075980723,0.014802039,-0.099657804,-0.057227105,0.09868658,false
202406.080795748,19999999,0.0026888847,0.002539605,0.016758144,-0.09032853,-0.118041426,0.0623133,false
202406.100795749,0,0.0007033944,0.008623064,0.01587236,-0.110740274,-0.16651869,0.0633813,false
202406.120795749,0,0.006203264,0.00031489134,0.005298674,-0.12688673,-0.17211698,0.07803054,false
202406.140795749,0,-0.005565107,-0.007693827,0.010459781,-0.12491909,-0.18752378,0.08057891,false
202406.160795749,0,-0.014734268,-0.0051185787,0.011189997,-0.114894606,-0.18943699,0.10227488,false
202406.180795749,0,-0.009635299,-0.00205186,-0.00060755014,-0.12779257,-0.17827328,0.12165332,false
202406.200795749,0,-0.0068660676,-0.005564004,-0.006870389,-0.14450918,-0.1567456,0.12259712,false
202406.220795749,0,-0.00897786,-0.012642086,-0.013320506,-0.17729415,-0.09347182,0.11767205,false
202406.240795749,0,-0.008034319,-0.02261594,-0.016405642,-0.1570404,-0.056308553,0.094255164,false
202406.260795748,19999999,-0.028588027,-0.010887563,-0.0076954365,-0.13984546,-0.049175516,0.09696405,false
202406.280795749,0,-0.009552479,-0.0071112514,-0.017057776,-0.07603812,-0.059571303,0.09985249,false
202406.300795749,0,-0.027247936,0.0005839169,-0.018103361,-0.050956737,-0.038299322,0.048954725,false
202406.320795749,0,-0.028220743,0.008492738,-0.015001416,-0.047901623,-0.020748917,0.007836282,false
202406.340795748,19999999,-0.029193223,0.016400397,-0.011900544,-0.04484651,-0.0031985138,-0.03328216,false
202406.360795748,39999999,-0.028068066,0.037792116,-0.019179344,-0.09048885,-0.017313033,0.001246538,false
202406.380795749,0,-0.008034676,-0.00012555718,-0.02556926,-0.028198536,0.00087222643,-0.05145774,false
202406.400795749,0,-0.021028817,-0.006922275,-0.017265975,0.039872456,-0.0033005322,-0.059085533,false
202406.420795749,0,-0.017589003,0.011972129,-0.02130723,0.09647395,0.0014499067,-0.035164155,false
202406.440795748,19999999,-0.017414987,0.021169096,-0.033226073,0.09694918,0.036602557,-0.020202165,false
202406.460795749,0,-0.011970043,0.024073184,-0.025014758,0.100446224,0.064729124,-0.0053357147,false
202406.480795748,19999999,-0.0022261143,0.02289763,-0.027819932,0.07738121,0.12091698,0.005028136,false
202406.500795749,0,-0.006205559,0.00710392,-0.015105844,0.082448825,0.13638104,-0.016291453,false
202406.520795749,0,-0.010278732,0.006702453,-0.008872211,0.085899286,0.13459484,-0.043861613,false
202406.540795749,0,-0.0045630634,0.007536024,0.0077903867,0.08757453,0.113199994,-0.08601686,false
202406.560795748,19999999,-0.011719644,-0.0013062358,-0.006278813,0.06991449,0.09603366,-0.09726392,false
202406.580795749,0,-0.012194902,-0.006633252,0.0061243176,0.07491174,0.10442224,-0.10195037,false
202406.600795749,0,-0.007736236,-0.015794098,-0.0035087466,0.074965745,0.114647985,-0.10200494,false
202406.620795748,19999999,-0.009398222,-0.0213705,-0.0050290823,0.09729502,0.15143463,-0.10034832,false
202406.640795749,0,-0.005310029,-0.013664514,0.00033658743,0.095498174,0.15936464,-0.098400965,false
202406.660795748,19999999,-0.0012179613,-0.005969584,0.0056895614,0.09370132,0.16729464,-0.09645361,false
202406.680795748,39999999,-0.008648872,-0.009432733,0.0010302663,0.08795039,0.17402321,-0.1282416,false
202406.700795749,0,0.0014633238,-0.008987606,0.013954341,0.09309836,0.14562371,-0.10348088,false
202406.720795748,19999999,-0.004607916,-0.0045895875,0.022219777,0.10298838,0.10671835,-0.093756974,false
202406.740795749,0,-0.0029000342,-0.0009781122,0.032129586,0.09945676,0.041012414,-0.06508793,false
202406.760795749,0,0.011076242,-0.009868354,0.028668642,0.12159136,0.032418046,-0.05364492,false
202406.780795748,19999999,0.012805551,0.015892208,0.027102888,0.10313987,0.03710458,-0.034203894,false
202406.800795749,0,0.010053009,0.05064252,0.022960007,-0.07449726,0.022128936,0.020052299,false
202406.820795748,19999999,0.028784841,0.0035517812,0.0136938095,-0.0885615,0.05101827,0.040832765,false
202406.840795749,0,0.028244078,0.002288252,0.021878958,-0.053454023,0.055961378,0.07787235,false
202406.860795749,0,0.04340437,0.012321353,0.010961175,-0.05012491,0.07922386,0.14143063,false
202406.880795748,19999999,0.0522404,0.026860088,0.008239269,-0.056865916,0.10357083,0.18401232,false
202406.900795749,0,0.033858538,0.008558959,0.022330344,-0.01041415,0.06530005,0.1641497,false
202406.920795748,19999999,0.025837272,-0.008767754,0.027322292,0.044914413,-0.057107694,0.14643957,false
202406.940795749,0,0.05495125,-0.0020076334,0.037089705,0.057667024,-0.04168846,0.13023472,false
202406.960795748,19999999,0.013620228,0.008561403,0.032410324,-0.038004264,-0.0954577,0.10404747,false
202406.980795749,0,0.012167245,-0.02864337,0.031291783,0.03578832,-0.13574809,0.10884417,false
202407.000736375,0,0.0441456,0.05225653,-0.009819396,-0.0202586,-0.025475003,0.15484336,false
202407.020736374,19999999,0.021047652,0.018476814,-0.0021556616,-0.08270461,-0.05306694,0.13393506,false
202407.040736375,0,0.01652208,8.9108944e-05,0.013408363,-0.08343422,-0.06437106,0.11746905,false
202407.060736375,0,0.0024810731,-0.0017893612,0.013582587,-0.09011404,-0.07383048,0.11794053,false
202407.080736374,19999999,-0.011559278,-0.0036731958,0.013753116,-0.09679387,-0.0832899,0.11841201,false
202407.100736375,0,-0.0048799813,-0.004270941,0.0005083084,-0.112725586,-0.08074756,0.11920863,false
202407.120736375,0,-0.007528186,-0.00745973,-0.0020721555,-0.13359848,-0.084099665,0.09911936,false
202407.140736375,0,-0.0029215813,-0.007958144,-0.016926587,-0.15737657,-0.06461838,0.058723584,false
202407.160736374,19999999,-0.0010215938,-0.0069532692,-0.02606821,-0.15978101,-0.030981291,0.0073763207,false
202407.180736375,0,-0.0100981295,-0.002375275,-0.030769348,-0.12994578,0.00077395886,-0.054271627,false
202407.200736374,19999999,-0.040260613,0.008797288,-0.020972192,-0.07848655,-0.034374855,-0.112317786,false
202407.220736375,0,-0.04091066,0.009165108,-0.020162046,0.059673727,-0.19014105,-0.087816164,false
202407.240736375,0,-0.01925385,0.022397935,-0.035883605,0.13747326,-0.107681066,-0.13012075,false
202407.260736374,19999999,-0.031924993,0.033219397,-0.026323557,0.10995545,-0.08580691,-0.05241123,false
202407.280736375,0,-0.027455509,0.020890713,-0.026042461,0.113359764,-0.02819059,-0.04538163,false
202407.300736375,0,-0.023828506,0.014980555,-0.025295973,0.11342225,0.012596533,-0.025788816,false
202407.320736375,0,-0.019904345,0.013433218,-0.025793314,0.1096156,0.068142064,-0.021301847,false
202407.340736375,0,-0.023021698,0.007674575,-0.020112514,0.11947989,0.09951003,-0.0237491,false
202407.360736374,19999999,-0.027498275,0.004831493,-0.009977043,0.13515615,0.11108032,-0.016200213,false
202407.380736375,0,-0.024932086,-0.006745875,-0.0025686622,0.17158106,0.1185331,3.304705e-05,false
202407.400736375,0,-0.017650902,0.0002695322,-0.004214108,0.17689738,0.1241449,-0.0020494198,false
202407.420736374,19999999,-0.009380609,-0.004594624,-0.0061060786,0.19144598,0.1402998,-0.034113754,false
202407.440736375,0,-0.011568159,-0.010053903,0.0011751056,0.1752162,0.12787832,-0.048044756,false
202407.460736375,0,-0.009916961,-0.017022818,0.0039151907,0.1590926,0.10666368,-0.06031902,false
202407.480736374,19999999,-0.006921917,-0.026575357,0.0065870285,0.15507077,0.088017106,-0.08201804,false
202407.500736375,0,-0.0031749904,-0.031577468,0.010179579,0.14765559,0.09006198,-0.12078264,false
202407.520736374,19999999,0.00057062507,-0.03658977,0.013764262,0.1402404,0.09210686,-0.15954725,false
202407.540736374,39999999,0.009486884,-0.029688388,0.011255145,0.06256453,0.10142997,-0.22164333,false
202407.560736375,0,0.018727005,-0.03382379,0.002993703,-0.021741636,0.11901773,-0.26035064,false
202407.580736375,0,0.0063156486,-0.03889352,0.023002565,-0.008915471,0.14346544,-0.32469746,false
202407.600736375,0,0.0068024397,-0.021728456,0.024742723,0.032130547,0.14791742,-0.28491858,false
202407.620736375,0,0.01003021,0.003016293,0.023924768,0.0782861,0.11281197,-0.20019871,false
202407.640736374,19999999,0.013258547,0.027748466,0.023100555,0.12444164,0.07770651,-0.11547886,false
202407.660736374,39999999,0.014167488,0.05446601,0.014543951,0.057038605,0.023956228,0.019655302,false
202407.680736375,0,0.026880413,0.031356692,0.010873973,0.07505896,0.06426415,0.049330935,false
202407.700736375,0,0.032364696,0.035344243,0.0062235594,0.062410437,0.057852663,0.07704004,false
202407.720736375,0,0.027147323,0.0377734,0.006410897,0.02624235,0.025087863,0.10262631,false
202407.740736375,0,0.025190532,0.027049333,0.004195988,-0.02530824,0.010892216,0.1017504,false
202407.760736375,0,0.022630006,0.00892666,0.0049579144,-0.052798122,-0.0031540813,0.07912533,false
202407.780736375,0,0.022025257,0.0022998154,0.007813275,-0.068932995,-0.0028126067,0.059657276,false
202407.800736374,19999999,0.018452257,0.0024974048,0.008309066,-0.08656618,0.008924395,0.05880001,false
202407.820736375,0,0.014552057,-0.0005787611,0.008393645,-0.09541006,-0.0026454162,0.065508,false
202407.840736374,19999999,0.010649711,-0.003656894,0.008474946,-0.10425393,-0.014215228,0.072216,false
202407.860736375,0,0.006465018,-0.02671045,0.022452772,-0.033214547,-0.046205133,0.0029554293,false
202407.880736374,19999999,-0.012071401,-0.01439929,0.022099912,-0.047202207,-0.10477121,-0.0049645323,false
202407.900736375,0,-0.012374163,-0.012365907,0.0140782595,-0.006904196,-0.129183,-0.022538533,false
202407.920736375,0,-0.005454868,-0.0071468055,0.008815348,-0.0028039743,-0.11847321,-0.03724977,false
202407.940736375,0,-0.0055259764,-0.011533946,0.01020807,-0.0027563556,-0.12209403,-0.026102358,false
202407.960736375,0,-0.009372681,-0.0068795383,0.003246367,-0.0115766125,-0.10405935,-0.024219185,false
202407.980736375,0,-0.0077020526,-0.0015817285,0.0009409189,-0.02025453,-0.102892935,-0.0028741974,false
202408.000736374,19999999,-0.010432571,0.0051932335,0.0019937158,-0.045583323,-0.09972657,0.023698568,false
202408.020736374,0,-0.004578382,-0.002952069,-0.004065156,-0.060772188,-0.094768785,0.052002102,false
202408.040736373,19999999,-0.0107753575,-0.004545778,-0.0017885566,-0.060077503,-0.09037273,0.06223961,false
202408.060736374,0,-0.0132570565,-0.0045674145,-0.002385497,-0.055641465,-0.105187625,0.056571763,false
202408.080736374,0,-0.018314451,-0.0074288547,-0.0035497546,-0.050304923,-0.107025385,0.06311098,false
202408.100736374,0,-0.010496527,-0.008798063,-0.005203724,-0.0474787,-0.09851707,0.07787474,false
202408.120736374,0,-0.014126301,0.004289001,-0.00926578,-0.04035624,-0.087838985,0.069868736,false
202408.140736373,19999999,-0.017754555,0.017373562,-0.013330817,-0.033233784,-0.077160895,0.061862726,false
202408.160736374,0,-0.0023002923,-0.0012118518,-0.023121059,0.008286379,-0.012827732,0.0546621,false
202408.180736373,19999999,-0.0061671734,0.0067935884,-0.023346841,0.04465889,0.03543469,0.03841973,false
202408.200736374,0,-0.004334569,0.016262352,-0.024226308,0.05422813,0.088558026,0.054379594,false
202408.220736374,0,0.00041228533,0.017984062,-0.02665466,0.037938926,0.13910589,0.055921253,false
202408.240736374,0,0.0062225163,0.019595444,-0.025405467,0.019699246,0.15484338,0.047781657,false
202408.260736374,0,0.008600116,0.04042068,-0.030258179,-0.03742747,0.17704545,0.0018947236,false
202408.280736373,19999999,-0.006261319,0.016997963,0.0010985136,-0.041681804,0.094095826,-0.04170947,false
202408.300736374,0,-0.0036311746,0.0022280216,0.004591465,-0.021552015,0.04496544,-0.09940466,false
202408.320736374,0,-0.0033608377,-0.009768426,0.0113277435,0.031347215,-0.0029961169,-0.13081157,false
202408.340736374,0,-0.0028167367,-0.007920325,-9.8347664e-05,0.02348441,-0.01882312,-0.10562372,false
202408.360736373,19999999,-0.00960958,0.006782174,0.00014567375,0.04891526,0.0073213372,-0.11414587,false
202408.380736374,0,-0.005777061,0.012274265,0.0030456781,0.056674317,0.040787183,-0.085080765,false
202408.400736374,0,-0.00018632412,0.00756523,0.002590537,0.059523348,0.04930343,-0.055034198,false
202408.420736373,19999999,0.00540483,0.0028544962,0.0021331906,0.06237238,0.05781968,-0.02498763,false
202408.440736373,39999999,0.010996342,-0.001857996,0.0016736984,0.065221414,0.06633593,0.005058935,false
202408.460736374,0,0.0009860992,-0.00091308355,0.011382282,0.06001634,0.037772484,0.041545518,false
202408.480736374,0,0.006146997,-0.0048829913,0.008787215,0.052180424,0.016112076,0.044030875,false
202408.500736374,0,0.015727192,-0.008677512,0.004323721,0.036099393,0.016067978,0.020585986,false
202408.520736374,0,0.014790684,-0.0016101003,0.0064867735,0.021743353,-0.009795442,-0.026593586,false
202408.540736373,19999999,0.013854027,0.0054570735,0.008649766,0.0073873103,-0.035658866,-0.07377316,false
202408.560736374,0,0.0063728094,0.0014471412,0.017321289,-0.01579391,-0.0959229,-0.103978135,false
202408.580736374,0,0.015648544,0.0016983747,0.01213181,-0.039902724,-0.093800776,-0.12789097,false
202408.600736374,0,0.010628194,0.0102754235,0.02370733,-0.035162654,-0.15449142,-0.14823729,false
202408.620736374,0,0.013708353,0.0058839917,0.021560788,-0.04294878,-0.149334,-0.13722865,false
202408.640736374,0,0.008565754,0.004001111,0.020739079,-0.00441147,-0.16837966,-0.099359855,false
202408.660736373,19999999,0.017550826,0.0041515827,0.009581089,0.029834952,-0.13261256,-0.06594169,false
202408.680736374,0,0.018783838,0.014708042,-0.0012295246,0.01395347,-0.08032201,-0.02487272,false
202408.700736374,0,0.016757846,0.01836577,-0.0067733526,-0.03333753,-0.042828973,0.022374455,false
202408.720736374,0,0.0121151805,0.0031386316,-0.0014311671,-0.060583476,-0.029855253,0.035474997,false
202408.740736373,19999999,0.007471919,-0.0120896995,0.0039099455,-0.08782942,-0.016881535,0.048575535,false
202408.760736373,39999999,0.0015818775,-0.011195809,0.00740993,-0.13206618,-0.009512501,0.041685436,false
202408.780736374,0,0.0007444918,-0.015251219,0.0077973604,-0.16365382,-0.007499514,0.036788367,false
202408.800736374,0,-0.0024392009,-0.019774199,0.013294518,-0.1743713,-0.016224917,0.025328688,false
202408.820736373,19999999,-0.00456658,-0.017715722,0.013939023,-0.19884488,-0.017510606,0.015132788,false
202408.840736374,0,-0.0070118904,-0.019060612,0.012668967,-0.22300652,-0.018354092,-0.0035826648,false
202408.860736373,19999999,-0.009481341,-0.023459494,0.011177003,-0.2263693,-0.026059706,-0.0063454625,false
202408.880736374,0,-0.007112801,-0.034892917,0.009540856,-0.20618358,-0.028183518,-0.007102442,false
202408.900736374,0,-0.003161043,-0.031799346,0.008392632,-0.1644342,-0.025378319,-0.009745482,false
202408.920736373,19999999,-0.004308641,-0.026404083,0.017807424,-0.11039585,-0.02470416,0.0030675502,false
202408.940736374,0,-0.0036444664,-0.009664625,0.02455175,-0.07201901,-0.080880746,0.04240769,false
202408.960736374,0,0.0062597096,-0.0036052465,0.022625268,-0.047930077,-0.09395126,0.066878214,false
202408.980736374,0,0.0052969754,-0.006428778,0.02887255,0.004177656,-0.13614199,0.11989389,false
202409.000736373,19999999,0.005533904,0.017315745,0.021197021,0.048788276,-0.15815008,0.15187101,false
202409.020736374,0,0.011921972,0.032221228,0.003562212,0.001602158,-0.17580044,0.17476344,false
202409.040736373,19999999,0.018321246,0.04710999,-0.014091253,-0.04558396,-0.1934508,0.19765587,false
202409.060736373,39999999,0.000854969,0.04113245,-0.0065689087,-0.099883504,-0.21558408,0.19620058,false
202409.080736374,0,0.012307495,0.023602456,-0.017419934,-0.116288975,-0.19595581,0.21351516,false
202409.100736374,0,0.01824069,0.004401535,-0.030872285,-0.10980928,-0.1278022,0.17496648,false
202409.120736373,19999999,0.014274925,0.0041489005,-0.025166094,-0.10049722,-0.06974505,0.143275,false
202409.140736374,0,0.004582405,0.0005196929,-0.02206713,-0.103585675,-0.027243908,0.12392777,false
202409.160736374,0,0.001959592,0.002221197,-0.018308401,-0.10153618,-0.0030186865,0.09308362,false
202409.180736374,0,-0.014425367,0.0070447326,-0.005665958,-0.10619555,-0.03666024,0.09591982,false
202409.200736374,0,-0.010201633,-0.0066912174,0.0057786703,-0.06058222,-0.06351095,0.053272184,false
202409.220736373,19999999,-0.004439771,0.0050344765,0.004742086,-0.050370753,-0.10892336,0.07234304,false
202409.240736374,0,-0.0054287314,0.019970745,0.01708132,-0.05481425,-0.14439598,0.03834831,false
202409.260736373,19999999,0.002444595,0.0027120411,0.00638026,-0.07502465,-0.13526614,0.03441794,false
202409.280736374,0,-0.019800425,0.020763844,0.027237356,-0.069595285,-0.21731415,0.108314335,false
202409.300736374,0,-0.01604721,0.014912069,0.018719435,-0.05771559,-0.22113515,0.12354038,false
202409.320736374,0,-0.009036094,0.011092484,0.0038661957,-0.06472352,-0.2210089,0.15395965,false
202409.340736373,19999999,-0.0020152926,0.007252544,-0.011013389,-0.071731456,-0.22088265,0.18437892,false
202409.360736374,0,-0.0030875802,0.00033298135,-0.017970622,-0.0686553,-0.19720797,0.18815467,false
202409.380589792,0,-0.0074664284,-0.0033092746,-0.017768638,-0.08612575,-0.16512512,0.16988602,false
202409.400589792,0,-0.0145832,-0.01305449,-0.0074372888,-0.072537094,-0.13219297,0.14846295,false
202409.420589792,0,-0.0133600235,0.0018939376,-0.013175786,-0.08854317,-0.10154877,0.12579738,false
202409.440589791,19999999,-0.014144391,0.004956782,-0.016373277,-0.11252281,-0.07877111,0.1053169,false
202409.460589792,0,-0.016391605,-0.001467377,-0.013198316,-0.11851932,-0.051613376,0.07959432,false
202409.480589792,0,-0.01816848,-0.00664109,-0.011641383,-0.104598664,-0.024486113,0.07028947,false
202409.500589791,19999999,-0.015302479,-0.020163685,-0.013360918,-0.06685524,-0.004290715,0.06797933,false
202409.520589792,0,-0.024086356,-0.00792855,-0.0062097907,-0.030661833,-0.021464879,0.055018008,false
202409.540589791,19999999,-0.015336454,-0.002918005,-0.014143348,-0.0036114957,-0.012513024,0.026801797,false
202409.560589792,0,-0.01513949,-0.009802252,-0.009367704,0.02286701,-0.022530977,0.0020935144,false
202409.580589792,0,-0.013228089,-0.012955695,-0.004603088,0.03611746,-0.022908218,-0.036304563,false
202409.600589792,0,-0.009654731,-0.017923743,-0.0033376217,0.023227375,-0.010898476,-0.0569911,false
202409.620589791,19999999,-0.0060806572,-0.02289164,-0.0020722747,0.010337289,0.0011112671,-0.07767764,false
202409.640589791,39999999,-0.0025058687,-0.02785933,-0.0008069873,-0.002552797,0.01312101,-0.09836418,false
202409.660589792,0,-0.0044111907,-0.011530489,-0.0013208389,0.008374939,0.02628155,-0.08871518,false
202409.680589792,0,-0.0014107823,0.00029066205,-0.0064174533,0.009421191,0.030664273,-0.06374583,false
202409.700589792,0,0.006017834,0.013203353,-0.016518056,-0.0029589124,0.052682795,-0.06260021,false
202409.720589791,19999999,0.00296548,0.012691319,-0.009023249,-0.008727163,0.06762544,-0.059283562,false
202409.740589792,0,0.0037799776,0.0125030875,-0.0052248836,-0.011429455,0.07609483,-0.04112721,false
202409.760589791,19999999,0.0052354336,0.01086393,-0.0028556585,-0.012229608,0.074278586,-0.033201758,false
202409.780589791,0,0.005026698,0.006018877,-0.001319766,-0.017597036,0.08869773,-0.0441416,false
202409.800589790,19999999,-0.0016802251,0.002006799,0.0076928735,-0.010057584,0.07188,-0.04564212,false
202409.820589791,0,-0.0026480854,0.003534913,0.009592116,0.009263859,0.04529161,-0.048342932,false
202409.840589791,0,-0.0017096102,0.006598115,0.007039726,0.016872643,0.020763705,-0.047537804,false
202409.860589791,0,0.00051933527,0.004113555,0.0048084855,0.023512602,-0.0018504802,-0.034387723,false
202409.880589790,19999999,-0.0036737025,0.008408397,0.007066667,0.030945428,-0.010942104,-0.02555499,false
202409.900589791,0,-0.000772357,0.009550184,-0.00062578917,0.030576913,-0.011287668,-0.013731093,false
202409.920589791,0,-0.00242424,0.0038324594,-0.0023579597,0.012109071,0.004246586,-0.014008056,false
202409.940589791,0,-0.0040760934,-0.0018852651,-0.004090011,-0.0063587707,0.01978084,-0.0142850205,false
202409.960589791,0,-0.0067605674,-0.00617671,-0.0035005212,0.0027058106,0.021990228,-0.0034077233,false
202409.980589790,19999999,-0.009445071,-0.010468036,-0.0029109716,0.011770391,0.024199616,0.007469574,false
202410.000589791,0,-0.007255167,-0.010481358,-0.0010265112,0.031555623,0.02824035,0.009570652,false
202410.020589790,19999999,-0.005500227,-0.0056952834,-0.0027703047,0.0393041,0.032708716,0.012657376,false
202410.040589791,0,1.7523766e-05,0.0015212893,-0.007106602,0.02255216,0.050614823,0.0060132938,false
202410.060589790,19999999,-0.0010331869,0.004392177,-0.0073881745,-0.0027300678,0.07870761,0.00021454645,false
202410.080589791,0,-0.0026354194,0.005117625,-0.0051920414,-0.011054469,0.101643674,0.014032526,false
202410.100589791,0,-0.004021466,0.008241534,-0.005361378,-0.012233476,0.12583898,0.042516515,false
202410.120589790,19999999,-0.009108752,0.01449126,-0.005541086,-0.030727178,0.13917394,0.0720622,false
202410.140589791,0,-0.0025057495,0.011104882,-0.006073177,-0.048392694,0.14711455,0.08995554,false
202410.160589791,0,-0.0028885007,0.0046387017,-0.0056640506,-0.080381915,0.16998807,0.083179384,false
202410.180589790,19999999,-0.0020570457,-0.0083936155,0.0014984012,-0.082463436,0.16155732,0.071181886,false
202410.200589791,0,0.0011587143,-0.01191178,0.0055633783,-0.074873485,0.159816,0.049804516,false
202410.220589791,0,0.0012906492,-0.009243518,0.0057626367,-0.048066214,0.16102314,0.040835697,false
202410.240589790,19999999,0.0014240146,-0.006572813,0.005953908,-0.021258945,0.16223028,0.03186688,false
202410.260589791,0,-0.008728564,0.0001321435,-0.0022929907,-0.0015762672,0.17043094,0.012127867,false
202410.280589791,0,-0.01084581,0.007975131,0.0019174218,0.009004303,0.1391957,-0.0045738257,false
202410.300589790,19999999,-0.014279991,0.010053813,-0.013402283,0.0051278286,0.1072301,-0.019016203,false
202410.320589791,0,-0.0012998581,0.005153209,-0.010590017,0.0124512995,0.083089575,-0.038313344,false
202410.340589791,0,-0.0020980835,0.009355098,-0.026129305,0.052254703,0.095629245,-0.06650188,false
202410.360589791,0,0.0016008615,0.011857778,-0.0069786906,0.09096323,0.07756593,-0.07572853,false
202410.380589791,0,-0.010908902,0.010935485,-0.011755109,0.1015986,0.06931458,-0.06090305,false
202410.400589790,19999999,-0.010334104,0.013533413,-0.006587267,0.1345263,0.062211297,-0.061570875,false
202410.420589791,0,-0.01009047,0.015868992,-0.006131947,0.14589629,0.03638029,-0.04903038,false
202410.440589790,19999999,-0.018532574,0.0021202564,-0.0042873025,0.16754642,-0.0135547705,-0.07692361,false
202410.460589791,0,-0.020680547,0.009742558,-2.9027462e-05,0.2609049,-0.09396194,-0.08328049,false
202410.480589791,0,-0.004041612,0.028064013,-0.009911239,0.28283817,-0.04911522,-0.03866167,false
202410.500589791,0,-0.008144021,0.036288947,-0.0080567,0.23343876,-0.00019215792,0.022569485,false
202410.520589791,0,-0.0030794144,0.02479291,-0.008261979,0.21639837,0.021973446,0.04065989,false
202410.540589790,19999999,0.001990974,0.013291359,-0.008479059,0.19935799,0.04413905,0.058750294,false
202410.560589790,39999999,0.0070672035,0.001784265,-0.008707941,0.1823176,0.066304654,0.0768407,false
202410.580589790,59999999,0.00880155,-0.0094099045,-0.006999135,0.16572979,0.09988405,0.058235563,false
202410.600589791,0,0.013106853,-0.009909242,-0.0055490136,0.14989944,0.12131515,0.03391225,false
202410.620589791,0,0.011533856,-0.017509043,0.00197649,0.13791709,0.113733225,0.020917088,false
202410.640589790,19999999,0.015667796,-0.019505084,0.003170967,0.14507873,0.123594,-0.0070730206,false
202410.660589791,0,0.015340149,-0.017089754,0.006516576,0.17112337,0.1348458,-0.030046979,false
202410.680589791,0,0.009041369,-0.016289651,0.014360487,0.18243718,0.12623686,-0.037130155,false
202410.700589791,0,0.0067929327,-0.0068161488,0.015307844,0.16698942,0.13598922,-0.04869644,false
202410.720589791,0,0.0017176569,-0.003485322,0.020780087,0.13321856,0.13540299,-0.05161287,false
202410.740589790,19999999,0.00092342496,0.0013772249,0.021362662,0.07082738,0.115715735,-0.051649485,false
202410.760589791,0,0.0023482442,0.0017558634,0.018372834,0.027526446,0.11091389,-0.06047203,false
202410.780589791,0,-0.0019738674,0.0029237866,0.02120471,-0.01483367,0.09552184,-0.05594275,false
202410.800589791,0,-0.0037538707,0.0013561249,0.01701814,-0.078783765,0.08949667,-0.026370725,false
202410.820589791,0,0.0026710033,0.0016206503,0.008800983,-0.098631635,0.09036332,-0.025335703,false
202410.840589790,19999999,0.009096533,0.0018841922,0.0005773306,-0.118479505,0.09122998,-0.024300681,false
202410.860589791,0,0.013727516,-0.006451577,0.005301833,-0.12620898,0.09437187,-0.040859096,false
202410.880589791,0,0.009346038,-0.013265848,0.017255425,-0.089993864,0.04181944,-0.07793295,false
202410.900589791,0,0.004584193,-0.012273729,0.024405599,-0.046000585,-0.003029745,-0.08721327,false
202410.920589790,19999999,0.0039762855,-0.015470177,0.020302236,0.02613005,-0.03395013,-0.06376568,false
202410.940589791,0,0.009087771,-0.0027852058,0.019381106,0.088778,-0.05226039,-0.052541435,false
202410.960589790,19999999,0.032564044,0.0040256977,-0.0071466565,0.08339386,-0.018022485,-0.024326079,false
202410.980589791,0,0.005508423,0.024929643,0.012633622,0.069216244,-0.059404135,0.0160796,false
202411.000589791,0,0.016078115,0.02042234,0.00079631805,0.060343377,-0.04321292,0.034435973,false
202411.020589791,0,0.019100249,0.010228783,0.00065892935,0.045538567,-0.05078844,0.043878537,false
202411.040589790,19999999,0.0138299465,0.0025254488,0.0015978217,0.04630614,-0.028050307,0.031442825,false
202411.060589791,0,0.0128932,0.0023764372,0.0034057498,0.032525897,-0.034073837,0.031377297,false
202411.080589791,0,0.008868039,-0.004368484,0.00799489,0.032839093,-0.032912105,0.006914491,false
202411.100589790,19999999,0.0048428774,-0.011113346,0.012583494,0.03315229,-0.031750374,-0.017548317,false
202411.120589790,39999999,-0.005559504,-0.0064741373,0.01345706,0.0343969,-0.030733181,-0.02816445,false
202411.140589791,0,-0.011242688,0.0055572093,0.01198566,0.023295017,-0.05819188,0.0016944762,false
202411.160589790,19999999,-0.0074210763,0.00047942996,0.0071980357,0.014260016,-0.07906107,0.017582094,false
202411.180589791,0,-0.0035989285,-0.0015369356,0.001111865,0.01068018,-0.06488149,0.027451284,false
202411.200589791,0,-0.0050881803,-0.0047411323,-0.0025339723,0.01641878,-0.048886523,0.03764878,false
202411.220589790,19999999,-0.0021280348,-0.003425926,-0.0033834577,0.007282839,-0.041330274,0.048086755,false
202411.240589791,0,-0.004696399,-0.0045700073,0.0018412471,-0.010993718,-0.044038925,0.038358573,false
202411.260589790,19999999,-0.0073459744,-0.007674873,0.0048882365,-0.027842976,-0.056905944,0.021203827,false
202411.280589791,0,-0.00854069,-0.011607945,0.0031100512,-0.035034876,-0.049050745,0.0018943958,false
202411.300589790,19999999,-0.003541857,-0.0084427,0.00047451258,-0.03173639,-0.04188068,-0.0055778027,false
202411.320589791,0,-0.0029625893,0.0020352304,-0.0052274466,-0.052851565,-0.01867139,-0.013550572,false
202411.340589790,19999999,-0.0057300925,0.009581655,-0.009230316,-0.09247194,0.035802178,-0.016876481,false
202411.360589791,0,-0.009225488,0.014835179,-0.009874642,-0.12153346,0.060130853,-0.0060258964,false
202411.380589790,19999999,-0.009792626,0.011758268,-0.006124556,-0.13157116,0.0298577,0.008379099,false
202411.400589791,0,-0.0025749803,-0.020498484,-0.014003992,-0.09127526,0.036462884,-0.019581731,false
202411.420589790,19999999,-0.0051119924,0.0076648593,-0.013371289,-0.07295502,0.049585223,-0.045084044,false
202411.440589791,0,-0.020548016,0.010095865,-0.0024727583,-0.055946685,-0.0019770525,-0.031844277,false
202411.460589790,19999999,-0.014091104,-0.0015188754,-0.00071018934,-0.036665794,-0.009455185,-0.026380425,false
202411.480589791,0,-0.01330927,0.010465562,-0.008775592,0.012065306,-0.01260764,-0.03880963,false
202411.500589791,0,-0.005544424,0.007705629,-0.011995554,0.017132234,-0.021072134,-0.013952203,false
202411.520589790,19999999,0.006633818,0.005649954,-0.021365464,0.037539683,0.0050246045,-0.008766536,false
202411.540589791,0,0.0039753914,0.0012858808,-0.014679074,0.07102458,0.03702902,-0.023121763,false
202411.560589791,0,0.004396349,0.012331814,-0.012702107,0.067285806,0.061859637,-0.035396885,false
202411.580589791,0,-0.0016958117,0.012344837,-0.0068842173,0.05662223,0.068362035,-0.05782143,false
202411.600589790,19999999,-0.005374253,0.007915437,-0.0015200377,0.043854192,0.05481362,-0.061620798,false
202411.620589791,0,0.001229465,0.0061119497,0.008580446,0.05285655,0.03419873,-0.07541522,false
202411.640589791,0,-0.0014330745,0.007716447,0.011851788,0.043252096,0.009939639,-0.07501783,false
202411.660589790,0,-0.0037348568,0.012755275,0.016825259,0.023460131,-0.0014471086,-0.052948195,false
202411.680589789,19999999,-0.002069205,0.003029734,0.011534452,0.020517949,-0.020954795,-0.05177408,false
202411.700589790,0,-0.00046807528,-0.0063095987,0.0024402738,0.023881925,-0.0022821296,-0.046637528,false
202411.720589790,0,-0.00074735284,-0.005166322,0.003343761,0.034615763,0.00809105,-0.027932048,false
202411.740589789,19999999,0.0013557673,-0.00094118714,0.0039580464,0.03805154,0.013171358,-0.001240775,false
202411.760589790,0,0.00093331933,-0.0057065487,-0.00057399273,0.040622257,0.026470426,0.009528958,false
202411.780589790,0,0.0074129105,-0.008457154,0.0007125139,0.04350642,0.031782534,0.021581594,false
202411.800589790,0,0.0051508844,-0.010597378,0.0037614703,0.044154815,0.03021962,0.017627837,false
202411.820589790,0,0.0057350993,-0.00737074,0.009969056,0.031061152,0.024232175,0.008864693,false
202411.840589789,19999999,0.0013922155,-0.0064882934,0.0072894096,0.020529795,0.021951603,-0.01409716,false
202411.860589790,0,0.0042199194,-0.004698992,0.008121729,0.0089447275,0.013192428,-0.015043021,false
202411.880589790,0,-0.0001963377,-0.0034124851,0.008342326,0.00038417708,0.0008490952,-0.014096163,false
202411.900589790,0,-0.00023186207,-0.0015956461,0.011265576,-0.011711262,-0.0130852135,-0.014463707,false
202411.920589790,0,-0.0027261078,-0.011340678,0.012819469,-0.0003476562,-0.027052388,-0.0013771467,false
202411.940589789,19999999,-0.008115441,-0.019969016,0.017534435,0.04645,-0.035267465,0.003943722,false
202411.960589790,0,-0.009368271,-0.0014108717,0.014410734,0.055805113,-0.06489843,0.01243386,false
202411.980589790,0,-0.0037883818,0.0029986203,0.010383725,0.023161188,-0.086705595,0.049785264,false
202412.000589790,0,0.0077998936,0.001330018,0.00080388784,0.0120292585,-0.064079046,0.039647914,false
202412.020589789,19999999,0.019389242,-0.00033977628,-0.008778214,0.00089732744,-0.041452497,0.029510569,false
202412.040589789,39999999,0.018387556,-0.004483551,-0.0020102859,0.019566411,-0.012998097,0.02529485,false
202412.060589790,0,0.01026988,0.0063841045,0.0015847087,0.03691994,0.0012101829,0.04051392,false
202412.080589789,19999999,0.0083732605,0.016324103,-0.0012798905,0.037492655,-0.01272886,0.07097989,false
202412.100589790,0,0.018049896,0.013400346,-0.009001374,0.022980493,-0.005443173,0.07818659,false
202412.120589790,0,0.01615265,0.0049773753,-0.0027826428,0.010824746,-0.0074345674,0.063244395,false
202412.140589789,19999999,0.012418717,-0.00069722533,0.0031585693,0.00075285416,-0.0076037752,0.04416716,false
202412.160589790,0,0.0053346753,-0.00065389276,0.008751929,-0.009626022,-0.016207006,0.03276693,false
202412.180589790,0,0.0017956793,0.0007035434,0.00919348,-0.02191693,-0.03694968,0.025767658,false
202412.200589790,0,0.0014509261,0.0025264025,0.00795567,-0.039153002,-0.039024565,0.023610547,false
202412.220589790,0,-0.0012671351,0.0021436214,0.009821773,-0.046550643,-0.0482131,0.03253012,false
202412.240589790,0,-0.003131926,0.0030203164,0.0097004175,-0.05094563,-0.055178683,0.044323828,false
202412.260589790,0,-0.00436911,0.001899302,0.0056928396,-0.060148552,-0.054985452,0.05693256,false
202412.280589790,0,-0.0024433136,-0.0010665357,0.0020602345,-0.067325085,-0.05052527,0.06171477,false
202412.300589790,0,-0.0069769025,0.0019392967,0.0018532872,-0.07775687,-0.0461499,0.06253581,false
202412.320589790,0,-0.0053346157,-0.0003235638,-0.0032408237,-0.09059829,-0.04855629,0.064993836,false
202412.340589789,19999999,-0.003692627,-0.0025902092,-0.008338273,-0.10343972,-0.050962683,0.06745186,false
202412.360589789,39999999,-0.0038238764,-0.0062347353,-0.010899365,-0.10668398,-0.04001862,0.05767168,false
202412.380589790,0,-0.008260906,-0.0054606497,-0.010316491,-0.11175047,-0.025663836,0.044331647,false
202412.400589790,0,-0.0082063675,-0.0061941147,-0.012585878,-0.1100743,0.00028352067,0.03428585,false
202412.420589790,0,-0.010753721,-0.0030840635,-0.013281047,-0.121036045,0.022712532,0.035092138,false
202412.440589789,19999999,-0.005387783,0.0012198687,-0.020150363,-0.11439226,0.05147532,0.022168437,false
202412.460589790,0,-0.01344192,0.004252821,-0.0109629035,-0.093231276,0.036546007,0.0011225659,false
202412.480589790,0,-0.015045136,0.0053614676,-0.0065122247,-0.072974935,0.03261148,0.0016507327,false
202412.500589789,19999999,-0.012577951,0.005642742,-0.0050492883,-0.04523074,0.027113132,0.0042174007,false
202412.520589790,0,-0.011834592,0.00802961,-0.0058713555,-0.03345659,0.03870673,-0.0003916612,false
202412.540589790,0,-0.0077310503,0.010356545,-0.0073746443,-0.03547865,0.050889306,-0.007031195,false
202412.560589789,19999999,-0.0017781258,0.0005675256,-0.009746373,-0.024974722,0.07760078,-0.018368093,false
202412.580589790,0,0.00013950467,0.0026176274,-0.011471868,-0.0067113675,0.10476697,-0.028336193,false
202412.600589789,19999999,-0.0053656697,0.0023788214,-0.007482171,0.012273045,0.10699434,-0.02057441,false
202412.620589790,0,-0.0032376945,0.0042337775,-0.009023845,0.026177384,0.112765476,-0.011645088,false
202412.640589789,19999999,-0.0011078715,0.006087929,-0.010569394,0.04008172,0.11853661,-0.0027157655,false
202412.660589790,0,-0.003109932,0.0013846457,-0.005226612,0.051981967,0.10676338,0.003279888,false
202412.680589790,0,9.506941e-05,0.005112201,-0.0041792393,0.054350413,0.10392317,0.0060193427,false
202412.700589789,19999999,0.0028207004,-0.005905509,0.0014676452,0.071052015,0.07469661,-0.0023174807,false
202412.720589790,0,0.008426338,-0.01062277,0.0025393367,0.06904079,0.09052451,-0.036334038,false
202412.740589790,0,0.0013555586,-0.009784073,0.0071834326,0.06990348,0.08382064,-0.059593562,false
202412.760589790,0,-0.0048740506,-0.008262575,0.009158552,0.06750123,0.065554895,-0.09098486,false
202412.780589790,0,-0.007502377,-0.0061861575,0.011090398,0.060527317,0.035720535,-0.11204073,false
202412.800589790,0,-0.0035175085,-0.0019040406,0.0055877566,0.04657682,0.026006103,-0.12954946,false
202412.820589790,0,-0.0005440116,0.0038300753,0.0027490854,0.039550375,0.031746943,-0.13746601,false
202412.840589789,19999999,-0.0014622808,0.008876443,0.007232666,0.022383666,0.02156279,-0.14190273,false
202412.860589790,0,0.014559448,0.008545518,-0.0028247833,0.03820793,0.0050078128,-0.15231054,false
202412.880589790,0,0.0055374503,0.005589515,0.0008431077,0.016201453,-0.007927149,-0.121901914,false
202412.900589790,0,0.004273802,0.005965233,0.0025585294,-0.013656307,-0.005564685,-0.10367622,false
202412.920589789,19999999,0.0030127466,0.0063385963,0.004272938,-0.04351407,-0.0032022211,-0.08545053,false
202412.940589789,39999999,0.0017543137,0.006709665,0.0059863925,-0.073371835,-0.0008397575,-0.06722484,false
202412.960589790,0,-0.0025236905,-0.0012228787,0.01344341,-0.06825068,-0.012903221,-0.07524866,false
202412.980589790,0,-0.006549984,-0.015298277,0.021273017,-0.06528668,-0.08444813,-0.093289256,false
202413.000589789,19999999,-0.0013976693,-0.045352638,0.02368027,0.077509835,-0.21439004,-0.18849832,false
202413.020589790,0,0.019510299,0.0041139424,0.0018919706,0.09707394,-0.13626462,-0.21830036,false
202413.040589790,0,-0.0012305975,0.03685859,0.0073515177,-0.02786886,-0.1273585,-0.0973472,false
202413.060589790,0,0.012872696,-0.0037729442,0.005518198,-0.015067367,-0.063967526,-0.082935154,false
202413.080589790,0,0.009353459,-0.0044994056,0.009999812,0.05898408,-0.05778044,-0.020180501,false
202413.100589790,0,0.011451781,0.017248154,0.0014142394,0.11249214,-0.05299183,0.020186082,false
202413.120589790,0,0.011443883,0.027571857,-0.0029261708,0.09211046,-0.038406678,0.046780378,false
202413.140589789,19999999,0.008538574,0.021236062,-0.0012019277,0.057402942,-0.040062554,0.063447796,false
202413.160589790,0,0.010954261,0.010499537,-0.002256453,0.03369099,-0.048486706,0.06260348,false
202413.180589789,19999999,0.0109787285,0.003976792,-0.0009804368,0.018883359,-0.042972684,0.04564346,false
202413.200589790,0,0.0079191625,0.0011641383,0.0009088516,0.02033151,-0.04457195,0.030610368,false
202413.220589789,19999999,0.0048600137,-0.0016488731,0.002797544,0.02177966,-0.04617122,0.015577274,false
202413.240589789,39999999,0.00033783913,0.00094103813,0.0046301484,0.020174796,-0.055541743,0.014674119,false
202413.260589790,0,-0.002270788,0.0031783283,0.0027717352,0.017274642,-0.06046091,0.015202353,false
202413.280589790,0,-0.005588919,0.0051869154,0.0023241043,0.009160984,-0.05500983,0.026322862,false
202413.300589790,0,-0.008753628,0.0048508346,0.00033187866,0.0018498399,-0.05294836,0.033604123,false
202413.320589790,0,-0.008446306,0.0027549863,-0.0014807582,-0.008333571,-0.05840267,0.044988234,false
202413.340589789,19999999,-0.0011543036,-0.008421183,-0.005051315,-0.003304719,-0.0468931,0.037800252,false
202413.360589790,0,-0.002326101,-0.010742277,-0.0016227961,0.0035669333,-0.031529337,0.018193725,false
202413.380589790,0,-0.003735274,-0.0053583086,-0.0012646914,-0.00489232,-0.01886646,0.006109203,false
202413.400589789,19999999,-0.0042070746,0.0038104951,-0.003749013,-0.036166508,-0.011672286,-0.024069555,false
202413.420589790,0,-0.005343795,-0.001056701,-0.002507329,-0.10826883,-0.01885204,-0.009146198,false
202413.440589790,0,-0.0070052147,-0.02951485,0.004923582,-0.07880556,0.008515246,-0.00781255,false
202413.460589789,19999999,-0.006142527,-0.023661524,0.003956616,0.024666034,0.024558915,-0.038146615,false
202413.480589790,0,0.003965646,0.004253924,-0.007125318,0.026082376,-0.020250922,-0.02562422,false
202413.500589789,19999999,-0.0014844835,0.0028002262,-0.008583665,3.6228448e-06,-0.03945127,-0.004273951,false
202413.520589790,0,-0.007301539,0.011509836,-0.0018690825,-0.022389209,-0.040358555,-0.011126119,false
202413.540589789,19999999,-0.013118386,0.020219505,0.0048454404,-0.044782043,-0.041265838,-0.017978286,false
202413.560589790,0,-0.003788799,9.557605e-05,0.00145787,-0.022477835,-0.02191055,-0.04801452,false
202413.580589789,0,0.0022598803,-0.0075135827,-0.0017663836,0.021765467,-0.0101764,-0.052521355,false
202413.600589788,19999999,0.0020622313,-0.0030755997,-0.0034252405,0.05427773,-0.0029744166,-0.055613402,false
202413.620589789,0,0.0023227632,0.0036512613,-0.0039708614,0.073795944,-0.0026554158,-0.057485305,false
202413.640589789,0,0.0019228756,0.004346162,-0.0023576021,0.10019434,-0.020019412,-0.05339989,false
202413.660589789,0,0.0069179535,0.003386408,-0.0030232072,0.1289267,-0.031007305,-0.06739976,false
202413.680589788,19999999,0.0022202432,0.0025945306,0.0019809604,0.15160565,-0.051103234,-0.08727624,false
202413.700589789,0,0.0036065578,0.0030108094,0.0018573999,0.16371828,-0.06326462,-0.10646476,false
202413.720589789,0,0.00090044737,0.0027923882,0.0026077032,0.17791688,-0.0716901,-0.12149311,false
202413.740589789,0,0.0008941293,0.0038946867,0.002715826,0.1840582,-0.08055078,-0.13108459,false
202413.760589789,0,-0.0022780895,0.006368786,0.0045655966,0.1859871,-0.08211045,-0.13951609,false
202413.780589788,19999999,-0.0035049021,0.0024860501,0.0067315698,0.18015693,-0.08923066,-0.13996881,false
202413.800589789,0,-0.0030487478,0.00051933527,0.005928755,0.1734118,-0.093241654,-0.14326757,false
202413.820589788,19999999,-0.002246499,-0.0032016635,0.0055012703,0.17750639,-0.08884254,-0.15186891,false
202413.840589789,0,-0.006449491,-0.0021800995,0.005979359,0.17692867,-0.08410021,-0.14941923,false
202413.860589788,19999999,-0.0069568157,0.0032159984,0.0057535768,0.16751046,-0.09498308,-0.13865058,false
202413.880589789,0,-0.0013979375,-0.00078353286,0.002994597,0.15246823,-0.08336904,-0.13021702,false
202413.900589788,19999999,0.00092059374,-0.0037555695,0.003799498,0.12666988,-0.07284104,-0.12469893,false
202413.920589789,0,0.002155006,-0.007720828,0.007447064,0.11762226,-0.05888671,-0.12595831,false
202413.940589789,0,-0.0009770691,0.005280733,0.0013461113,0.07839822,-0.049037643,-0.13371418,false
202413.960589789,0,-0.010373414,0.0092276335,0.0033109188,0.02940524,-0.08629826,-0.10922845,false
202413.980589789,0,0.0041456223,-0.0072791576,-0.0020281076,0.015641846,-0.095986605,-0.11697259,false
202414.000589789,0,0.0006400943,-0.019252032,0.00693053,0.030058678,-0.0834858,-0.122386225,false
202414.020589789,0,-0.0064325035,-0.015396029,0.0094252825,0.06287043,-0.08805302,-0.10936459,false
202414.040589788,19999999,-0.011411309,-0.015103638,0.01964581,0.10246463,-0.122225255,-0.091785796,false
202414.060589789,0,-0.020572782,-0.0170888,0.03303522,0.14399989,-0.15812728,-0.049119968,false
202414.080589789,0,-0.022333473,0.0042037964,0.02996099,0.18693322,-0.23038885,-0.024360415,false
202414.100589789,0,-0.0100800395,0.015617132,0.022208273,0.20304373,-0.29450184,-0.007354578,false
202414.120541750,0,0.011120663,0.003565596,0.002928455,0.21517766,-0.30177897,-0.03024242,false
202414.140541749,19999999,0.020964146,0.0050670803,-0.008665144,0.22619219,-0.2738273,-0.07720432,false
202414.160541750,0,0.024172008,0.013386577,-0.017560124,0.20785293,-0.23277327,-0.11834811,false
202414.180541750,0,0.01782918,0.019047916,-0.022203863,0.16591693,-0.19553404,-0.14320926,false
202414.200541750,0,0.013415575,0.018180817,-0.024157047,0.112334624,-0.1646935,-0.15686542,false
202414.220541750,0,0.009432763,0.012010455,-0.022600234,0.068716526,-0.12734574,-0.16303377,false
202414.240541750,0,0.004747838,0.007650405,-0.017870009,0.0370221,-0.08838183,-0.15930782,false
202414.260541750,0,0.002357006,0.0055627525,-0.014860868,0.022990152,-0.05330228,-0.1595278,false
202414.280541749,19999999,-0.0004145503,0.004329264,-0.010731459,0.0070981234,-0.028721778,-0.16140781,false
202414.300541750,0,-0.0018063486,-0.0034662485,-0.0065624714,-0.0025525289,-0.0055242795,-0.19237998,false
202414.320541749,19999999,-0.0068370104,-0.007284105,-0.0015601516,-0.01679137,0.00047950773,-0.24439535,false
202414.340541750,0,-0.0142739415,-0.011269033,0.006793618,-0.027210183,-0.026056169,-0.29927444,false
202414.360541750,0,-0.013857752,-0.025645226,0.011628211,-0.014539286,-0.055302493,-0.35142916,false
202414.380541750,0,-0.016276538,-0.024623245,0.015352368,0.0034832219,-0.0855051,-0.3942579,false
202414.400541749,19999999,-0.015057892,-0.026866525,0.014246643,0.03201844,-0.12115293,-0.43043312,false
202414.420541750,0,-0.010740072,-0.030721933,0.009196579,0.064431906,-0.1402825,-0.47207645,false
202414.440541749,19999999,-0.009503365,-0.032653093,0.007857144,0.1027299,-0.15220623,-0.5148889,false
202414.460541750,0,-0.010762632,-0.031752557,0.0049735904,0.13565724,-0.1682731,-0.5583654,false
202414.480541750,0,-0.009133965,-0.026933908,0.0026225448,0.16050965,-0.20259482,-0.6014327,false
202414.500541750,0,-0.007262945,-0.026291728,0.0052272677,0.17756489,-0.21622697,-0.6502042,false
202414.520541750,0,-0.0096048415,-0.027725846,0.011748195,0.21590486,-0.23181902,-0.6894598,false
202414.540541750,0,-0.008649975,-0.014243871,0.007019639,0.25680047,-0.24515292,-0.6957296,false
202414.560541749,19999999,-0.006793022,0.003035307,0.0049269795,0.29625404,-0.25096914,-0.67914957,false
202414.580541750,0,-0.010622442,0.03538719,-0.0053254366,0.2659889,-0.24729048,-0.64214444,false
202414.600541750,0,-0.005490452,0.04150167,-0.011952341,0.22505075,-0.2357616,-0.57495487,false
202414.620541749,19999999,0.003861189,0.03901735,-0.01864487,0.19147661,-0.18967956,-0.5322314,false
202414.640541750,0,0.009173155,0.0420264,-0.020451307,0.1656292,-0.15420626,-0.48116428,false
202414.660541750,0,0.010755092,0.043599308,-0.019793928,0.12750663,-0.11901733,-0.43613228,false
202414.680541750,0,0.011213928,0.036922574,-0.015204906,0.088638246,-0.09955568,-0.39623806,false
202414.700541749,19999999,0.012511343,0.031161457,-0.011303484,0.049786832,-0.08378573,-0.36828086,false
202414.720541750,0,0.010094076,0.027574837,-0.0048112273,0.013168484,-0.069537796,-0.34439728,false
202414.760541750,0,0.0056768954,0.018579245,0.0057107806,-0.037228443,-0.06539154,-0.287329,false
202414.780541749,19999999,0.006042391,0.013324827,0.0059317946,-0.044209886,-0.06251597,-0.24900883,false
202414.800541750,0,0.0069952905,0.014673471,0.0047445893,-0.0632906,-0.03469283,-0.21463075,false
202414.820541750,0,0.009721786,0.010623276,-0.0004989505,-0.072212666,-0.0150654,-0.1934127,false
202414.840541750,0,0.008262932,0.007224649,0.00195992,-0.08202397,-0.007469159,-0.17148946,false
202414.860541749,19999999,0.009356737,0.0022414327,0.00051242113,-0.09005227,0.0099204015,-0.15465274,false
202414.880541750,0,0.008458167,-0.0023875833,0.0027573109,-0.08454577,0.025365517,-0.1393264,false
202414.900541750,0,0.0023275018,-0.0045248866,0.0040526986,-0.07350423,0.025222795,-0.13142218,false
202414.920541750,0,-0.0008842349,0.0009829998,0.006667435,-0.062325228,0.015888713,-0.10486616,false
202414.940541749,19999999,0.00011742115,0.005946338,0.0070831776,-0.054476812,0.003097237,-0.087337986,false
202414.960541750,0,0.0017517805,0.009722978,0.0035247803,-0.058082804,-0.006829244,-0.07266244,false
202414.980541750,0,0.003753215,0.015652537,-0.0008814335,-0.07148976,0.0039028889,-0.057487164,false
202415.000541750,0,0.0052286983,0.014176369,-0.0066018105,-0.09759375,0.02130749,-0.045965012,false
202415.020541750,0,0.0026592612,0.008382082,-0.001465559,-0.07603516,0.008412823,-0.043410916,false
202415.040541749,19999999,9.11355e-05,0.0025864244,0.0036676526,-0.054476563,-0.0044818455,-0.04085682,false
202415.060541749,39999999,-0.0019106567,-0.00019177794,0.002885878,-0.025660126,-0.013554882,-0.039128933,false
202415.080541750,0,0.0012243986,0.0061230958,-0.0019986033,-0.0051352363,-0.0037978245,-0.03065005,false
202415.100541750,0,0.0011472702,0.0047855973,0.00012087822,0.008120405,-0.005650268,-0.02457641,false
202415.120541749,19999999,-0.0024695396,0.00041538477,0.0027656555,0.028506272,-0.03911014,-0.03778064,false
202415.140541749,0,-0.0074278414,1.0073185e-05,0.0040158033,0.07437932,-0.105922244,-0.04739724,false
202415.160541748,19999999,0.00634405,-0.013246179,0.0008124709,0.13069493,-0.09702485,-0.0375643,false
202415.180541749,0,0.0062448382,0.011727303,-0.0026165843,0.1101824,-0.04740131,-0.025513083,false
202415.200541749,0,-0.0005271733,0.01023069,0.0033236742,0.04837517,-0.039676078,0.0016976558,false
202415.220541748,19999999,-0.0007287264,0.003760308,0.004707873,0.024698982,-0.023116432,0.008608088,false
202415.240541749,0,0.0021319985,0.0066895485,0.002186954,0.029987847,-0.03421417,0.02585877,false
202415.260541749,0,0.011656344,0.0110961795,-0.009955704,-0.0030363332,0.018488724,0.03380301,false
202415.280541749,0,0.013475597,0.007814169,-0.010898054,-0.029958082,0.0764675,0.035870086,false
202415.300541749,0,0.008310586,0.004335016,-0.0043020844,-0.03271395,0.06959151,0.03392326,false
202415.320541748,19999999,0.0031457841,0.00085672736,0.0022915006,-0.035469815,0.062715515,0.031976435,false
202415.340541748,39999999,-0.0020187795,-0.0026207864,0.008882701,-0.03822568,0.055839516,0.030029608,false
202415.360541749,0,-0.008223146,-0.006207645,0.016158342,-0.010569412,0.024381276,0.027673403,false
202415.380541749,0,-0.000346452,0.008603781,0.008336067,-0.0092229135,0.022616236,0.013901324,false
202415.400541749,0,-0.00050872564,-0.0031003654,0.0019193292,-0.038947716,0.012218277,0.016775245,false
202415.420541748,19999999,-0.0020178258,0.0016431212,0.004027784,-0.028606365,0.009281495,0.019756578,false
202415.440541749,0,0.0025480092,-0.0035642385,4.7683716e-06,-0.015770376,0.039347623,0.016755858,false
202415.460541749,0,-0.0012875199,0.0026304126,0.0024134517,0.0015641022,0.04322717,0.02883048,false
202415.480541749,0,-0.002076298,-0.0006812811,0.0034735799,0.005438337,0.031671498,0.041748334,false
202415.500541749,0,0.005014986,0.0004774928,-0.0005931258,0.0045800298,0.027818996,0.048319668,false
202415.520541748,19999999,0.0069340467,0.0008956194,-0.004810095,-0.0113881845,0.047359407,0.03596607,false
202415.540541749,0,0.0034303665,-0.0048722923,-0.0024075508,-0.009969686,0.076937556,0.043012176,false
202415.560541748,19999999,0.007904768,0.0030739307,-0.006346643,-0.020512255,0.09439762,0.047939144,false
202415.580541749,0,0.000736624,0.005540073,0.00280869,-0.027013278,0.08272805,0.054694626,false
202415.600541749,0,-0.00045251846,0.0055144727,0.0017448068,-0.027551062,0.068771616,0.044070683,false
202415.620541748,19999999,-0.0016413927,0.0054894984,0.0006798506,-0.028088847,0.054815177,0.033446744,false
202415.640541748,39999999,-0.0028300881,0.005465299,-0.00038605928,-0.02862663,0.040858738,0.022822801,false
202415.660541748,59999999,-0.0043007135,0.004767239,0.00021874905,-0.025067156,0.012234665,0.02178833,false
202415.680541749,0,-0.00062534213,0.0021483004,-0.00095540285,-0.019491596,0.0074818805,0.017931998,false
202415.700541749,0,-0.0008826852,-0.00085031986,0.0012856722,-0.0062607564,0.004507489,0.008373967,false
202415.720541748,19999999,-0.0029260218,-0.00040486455,0.0020172,0.0053378725,-0.018683953,-0.012715585,false
202415.740541749,0,-0.015800685,-0.0038959086,0.012129068,0.032891173,-0.12299271,-0.06856974,false
202415.760541749,0,0.0012561679,-0.003709972,0.00060385466,0.04931602,-0.1384433,-0.072722524,false
202415.780541749,0,0.0037335753,0.0052449107,-0.0033885837,0.0679118,-0.14144523,-0.083299845,false
202415.800541748,19999999,0.009486645,0.007877409,-0.010034859,0.051262453,-0.09583352,-0.07945058,false
202415.820541749,0,0.003532201,0.01146853,-0.005769253,0.03585064,-0.05776302,-0.06108127,false
202415.840541749,0,-0.0008727014,0.011589438,-0.0025128722,0.035150528,-0.04444859,-0.044734545,false
202415.860541748,19999999,-0.0029362738,0.01312694,-0.0020403266,0.024388373,-0.034582414,-0.013402466,false
202415.880541749,0,0.0022039711,0.008141696,-0.0063549876,0.018941998,-0.030294528,0.016000072,false
202415.900541748,19999999,0.009586394,-0.00022518635,-0.009828329,0.01370324,0.005643895,0.0075172987,false
202415.920541749,0,0.005524397,-0.0002001524,-0.0041484833,0.017918965,0.0152912075,0.00013758987,false
202415.940541748,19999999,0.0014623404,-0.00017511845,0.0015310049,0.02213469,0.02493852,-0.007242119,false
202415.960541748,39999999,-0.00174281,0.004185021,0.005454421,0.020423423,0.009886626,-0.007076207,false
202415.980541749,0,0.0018794537,0.005983293,0.0033554435,0.0059741735,0.0046195514,-0.009092513,false
202416.000541749,0,0.0022616386,0.0016000569,0.005471587,0.0033742143,-0.0035493695,-0.013708305,false
202416.020541748,19999999,0.0016769469,0.005878836,0.0043320656,0.0015853851,-0.003342868,-0.0136496015,false
202416.040541749,0,-0.0020207763,0.0065933764,0.004754901,-0.0028219593,-0.008043373,0.0011682501,false
202416.060541749,0,0.0006878972,0.0037718415,0.00018250942,0.0020012597,-0.013137139,0.014105329,false
202416.080541749,0,0.0013810992,-0.00046929717,0.0008687377,0.002945098,0.013128962,0.026701625,false
202416.100541749,0,0.0047011375,0.0046534836,-0.006583214,-0.0031675305,0.035404332,0.02795705,false
202416.120541748,19999999,-0.004159093,0.006637037,0.0022481084,-0.015808605,0.021292347,0.052465834,false
202416.140541749,0,0.0038470924,-0.0012055635,-0.0031577945,-0.027210737,0.04142671,0.049712352,false
202416.160541748,19999999,0.0050786436,-0.0029537976,-0.00077962875,-0.037808634,0.07256199,0.05141239,false
202416.180541749,0,0.0035655797,-0.005818248,-0.0012130141,-0.045568302,0.0774431,0.037084848,false
202416.200541748,19999999,-0.0014919341,-0.003906369,0.004683137,-0.030966586,0.06257487,0.011252176,false
202416.220541749,0,-0.0029202104,-0.0037615001,0.0058654547,-0.020529054,0.029554345,0.0008162847,false
202416.240541748,19999999,-0.004348278,-0.0036168396,0.007047653,-0.010091523,-0.003466189,-0.009619607,false
202416.260541748,39999999,0.003555715,-0.0056198835,0.00027567148,0.0054771425,0.0120361205,-0.014469756,false
202416.280541749,0,-0.004650563,-0.0048187375,0.003943205,0.020223182,0.031664453,-0.012528174,false
202416.300541748,19999999,-0.004831612,0.011131644,-0.0015820265,-0.009004116,0.0034621488,-0.015549913,false
202416.320541749,0,-0.004873812,0.003001541,0.0023192763,-0.05196952,0.024102246,0.006622115,false
202416.340541749,0,-0.00013044477,0.00013715029,-0.0011172295,-0.039258815,0.0366395,0.0049490808,false
202416.360541749,0,-0.0020763874,0.009610385,-0.009414971,-0.09270348,0.07476806,0.0051634787,false
202416.380541749,0,-0.015484422,0.017358989,0.0009485483,-0.11130701,0.007623993,0.040755223,false
202416.400541748,19999999,0.0014429986,-0.004806161,-1.9907951e-05,-0.048696846,-0.007366324,0.032910917,false
202416.420541749,0,0.014529765,-0.0064055324,-0.0028563142,-0.013101488,0.0637235,0.05152476,false
202416.440541748,19999999,0.023813099,-0.0023143291,-0.016758025,-0.016908392,0.15289158,0.049828194,false
202416.460541749,0,-0.002534151,0.003102541,-0.00029611588,-0.0131097585,0.1471682,-0.013556331,false
202416.480541749,0,-0.014627308,0.014950365,0.012196481,-0.017858177,0.023661353,-0.010880597,false
202416.500541748,19999999,0.031288773,0.009106129,0.046878636,0.010406053,0.09485884,0.19725934,false
202416.520541749,0,0.020526618,0.0068694055,0.032242537,-0.0030105226,0.08637865,0.124154545,false
202416.540541748,19999999,0.009765148,0.004632771,0.017604649,-0.0164271,0.07789845,0.051049754,false
202416.560541749,0,0.0024935901,0.00415805,0.013548732,-0.01590744,0.04764101,0.027046356,false
202416.580541749,0,0.0018801093,0.0062685013,0.007963419,-0.013529333,0.025279,0.019422892,false
202416.600541749,0,0.0026258826,0.00025460124,0.0071548223,-0.0036905538,0.015849054,0.00546939,false
202416.620541748,19999999,-0.002165556,0.0008864403,0.012613714,0.015933318,0.004788913,-0.00022071926,false
202416.640541749,0,-0.0001231134,0.004632592,0.00891757,0.032032706,-0.018601097,-0.0003888813,false
202416.660541748,19999999,0.0019395351,0.013281345,0.0015003681,0.025396124,-0.01983218,-0.0039198208,false
202416.680541749,0,0.00068306923,0.014790207,-0.00047010183,0.011906054,-0.023849031,0.009747118,false
202416.700541749,0,0.0002810061,0.012018561,-0.003043592,-0.003711016,-0.028092941,0.033347905,false
202416.720541749,0,-0.0004388988,0.0062718987,-0.0033988357,-0.0072347564,-0.023799073,0.059646554,false
202416.740541749,0,0.0048910975,-0.00489375,-0.004863739,0.008850547,-0.0061353147,0.06967612,false
202416.760541749,0,0.005604565,-0.008035094,-0.003715098,0.020968761,0.011568399,0.05979992,false
202416.780541749,0,0.003199309,-0.009381801,0.0001283288,0.03217887,0.025076233,0.046034895,false
202416.800541748,19999999,-0.0014259815,-0.01080364,0.0078018904,0.049276456,0.021218456,0.04190717,false
202416.820541749,0,-0.0051130354,-0.008604169,0.009498894,0.060149,0.00984007,0.03714108,false
202416.840541748,19999999,-0.0066115856,-0.003322959,0.0074604154,0.06102634,-0.008220837,0.040975496,false
202416.860541749,0,-0.0039536357,-0.00081297755,0.0036123395,0.05246708,-0.0072241393,0.027232371,false
202416.880541748,19999999,-0.0017273426,0.0027845502,0.0007330775,0.039919764,-0.013416807,0.018404659,false
202416.900541749,0,0.0009898543,0.0046616197,-0.0033987164,0.019552238,-0.00975501,0.005669675,false
202416.920541749,0,0.00066143274,0.006434858,-0.0044063926,-0.0030362792,-0.0052399635,-0.0038445462,false
202416.940541749,0,0.00068354607,0.0047623217,-0.0039382577,-0.022064628,-0.003472765,-0.011030421,false
202416.960541749,0,0.0002078116,0.0025556087,-0.0037297606,-0.037110575,0.001916741,-0.0147077255,false
202416.980541749,0,-0.002829522,-0.0015552342,-1.001358e-05,-0.038064327,-0.00083759776,-0.026139105,false
202417.000541748,19999999,-0.00923869,-0.005372852,0.0068478584,-0.018851766,-0.03798648,-0.045235194,false
202417.020541748,0,-0.009724617,-0.011119515,0.008860052,0.02589692,-0.109943055,-0.065026075,false
202417.040541748,0,-0.0035917163,-0.007920533,0.004492283,0.06930197,-0.13211356,-0.083988346,false
202417.060541747,19999999,0.0010379553,0.0002773404,0.00095790625,0.0899203,-0.11670403,-0.06698436,false
202417.080541748,0,-0.0006631315,-0.0020115077,0.0027474165,0.11879049,-0.101706766,-0.055372734,false
202417.100541748,0,-0.0011461079,-0.0057421923,0.005718887,0.21551019,-0.07399973,0.02392177,false
202417.120541747,19999999,-0.0016252398,-0.009480715,0.008669972,0.31222987,-0.046292704,0.103216276,false
202417.140541747,39999999,-0.0021006465,-0.013227254,0.011600673,0.40894955,-0.018585676,0.1825108,false
202417.160541748,0,0.0015395284,-0.0012225807,0.0025783181,0.5437687,0.0007179007,0.26427534,false
202417.180541747,19999999,0.01865384,0.036164105,-0.025803864,0.600056,0.035299838,0.31604224,false
202417.200541748,0,0.019521773,0.05081442,-0.03153628,0.57907015,0.06795651,0.33151343,false
202417.220541747,19999999,0.016797662,0.054880977,-0.030564427,0.50227433,0.06374002,0.31923547,false
202417.240541748,0,0.010972053,0.048154205,-0.022584021,0.3909394,0.0713539,0.29149643,false
202417.260541747,19999999,0.0027996004,0.03559056,-0.011805832,0.29015023,0.06167939,0.24390584,false
202417.280541748,0,-3.129244e-05,0.029036492,-0.009407759,0.15852945,0.04615629,0.19112289,false
202417.300541747,19999999,0.018395036,0.01197803,-0.014855325,0.086342886,0.09048245,0.02767782,false
202417.320541748,0,0.0026922226,-0.029043704,0.010376155,-0.012683414,0.008905433,0.047437984,false
202417.340541748,0,-0.0016025603,-0.023779541,0.010233283,-0.076134816,0.04319591,0.007354658,false
202417.360541748,0,-0.00086709857,-0.021633178,0.014826119,-0.10187543,0.050698042,-0.00052777305,false
202417.380541748,0,0.021155447,-0.004287839,-0.007108271,-0.17613491,0.14848354,-0.013034683,false
202417.400541748,0,0.024326354,0.024911612,-0.015808523,-0.18785813,0.17253621,-0.008520379,false
202417.420541748,0,-0.0019099116,0.000803113,-0.00027412176,-0.18493511,0.14055376,-0.03481273,false
202417.440541747,19999999,-0.028144836,-0.023308516,0.015226424,-0.18201208,0.108571306,-0.06110508,false
202417.460541748,0,-0.026417345,-0.05089736,0.008841634,-0.08410279,0.09078665,-0.12000899,false
202417.480541748,0,-0.027739555,-0.020568997,0.0010302663,-0.16798787,0.030494727,-0.07307735,false
202417.500541748,0,-0.01960808,-0.02745977,0.0052470565,-0.15245672,0.022179384,-0.068757445,false
202417.520541748,0,-0.0074471235,-0.02748555,0.012541175,-0.069781855,0.019496318,-0.09643249,false
202417.540541748,0,3.6865473e-05,-0.003746003,0.00056904554,-0.08634576,0.08170815,-0.10156196,false
202417.560541747,19999999,-0.013437331,-0.0020153224,0.0067439675,-0.06466435,0.057336822,-0.09682986,false
202417.580541748,0,-0.013988256,0.0014347732,0.00537771,-0.06107364,0.05469428,-0.058883578,false
202417.600541748,0,-0.016213626,-0.0033246279,0.013090789,-0.024684358,0.020220332,-0.05391382,false
202417.620541747,19999999,-0.004735887,0.00048398972,0.002722621,-0.035227228,0.038827598,-0.04810703,false
202417.640541748,0,-0.0054587424,0.0038453639,0.0024597645,-0.04543445,0.046508104,-0.053620756,false
202417.660541748,0,-0.012046576,-0.0073768497,0.011287749,-0.03071573,0.040149316,-0.042062894,false
202417.680541748,0,-0.017021358,-0.0107575655,0.018966913,-0.0004760567,-0.0053854994,-0.026507866,false
202417.700541748,0,-0.0064329207,-0.0051632524,0.009637654,-0.018926948,-0.025252068,-0.032739457,false
202417.720541747,19999999,0.0041562915,0.00043219328,0.00030595064,-0.03737784,-0.04511864,-0.03897105,false
202417.740541747,39999999,0.0147462785,0.006028801,-0.009028077,-0.05582873,-0.06498521,-0.045202643,false
202417.780541748,0,-0.009035081,-0.02906838,0.012140632,-0.0041782856,-0.09101545,-0.10594092,false
202417.800541748,0,-0.003455937,-0.026380926,0.0031012297,0.050773945,-0.10981971,-0.07679851,false
202417.820541747,19999999,-0.010400325,0.006103784,-0.0011894703,0.0699043,-0.13457246,-0.014109015,false
202417.840541748,0,0.015261203,0.0033302605,-0.011739075,0.12155032,0.008968189,-0.06932897,false
202417.860541748,0,0.009802371,0.03139022,-0.004714787,0.090622775,-0.020456435,-0.067140244,false
202417.880541748,0,0.006517768,0.042956233,-0.008432925,-0.020772554,0.009838803,-0.037761692,false
202417.900541748,0,0.009375542,0.03220418,-0.0077440143,-0.083740056,0.02054143,-0.023797533,false
202417.920541748,0,0.005242288,0.027070671,0.00027638674,-0.113363415,0.06064234,-0.02127904,false
202417.940541748,0,0.0015513897,-0.011196792,0.011069179,-0.10116701,0.0861454,0.008036168,false
202417.960541747,19999999,-0.0019362867,0.0013486445,0.008047342,-0.05525615,-0.007939123,-0.033665754,false
202417.980541748,0,0.009603262,0.007042527,-0.0041944385,-0.06592667,0.0042256396,-0.027494509,false
202418.000541748,0,0.007813841,0.008275688,-0.0027318597,-0.08084454,0.0066968063,-0.028127259,false
202418.020541747,19999999,0.0060257018,0.009507239,-0.0012720823,-0.095762394,0.009167973,-0.028760007,false
202418.040541747,39999999,0.0042387545,0.0107373595,0.00018453598,-0.11068025,0.01163914,-0.029392757,false
202418.060541747,59999999,0.00029072165,0.0019222796,0.0030913353,-0.11106588,0.010001036,-0.009119131,false
202418.080541748,0,0.002361536,-0.006285727,0.0061808825,-0.073121,-0.0031238226,0.004667486,false
202418.100541748,0,0.0049938858,-0.0074147284,0.0056557655,-0.01595258,0.020465825,0.021493904,false
202418.120541748,0,0.004183799,-0.0038905144,0.0029889941,0.04228976,0.008302924,0.019535298,false
202418.140541748,0,-0.0020012558,-0.004376143,0.0068280697,0.08603768,0.016580269,0.026246017,false
202418.160541748,0,-0.0044700205,0.014858872,0.0044748187,0.096434556,0.0040564975,-0.0004532542,false
202418.180541747,19999999,-0.0016242266,0.010897815,-0.0043218136,-0.018030085,0.00403369,0.05094313,false
202418.200541748,0,-0.0019893646,0.0012575984,0.00157094,-0.046257533,0.027424578,0.035057902,false
202418.220541747,19999999,0.004540086,-0.0031000078,0.0029157996,-0.049141075,0.04862338,0.023568168,false
202418.240541748,0,0.01027596,-0.0066351295,0.001794219,-0.06874812,0.092836134,0.045955196,false
202418.260541747,19999999,9.393692e-05,-0.0018438399,-0.003247738,-0.0680425,0.12833817,0.06349335,false
202418.280541748,0,-0.0099289715,-0.005781591,0.003120184,-0.036997683,0.087018445,0.06424964,false
202418.300541748,0,-0.004858613,-0.014212877,0.0019407868,0.022680972,0.0034968182,0.036967695,false
202418.320541747,19999999,0.0037390888,-0.01015079,-0.0019416809,0.073389366,-0.018793816,-0.030105785,false
202418.340541748,0,0.0040420294,0.03975895,-0.013328075,-0.029765569,0.02168548,-0.021449763,false
202418.360541747,19999999,-0.001070261,0.003523618,0.0061309934,-0.05900194,0.014638418,-0.019509064,false
202418.380541748,0,-0.00020077825,0.0012094378,0.0073910356,-0.055390812,0.0056127766,-0.035910256,false
202418.400541748,0,-0.0010791719,0.0005427003,0.008048177,-0.045846608,0.001045764,-0.025612101,false
202418.420541747,19999999,-4.851818e-05,0.0030897856,0.006448686,-0.056948088,0.010600505,-0.011097549,false
202418.440541748,0,-0.00016272068,-0.0043977797,0.01303345,-0.040424645,0.004810092,-0.0067313383,false
202418.460541747,19999999,0.0023484528,0.010296166,0.009501696,-0.0675011,-0.027026143,-0.01738222,false
202418.480541748,0,-0.0013480484,-0.010431439,0.00888896,-0.04053788,-0.09074606,-0.06518102,false
202418.500541748,0,0.004266709,-0.0054225326,-0.0063380003,-0.061934814,-0.048815865,-0.09784548,false
202418.520541747,19999999,-0.003111273,-0.0026443303,-0.004337847,-0.10371759,-0.0680562,-0.05118971,false
202418.540541748,0,-0.009036154,-0.0012753308,0.0055209994,-0.061197087,-0.020380434,-0.05727772,false
202418.560541748,0,0.0025626123,-0.012268364,-0.0012646317,-0.019858278,-0.0007268302,-0.048269413,false
202418.580541748,0,-0.004848689,-0.0074206293,0.0018555522,0.00036955066,0.009403836,-0.012938958,false
202418.600541748,0,-0.0021188855,-0.0044780076,0.0014092922,0.006607624,0.01363913,-0.008153306,false
202418.620541747,19999999,0.0006111264,-0.0015356541,0.0009626746,0.012845697,0.017874423,-0.003367655,false
202418.640541747,39999999,0.0033412278,0.0014066696,0.0005155206,0.01908377,0.022109717,0.0014179968,false
202418.660541747,59999999,0.005334884,0.0044278502,0.0012443066,-0.008218471,0.017138625,0.009369144,false
202418.680541748,0,0.006440133,0.00034335256,0.00424695,-0.02086351,0.0389435,0.012517523,false
202418.700541748,0,0.0033669472,0.0119048655,0.0008045435,-0.058106285,0.0473246,0.02246575,false
202418.720541748,0,0.0013112128,0.011301428,-0.0029269457,-0.07681694,0.053261362,0.036165174,false
202418.740541748,0,-0.005594045,0.0066491067,-0.001334548,-0.093364,0.050512888,0.040122926,false
202418.760541748,0,-0.004964441,-0.0015674531,-0.0053495765,-0.08305584,0.035542548,0.026840497,false
202418.780541748,0,-0.0017656982,-0.004433602,0.00043809414,-0.051548563,0.02305843,0.032879323,false
202418.800541747,19999999,-0.0021933317,-0.0022501051,0.0025002956,-0.016781263,-0.0027364288,0.047655895,false
202418.820541748,0,-0.0071154833,-0.001262486,0.009278417,0.047452107,-0.0785943,0.02059088,false
202418.840541748,0,-0.0021575093,0.00352785,0.0010311604,0.048734836,-0.09179283,0.023227006,false
202418.860541747,19999999,0.0028633177,-0.006722629,0.006340623,0.13240348,-0.06501286,0.034764998,false
202418.880524958,0,0.0048306575,0.055918425,-0.016737983,0.013603266,0.0012421294,0.03280355,false
202418.900524958,0,0.0042354465,0.03285724,-0.006978035,0.013650661,0.023735587,0.035450373,false
202418.920524957,19999999,0.0036399066,0.009796232,0.0027813315,0.013698056,0.046229046,0.03809719,false
202418.940524957,39999999,0.0061552525,0.0070586205,0.0019257069,0.010558017,0.068779215,0.055428587,false
202418.960524958,0,0.006974578,0.009202212,-0.004808545,0.01658592,0.08929577,0.050388705,false
202418.980524958,0,-0.0012427866,0.01499781,-0.007883668,0.020256048,0.08945649,0.0305778,false
202419.000524958,0,-0.016002506,0.0030307174,-0.00057023764,0.016030453,0.030071076,0.0027520414,false
202419.020524958,0,-0.012350351,0.004845172,-0.0029494762,0.00443804,0.008368181,0.015315013,false
202419.040524957,19999999,-0.008698016,0.0066595078,-0.0053287745,-0.0071543735,-0.013334718,0.027877985,false
202419.060524958,0,-0.0041624308,0.0069913864,-0.007848978,-0.021356674,0.002628697,0.027647844,false
202419.080524957,19999999,-0.0044369996,0.0037657917,-0.004500389,-0.030891206,0.008910131,0.027922953,false
202419.100524958,0,-0.0036323369,-0.0011593401,0.001095295,-0.03600117,0.0013629324,0.029969037,false
202419.120524957,19999999,0.0019143522,-0.01292339,0.0035400987,-0.022303682,0.0062603718,0.024117265,false
202419.140524958,0,-0.0028482378,-0.015254438,0.005630493,-0.0012292378,0.0006387313,0.00466403,false
202419.160524958,0,-0.0029786527,-0.0154978335,0.0024181604,0.01655998,-0.030253517,-0.01456869,false
202419.180524957,19999999,-0.0032915473,-0.018656373,0.006275356,0.0961334,-0.09183631,-0.074773,false
202419.200524958,0,-0.003962666,-0.0074174106,0.008962214,0.07497944,-0.08730383,-0.052087124,false
202419.220524957,19999999,-0.0046352744,0.0038223565,0.011645794,0.053825468,-0.082771346,-0.029401254,false
202419.240524957,39999999,-0.004123926,0.0031955242,0.013300121,0.0685495,-0.07700545,-0.002441069,false
202419.260524958,0,-0.000846982,0.005477071,0.0079087615,0.07526101,-0.068798006,0.021096595,false
202419.280524957,19999999,0.002130121,0.0064302385,-7.259846e-05,0.06478455,-0.054964095,0.04382819,false
202419.300524958,0,0.005734563,0.008921027,-0.0061484575,0.061454315,-0.048340283,0.039705127,false
202419.320524958,0,0.00676167,0.008632749,-0.008138418,0.034963265,-0.030577818,0.044108175,false
202419.340524957,19999999,0.008208871,0.0069583356,-0.007636726,0.008706111,-0.008096486,0.043153513,false
202419.360524958,0,0.009156108,0.0024452806,-0.0028812885,-0.0072578844,0.0220596,0.038726497,false
202419.380524958,0,0.0029420257,-0.002253443,0.005409479,-0.01102433,0.03433034,0.035756823,false
202419.400524957,19999999,-0.0016592741,0.00040087104,0.008543372,-0.011322082,0.055699885,0.037015337,false
202419.420524958,0,-0.009355485,0.007171333,0.0091612935,-0.043105774,0.06405534,0.05494753,false
202419.440524957,19999999,-0.0012497902,0.007566929,-0.010580301,-0.0888282,0.10401909,0.063217334,false
202419.460524958,0,0.037152648,0.027767897,-0.041171193,-0.1422726,0.15659952,0.13747929,false
202419.480524957,19999999,-0.0048366785,-0.0344581,-0.0010802746,-0.08366983,0.1747653,0.033439092,false
202419.500524958,0,-0.018931925,-0.006829411,0.004240155,-0.022144962,-0.001153037,-0.0124156065,false
202419.520524958,0,-0.0117994845,-0.0005581081,0.0031869411,-0.027662514,-0.017004916,-0.036066435,false
202419.540524957,19999999,-0.004665792,0.005714178,0.0021332502,-0.033180065,-0.032856792,-0.05971726,false
202419.560524957,39999999,0.002469033,0.011987597,0.0010789037,-0.038697615,-0.04870867,-0.083368085,false
202419.580524957,59999999,-0.0063947737,0.015108585,0.006212294,-0.045607943,-0.03234019,-0.08600077,false
202419.600524958,0,-0.0027259588,0.010506481,0.008096993,-0.021903703,-0.024995191,-0.06068646,false
202419.620524958,0,-0.0060040355,0.012812167,0.008758426,-0.007234308,-0.02539326,-0.027739573,false
202419.640524957,19999999,-0.0011332929,0.008223653,-0.008975863,0.0017440598,0.009971729,0.0010910276,false
202419.660524958,0,-0.0006246567,0.003344059,-0.006134331,0.016864615,0.025653604,0.036293752,false
202419.680524958,0,0.0025197864,0.005681187,-0.0064462423,-0.009438252,0.050621413,0.07745962,false
202419.700524957,19999999,0.0040100217,-0.0045008957,-0.014893472,-0.033137314,0.096763596,0.10869309,false
202419.720524958,0,-0.0042188168,-0.024230212,-0.019654214,-0.028442435,0.13433221,0.08382988,false
202419.740524957,19999999,-0.018142283,-0.02796346,-0.010926247,0.0063785464,0.06940244,0.017079584,false
202419.760524958,0,-0.0143202245,-0.02533701,0.00661397,0.044090953,-0.015002266,-0.047908746,false
202419.780524957,19999999,-0.011639684,-0.012997091,0.009533405,0.053486682,-0.07108268,-0.08125965,false
202419.800524958,0,0.0058992207,-0.0015325844,-0.0006532073,0.034583356,-0.051454924,-0.11781505,false
202419.820524958,0,0.0029046535,0.00547716,0.004573524,0.06764863,-0.04590364,-0.10337196,false
202419.840524957,19999999,-9.176135e-05,0.012487382,0.0097978115,0.100713894,-0.04035236,-0.08892888,false
202419.860524958,0,-0.0031712353,0.042479575,-0.0005425215,0.013404101,-0.03183541,-0.020404123,false
202419.880524958,0,0.0037645102,0.029103398,-0.0023471117,-0.014168626,0.027190626,-0.022074416,false
202419.900524958,0,0.007110417,0.003921956,-0.00052934885,-0.03129042,0.045508295,0.012176216,false
202419.920524958,0,0.0014773905,-0.0010594428,0.0051664114,-0.03988251,0.06603449,0.034326866,false
202419.940524958,0,0.006038755,-0.005488962,-0.012892246,-0.031000838,0.07315576,0.05859768,false
202419.960524958,0,0.00442189,-0.012135148,-0.018194616,-0.013751449,0.12495677,0.03329949,false
202419.980524958,0,-0.015477687,-0.0028264523,0.004266441,-0.029678514,0.047785617,0.038571533,false
202420.000524958,0,-0.008954078,0.0039687157,0.0017867088,0.023093773,0.0017831177,0.026968628,false
202420.020524957,19999999,-0.0024299324,0.010763347,-0.00069385767,0.07586606,-0.044219382,0.0153657235,false
202420.040524958,0,0.0046393573,0.015345305,-0.009273291,0.042413883,-0.067898214,0.0131957475,false
202420.060524958,0,0.004594326,0.004074812,-0.0025581121,0.06463741,-0.09284306,-0.03761506,false
202420.080524958,0,0.00063475966,0.0060271025,0.0011423826,0.059879415,-0.09909915,-0.028359171,false
202420.100524957,19999999,-0.0006597936,0.007648587,0.0042072535,0.081224374,-0.08421769,-0.027356597,false
202420.120524958,0,0.0018576682,0.0046804547,0.0019887686,0.07715055,-0.06559326,-0.0076310094,false
202420.140524957,19999999,0.0043751895,0.0017122924,-0.00023317337,0.073076725,-0.04696883,0.012094578,false
202420.160524957,39999999,-0.0019632876,-0.0058662593,0.0069460273,0.070062466,-0.05945088,0.0007663956,false
202420.180524958,0,-0.0029087365,-0.0030592382,0.004754901,0.048805553,-0.048579376,0.01848808,false
202420.200524958,0,-6.741285e-05,-0.00084367394,-0.0024647117,0.06087675,-0.032139685,0.02175129,false
202420.220524957,19999999,0.002774179,0.0013713539,-0.009686708,0.07294794,-0.015699994,0.025014501,false
202420.240524958,0,0.00042751431,0.008224875,-0.0067674518,0.0360842,-0.014607988,0.015054015,false
202420.260524958,0,0.003383994,0.004416764,-0.008508146,0.009667069,0.021785155,-4.339963e-06,false
202420.280524958,0,-0.0021175444,0.003340274,-0.0020338297,-0.037516236,0.024855115,0.037696343,false
202420.300524957,19999999,0.0030039847,-0.022153765,0.0031328201,-0.02075351,0.065627754,0.053312115,false
202420.320524958,0,0.0054667294,-0.026627392,0.008653402,0.028066643,0.08988232,0.03568344,false
202420.340524958,0,0.008874983,-0.0066183507,0.0004361272,0.04286214,0.073155895,0.013812259,false
202420.360524958,0,0.0074353516,0.009803981,-0.0022381544,0.026812753,0.07314272,-0.007809568,false
202420.380524957,19999999,-0.0036551058,0.007685572,0.006497681,-0.013674809,0.041393083,-0.016633682,false
202420.400524958,0,0.0015411377,0.028579742,0.007471442,-0.048664354,0.008726306,-0.042155236,false
202420.420524958,0,-0.006698698,0.022296995,0.013288319,-0.063852325,-0.025336947,-0.029334016,false
202420.440524957,19999999,-0.014937609,0.016013592,0.019103765,-0.079040304,-0.059400205,-0.016512798,false
202420.460524957,39999999,-0.0034691095,0.00060305,0.0059891343,-0.042839464,-0.03321697,-0.023576269,false
202420.480524958,0,-0.0021387637,-0.0016309023,0.0055812597,-0.009348184,-0.042567488,-0.023965642,false
202420.500524957,0,-0.000100940466,-0.002745986,0.0036412477,0.016955493,-0.04759449,-0.005156219,false
202420.520524956,19999999,0.0034339726,-0.014636487,0.004760444,0.04858633,-0.050573085,0.01620073,false
202420.540524957,0,0.00344795,-0.008720934,-0.0014740229,0.05802495,-0.03394708,0.005545254,false
202420.560524957,0,0.0028665662,0.002447307,-0.0040295124,0.046929337,-0.018909656,-0.0016730633,false
202420.580524957,0,0.0013894141,0.013373375,-0.0041368604,-0.0037677884,0.00059070066,-0.03337571,false
202420.600524957,0,0.0027127564,0.03414452,-0.016384065,-0.15705517,0.051101435,-0.0017167293,false
202420.620524956,19999999,0.0031468868,-0.016260117,-0.0012872815,-0.10393804,0.08744019,0.01589284,false
202420.640524957,0,-0.0047406256,-0.020666003,0.0070334077,-0.07050214,0.13407008,-0.005719539,false
202420.660524956,19999999,0.007660359,-0.007515341,-0.0066684484,-0.034796037,0.123382784,0.016658155,false
202420.680524957,0,0.01660201,0.013542056,-0.021185696,-0.083884105,0.2212004,0.02218694,false
202420.700524957,0,-0.010218233,0.006302595,0.04676318,0.07052936,-0.012353927,-0.058525227,false
202420.720524957,0,-0.01046738,-0.010298282,0.0065463185,-0.03099262,0.030319236,-0.061321575,false
202420.740524957,0,-0.007494211,0.009078115,0.015314639,-0.010901023,-0.030056369,-0.04789335,false
202420.760524956,19999999,-0.0021799505,0.015143812,0.0040961504,-0.051403664,-0.013910839,-0.039678935,false
202420.780524957,0,-0.0003130138,0.009155393,0.003268361,-0.084524944,0.02557586,-0.017218817,false
202420.800524957,0,0.0024510622,0.006732732,0.0065280795,-0.031532608,0.03345519,-0.034088045,false
202420.820524956,19999999,0.0039022863,0.010352671,-0.006650567,-0.12962165,0.1170854,0.03299372,false
202420.840524957,0,-0.005481124,-0.0064368844,0.0032835603,-0.046845518,0.07854934,0.05959656,false
202420.860524956,19999999,0.0041022897,0.0012585521,-0.013353765,-0.03773428,0.10524559,0.06021167,false
202420.880524957,0,0.0016025305,-0.00081294775,-0.004596472,-0.036934823,0.086425215,0.061350584,false
202420.900524957,0,0.0004886091,-0.01858583,0.009501278,0.019171894,0.031040333,0.04473539,false
202420.920524956,19999999,-0.01118952,-0.009378821,-0.005720794,0.016324785,0.0017235205,0.0053125396,false
202420.940524957,0,0.008048713,-0.0048784018,0.012693167,0.11564754,-0.10709801,-0.055627387,false
202420.960524956,19999999,-0.0077438653,-0.008692145,0.019773126,0.017675474,-0.16228244,-0.10117374,false
202420.980524957,0,0.005967319,-0.015553594,-0.00056648254,0.0052807443,-0.120975345,-0.08125189,false
202421.000524957,0,0.0025355518,0.003100127,-0.002510786,0.06640475,-0.15714023,-0.12693879,false
202421.020524956,19999999,0.0006894767,-0.0118050575,0.006811559,0.09782727,-0.13205586,-0.14674398,false
202421.040524957,0,0.005047649,0.025387853,-0.005112469,0.083310634,-0.09602624,-0.09261909,false
202421.060524956,19999999,-0.0140425265,0.07197493,0.0010073781,-0.08197352,-0.058503363,-0.04132889,false
202421.080524957,0,0.034841,-0.040160924,-0.013667107,-0.03578272,0.045399588,-0.07115514,false
202421.100524957,0,-0.017725438,-0.006807387,0.021254301,-0.04352492,-0.042148244,0.0006868616,false
202421.120524957,0,0.0076425076,-0.0025433004,-0.007332325,0.020845942,0.016107481,0.0040064445,false
202421.140524957,0,0.0005694628,0.010214269,0.0011716485,0.025213014,-0.023986988,0.007810323,false
202421.160524957,0,0.0009185076,-0.0005862117,-0.007157862,0.029364256,-0.01740434,0.0014537345,false
202421.180524957,0,0.0026855767,-0.00090545416,0.00022524595,0.047644325,-0.023186857,0.0015749948,false
202421.200524957,0,0.00038689375,0.014797449,-0.002733171,0.0044962503,-0.021569543,-0.0011286489,false
202421.220524957,0,0.0035250783,0.0052318573,-0.0038862228,-0.010119202,-0.0016287733,0.004738687,false
202421.240524956,19999999,0.006663263,-0.004333973,-0.005039513,-0.024734654,0.018311998,0.010606023,false
202421.260514500,0,0.0010758094,-0.0120071,0.00076441077,-0.023585116,0.010763561,0.01262901,false
202421.280514500,0,1.8000603e-05,-0.008905649,0.0037984848,-0.0032318737,0.00069095194,-0.003139846,false
202421.300514499,19999999,-0.0010400414,-0.0058040917,0.006831825,0.017121367,-0.0093816575,-0.0189087,false
202421.320514499,39999999,-0.0020983815,-0.002702266,0.009864509,0.03747461,-0.019454267,-0.034677554,false
202421.340514500,0,-0.0013436675,0.006215453,0.0058317184,0.009125369,-0.019798089,-0.039302234,false
202421.360514499,19999999,-0.0037769973,0.0122792125,0.004769802,-0.026204934,-0.032248337,-0.03420486,false
202421.380514500,0,-0.0008904636,0.0056415796,0.0024741292,-0.027186016,-0.019046366,-0.026567835,false
202421.400514499,19999999,0.0017733276,0.0061341524,-0.0018930435,-0.025992312,-0.0049139224,-0.0048874393,false
202421.420514500,0,0.001663208,0.014786184,-0.007915497,-0.051546928,0.023514947,0.004169248,false
202421.440514500,0,0.0003013909,0.0038205087,-0.004064262,-0.046125516,0.028242083,0.03360903,false
202421.460514499,19999999,0.0043363273,-0.0003427267,-0.0019160509,-0.026557501,0.027924506,0.0328954,false
202421.480514500,0,0.0027887523,-0.003092438,0.0019277334,-0.012184227,0.020733686,0.0344119,false
202421.500514500,0,0.0067864656,-0.0094361305,-0.0015497208,0.010494605,0.023573862,0.03207728,false
202421.520514500,0,0.0023570657,-0.006860554,0.0026094317,0.008475844,0.018384585,0.008545026,false
202421.540514500,0,0.0017699301,-0.0022630692,0.0023930669,0.0025821803,0.025348727,-0.0007886179,false
202421.560514499,19999999,-0.0003798902,-0.0026046634,0.005125284,1.13290735e-05,0.017628724,-0.0015901423,false
202421.580514500,0,-0.0017363131,0.0036221147,0.004521787,-0.012864001,0.036709957,0.005647417,false
202421.600514499,19999999,-0.003979385,0.003509611,0.004521847,-0.0014113802,0.024817444,-0.0016454728,false
202421.620514500,0,-0.0012708902,0.0140687525,1.0788441e-05,0.002867423,0.016484216,0.00864302,false
202421.640514500,0,-0.0031571388,0.011621475,0.0020180345,-0.005888964,0.02018884,0.024313701,false
202421.660514500,0,-0.00059491396,0.007371187,0.00016868114,-0.012170037,0.032203034,0.038269818,false
202421.680514499,19999999,0.00060525537,-0.000582248,0.0007892847,-0.010201709,0.037647672,0.04996989,false
202421.700514500,0,-0.0023140311,-0.007046312,0.0022281408,0.0126209855,0.017530693,0.031137357,false
202421.720514500,0,0.0013562143,0.042980492,-0.011043847,-0.06483217,0.039373554,0.020099089,false
202421.740514499,19999999,0.01278463,-0.017557979,-0.0011857152,-0.08644605,0.045621596,0.0071907816,false
202421.760514500,0,0.0012444258,-0.022591263,0.009743571,-0.04521848,0.0028828569,-0.0017970065,false
202421.780514500,0,0.004431635,-0.016498387,0.0063663125,-0.011400007,-0.010560102,0.009753192,false
202421.800514500,0,-0.006781727,-0.0075568557,0.0046132803,0.0058213267,0.0016993256,0.008741276,false
202421.820514499,19999999,-0.0005991161,-0.003210634,0.0023459792,0.030741433,0.012809082,0.021817867,false
202421.840514500,0,-0.0025137365,0.017266124,-0.008659899,-0.0096910875,0.026382487,0.044751447,false
202421.860514500,0,0.006406039,0.0044505894,-0.0076152086,-0.041490458,0.07715289,0.037339985,false
202421.880514499,19999999,0.0002452135,-0.0015006661,0.0046328306,-0.050477978,0.07803696,0.03672459,false
202421.900514500,0,-0.002877891,0.001627326,0.0025949478,-0.05896142,0.079983644,0.024321824,false
202421.920514500,0,-0.0054713488,0.0014411211,0.0013151169,-0.06889693,0.03955824,0.0037935376,false
202421.940514499,19999999,-0.008065015,0.0012544394,3.3199787e-05,-0.07883243,-0.0008671619,-0.01673475,false
202421.960514499,39999999,-0.0019145608,-0.010663807,0.009423792,-0.03953736,-0.044183586,-0.03704291,false
202421.980514500,0,-0.0020254552,0.0004029274,0.005892873,-0.023024095,-0.059678175,-0.04144546,false
202422.000514500,0,-0.00096827745,0.0041252375,6.878376e-05,0.0013823006,-0.065834366,-0.0296874,false
202422.020514500,0,0.0027641654,0.0019135773,-0.0032767653,0.012807797,-0.06885686,-0.012913613,false
202422.040514500,0,-0.0028184354,0.002504468,-0.00072443485,0.04315111,-0.08563857,-0.040227436,false
202422.060514499,19999999,-0.0058570504,0.0052176714,-0.0012244582,0.06335551,-0.108273104,-0.04824678,false
202422.080514500,0,-0.0036253035,0.0038148463,-0.00034475327,0.08501166,-0.12362221,-0.00981731,false
202422.100514500,0,0.004705429,0.027529687,-0.011199057,0.046962257,-0.08112624,-0.008567026,false
202422.120514499,19999999,0.015721649,-0.006139964,-0.009514391,0.012689557,-0.022249442,0.00059790444,false
202422.140514500,0,0.0064026713,-0.02320379,0.006128311,0.014344985,-0.018871544,0.007397889,false
202422.160514499,19999999,-0.00023934245,-0.012425005,0.010790467,0.051428296,-0.010720988,0.0074300887,false
202422.180514500,0,0.005087346,-0.002739638,0.00037187338,0.05758748,0.0050339857,0.009964379,false
202422.200514500,0,0.0046482086,-0.00026381016,-0.00044870377,0.012393128,0.0031377922,0.012520497,false
202422.220514499,19999999,0.0042092204,0.0022118986,-0.0012696385,-0.03280122,0.0012415986,0.015076615,false
202422.240514498,39999999,0.003770411,0.004687488,-0.0020908117,-0.07799557,-0.000654595,0.017632734,false
202422.260514499,0,-0.006499648,0.009416938,0.009714127,-0.08017321,0.03569363,0.0144648375,false
202422.280514498,19999999,-0.0012648404,0.0072212517,0.0047951937,-0.06092429,0.03754756,0.0070761256,false
202422.300514499,0,-0.003637284,0.0073872507,-0.0017405152,-0.057862572,0.048867103,0.032194823,false
202422.320514499,0,0.0014659762,0.006403476,-0.0012876391,-0.059179924,0.038547922,0.06692007,false
202422.340514499,0,-0.01192835,-0.008352637,-0.004111767,-0.033437386,0.029054342,0.04969839,false
202422.360514499,0,0.0019444525,-0.009663522,-0.00198251,-0.010414502,0.01342565,0.033599004,false
202422.380514498,19999999,-0.0017901361,-0.018335223,0.00847286,0.029319609,-0.02849122,0.0042664986,false
202422.400514499,0,-0.003227353,-0.011089712,0.004548967,0.060049713,-0.053341888,-0.029531652,false
202422.420514498,19999999,-0.0038036406,0.009854913,0.0032190084,0.01815195,-0.04141131,-0.021055732,false
202422.440514499,0,-0.0042360127,-0.0040760636,0.004251659,0.017026547,-0.0064950287,-0.049716134,false
202422.460514499,0,0.0018668771,-0.003886968,0.0062572956,0.02313509,-0.027591698,-0.053733524,false
202422.480514499,0,-0.0010041595,-0.0012086332,0.0031853318,0.025754455,-0.032748263,-0.030339938,false
202422.500514499,0,-0.0010657907,-0.00034815073,0.0025516748,0.022957372,-0.028008474,-0.02700892,false
202422.520514498,19999999,-0.0011275709,0.0005122721,0.0019180179,0.020160288,-0.023268685,-0.023677904,false
202422.580514499,0,0.0008740127,0.00229007,0.00030708313,0.035408705,-0.0083788205,-0.01579345,false
202422.600514499,0,-0.0004943907,0.021928012,-0.0055123568,-0.0018330328,0.019044299,-0.010607196,false
202422.620514498,19999999,0.0012923777,0.012630969,-0.002196908,-0.021405067,0.019739268,-8.61343e-05,false
202422.640514499,0,0.0022651553,0.00974974,-0.0041323304,-0.050558526,0.053638153,0.014663209,false
202422.660514499,0,0.0015163124,0.0019589067,-0.0035030246,-0.030233746,0.06321943,0.042404477,false
202422.680514499,0,0.012457043,0.015431702,-0.015999138,-0.042316187,0.14110616,0.08212958,false
202422.700514499,0,-0.0053066015,-0.00023645163,0.002592802,-0.01070556,0.12601398,0.090386644,false
202422.720514498,19999999,-0.0031753182,0.00316602,0.0038447976,0.01647817,0.067905664,0.09309297,false
202422.740514499,0,-0.002516657,-0.0060853064,0.0062455535,0.004936414,0.043447323,0.08929871,false
202422.760514498,19999999,-0.0014887452,-0.01745364,0.011594892,0.041123092,0.010953151,0.041892238,false
202422.780514499,0,0.012798458,0.02197069,-0.013468564,-0.05929129,0.09204658,0.058993813,false
202422.800514499,0,0.008859962,0.007912815,0.0023221374,-0.028784348,0.034260247,0.022339925,false
202422.820514498,19999999,0.0049212575,-0.006145239,0.018112421,0.0017225947,-0.023526087,-0.014313959,false
202422.840514498,39999999,0.0009824634,-0.020203471,0.033902287,0.03222954,-0.081312425,-0.050967842,false
202422.860514498,59999999,0.0009250939,0.0005236566,0.00043791533,-0.010643855,-0.03653002,-0.013006106,false
202422.880514499,0,0.0024920404,0.0032749772,-0.0023889542,-0.0030585355,-0.012784585,0.0013895091,false
202422.900514499,0,-0.0009948611,0.0052034855,-0.0015467405,-0.00920991,0.01565305,0.011046105,false
202422.920514498,19999999,-0.002048403,0.0079981685,-0.004772067,-0.017077442,0.027708787,0.023953807,false
202422.940514499,0,-0.004859358,0.0049232244,-0.0024220347,-0.029565454,0.020338714,0.012569016,false
202422.960514499,0,-0.004974723,-0.0016570389,0.0028717518,-0.0246935,-0.0033061914,0.009037305,false
202422.980514499,0,-0.0011467338,-0.006075233,-0.0002462864,-0.016616454,-0.011825052,-0.020414446,false
202423.000514499,0,0.0020467043,0.0032375455,0.0051027536,0.03271304,-0.04463289,-0.0054063248,false
202423.020514498,19999999,0.00064632297,-0.017592132,0.008132875,0.10268525,-0.08056001,-0.077141955,false
202423.040514499,0,0.007204503,0.025299728,-0.008340359,0.025084719,-0.026744824,-0.027199142,false
202423.060514499,0,-0.0010432005,0.0032134354,0.009474218,0.030461252,-0.033682518,-0.023588946,false
202423.080514498,19999999,-0.0056839883,0.004805416,-0.002739668,0.037883546,-0.020526689,-0.0020849872,false
202423.100514499,0,-0.00062555075,0.0073080063,-0.00017541647,0.060229894,-0.010747031,0.013943957,false
202423.120514499,0,-0.004533112,0.016592503,0.0002618432,0.044540033,-0.01330155,0.04295371,false
202423.140514499,0,-0.0029037893,0.008949131,-0.005841136,0.038982794,0.00052855816,0.06199781,false
202423.160514498,19999999,-0.00016501546,0.0025662184,-0.0056450963,0.017234009,0.011009466,0.069807924,false
202423.180514499,0,0.0033449829,-0.008109391,-0.0011143684,0.026097082,0.019685607,0.043067954,false
202423.200514498,19999999,0.0015387535,-0.0052739084,0.0013877153,0.028098,0.006033181,-0.015031222,false
202423.220514499,0,-0.004685521,-0.01098448,0.008949757,0.036279783,-0.06473093,-0.06827022,false
202423.240514498,19999999,-0.005022466,-0.010733366,0.008861601,0.047672402,-0.10844342,-0.10650383,false
202423.260514499,0,0.0008752942,-0.008245796,0.0053815246,0.09260133,-0.11119284,-0.11500233,false
202423.280514499,0,-0.007937759,0.0252631,-0.0024930239,0.033629674,-0.06826301,-0.09024518,false
202423.300514498,19999999,-0.005907297,0.022625923,-0.008210778,-0.028955217,-0.062555134,-0.02157373,false
202423.320514499,0,0.008806556,-0.037533313,-0.0043002963,0.057679366,0.034912236,-0.027470766,false
202423.340514499,0,0.0060236156,-0.010826379,-0.0055847764,0.076274335,-0.0015634932,0.013195271,false
202423.360514499,0,-3.5703182e-05,0.0037553608,-0.0040367246,0.05967448,0.03229121,0.045563586,false
202423.380514499,0,0.011848688,-0.007583022,-0.0019671917,0.056186933,0.053504575,0.005586993,false
202423.400514499,0,0.0062432587,-0.005727619,0.007762909,0.040753424,0.04417405,-0.013031473,false
202423.420514498,19999999,0.00063848495,-0.0038728118,0.017491698,0.025319912,0.034843523,-0.03164994,false
202423.440514498,39999999,-0.0049656928,-0.0020186603,0.027219296,0.0098864,0.025512995,-0.05026841,false
202423.460514498,59999999,0.0030079484,0.0069598556,0.0018486977,0.00080147013,0.02617494,-0.059426468,false
202423.480514499,0,0.0016161203,0.010897785,0.0064107776,0.013373551,-0.01125541,-0.013799533,false
202423.500514499,0,0.009884149,0.010432124,-0.008681953,-0.045286253,0.067456394,0.028888311,false
202423.520514499,0,0.029553711,0.03684756,-0.017837286,-0.08662981,0.17343858,0.1166334,false
202423.540514499,0,0.0006225109,0.009737164,0.0003093481,-0.09451144,0.17551276,0.12877217,false
202423.560514498,19999999,-0.012416005,-0.0020407736,0.020741165,-0.03965388,0.0065998137,0.10782659,false
202423.580514499,0,-0.010068089,-0.0060730875,0.016324937,0.029250797,-0.10731456,0.025438622,false
202423.600514499,0,-0.0027354062,-0.007844716,0.012601078,0.117825896,-0.18304229,-0.026783831,false
202423.620505417,0,0.012814265,0.028492065,-0.0071486845,0.059544932,-0.110128045,-0.0021488576,false
202423.640505417,0,0.00979498,0.00820756,-0.0044819117,0.06369698,-0.090219915,-0.0060317167,false
202423.660505417,0,0.009554774,-0.00083985925,-0.0023046136,0.07283456,-0.07013074,-0.010929002,false
202423.680505416,19999999,0.007970035,-0.0011321902,-0.0030829906,0.06594713,-0.047484897,-0.008629506,false
202423.700505417,0,-0.00057804585,0.003914535,-8.291006e-05,0.072081245,-0.04979816,0.010970509,false
202423.720505416,19999999,-0.009126127,0.0089606345,0.0029143095,0.07821535,-0.05211142,0.030570522,false
202423.740505416,39999999,-0.006537348,0.006179154,-0.001522243,0.08004004,-0.047641896,0.07068232,false
202423.760505417,0,-0.008888394,0.0120538175,-0.003151536,0.04763382,-0.025328957,0.09712794,false
202423.780505416,19999999,-0.01552856,0.02694565,-0.0021172762,-0.0024024174,-0.028770808,0.10539038,false
202423.800505417,0,-0.013255596,0.019395918,-0.0051516294,-0.07723101,-0.029491877,0.12125777,false
202423.820505417,0,-0.008360654,-0.008778304,-3.4213066e-05,-0.07799171,-0.03850722,0.11711729,false
202423.840505417,0,0.0027015507,-0.023999095,-0.003893435,-0.053517547,-0.018098127,0.0757447,false
202423.860505417,0,0.007901967,-0.028529584,-0.0032858849,-0.017145015,0.0103586875,0.0123282075,false
202423.880505417,0,0.0068942904,-0.01676321,-0.00088232756,-0.004841488,0.018538292,-0.0382414,false
202423.900505417,0,0.0036299229,-0.015731663,0.0045238137,0.025534932,0.0033083092,-0.054350697,false
202423.920505417,0,0.0011638403,-0.0051835477,0.0060368776,0.052053995,-0.023538131,-0.054534145,false
202423.940505417,0,0.00025743246,0.0031816065,0.0054787993,0.075591385,-0.030404441,-0.03662235,false
202423.960505416,19999999,0.0042923987,0.010302573,0.0019612908,0.095846236,-0.016238501,-0.029258424,false
202423.980505416,0,0.011820197,0.014082074,-0.008693039,0.0636633,-0.0109419795,0.029364211,false
202424.000505415,19999999,0.0014382899,0.0144560635,0.0015313029,0.030846704,-0.021588717,0.08315582,false
202424.020505416,0,0.010171413,0.0033551157,0.0023130774,0.023921207,0.025951408,0.0825675,false
202424.040505415,19999999,0.0011128187,0.0002425909,0.012125194,0.015620128,0.020376852,0.09980879,false
202424.060505416,0,-6.3955784e-05,0.0039145052,0.009398282,0.008702898,0.00200513,0.10867181,false
202424.080505416,0,0.00024852157,-0.00038087368,0.008599818,-0.0034761997,-0.020176599,0.090964496,false
202424.100505416,0,0.00093725324,0.0015839338,0.0057933927,-0.016574815,-0.038865447,0.06984231,false
202424.120505415,19999999,0.0015972555,0.00029805303,0.0051009655,-0.030371584,-0.059169248,0.04258494,false
202424.140505416,0,0.003507793,-0.00080531836,0.001132369,-0.040376928,-0.06025102,0.013799362,false
202424.160505415,19999999,-0.0030702949,0.004885763,0.0030870438,-0.05709765,-0.05907391,-0.0063527636,false
202424.180505416,0,-0.0008622706,0.0044392645,-0.00030189753,-0.07550288,-0.054857895,-0.012265936,false
202424.200505416,0,-0.0015638471,-0.0022684634,-0.0013017654,-0.06825416,-0.054800823,-0.0028166045,false
202424.220505416,0,0.00058072805,-0.003468901,-0.0022444725,-0.046079554,-0.039433427,0.017864034,false
202424.240505416,0,0.0007837117,-0.0036346912,-0.0009659529,-0.027770104,-0.028479492,0.03502181,false
202424.260505415,19999999,0.0009869635,-0.0038011968,0.00031226873,-0.009460654,-0.017525556,0.05217959,false
202424.280505415,39999999,0.0011905134,-0.0039684176,0.0015904307,0.008848792,-0.00657162,0.06933737,false
202424.300505416,0,0.0014754832,-0.0028292835,0.0033249855,0.017189771,-0.010707221,0.07707804,false
202424.320505416,0,-0.00022181869,0.0029224455,0.008953273,-0.003454553,-0.03391811,0.083467945,false
202424.340505415,19999999,-0.0019178092,0.008672059,0.014580727,-0.024098875,-0.057128996,0.089857854,false
202424.360505415,39999999,-9.289384e-05,0.008474469,0.011597514,-0.05764036,-0.071291976,0.09966632,false
202424.380505416,0,0.0049511194,0.0030554533,0.007550359,-0.081066,-0.073837,0.108693376,false
202424.400505416,0,0.007524729,-0.0032457113,0.005776167,-0.093592845,-0.05639386,0.107610986,false
202424.420505415,19999999,0.011202782,-0.009294599,0.0048002005,-0.07926178,-0.050566148,0.10177966,false
202424.440505416,0,0.0014779866,-0.0035731494,0.008215725,-0.07723446,-0.070810445,0.099162094,false
202424.460505415,19999999,-0.004236847,0.004195094,0.005178213,-0.07783061,-0.097864725,0.09885929,false
202424.480505416,0,-0.005956948,0.0021782815,0.0021786094,-0.083394654,-0.11830266,0.095843315,false
202424.500505416,0,-0.0053890944,-0.011110872,0.0031132698,-0.049699068,-0.1328755,0.09706163,false
202424.520505415,19999999,-0.005033046,-0.009552777,0.004458487,-0.012708906,-0.14290892,0.09970002,false
202424.540505416,0,-0.002669096,-0.0068534017,-0.0017058253,-0.010438837,-0.1268798,0.09464272,false
202424.560505415,19999999,-0.0003015399,-0.004160017,-0.00787735,-0.008168768,-0.11085068,0.089585416,false
202424.580505415,39999999,0.00012886524,-0.0071004033,-0.011398554,-0.008136968,-0.08989593,0.08329314,false
202424.600505416,0,-0.0025741458,-0.0031108558,-0.012969375,-0.013195452,-0.054625854,0.071728654,false
202424.620505415,19999999,-0.002781719,0.0018002093,-0.015376806,-0.043248218,-0.009059265,0.071254455,false
202424.640505416,0,-0.0056664348,-0.007537067,-0.00989157,-0.046732843,0.030246437,0.06308557,false
202424.660505416,0,-0.0019370615,-0.01720336,-0.0050534606,-0.018233374,0.048633777,0.058199335,false
202424.680505416,0,-0.0062425137,-0.015525967,0.0005262494,0.005257355,0.025513483,0.06265488,false
202424.700505416,0,-0.010874897,-0.004457593,0.0015224218,-0.00042564282,-0.011058701,0.05171238,false
202424.720505415,19999999,-0.009151638,0.0016513467,0.006383717,-0.0010532216,-0.020632453,0.022361765,false
202424.740505416,0,-0.004450619,-0.0037664175,0.0013025999,-0.0027115438,-0.008212524,-0.012757393,false
202424.760505415,19999999,-0.008372456,0.0033973753,0.0014624596,-0.01629287,-0.022604387,-0.00941109,false
202424.780505416,0,-0.0057045817,0.0030709803,0.0008826256,-0.013772031,-0.0154707255,-0.010542533,false
202424.800505416,0,-0.009128302,0.0073171854,-0.0020600557,-0.03164311,-0.0068116914,-0.0029322794,false
202424.820505416,0,-0.009572178,0.003629297,-0.0008107424,-0.023206275,-0.001896645,0.0008032103,false
202424.840505416,0,-0.00334543,0.0032234192,-0.003226757,-0.0050885547,0.00050628744,0.0043568956,false
202424.860505416,0,-0.0035345256,0.002439022,-0.0067170262,-0.0024463958,0.0071923137,-0.0021975618,false
202424.880505415,19999999,-0.003723681,0.0016546547,-0.010207295,0.00019576307,0.01387834,-0.00875202,false
202424.900505416,0,-0.0060510933,-0.0028282702,-0.01050508,0.0049932906,0.037639562,-0.008451367,false
202424.920505416,0,0.0004811585,0.010890961,-0.019394636,0.03790245,0.033741895,-0.046337187,false
202424.940505415,19999999,-0.011593461,0.029973745,-0.016357362,-0.036120143,0.053577356,-0.047952995,false
202424.960505416,0,-0.009170413,0.009967059,-0.012694299,-0.05919826,0.062821105,-0.049615607,false
202424.980505416,0,-0.0042125285,-0.0062762797,-0.012733936,0.0031138286,0.07784419,-0.05946749,false
202425.000505415,19999999,0.00074598193,-0.022520244,-0.012775183,0.06542592,0.09286727,-0.069319375,false
202425.020505415,39999999,0.0065255463,-0.011206776,-0.023845494,0.07457431,0.11490305,-0.07852138,false
202425.040505416,0,-0.014421195,-0.0060886443,-0.0041980743,0.10471552,0.1028198,-0.069084,false
202425.060505416,0,-0.012405664,-0.006773114,-0.0017089844,0.14417495,0.07863505,-0.076671354,false
202425.080505415,19999999,-0.0033392012,-0.00086188316,-0.0035377145,0.1665333,0.07757899,-0.13295968,false
202425.100505416,0,0.0031340122,0.021709591,-0.021764994,0.03802894,0.11693308,-0.13376836,false
202425.120505416,0,-0.015084028,0.011151135,-0.00038838387,-0.004938092,0.09301911,-0.103773706,false
202425.140505416,0,-0.01269719,-0.0059219897,0.002090931,0.014536107,0.12758905,-0.1258395,false
202425.160505416,0,-0.008710861,-0.0046271384,-0.0005699396,0.032269772,0.15101981,-0.13729963,false
202425.180505415,19999999,-0.004719168,-0.0033435822,-0.003241539,0.050003435,0.17445058,-0.14875975,false
202425.200505415,39999999,-0.00072205067,-0.0020712912,-0.005923629,0.0677371,0.19788134,-0.16021986,false
202425.220505415,59999999,-0.0011123419,-0.00074341893,-0.0010524392,0.07612498,0.1771779,-0.16433781,false
202425.240505416,0,0.002310127,-0.0043486655,-0.0049611926,0.08302061,0.17821546,-0.17235887,false
202425.260505416,0,0.00239861,-0.009433717,-0.0004605651,0.07885765,0.18375394,-0.17652655,false
202425.280505415,19999999,0.0026257336,-0.011828601,0.0017732382,0.084344044,0.18853727,-0.19930182,false
202425.300505416,0,0.00059631467,-0.008314043,0.008269787,0.08682816,0.18586592,-0.20962687,false
202425.320505416,0,-0.0011629164,-0.0012768209,0.0119332075,0.07183734,0.16565536,-0.20308052,false
202425.340505415,19999999,-0.0029142797,0.0057403147,0.015584171,0.056846526,0.1454448,-0.19653419,false
202425.360505415,39999999,0.0011824071,-0.0040018857,0.011546373,0.05497336,0.15096721,-0.20313391,false
202425.380505416,0,0.006330222,0.0006097555,0.01324147,0.07136862,0.14072463,-0.18914583,false
202425.400505415,19999999,0.00857681,0.006993711,0.012381911,0.06734686,0.1317451,-0.17585687,false
202425.420505416,0,0.0057874024,0.011116892,0.012133241,0.059003435,0.11365389,-0.1509842,false
202425.440505416,0,0.0057872534,0.010909796,0.011747062,0.053390175,0.120713614,-0.11855021,false
202425.460505415,19999999,0.0057915747,0.010695368,0.011352897,0.04777692,0.12777333,-0.086116225,false
202425.480505415,39999999,0.005800396,0.010473639,0.010950685,0.042163663,0.13483305,-0.053682227,false
202425.500505415,59999999,0.018044919,0.02565661,-0.00074595213,-0.00045457855,0.15232,0.005162742,false
202425.520505416,0,0.014797211,0.026420832,0.004666269,-0.023889298,0.14970689,0.06799246,false
202425.540505416,0,0.0066695213,0.00951463,0.0064312816,-0.020461291,0.121149994,0.0728047,false
202425.560505415,19999999,0.0031281412,-0.0004976392,0.026259303,0.019115947,0.06288019,0.08106765,false
202425.580505416,0,-0.0005353689,-0.043198735,0.04521382,0.12921275,-0.07625714,0.020199623,false
202425.600505416,0,0.003525287,0.007640183,0.012291491,0.036710568,-0.05579289,0.090741724,false
202425.620505415,19999999,-0.004145235,-0.01756972,0.018812954,0.10002485,-0.1399966,0.06254425,false
202425.640505416,0,0.010183513,-0.015374392,0.015089512,0.22670807,-0.18198895,0.030837368,false
202425.660505416,0,0.023367018,0.017528355,0.006740868,0.26053548,-0.12177831,0.043244503,false
202425.680505416,0,0.011746347,0.025380462,0.01521796,0.18743655,-0.11819398,0.12330947,false
202425.700505416,0,0.014486015,-0.0022797585,0.023251355,0.16605382,-0.1057641,0.1550617,false
202425.720505416,0,0.008423179,0.01309979,0.015347302,0.20086941,-0.15332691,0.15169008,false
202425.740505415,19999999,0.012106538,0.014598221,2.7537346e-05,0.1948217,-0.14061219,0.16539678,false
202425.760505416,0,0.009305418,0.01881662,-0.0044215918,0.17773357,-0.139972,0.19430801,false
202425.780505415,19999999,0.00651744,0.023020685,-0.00889343,0.16064544,-0.13933182,0.22321926,false
202425.800505415,39999999,0.010044664,0.008662373,-0.009248793,0.16317593,-0.11101023,0.23517472,false
202425.820505416,0,0.00034341216,0.011557341,6.8843365e-05,0.16613321,-0.102997,0.24273546,false
202425.840505416,0,-0.0017581582,0.011556029,-0.0027794242,0.14860436,-0.10201024,0.2562721,false
202425.860505416,0,0.0041924417,-0.00010615587,-0.009381354,0.12336542,-0.092495404,0.24366318,false
202425.880505415,0,0.0003760755,-0.0014486015,-0.0043368936,0.075840645,-0.073761895,0.21096875,false
202425.900505415,0,-0.008275449,-0.004992664,0.0035127401,0.04827118,-0.07136401,0.16109368,false
202425.920505415,0,-0.012306988,-0.0017803013,0.0024065971,0.008173853,-0.07233197,0.13694146,false
202425.940505415,0,-0.0144743025,-0.008819878,0.00036478043,-0.050521523,-0.05031751,0.109867126,false
202425.960505415,0,-0.0061134994,-0.018233359,-0.006886959,-0.11121841,0.0059068836,0.06014122,false
202425.980505414,19999999,-0.0208489,-0.026445627,0.00363034,-0.1824677,0.062002268,0.08196303,false
202426.000474208,0,-0.015319245,-0.041481297,0.0025159933,-0.10565199,0.045343187,0.07244721,false
202426.020474207,19999999,-0.013822854,-0.016276687,-0.0062702894,-0.06536041,0.076675355,0.07636447,false
202426.040474208,0,-0.012896806,-0.0088023245,-0.009308457,-0.05138224,0.058890987,0.068318225,false
202426.060474207,19999999,-0.011969745,-0.0013275146,-0.012347102,-0.037404068,0.04110662,0.06027198,false
202426.080474207,39999999,-0.014449209,-0.008935422,-0.0062328577,-0.008234952,0.029407743,0.019858576,false
202426.100474208,0,-0.014535427,-0.011556566,-0.004545152,0.03596801,-0.0019703358,-0.012073297,false
202426.120474208,0,-0.015922308,-0.01014933,0.0031459332,0.08843878,-0.01713305,-0.012881116,false
202426.140474208,0,-0.02189511,0.024321765,-0.00031089783,0.08968677,-0.035247047,-0.0056159375,false
202426.160474208,0,0.0053860247,0.0037498176,-0.013663828,0.067893,0.050457705,-0.022604298,false
202426.180474208,0,-0.0057783127,-0.00226897,0.002606511,0.0580111,0.01940367,-0.010301025,false
202426.200474208,0,-0.003240943,-0.01121971,0.003504455,0.05778421,-0.005410781,-0.0054036104,false
202426.220474208,0,0.009231418,-0.017709523,-0.005273521,0.0602903,0.017160075,-0.04120041,false
202426.240474208,0,0.009168088,-0.013426304,-0.0018693209,0.05275635,0.027721258,-0.06542905,false
202426.260474207,19999999,0.010669827,-0.008048177,0.0005555153,0.053724166,0.028921474,-0.09160523,false
202426.280474208,0,0.008241475,0.0013467968,0.00422734,0.045259427,0.028600514,-0.11199118,false
202426.320474208,0,0.0044393837,0.013668954,0.009981334,0.038564365,1.8552877e-05,-0.10223073,false
202426.340474208,0,0.0038449466,0.015705675,0.0077553988,0.0376652,-0.005733456,-0.07439953,false
202426.360474207,19999999,0.00325042,0.017740935,0.0055297017,0.036766037,-0.011485465,-0.046568338,false
202426.380474207,39999999,0.007923931,0.014654547,0.0008972287,0.032030966,0.0007604128,-0.019176528,false
202426.400474208,0,0.0063968897,0.014861017,4.4882298e-05,0.014169745,0.02432013,0.0068845153,false
202426.420474208,0,0.0038316548,0.01197812,0.0014391541,-0.016614085,0.05777569,0.034883767,false
202426.440474208,0,0.008315206,0.007186204,-0.00074768066,-0.051242232,0.08783083,0.06988539,false
202426.460474207,19999999,0.0026597977,-0.019865215,0.011513412,-0.036478274,0.06869383,0.04696674,false
202426.480474208,0,0.0109725,-0.0031422377,-0.0038021803,-0.09198876,0.08569679,0.049258612,false
202426.500474208,0,-0.0049915314,-0.0083039105,0.011640251,-0.09409785,0.03688201,0.033086624,false
202426.520474207,19999999,-0.010293633,-0.008722454,0.018653274,-0.08610378,-0.044147704,0.01532623,false
202426.540474208,0,-0.004108906,-0.004803419,0.01224494,-0.0869114,-0.06283228,0.01875218,false
202426.560474207,19999999,0.002077639,-0.0008870959,0.005832851,-0.08771902,-0.08151686,0.022178132,false
202426.580474208,0,0.009343296,0.0075865984,0.0034098625,-0.09854827,-0.0695622,0.033814162,false
202426.600474207,19999999,0.008009553,0.00022882223,0.0070325136,-0.10703377,-0.04730417,0.052625753,false
202426.620474208,0,0.0022958815,-0.0012131929,0.006907642,-0.093996026,-0.0366329,0.077697545,false
202426.640474208,0,0.0037151277,-0.0039272904,0.005132735,-0.071035415,-0.028989367,0.08775582,false
202426.660474207,19999999,0.0051346123,-0.0066455007,0.0033566952,-0.04807481,-0.021345835,0.0978141,false
202426.680474207,39999999,0.0087893605,-0.007112235,0.0038607717,-0.04754309,-0.02355874,0.087852,false
202426.700474208,0,0.008422375,-0.010950536,0.008065224,-0.045136236,-0.022620166,0.060130388,false
202426.720474207,19999999,0.00090545416,-0.011383444,0.015632391,-0.048825905,-0.056703173,0.044666342,false
202426.740474208,0,-0.002187401,-0.008544683,0.017362773,-0.052001934,-0.09262952,0.034151647,false
202426.760474208,0,-0.0022181869,-0.006970972,0.012652993,-0.06182987,-0.120685264,0.03832858,false
202426.780474207,19999999,-0.002245754,-0.0054003596,0.007937074,-0.07165781,-0.148741,0.042505518,false
202426.800474208,0,0.00441733,-0.004796326,-8.9108944e-05,-0.07820909,-0.13819137,0.03597558,false
202426.820474208,0,0.0014789104,0.0030301511,0.00010251999,-0.10650775,-0.12098823,0.024542835,false
202426.840474208,0,-0.0064426363,0.005296588,0.004706025,-0.1334737,-0.10891177,0.025816625,false
202426.860474207,19999999,-0.010403633,0.0024698377,0.00786221,-0.15005866,-0.11727989,0.035454545,false
202426.880474208,0,-0.011380643,-0.0015058517,0.0076140165,-0.15728006,-0.11942114,0.03820335,false
202426.900474208,0,-0.008436471,-0.005050987,0.0029529333,-0.158492,-0.117190145,0.035913363,false
202426.920474207,19999999,-0.01011005,-0.0072845817,0.0007683039,-0.15894078,-0.110016994,0.03211768,false
202426.940474208,0,-0.010189325,-0.012853444,-0.004974246,-0.14330934,-0.10891373,0.026203666,false
202426.960474208,0,-0.006565392,-0.007060349,-0.013116419,-0.124502316,-0.11097503,0.027815342,false
202426.980474207,19999999,-0.004348159,-0.010208666,-0.016220093,-0.099668115,-0.114914194,0.01809942,false
202427.000474208,0,-0.0066215694,-0.0085015595,-0.020652115,-0.06855948,-0.08313178,0.0055549433,false
202427.020474207,19999999,-0.0009994507,0.0010909736,-0.027083337,-0.04093608,-0.042509034,-0.006048999,false
202427.040474208,0,-0.007801801,0.014990747,-0.019687414,-0.049628593,-0.027910307,0.005615947,false
202427.060474208,0,-0.008705109,0.010612845,-0.013149023,-0.057623565,0.0014729053,-0.0010936712,false
202427.080474207,19999999,-0.0065208375,0.011499405,-0.012798607,-0.07268423,0.016101267,-0.01100255,false
202427.100474208,0,-0.0041671693,-0.009532988,-0.0040950775,-0.017446294,0.041770615,-0.019878503,false
202427.120474208,0,-0.003285259,-0.005068451,-0.0020712614,0.02457279,0.05091754,-0.043305032,false
202427.140474207,19999999,-0.0042028725,0.01076898,-0.006401062,0.03181281,0.059450418,-0.05379591,false
202427.160474208,0,-0.01001063,0.009888977,-0.004264295,0.018847201,0.05409141,-0.055680703,false
202427.180474208,0,-0.002802521,0.011368722,-0.013359427,0.0034605283,0.06171596,-0.05476311,false
202427.200474208,0,-0.00058838725,0.0017330647,-0.014558792,0.0017988625,0.09036595,-0.08136526,false
202427.220474208,0,-0.0027826726,0.007304907,-0.009274125,0.020485686,0.054415733,-0.086906746,false
202427.240474208,0,-0.00945881,0.006701082,-0.002180159,0.009715542,0.07178128,-0.08902095,false
202427.260474208,0,-0.008208692,0.0015970767,-0.00072163343,0.0115078315,0.055555206,-0.086153865,false
202427.280474207,19999999,-0.006957531,-0.0035090446,0.00073599815,0.013300121,0.039329134,-0.08328677,false
202427.300474208,0,-0.005637437,-0.007955819,0.0029278398,0.018432714,0.03463556,-0.09132214,false
202427.320474207,19999999,-0.0057267845,-0.00616017,0.0043471456,0.003930876,0.034513656,-0.09831982,false
202427.340474208,0,-0.006229937,-0.00697127,0.009162605,-0.00031731045,0.03035552,-0.10997875,false
202427.360474208,0,-0.00419873,-0.0059078336,0.008947074,-0.015133807,0.026463356,-0.11646855,false
202427.380474208,0,-0.00083711743,-0.0059862435,0.004891455,-0.032793187,0.01737395,-0.10823681,false
202427.400474208,0,0.005568564,-0.017611444,0.0055887103,-0.030266345,0.03269745,-0.10747308,false
202427.420474207,19999999,0.011802584,-0.018328369,0.0073240995,-0.010726657,0.04753501,-0.11883288,false
202427.440474208,0,0.012724072,-0.00832653,0.0066800117,-0.0005048299,0.07326216,-0.124492064,false
202427.460474208,0,0.011675984,0.0028316975,0.008402586,-0.00093413127,0.07119742,-0.11606176,false
202427.480474207,19999999,0.0126182735,0.014532775,0.0050962567,-0.02482931,0.08698324,-0.101925746,false
202427.500474208,0,0.013178885,0.024573863,0.0023579597,-0.060844947,0.09793697,-0.07325667,false
202427.520474207,19999999,0.014361769,0.03231141,-0.0036138296,-0.10455989,0.13891888,-0.03456054,false
202427.540474208,0,-0.0010872781,0.02403006,0.0037388802,-0.116420195,0.12515901,0.00076347217,false
202427.560474208,0,0.00064858794,0.015505612,0.0007520318,-0.09580035,0.0800882,0.0051082484,false
202427.580474207,19999999,0.0023834407,0.006980926,-0.0022387505,-0.0751805,0.035017394,0.009453025,false
202427.600474207,39999999,0.006096393,-0.00011244416,0.00038415194,-0.05136951,0.0184986,0.0020780084,false
202427.620474208,0,-0.0011539757,-0.009634316,0.0059971213,0.039685234,-0.0404269,-0.041176546,false
202427.640474207,0,-0.009524733,0.00023722649,0.004678011,0.0030973703,-0.047426797,-0.028067537,false
202427.660474206,19999999,-0.012775868,-0.024923652,0.014131546,0.12725475,-0.2150509,-0.13470158,false
202427.680474207,0,0.0033397973,-0.0049574673,0.005765915,0.15567818,-0.22045293,-0.098821126,false
202427.700474206,19999999,0.004278749,0.02261272,-0.0015286207,0.1224487,-0.14740321,-0.035169244,false
202427.720474207,0,-0.002162218,0.01791346,0.00018584728,-0.006072864,-0.08270901,0.018294886,false
202427.740474207,0,-0.004173249,-0.0035538077,0.0025911927,-0.033131674,-0.10673742,0.03539456,false
202427.760474207,0,-0.0039984584,-0.028550655,0.008097589,0.016415004,-0.07718916,-0.014057178,false
202427.780474207,0,0.0067659616,-0.01757282,-0.01223737,0.022311678,-0.01727105,-0.019933008,false
202427.800474206,19999999,0.00027257204,-0.0007554889,-0.010571241,0.030933034,-0.023948425,-0.0033164881,false
202427.820474207,0,0.0041862726,0.0090863705,-0.013161302,0.0038471408,0.0055365805,-0.008245326,false
202427.840474207,0,-0.0013355315,0.016728997,-0.0076199174,-0.027215093,0.0060486794,0.0100978045,false
202427.860474206,19999999,-0.006857246,0.024371654,-0.0020785928,-0.058277324,0.0065607782,0.028440934,false
202427.880474206,39999999,-0.012378961,0.03201419,0.003462553,-0.089339554,0.007072877,0.046784066,false
202427.900474207,0,-0.011354834,-0.0054455996,0.023538113,-0.028064892,-0.021018455,-0.05111029,false
202427.920474207,0,-0.0006633103,-0.012259245,0.010443628,-0.0096497405,-0.016255682,-0.08574489,false
202427.940474206,19999999,-0.00663805,0.00085541606,0.009342372,0.04403495,-0.058154956,-0.0803474,false
202427.960474207,0,-0.003980845,0.0042054057,0.0060958266,0.07320206,-0.07169852,-0.06885096,false
202427.980474206,19999999,0.00091031194,0.011325866,-0.0077912807,0.07951037,-0.08187063,-0.05205892,false
202428.000474207,0,0.012887895,0.013013035,-0.021976054,0.041525226,-0.01776062,-0.029945187,false
202428.020474207,0,0.011241078,0.020038486,-0.022992969,-0.005374614,0.024028283,-0.02637691,false
202428.040474206,19999999,0.002897948,0.008404881,-0.0054193735,-0.017540189,0.031576816,-0.019569669,false
202428.060474207,0,0.00064867735,0.0028283596,0.0011509061,-0.028662696,0.017776102,-0.0022020228,false
202428.080474207,0,0.003973186,-0.01970303,0.008549035,-0.0247349,0.010459239,0.012151211,false
202428.100474207,0,-0.002772063,0.02040708,0.0036725998,-0.02337437,-0.024491148,0.018134773,false
202428.120474207,0,-0.0027825236,0.0074551404,0.009153843,-0.021171557,0.012997424,-0.00058464706,false
202428.140474206,19999999,0.0010183454,0.0002667904,0.003609836,-0.01931133,0.0003833864,0.011275639,false
202428.160474207,0,0.0018258095,0.0011020303,0.002030611,-0.015254976,0.022150164,0.020739868,false
202428.180474206,19999999,0.0026333034,0.0019373298,0.00045126677,-0.011198622,0.04391695,0.0302041,false
202428.200474206,39999999,0.0013184249,0.0044881105,0.001935184,0.0043128375,0.052759405,0.02385768,false
202428.220474207,0,-0.0018398166,0.0050135553,0.0035181046,-0.017761832,0.04209506,0.023010792,false
202428.240474207,0,-0.00021710992,0.0051220357,0.004558444,-0.022818903,0.019262802,0.035367817,false
202428.260474206,19999999,0.006182492,-0.010105014,0.0016979575,-0.018998597,0.023503197,0.011202319,false
202428.280474207,0,0.0028764904,-0.006185055,0.0027694106,-0.022116134,0.012300844,-0.004693741,false
202428.300474207,0,-0.0037968457,0.0038830936,0.0073931217,-0.031244798,-0.006230031,-0.023407942,false
202428.320474206,19999999,7.519126e-05,0.007840216,-0.003558755,-0.07365171,-0.05382059,0.035767235,false
202428.340474207,0,-0.012676358,-0.0027771592,0.014593899,-0.02607366,-0.055640023,0.0023749173,false
202428.360474206,19999999,0.001829654,0.0057970583,-0.0060487986,-0.01929257,-0.028829638,-0.0042494247,false
202428.380474207,0,-0.0035314858,0.00555861,-0.0050219893,0.00087892637,-0.028011322,0.0252356,false
202428.400264667,0,-0.00059126597,0.0009263066,-0.0008364862,0.023776228,-0.0035971222,0.024814347,false
202428.420264667,0,-0.0027156174,0.0034677982,0.0011798143,0.022968808,-0.0025943061,0.025345761,false
202428.440264667,0,-0.0039461255,0.0036861897,0.001146555,0.014736809,-0.0053760055,0.021738077,false
202428.460264666,19999999,-0.002955377,0.0006687939,0.00117594,0.01011082,-0.003607109,0.016862946,false
202428.480264666,39999999,-0.0015978813,-0.0040860176,0.0022013783,0.012385974,-0.010940599,0.009135321,false
202428.500264667,0,-0.0014508069,-0.004006088,0.0010694265,0.010994512,-0.006965924,-0.009060394,false
202428.520264667,0,-0.0015586317,-0.0001552403,-0.00042283535,-0.006523001,-0.008402919,-0.02037677,false
202428.540264667,0,-0.002150923,-0.0011147559,-0.0003668666,-0.019593738,0.00070606824,-0.030692868,false
202428.560264667,0,-0.002962947,-0.0010275245,0.0006427169,-0.022893738,-0.0004441986,-0.02622398,false
202428.580264666,19999999,0.0007175803,0.0033637285,-0.0046693683,-0.035654686,0.016410742,-0.026652003,false
202428.600264667,0,0.0017816424,-0.0019306242,-0.0047573447,-0.04588247,0.039574914,0.0011012536,false
202428.620264666,19999999,0.0039048493,-0.01612556,0.0015566945,-0.027271792,0.069645405,0.01038961,false
202428.640264667,0,0.0049706697,-0.0059411526,-0.0014579892,-0.0141103165,0.0779142,-0.009393522,false
202428.660264667,0,0.0067827404,0.009272516,-0.0032022595,-0.011373468,0.06443213,-0.025854465,false
202428.680264667,0,-0.004667729,0.008861929,0.0108937025,-0.017143007,0.034791894,-0.031283896,false
202428.700264667,0,-0.0052093565,0.0070679486,0.012313724,-0.008869198,-0.013213959,-0.020686839,false
202428.720264666,19999999,-0.0023737848,0.0055977106,0.0100902915,0.013584427,-0.046500765,-0.007827772,false
202428.740264666,0,-0.0012601316,0.010110617,0.0038497448,0.0134707475,-0.05210937,-0.0070011728,false
202428.760264666,0,0.00019145012,0.016236395,-0.0032674074,-0.006976432,-0.054232005,0.00087165553,false
202428.780264666,0,0.0016430616,0.008687526,-0.0015386939,-0.014678916,-0.019755006,-0.0052302196,false
202428.800264665,19999999,0.003094852,0.0011384189,0.00018954277,-0.0223814,0.014721986,-0.011332095,false
202428.820264665,39999999,0.0019234717,0.001537919,-0.0010403395,-0.039468743,0.043721534,-0.016082378,false
202428.840264666,0,0.00037425756,-0.0007645488,-0.00046539307,-0.04095467,0.06598097,0.0039628595,false
202428.860264665,19999999,0.0039968193,-0.007692814,0.00036036968,-0.019693848,0.055692524,0.007988604,false
202428.880264666,0,0.0035382807,-0.0011335909,-0.0024174452,0.006144706,0.06599957,0.004514339,false
202428.900264666,0,-0.00762102,0.008274555,0.008093774,0.026070446,0.011304665,0.015876032,false
202428.920264666,0,-0.0074155927,0.0053733587,0.0103091,0.03189581,-0.03234078,0.020613886,false
202428.940264665,19999999,-0.00065001845,0.00023195148,0.006151974,0.026450224,-0.04629761,0.017237432,false
202428.960264666,0,-3.6865473e-05,0.008316934,-0.00011652708,-0.00097642094,-0.0365322,0.005551663,false
202428.980264666,0,-0.0026398003,-0.00057446957,0.0037578344,-0.020230992,-0.025684869,0.007842269,false
202429.000264665,19999999,-0.0022558868,-0.006149441,0.0037285686,-0.022359008,-0.0038088989,0.006496258,false
202429.020264666,0,-0.0030834377,-0.0077777803,0.0039306283,-0.018223202,0.003842297,0.008397693,false
202429.040264666,0,0.00010702014,-0.010490924,0.0005978346,-0.024183402,0.025723863,0.012777874,false
202429.060264666,0,-4.6759844e-05,-0.004958123,-0.00023984909,-0.026677726,0.031884827,-0.0027605137,false
202429.080264665,19999999,-0.00020036101,0.00057449937,-0.001078248,-0.02917205,0.03804579,-0.018298902,false
202429.100264666,0,0.0010479391,0.0050101876,-0.0013318062,-0.024431642,0.030118749,-0.043137956,false
202429.120264665,19999999,4.5984983e-05,-0.00085541606,0.0032735467,-0.008471491,0.013540061,-0.045596,false
202429.140264666,0,-0.0014815927,0.0044843554,0.005017996,0.0007803207,-0.012377296,-0.03440156,false
202429.160264665,19999999,0.0021372736,0.0065519214,0.0026158094,0.020604853,-0.012578869,-0.0379467,false
202429.180264666,0,0.005634606,0.009776592,-0.0019468665,0.009456319,-0.015938018,-0.014384437,false
202429.200264666,0,-0.0052345693,0.020436049,0.0014864206,-0.014646339,-0.026577104,-0.0041155787,false
202429.220264666,0,0.0021333396,0.011049092,-0.003175795,-0.025876896,-0.017884966,0.012669408,false
202429.240264665,19999999,0.008082718,-0.0025611818,-0.0049070716,-0.003340181,0.014811117,0.0006048484,false
202429.260264666,0,0.0045564175,0.0016602278,-0.0013762116,0.0068064444,0.030735476,-0.005784705,false
202429.280264666,0,0.0013407469,0.005711019,0.00045323372,-0.0066145854,0.04719673,-0.0071251555,false
202429.300264666,0,0.0018646121,0.006231874,0.00017774105,-0.026790235,0.058540247,-0.00845985,false
202429.320264666,0,0.001736939,0.005379051,-0.00043725967,-0.04231727,0.060840238,0.0015306473,false
202429.340264665,19999999,0.0016093254,0.0045261383,-0.001054883,-0.057844307,0.06314023,0.011521145,false
202429.360264665,39999999,0.0014816225,0.0036732554,-0.0016755462,-0.07337134,0.06544022,0.021511644,false
202429.380264666,0,-0.0060457885,0.0012272894,0.0068030357,-0.05983042,0.03768771,0.04202859,false
202429.400264666,0,-0.0016836524,-0.00018811226,0.0021332502,-0.054824807,0.03672323,0.059820753,false
202429.420264666,0,0.0018036366,-0.0073976517,-0.00028955936,-0.046416335,0.043502446,0.065174624,false
202429.440264666,0,-0.0063475072,-0.020000935,0.0068981647,-0.00671684,0.034650303,0.07420342,false
202429.460264666,0,0.00022917986,0.0015895367,-0.0030676126,-0.009903865,0.06843408,0.0774555,false
202429.480264666,0,5.275011e-06,0.0001039803,-0.0015125871,-0.0068080444,0.073308736,0.055896852,false
202429.500264665,19999999,-0.0009037256,-0.007300794,0.002457261,-0.005387728,0.052991763,0.019239772,false
202429.520264666,0,0.000120311975,-0.004074186,0.003287971,-0.005249125,0.04513215,-0.00914887,false
202429.540264666,0,-0.0016292036,0.0007416904,0.0035111904,-0.015074726,0.015370885,-0.03191569,false
202429.560264665,19999999,-0.0033780932,0.0055570304,0.0037342906,-0.024900328,-0.014390379,-0.05468251,false
202429.580264666,0,-0.017695993,2.2619963e-05,0.0170632,0.025716592,-0.14281037,-0.11846538,false
202429.600264666,0,-0.0061526,-0.014592081,0.008115888,0.0765869,-0.20067157,-0.1468167,false
202429.620264666,0,0.008267581,0.018058717,-0.008804858,0.10681809,-0.18076694,-0.11801854,false
202429.640264665,19999999,0.0069178343,0.035104424,-0.012192726,0.037988916,-0.089578815,-0.057253525,false
202429.660264666,0,0.0024332404,0.015972614,-0.0043738484,0.02397547,-0.056483366,-0.029477227,false
202429.680264665,19999999,-0.002050966,-0.0031589866,0.0034443736,0.009962024,-0.023387916,-0.0017009322,false
202429.700264666,0,-0.0013794601,-0.0027378798,0.0019977689,0.026237575,-0.010863446,0.009050462,false
202429.720264666,0,0.0011077523,-0.0031470656,-0.00047504902,0.0063592084,0.018254595,0.010777014,false
202429.740264665,19999999,0.0035949647,-0.0035562813,-0.0029479861,-0.013519157,0.04737263,0.012503566,false
202429.760264666,0,-0.0011608899,-0.005966127,0.0024995208,-0.015752142,0.048671696,0.019892367,false
202429.780264666,0,-0.00090679526,-0.0043124557,0.0011728406,-0.015854118,0.048810843,0.01422108,false
202429.800264665,19999999,-0.00065237284,-0.0026584566,-0.00015491247,-0.015956094,0.04894999,0.008549794,false
202429.820264666,0,-0.0072084665,-0.003651172,0.009087205,9.3948096e-05,0.022672758,0.01070611,false
202429.840264666,0,-0.0028944016,0.009825468,0.006893158,-0.0069597196,0.02436869,0.026295435,false
202429.860264666,0,0.003701508,-0.007837206,-0.00047963858,-0.0025164098,0.029080687,0.019172747,false
202429.880264665,19999999,0.00043177605,-0.003509134,0.0003696084,-0.011038948,0.027196178,0.032291517,false
202429.900264666,0,-0.00096458197,-0.004860401,0.0032228827,0.003395632,0.04153896,0.011855971,false
202429.920264665,19999999,-0.00048604608,-0.004421264,0.0051053762,0.017030658,0.024789259,-0.00969564,false
202429.940264666,0,-0.0021140575,-0.0004607141,0.005133033,0.017630305,-0.0068200827,-0.033184763,false
202429.960264666,0,-0.0012781918,0.0010122955,0.005859792,0.024707388,-0.038825758,-0.052248076,false
202429.980264665,19999999,-0.00044202805,0.0024855137,0.006586373,0.03178447,-0.07083143,-0.07131139,false
202430.000264666,0,0.00010699034,0.007721156,0.0049770474,0.03842898,-0.088088445,-0.06731076,false
202430.020264666,0,0.0023069978,0.0133137405,0.0009405017,0.036171865,-0.08539702,-0.04906276,false
202430.040264666,0,0.0024737716,0.012505084,-0.0021152496,0.024766095,-0.071064085,-0.020151535,false
202430.060264665,19999999,0.0069048703,0.0085994005,-0.007388413,0.02363789,-0.052469503,0.0076933876,false
202430.080264666,0,0.0058946013,0.007817596,-0.006157398,0.019992769,-0.0130144805,0.007314342,false
202430.100264665,19999999,0.0019141734,0.006030649,-0.0014314055,0.014614627,-0.013120842,0.01686991,false
202430.120264666,0,-0.0005786121,-0.0018826127,0.0041394234,0.023432579,-0.038384963,0.027253,false
202430.140264665,19999999,0.0036062002,-0.0051097274,0.0038778186,0.035538863,-0.036660843,0.031769082,false
202430.160264666,0,0.0064357817,-0.00935021,0.0048677325,0.06046535,-0.020402197,0.01064546,false
202430.180264665,19999999,0.0047432184,0.00055912137,0.004746914,0.055016622,-0.018390475,-0.0041339565,false
202430.200264666,0,-0.0021604896,0.010591477,0.004446745,0.0226066,-0.02885345,-0.01353991,false
202430.220264666,0,-0.0015939474,0.0052928925,0.0044617057,0.01477862,-0.03262931,-0.008606145,false
202430.240264665,19999999,-2.7447939e-05,0.0020359457,0.006534815,0.02624865,-0.043643925,0.0074823517,false
202430.260264666,0,0.00030255318,0.0026622415,0.0031539798,0.017421495,-0.038439803,0.011174455,false
202430.280264665,19999999,0.0006327033,0.0032884479,-0.00022739172,0.008594341,-0.03323568,0.014866559,false
202430.300264665,39999999,0.00096297264,0.0039145947,-0.00360924,-0.00023281295,-0.028031562,0.018558662,false
202430.320264665,59999999,-6.6280365e-05,0.0031328797,0.00048202276,-0.004673715,-0.021260858,0.027878517,false
202430.340264666,0,-0.000562191,-0.0006070733,0.001233995,0.0010983367,-0.021138927,0.031530045,false
202430.360264665,19999999,-0.0020737648,-0.005694598,0.006168008,0.021586813,-0.018892162,0.026536584,false
202430.380264666,0,-0.0011160076,-0.0023711026,0.002589643,0.03262184,-0.027614377,0.023902442,false
202430.400264666,0,-0.0031863153,7.7307224e-05,0.0028965473,0.028897023,-0.0232125,0.01147252,false
202430.420264666,0,0.00027185678,0.0004361868,-0.0026533604,0.014508009,-0.02314427,0.0151699055,false
202430.440264666,0,-0.0032483041,0.0041121244,-0.002775848,-0.0034071077,-0.017472418,0.016476495,false
202430.460264665,19999999,-0.0067684054,0.0077878535,-0.002898395,-0.021322224,-0.011800566,0.017783083,false
202430.480264665,39999999,-0.010522157,0.0066784024,0.0029438734,-0.019841557,-0.011048346,0.04237341,false
202430.500264666,0,-0.011605024,0.0035024881,0.0016699433,-0.017926889,-0.01421169,0.050349385,false
202430.520264666,0,-0.0019533634,-0.0033361912,-0.007415414,-0.016682923,-0.00562636,0.062234543,false
202430.540264665,19999999,0.0052057803,-0.013385057,-0.007470846,-0.0060415342,0.02499327,0.0263726,false
202430.560264666,0,0.0008497536,-0.010180891,-0.002312243,-0.0036701905,0.018059727,0.003235083,false
202430.580264665,19999999,-0.0035062432,-0.0069767833,0.0028461218,-0.0012988467,0.011126183,-0.019902434,false
202430.600264665,39999999,-0.0036963522,-0.004747927,0.0064097047,0.0056142644,0.0002219677,-0.035723627,false
202430.620264666,0,-2.7030706e-05,-0.005138278,0.0012956858,0.01202609,-0.006561724,-0.060596175,false
202430.640264665,19999999,-0.0030069351,0.0007455945,0.0022122264,0.014495486,-0.010409969,-0.06950669,false
202430.660264665,0,-0.0039613545,0.004794657,0.0026168823,0.01765169,-0.0130253155,-0.05730158,false
202430.680264665,0,-0.0037461817,0.006994128,-0.000805676,0.020735923,-0.019766994,-0.039788898,false
202430.700264664,19999999,0.0014496446,0.011015415,-0.0057721734,-0.00186285,-0.0053622527,-0.020246966,false
202430.720264665,0,0.0056934953,-0.0038241744,-0.005214572,-0.00063188036,0.04016353,-0.03817641,false
202430.740264665,0,-0.002655983,0.00086671114,-0.0005161166,-0.002971732,0.02737521,-0.027116474,false
202430.760264665,0,-0.0026845932,-0.00056025386,0.002407372,-0.0034291311,0.0026537646,0.0006812997,false
202430.780142417,0,0.009948824,-0.009865007,-0.0042754216,-0.012720918,0.04213207,-0.026439026,false
202430.800142417,0,0.0037638545,-0.0081757605,0.0013920069,-0.011721098,0.0374141,-0.041567586,false
202430.820142416,19999999,0.00024935603,-0.0060822666,0.0030218363,-0.017121686,0.031132894,-0.046976145,false
202430.840142417,0,0.0006993413,-0.005186647,0.0007223487,-0.024073457,0.022917297,-0.051137593,false
202430.860142416,19999999,0.0011501014,-0.004291773,-0.0015776157,-0.031025229,0.014701701,-0.05529904,false
202430.880142416,39999999,0.001565516,-0.002421558,-0.0041843653,-0.04095035,0.015079516,-0.060716063,false
202430.900142417,0,0.002579838,-0.009655505,-0.00096571445,-0.052123774,0.013636503,-0.07362109,false
202430.920142416,19999999,0.012089342,-0.041795045,0.0055853724,-0.04780668,0.0127905505,-0.15654457,false
202430.940142417,0,0.015713483,-0.08732304,0.028998017,-0.002601292,-0.018436182,-0.35136458,false
202430.960142417,0,0.006977409,-0.1301128,0.051402688,0.07157013,-0.12282045,-0.67884576,false
202430.980142417,0,-0.018888026,-0.15259427,0.069925606,0.15425646,-0.26691687,-1.0786018,false
202431.000142416,19999999,-0.049696833,-0.13956383,0.07549226,0.24137504,-0.47174937,-1.4419038,false
202431.020142417,0,-0.06464851,-0.12249258,0.06202197,0.30829537,-0.6706647,-1.7366819,false
202431.040142417,0,-0.07029778,-0.094412774,0.037413478,0.3568166,-0.8167537,-1.9468457,false
202431.060142416,19999999,-0.06788397,-0.06463894,0.0119742155,0.39594176,-0.879345,-2.0638278,false
202431.080142417,0,-0.060943186,-0.025716305,-0.008171618,0.3809541,-0.8859127,-2.08821,false
202431.100142417,0,-0.049558282,0.0042158067,-0.022547364,0.3490318,-0.83608794,-2.0405684,false
202431.120142416,19999999,-0.04124114,0.022609442,-0.02821982,0.30213016,-0.7496437,-1.9441404,false
202431.140142416,0,-0.03281179,0.03591484,-0.034930646,0.25602493,-0.62187076,-1.8097959,false
202431.160142416,0,-0.035012037,0.045255035,-0.032621145,0.21548358,-0.50445116,-1.6594115,false
202431.180142415,19999999,-0.028259754,0.053332925,-0.035928786,0.17227378,-0.39405686,-1.4954221,false
202431.200142416,0,-0.024092525,0.063052714,-0.035252213,0.12212374,-0.29778802,-1.3332229,false
202431.220142415,19999999,-0.01867637,0.059829637,-0.03324753,0.07880439,-0.20243731,-1.1790888,false
202431.240142416,0,-0.01602158,0.055075705,-0.02981466,0.044638865,-0.115161315,-1.0451739,false
202431.260142416,0,-0.016708255,0.0486978,-0.022110045,0.02004666,-0.060964607,-0.92120165,false
202431.280142415,19999999,-0.014945269,0.03987059,-0.01846391,0.011110782,-0.023757525,-0.810819,false
202431.300142416,0,-0.013262123,0.031980693,-0.016123235,0.015025759,-0.009186821,-0.7221837,false
202431.320142416,0,-0.007397443,0.0306139,-0.014672399,0.0145929875,0.0032910714,-0.6629337,false
202431.340142415,19999999,-0.00145787,0.029201448,-0.013220549,0.014160216,0.015768964,-0.6036837,false
202431.360142415,39999999,0.00078833103,0.026189134,-0.0013349056,0.02364355,0.011279497,-0.5632324,false
202431.380142416,0,0.00020197034,0.020811707,0.004953146,0.068790734,0.009825706,-0.52587473,false
202431.400142415,19999999,0.002040416,0.0341983,-0.0020965338,0.08905437,0.023145039,-0.4951054,false
202431.420142416,0,0.0010894537,0.043413118,0.0013540387,0.069265954,0.02647736,-0.48302057,false
202431.440142416,0,0.0070994496,0.03647031,-0.00036108494,0.07972547,0.020325173,-0.4391739,false
202431.460142415,19999999,0.013129532,0.02951704,-0.0020732284,0.09018498,0.014172985,-0.39532724,false
202431.480142415,39999999,0.019179672,0.022553548,-0.0037823915,0.10064449,0.008020798,-0.35148054,false
202431.500142416,0,0.01899892,0.032184437,-0.007593453,0.08857952,0.030660657,-0.2817191,false
202431.520142415,19999999,0.015446186,0.033409655,-0.004989147,0.09505901,0.052538015,-0.22283326,false
202431.540142416,0,0.0128516555,0.045590192,-0.007188499,0.086067274,0.06272896,-0.18645193,false
202431.560142416,0,0.004910916,0.040152475,0.0010281801,0.070881866,0.051451866,-0.13411841,false
202431.580142416,0,0.007889569,0.026252314,0.004179418,0.0686637,0.035070043,-0.10007146,false
202431.600142416,0,0.007036984,0.015592441,0.00751245,0.08189586,0.03351275,-0.07001048,false
202431.620142416,0,0.012896359,0.0182544,0.00087088346,0.10565021,0.041840162,-0.044658475,false
202431.640142416,0,0.015238553,0.035850078,-0.0072701573,0.09751943,0.055377517,-0.040536307,false
202431.660142415,19999999,0.009170085,0.045432284,-0.009465992,0.060563516,0.07637261,-0.021562472,false
202431.680142416,0,-0.00049847364,0.022116184,0.010347664,0.042768825,0.050307684,0.0086047035,false
202431.700142416,0,-0.0016584694,0.005128756,0.017801404,0.031859793,0.037231807,0.015230492,false
202431.720142416,0,-0.004919797,-0.0017021894,0.01712346,0.019577984,0.010334104,0.014934447,false
202431.740142416,0,-0.005566895,0.0025103837,0.014374316,0.012603337,0.0075254412,0.009337572,false
202431.760142415,19999999,-0.006213933,0.006722808,0.011625111,0.00562869,0.0047167786,0.0037406976,false
202431.780142415,39999999,-0.0068609416,0.010935232,0.008875728,-0.0013459562,0.0019081158,-0.0018561771,false
202431.800142415,59999999,-0.0036285818,0.0019662976,0.006238699,-0.018158356,-0.0036904917,-0.0076504042,false
202431.820142416,0,-0.002927065,-0.006751433,0.009103775,-0.026036376,0.0024158552,-0.0068105604,false
202431.840142416,0,-0.001850009,-0.009186149,0.0065875053,-0.026242921,-0.0047758743,-0.00836751,false
202431.860142416,0,0.0055858493,0.008044392,-0.008269787,-0.020003468,-0.006565567,-0.0125496015,false
202431.880142416,0,0.0005066097,0.00087864697,-0.0032764673,-0.027769394,-0.0027723392,-0.0005790461,false
202431.900142415,19999999,-0.0045726597,-0.006287232,0.001716435,-0.03553532,0.0010208888,0.01139151,false
202431.920142416,0,-0.0033615828,-0.0135885775,0.0050474405,-0.031393006,6.584404e-05,0.0036471528,false
202431.940142415,19999999,0.0027142763,-0.01405704,0.0013436079,-0.042317707,0.026229592,-0.02179127,false
202431.960142416,0,-0.012971133,-0.008801401,0.007910728,-0.07724466,0.008311572,-0.046916664,false
202431.980142416,0,-0.008503228,-0.012243256,0.005215168,-0.08654788,-0.018002165,-0.06708295,false
202432.000142416,0,-0.013344914,-0.019682273,0.016500413,-0.05193375,-0.08455873,-0.12577575,false
202432.020142416,0,-0.007403046,-0.012651801,0.011277676,-0.037672102,-0.12889501,-0.19087952,false
202432.040142415,19999999,-0.0036473572,-0.015528604,0.009672582,-0.039224204,-0.17494178,-0.25519082,false
202432.060142416,0,-0.0033099353,-0.010587186,0.009625435,-0.04708756,-0.18698056,-0.27968228,false
202432.080142415,19999999,-0.0029453933,-0.005633995,0.009567618,-0.05495092,-0.19901934,-0.30417374,false
202432.100142416,0,0.0046788454,-0.011701882,0.0061935186,-0.063956104,-0.18220478,-0.30981863,false
202432.120142416,0,0.0064644217,-0.011315823,0.003995657,-0.05624185,-0.14371881,-0.333229,false
202432.140142416,0,-0.0036251545,-0.015900284,0.008867741,-0.05700239,-0.14251088,-0.3510627,false
202432.160142416,0,-0.005343199,-0.00989823,0.00863564,-0.06770985,-0.15004379,-0.36250803,false
202432.180142416,0,0.024800718,-0.017860949,0.011253893,-0.021068607,-0.087623835,-0.30333692,false
202432.200142416,0,-0.009720117,-0.015190616,0.01923579,-0.022063522,-0.14040238,-0.3495718,false
202432.220142416,0,-0.0070520937,-0.012614712,0.00933212,-0.018274248,-0.1313259,-0.36627272,false
202432.240142415,19999999,-0.004355371,-0.010031372,-0.0005751848,-0.014484975,-0.122249424,-0.38297367,false
202432.260142416,0,-0.0025093555,0.00044980645,-0.004107058,0.0022761421,-0.14428666,-0.35720587,false
202432.280142415,19999999,0.0024815798,0.0076764077,-0.009231329,0.011085785,-0.1280145,-0.33215418,false
202432.300142416,0,0.005761236,0.012172431,-0.01248765,0.0122288335,-0.097397216,-0.31250113,false
202432.320142415,19999999,0.0048564672,0.017187342,-0.013791978,0.008720277,-0.06535654,-0.3018819,false
202432.340142416,0,-0.00281021,0.020393625,-0.012730837,0.0075523145,-0.0626474,-0.2621215,false
202432.360142416,0,0.0008870959,0.021532446,-0.016917706,0.00094407285,-0.052198455,-0.21447812,false
202432.380142416,0,0.006100893,0.02259259,-0.018384576,-0.006754764,-0.025438435,-0.19431263,false
202432.400142415,19999999,0.005671352,0.022284985,-0.0146740675,-0.019335587,0.0035184082,-0.17616184,false
202432.420142416,0,-0.001196295,0.028397977,-0.009211659,-0.028404862,0.016821338,-0.15156974,false
202432.440142415,19999999,-0.0033489764,0.029424354,-0.00530988,-0.0363423,0.018405925,-0.12392387,false
202432.460142416,0,-0.0034126043,0.027234226,-0.002060473,-0.035676807,0.017915811,-0.09541629,false
202432.480142415,19999999,-0.0021077394,0.028033897,-0.0017601848,-0.025300274,0.016668312,-0.07431887,false
202432.500142416,0,-0.0012839139,0.026870742,-0.0026546717,-0.016825994,0.017745363,-0.045623228,false
202432.520142416,0,0.0010948479,0.02240841,-0.0045247674,-0.0035976507,0.023413278,-0.01805042,false
202432.540142415,19999999,0.0034965575,0.015011698,-0.0042868257,0.0118810255,0.031985752,-0.004105894,false
202432.560142416,0,0.007441759,0.009444058,-0.0029363632,0.024647538,0.038686275,0.0010256423,false
202432.580142415,19999999,0.0077670217,0.007922545,-0.0010113716,0.037525628,0.042436175,-0.0044861287,false
202432.600142416,0,0.0032826066,0.0073623657,0.000385046,0.03765353,0.04030375,0.0023076693,false
202432.620142415,19999999,0.0056158006,0.0074178576,-0.0023530126,0.04038822,0.03538509,0.019200504,false
202432.640142416,0,0.009732991,0.005584985,-0.0027535558,0.04120405,0.050154377,0.02027048,false
202432.660142416,0,0.0062377155,0.004704371,0.0017699599,0.04112499,0.05089268,0.03125577,false
202432.680142415,19999999,0.0027436614,0.0038238168,0.006291926,0.041045927,0.051630985,0.042241063,false
202432.700142415,39999999,0.0036009252,0.00073984265,0.008557916,0.044663165,0.043114863,0.047341265,false
202432.720142416,0,-0.0004400611,0.0022824258,0.011152685,0.046004158,0.030344423,0.05239999,false
202432.740142416,0,-0.00025713444,0.0009984821,0.009314477,0.03984022,0.019318823,0.051413227,false
202432.760142416,0,-0.0008276105,0.0022801906,0.010107458,0.03145204,0.006393304,0.05190195,false
202432.780142416,0,-0.00063708425,0.0017295629,0.007232547,0.013851654,0.003808698,0.050702285,false
202432.800142416,0,-0.00076183677,-0.00085677207,0.00820297,0.010650646,-4.021637e-05,0.04934491,false
202432.820142416,0,-0.0020771325,-0.002670616,0.0075742602,0.0068897423,-0.005833727,0.047688127,false
202432.840142416,0,-0.0016485155,-0.0017661005,0.0062854886,-0.0025537307,-0.017798522,0.04542924,false
202432.860142416,0,0.00023341179,-0.0022808164,0.005200088,-0.013097135,-0.028985849,0.026575282,false
202432.880142416,0,0.00016152859,-0.002240479,0.0012376308,-0.033099245,-0.033010803,0.007958863,false
202432.900142416,0,0.00025892258,-0.0016064346,0.001493454,-0.04052948,-0.040843524,0.0019056047,false
202432.920142415,19999999,0.001689285,-0.0020215958,-0.0021116138,-0.043422557,-0.032706942,-0.0019796498,false
202432.940142416,0,-0.00071281195,0.0014840513,0.0022408962,-0.033700224,-0.03540516,0.012406747,false
202432.960142416,0,-0.00079500675,0.0010254532,0.00063586235,-0.017776264,-0.028429491,0.02982606,false
202432.980142416,0,0.0009782016,0.0024665743,-0.0012481213,-0.013012646,-0.02926061,0.052708793,false
202433.000142415,19999999,0.008074611,0.0009112358,-0.0048577785,-0.010331785,-0.009318583,0.044055976,false
202433.020142416,0,0.004567206,0.00071817636,-0.00025236607,-0.015766677,0.004700602,0.031392477,false
202433.040142415,0,-0.0021156669,0.0014779419,0.004306257,-0.015983209,-0.005975629,0.020611454,false
202433.060142415,0,-0.003694564,0.0033758879,0.0041558146,-0.021548428,-0.024346307,0.01757122,false
202433.080142415,0,-0.0030591786,0.0017685592,0.0029628277,-0.023443418,-0.03280416,0.012122753,false
202433.100142414,19999999,-0.0038421154,0.0027270466,0.0034650564,-0.01784666,-0.036264963,0.008899262,false
202433.120142415,0,-0.0052404106,0.0046556145,0.0031599402,-0.01143139,-0.04280038,0.019964073,false
202433.139977542,0,-0.0040030126,0.0049717487,0.002634637,-0.00556124,-0.043321602,0.03348403,false
202433.159977541,19999999,-0.001142025,0.005124241,-0.0015187263,-0.013094667,-0.036414508,0.04185859,false
202433.179977542,0,-8.21352e-05,0.0027406514,-0.0031656623,-0.023183402,-0.019795097,0.04085488,false
202433.199977542,0,-0.0005148351,0.00076675415,-0.0030224323,-0.02896148,-0.009810656,0.03588193,false
202433.219977542,0,-0.0008728504,-0.0020189285,-0.0025262237,-0.0271197,-0.008691342,0.042198543,false
202433.239977541,19999999,0.0023331046,-0.0052608103,-0.0038228035,-0.02157227,0.00077902153,0.03552239,false
202433.259977542,0,0.002860427,-0.0057517886,-0.0025090575,-0.015055399,0.008655779,0.022587888,false
202433.279977541,19999999,-0.00023519993,-0.0037448704,3.7550926e-05,-0.009868134,0.0065507633,0.011828686,false
202433.299977542,0,-0.0017850995,-0.002378732,0.0023351312,-0.0059264335,0.0020307284,0.004099775,false
202433.319977541,19999999,-0.0026726723,-0.00091193616,0.0026512742,-0.0016938183,-0.0062476182,0.00030357717,false
202433.339977542,0,-0.0020222664,0.0021073818,0.0010188818,-0.0029780513,-0.009118576,0.000851181,false
202433.359977542,0,-0.002614826,0.0042344034,0.00043457747,-0.0043730894,-0.01100101,0.004702459,false
202433.379977541,19999999,-0.0017288029,0.00639838,-0.0012016296,-0.012738313,-0.0062512723,0.010990184,false
202433.399977542,0,-0.0012197196,0.008940548,-0.0027810335,-0.02321787,0.0028057327,0.020057596,false
202433.419977541,19999999,-0.0015271604,0.007984966,-0.0012607574,-0.029432632,0.009819696,0.030712541,false
202433.439977542,0,-0.0019055307,0.006834954,-0.00054967403,-0.036797665,0.01692288,0.043079592,false
202433.459977541,0,-0.0016802251,0.0045954883,0.00068187714,-0.034891196,0.017662818,0.052049555,false
202433.479977540,19999999,-0.00027608871,0.0019433498,0.00039714575,-0.025680352,0.018381363,0.05443808,false
202433.499977541,0,0.0005467832,0.0010585189,-0.000104248524,-0.016690735,0.0171269,0.057867635,false
202433.519977540,19999999,0.0014855862,0.0008623898,0.00012356043,-0.00844941,0.015970575,0.060865585,false
202433.539977541,0,0.0007940233,0.0016437769,0.0009945631,-0.0034970813,0.014271532,0.06170821,false
202433.559977540,19999999,0.00010308623,0.0024252683,0.0018655062,0.0014552474,0.01257249,0.062550835,false
202433.579977540,39999999,0.0002348125,0.0022269636,0.0019663572,0.0051036617,0.008915848,0.06251759,false
202433.599977541,0,-0.00021496415,0.0023079813,0.0019249916,0.002737938,0.0029301406,0.070667684,false
202433.619977541,0,0.0046845675,0.0018681139,-0.0015881062,-0.0029891725,0.010783302,0.06758292,false
202433.639977541,0,0.0028533936,0.0034134388,-0.00030976534,-0.0132994335,0.021764558,0.0646484,false
202433.659977540,19999999,-0.00022038817,0.0040249974,0.0030665994,-0.023274548,0.02101823,0.06358978,false
202433.679977541,0,-0.0027862191,0.0042868555,0.0047540665,-0.03145645,0.01122652,0.066979505,false
202433.699977541,0,-0.0025337636,0.002701059,0.0045873523,-0.03770278,0.00040259212,0.0643834,false
202433.719977540,19999999,-0.0019114614,0.0010128319,0.0030421615,-0.03868273,-0.001509581,0.05858123,false
202433.739977541,0,-0.0029126406,-0.00096298754,0.0038547516,-0.033933673,-0.008236887,0.056377515,false
202433.759977540,19999999,-0.0040552914,-0.0019899905,0.0045053363,-0.027853668,-0.014152523,0.061054595,false
202433.779977541,0,-0.0019883215,-0.0028532743,0.003165841,-0.017669288,-0.01750726,0.059380934,false
202433.799977540,19999999,-2.8699636e-05,-0.0031523854,-8.98242e-05,-0.014130192,-0.016117949,0.054340802,false
202433.819977541,0,0.0012057126,-0.0034168959,-0.000564456,-0.008322332,-0.01184652,0.04123468,false
202433.839977541,0,0.0008145869,-0.002977863,-4.428625e-05,-0.004726446,-0.013579821,0.03825067,false
202433.859977540,19999999,0.00042378902,-0.0025390536,0.00047576427,-0.0011305597,-0.015313122,0.035266656,false
202433.879977540,39999999,0.0041832626,-0.004530087,-0.0010961294,0.0011271785,-0.0041516293,0.023587447,false
202433.899977541,0,0.0025831163,-0.002558872,0.00015187263,0.001656423,0.0040131994,0.013572487,false
202433.919977541,0,-0.00063818693,-0.0009056628,0.002739191,-0.0008030733,0.0029607287,0.009329167,false
202433.939977541,0,-0.0032547116,0.0015176535,0.0039090514,-0.005324443,-0.0059557175,0.011729597,false
202433.959977540,19999999,-0.0041945875,0.0042167753,0.0034555197,-0.009153482,-0.015906926,0.01948427,false
202433.979977541,0,-0.0035895407,0.004070848,0.0026335716,-0.0125035625,-0.018338187,0.021339377,false
202433.999977541,0,-0.0023707151,0.0027945787,0.0016652346,-0.017576972,-0.018930145,0.022329131,false
202434.019977541,0,-0.0013692975,0.0030214936,-0.00039058924,-0.01945994,-0.014706045,0.023367764,false
202434.039977541,0,-0.0015493035,0.0032981038,-0.001280129,-0.022761261,-0.008611841,0.024883267,false
202434.059977540,19999999,-0.0011540353,0.001434803,-0.0005799532,-0.020942068,-0.0054937378,0.024155142,false
202434.079977541,0,-0.0010040998,0.0007279217,-0.0003144145,-0.014721367,-0.0034220985,0.023808118,false
202434.099977541,0,-0.00057569146,-0.000120803714,0.0003118515,-0.009839999,-0.0053168284,0.018919962,false
202434.119977541,0,-0.00056001544,-0.0013089031,-0.0003182888,-0.003058211,-0.004910898,0.013379646,false
202434.139977540,19999999,-0.00048187375,-0.0013096482,-0.00011700392,0.0055988766,-0.004031051,0.007792874,false
202434.159977541,0,-0.00065115094,-0.0006777495,-0.0001320839,0.009386078,-0.0038790356,0.005185266,false
202434.179977540,19999999,-0.00082042813,-4.5880675e-05,-0.00014722347,0.01317328,-0.0037270202,0.0025776592,false
202434.199977541,0,-0.0023338497,0.0006636679,0.0014085174,0.015027125,-0.004781793,0.004484671,false
202434.219977541,0,-0.0011895895,0.0017740875,0.0017228127,0.0181112,-0.0021914465,0.012659711,false
202434.239977541,0,-0.000587523,0.0016259402,-0.00039428473,0.012828448,-0.0029730233,0.025613617,false
202434.259977540,19999999,0.0041656494,-0.00041653216,-0.0035520196,0.010398868,0.012263736,0.023749338,false
202434.279977541,0,0.0017023981,0.0007241219,-0.0012042522,0.0039419583,0.025175598,0.014467988,false
202434.299977541,0,-0.0016560555,0.0019478053,0.0038154721,-0.006581372,0.022682065,0.014084943,false
202434.319977540,19999999,-0.003297627,0.0010707974,0.0059636235,-0.011650225,0.0077600265,0.011621754,false
202434.339977541,0,-0.0029228926,-0.0014838427,0.005055487,-0.00870387,-0.006587765,0.006339971,false
202434.359977540,19999999,-0.0018215775,-0.0021595955,0.0034797788,-0.00593,-0.011919452,0.0011223601,false
202434.379977541,0,-0.0025129318,0.00044466555,0.0021882057,0.0007245764,-0.01559318,0.01180694,false
202434.399977541,0,-0.0025927424,0.0012376308,0.0008401871,0.00877765,-0.01477213,0.017969929,false
202434.419977541,0,-0.00015681982,0.0006735921,-0.0030166507,0.017410737,-0.0055370275,0.027147327,false
202434.439977541,0,-0.00017806888,7.5384974e-05,-0.0025347471,0.018650128,0.0028739078,0.02761248,false
202434.459977540,19999999,-0.00019881129,-0.00052283704,-0.0020531416,0.019889517,0.011284844,0.028077632,false
202434.479977540,39999999,-0.00021910667,-0.0011210889,-0.0015718341,0.021128908,0.01969578,0.028542785,false
202434.499977540,59999999,-0.0011219978,-0.0020322204,0.0024097562,0.026118651,0.01659466,0.03361096,false
202434.519977541,0,0.0023180544,-0.0055993497,0.0013603568,0.030247262,0.015828088,0.0285885,false
202434.539977541,0,0.0022703707,-0.004741296,0.0022882223,0.036256865,0.019202216,0.014719688,false
202434.559977541,0,-0.000297755,7.0631504e-06,0.004445553,0.03609312,0.012477353,0.0067853183,false
202434.579977541,0,-0.00407961,0.0039520264,0.0059760213,0.03495578,0.0025173444,0.012819903,false
202434.599977541,0,-0.003693968,0.0066898316,0.00553298,0.027217312,-0.011546232,0.027125008,false
202434.619977540,19999999,-0.0005143881,0.003770709,0.0024938583,0.028018374,-0.010048665,0.033306193,false
202434.639977541,0,-0.001899898,0.0031926334,0.0018237233,0.030867243,-0.011597498,0.042677626,false
202434.659977541,0,-0.000372082,0.0029450804,-0.00064241886,0.033512276,-0.007273534,0.0524709,false
202434.679977541,0,-0.0007343888,0.0025948137,-0.001914084,0.032871004,0.0018887888,0.05132281,false
202434.699977540,19999999,-0.00086921453,0.0008826703,-0.0005990267,0.032331835,0.0087341545,0.05283764,false
202434.719977541,0,-0.0014452934,-0.0032066554,0.00036031008,0.033742774,0.011048922,0.054483667,false
202434.739977541,0,-0.001215905,-0.0015906394,-0.0010641813,0.038221553,0.008047653,0.051467955,false
202434.759977541,0,-0.00028926134,-0.00037822127,-0.0002529025,0.04465626,0.008862261,0.05040797,false
202434.779977540,19999999,0.0012480617,-0.0010849983,-0.00034356117,0.03839268,0.009439963,0.040351897,false
202434.799977541,0,0.0014773905,-0.003450632,0.0008022785,0.042618368,0.008806565,0.03137198,false
202434.819977541,0,0.00042051077,-0.00024223328,0.0007097125,0.047957275,0.021861043,0.03906256,false
202434.839977541,0,-0.0072188973,0.0029460937,0.005977452,0.05699285,0.013097666,0.057868633,false
202434.859977540,19999999,-0.0056226254,0.0059912354,0.0020394325,0.050808992,-0.0032593384,0.062592775,false
202434.879977541,0,0.0005336404,0.0052902997,-0.0017219782,0.038453363,-0.008864654,0.056497592,false
202434.899977541,0,0.010592699,0.0028022826,-0.0049496293,0.016041452,0.0012413124,0.018217217,false
202434.919977540,19999999,0.0075388253,0.0010803938,-0.0024186969,-0.0077953953,0.0050980705,-0.0106273405,false
202434.939977541,0,0.0021085143,-0.0035335422,0.003201723,-0.013544566,-0.010231284,-0.022522014,false
202434.959977541,0,-0.008073062,-0.0031644702,0.005672872,0.007037255,-0.051172204,-0.037785277,false
202434.979977541,0,-0.0039514303,0.0020264238,0.005671501,0.054795004,-0.09022242,-0.0392423,false
202434.999977541,0,0.000333637,0.0018085092,0.002818048,0.090955675,-0.11132287,-0.04612468,false
202435.019977541,0,0.003145963,0.0053152144,-0.0027692914,0.109746926,-0.11919103,-0.056843568,false
202435.039977540,19999999,0.004088074,0.012442529,0.0012635589,0.1182425,-0.12718326,-0.041215353,false
202435.059977541,0,0.0014211833,0.0050005317,0.0019357204,0.11976689,-0.09751749,-0.0014425628,false
202435.079977540,19999999,-0.0012450814,-0.0024407357,0.0026013255,0.12129128,-0.06785172,0.03833023,false
202435.099977540,39999999,0.0077297688,-0.014165863,-9.4890594e-05,0.13332619,-0.039907023,0.052293595,false
202435.119977541,0,0.013290346,-0.004815519,-0.008805931,0.13214423,0.0089656,0.06489201,false
202435.139977541,0,0.010090262,-0.010341391,-4.1902065e-05,0.13722697,0.04686049,0.10706988,false
202435.159977540,19999999,0.01669383,-0.024848074,-0.0031672716,0.22609657,0.120200306,0.1339291,false
202435.179977541,0,0.0006107986,-0.00064723194,-0.008703411,0.2918584,0.1755394,0.12383036,false
202435.199977541,0,-0.01517418,0.01852198,-0.0048974752,0.32112345,0.12509185,0.18924564,false
202435.219977541,0,-0.01642549,0.0114928335,0.0010852218,0.3371683,0.07609648,0.19104733,false
202435.239977541,0,-0.0054425,0.0063545853,-0.00071787834,0.33023033,0.030501746,0.18564102,false
202435.259977540,19999999,-0.0035988688,0.012166828,-0.0036432147,0.31681934,0.0050413366,0.15256545,false
202435.279977541,0,0.0010078549,0.025849223,-0.015365422,0.23996207,0.030456156,0.12362151,false
202435.299977541,0,-0.0065332353,0.017038986,-0.006237924,0.14456862,0.050251804,0.11296942,false
202435.319977541,0,-0.019203335,-0.0045919716,0.0072945356,0.09183227,-0.00043412298,0.10264458,false
202435.339977541,0,-0.010616124,-0.008379668,0.0030190945,0.11589428,0.007834105,0.08383156,false
202435.359977540,19999999,-0.0020249188,-0.012169957,-0.0012654066,0.1399563,0.016102333,0.06501855,false
202435.379977540,39999999,0.0065702796,-0.01596278,-0.005559087,0.1640183,0.024370562,0.046205536,false
202435.399977540,59999999,0.006548822,-0.020865083,-0.006299019,0.18814595,0.050593458,-0.0032973513,false
202435.419977540,0,-0.014425516,-0.009909987,0.0033379793,0.18424869,0.01565963,0.023673544,false
202435.439977540,0,-0.004908055,-0.007267624,-0.011081815,0.1767791,0.026609605,0.032475635,false
202435.459977540,0,-0.010676682,0.01333344,-0.013484657,0.14699934,0.022569302,0.04210005,false
202435.479977540,0,-0.010871112,0.020997524,-0.011152029,0.092801526,0.02309866,0.05612584,false
202435.499977539,19999999,-0.015426964,0.013945758,-0.004510641,0.031913564,0.0012668092,0.013462178,false
202435.519946292,0,-0.0084538665,0.019576306,-0.009969208,-0.032472458,0.025382152,0.0077369963,false
202435.539946292,0,-0.030496538,0.0019429922,0.010810375,-0.18052171,0.11584563,0.035509374,false
202435.559946292,0,0.020842433,-0.018003285,-0.006974697,-0.007537544,0.013770409,0.0053047575,false
202435.579946291,19999999,0.021352708,0.00077819824,-0.009313285,-0.018898826,0.16658953,-0.018371925,false
202435.599946292,0,-0.0024870336,0.014714748,0.008818269,-0.014682187,0.12565368,0.03440659,false
202435.619946291,19999999,0.0009468496,0.018015683,0.006601453,-0.089134745,0.20045117,0.099099904,false
202435.639946292,0,0.021916002,0.024378538,-0.008485496,-0.15060396,0.29072315,0.13486564,false
202435.659946291,19999999,0.042892218,0.03075388,-0.02359134,-0.21207318,0.38099512,0.1706314,false
202435.679946291,39999999,-0.0059004426,0.007688552,0.019121885,-0.1984737,0.27121904,0.10927345,false
202435.699946292,0,-0.005284846,0.0059987903,0.021796584,-0.21072993,0.11812852,0.11534604,false
202435.719946291,19999999,0.0013660789,-0.017903596,0.017508268,-0.16102383,0.061198696,0.074653015,false
202435.739946292,0,0.005935788,-0.0129288435,0.010437429,-0.215107,0.08063419,0.062272232,false
202435.759946292,0,0.016456574,-0.03299117,0.020937502,-0.20329545,0.090397015,0.089484446,false
202435.779946292,0,0.0011203587,-0.030690253,0.028514683,-0.19887057,0.054470476,0.075240895,false
202435.799946292,0,0.0017714798,-0.03533283,0.026860654,-0.14813417,0.020528894,0.07610426,false
202435.819946292,0,0.00077724457,-0.03473136,0.022747397,-0.061434366,-0.0077308863,0.03057523,false
202435.839946292,0,0.005484462,-0.010909945,0.016909659,-0.07275623,0.0038897423,0.03693995,false
202435.859946291,19999999,0.010191888,0.012911379,0.011071801,-0.084078096,0.015510371,0.043304667,false
202435.879946292,0,0.0043929517,0.010361075,0.015370905,-0.10810201,-0.01888903,0.066167794,false
202435.899946291,19999999,-0.00140661,0.0078094006,0.019668996,-0.13212593,-0.05328843,0.08903092,false
202435.919946291,0,-0.00049981475,0.007457018,0.022518277,-0.11145672,-0.08351208,0.09352758,false
202435.939946291,0,0.0020831823,0.006187275,0.012250662,-0.12508214,-0.08231066,0.08435307,false
202435.959946291,0,-0.0011623502,-0.017101377,0.012724161,-0.12782358,-0.09257631,0.079728305,false
202435.979946290,19999999,-0.0041233003,9.247661e-05,0.007824063,-0.12935159,-0.114942156,0.11273296,false
202435.999946291,0,0.0020064712,0.006504163,-0.00292629,-0.11546872,-0.08172501,0.09234932,false
202436.019946291,0,0.001187563,0.0072433352,0.0020810366,-0.13088332,-0.07293613,0.122712344,false
202436.039946291,0,0.001956135,0.004330948,-0.0052417517,-0.15031229,-0.044277307,0.106871866,false
202436.059946290,19999999,-0.008188337,-0.0087367,0.009163499,-0.11758298,-0.08512887,0.12796071,false
202436.079946291,0,0.0055995286,-0.008869335,-0.0003721118,-0.103783585,-0.08699804,0.1291074,false
202436.099946291,0,-0.0030491352,0.0046895295,-0.0006169081,-0.11115029,-0.08506925,0.16424145,false
202436.119946291,0,-0.0021176338,-0.00016257167,0.0012753606,-0.09941962,-0.062445614,0.15437727,false
202436.139946290,19999999,-0.0011868477,-0.0050194412,0.00316602,-0.08768897,-0.039821982,0.1445131,false
202436.159946290,39999999,0.0007176697,-0.0012395978,-0.00055897236,-0.0783143,0.005489208,0.14896655,false
202436.179946291,0,0.002761066,0.0050376505,-0.003804624,-0.084535375,0.04497846,0.14336732,false
202436.199946291,0,-1.5199184e-05,0.012288377,-0.003491044,-0.12882207,0.08136704,0.15905637,false
202436.219946290,19999999,0.0036454797,0.01455538,-0.0042312145,-0.18708202,0.11662481,0.18647952,false
202436.239946291,0,-0.0016266704,0.014607415,-0.011742771,-0.16837603,0.09121902,0.16738418,false
202436.259946290,19999999,-0.006901771,0.014660746,-0.019257247,-0.14967003,0.06581323,0.14828882,false
202436.279946290,39999999,-0.0121797025,0.014715359,-0.026774645,-0.13096404,0.040407434,0.12919345,false
202436.299946291,0,-0.0087017715,0.00016342103,-0.017713845,-0.118008055,0.016897826,0.17425483,false
202436.319946291,0,-0.009794265,-0.0017750412,-0.006629288,-0.09968339,0.035715166,0.12617567,false
202436.339946291,0,-0.005647391,-0.006724298,-0.0038539767,-0.08710226,0.021120168,0.09961273,false
202436.359946290,19999999,0.00270468,-0.0046974868,-0.004486501,-0.087884404,0.020868417,0.0589406,false
202436.379946291,0,0.0056346655,-0.014059663,-0.0038506985,-0.10536382,0.054169983,0.051572807,false
202436.399946291,0,0.00068083405,0.012596503,0.004730284,-0.13212356,0.007383205,0.02620078,false
202436.419946291,0,-0.010435313,0.007897168,0.00997597,-0.24910195,0.00328724,0.0097508095,false
202436.439946291,0,-0.009343892,-0.0025762916,0.00875926,-0.19491324,-0.013212035,0.00896771,false
202436.459946290,19999999,-0.008253276,-0.013054445,0.007530451,-0.14072454,-0.02971131,0.008184611,false
202436.479946291,0,-0.01784122,-0.04850039,0.019432843,-0.018693142,-0.06633462,0.13774319,false
202436.499946291,0,-0.0045769215,0.014720127,-0.0065793395,0.0059244633,0.004468471,0.10952962,false
202436.519946291,0,-0.00014650822,0.014120474,-0.0097177625,0.014820349,0.053854585,0.07567501,false
202436.539946290,19999999,-0.0049556196,0.011382714,-0.005463481,-0.007699962,0.067476615,0.064926006,false
202436.559946291,0,-0.0062461793,0.0054116696,0.003126502,-0.005190355,0.016520977,0.07627948,false
202436.579946290,19999999,-0.0075363815,-0.0005594194,0.011716425,-0.0026807478,-0.03443466,0.087632954,false
202436.599946291,0,0.0039015412,-0.0023786426,0.0052131414,0.013328736,-0.016813157,0.033095077,false
202436.619946290,19999999,0.0070165396,-0.0017634928,0.0027225018,-0.055643883,0.005715497,0.011693537,false
202436.639946291,0,-0.0015006363,-0.0141488165,0.013421953,-0.05059247,-0.034391016,-0.010969171,false
202436.659946291,0,-0.002685368,-0.013429463,0.008875608,0.022530053,-0.09348476,-0.044535697,false
202436.679946290,19999999,-0.0038689673,-0.012708381,0.0043264627,0.09565258,-0.1525785,-0.078102216,false
202436.699946291,0,0.008677632,-0.00023666024,-0.004243076,0.12028747,-0.15889677,-0.07889327,false
202436.719946291,0,0.014722496,0.00037169456,-0.008520007,0.10747147,-0.06497633,-0.06367693,false
202436.739946291,0,-0.0025108159,0.016810477,0.0023781061,0.069151424,-0.053141236,-0.044973783,false
202436.759946290,19999999,-0.005229771,0.003889978,0.0030095577,0.042200506,-0.033584606,-0.03142009,false
202436.779946291,0,2.8908253e-05,-0.020733833,0.006610632,0.08853865,-0.03369718,-0.027847854,false
202436.799946291,0,0.0027891994,0.0031152368,-0.0080833435,0.114276044,-0.021376014,-0.03333427,false
202436.819946290,19999999,0.0021789968,0.014126897,-0.014072359,0.07059837,-0.002239203,-0.039899834,false
202436.839946291,0,-0.0013438761,0.012573749,-0.010357499,0.027235571,0.010593777,-0.03226395,false
202436.859946291,0,-0.0024514198,0.0013166368,-0.0031430721,0.031124895,0.0017711213,-0.020436395,false
202436.879946290,19999999,-0.0035590231,-0.009940445,0.004071176,0.03501422,-0.007051535,-0.008608838,false
202436.899946290,39999999,0.009147972,0.00040860474,-0.0087993145,0.014837122,0.03148135,-0.03318855,false
202436.919946291,0,0.01245144,0.017589733,-0.01285547,-0.06324802,0.08966143,-0.02195328,false
202436.939946291,0,0.007458031,0.012053162,-0.008421838,-0.11577211,0.12681231,0.0136256125,false
202436.959946291,0,-0.010648817,-0.010136709,0.006392777,-0.083256125,0.101742856,0.02592747,false
202436.979946291,0,-0.010183364,-0.016177908,0.0003207922,0.016203776,0.04985927,-0.013117041,false
202436.999946291,0,0.00034421682,-0.0033299476,-0.011688471,0.06234244,0.051474605,-0.029118156,false
202437.019946291,0,0.0059791505,0.00300847,-0.012150109,0.0136299245,0.097888395,0.014097849,false
202437.039946290,19999999,-0.0046049356,0.0076781213,-0.0029597878,0.015956637,0.07313621,0.023848487,false
202437.059946291,0,-0.010822684,-0.00019130111,0.00614661,0.02818257,0.035778522,-0.002341792,false
202437.079946291,0,-0.011359185,0.00011374056,-0.0023640394,0.026185872,-0.018828817,-0.048381817,false
202437.099946290,19999999,-0.00052922964,-0.00620237,0.0011228919,0.05833102,-0.06451815,-0.029497458,false
202437.119946291,0,0.003068775,0.0039929748,0.0015472174,0.08183477,-0.085521325,-0.059876405,false
202437.139946291,0,0.0013504922,0.0008403063,0.0019022226,0.08200754,-0.0644149,-0.041904412,false
202437.159946290,19999999,-0.00036787987,-0.002312228,0.002257049,0.082180314,-0.043308478,-0.023932416,false
202437.179946290,39999999,-0.0020864606,-0.005464658,0.0026113987,0.082353085,-0.022202052,-0.00596042,false
202437.199946290,59999999,0.0038933158,0.009697109,-0.0036113858,0.06986703,-0.009731463,0.0013365983,false
202437.219946291,0,0.002475053,0.006711349,-0.0013248324,0.03392705,0.033621933,0.00025376992,false
202437.239946291,0,-0.0011789799,0.00087943673,0.0038625002,0.016457101,0.03731252,0.005434952,false
202437.259946290,19999999,-0.0011037886,-0.00011526048,0.010077536,0.0047953846,0.05794815,0.014297286,false
202437.279946291,0,-0.002032131,0.0069342256,0.0020093918,-0.04457992,0.06063709,0.025724962,false
202437.299946291,0,0.0066271126,-0.011709988,-0.009392083,-0.025096606,0.026633326,-0.013518192,false
202437.319946290,19999999,0.015286446,-0.030354455,-0.020793974,-0.0056132935,-0.0073704347,-0.052761354,false
202437.339946291,0,0.010799587,-0.011971146,-0.016045928,-0.015074774,0.04498021,-0.016435746,false
202437.359946290,19999999,0.0063131154,0.0064121783,-0.011298835,-0.024536256,0.09733085,0.019889861,false
202437.379946291,0,-0.01069802,0.0015259981,0.0029950142,-0.00738585,0.08176472,0.026298834,false
202437.399946290,19999999,-0.0070456564,0.0037907958,0.002439797,0.030960869,0.021588441,0.001125535,false
202437.419946291,0,-0.0036990643,0.0075191706,0.0031712055,0.05092758,-0.0030901078,-0.016852409,false
202437.439946291,0,-0.021293044,-0.013196275,0.022041261,0.09226473,-0.10503907,-0.11682999,false
202437.459946291,0,-0.014077783,-0.0026230067,0.01612842,0.110811956,-0.115868345,-0.086877,false
202437.479946290,19999999,-0.006862372,0.007954076,0.010208726,0.12935919,-0.12669763,-0.056924023,false
202437.499946290,39999999,0.01838538,0.03387496,-0.016871274,-0.0035282671,-0.020982102,-0.006866358,false
202437.519946291,0,0.0070159137,0.0026367903,-0.000975132,-0.03337002,-0.018254949,-0.006448284,false
202437.539946291,0,-0.0060743093,-0.014345676,0.01224786,0.020893663,-0.03361947,0.011856012,false
202437.559946291,0,0.0015757382,-0.0127788335,0.0036913753,0.06422928,-0.071846485,0.020438898,false
202437.579946291,0,0.012541264,-0.0024592131,-0.009288609,0.06179299,-0.02290621,0.0127080865,false
202437.599946290,19999999,0.003566593,-0.0029229075,-0.0024662018,0.04756309,-0.009685059,-0.00064290315,false
202437.619946291,0,-0.0067691207,-0.012226701,0.012949944,0.061654247,-0.021211637,0.010859137,false
202437.639946291,0,0.0013439357,0.0026617795,-0.0029641986,0.074712895,-0.014503,-0.01793148,false
202437.659946291,0,-0.0035318732,0.007400155,0.0019654036,0.055515572,-0.025438722,-0.0006638132,false
202437.679946291,0,-0.0059039295,0.0011899918,0.0005633831,0.040913716,-0.003635943,-0.0021122869,false
202437.699946290,19999999,0.0005161166,0.0024415255,-0.0012037158,0.013903651,-0.013207559,0.013665962,false
202437.719946291,0,0.0005312562,0.0006930083,-0.0019820333,-0.00045178272,0.0008621551,0.001988829,false
202437.739946291,0,-0.0047650337,0.0036841482,0.00090652704,-0.022817263,0.006304764,-0.0023719985,false
202437.759946291,0,-0.0042872727,-0.0021026582,0.0034455657,-0.028423455,-0.01101395,-0.008517427,false
202437.779946290,19999999,-0.0038093328,-0.007889748,0.0059840083,-0.034029644,-0.028332662,-0.014662854,false
202437.799946290,39999999,-0.0017216206,-0.017226145,0.005548954,0.010127239,-0.023181722,-0.04187032,false
202437.819946290,0,-0.00018808246,-0.00829801,-0.008185327,0.012674347,-0.02314373,-0.03492402,false
202437.839946290,0,-0.0057762265,0.0045047104,0.0013513565,0.019249741,-0.0337985,-0.02227482,false
202437.859946290,0,0.0010535121,-0.0059922487,-0.0008546114,0.043671027,0.007689547,-0.046271212,false
202437.879946290,0,0.0020863116,-0.0058080554,0.006801784,0.058736403,-0.027864207,-0.03446409,false
202437.899946290,0,-0.003871262,0.00053215027,0.005673647,0.07226779,-0.0111005865,-0.017812995,false
202437.919890582,19944292,0.0027582021,0.0041779405,-0.001883442,0.07038783,-0.043852776,-0.009387423,false
202437.939890583,0,0.003487736,0.0043028593,-0.0028352737,0.05236098,-0.026100742,-0.0045774854,false
202437.959890583,0,0.0038807094,0.0036161393,-0.0018508434,0.04205026,-0.011657,-0.0019589593,false
202437.979890583,0,0.0027199388,0.0037245005,0.0012516975,0.039070576,-0.006690106,0.0011987106,false
202437.999890582,19999999,0.0003299117,0.002152592,0.0040139556,0.04987026,-0.0023857486,0.0031205416,false
202438.019890583,0,-0.0026925802,0.0038649142,0.005328715,0.055630244,-0.004155909,0.006488094,false
202438.039890583,0,-0.0036434531,0.0068983287,0.0041996837,0.05131989,-0.006145117,0.0033524437,false
202438.059890582,19999999,-0.004594177,0.009931415,0.0030695796,0.04700953,-0.008134325,0.00021679327,false
202438.079890582,39999999,-0.006140828,0.005687505,0.0040993094,0.028033348,-0.010290028,-0.00018710562,false
202438.099890583,0,0.0005223751,0.0027085543,-0.0022767186,0.010987518,0.019515436,-0.002404275,false
202438.119890582,19999999,-0.0048346817,-0.0042956173,0.0017285347,-0.0057329647,0.04811024,0.004066652,false
202438.139890583,0,-0.0017095506,-0.0018254519,-0.005385697,-0.029356897,0.07234219,0.0034763678,false
202438.159890583,0,0.016820103,0.015692964,-0.028103948,-0.08823597,0.16379105,0.037152126,false
202438.179890583,0,0.024404615,0.034035698,-0.038378716,-0.11861586,0.2023281,0.07895182,false
202438.199890583,0,-0.012470722,-0.0078219175,0.0002835393,-0.09822346,0.16685338,0.039173562,false
202438.219890582,19999999,-0.0101110935,-0.0037162304,-0.014066994,-0.07131923,0.13350262,0.043664053,false
202438.239890583,0,-0.016848862,-0.0023639202,-0.0022640824,-0.06209723,0.062521674,0.022327749,false
202438.259890583,0,-0.022223294,-0.01678145,0.003591597,-0.06515831,-0.030148506,-0.048660554,false
202438.279890582,19999999,-0.015549839,-0.007810965,0.006526768,-0.051536,-0.03179655,-0.029173074,false
202438.299890583,0,-0.0022133589,0.015597269,-0.0079844,-0.09823337,0.045634817,0.021324048,false
202438.319890582,19999999,-0.0013448298,0.013530016,0.004494965,-0.10837376,0.08111638,0.060586967,false
202438.339890583,0,-0.0053982437,-0.0020010918,0.001980424,-0.044213995,0.04989914,0.037987586,false
202438.359890582,19999999,-0.009452134,-0.017531127,-0.00053554773,0.01994577,0.0186819,0.015388204,false
202438.379890582,39999999,0.003219217,-0.015089378,-0.0034163594,0.027134629,0.033844225,-0.009607282,false
202438.399890583,0,0.007118106,-0.0113891065,-0.0031324625,0.02526955,0.03820123,-0.029994635,false
202438.419890583,0,0.0063854456,-0.009765521,0.004493475,0.0066829696,0.046861805,-0.03182228,false
202438.439890583,0,0.0046441853,-0.027929306,0.0034214854,-0.029683553,0.07081267,-0.056164034,false
202438.459890583,0,0.0076735914,-0.00979571,-0.0065118074,-0.058732733,0.099745244,-0.0784789,false
202438.479890583,0,-0.0029867291,-0.001298219,0.015277386,-0.0540968,0.025047943,-0.0875478,false
202438.499890583,0,0.004265785,0.0038605332,0.010753095,-0.05844354,-0.001678504,-0.092702195,false
202438.519890583,0,-0.03179735,-0.01024127,0.0020028353,-0.08160012,-0.08829656,-0.09604041,false
202438.539890583,0,-0.0010209382,0.008458123,-0.007626593,-0.05296067,-0.051946335,-0.080611035,false
202438.559890582,19999999,0.004547715,0.011194229,0.00045508146,-0.025447227,-0.026486643,-0.059194304,false
202438.579890583,0,-0.0024102926,0.012035504,0.0040724277,-0.025393916,-0.028145304,-0.057085,false
202438.599890583,0,-0.004424989,0.011661738,0.0061638355,-0.011242608,-0.045564935,-0.035102013,false
202438.619890582,19999999,0.0025181472,0.0119307935,0.002001524,-0.024128819,-0.02678212,0.011989441,false
202438.639890583,0,-0.004422158,0.014634922,0.0070344806,-0.024288217,-0.022424307,0.013701651,false
202438.659890582,19999999,-0.011362553,0.01733905,0.012067258,-0.024447612,-0.018066496,0.015413861,false
202438.679890582,39999999,-0.017437547,0.009495869,0.0010421872,-0.029087357,-0.06459826,0.043833245,false
202438.699890582,59999999,0.0035734773,0.002907768,-0.0038357377,-0.016088694,-0.06277567,0.030367963,false
202438.719890583,0,0.008169264,-0.010815889,-0.0015714765,-0.0033957511,-0.035435572,0.025666928,false
202438.739890583,0,-0.0021563768,-0.0037712753,-0.0018842816,0.012771308,-0.030973308,0.013050826,false
202438.759890582,19999999,-0.005848497,-0.0038044006,0.0016147494,0.011921974,-0.036630742,0.013354908,false
202438.779890583,0,0.0028296113,-0.0058443993,-0.000102460384,0.012907129,-0.007049648,0.03791873,false
202438.799890582,19999999,0.009122044,0.0031974167,-0.0025365949,0.006477606,0.064313665,0.038184606,false
202438.819890583,0,0.0010438263,0.0033600181,0.0059598684,-0.03037449,0.07510239,0.017303709,false
202438.839890582,19999999,-0.0064686537,0.0062628686,0.014049649,-0.06019229,0.014401693,0.005800901,false
202438.859890583,0,-0.0027682483,-0.0039678663,0.014270008,-0.022762101,-0.010054151,-0.010324258,false
202438.879890583,0,-0.0106726885,-0.025403604,0.026621759,0.037319716,-0.18437804,-0.10796933,false
202438.899890582,19999999,0.005620897,-0.0055092424,0.007881761,0.121231765,-0.27138263,-0.10686876,false
202438.919890583,0,0.017806292,-0.020730853,-0.0013814569,0.18926293,-0.15585181,-0.08309126,false
202438.939890583,0,0.011051476,-0.036716282,0.004378438,0.12090648,-0.10562922,-0.060247287,false
202438.959890582,19999999,0.0042971075,-0.052701965,0.010137439,0.052550033,-0.055406626,-0.03740331,false
202438.979890582,39999999,-0.0024567544,-0.06868781,0.015895605,-0.015806414,-0.005184032,-0.014559338,false
202438.999890583,0,-0.0016141236,-0.05165136,0.015465856,0.06528574,-0.07862841,0.0041653235,false
202439.019890582,19999999,0.010188103,0.00017561018,-0.014580607,0.051376432,0.022562057,-0.0149599,false
202439.039890583,0,0.0066863,-0.00533019,-0.010196507,0.04589396,0.07702628,-0.052184485,false
202439.059890583,0,0.010324985,0.010986358,-0.017679095,-0.053184003,0.13771048,-0.0373903,false
202439.079890583,0,0.012889564,0.027690738,-0.02242297,-0.06402323,0.16804796,0.017175108,false
202439.099890582,19999999,-0.011849403,0.0062104464,0.0076030493,-0.021414213,0.14817479,0.04129333,false
202439.119890583,0,-0.012966752,0.0050655454,-7.5101852e-06,-0.020748837,0.07053207,0.07998626,false
202439.139890582,19999999,4.6253204e-05,-0.014570221,0.001455903,0.024024947,0.04007443,0.06187941,false
202439.159890583,0,0.0086224675,0.0028980076,-0.0019254684,0.027469,0.06764285,0.02765717,false
202439.179890582,19999999,-0.0032398105,-0.006093785,0.012245953,-0.00958279,0.051304854,0.02358076,false
202439.199890583,0,-0.003699839,0.0039990246,0.018522859,0.00971649,-0.008358233,0.020135418,false
202439.219890583,0,-0.009895474,0.011224955,-0.0039117336,0.006317006,-0.014763536,-0.003360493,false
202439.239890582,19999999,-0.00061014295,0.0056444556,0.0019947886,0.005122646,-0.069471814,-0.0021570723,false
202439.259890583,0,0.002510935,0.010184437,-0.002202928,0.020935513,-0.04552123,0.0005696409,false
202439.279890582,19999999,0.0056327283,0.014724791,-0.006402254,0.03674838,-0.021570645,0.003296354,false
202439.299890583,0,-0.0031618178,0.007430032,-0.0022583604,0.021590205,-0.034686387,-0.0058724163,false
202439.319890583,0,-0.0052979887,0.0056682676,0.0014972687,-0.0041857343,-0.06982143,-0.023245964,false
202439.339890583,0,0.00052416325,0.02347216,-0.008969843,-0.008729629,-0.045212805,0.029767621,false
202439.359890582,19999999,0.006347418,0.041275278,-0.019439101,-0.013273524,-0.02060418,0.0827812,false
202439.379890582,39999999,0.012543321,0.06007658,-0.0309937,-0.061832592,0.034679607,0.22107548,false
202439.399890583,0,0.006968975,0.07779279,-0.038472712,-0.12617281,0.10823602,0.38643885,false
202439.419890583,0,0.013137579,0.09555964,-0.046653807,-0.1726167,0.20721772,0.5946233,false
202439.439890582,19999999,0.008655459,0.10448377,-0.04998046,-0.2569469,0.30155012,0.7981268,false
202439.459890583,0,0.0076617002,0.10891843,-0.047802806,-0.35129297,0.38372007,1.0238518,false
202439.479890582,19999999,0.00832358,0.08300553,-0.03684199,-0.43407813,0.47110984,1.2068764,false
202439.499890583,0,0.011461765,0.054602265,-0.025145113,-0.47895876,0.565826,1.3332895,false
202439.519890583,0,-0.0069551766,0.030188173,0.0006181598,-0.48585337,0.60439235,1.3973795,false
202439.539890582,0,-0.019862682,0.007608831,0.0144197345,-0.5219105,0.61742425,1.4256331,false
202439.559890582,0,-0.014650166,-0.015614808,0.018357933,-0.52860475,0.5798899,1.3524178,false
202439.579890581,19999999,-0.009304136,-0.038746446,0.02230978,-0.53529906,0.54235554,1.2792026,false
202439.599890581,39999999,-0.010450423,-0.04266092,0.02550292,-0.54796016,0.4900472,1.1562486,false
202439.619890582,0,-0.013192326,-0.060966372,0.035473943,-0.5578733,0.4752055,1.0106146,false
202439.639890582,0,-0.019216925,-0.073477745,0.03834319,-0.5710521,0.48265612,0.89059854,false
202439.659890581,19999999,-0.034269303,-0.098147124,0.052378,-0.49182534,0.33681613,0.7361853,false
202439.679890582,0,-0.006234646,-0.039694786,0.011608839,-0.46886462,0.25568873,0.5757594,false
202439.699890582,0,0.0039039254,-0.024706185,0.012908578,-0.43981054,0.21360385,0.52699614,false
202439.719890581,19999999,-0.05326277,-0.07577574,0.04134226,-0.34860015,0.153162,0.5580718,false
202439.739890582,0,-0.035607994,-0.013670981,0.0047869086,-0.2811055,-0.0020704567,0.49785236,false
202439.759890582,0,-0.012986362,-0.019349933,-0.008507967,-0.24565625,-0.00014333671,0.3921569,false
202439.779890582,0,-0.008169919,-0.023042947,-0.00024205446,-0.25147134,0.006689139,0.36630788,false
202439.799890582,0,-0.008715689,-0.015955687,0.0040944815,-0.2333771,0.057370823,0.2853856,false
202439.819890581,19999999,-0.023203492,-0.0032574832,0.014357984,-0.25755063,0.07379814,0.25192705,false
202439.839890582,0,-0.008239716,-0.0020396113,0.005735159,-0.28189984,0.05997197,0.20991763,false
202439.859890582,0,-0.008961052,-0.028489977,0.021193504,-0.21102698,-0.019176882,0.1336622,false
202439.879890581,19999999,-0.009691268,-0.05494708,0.036640882,-0.14015412,-0.09832573,0.05740676,false
202439.899890581,39999999,-0.0035805106,-0.009932488,0.002996087,-0.12095565,-0.09012818,0.0322968,false
202439.919890582,0,-0.0019887686,-0.007740766,-0.008635223,-0.11545973,-0.0810851,0.02764922,false
202439.939890582,0,0.011831433,-0.01708594,-0.012498796,-0.121591814,9.445846e-05,0.052601576,false
202439.959890581,19999999,0.016964912,-0.023888469,-0.011565387,-0.06682806,0.020086806,-0.002831716,false
202439.979890582,0,0.010602891,0.0015578866,-0.016941488,-0.14265454,0.07061763,0.0028517563,false
202439.999890582,0,-0.006076008,-5.4568052e-05,0.0071408153,-0.12345825,-0.00068257004,-0.0034296522,false
202440.019890581,19999999,0.0046008527,0.004829496,-0.0037854314,-0.11592827,-0.015288168,-0.028125212,false
202440.039890582,0,-0.0016704202,0.019004494,-0.0073128343,-0.14871892,-0.010834271,-0.033475578,false
202440.059890582,0,-0.0108424425,-0.014881372,0.05234468,-0.061051846,-0.09933172,-0.023290638,false
202440.079890581,19999999,-0.0061222315,0.015363574,0.01662016,-0.10938904,-0.027895786,0.03087857,false
202440.099890582,0,-0.016056687,0.017102137,0.016178012,-0.08980296,-0.055853337,0.05988153,false
202440.119890582,0,-0.012651622,0.013784528,0.012738466,-0.0814897,-0.07200204,0.06796111,false
202440.139890581,19999999,-0.0092462,0.010464087,0.00929749,-0.073176436,-0.08815074,0.07604069,false
202440.159890581,39999999,-0.0058403313,0.007140875,0.005855024,-0.064863175,-0.10429945,0.08412027,false
202440.179890581,59999999,-0.002434194,0.0038149059,0.002411127,-0.056549907,-0.12044816,0.09219986,false
202440.199890581,79999999,0.007664621,0.004589066,-0.0070661306,-0.067940645,-0.100226335,0.024783798,false
202440.219890582,0,-0.020950526,-0.017630339,-0.01821816,-0.06894022,-0.12343149,0.0031638425,false
202440.239890582,0,-0.0054092705,-0.015077561,0.0003297925,-0.018193778,-0.09245541,0.091286525,false
202440.259890581,19999999,-0.00867641,0.004178971,-0.0015368462,0.013976853,-0.099336974,0.0037931055,false
202440.279890582,0,-0.012672871,-0.008134589,0.0033504367,0.0529288,-0.14714152,-0.036230646,false
202440.299748625,0,-0.003771733,0.0005320825,-0.0013051361,0.028615512,-0.0590605,0.01013899,false
202440.319748625,0,-0.0051788986,0.0072414726,-0.0015033484,-0.0119927935,-0.023505937,0.021879908,false
202440.339748624,19999999,-0.00020217896,0.013850942,-0.0037267208,-0.03521934,-0.008470062,0.015354834,false
202440.359748625,0,-0.0033502877,0.015297845,-0.003465414,-0.06296245,-0.007432429,0.0014124354,false
202440.379748624,19999999,0.0011150837,0.007291317,0.013025224,0.014385611,-0.039551027,0.015137882,false
202440.399748625,0,-0.002756983,0.0035201013,0.016243637,-0.0018070191,-0.07227159,-0.032226034,false
202440.419748625,0,-0.008250356,-0.013996422,0.017689228,0.046041284,-0.15565205,-0.035549175,false
202440.439748624,19999999,0.00091689825,-0.012912691,0.008879721,0.14084275,-0.16212404,-0.04164276,false
202440.459748625,0,0.008107215,0.018862143,-0.010701776,0.100617096,-0.07824771,-0.06144639,false
202440.479748624,19999999,0.0022757351,0.036146924,-0.009636819,-0.019309454,-0.04680556,-0.048030492,false
202440.499748625,0,0.0036594868,0.0018501282,-0.0048903227,-0.08403977,-0.0018991381,-0.011911325,false
202440.519748624,19999999,-0.007929981,-0.01009284,0.010369718,-0.05062735,0.018795228,-0.0001867991,false
202440.539748625,0,0.004894465,0.0027624369,-0.001927197,-0.02951177,0.05228647,0.014626891,false
202440.559748625,0,0.009124994,0.020296752,-0.016772747,-0.05638262,0.12444397,0.06888156,false
202440.579748624,19999999,0.0025295615,-0.0039230585,-0.014135718,-0.06517078,0.1649501,0.06486486,false
202440.599748625,0,-0.012577951,-0.016750336,0.0055633187,-0.019769054,0.0831985,0.047133,false
202440.619748624,19999999,-0.0066143274,-0.014130563,0.004647732,0.013890237,0.06443361,0.023253078,false
202440.639748625,0,-0.0062553287,-0.013688892,0.0069162846,0.04161983,0.018647294,0.0007599313,false
202440.659748625,0,-0.0066879094,-0.0018114597,0.0056937337,0.010408174,0.027851474,0.003092363,false
202440.679748624,19999999,-0.007120371,0.010065764,0.004470527,-0.020803481,0.037055653,0.0054247947,false
202440.699748624,39999999,-0.008388549,0.010655522,0.007438302,-0.019607702,-0.01574089,-0.0013258876,false
202440.719748625,0,-0.0077880323,0.0057356656,-0.0015558004,-0.017245052,-0.035502568,-0.013563597,false
202440.739748625,0,0.00075158477,0.0055736005,0.0040596724,-0.024627227,-0.042412292,-0.019714152,false
202440.759748625,0,-0.0028230846,-0.004573688,0.013330162,-0.019731259,-0.03697825,0.014111223,false
202440.779748624,19999999,-0.0046705604,0.011718109,0.005068958,-0.023444762,-0.02686178,0.0037179617,false
202440.799748625,0,-0.004166782,0.0054451376,0.0014947057,-0.02404701,-0.025959482,-0.020953108,false
202440.819748624,19999999,-0.0049794614,-0.0039594173,0.006789744,-0.014282018,-0.06336634,-0.026836812,false
202440.839748625,0,-0.0054626763,-0.012158096,0.005336404,0.025289338,-0.0717344,-0.054493092,false
202440.859748625,0,0.0024109185,0.00642623,-0.006300926,0.038072255,-0.063147165,-0.051138915,false
202440.879748625,0,-0.008959293,0.004829824,0.0040571094,0.05856578,-0.11765602,-0.05567587,false
202440.899748625,0,-0.00043046474,0.0084551275,-0.0020862818,0.08795516,-0.11208563,-0.022986837,false
202440.919748624,19999999,0.0049986243,0.010671139,-0.0032631755,0.12660989,-0.09491506,0.015251432,false
202440.939748625,0,0.004403919,0.008366331,-0.007291198,0.14264596,-0.059639808,0.038970556,false
202440.959748624,19999999,0.0006092191,0.0123896,-0.006932318,0.15378697,-0.03521268,0.07770696,false
202440.979748625,0,-0.002679199,0.017193124,-0.0014650226,0.15984876,-0.03394736,0.089702636,false
202440.999748625,0,-0.00029414892,0.011427373,-0.0033316016,0.12462364,-0.042952508,0.081434555,false
202441.019748624,19999999,0.002095133,0.005659312,-0.0052040815,0.08939852,-0.051957656,0.073166475,false
202441.039748625,0,-0.00086194277,0.0041151047,-0.0014774203,0.067644104,-0.048999954,0.06256829,false
202441.059748624,19999999,-0.0038177073,0.0025700033,0.0022475123,0.04588969,-0.046042252,0.051970106,false
202441.079748624,39999999,-0.0067722797,0.0010240674,0.0059705377,0.024135279,-0.043084547,0.04137192,false
202441.099748625,0,-0.00282979,0.003975123,-0.0045791864,-0.019700946,-0.021430826,0.054325722,false
202441.119748624,19999999,-0.003098309,-0.014986962,0.0033814907,-0.022499574,0.03705222,0.033823013,false
202441.139748625,0,0.00092098117,-0.017652333,-0.00074499846,-0.021557739,0.077280626,0.009828463,false
202441.159748625,0,0.0030911565,-0.015325069,-0.0067261457,-0.014486559,0.08725875,0.017141735,false
202441.179748625,0,0.0050375164,-0.012993455,-0.008958757,-0.015116874,0.0985826,-0.0058677215,false
202441.199748625,0,-0.0030411482,-0.0032978654,-0.005125582,-0.0505621,0.10027733,-0.0027243604,false
202441.219748624,19999999,-0.017079204,0.024898484,-0.0056869388,-0.10738714,0.064664215,-0.016788282,false
202441.239748625,0,-0.0026825368,0.0039929003,2.0325184e-05,-0.120132975,0.08736196,-0.056692157,false
202441.259748625,0,-0.010090768,0.012297988,-0.0023655295,-0.1550838,0.051038023,-0.044224262,false
202441.279748625,0,-0.028855652,0.013347104,0.020903349,-0.097484075,-0.01832654,-0.014445009,false
202441.299748625,0,-0.011466861,0.012123048,0.004012704,-0.08684424,-0.033000335,-0.035819657,false
202441.319748624,19999999,-0.004987538,0.0065313578,-0.0050374866,-0.06995522,-0.03436205,-0.033828016,false
202441.339748624,0,-0.0053978264,0.008220062,-0.0044474006,-0.045951683,-0.02398845,-0.038087606,false
202441.359748624,0,-0.006116003,-0.012405127,0.0015901327,-0.051764306,-0.016293485,-0.040444043,false
202441.379748623,19999999,-0.006833464,-0.033031195,0.007624805,-0.05757693,-0.00859852,-0.04280048,false
202441.399748624,0,-0.0027855337,-0.028437927,-0.0002167821,0.019317444,-0.021835536,0.004878957,false
202441.419748624,0,-0.0014111996,-0.0062865317,-0.0026124716,0.0792508,-0.023182673,0.03471455,false
202441.439748624,0,0.0021179616,-0.016452268,0.00022476912,0.11157751,0.003158439,0.08607766,false
202441.459748623,19999999,0.006592244,0.0021579862,-0.0031149387,0.12172205,0.012570113,0.036695726,false
202441.479748624,0,0.0060405433,0.08683938,-0.014074981,-0.16063073,0.012025454,0.049050942,false
202441.499748624,0,-0.020645827,0.020971388,0.031208217,-0.2014787,-0.030464154,0.032589212,false
202441.519748624,0,-0.0074902773,-0.02583225,0.02912879,-0.094816945,-0.02086897,0.06988332,false
202441.539748624,0,0.0027326941,-0.011017546,0.011246622,0.06012728,-0.02623696,0.13320658,false
202441.559748623,19999999,0.009813905,0.017857194,-0.0070901513,0.09663111,-0.0035338756,0.1313005,false
202441.579748624,0,0.01579824,0.014357761,-0.009346724,0.0680589,0.028215596,0.070509024,false
202441.599748623,19999999,0.025039911,0.021360576,-0.020435572,-0.07031792,0.04117853,0.08149179,false
202441.619748624,0,-0.0046687126,-0.0030242056,0.021938145,-0.07601562,-0.03189325,0.053743605,false
202441.639748624,0,-0.005674273,0.0020610243,0.016171575,-0.055500392,-0.021151438,0.058150202,false
202441.659748623,19999999,-0.0066801608,0.0071465373,0.010404348,-0.034985162,-0.010409626,0.062556796,false
202441.679748623,39999999,-0.0076863766,0.012232289,0.0046363473,-0.014469933,0.00033218693,0.06696339,false
202441.699748623,59999999,-0.0040732026,0.011919886,-0.0018434525,-0.010065721,0.01645952,0.07730258,false
202441.719748624,0,-0.00026470423,0.02182889,-0.000308156,-0.05498191,0.089695916,0.030812673,false
202441.739748623,19999999,0.009599835,0.012862742,-0.008490801,-0.13903749,0.08094695,0.12166958,false
202441.759748624,0,-0.019888699,0.0010613352,0.009996533,-0.054458156,0.07292028,0.102558486,false
202441.779748623,19999999,-0.0032639802,-0.007313922,0.0019061565,0.0041011684,-0.0024689957,0.12254995,false
202441.799748624,0,-0.007774502,-0.004990861,0.0036996007,0.07194205,-0.025540913,0.16887306,false
202441.819748623,19999999,-0.0056578815,0.003638193,0.0048112273,0.097739756,-0.057839528,0.16732864,false
202441.839748624,0,-0.002027452,-0.0031915605,0.0055146217,0.11042426,-0.068360634,0.17413561,false
202441.859748624,0,-0.008225679,0.032160282,0.001704216,0.03490644,-0.12508725,0.13103092,false
202441.879748623,19999999,0.011509895,-0.029821038,0.002822876,-0.025086034,-0.04620736,0.06395616,false
202441.899748624,0,0.0016394258,-0.019714653,0.006429374,0.0049642697,-0.07231724,0.07118865,false
202441.919748623,19999999,-0.008227825,-0.009612292,0.01003176,0.03501457,-0.098427124,0.078421146,false
202441.939748623,39999999,0.004279554,0.00013652444,-0.010712743,0.014319271,-0.07870803,0.07992667,false
202441.959748624,0,0.0020569265,0.0046442747,-0.005705893,0.037164617,-0.05790744,0.072165586,false
202441.979748623,19999999,-0.00016251206,0.009149462,-0.0007022619,0.060009964,-0.03710685,0.0644045,false
202441.999748623,39999999,0.00434345,0.057906777,-0.021359205,-0.12573445,-0.03008784,0.13792399,false
202442.019748624,0,-0.014190584,0.013497531,0.004557669,-0.1522377,0.067157805,0.12096796,false
202442.039748624,0,0.00081706047,-0.023738116,0.0039720535,-0.07823167,0.03520702,0.08687488,false
202442.059748624,0,-0.0054747164,0.0057027936,0.0010886192,-0.041932795,0.006446101,0.12954539,false
202442.079748624,0,-0.01216051,0.018826798,-0.007964253,-0.06325394,-0.007390283,0.16455163,false
202442.099748623,19999999,-0.0139121115,0.01630348,0.002249837,-0.05983464,0.0036335792,0.21266252,false
202442.119748624,0,-0.0020734072,0.04309246,-0.028727889,-0.13809164,0.008426892,0.2733745,false
202442.139748624,0,0.0009888709,0.043153137,-0.03423679,-0.16109352,0.015448565,0.4147697,false
202442.159748623,19999999,0.013575554,0.069121405,-0.060015798,-0.21732226,0.18597347,0.5843487,false
202442.179748624,0,0.0049117506,0.0918639,-0.061409414,-0.26971847,0.34733406,0.7649777,false
202442.199748623,19999999,0.011196196,0.09017782,-0.072422564,-0.40940234,0.53395027,0.9654176,false
202442.219748624,0,0.0029929876,0.0636034,-0.05087465,-0.5034379,0.69005203,1.1240076,false
202442.239748624,0,-0.011090666,0.043406725,-0.029102981,-0.5732148,0.7608958,1.1653811,false
202442.259748623,19999999,-0.025121689,0.023470804,-0.0074889064,-0.64299184,0.83173954,1.2067546,false
202442.279748623,39999999,-0.03909102,0.0037962496,0.013971925,-0.7127688,0.90258336,1.2481279,false
202442.299748623,59999999,-0.027276307,-0.028186172,0.022357404,-0.69342786,0.90530634,1.2392855,false
202442.319748624,0,-0.0010729432,-0.043817103,0.0064148903,-0.5787475,0.9434088,1.2106276,false
202442.339748624,0,-0.055668086,-0.063076854,0.046273768,-0.44198966,0.7230396,1.0078021,false
202442.359748624,0,-0.048963964,-0.047813118,0.03482741,-0.38114282,0.42742163,0.8361055,false
202442.379748623,19999999,-0.039646447,-0.0521906,0.03702265,-0.3322012,0.26674545,0.7256199,false
202442.399748624,0,-0.018879294,-0.07894653,0.05168718,-0.21906185,0.16254747,0.63769954,false
202442.419748624,0,-0.057340533,-0.060788274,0.026201844,-0.119635954,0.0066228956,0.48207062,false
202442.439748624,0,-0.051298648,-0.06900078,0.04884398,0.10746859,-0.31609726,0.32064378,false
202442.459748624,0,0.011099666,-0.054718196,0.004725933,0.27910668,-0.32198644,0.24651617,false
202442.479748623,19999999,0.015681058,0.021624655,-0.02009809,0.10506901,-0.0651795,0.3212487,false
202442.499748624,0,0.0053058267,0.07291964,-0.029732287,-0.17928225,-0.11563033,0.2974299,false
202442.519748624,0,-0.013297081,-0.016128004,0.0038602948,-0.34552294,-0.03361886,0.21081299,false
202442.539748623,19999999,0.00502792,-0.04424846,0.009883404,-0.15835898,0.038574502,0.104929514,false
202442.559748624,0,-0.0071591735,-0.014604509,0.008297622,-0.10426007,0.059585605,0.17493919,false
202442.579748623,19999999,-0.019347548,0.015039742,0.006711006,-0.050161164,0.08059671,0.24494886,false
202442.599748623,39999999,-0.016395986,0.022011578,-0.0013099909,-0.07511991,0.043370876,0.24641857,false
202442.619748624,0,-0.0048743784,0.060616344,-0.017489374,-0.16944866,0.086581714,0.24499545,false
202442.639748624,0,0.023667246,-0.044887245,-0.021982312,-0.101504,0.0440277,0.15240335,false
202442.659748624,0,-0.017968118,-0.0020241737,0.0036298633,-0.10216287,0.049791146,0.23222342,false
202442.679584000,0,-0.0030886289,0.00032613619,-0.017977383,-0.052787945,0.088651516,0.22669128,false
202442.699584000,0,-0.007417351,0.0065350235,-0.0143665075,-0.0689325,0.10502895,0.24244153,false
202442.719584000,0,-0.01153782,0.0076992214,-0.011003137,-0.092232175,0.11460514,0.23724225,false
202442.739584000,0,-0.014212608,0.0007120371,-0.007988393,-0.097839,0.09812869,0.226676,false
202442.759584000,0,-0.03093326,-0.027337283,-0.011209965,-0.10625239,0.097073354,0.23095915,false
202442.779583999,19999999,-0.03244543,-0.016472697,-0.010122955,-0.07748084,0.08565276,0.1755075,false
202442.799584000,0,-0.03475547,-0.020401329,0.0036019683,0.01361873,-0.031072669,0.09656605,false
202442.819583999,19999999,-0.01498571,-0.0021415055,-0.0063334107,0.055518344,-0.036654837,0.090664335,false
202442.839584000,0,-0.015350342,0.01796621,-0.0070585012,-0.03872323,-0.00799975,0.121728435,false
202442.859584000,0,-0.0072288215,-0.003987521,-0.0030946732,-0.06450858,0.022809485,0.14399777,false
202442.879583999,19999999,-0.0053816736,-0.021864444,0.0028936267,-0.0015840828,0.032304645,0.17091684,false
202442.899584000,0,-0.0024562478,-0.028402418,0.0041275024,0.06869326,0.048746,0.1709391,false
202442.919584000,0,0.0009905696,-0.021795958,0.001956284,0.10331825,0.05843084,0.1999047,false
202442.939584000,0,0.006956637,-0.011223137,0.0030829906,0.10315882,0.083298564,0.16173698,false
202442.959584000,0,0.00263986,0.035385072,-0.0036681294,-0.08353901,0.060845908,0.18552062,false
202442.979584000,0,0.016285986,-0.008910626,-0.0018739104,-0.11190357,0.13690254,0.111396156,false
202442.999584000,0,0.0135216415,-0.03711781,0.017909408,-0.023355111,0.16667423,0.035500057,false
202443.019583999,19999999,0.018692762,-0.01647082,0.005569577,0.021146785,0.15881397,0.017075116,false
202443.039584000,0,0.01378572,-0.0060850084,0.009076834,0.02970611,0.13489573,0.023263942,false
202443.059583999,19999999,0.008883208,0.0043005645,0.012577236,0.03826543,0.11097749,0.029452767,false
202443.079584000,0,0.020660907,0.017959028,-0.00023782253,-0.00258784,0.111854926,-0.00434893,false
202443.099583999,19999999,0.013130665,0.0035473406,0.012277842,-0.011002109,0.098419115,0.0018414091,false
202443.119584000,0,0.011239886,0.0009821057,0.016793966,0.036434148,0.0768355,0.03961117,false
202443.139584000,0,0.007856637,0.01688093,0.016022265,0.05606819,0.047429867,0.07518003,false
202443.159584000,0,0.011400282,0.015372574,0.010235846,0.043310873,0.04068159,0.092889145,false
202443.179584000,0,0.011770606,0.021980286,0.010662973,0.0056775026,0.044352755,0.07880457,false
202443.199583999,19999999,0.012143135,0.028588146,0.011089742,-0.03195587,0.048023924,0.06472,false
202443.219583999,39999999,0.030932635,-0.012262881,-0.010252178,-0.10106775,0.0820438,0.06313174,false
202443.239584000,0,-0.007229209,-0.016277462,0.010917246,-0.10043255,0.04428833,0.072169,false
202443.259583999,19999999,-0.011752248,-0.013246596,0.011660397,-0.092391625,0.029503442,0.10361982,false
202443.279584000,0,-0.01250425,-0.022392303,0.01268369,-0.08147553,0.012261784,0.13652503,false
202443.299584000,0,-0.0030787885,-0.003867358,0.0033893585,-0.10739327,0.05381631,0.149903,false
202443.319583999,19999999,-0.011467546,-0.0024509132,-0.0009123683,-0.16437313,0.07416284,0.10368474,false
202443.339584000,0,-0.030774593,-0.01612109,0.01919806,-0.15858066,-0.045923017,0.08546995,false
202443.359584000,0,-0.03061527,-0.015212148,0.006467521,-0.08426026,-0.12449394,0.030501615,false
202443.379583999,19999999,-0.02940169,-0.01994723,0.01681763,-0.031669483,-0.24661836,-0.02083157,false
202443.399584000,0,-0.01709047,-0.013350159,0.004714191,0.037467353,-0.28976732,-0.016155632,false
202443.419583999,19999999,-0.009153128,-0.015920758,-0.0020466447,0.09919213,-0.24861282,0.022011517,false
202443.439584000,0,-0.0050726235,0.011018217,-0.020689487,0.06014625,-0.18171051,0.0377492,false
202443.459584000,0,-0.0053991973,-0.013188899,-0.013813555,-0.05982443,-0.14491253,-0.010345288,false
202443.479583999,19999999,-0.005717069,-0.03740093,-0.0069527626,-0.1797951,-0.10811454,-0.058439773,false
202443.499584000,0,0.0035849512,-0.04622543,-0.013407826,-0.12020275,-0.03925787,-0.09774779,false
202443.519583999,19999999,-0.014475763,0.0023168623,-0.013807654,-0.036512844,-0.016211385,-0.011842467,false
202443.539584000,0,-0.01969257,0.03458664,-0.021615922,-0.017674454,0.006355813,0.08588299,false
202443.559584000,0,-0.009044856,0.03263116,-0.025861442,-0.034930527,0.05294475,0.10883881,false
202443.579584000,0,-0.011651427,0.02690342,-0.020498335,-0.041742414,0.070103034,0.116868824,false
202443.599584000,0,-0.01748225,0.024511993,-0.02091372,-0.11124594,0.066308014,0.19544171,false
202443.619584000,0,-0.02003184,0.023257315,-0.019793928,-0.025888212,0.08411352,0.13483566,false
202443.639584000,0,-0.014744312,0.0051452816,-0.01753217,-0.01901231,0.09100696,0.130075,false
202443.659583999,19999999,-0.010702521,0.0004531741,-0.020891488,0.01755194,0.12731567,0.1185776,false
202443.679584000,0,-0.015085489,0.0015947223,-0.016962945,0.02295214,0.12498411,0.11563444,false
202443.699583999,19999999,-0.023294002,-0.0004349947,-0.012839973,0.038677726,0.111224994,0.07890468,false
202443.719583999,0,-0.015901148,0.002833575,-0.0054585338,0.06996952,0.09865642,0.04202265,false
202443.739583999,0,-0.027970433,-0.0009467304,0.0028583407,0.050376102,0.075320035,0.015011309,false
202443.759583999,0,-0.022271097,-0.0042538643,0.0041313767,0.042823963,0.05700244,-0.0022938754,false
202443.779583998,19999999,-0.016571432,-0.0075612366,0.005403757,0.035271823,0.038684845,-0.01959906,false
202443.799583999,0,-0.010543853,-0.0081555545,0.0073575974,0.059255056,0.009108113,-0.050685372,false
202443.819583998,19999999,-0.004338175,-0.008295596,0.00820148,0.06258737,0.015919706,-0.07966176,false
202443.839583999,0,-0.00060632825,-0.013221115,0.005733371,0.06555465,0.008947536,-0.08605303,false
202443.859583999,0,0.0003270507,-0.013329059,0.009900212,0.08109834,-0.00022666529,-0.07258382,false
202443.879583999,0,0.010590464,-0.014240205,0.008645952,0.10380313,0.031872887,-0.06901722,false
202443.899583999,0,0.0148489475,-0.0019184947,0.005005181,0.007884182,0.017537119,-0.009196002,false
202443.919583998,19999999,0.019108117,0.010401994,0.001363337,-0.08803477,0.0032013515,0.05062522,false
202443.939583999,0,0.016752928,0.0042049885,0.0063235164,-0.090210274,0.096271835,0.008463725,false
202443.959583999,0,0.020366251,-0.014730871,0.020462036,0.011108652,0.07198064,0.021023676,false
202443.979583999,0,0.020785391,-0.0053958595,0.021155536,0.06403388,0.020144336,0.035234094,false
202443.999583998,19999999,0.031585485,-0.007044643,0.013528585,0.07927586,-0.039067566,0.056183312,false
202444.019583999,0,0.03990838,-0.006180823,0.018716693,0.09456588,-0.015052948,0.03187725,false
202444.039583999,0,0.037444532,0.016702741,0.020852208,-0.011884004,-0.05963494,0.024761083,false
202444.059583998,19999999,0.037506968,-0.01990524,0.0267483,-0.035345487,-0.05520714,-0.000678597,false
202444.079583999,0,0.017696977,-0.022572994,0.04342717,0.07637055,-0.12037614,-0.00852645,false
202444.099583998,19999999,0.026422918,-0.023996025,0.02754575,0.14974675,-0.0999373,0.010489918,false
202444.119583999,0,0.016837835,0.0063257813,0.022114396,0.14802717,-0.1440765,0.034058295,false
202444.139583999,0,0.0029589534,0.09815171,0.010153592,-0.10665743,-0.178023,-0.032658458,false
202444.159583998,19999999,0.024867773,-0.02424258,0.015622854,-0.17159775,-0.1481566,-0.026821155,false
202444.179583999,0,0.024377882,-0.06893152,0.024363458,-0.024163693,-0.15243119,-0.042258162,false
202444.199583999,0,0.0037538707,-0.020488739,0.017460048,0.05353985,-0.1513539,0.041761268,false
202444.219583999,0,-0.0011365712,0.016456068,0.00051516294,0.056738276,-0.16794291,0.069447726,false
202444.239583999,0,0.0017378628,0.009479791,-0.0013859868,-0.0011996701,-0.17969844,-0.004005216,false
202444.259583999,0,0.00832203,-0.01664123,-0.014985859,-0.13887191,-0.14722826,0.014340585,false
202444.279583998,19999999,-0.015501916,-0.004829377,0.0053067207,-0.16198203,-0.18582246,0.045224734,false
202444.299583999,0,-0.023510516,-0.03607732,0.016462684,-0.13744444,-0.15116483,0.04569234,false
202444.319583998,19999999,-0.017243564,-0.005110055,-0.00505507,-0.09007269,-0.15107548,0.05793379,false
202444.339583999,0,-0.033235162,0.013631076,0.0016850233,-0.07873661,-0.17464179,0.060948957,false
202444.359583998,19999999,-0.025154054,0.008981913,-0.012385249,-0.10133508,-0.16154549,0.07527916,false
202444.379583999,0,-0.02425471,0.0025552213,-0.011082172,-0.116015464,-0.12925486,0.06795444,false
202444.399583999,0,-0.028785914,0.029648423,-0.0090869665,-0.15609387,-0.09132447,-0.03340569,false
202444.419583998,19999999,-0.00481537,-0.02247861,-0.030774534,-0.25530776,-0.017231666,-0.024603829,false
202444.439583999,0,-0.04366553,0.0044846833,-0.011539996,-0.24596693,-0.07458803,0.010042347,false
202444.459583998,19999999,-0.017062694,-0.01788944,-0.03354472,-0.1648932,0.000872232,-0.021197556,false
202444.479583999,0,-0.024892151,-0.008537829,-0.028146029,-0.06546377,-0.026176738,-0.014740439,false
202444.499583999,0,-0.02264604,-0.0044236183,-0.034625113,0.038972452,-0.01711449,-0.037577808,false
202444.519583998,19999999,-0.021054596,-0.0010784268,-0.02258706,0.17245436,0.008726567,-0.10127949,false
202444.539583999,0,-0.026034892,0.019316822,-0.016426325,0.22133431,-0.076747864,-0.009767912,false
202444.559583999,0,-0.025554955,0.016373068,-0.005503297,0.3257395,-0.083759226,0.019425832,false
202444.579583999,0,-0.016582847,0.028169453,-0.016375184,0.39148214,-0.08148153,0.036264643,false
202444.599583998,19999999,0.012822658,0.026340097,-0.04494822,0.41699338,0.02087155,-0.0027492084,false
202444.619583999,0,0.017433733,0.032865256,-0.05157751,0.36485937,0.08415951,0.0074668285,false
202444.639583999,0,0.010494202,0.027043551,-0.04204166,0.33107546,0.18463,-0.0066796383,false
202444.659583999,0,-0.0013029873,0.031665117,-0.029924035,0.28822285,0.22443974,-0.010995656,false
202444.679583999,0,-0.006690502,0.02705124,-0.018023908,0.24945456,0.2100578,-0.0022056168,false
202444.699583998,19999999,-0.012066096,0.02242285,-0.006153524,0.21068628,0.19567585,0.0065844236,false
202444.719583998,39999999,-0.016126513,0.012693226,0.0026777983,0.17902088,0.16946134,-0.012457644,false
202444.739583999,0,-0.018431842,0.0043701828,0.011264145,0.15355995,0.1128014,-0.014150749,false
202444.759583998,19999999,-0.017076254,-0.014696479,0.016515374,0.15806049,0.08180264,-0.018238666,false
202444.779583999,0,-0.011937082,-0.016419828,0.01593393,0.167476,0.05980933,-0.041585952,false
202444.799583999,0,-0.00602594,-0.016645342,0.01176548,0.123223215,0.0833409,-0.05358344,false
202444.819583998,19999999,-0.00011458993,-0.016875237,0.0075918436,0.07897043,0.10687247,-0.06558093,false
202444.839583998,39999999,0.009780556,-0.007929385,-0.002093196,0.03773219,0.15765281,-0.07866206,false
202444.859583999,0,0.015685081,-0.0252496,0.0016154647,0.09007725,0.17626028,-0.12112458,false
202444.879583998,19999999,0.021596074,-0.042575926,0.005311668,0.14242232,0.19486776,-0.1635871,false
202444.899583998,39999999,0.014741093,0.0041054487,0.008657634,0.12829576,0.17016551,-0.10293556,false
202444.919583999,0,0.004574001,-0.0018120408,0.020421386,0.15848884,0.15012431,-0.09651269,false
202444.939583999,0,-0.0020677745,0.009036511,0.02016139,0.14024578,0.10678247,-0.06354826,false
202444.959583999,0,0.010713965,0.0016132295,0.011041939,0.13294496,0.10439033,-0.06047748,false
202444.979583999,0,-0.021124065,0.054027736,0.010668516,-0.033268318,0.013266735,0.042866863,false
202444.999583998,19999999,0.021409899,-0.032862842,-0.0009921789,-0.017165136,0.2120586,-0.0647089,false
202445.019583999,0,0.00262931,-0.021317959,0.011132121,0.0035987273,0.065391555,0.05375853,false
202445.039580333,0,-0.0039483095,-0.012544225,0.023102505,0.09198507,0.07115594,0.05254063,false
202445.059580333,0,0.0045443475,-0.005821526,0.01419574,0.052137557,0.027218562,0.027452063,false
202445.079580333,0,0.016063243,-0.013019383,0.011406422,0.008505531,0.032516338,-0.033970967,false
202445.099580332,19999999,0.012670994,-0.030598998,0.02355504,0.03079616,0.0071719587,-0.07193266,false
202445.119580333,0,-0.0038428307,-0.030994475,0.04222244,0.0817267,-0.05070282,-0.03868503,false
202445.139580332,19999999,0.00043672323,-0.02782926,0.032320738,0.16545504,-0.08231002,-0.008872017,false
202445.159580333,0,0.012849808,0.014927179,0.0129516125,0.13065062,-0.07007175,-0.12623051,false
202445.179580332,19999999,0.015350252,0.038058817,0.00032442808,-0.16182749,-0.13055535,-0.06454887,false
202445.199580333,0,0.015733778,-0.04355499,0.017617643,-0.14764301,-0.10362363,-0.0825921,false
202445.219580332,19999999,0.0148919225,-0.03925121,0.018506527,-0.0032595098,-0.027859733,-0.07258045,false
202445.239580333,0,0.015610844,-0.0043357015,0.0060961246,0.073279865,-0.027539762,-0.02672302,false
202445.259580332,19999999,0.01705271,0.0054629743,-0.00042641163,0.062414385,-0.037657954,0.014940631,false
202445.279580333,0,0.017528832,0.03330022,-0.0054560304,-0.020816848,-0.06881359,0.046280663,false
202445.299580333,0,0.00022631884,0.01088801,0.022098958,-0.05524667,-0.07508609,0.016097752,false
202445.319580332,19999999,0.00059488416,-0.007540375,0.025196731,-0.059616808,-0.05788304,-0.008499781,false
202445.339580333,0,-0.006502658,-0.0039885044,0.027548611,-0.032432485,-0.07134379,0.02229821,false
202445.359580333,0,-0.012461722,0.016209602,0.017892778,-0.050191514,-0.080024,0.04565914,false
202445.379580332,19999999,-0.008363605,0.028807312,0.005983174,-0.12031147,-0.050723,0.0014172494,false
202445.399580333,0,0.00052657723,0.015678108,-0.011171758,-0.23257244,-0.038308486,0.028876219,false
202445.419580332,19999999,-0.022721231,0.004829347,0.004893005,-0.23883703,-0.046905328,0.04224684,false
202445.439580333,0,-0.03102243,0.008313656,0.0017902851,-0.19688913,-0.076966174,0.056528084,false
202445.459580333,0,-0.030571193,0.00046506524,-0.0023565292,-0.1362224,-0.11175731,0.09436154,false
202445.479580332,19999999,-0.02250126,-0.0028646588,-0.01271385,-0.09702928,-0.1402367,0.091406174,false
202445.499580333,0,-0.0104931295,-0.0014828146,-0.02010423,-0.08436054,-0.12621748,0.062303632,false
202445.519580332,19999999,-0.010241926,0.011826158,-0.026769161,-0.118810855,-0.15703763,0.034078643,false
202445.539580333,0,-0.014814019,0.001285255,-0.024119794,-0.14956929,-0.11640546,-0.014947258,false
202445.559580332,19999999,-0.013227016,-0.015656292,-0.019814014,-0.063543625,-0.07995963,-0.038755853,false
202445.579580333,0,-0.00972572,-0.020287484,-0.022003472,0.036759958,-0.048558388,-0.06730129,false
202445.599580333,0,-0.010333985,-0.002503544,-0.027460337,0.08646028,-0.021177312,-0.0675137,false
202445.619580332,19999999,-0.011149645,0.0020287335,-0.02574104,0.11326754,0.011413498,-0.08624692,false
202445.639580333,0,-0.011442304,0.041662753,-0.03250861,0.057468325,0.072280124,-0.18504304,false
202445.659580332,19999999,0.012212068,-0.0095311105,-0.046545208,-0.023145959,0.17101854,-0.18293464,false
202445.679580333,0,-0.022536188,-0.021841705,-0.013099015,0.05250372,0.15337646,-0.1678996,false
202445.699580333,0,-0.040221572,0.010983348,-0.0066909194,0.1300658,0.14766303,-0.13339928,false
202445.719580333,0,-0.031132549,0.022646487,-0.018616557,0.1539761,0.12931788,-0.11455903,false
202445.739580333,0,-0.02350995,0.0060153604,-0.012419879,0.16703737,0.13868308,-0.10627694,false
202445.759580333,0,-0.01904571,0.008203775,-0.005786419,0.1640193,0.13458028,-0.120450184,false
202445.779580332,19999999,-0.014581203,0.010381401,0.0008376837,0.16100125,0.13047749,-0.13462344,false
202445.799580333,0,-0.0062481463,0.00037696958,0.002561152,0.17274565,0.11742767,-0.07752744,false
202445.819580332,19999999,0.0017443597,-0.005643666,0.00533098,0.20433663,0.14616977,-0.08657855,false
202445.839580333,0,0.007999808,0.0023690462,0.008927584,0.18636626,0.16610594,-0.07163594,false
202445.859580333,0,0.018842638,0.00674361,0.0120049715,0.13772708,0.181689,-0.07500453,false
202445.879580333,0,0.03414491,0.013232648,0.01766473,0.06349433,0.22851917,-0.1372467,false
202445.899580333,0,0.05306989,-0.007761121,0.010581076,-0.04751101,0.2347704,-0.10999184,false
202445.919580332,19999999,0.034307808,0.0017592311,0.033176184,-0.070378914,0.22773512,-0.07771218,false
202445.939580333,0,0.031418204,0.0048854947,0.03821504,-0.052691802,0.18547046,-0.06272795,false
202445.959580332,19999999,0.02393651,0.0063889325,0.04001212,-0.044031303,0.13952807,0.03378874,false
202445.979580333,0,0.026781052,0.006443411,0.033251226,-0.018778715,0.099256635,0.10375626,false
202445.999580333,0,0.033230573,-0.0008248091,0.019558191,-0.003224383,0.058317497,0.08986871,false
202446.019580333,0,0.021820039,-0.005858302,0.02887249,0.03498982,-0.038728952,0.052096497,false
202446.039580332,19999999,0.012943268,-0.020062268,0.027742624,0.09524292,-0.12327255,0.04593724,false
202446.059580333,0,0.01474008,-0.016779512,0.020363271,0.14180352,-0.15032487,0.04512575,false
202446.079580332,19999999,0.01653859,-0.013497055,0.012964904,0.18836412,-0.17737718,0.04431426,false
202446.099580333,0,0.004977733,-0.023818552,0.015814781,0.20510165,-0.16819559,0.02497191,false
202446.119580332,19999999,-0.01432541,0.022171885,0.01200974,0.094130404,-0.18085837,-0.044589736,false
202446.139580333,0,-0.00047817826,0.0033200085,-0.010526836,-0.07450523,-0.11722534,-0.07213962,false
202446.159580333,0,-0.012093425,-0.029409438,0.002548933,-0.08535442,-0.122643866,-0.012205347,false
202446.179580333,0,-0.019234806,-0.008252382,-0.00015830994,-0.049183495,-0.09740295,0.07058592,false
202446.199580333,0,-0.012696475,0.0012913942,-0.012397051,-0.029176928,-0.033228807,0.097118884,false
202446.219580333,0,-0.006229967,0.008436739,-0.017454982,-0.059231155,0.0035448223,0.08932051,false
202446.239580333,0,-0.015687764,0.008784652,-0.008567035,-0.094716966,0.0144748725,0.077225246,false
202446.259580333,0,-0.03083536,0.016370386,-0.0073962808,-0.16697831,-0.005166441,0.11817261,false
202446.279580332,19999999,-0.009155095,-0.01185137,-0.014743924,-0.11790188,0.074523136,0.007731281,false
202446.299580333,0,-0.019885838,-0.004544258,-0.0028967857,-0.10094218,0.037769698,0.0024637422,false
202446.319580332,19999999,-0.017601103,-0.0021094978,-0.006957233,-0.054401867,0.0154206995,-0.008738488,false
202446.339580333,0,-0.01190418,0.008099943,-0.01472199,-0.045192916,0.020292265,-7.542968e-05,false
202446.359580333,0,-0.013037384,0.017586201,-0.01368022,-0.04359112,0.045192815,0.018750109,false
202446.379580332,19999999,-0.014170647,0.027072757,-0.012639165,-0.041989326,0.07009337,0.037575647,false
202446.399580332,39999999,-0.009638965,0.03703648,-0.018349707,-0.0584818,0.10270563,0.07984185,false
202446.419580333,0,-0.0018815994,0.030611634,-0.019580543,-0.077150546,0.14689668,0.11930224,false
202446.439580333,0,-0.006216228,0.01584965,-0.01081872,-0.06244236,0.15310667,0.10427937,false
202446.459580332,19999999,-0.0076634884,0.0064355433,-0.004051447,-0.036813572,0.118493035,0.0789281,false
202446.479580333,0,-0.010377526,0.016092151,0.00901866,-0.009737331,0.07587223,0.014804684,false
202446.499580332,19999999,-0.003914982,0.003694117,0.0074179173,-0.04187443,0.046510853,0.00893864,false
202446.519580333,0,-0.0034936666,-0.009384692,0.013900101,-0.053007264,0.009429555,-0.018172367,false
202446.539580333,0,0.010814846,-0.015512675,0.012816787,-0.027997164,0.0018153256,-0.014121212,false
202446.559580333,0,0.011078626,-0.027833462,0.025980234,0.01889504,-0.0459304,-0.03979209,false
202446.579580333,0,-0.001821518,-0.028888047,0.023153841,0.0657565,-0.07864733,-0.033927172,false
202446.599580332,19999999,0.022009611,-0.017469108,0.014477789,0.071662135,-0.022832043,-0.00825439,false
202446.619580333,0,0.02794388,0.002465576,0.0045692325,-0.0051502436,0.03489241,0.026226144,false
202446.639580332,19999999,0.020469576,-0.0012444258,0.014452994,-0.042429205,0.070712514,0.054231174,false
202446.659580332,0,0.019676,-0.012274921,0.012425184,-0.036571078,0.07825702,0.09978841,false
202446.679580331,19999999,0.018885702,-0.023303717,0.010397017,-0.030712947,0.08580151,0.14534566,false
202446.699580331,39999999,-0.021457851,-0.056992233,0.018847048,0.028725065,-0.038767904,0.07912605,false
202446.719580332,0,-0.01326412,-0.0029512048,0.011093378,-0.008957371,-0.093103394,0.046597596,false
202446.739580332,0,0.0017537773,8.946657e-05,0.015135229,0.055784896,-0.18548599,0.009619296,false
202446.759580331,19999999,0.015610009,0.007566482,0.010673702,0.022205167,-0.15171836,-0.009520359,false
202446.779580332,0,0.00955835,0.00752151,0.010652065,-0.070467055,-0.13567892,-0.019374674,false
202446.799580332,0,0.003479302,-0.014760494,0.014935255,-0.103914306,-0.1299516,-0.0013417583,false
202446.819580332,0,-0.0043354034,-0.025265753,0.022973478,-0.014488921,-0.16558847,0.016634956,false
202446.839580332,0,0.008835793,-0.008581758,-0.00022405386,0.022235993,-0.093930945,-0.008047136,false
202446.859580331,19999999,0.0011592209,0.0122513175,-0.00023031235,0.008233485,-0.11495634,0.03259653,false
202446.879580332,0,7.662177e-05,0.028553873,0.0020738244,-0.055294488,-0.061303888,-0.033086576,false
202446.899580332,0,0.0040178,0.02527991,-0.0035184026,-0.25494394,-0.10839334,0.08775344,false
202446.919580331,19999999,-0.009415716,-0.013693094,0.01334101,-0.20515658,-0.082744285,0.06747535,false
202446.939580332,0,-0.005266309,-0.022961706,0.014345944,-0.09251547,-0.05939571,0.013367388,false
202446.959580331,19999999,-0.002222985,0.0073921382,0.00086146593,-0.09542214,-0.12009595,0.08504745,false
202446.979580332,0,-0.001493156,0.016364604,0.00037956238,-0.12780344,-0.11643604,0.12161565,false
202446.999580331,19999999,-0.009480745,0.011644691,0.014967382,-0.1643407,-0.154015,0.122913614,false
202447.019580332,0,0.012889415,-0.011939615,-0.007200241,-0.24151337,-0.13286443,0.11072981,false
202447.039580332,0,0.0044128,-0.030981094,0.005219519,-0.1582418,-0.10548768,0.08571911,false
202447.059580332,0,0.0056728125,-0.02850759,0.0026634932,-0.11644058,-0.05987442,0.06915767,false
202447.079580332,0,-0.001427561,-5.1885843e-05,-0.0026447177,-0.10845757,-0.10272679,0.06377387,false
202447.099580331,19999999,-0.004248917,0.008489758,-0.0032103658,-0.14330803,-0.084112115,0.02534109,false
202447.119580332,0,-0.0040481687,0.0073094964,-0.004969597,-0.18133533,-0.07845331,-0.0019070096,false
202447.139580332,0,-0.019047976,0.026019305,-0.01282227,-0.26301742,-0.09148052,0.059837583,false
202447.159580331,19999999,-0.009483933,-0.009646803,-0.006838739,-0.18560505,0.0048543736,-0.054558646,false
202447.179580332,0,-0.024449825,0.008435726,-0.0008081198,-0.14598052,-0.016092898,-0.022457987,false
202447.199580332,0,-0.009582967,-0.01426512,-0.012146294,-0.0851437,-0.05185785,-0.0053749513,false
202447.219580332,0,0.009847105,0.025407374,-0.027907848,-0.076013416,0.042951383,0.00087343063,false
202447.239580332,0,0.0052732825,0.03625062,-0.02439028,-0.11069286,0.05298323,0.043005787,false
202447.259580332,0,-0.017641306,0.025827646,5.310774e-05,-0.10530982,-0.002670616,0.053522453,false
202447.279580331,19999999,-0.0109984875,-0.02323854,0.023686945,0.06678172,-0.16295634,0.010883529,false
202447.299580331,39999999,-0.016451001,0.0009600818,0.0044024587,0.09674486,-0.24208781,-0.0137235485,false
202447.319580332,0,0.005378306,0.001593858,0.0043488145,0.1949141,-0.24083129,0.029866971,false
202447.339580332,0,0.00810954,-0.0012048781,-0.0013506413,0.16775902,-0.13963176,0.0351943,false
202447.359580332,0,-0.00063481927,0.06626764,-0.015884697,-0.018917993,-0.15096557,-0.011557158,false
202447.379580331,19999999,-0.00937748,0.13374236,-0.030428052,-0.205595,-0.1622994,-0.058308624,false
202447.399554208,0,0.0038800223,-0.08795365,0.025269978,-0.16078112,-0.12677585,-0.088306695,false
202447.419554208,0,-0.0013974309,-0.035515845,0.007735133,-0.054249182,-0.070636705,-0.023256749,false
202447.439554208,0,-0.0054226816,0.0024894774,-0.003575027,-0.0359796,-0.024481118,0.03192833,false
202447.459554208,0,0.009274185,0.015773028,-0.018436491,-0.06259646,0.036211018,0.06259241,false
202447.479554207,19999999,-0.0051917136,0.02433601,-0.0006250739,-0.097451255,0.029497806,0.108374536,false
202447.499554208,0,0.008603662,-0.007904768,-0.010166585,-0.08206798,0.09608872,0.07066009,false
202447.519554208,0,-0.0129624605,-0.010137886,0.01077354,-0.06650785,0.042702377,0.06998791,false
202447.539554208,0,-0.009781182,-0.00657326,0.0059921145,-0.0376314,-0.0067285933,0.041219883,false
202447.559554207,19999999,-0.0065991282,-0.0030095875,0.001208961,-0.008754946,-0.056159563,0.012451861,false
202447.579554207,39999999,-0.00341627,0.0005531609,-0.0035758018,0.020121507,-0.10559054,-0.016316162,false
202447.599554208,0,-0.007986665,0.0020003319,0.0005366802,0.031113856,-0.12837029,-0.030621858,false
202447.619554207,19999999,-0.0068145692,0.0046460927,-0.0037078261,0.011882354,-0.11194058,-0.02711536,false
202447.639554208,0,-0.0052860677,0.0005764663,-0.0056824684,-0.028998941,-0.094306625,-0.027111026,false
202447.659554207,19999999,-0.0061641335,0.0018964112,-0.010369539,-0.07979864,-0.07316723,-0.012512693,false
202447.679554208,0,-0.008831382,0.00054338574,-0.0064798594,-0.069082856,-0.0047645792,-0.07489317,false
202447.699554208,0,-0.003723085,0.0020804703,-0.004914224,-0.033131268,0.0029030754,-0.090657696,false
202447.719554207,19999999,-0.005335599,0.0096152425,-0.0036318898,-0.023491895,-0.012344021,-0.07330485,false
202447.739554208,0,-0.007870734,0.019615293,-0.0062845945,-0.037125506,-0.046489812,-0.03188236,false
202447.759554208,0,0.004789889,0.01645869,-0.014117897,-0.043880273,-0.024095194,-0.028432284,false
202447.779554208,0,-0.0018217564,0.0020465255,-0.00026470423,-0.0039224215,-0.013874882,-0.032452732,false
202447.799554208,0,0.001273334,0.0038216114,-0.00339365,0.03836192,-0.044419292,-0.002756605,false
202447.819554207,19999999,-0.010401696,-0.010279745,0.012417734,0.085446164,-0.09568115,0.029968793,false
202447.839554208,0,0.0029864013,-0.0075264275,-0.0043599606,0.086266756,-0.0732772,0.009906953,false
202447.859554208,0,-0.0048864186,0.07241222,-0.014448345,-0.095228255,-0.06879965,-0.09985628,false
202447.879554207,19999999,0.009954989,-0.043656886,4.2319298e-05,-0.12830101,-0.036487997,-0.09687025,false
202447.899554208,0,0.0014279485,-0.047602862,0.009626031,-0.049397074,-0.012507692,-0.103646114,false
202447.919554207,19999999,-0.0045136213,-0.017405957,0.0063973665,0.04168363,0.010418456,-0.060738664,false
202447.939554208,0,-0.0011065602,0.021887928,-0.010455668,0.020762213,0.008548086,-0.013428129,false
202447.959554207,19999999,0.0005417168,0.0107444525,-0.0044124126,-0.009512773,0.0023765317,-0.0045691114,false
202447.979554208,0,-0.005484402,0.027745098,-0.003520906,-0.08792391,-0.01852562,0.031761438,false
202447.999554207,19999999,-0.003476411,-0.0074986815,0.0061261654,-0.064919606,0.00635089,-0.0010839887,false
202448.019554208,0,-0.0042283833,-0.0043530464,0.00586015,-0.065409735,0.016213108,-0.0126222,false
202448.039554207,19999999,-0.00056117773,0.0011556745,-0.0023756027,-0.030436046,0.017936442,-0.0014388999,false
202448.059554208,0,-0.0055719316,0.007783264,-0.001765728,-0.02030508,0.01000822,0.0062634554,false
202448.079554208,0,-0.0024887323,0.007980913,-0.0046863556,-0.032448903,0.005318005,0.016881553,false
202448.099554208,0,-0.0021779537,0.0023815036,-0.0041184425,-0.031138783,0.016697325,0.010071864,false
202448.119554208,0,-0.0025127232,0.0015138388,-0.0019567609,-0.033219617,0.027454454,-0.0017268825,false
202448.139554207,19999999,-0.01077804,0.01946646,-0.004895985,-0.10765685,0.007841462,0.04326296,false
202448.159554208,0,-0.0051005483,-0.002796799,-0.0036450624,-0.09572702,0.09558452,-0.035422154,false
202448.179554208,0,-0.0040179193,0.00042551756,-0.0051963925,-0.091171876,0.09434847,-0.0418877,false
202448.199554208,0,-0.012579113,0.0025072396,0.004168093,-0.053558823,0.081051975,-0.05778256,false
202448.219554208,0,-0.012349427,0.009642273,0.0026171803,-0.061243277,0.03996419,-0.030978711,false
202448.239554207,19999999,-0.0024873614,0.00032418966,-0.0044267178,-0.047075298,0.024201918,-0.008384829,false
202448.259554208,0,0.0055119097,-0.01810503,-0.004097998,0.011281759,0.035293303,-0.042912617,false
202448.279554208,0,-0.0004950166,-0.0047266185,-0.00078850985,0.0148102185,0.030688044,-0.021738918,false
202448.299554207,19999999,0.00068354607,0.00016948581,-0.0015645027,0.020249335,0.037467103,-0.005574802,false
202448.319554208,0,-0.0011563301,0.003252685,0.0025203228,0.017376682,0.02901189,0.00039437925,false
202448.339554208,0,-0.0022812188,0.016878337,0.0003145337,-0.010153908,0.0400808,0.017159848,false
202448.359554208,0,0.0040846467,0.004151702,-0.0021044612,-0.024773985,0.053014576,0.011794196,false
202448.379554208,0,-0.0053489804,0.0038006306,0.0051465034,-0.025304474,0.03498119,0.021431185,false
202448.399554208,0,-0.004843086,0.003273666,0.0031127334,-0.020139258,0.024674814,0.03311419,false
202448.419554208,0,-0.0018808842,0.0035564601,-0.0012557507,-0.025736395,0.026198842,0.036867365,false
202448.439554207,19999999,0.0026408732,-0.004981309,-0.0045766234,-0.03652745,0.04561322,0.02424169,false
202448.459554208,0,-0.000223279,-0.0032716095,-0.0022124052,-0.04309118,0.050701674,0.00921848,false
202448.479554207,19999999,-0.0030872226,-0.0015616417,0.00015002489,-0.04965491,0.055790126,-0.005804727,false
202448.499554208,0,-0.0030834675,-0.003678292,0.0017290711,-0.04862068,0.050754264,-0.012063196,false
202448.519554207,19999999,-0.0013655126,-0.00642097,0.00034290552,-0.035540823,0.050510492,-0.021561453,false
202448.539554208,0,0.00038188696,-0.0039013028,-0.00012999773,-0.030287508,0.05980471,-0.027035955,false
202448.559554207,19999999,-1.5497208e-06,0.0021240115,-0.0006992817,-0.030977735,0.062823854,-0.022765039,false
202448.579554208,0,0.0057299435,0.00024914742,0.0020741224,-0.014101775,0.07368467,-0.004225578,false
202448.599554207,19999999,-9.778142e-05,0.004167676,-0.00029724836,-0.033059254,0.07278731,-0.0025354056,false
202448.619554208,0,0.0029081106,0.009224862,-0.001927495,-0.036105555,0.07041805,0.01656948,false
202448.639554207,19999999,0.0023670793,0.0049524307,-0.00097191334,-0.040636905,0.093570665,0.023918366,false
202448.659554208,0,-0.004803151,-0.0020555854,0.0042777658,-0.023983143,0.060205497,0.007213261,false
202448.679554208,0,-0.0030130446,0.0012174845,0.0058127046,-0.014799836,0.05067774,0.007420073,false
202448.699554207,19999999,-0.0012225509,0.0044908524,0.00734663,-0.005616529,0.04114998,0.007626884,false
202448.719554207,39999999,0.0018332303,0.008222967,0.0027225614,-0.012755768,0.049625475,0.003641232,false
202448.739554208,0,0.0016120672,0.0092417,0.0035786629,-0.013229678,0.04044143,0.01207407,false
202448.759554208,0,0.0026073754,0.007873476,0.0022286773,-0.0129976785,0.036294803,0.006795116,false
202448.779554207,19999999,0.003602773,0.00650537,0.00087833405,-0.012765679,0.032148175,0.0015161615,false
202448.799554207,39999999,0.0029729903,0.006931007,-0.00119555,-0.011118779,0.023145746,0.0015893163,false
202448.819554208,0,0.00014483929,0.007411748,0.0012848973,-0.0059184423,0.01686284,0.010532302,false
202448.839554208,0,-0.0025572479,0.008705139,0.0021487474,-0.0069991457,0.0012230184,0.02749193,false
202448.879554208,0,0.0029771924,-0.002342552,-0.0031859875,0.00390928,-0.0123028895,0.044149436,false
202448.899554208,0,0.0049878955,-0.0052247643,-0.0030539632,0.02032166,0.002020848,0.02574577,false
202448.919554207,19999999,0.0012356341,-0.00080931187,0.00071054697,0.026916333,0.0019068583,0.018249664,false
202448.939554208,0,-0.00041866302,0.0016550124,0.0036134124,0.024469476,-0.0021320023,0.014793,false
202448.959554208,0,-0.00040495396,0.0016006529,0.0049901605,0.01245004,-0.006989856,0.009203473,false
202448.979554207,19999999,-0.00057274103,0.0005503297,0.0043133497,0.005152325,-0.0067971647,-0.001357141,false
202448.999554208,0,-0.0030385256,0.0032987595,0.005739689,0.00022385363,-0.0134326685,0.0011588589,false
202449.019554207,19999999,-0.004352361,0.0031021833,0.0038918257,0.001865692,-0.020442894,0.0024804836,false
202449.039554207,0,-0.004011363,0.003954977,0.0013596416,0.002056749,-0.02207064,0.013488091,false
202449.059554207,0,-0.0044653416,0.003599584,0.0003578663,-0.00030638138,-0.011947228,0.017127784,false
202449.079554206,19999999,-0.004919231,0.003244102,-0.000643909,-0.002669512,-0.0018238146,0.020767478,false
202449.099554206,39999999,-0.00423187,0.0023337007,-0.0023468733,-0.0072200466,0.0006492487,0.026426766,false
202449.119554207,0,-0.0011536777,-0.004568577,-0.004138589,-0.009537789,-0.001794013,0.01991216,false
202449.139554207,0,9.7334385e-05,-0.008554906,-0.0031993985,-0.006393099,0.0057119625,0.0031599812,false
202449.159554206,19999999,-0.00090274215,-0.0066506565,1.2993813e-05,0.0025521806,0.010340266,-0.0137274265,false
202449.179554207,0,-0.001215905,-0.003306061,0.002188623,0.0049314993,0.005263414,-0.022402313,false
202449.199554206,19999999,-0.0018656552,0.0010827482,0.0034751296,0.00048321858,-0.0023340443,-0.027943667,false
202449.219554207,0,-0.0013726354,0.0035018623,0.003171146,-0.0030357942,-0.011208039,-0.027914718,false
202449.239554207,0,-0.00048574805,0.005482048,0.0014408231,-0.008347548,-0.010132034,-0.025322026,false
202449.259554206,19999999,-0.001172632,0.005525917,0.00043439865,-0.009974679,-0.007325836,-0.015850022,false
202449.279554207,0,-0.0005799234,0.0034789443,0.0022120476,-0.003306054,0.0017239763,-0.007728638,false
202449.299554207,0,0.00015708804,0.004745066,0.0019471645,-0.00019052904,0.0001681383,-0.0035449043,false
202449.319554207,0,-0.0012282431,0.0030037165,0.0017695427,0.0011269298,-0.0028095827,-0.002596479,false
202449.339554206,19999999,-0.0023671985,0.000562191,0.0028951764,-0.00040262484,-0.013804276,-0.012868712,false
202449.359554207,0,-0.007925183,-0.008932352,0.0055255294,0.033484377,-0.08591302,-0.0754729,false
202449.379554206,19999999,-0.013482153,-0.018425733,0.008154869,0.06737138,-0.15802178,-0.13807708,false
202449.399554206,39999999,-0.0043043196,-0.0028838813,0.0043608546,0.101454794,-0.21830769,-0.151988,false
202449.419554207,0,0.0059993267,0.009523779,0.002897799,0.12345335,-0.21446197,-0.11512774,false
202449.439554206,19999999,0.014920086,0.011781305,-0.0029233694,0.09396162,-0.11360647,-0.06870568,false
202449.459554207,0,0.0011842847,-0.007534921,0.012428284,0.11306165,-0.092172444,-0.05881257,false
202449.479554206,19999999,-0.004967779,0.014532089,0.0066543818,0.060196355,-0.077926956,0.004469212,false
202449.499554207,0,-0.011830628,-0.009181201,0.013302207,0.10866038,-0.12070044,0.047003906,false
202449.519554207,0,0.0003862679,-0.01389271,0.00022399426,0.119667396,-0.066354536,0.041711602,false
202449.539554206,19999999,0.0039908886,-0.013822645,-0.003214419,0.15893531,-0.06330741,0.013967885,false
202449.559554207,0,0.0012610853,0.002608955,-0.0041585565,0.15711589,-0.02911118,-0.003831694,false
202449.579554206,19999999,0.0039779246,-0.00043037534,-0.001619935,0.13282642,-0.056108803,-0.012673258,false
202449.599554207,0,0.002927035,0.0031695068,-0.0037785769,0.11052878,-0.048472032,-0.04571852,false
202449.619554207,0,0.0026194155,0.009662807,-0.007564366,0.083908476,-0.054645214,-0.06328248,false
202449.639554207,0,-0.0056397915,0.0031059682,-0.002062261,0.07670404,-0.09046216,-0.05410665,false
202449.659554207,0,0.0007766485,0.004302025,-0.005090356,0.082866624,-0.07492996,-0.046842482,false
202449.679554206,19999999,0.0071926117,0.0054991543,-0.00812155,0.089029215,-0.059397753,-0.03957831,false
202449.699554206,39999999,0.005336046,0.010488629,-0.010155141,0.05417776,-0.021640915,-0.046566404,false
202449.719554207,0,-5.108118e-05,0.023836672,-0.013061583,0.0071030892,-0.0038249362,-0.031338945,false
202449.739554206,19999999,0.0034046173,0.0063283443,-0.008223236,-0.0021058181,-0.007952703,-0.0030380525,false
202449.759554207,0,-0.002301067,-0.012290984,0.0016368032,0.016675089,0.006038798,-0.00053971796,false
202449.779431417,0,-0.0054944195,-0.010557341,0.011574355,0.035866845,0.01717553,-0.017733436,false
202449.799431417,0,-0.0048056543,-0.008576423,0.0052326918,0.006407827,0.006476132,-0.03865195,false
202449.819431416,19999999,-0.0016658902,-0.008151948,5.3465366e-05,-0.005406499,0.0016843216,-0.058573145,false
202449.839431417,0,-0.00061553717,-0.0048108697,-0.0027478337,-0.00078573264,0.002475803,-0.0677093,false
202449.859431416,19999999,0.00061771274,0.0032930076,-0.005057454,0.0050101285,0.011356898,-0.06995937,false
202449.879431417,0,0.0029586554,0.012297422,-0.0065353513,0.0016761117,0.026742376,-0.06969413,false
202449.899431416,19999999,0.0015631318,0.017914861,0.0005785227,0.0034580296,0.036875032,-0.06556723,false
202449.919431417,0,-0.0037466884,0.020681918,0.009120405,0.007019709,0.028078768,-0.04291734,false
202449.939431417,0,-0.0064579844,0.019804,0.009715855,0.013020496,0.004953515,-0.004898064,false
202449.959431417,0,-0.0032102168,0.01368925,0.004050851,0.011607006,-0.010857854,0.023237426,false
202449.979431416,19999999,0.001968354,0.0034448504,-0.002149105,0.008352431,-0.01759677,0.04071055,false
202449.999431417,0,0.0059320927,-0.008076966,-0.007499099,0.007327091,-0.007949813,0.038925357,false
202450.019431416,19999999,0.0048669577,-0.014116645,-0.006769538,0.012475764,0.00092414673,0.032809347,false
202450.039431417,0,0.0027535558,-0.0152820945,-0.0034118295,0.017643647,0.0026849038,0.015593542,false
202450.059431417,0,0.0010451376,-0.012491196,0.002371788,0.01488838,0.00914339,-0.0032945536,false
202450.079431416,19999999,-8.5920095e-05,-0.006388992,0.003291905,0.0059873993,0.0022418126,-0.02631365,false
202450.099431417,0,-0.0029978454,-0.008633137,0.007750988,-0.0054500476,-0.018134033,-0.041071847,false
202450.119431417,0,-0.0038385987,-0.0077839494,0.007549286,-0.010815557,-0.0154264225,-0.060051616,false
202450.139431416,19999999,-0.004678607,-0.006934613,0.007347584,-0.016181067,-0.012718812,-0.079031385,false
202450.159431415,39999999,-0.0071747005,-0.005841315,0.0076593757,-0.0072818203,-0.018480098,-0.0612128,false
202450.179431416,0,-0.0027637184,0.0007979572,0.00067698956,0.014482896,-0.011850564,-0.051593028,false
202450.199431416,0,0.0022850037,0.023257464,-0.012626529,-0.03214469,0.018828267,-0.045725394,false
202450.219431415,19999999,0.003873974,0.026362062,-0.011416674,-0.09863326,0.064721204,-0.0183658,false
202450.239431416,0,0.0055788755,0.015361816,-0.008774042,-0.08997611,0.08484454,0.00602179,false
202450.259431415,19999999,0.0072835386,0.0043622553,-0.0061360598,-0.08131897,0.10496787,0.030409377,false
202450.279431415,39999999,-0.002925247,-0.002172649,-0.002248764,-0.06317603,0.11075574,0.040437553,false
202450.299431416,0,0.0013850629,0.0010435581,-0.005796969,-0.07588514,0.11366958,0.029040366,false
202450.319431416,0,0.0014467835,-0.0051982403,0.0022605062,-0.07381848,0.1165414,0.010080481,false
202450.339431416,0,0.00015223026,0.0016559958,-0.0060586333,-0.08738859,0.15330046,-0.010931009,false
202450.359431415,19999999,0.0002426207,0.008563757,-0.005753696,-0.10121885,0.17602333,-0.015985867,false
202450.379431416,0,0.0033845603,0.004229516,-0.010006905,-0.12855804,0.16278753,-0.0009996379,false
202450.399431416,0,-0.0035511553,7.4356794e-05,0.003983617,-0.07234925,0.114360005,-0.038591255,false
202450.419431416,0,-0.0074715316,-0.009823024,0.017484903,-0.07355466,0.108830884,0.0155402385,false
202450.439431416,0,-0.006487906,0.0072104335,0.01355046,-0.0630972,0.11389675,0.024183406,false
202450.459431415,19999999,0.012265444,9.647012e-05,0.030595362,0.007089153,0.09403488,0.050482184,false
202450.479431416,0,-0.010770947,0.0014257431,0.03603244,-0.0038522566,-0.0036637709,0.013586123,false
202450.499431416,0,-0.009730458,-0.009281874,0.023073792,-0.007672353,-0.04512018,-0.00066574663,false
202450.519431416,0,-0.0018218458,-0.007497549,0.007781446,0.026271628,-0.047093205,-0.032597482,false
202450.539431416,0,0.00020241737,-0.012725621,0.005869448,-0.0044137314,-0.041897066,-0.028054059,false
202450.559431415,19999999,0.002227217,-0.017954022,0.003956437,-0.035099093,-0.036700927,-0.023510635,false
202450.579431415,39999999,0.0042526424,-0.02318281,0.0020424724,-0.065784454,-0.031504788,-0.018967211,false
202450.599431416,0,0.01371631,-0.023299962,0.00633204,-0.0076492615,-0.0405023,-0.043161467,false
202450.619431416,0,0.006860882,-0.010926396,0.0049269795,0.014343455,-0.0428441,-0.05207786,false
202450.639431416,0,-0.0024986267,-0.014127374,0.012760282,0.025985153,-0.08316888,-0.04542239,false
202450.659431415,19999999,-0.0012662113,0.013076484,0.005219221,0.016130026,-0.07791565,-0.030567389,false
202450.679431416,0,-5.8591366e-05,0.0075364113,0.0045232773,0.003774697,-0.061304096,-0.029479917,false
202450.699431416,0,0.0023976862,0.0029406548,0.0029443502,-0.0007306882,-0.027851567,-0.007730808,false
202450.719431415,19999999,0.0031957924,0.0021654963,-0.006481111,-0.0115529895,-0.016638424,-0.033213295,false
202450.739431416,0,-0.016579539,0.01085043,-0.0016724467,-0.014261968,-0.03212131,-0.035437662,false
202450.759431415,19999999,-0.002524346,0.012930065,-0.0040518045,-0.009338895,0.0144631155,-0.045931615,false
202450.779431416,0,0.00527519,-0.006598562,-0.013302028,-0.009378521,0.022126006,-0.057623334,false
202450.799431416,0,-0.006195605,0.0017160773,-0.00401175,-0.02966155,0.014894433,-0.025170371,false
202450.819431415,19999999,-0.005315274,0.005862117,-0.004419148,-0.029546458,0.036905438,-0.00898486,false
202450.839431416,0,-0.0042553544,0.0024934113,-0.0021579266,-0.04954452,0.035481006,0.011337332,false
202450.859431415,19999999,-0.0031961203,-0.0008748174,0.000101327896,-0.06954259,0.034056574,0.03165953,false
202450.879431415,39999999,-0.002137512,-0.0042426586,0.002358675,-0.08954065,0.032632146,0.05198172,false
202450.899431415,59999999,-0.0008305013,-0.01770708,0.021819472,0.010664031,-0.007404726,0.027881794,false
202450.919431416,0,0.0015105009,0.0010874271,0.0027107,0.01675814,0.023872763,0.008320266,false
202450.939431415,19999999,0.006160587,0.0008958578,0.0012876987,0.050974097,0.029594334,0.030976938,false
202450.959431416,0,-0.0013749897,0.0014311969,0.0063856244,0.017835185,-0.004092844,0.018597448,false
202450.979431416,0,0.0047201514,-0.0041959584,0.0078216195,0.017775256,-0.0013819684,-0.014607528,false
202450.999431416,0,0.010374486,-0.009711802,-0.0037173033,0.014179625,0.038041398,-0.0034822514,false
202451.019431415,19999999,0.012520313,0.018060625,-0.013664782,-0.0609376,0.0884244,0.008778316,false
202451.039431416,0,-0.005859077,-0.0024569333,0.012248695,-0.08467357,0.03386915,0.038323972,false
202451.059431416,0,-0.0035169125,-0.008203149,-0.0008588433,-0.035008937,0.05241756,0.03455144,false
202451.079431415,19999999,-0.016008794,-0.0036050677,0.009097099,0.008367214,0.00065228343,0.07916495,false
202451.099431416,0,0.011497438,0.0040958524,-0.023652852,0.09189686,0.008862319,0.010203436,false
202451.119431415,19999999,0.003331393,0.012469351,-0.0057417154,0.03011224,-0.005306416,0.024383668,false
202451.139431416,0,-0.0013513565,-0.00013396144,0.0045226812,-0.002659317,-0.0048746592,0.008572165,false
202451.159431416,0,-0.014983058,-0.01785633,0.021743655,0.008437519,-0.0745225,-0.0043035215,false
202451.179431416,0,-0.0011772811,-0.0061890185,-0.001157999,0.021923266,-0.065245464,-0.03588481,false
202451.199431415,19999999,0.004776478,0.016867995,-0.0069831014,-0.027306676,-0.03231081,-0.050710294,false
202451.219431416,0,-0.007566631,0.0076775253,0.0076141953,-0.024855362,-0.06827442,-0.038056586,false
202451.239431416,0,-0.007825315,-0.0011634231,0.005924344,0.0069145393,-0.076653555,-0.033992447,false
202451.259431415,19999999,-0.008083373,-0.010004103,0.0042333007,0.038684443,-0.085032694,-0.029928306,false
202451.279431415,39999999,-0.0059503913,-0.008871049,-0.0022221804,0.059554294,-0.12553248,-0.04966379,false
202451.299431416,0,0.0021590889,-0.012696147,-0.0020735264,0.10510174,-0.14112778,-0.05478149,false
202451.319431415,19999999,0.0037142336,0.008656144,-0.0047981143,0.10431537,-0.092341624,-0.0409978,false
202451.339431416,0,0.0078956485,0.0047675073,-0.0049767494,0.07450168,-0.067656174,-0.03212133,false
202451.359431415,19999999,0.00086820126,0.0053709447,0.0041745305,0.07352375,-0.04824982,-0.0337119,false
202451.379431416,0,-0.0022118986,0.005958557,0.010468245,0.06795487,-0.04936575,-0.01451618,false
202451.399431416,0,-0.002795428,0.008276969,0.0012738109,0.028752599,-0.03367927,-0.017487492,false
202451.419431415,19999999,0.0052128136,0.0044415593,-0.0010712743,0.008726258,-0.0051694885,-0.019993495,false
202451.439431416,0,-0.005323708,0.010488689,-9.942055e-05,-0.028407145,0.026920266,0.0023077223,false
202451.459431416,0,0.005802065,0.01414147,-0.008626044,-0.09230363,0.10630466,0.048228323,false
202451.479431415,19999999,0.016927063,0.017796397,-0.017158985,-0.15620013,0.18568906,0.094148934,false
202451.499431415,39999999,-0.01965189,-0.014805317,0.014604032,-0.09618745,0.11778983,0.07036414,false
202451.519431416,0,-0.010454029,-0.0067121685,-0.0055097938,0.014792539,0.0624181,0.059088055,false
202451.539431416,0,-0.011111677,-0.01520437,0.009901166,-0.010703776,0.057670686,0.15148662,false
202451.559431416,0,0.004279673,0.002440542,-0.0057411194,-0.009668745,0.10731701,0.07561626,false
202451.579431416,0,-0.010253698,2.7894974e-05,0.01360625,0.028589703,0.008088529,0.028868832,false
202451.599431415,19999999,-0.0031023026,-0.004339576,0.0059869885,0.01646512,-0.012830779,-0.01836045,false
202451.619431416,0,-0.008463085,-0.008293122,0.0076924562,0.02169958,-0.06093226,-0.077723205,false
202451.639431415,19999999,0.013688713,-0.006492406,-0.016834974,0.0071482956,-0.03695911,-0.054489467,false
202451.659431416,0,0.0018438399,0.023846447,-0.007078588,-0.075239405,-0.00733269,-0.03022224,false
202451.679431416,0,-0.0187321,-0.009854555,0.017076015,-0.05231085,-0.07548322,-0.028439082,false
202451.699431416,0,-0.002161026,-0.016536653,0.0047451854,0.0018436499,-0.06062603,-0.025247434,false
202451.719431416,0,0.008838028,0.0055574775,-0.011324704,-0.01238378,-0.011143532,-0.016361605,false
202451.739431416,0,0.0030646324,-0.00226748,-0.002420783,-0.011059869,0.013908571,-0.011752132,false
202451.759431415,19999999,-0.00021001697,-0.0007339716,0.002593398,0.0046982076,0.019915834,-0.013615236,false
202451.779431416,0,-0.0010557473,0.0065484345,0.0034932494,0.004280805,0.017828904,0.006471675,false
202451.799431415,19999999,0.00026327372,0.0032384098,0.002827227,0.020579942,0.020992372,0.005406715,false
202451.819431416,0,0.008522332,0.016796172,-0.006570518,-0.036785636,0.042456567,0.050534096,false
202451.839431416,0,-0.009257883,0.016288072,-0.0048897862,-0.055546865,0.041305453,0.009635899,false
202451.859431416,0,-0.020832151,-0.023539335,0.0008212328,0.034787722,-0.020899609,-0.002726511,false
202451.879431416,0,-0.0030908585,-0.015738457,-0.02019757,0.032868847,0.027458083,-0.004788601,false
202451.899431415,19999999,-0.00185889,-0.0015870631,-0.0040055513,0.008683149,-0.0059905834,0.027513795,false
202451.919431416,0,-0.00845018,-0.009858608,0.0035918355,0.026736733,-0.03910339,-0.028113835,false
202451.939431415,19999999,-0.0150415,-0.018130034,0.011188865,0.044790316,-0.0722162,-0.08374146,false
202451.959431415,39999999,0.0042857826,0.0036910176,-0.0038278103,0.049067803,-0.042065904,-0.017860897,false
202451.979431416,0,0.013212264,0.029329881,-0.013461292,-2.503395e-05,0.014761034,-0.028688584,false
202451.999431416,0,-0.0067192316,0.012370259,0.01208055,-0.09802513,0.0033385176,-0.022073718,false
202452.019431415,19999999,-0.0020264685,-0.025854588,0.016951919,-0.008539051,-0.031751715,-0.05328682,false
202452.039431415,0,-0.008918554,-0.0030199587,0.013523221,0.04376951,-0.056474313,-0.028883152,false
202452.059431415,0,0.0047189295,0.010901898,-0.0074412823,0.02826235,-0.04320774,0.009270582,false
202452.079431415,0,0.00281322,0.0067974627,-0.0037513971,0.026344743,-0.02370744,0.039214674,false
202452.099431414,19999999,0.00090783834,0.0026928186,-6.186962e-05,0.024427133,-0.0042071436,0.06915876,false
202452.119431415,0,-0.0023459494,-0.0049648583,0.004045129,0.052346468,0.018510068,0.095035695,false
202452.139431414,19999999,0.0085550845,0.0066046715,-0.00669986,0.063776284,0.042641208,0.08880914,false
202452.159281292,0,-0.0032719139,0.016399574,-0.016009793,-0.04026479,0.0686556,0.07712638,false
202452.179281292,0,-0.0029590726,0.00012388825,-0.00033557415,-0.031002618,0.027455356,0.028404497,false
202452.199281292,0,-0.002278924,-0.0015111864,0.0015583634,-0.02278328,0.004274795,-0.0036669746,false
202452.219281292,0,-0.0005748272,-0.0038901865,0.0038526058,-0.011346374,-0.007459162,-0.013442493,false
202452.239281292,0,0.0024515986,-0.00095796585,0.0033292174,-0.017312052,0.00476309,-0.027379544,false
202452.259281291,19999999,-0.0017975271,0.0023968816,0.0028133392,-0.01734614,0.0060530445,-0.022783797,false
202452.279281292,0,-0.003541112,0.0027986467,0.0044758916,-0.00817163,-0.0016396712,-0.015105572,false
202452.299281292,0,-0.0006021559,-0.0012222528,0.0014500618,0.0039870944,0.017704828,-0.011353225,false
202452.319281291,19999999,0.0023368,-0.0052431524,-0.0015758872,0.016145818,0.037049323,-0.007600879,false
202452.339281291,39999999,-0.0029181242,-0.0030645728,0.0026711822,0.021336408,0.022270957,0.008452579,false
202452.359281292,0,-0.0011900663,4.351139e-06,-0.00023841858,0.023744034,0.021310005,0.015841337,false
202452.379281291,19999999,0.00093925,0.0018033981,-0.0021820068,0.0205663,0.015392517,0.021189962,false
202452.399281292,0,0.0012307763,-0.0036439002,-0.0047520995,0.014712102,0.026356068,0.017939307,false
202452.419281292,0,0.0035503507,-0.0003771782,-0.0040667653,0.0012105117,0.04052671,0.025453843,false
202452.439281292,0,0.0034350157,-0.0011591911,-0.001200676,-0.002014184,0.046920963,0.03620563,false
202452.459281292,0,0.0015123487,-0.0002629757,0.0022678971,-0.0036099076,0.042969823,0.035778087,false
202452.479281291,19999999,-0.00040975213,0.0006337464,0.005735874,-0.0052056313,0.039018687,0.035350543,false
202452.499281291,39999999,-0.0022503734,0.0033351183,0.007461965,-0.013375936,0.027059466,0.03905752,false
202452.519281291,0,0.00082841516,-0.00265795,0.0042806864,-0.015858319,0.019531151,0.042585198,false
202452.539281290,19999999,0.004329771,-0.004513532,0.0023340583,-0.012685933,0.03214396,0.030316392,false
202452.559281291,0,0.001735568,-0.001170516,0.0040460825,-0.009961899,0.034279123,0.023561986,false
202452.579281291,0,0.0016594827,0.0015841126,0.0041591525,-0.008531999,0.027965952,0.01857857,false
202452.599281290,19999999,0.0015622079,0.0024453402,0.003832221,-0.0151122175,0.0146410335,0.0110978065,false
202452.619281291,0,0.0028542876,0.0011726916,0.0028063655,-0.017659439,0.0061009433,0.0071542836,false
202452.639281290,19999999,0.0011303127,0.002998054,0.0034396648,-0.014617586,-0.0056103645,0.0064315563,false
202452.659281291,0,0.0005147457,0.004088044,0.0010499954,-0.010972632,-0.011984326,0.014876086,false
202452.679281290,19999999,-0.00010073185,0.0051778555,-0.0013397336,-0.0073276786,-0.018358288,0.023320615,false
202452.699281291,0,0.0017567277,0.004534155,-0.0031932592,-0.0024298434,-0.016489794,0.03760087,false
202452.719281290,19999999,0.0028057396,0.0020992756,-0.0026607513,0.0064995443,0.001133401,0.036852546,false
202452.739281291,0,-0.0007520616,0.0032129586,0.00084781647,0.012875825,0.0012475431,0.0420923,false
202452.759281290,19999999,-0.0026214123,0.004224241,0.0018751621,0.013737383,-0.003936923,0.045121662,false
202452.779281291,0,0.000117212534,-0.0019886792,0.00035983324,0.017513137,-0.0030733407,0.039510917,false
202452.799281291,0,0.00037300587,-0.005168736,0.0004171133,0.023004323,-0.00145119,0.023857603,false
202452.819281291,0,5.6743622e-05,-0.0038202107,0.001058042,0.025717383,-0.00088761206,0.007532781,false
202452.839281291,0,2.3454428e-05,-0.0015804172,0.0004377365,0.02116,-0.0030203545,0.0007631127,false
202452.859281290,19999999,-0.0007996857,0.0013345778,0.0016050935,0.014686374,-0.0040920586,-0.004393801,false
202452.879281291,0,-0.0017722547,0.0040429533,0.0015005469,0.0043677604,-0.004571611,-0.0052097794,false
202452.899281291,0,-0.0012750626,0.0044200122,0.0020478964,-0.0020095198,-0.0066606477,0.0033735428,false
202452.919281290,19999999,0.00027096272,0.004127264,0.000826776,-0.0055416366,-0.004593511,0.010760972,false
202452.939281291,0,5.0663948e-05,0.0028442442,0.001160562,-0.0025282428,-0.0034393966,0.012264261,false
202452.959281290,19999999,-0.00016963482,0.0015611649,0.001494348,0.00048515107,-0.0022852821,0.01376755,false
202452.979281290,39999999,-0.00038990378,0.00027805567,0.0018280745,0.0034985451,-0.0011311678,0.015270838,false
202452.999281291,0,-0.00096538663,0.00037777424,0.0022813082,0.00847972,-0.0046041715,0.015789436,false
202453.019281290,19999999,-0.0002091825,-0.00080263615,0.0018128157,0.0108962245,-0.002544749,0.012461997,false
202453.039281291,0,-0.0004787147,-0.0010733902,0.00153476,0.014140023,-0.006102833,0.011739561,false
202453.059281291,0,-0.0005825758,-0.001177907,0.0014275908,0.014658369,-0.0063272314,0.010424443,false
202453.079281290,19999999,-0.00019466877,-0.002266258,0.00063329935,0.01558859,-0.003023428,0.0046372334,false
202453.099281291,0,0.0001295507,-0.00045856833,-0.00018942356,0.011218583,-0.0011043842,0.00080850977,false
202453.119281290,19999999,-0.002027601,0.0028097928,0.0025439858,0.004301283,0.0004580305,0.0011588344,false
202453.139281291,0,-0.0017578602,0.0022903085,0.0016011,-5.6199264e-05,-0.0029752357,0.0038718928,false
202453.159281290,19999999,-0.00014212728,-0.0007188916,-0.0014881492,-0.007066218,-0.006151408,0.009478763,false
202453.179281291,0,0.0029126406,-0.005901873,-0.0015890598,-0.002434291,0.008920704,0.0010891315,false
202453.199281290,19999999,0.00041642785,-0.0033050478,0.0007458925,0.007891512,0.012433788,-0.0014259941,false
202453.219281291,0,0.0003681481,0.00016784668,0.0015875101,0.01044439,0.008437533,-0.0058611245,false
202453.239281290,19999999,0.0004989207,0.0022980869,0.0027739406,0.0043481034,0.003672216,-0.0047089793,false
202453.259281291,0,0.00014817715,0.0040341616,0.00290519,0.0004043267,0.001222641,-0.0014685658,false
202453.279281290,19999999,-0.00020247698,0.0057702363,0.0030364394,-0.0035394505,-0.0012269341,0.0017718475,false
202453.299281291,0,0.0004556179,0.0075549483,0.00083106756,-0.005928145,-0.0036667748,0.013903742,false
202453.319281291,0,-0.00035706162,0.007541269,0.000880301,-0.009324718,-0.0017192542,0.030520558,false
202453.339281290,19999999,0.00043872,0.006207764,0.00019270182,-0.010264639,-0.0011506397,0.051120088,false
202453.359281291,0,0.0036777854,-0.000120550394,-0.00022661686,-0.0036037364,0.014336438,0.047020026,false
202453.379281291,0,0.0011923015,-3.9070845e-05,-7.343292e-05,-0.0041812183,0.013478095,0.05026618,false
202453.399281291,0,-0.0023886561,0.0009099543,0.0014065504,-0.0042348537,0.0072109927,0.055447187,false
202453.419281290,19999999,0.0023066401,-0.0042146444,-0.001250565,-0.0025650351,0.010609983,0.04945518,false
202453.439281291,0,0.002467841,-0.008407265,0.0007120371,0.0027536,0.01611463,0.036521364,false
202453.459281291,0,0.00022536516,-0.007451415,0.0023145676,0.00800617,0.016669944,0.017586585,false
202453.479281290,19999999,-0.00097614527,-0.0039492846,0.003547132,0.005615445,0.008060553,0.009585845,false
202453.499281291,0,-0.0013441741,-0.0028766394,0.003924608,0.0015275404,0.0014572209,0.0019245003,false
202453.519281291,0,-0.0007213354,0.0013022423,0.0029745698,-0.0035121134,-0.0033664843,-0.00083347014,false
202453.539281290,19999999,-0.00095421076,0.0032034516,0.0020992756,-0.010489471,-0.002978865,-0.00060654053,false
202453.559281291,0,-0.00046092272,0.0024416149,0.0017927885,-0.011341532,-0.0012140792,0.0058245505,false
202453.579281290,19999999,3.2424927e-05,0.0016797185,0.0014863014,-0.012193592,0.00055070675,0.012255643,false
202453.599281291,0,-0.00065007806,0.0006891191,0.0003028512,-0.009636104,0.0011673056,0.015522936,false
202453.619281290,19999999,-0.0010762215,-3.9488077e-05,0.00046408176,-0.008310372,0.0011431717,0.012486143,false
202453.639281291,0,-0.0002079308,0.00049203634,0.0006234646,-0.0079437755,0.0011364981,0.0116463965,false
202453.659281290,19999999,-0.00013887882,-0.00037500262,-0.00033527613,-0.012847887,-0.001467455,0.008725572,false
202453.679281291,0,-0.00023427606,0.0010448992,-0.0012084246,-0.010790656,0.006394075,0.004934393,false
202453.699281291,0,-6.0141087e-05,0.0002682507,-0.00031024218,-0.010730032,0.0075385557,0.004949368,false
202453.719281290,19999999,7.0005655e-05,0.0005829632,0.0004323125,-0.007044566,0.015317896,0.0072357696,false
202453.739281291,0,-0.00049960613,0.0014112592,0.0010172725,-0.00085783703,0.011152072,0.011034382,false
202453.759281290,19999999,-0.0022880733,0.004920602,0.0033940673,-0.002550065,0.012289971,0.016673058,false
202453.779281291,0,-0.0035085678,0.005484849,0.003335476,-0.0066700145,0.0015840819,0.027626187,false
202453.799281290,19999999,-0.00048163533,0.0022821426,0.0007779002,-0.008061508,-0.00419989,0.035711415,false
202453.819281291,0,0.0049236715,-0.0050902963,-0.0025507212,-0.0014566132,0.0067560845,0.03049444,false
202453.839281290,19999999,0.004504949,-0.005665213,-0.000906229,0.010413416,0.014881244,0.017561086,false
202453.859281291,0,0.002275914,-0.0014871061,0.0015286803,0.0070328666,0.0104849115,0.012367394,false
202453.879281290,19999999,4.7028065e-05,0.0026910007,0.003963411,0.0036523174,0.0060885777,0.007173701,false
202453.899281290,39999999,0.0013081431,0.0012741983,0.0043120384,-0.0037728627,0.0016216775,-0.00033537997,false
202453.919281291,0,-0.00014612079,0.0009702146,0.00467968,-0.008903844,-0.00740401,-0.006513789,false
202453.939281291,0,-0.0015601218,0.0024514198,0.0045057535,-0.010035894,-0.012723608,-0.0042382283,false
202453.959281290,19999999,-0.0014091432,0.0031918585,0.0028179884,-0.00702214,-0.01604255,0.002480017,false
202453.979281291,0,-0.0017843544,0.0034724474,0.00014221668,-0.0076212133,-0.015114555,0.01378184,false
202453.999281290,19999999,0.0013390183,-0.0011230707,-0.00307858,-0.0032637324,-0.009267473,0.020879684,false
202454.019281291,0,-0.00406754,0.0012362599,0.0022050142,0.00318162,0.0031397277,0.021304639,false
202454.039281291,0,-0.0035033524,-6.452203e-05,0.0011141896,0.0027586233,-0.0026693228,0.025033211,false
202454.059281290,19999999,-0.00014731288,-0.005030185,-0.0018510818,0.0004209103,-0.0053338706,0.02539809,false
202454.079281291,0,0.0018188059,-0.012457788,-0.002966404,0.0066524423,0.008037475,0.003339637,false
202454.099281291,0,0.001152575,-0.009586573,7.69496e-05,0.010702379,0.0128388535,-0.012867188,false
202454.119281290,19999999,-0.0012189746,-0.0040346384,0.0029270053,0.010142125,0.0064793667,-0.02232498,false
202454.139281291,0,-0.002518326,0.0014843047,0.002352953,0.00073251966,-0.0013747206,-0.024777435,false
202454.159281291,0,-0.0012553334,0.0028003752,0.0018208027,-0.006580228,-0.0017964866,-0.020105664,false
202454.179281290,19999999,7.748604e-06,0.0041164756,0.0012886524,-0.013892977,-0.0022182525,-0.015433893,false
202454.199281290,39999999,-0.0005399585,0.0051585734,0.0016866326,-0.012361024,0.0046036746,-0.004943655,false
202454.219281291,0,-0.00070634484,0.0046701133,0.0011273623,-0.010723411,0.0062174182,0.00021586241,false
202454.239281291,0,-0.00029745698,0.0031689703,0.0012024045,-0.010131839,0.008866305,0.0032394174,false
202454.259281291,0,0.00027900934,0.0021750033,0.0019649863,-0.005736003,0.0037634806,0.0007061381,false
202454.279281291,0,0.00012883544,0.000824213,0.0007991791,-0.00031466456,0.0015950717,0.0013052031,false
202454.299281290,19999999,0.00011506677,0.0007004142,0.00069236755,0.0028332337,0.0018501312,-0.0021000067,false
202454.319281291,0,0.00030717254,0.00062713027,-0.00057542324,0.00587973,-0.0004022736,-0.0005562797,false
202454.339281291,0,0.0003220737,0.0006214678,-0.0006734729,0.003600626,-0.0024463655,-0.0007296058,false
202454.359281290,19999999,0.0027889311,-0.0008839965,-0.0008826256,0.007298121,-0.0011501729,0.0024024472,false
202454.379281291,0,0.0011247098,0.0003142953,0.0007439852,0.008536755,-2.3508677e-05,-0.0012656541,false
202454.399281291,0,0.00026991963,0.0013279915,0.0013357997,0.0066805608,0.002063262,0.002134121,false
202454.419281290,0,-0.004437506,0.0050239563,0.006512046,-0.0029465114,-0.010048956,0.0108466195,false
202454.439281290,0,-0.0022065938,0.0015492439,0.0032061338,-0.0018859913,-0.01665647,0.01443024,false
202454.459281289,19999999,0.0046375394,-0.005788058,-0.0030106902,-0.0025620232,-0.012367483,0.015576776,false
202454.479281290,0,0.0016832948,-0.0041421354,-0.00015419722,0.0071922936,-0.0017764913,0.0033226516,false
202454.499281289,19999999,-0.00127092,-0.0024962425,0.0027022362,0.01694661,0.008814501,-0.008931474,false
202454.519260667,0,-0.002343079,0.001503766,0.0044615264,0.0020933654,-0.0006804322,-0.013634136,false
202454.539260666,19999999,-0.00052827597,0.0016339123,0.0033228397,-0.007066178,-0.0049606976,-0.017648535,false
202454.559260667,0,-0.00075641274,0.003181398,0.0025072694,-0.007571336,-0.006249935,-0.0129376855,false
202454.579260666,19999999,-0.0009843409,0.004728824,0.0016916394,-0.008076494,-0.007539172,-0.008226836,false
202454.599260666,39999999,-0.0018658638,0.0061216652,0.00078231096,-0.009938993,-0.00839283,0.0031501073,false
202454.619260667,0,-0.0007147789,0.0044124424,-0.0010957718,-0.009546688,-0.005521124,0.013799895,false
202454.639260667,0,0.00030237436,4.979968e-05,-0.0021291375,-0.0057899924,0.0037023649,0.013400872,false
202454.659260667,0,-0.0020507872,-0.0007522404,0.0008454919,-0.0010192608,0.0026875413,0.01682838,false
202454.679260666,19999999,-0.0021034777,-0.00036674738,0.000598073,0.0021061196,-0.00034098118,0.01510599,false
202454.699260667,0,0.0005682707,-0.0044977963,-0.00144732,0.005021015,0.0030548812,0.009137275,false
202454.719260666,19999999,2.3782253e-05,-0.0062553585,-0.00088763237,0.0123280175,0.00806927,-0.0025252318,false
202454.739260667,0,-0.00014317036,-0.0030320287,0.00031024218,0.011948444,0.0065099304,-0.009344179,false
202454.759260666,19999999,-0.00031024218,0.0001912117,0.0015080571,0.011568871,0.0049505904,-0.016163127,false
202454.779260666,39999999,-0.0036167502,0.0012436211,0.0038325787,0.0035996297,0.0013952202,-0.018215045,false
202454.799260667,0,-0.007854968,-0.00086408854,0.00576514,-0.002312766,-0.022077935,-0.029624395,false
202454.819260666,19999999,-0.022563845,-0.012836665,0.013890386,0.009651722,-0.10973527,-0.08137996,false
202454.839260667,0,-0.030608356,-0.0313614,0.025677383,0.11139336,-0.25633422,-0.13216634,false
202454.859260667,0,0.0017218292,0.001614064,0.0035809875,0.18002276,-0.24961582,-0.09559214,false
202454.879260666,0,0.013690382,-0.0071329772,0.0036375523,0.19969462,-0.14289573,-0.024912752,false
202454.899260666,0,0.011134267,0.009038001,-0.0031642318,0.14741156,-0.07271505,0.014596164,false
202454.919260666,0,0.013682187,0.020773709,-0.012821972,0.08856516,-0.033054225,0.058322523,false
202454.939260665,19999999,0.017104566,0.013703495,-0.014312148,0.05892753,0.01803372,0.05909252,false
202454.959260666,0,0.011908442,0.0139686465,-0.012706637,0.041985653,0.05435943,0.059002645,false
202454.979260666,0,0.010125548,0.017956793,-0.014430046,0.0366588,0.06825276,0.07499291,false
202454.999260665,19999999,0.0071979463,0.0127052665,-0.006184697,0.0346985,0.0857184,0.067552134,false
202455.019260666,0,0.0041614473,0.009316266,-0.0028549433,0.03229353,0.06375892,0.063249715,false
202455.039260665,19999999,0.0011268258,0.0059277713,0.00047373772,0.029888555,0.041799434,0.058947295,false
202455.059260665,39999999,-0.0019060373,0.0025398433,0.0038012862,0.027483582,0.019839946,0.05464487,false
202455.079260665,59999999,-0.002575159,-0.0016362667,0.0030975342,0.024834732,0.004190536,0.043275222,false
202455.099260666,0,0.0041845143,-0.0082912445,0.0009173751,0.027404638,0.0036875084,0.0218117,false
202455.119260665,19999999,0.0043544173,-0.007312089,-0.0010348558,0.030515093,0.011190161,-0.005183244,false
202455.139260666,0,0.00043064356,0.00032049417,0.0003874898,0.028393133,0.012194313,-0.021990595,false
202455.159260665,19999999,-0.0022969544,0.003916502,0.0008108616,0.014746795,0.0067291,-0.022676451,false
202455.179260666,0,-0.0019363463,0.0040771365,0.0037359,-0.002272726,0.009023978,-0.019215722,false
202455.199260666,0,-0.0037150383,0.0035098195,0.004287362,-0.0036004805,0.0071916613,-0.0142760975,false
202455.219260666,0,-0.010933399,-0.0005672872,0.0061847568,0.00069863023,-0.00035337172,0.0036882507,false
202455.239260666,0,-0.010479331,-0.004252672,0.0009750724,-0.00082752656,-0.013586286,0.025181312,false
202455.259260666,0,-0.008146584,-0.013408482,0.00037992,0.0042020874,-0.011376616,0.030329794,false
202455.279260665,19999999,-0.0074091256,-0.021418333,0.0003183484,0.019340426,-0.012223599,0.025328506,false
202455.299260666,0,-0.008934826,-0.018362164,-0.002401173,0.02217191,-0.018454242,0.016372792,false
202455.319260666,0,-0.0038807988,-0.016381502,-0.009416223,0.011758553,-0.0153218005,-0.0044772774,false
202455.339260665,19999999,0.0009177923,-0.015641093,-0.010083437,0.0030916762,-0.0019450253,-0.029359981,false
202455.359260666,0,-0.0034799874,-0.005032778,-0.001257956,-0.0024541589,0.008602572,-0.057108752,false
202455.379260665,19999999,-0.007877439,0.005574703,0.0075674653,-0.007999994,0.019150168,-0.08485752,false
202455.399260666,0,-0.010285288,0.01576367,0.011884391,-0.018028025,0.005233614,-0.08475732,false
202455.419260665,19999999,-0.010650307,0.021765053,0.010501087,-0.034653086,-0.0058231633,-0.066466026,false
202455.439260666,0,-0.008238316,0.020494848,0.007057786,-0.040059384,-0.014031251,-0.034734767,false
202455.459260666,0,-0.0020620525,0.01279977,-0.00096035004,-0.048104495,-0.0005858522,-0.008683341,false
202455.479260666,0,0.0020772517,0.0010569394,-0.0050162673,-0.03870393,0.020471219,0.0057459995,false
202455.499260665,19999999,0.0065449476,-0.0006079078,-0.010638773,-0.038450558,0.058870703,0.012640912,false
202455.519260666,0,0.007894337,-0.0025154948,-0.009584248,-0.04808068,0.0874125,0.014758282,false
202455.539260666,0,0.012308985,-0.0035909712,-0.009470999,-0.064945534,0.12464112,0.021091841,false
202455.559260665,19999999,0.005202025,-0.011852682,0.0026637912,-0.053481966,0.12764843,-0.013848331,false
202455.579260666,0,0.01344043,0.002290219,-0.0030220747,-0.08890621,0.15033911,0.010746347,false
202455.599260666,0,0.00606966,0.0008097291,0.006878972,-0.07904403,0.16795596,0.009742907,false
202455.619260666,0,0.0011055768,0.0053584576,0.01020658,-0.093675636,0.16116683,0.018225197,false
202455.639260665,19999999,-0.004419744,-0.003745705,0.012695253,-0.072703466,0.116685346,-0.021416914,false
202455.659260666,0,-0.050730437,-0.040538043,0.004672706,-0.07395049,4.1291118e-05,-0.026302194,false
202455.679260665,19999999,-0.097040296,-0.07733104,-0.0033527613,-0.07519752,-0.11660276,-0.031187477,false
202455.719260666,0,-0.010070264,0.0051127374,-0.002573073,-0.026901282,-0.032063134,0.0458759,false
202455.739260666,0,4.416704e-05,-0.0053465962,-0.00092184544,-0.012584285,-0.012093533,0.03422358,false
202455.759260666,0,0.0009768903,-0.008466959,0.0016151667,0.016733188,-0.018739104,0.026308503,false
202455.779260666,0,0.007947624,-0.0027391613,-0.0026138425,0.018835325,-0.0074685514,0.009532124,false
202455.799260666,0,0.006201178,0.0019051433,-0.0003849864,0.008874797,-0.0033168574,-0.008047707,false
202455.819260666,0,0.002506584,0.002899766,0.005174637,-0.0060982546,-0.014154717,-0.018657904,false
202455.839260666,0,0.0025511682,0.0023052096,0.0066435337,-0.0061382535,-0.022093536,-0.023935338,false
202455.859260666,0,0.0018562078,0.005416572,0.0048641562,-0.006658952,-0.021304337,-0.024813836,false
202455.879260666,0,-0.00073865056,0.0061282814,0.0049551725,-0.010293875,-0.027085736,-0.016456425,false
202455.899260666,0,0.0019773245,0.006210983,0.001565218,-0.01278149,-0.025260342,-0.007426572,false
202455.919260665,19999999,-0.00093609095,0.0038412511,0.004598677,-0.013162831,-0.020702498,0.0010577021,false
202455.939260666,0,-0.0006759763,0.002789408,0.002660513,-0.012973562,-0.019478692,0.0015644762,false
202455.959260665,19999999,-0.0022740364,0.00042289495,0.0034650564,-0.0117555605,-0.031073697,0.015586443,false
202455.979260666,0,0.0012560785,-0.005787194,0.00052314997,-0.009097033,-0.03192985,0.010639682,false
202455.999260665,19999999,0.004568875,-0.01040706,-0.0018284321,-0.0016223365,-0.020590559,-0.007616028,false
202456.019260666,0,0.0026284754,-0.0037744641,-0.0017595887,0.0019874487,-0.029769015,-0.01892092,false
202456.039260666,0,-0.0028099418,-0.004663557,0.0038337708,-0.0071594343,-0.047118604,-0.027923271,false
202456.059260665,19999999,-1.32620335e-05,-0.003599137,0.001214385,-0.010959661,-0.047963083,-0.042125724,false
202456.079260666,0,-0.005585104,-0.00013786554,0.0025485754,-0.018878248,-0.068699926,-0.063619256,false
202456.099260666,0,-0.013853252,-0.0046557486,0.009480417,-0.015914995,-0.13481423,-0.08846217,false
202456.119260665,19999999,-0.00981611,-0.026566267,0.008935988,0.0837173,-0.22719988,-0.14669523,false
202456.139260666,0,0.0063103735,0.015815496,-0.009926915,0.07154894,-0.14323917,-0.102437615,false
202456.159260665,19999999,0.00802964,0.021618873,-0.015080929,-0.027640596,-0.044222265,-0.02038417,false
202456.179260666,0,-0.0038498938,-0.0010692775,-0.0007587075,-0.014110414,-0.01642397,-0.018488871,false
202456.199260666,0,0.0044510365,-0.0048422813,0.002507925,-0.010311173,0.0032740384,-0.0055568134,false
202456.219260665,19999999,0.0072888136,-0.0014517307,0.0009877682,0.004649342,-0.00044166506,-0.0055673,false
202456.239260666,0,0.0040193796,0.0023083687,0.00045871735,-0.0026029665,0.01605091,-0.025687888,false
202456.259260666,0,0.0025606155,0.0057017803,-0.0011574626,-0.021880165,0.009281877,-0.01867924,false
202456.279260665,19999999,0.0011023581,0.009094894,-0.0027740598,-0.041157365,0.0025128429,-0.011670593,false
202456.299260665,39999999,-0.007769197,-0.026011735,0.016489625,0.058769614,-0.052209966,-0.025389006,false
202456.319260666,0,0.009717137,0.007831633,-0.012765765,-0.0034167282,-0.026238117,-0.040240783,false
202456.339260666,0,0.00023126602,-0.00041005015,0.0031929612,0.0028880597,-0.023802796,-0.025339523,false
202456.359260665,19999999,0.00039088726,-0.0061725974,0.00667125,0.009457754,-0.0095962975,-0.03734882,false
202456.379260666,0,0.0060410798,0.007774532,-0.0064592957,-0.017302927,0.025146293,-0.035008334,false
202456.399260666,0,-0.0019386411,0.007735878,0.0033807755,-0.007010663,0.027400898,-0.007661991,false
202456.419260666,0,0.0012282431,0.009885758,0.003284514,0.003297287,0.010284472,-0.00554165,false
202456.439260666,0,-0.004175693,0.01651159,0.0038176775,0.007941371,0.0040246737,0.011962747,false
202456.459260665,19999999,-0.0068072677,0.019386858,0.002346933,-0.0012201415,-0.019653542,0.017894192,false
202456.479260666,0,-0.005726993,0.0074808598,0.005962074,-0.0070563788,-0.040458824,0.032141585,false
202456.499260666,0,-0.0038668215,-0.0111270845,0.00035089254,-0.007471085,-0.048635803,0.032116063,false
202456.519260665,19999999,-0.0005968809,0.005534619,-0.0070008636,0.013120139,-0.0540973,0.008762151,false
202456.539260666,0,-0.004795909,0.006722927,0.0011607409,-0.003961757,-0.04822719,0.016995456,false
202456.559260666,0,0.0052821934,0.00027814507,-0.008548856,-0.03351941,-0.0342425,0.015139709,false
202456.579260665,19999999,0.015360743,-0.006166786,-0.018259406,-0.06307706,-0.020257808,0.013283961,false
202456.599260665,39999999,-0.007549286,-0.008022785,0.0045541525,-0.046593763,0.012521319,-0.00922731,false
202456.619260666,0,-0.0026960373,-0.0053911507,0.0029003024,-0.01894571,0.013887176,0.0088698855,false
202456.639260666,0,0.00054463744,0.005202323,-0.004346609,-0.016273694,0.008766439,0.0007458208,false
202456.659260666,0,-0.008962214,0.013442159,-0.00047761202,-0.02268573,0.0025257315,-0.0058601787,false
202456.679260666,0,-0.009659231,0.0060447752,0.00027281046,-0.027901117,-0.007177034,-0.01958996,false
202456.699260665,19999999,-0.01653099,-0.017320365,0.012780726,0.0026967414,-0.0061707324,0.03995375,false
202456.719260666,0,0.0054735243,0.026106983,-0.018569171,-0.0018209377,-0.017434375,-0.01924083,false
202456.739260666,0,-0.0021952689,0.020843685,-0.00039547682,-0.001321991,-0.0033102818,0.001509564,false
202456.759260665,19999999,0.005976975,-0.007958025,-0.006631613,-0.013164157,0.00285553,-0.02207304,false
202456.779260665,0,0.0027035475,0.0030629933,-0.008113623,-0.010849471,0.011957699,-0.011116754,false
202456.799260664,19999999,0.001984924,-0.0005261004,-0.006708145,0.0048127593,0.045179054,-0.013986088,false
202456.819260665,0,-0.0029657483,0.0045407712,0.002560258,0.02641401,0.02217716,-0.01782937,false
202456.839260665,0,-0.0015328825,0.00700891,0.004284501,0.03388568,0.00783391,-0.013416414,false
202456.859260664,19999999,-0.0013237,0.009165674,-0.0047858953,0.035887685,0.0199712,-0.0122853415,false
202456.879252042,0,-0.008634076,0.007977464,-0.0010243158,0.042800695,0.017761664,-0.0083043715,false
202456.899252042,0,-0.007378787,-0.0012497604,-0.0017817616,0.036656074,0.015406051,-0.0077194143,false
202456.919252041,19999999,-0.0018644333,-0.0059948266,-0.0063595176,0.029781088,0.033211727,-0.016045365,false
202456.939252042,0,-0.002076298,-0.005892068,-0.0020887852,0.025457874,0.047530103,-0.022721725,false
202456.959252042,0,-0.0009635389,-0.006995201,0.003121376,0.018758392,0.045713816,-0.029132534,false
202456.979252042,0,0.0041649044,-0.0071972907,0.004574001,0.0034509534,0.042113643,-0.036145158,false
202456.999252042,0,0.0055948794,-0.008063585,0.0069590807,-0.0049562594,0.036162846,-0.042390306,false
202457.019252042,0,0.005225122,-0.0058722794,0.009997964,-0.013527094,0.037767563,-0.042000253,false
202457.039252041,19999999,0.0076150596,0.0007650852,0.010496438,-0.019353336,0.027735446,-0.027715122,false
202457.059252042,0,0.008655071,0.00894317,0.01156652,-0.019530326,0.012885254,-0.011157306,false
202457.079252041,19999999,0.008274674,0.015067548,0.015135884,-0.017043244,-0.009639148,0.02215957,false
202457.099252042,0,0.009226054,0.016856879,0.011178732,-0.0062473835,-0.042029917,0.05536735,false
202457.119252041,19999999,0.008452386,0.0131136775,0.0074884295,0.0035099275,-0.045868862,0.060191546,false
202457.139252042,0,0.007433921,0.00892815,0.0071083307,0.0036805985,-0.059767604,0.06625475,false
202457.159252041,19999999,0.0064166486,0.0047410727,0.00672704,0.0038512694,-0.07366635,0.07231796,false
202457.179252042,0,0.011998028,0.0015337765,0.00454849,-0.0036946582,-0.069082215,0.06970116,false
202457.199252041,19999999,0.013228208,-0.0030222833,0.0023442507,-0.0057899794,-0.06741352,0.065716386,false
202457.219252042,0,0.007712692,0.0023860633,0.0022725463,-0.01948742,-0.063172475,0.05947286,false
202457.239252042,0,0.0021819174,0.0011438727,0.005759001,-0.031089853,-0.057094652,0.06239307,false
202457.259252041,0,0.0006002188,0.001045078,0.0059648156,-0.03080402,-0.06330153,0.05971952,false
202457.279252041,0,-0.0021781325,0.0040761232,0.004060209,-0.033858243,-0.06826593,0.059642617,false
202457.299252041,0,-0.0069473684,0.0042286217,0.0011795163,-0.047010288,-0.07058545,0.047814615,false
202457.319252041,0,-0.012927026,-0.0020642877,0.0030804873,-0.056321166,-0.08016081,0.045457628,false
202457.339252040,19999999,-0.016672045,-0.009788126,0.0005289912,-0.061490335,-0.07928839,0.03313012,false
202457.359252041,0,-0.015139192,-0.008228064,-0.0062146783,-0.054096565,-0.0675401,0.026976546,false
202457.379252040,19999999,-0.013796449,-0.008569956,-0.008278251,-0.064103514,-0.053801015,0.016300006,false
202457.399252041,0,-0.0075520873,-0.010607332,-0.008231044,-0.07540564,-0.042989247,0.026778297,false
202457.419252040,19999999,-0.0071867406,-0.0115353465,-0.0046283603,-0.084415786,-0.02290568,0.0229054,false
202457.439252041,0,0.0014846027,-0.016427815,-0.0062791705,-0.06593651,0.00070761144,0.008844386,false
202457.459252041,0,-0.0016550422,-0.009755254,-0.0053210855,-0.052053697,0.0021736864,-0.004281955,false
202457.479252040,19999999,-0.004794568,-0.0030828118,-0.0043634176,-0.03817088,0.0036397614,-0.017408293,false
202457.499252040,39999999,-0.007933915,0.003589481,-0.0034061074,-0.024288062,0.005105837,-0.030534634,false
202457.519252041,0,-0.009100407,0.009323269,-0.0019022226,-0.019366335,-0.0015113978,-0.030274034,false
202457.539252041,0,-0.0035094917,0.0063489974,-0.004933536,-0.0035245977,-0.0012943988,-0.033888433,false
202457.559252041,0,0.001357913,0.00510782,-0.0066422224,0.045101117,0.010287241,-0.037705988,false
202457.579252040,19999999,0.0025516748,0.01297912,-0.0074955225,0.06784223,0.018616822,-0.046493128,false
202457.599252041,0,-0.000747025,0.01923421,-0.008581638,0.0726707,0.025341863,-0.052667737,false
202457.619252041,0,-0.0064338148,0.015499145,-0.0068941712,0.07379844,0.009447463,-0.057731148,false
202457.639252041,0,-0.00085291266,0.010033041,-0.009368837,0.08818067,0.026016595,-0.06714553,false
202457.659252040,19999999,0.0039661527,0.013048947,-0.0077368617,0.107271895,0.027474131,-0.07119059,false
202457.679252041,0,0.00079753995,0.013787478,-0.007418692,0.10197823,0.036770567,-0.06769067,false
202457.699252041,0,-0.0045434833,0.013233364,0.00015282631,0.08631138,0.03270054,-0.061218057,false
202457.719252040,19999999,-0.004364699,0.006504655,-0.0008251667,0.06949951,0.04344026,-0.05408872,false
202457.739252041,0,-0.006507188,0.0020071864,0.0019230843,0.060756754,0.054110754,-0.056063294,false
202457.759252040,19999999,-0.00864917,-0.0024926662,0.0046690702,0.052014004,0.06478125,-0.05803787,false
202457.779252040,39999999,-0.010790706,-0.0069948435,0.00741297,0.04327125,0.07545174,-0.06001245,false
202457.799252041,0,-0.0033073723,-0.012401551,0.0055963397,0.016783023,0.0701168,-0.042184457,false
202457.819252040,19999999,0.0026922524,-0.023221165,0.0036423206,0.012883358,0.10411288,-0.062343687,false
202457.839252041,0,-0.0015364289,-0.01832679,0.008897543,0.017946653,0.08015399,-0.042624563,false
202457.859252040,19999999,0.0026563406,-0.0074260235,0.013949811,0.016873809,0.0758091,-0.03942158,false
202457.879252041,0,0.012975156,-0.0002949834,0.013041556,0.002683008,0.053002656,-0.037518088,false
202457.899252041,0,0.009964824,0.006464511,0.014121354,-0.01134477,0.033634197,-0.045624405,false
202457.919252041,0,0.015411228,-0.0034844577,0.014352918,-0.0071538347,0.0010679774,-0.02800085,false
202457.939252041,0,0.009249777,0.0040404797,0.017127812,-0.0065221563,-0.03198095,-0.010796135,false
202457.959252041,0,0.010700822,0.009295553,0.009519935,0.0039712135,-0.04446771,0.005126804,false
202457.979252041,0,0.01479125,0.013284206,0.005893469,-0.012119055,-0.047036935,0.019469097,false
202457.999252040,19999999,0.017105132,0.012018293,0.006254256,-0.021221552,-0.043010067,0.038367957,false
202458.019252041,0,0.0186598,0.014677256,0.0040430427,-0.02762762,-0.032893635,0.056890298,false
202458.039252041,0,0.0131804645,0.01385802,0.00509727,-0.026207825,-0.048000745,0.065651655,false
202458.059252040,19999999,0.007701546,0.013037145,0.0061508417,-0.02478803,-0.063107856,0.07441301,false
202458.079252040,39999999,0.0022231042,0.012214661,0.007203698,-0.023368234,-0.07821496,0.08317436,false
202458.099252040,59999999,-0.00095912814,0.005553812,0.002970159,-0.029285923,-0.08699231,0.083427794,false
202458.119252041,0,-4.23193e-06,0.0036655068,0.002808869,-0.037673697,-0.08871648,0.073963515,false
202458.139252041,0,-0.0034971535,0.0021639168,0.0022722483,-0.049331907,-0.102845445,0.07410452,false
202458.159252040,19999999,-0.006988257,0.0006584525,0.0017310381,-0.060990117,-0.116974406,0.07424551,false
202458.179252041,0,-0.009067714,-0.0034912825,-0.0041712523,-0.06996941,-0.11871709,0.06854064,false
202458.199252040,19999999,-0.0057955086,-0.013648182,-0.008368313,-0.096583426,-0.086190164,0.06820547,false
202458.219252041,0,-0.004616946,-0.01838398,-0.00519681,-0.104395896,-0.06306473,0.056832023,false
202458.239252040,19999999,-0.00800702,-0.020625532,-0.0008497834,-0.09485531,-0.04061045,0.04756406,false
202458.259252041,0,-0.012113512,-0.017209291,0.0007715821,-0.09675467,-0.036301754,0.04218176,false
202458.279252041,0,-0.0067076385,-0.017881662,-0.0020877123,-0.09726044,-0.01341838,0.030607034,false
202458.299252041,0,-0.0033445954,-0.00987643,-0.0015785694,-0.096903205,0.00043103192,0.011999909,false
202458.319252041,0,-0.013306916,0.000790298,-0.0040263534,-0.10741747,-0.0013506688,-0.0037562419,false
202458.339252040,19999999,-0.013118595,-0.0013585985,-0.0019885302,-0.09200681,-0.018503241,0.009470924,false
202458.359252041,0,-0.0069611073,0.0017684102,-0.00501132,-0.0646255,-0.009980954,0.006644624,false
202458.379252040,19999999,-0.0008034706,0.004894942,-0.008035004,-0.0372442,-0.0014586672,0.0038183236,false
202458.399252040,39999999,-0.00036281347,0.010433018,-0.010312378,-0.029935759,0.02441406,-0.01250202,false
202458.419252041,0,-0.0064056218,0.013974607,-0.006820202,-0.035284683,0.025212228,0.004963871,false
202458.439252040,19999999,0.0012510419,0.0026573539,-0.011640966,-0.0033861175,0.034822743,0.0049012336,false
202458.459252041,0,-0.0012190342,0.0028235614,-0.007996559,0.028759789,0.02829804,-0.0066564963,false
202458.479252040,19999999,0.00020325184,0.009283215,-0.006544769,0.053037524,0.034404736,-0.024333645,false
202458.499252041,0,-0.00535354,0.01342386,-0.0035158396,0.059058532,0.015085258,-0.041477144,false
202458.519252041,0,-0.008396804,0.008365601,-0.004850507,0.04629404,0.012873802,-0.05013967,false
202458.539252041,0,-0.0050753355,-0.000338912,-0.0015013218,0.0530216,0.022443276,-0.061930083,false
202458.559252041,0,0.001933068,0.008415729,-0.0019086003,0.062291738,0.027763579,-0.07553897,false
202458.579252040,19999999,-0.0066775084,0.0037016869,0.0021811128,0.050190613,0.024715,-0.069828264,false
202458.599252041,0,-0.0077079237,0.0011882782,0.0044128895,0.04036793,0.03660339,-0.06915724,false
202458.619252040,19999999,-0.0074406266,-0.0023918748,0.0056835413,0.02554847,0.03658564,-0.05764194,false
202458.639252041,0,-0.0022649765,-0.0065960586,0.003047824,-0.0016605388,0.056095958,-0.059806515,false
202458.659252041,0,-0.0034552515,-0.010053903,0.004785776,-0.009320762,0.06636713,-0.06736197,false
202458.679252040,19999999,-0.0046439767,-0.013513476,0.0065214634,-0.016980987,0.076638296,-0.07491743,false
202458.699252040,39999999,-0.00026866794,-0.007529527,0.0027357936,-0.025480408,0.07045775,-0.07145549,false
202458.719252041,0,0.0049425066,-0.0036852062,0.006503403,-0.023822958,0.05279074,-0.07285261,false
202458.739252041,0,0.004421115,0.0011146069,0.009069204,-0.02929816,0.016853262,-0.052956223,false
202458.759252040,19999999,0.00919655,0.0015708208,0.010311842,-0.005766703,-0.003975196,-0.029853823,false
202458.779252041,0,0.009640247,0.003589481,0.016745448,0.012777362,-0.024557699,-0.011095492,false
202458.799252041,0,0.015942514,0.023109853,0.013776302,-0.0065114126,-0.0449289,0.019862492,false
202458.819252041,0,0.007762879,0.016016334,0.011204183,-0.013755323,-0.061704524,0.053283297,false
202458.839252041,0,0.016845852,0.009564966,0.001414597,-0.015509395,-0.054403745,0.08174957,false
202458.859252040,19999999,0.018356562,0.009147495,0.000472188,-0.023755338,-0.020838134,0.07142624,false
202458.879252041,0,0.0127030015,0.010414898,0.0059598684,-0.0291714,-0.011937992,0.08104194,false
202458.899252041,0,0.008336157,0.014295489,0.008433223,-0.05262761,-0.035799406,0.09227635,false
202458.919252040,19999999,0.006889969,0.016380847,0.006131828,-0.11045855,-0.039825812,0.07208612,false
202458.939252041,0,0.0075786114,0.0029663444,0.006035447,-0.14357728,-0.041992184,0.03372972,false
202458.959252041,0,-0.004815787,-0.010614157,0.012727559,-0.14268284,-0.06575523,0.0074307993,false
202458.979252041,0,-0.016313016,-0.0049854815,0.010373712,-0.13322546,-0.10927856,0.043861922,false
202458.999252041,0,-0.015290737,-0.007736981,0.011886716,-0.094239056,-0.1437377,0.04144621,false
202459.019252041,0,-0.01267764,-0.0049088597,0.003437221,-0.06044799,-0.1401904,0.046657015,false
202459.039252040,19999999,-0.014521182,0.0007098615,-0.0024346113,-0.083876096,-0.123005085,0.07020739,false
202459.059252041,0,-0.0028187335,-0.006729722,-0.009723604,-0.08936844,-0.120315775,0.07178915,false
202459.079252041,0,-0.008228838,-0.011266917,-0.01435554,-0.10016632,-0.080352426,0.07481088,false
202459.099252040,19999999,-0.007666707,-0.01872167,-0.01160574,-0.07890076,-0.06024657,0.06977945,false
202459.119252041,0,-0.008181632,-0.01837638,-0.012197137,-0.05560448,-0.040144414,0.04691995,false
202459.139252041,0,-0.0048371255,-0.010532677,-0.01673323,-0.04882896,-0.019991986,0.028169157,false
202459.159252040,0,-0.008212209,-0.0012951493,-0.0079776645,-0.039708547,-0.023161236,0.014029394,false
202459.179252039,19999999,-0.0031275153,0.0015862286,-0.004187882,-0.031888008,-0.021561513,-0.0030622939,false
202459.199252040,0,-0.0085632205,0.0014742911,-0.006920755,-0.012671841,-0.0094806235,-0.008217251,false
202459.219252039,19999999,-0.006371379,0.014175013,-0.0079622865,0.009657776,-0.017716646,-0.033282124,false
202459.239252040,0,-0.005363792,0.016320199,-0.009996951,0.014492398,0.0135861,-0.03343775,false
202459.259252040,0,-0.00701344,0.017982453,-0.009301245,0.016791532,0.024011988,-0.032900073,false
202459.279252039,19999999,-0.0086630285,0.019644216,-0.008605719,0.019090667,0.03443788,-0.032362394,false
202459.299087958,0,-0.005435258,0.0076476955,-0.008210945,0.05362819,0.050578162,-0.032061853,false
202459.319087957,19999999,-0.0044614077,0.0069562346,-0.009088159,0.06102572,0.05549021,-0.041083064,false
202459.339087958,0,-0.006406814,0.005569905,-0.006644368,0.06378784,0.05379326,-0.04833493,false
202459.359087958,0,-0.005236089,0.0019439757,-0.004963577,0.066827826,0.04793831,-0.05283694,false
202459.379087957,19999999,-0.004927933,-0.0068446994,-0.00060129166,0.07027673,0.042174585,-0.05962662,false
202459.399087958,0,-0.003742516,-0.005488664,-0.0029113889,0.070860654,0.045726955,-0.0691998,false
202459.419087957,19999999,-0.0063157678,-0.0049134493,0.0016328096,0.07412676,0.03892922,-0.07008711,false
202459.439087958,0,-0.0075541735,-0.0038834214,0.005253911,0.063460745,0.041223012,-0.06395799,false
202459.459087958,0,-0.005578965,-0.0034819841,0.0044822693,0.04402282,0.044811282,-0.05528902,false
202459.479087957,19999999,0.0011428595,-0.0097902715,0.0023902655,0.03235629,0.06409109,-0.047959644,false
202459.499087958,0,0.0018397868,-0.010824889,0.0071635246,0.025054129,0.072357886,-0.04909035,false
202459.519087958,0,0.004767269,-0.009102911,0.008243561,0.01779359,0.075252816,-0.055334944,false
202459.539087958,0,0.0043200254,-0.004585892,0.01051724,0.0042924844,0.063743204,-0.056965034,false
202459.559087958,0,0.0074908435,0.00029435754,0.013462424,-0.01255708,0.037742965,-0.05607773,false
202459.579087957,19999999,0.010771722,0.0043237507,0.014281392,-0.0254252,0.01317572,-0.05730647,false
202459.599087958,0,0.0075334013,0.007791087,0.016110778,-0.024969123,-0.018476719,-0.043078847,false
202459.619087957,19999999,0.010535628,0.017349273,0.01271534,-0.023347786,-0.04230646,-0.022946548,false
202459.639087958,0,0.010825515,0.01975301,0.010321081,-0.021762036,-0.060733527,0.013438784,false
202459.659087958,0,0.015313536,0.019806236,0.004981339,-0.021599377,-0.061864976,0.041134525,false
202459.679087957,19999999,0.012422919,0.020675242,0.0063455105,-0.022672812,-0.062008325,0.06124971,false
202459.699087958,0,0.010105491,0.018201858,0.0038713813,-0.021335369,-0.059484903,0.07823522,false
202459.719087958,0,0.008705705,0.011160791,0.0033833385,-0.017155247,-0.07325833,0.10345131,false
202459.739087958,0,0.0135860145,0.0041434467,0.0007029772,-0.0064547257,-0.07426965,0.100308135,false
202459.759087957,19999999,0.00867787,0.0017472804,0.0015081763,-0.005320114,-0.07512425,0.09211591,false
202459.779087958,0,0.0036566556,0.0028541386,0.0056387186,-0.01646262,-0.08305551,0.08707129,false
202459.799087958,0,-0.00032570958,-0.0018102527,0.004290223,-0.031957634,-0.096969284,0.07822034,false
202459.819087958,0,-0.0047198534,-0.010809749,0.005621314,-0.038085636,-0.09584895,0.063778885,false
202459.839087957,19999999,-0.0071935654,-0.00624758,0.0017095208,-0.03702822,-0.09162094,0.049910925,false
202459.859087958,0,-0.012022525,-0.0046854615,0.00026029348,-0.049230874,-0.08890693,0.049924348,false
202459.879087957,19999999,-0.012226433,-0.0050536096,-0.0028380752,-0.06278761,-0.07492006,0.046406165,false
202459.899087958,0,-0.013963908,-0.005079806,-0.00482589,-0.077998474,-0.06580859,0.04976517,false
202459.919087957,19999999,-0.012795299,-0.010796219,-0.00671649,-0.08251846,-0.049064808,0.050845474,false
202459.939087958,0,-0.0127803385,-0.013469905,-0.008798122,-0.075348675,-0.02718578,0.04134595,false
202459.959087957,19999999,-0.011437088,-0.011193544,-0.010864317,-0.06669727,-0.019047251,0.03090593,false
202459.979087958,0,-0.008511394,-0.0088967085,-0.0085430145,-0.055184733,-0.0088532325,0.015077161,false
202459.999087958,0,-0.011591464,-0.0043622553,-0.008007884,-0.049757,-0.003134062,0.00028660428,false
202460.019087957,19999999,-0.008024603,-0.004548341,-0.0073611736,-0.041530725,0.00415359,-0.016756441,false
202460.039087958,0,-0.00689137,-0.004954815,-0.0058754683,-0.02260115,0.005423122,-0.037949197,false
202460.059087957,19999999,-0.006841868,0.004644245,-0.0058252215,-0.015488101,0.015740119,-0.04624092,false
202460.079087958,0,-0.007134825,0.011236489,-0.005989909,-0.009329798,0.030207431,-0.04872825,false
202460.099087958,0,-0.007333815,0.01609549,-0.0049054623,-0.0134187285,0.028408395,-0.041000135,false
202460.119087957,19999999,-0.002106458,0.010916889,-0.008431852,-0.0025468515,0.029736143,-0.025033455,false
202460.139087958,0,0.003192246,0.005124435,-0.009984016,0.014798912,0.0580668,-0.033608355,false
202460.159087958,0,0.0019153357,0.008196041,-0.0053507686,0.024205696,0.055911217,-0.037101574,false
202460.179087957,19999999,0.0006390512,0.011266455,-0.0007188916,0.03361248,0.053755634,-0.040594794,false
202460.199087958,0,-0.0018283129,0.009920344,0.0039237738,0.032028142,0.027424552,-0.030988937,false
202460.219087957,19999999,0.0024671853,0.0044757426,0.003663659,0.029325066,0.01998476,-0.033058718,false
202460.239087958,0,0.0027244985,0.0024248213,0.0037988424,0.038890675,0.014595853,-0.047061197,false
202460.259087958,0,-0.00068190694,0.008357897,0.0065205097,0.034668755,0.0050152643,-0.029170785,false
202460.279087958,0,0.00033214688,0.0065464973,0.005845785,0.023413844,0.0009983643,-0.013351524,false
202460.299087958,0,0.0011045933,0.0057540387,0.002981186,0.015935678,0.0043633413,0.0059968475,false
202460.319087957,19999999,0.0035700798,-0.00041416287,0.0012233853,0.011381518,0.019306201,0.019232232,false
202460.339087958,0,0.00038775802,-0.0031566024,0.003616333,0.005980206,0.022149464,0.025333213,false
202460.359087958,0,-0.00483948,-0.00797838,0.009034336,0.009534661,0.00047986954,0.03857179,false
202460.379087958,0,0.0037139654,-0.014551818,0.00042581558,0.014832188,0.0029699653,0.023212865,false
202460.399087958,0,0.002805084,-0.011719942,0.0020973086,0.0128650125,0.0051280884,0.0025000647,false
202460.419087958,0,-0.0028987527,-0.008949906,0.0054555535,0.006330078,-0.009497447,-0.008464678,false
202460.439087958,0,-0.0019779503,-0.0024448931,0.0023041964,-0.00533892,-0.0076522636,-0.013122849,false
202460.459087957,19999999,-0.0010570884,0.0040602237,-0.0008472204,-0.017007917,-0.0058070803,-0.017781021,false
202460.479087957,39999999,-0.00013616681,0.010565475,-0.003998697,-0.028676916,-0.0039618975,-0.022439193,false
202460.499087958,0,-0.0026419163,0.0151164085,-0.00038462877,-0.04186987,-0.0041891984,-0.01212185,false
202460.519087957,19999999,-0.0036601126,0.010721162,0.0029571652,-0.042227935,-0.0006371499,0.00022417214,false
202460.539087958,0,-0.0020983517,0.008185506,-0.0008853078,-0.0406798,0.006918522,0.007001844,false
202460.559087957,19999999,-0.0009956956,0.002669841,-0.0022594333,-0.029705888,0.012828998,0.013477433,false
202460.579087958,0,-0.004103869,0.0020897985,-0.0013419986,-0.006854687,0.007202904,0.014021517,false
202460.599087958,0,-0.0013287663,0.0026946068,-0.0044186115,-0.0015304633,0.008085735,0.0040510064,false
202460.619087958,0,-0.0019335151,0.002848953,-0.0011722445,0.0013517973,0.005902668,-0.0025997572,false
202460.639087958,0,-0.0010811388,-9.402633e-06,-0.0033385158,0.003426438,0.0068983175,-0.008444247,false
202460.659087958,0,-0.0022590458,0.00064626336,-0.0013036728,0.0055007776,0.0077383043,-0.008994339,false
202460.679087957,19999999,-0.0020336509,0.000129655,-0.0010828376,0.0076535624,0.011623166,-0.011094527,false
202460.699087958,0,-0.0045101345,0.0013503432,-0.00097596645,0.011751939,0.005309099,-0.0027701035,false
202460.719087957,19999999,-0.0038845837,0.0049325377,-0.0024169087,0.0016985955,0.011454824,0.0015173038,false
202460.739087958,0,-0.0081297755,0.0015924722,0.0012875199,-0.0012780419,0.0068802,0.009101477,false
202460.759087958,0,-0.0027445257,-0.0062029064,-0.0012712479,0.0080972,0.016432112,0.00894322,false
202460.779087957,19999999,0.0026408732,-0.013998345,-0.0038298965,0.017472442,0.025984026,0.008784962,false
202460.799087957,39999999,-0.000431329,-0.01350233,-0.00016021729,0.033905845,0.04005153,-0.005211114,false
202460.819087958,0,-0.003584057,-0.0017547905,0.00090259314,0.029369302,0.042362932,-0.014333302,false
202460.839087958,0,-0.0011284053,0.00017726421,0.0027799606,0.015203439,0.028768446,-0.023207335,false
202460.859087958,0,0.00092592835,0.0029293746,0.003888607,-0.011082813,0.021951571,-0.03720165,false
202460.879087958,0,0.0017973781,0.0023866892,0.0042802095,-0.021957774,0.012878482,-0.038850337,false
202460.899087958,0,0.0009468198,0.0037207901,0.004139185,-0.014885404,0.006307849,-0.030066695,false
202460.919087957,19999999,0.0009164512,0.007899702,0.0012524724,-0.007343095,0.0027644252,-0.009779766,false
202460.939087957,39999999,0.00115937,0.009354547,5.2571297e-05,-0.00024512503,-0.005486519,0.0058780015,false
202460.959087957,0,0.006288469,0.0040314645,-0.002970934,0.012814489,-0.0009908737,0.011978334,false
202460.979087957,0,0.0010018647,0.0032715648,0.0013739467,0.023100615,0.0009662714,0.01990414,false
202460.999087956,19999999,0.0003913045,0.0017782599,0.0013670325,0.03916452,-0.0020688535,0.020616569,false
202461.019087957,0,0.004177332,0.0013151467,-0.0024687052,0.03220158,0.0065263486,0.022045264,false
202461.039087957,0,0.0027036965,6.714463e-05,-0.00039333105,0.027173527,0.012769401,0.013843324,false
202461.059087956,19999999,0.0012303889,-0.0011808872,0.001681745,0.022145472,0.019012455,0.005641385,false
202461.079087956,39999999,-0.00024273992,-0.002428919,0.003756404,0.017117418,0.025255507,-0.002560554,false
202461.099087956,59999999,0.00032675266,0.0018012077,0.0029192567,0.006461149,0.024940092,-0.010106351,false
202461.119087957,0,-0.0015074015,0.00263305,0.0041875243,-7.687276e-05,0.015641905,-0.012894288,false
202461.139087957,0,-0.0023261607,0.003548801,0.003723681,-0.005846012,0.0046656094,-0.014793722,false
202461.159087956,19999999,-0.0014377832,0.0039711893,0.0032055378,-0.007064347,-0.006878567,-0.012345793,false
202461.179087957,0,-0.0010789037,0.0015311539,0.0021023154,-0.0041023223,-0.012326457,-0.0065787607,false
202461.199087956,19999999,-0.0014395118,0.0012781024,-0.0005120635,-0.0043971804,-0.00803755,-0.0012924243,false
202461.219087957,0,-0.0010896623,-0.000135988,-0.00078964233,-0.0044805976,7.2231516e-05,0.00391805,false
202461.239087957,0,-0.0024723709,-0.0017417073,-0.0003825426,-0.0039391397,0.0023546065,0.003533543,false
202461.259087956,19999999,-0.0011909604,-0.0030949116,-0.000644505,-0.0023519073,0.0072072204,0.0034841234,false
202461.279087957,0,-0.0028699338,-0.0020327568,0.002013564,-0.005908308,0.005342136,-0.00062543806,false
202461.299087957,0,-0.00023680925,-0.0034780204,-0.001409471,-0.010352029,0.010262497,-0.01061244,false
202461.319087957,0,-0.0006145537,-0.0027809292,-0.0013718605,-0.015379804,0.012373404,-0.01509029,false
202461.339087957,0,-0.00094661117,-0.003250599,-0.0007620454,-0.015850376,0.025537401,-0.02370879,false
202461.359087956,19999999,-0.0013455749,0.0013822764,-0.0003566146,-0.015251562,0.022878733,-0.025618652,false
202461.379087957,0,-0.006167829,0.004113868,0.0045225024,-0.013531304,0.015463335,-0.01636867,false
202461.399087956,19999999,-0.0033168197,0.0065888017,0.0009474158,-0.012213621,0.0077291504,-0.013663054,false
202461.419087957,0,0.0006121993,0.0022569895,-0.001793325,-0.008350243,-0.00090677664,-0.0060342755,false
202461.439087957,0,0.004745394,-0.0020631105,-0.003826797,0.0008632764,0.014243853,-0.015159379,false
202461.459087957,0,0.0030537248,0.006402433,-0.0034287572,-0.004361004,0.03228753,-0.016311597,false
202461.479087956,19999999,0.0011337101,0.004857853,0.0029889941,-0.008440164,0.032050915,-0.009015826,false
202461.499087957,0,0.0025790036,0.004930824,0.00031727552,-0.023095831,0.027214633,-0.014495894,false
202461.519087956,19999999,0.0036771,0.0025129765,0.001113534,-0.030952409,0.034849994,-0.016274806,false
202461.539087957,0,0.0006918907,0.0034085512,0.003322184,-0.02561792,0.036100876,-0.012839771,false
202461.559087957,0,0.0014196336,0.0059814453,0.0034133792,-0.019943196,0.034312736,-0.0009352239,false
202461.579087956,19999999,2.6583672e-05,0.009383023,0.0003014207,-0.024423158,0.05426491,0.018218175,false
202461.599087957,0,0.0011127293,0.005793825,-0.0011273026,-0.025146637,0.06341997,0.027658086,false
202461.619087956,19999999,0.0021992028,0.0022054762,-0.0025570989,-0.025870116,0.07257503,0.037098,false
202461.639067667,0,-0.006379285,-6.4455e-05,0.0067179785,-0.010348421,0.04415256,0.049367744,false
202461.659067666,19999999,0.0034576058,-0.0040783584,0.004901767,0.001190315,0.05890327,0.047581583,false
202461.679067666,39999999,0.013294637,-0.008091867,0.0030854344,0.01272905,0.07365397,0.045795426,false
202461.699067667,0,0.004702866,-0.0041083246,0.0026652813,0.0006869873,0.07580122,0.033191867,false
202461.719067667,0,0.0010758042,-0.0023497045,0.0047057867,-0.0031222247,0.059784967,0.031009188,false
202461.739067667,0,0.0021061301,-0.0005541295,0.0035823584,-0.009929353,0.06774596,0.033411935,false
202461.759067666,19999999,0.00036421418,-0.00080373883,0.0045461655,-0.015374515,0.06485504,0.027394148,false
202461.779067667,0,-0.0021919906,0.0034119487,0.0045363903,-0.013731929,0.0409216,0.024799582,false
202461.799067667,0,-0.0017380118,0.004515186,0.0022938251,-0.016439881,0.03048544,0.027307937,false
202461.819067666,19999999,-0.0025617778,0.0038747042,0.0018405318,-0.018141221,0.022538902,0.031523474,false
202461.839067667,0,-0.0017790496,0.0031757653,0.00035637617,-0.0156077985,0.024477646,0.031574573,false
202461.859067667,0,-0.0012638569,0.00202699,0.00044620037,-0.010401849,0.020239616,0.030260177,false
202461.879067666,19999999,-0.0010578334,-0.000431031,0.00020831823,-0.0036760918,0.01835347,0.024361782,false
202461.899067667,0,-0.0011319518,-0.0019241273,0.00045758486,0.0036976524,0.013749883,0.015710097,false
202461.919067667,0,-0.00052788854,-0.0008972883,0.00021338463,0.010646198,0.009651596,0.0070409393,false
202461.939067666,19999999,0.00051900744,0.0020600855,0.00046765804,0.011577729,0.002259296,0.0058963383,false
202461.959067667,0,0.0019305348,0.0027384013,0.0003862381,0.009175866,0.0044714743,0.0001249793,false
202461.979067666,19999999,0.0017186999,0.0041286945,0.0009185672,0.0052174362,0.0072334073,-0.0023171757,false
202461.999067667,0,-0.00058433414,0.006293252,0.003790319,0.0010169675,0.0037462444,0.007833183,false
202462.019067666,19999999,-0.0005159378,0.004528925,0.0031266212,-0.0010501512,-0.0041674245,0.014309892,false
202462.039067666,0,-5.5760145e-05,0.002385661,0.0010383725,-0.0014492243,-0.007962842,0.020426057,false
202462.059067665,19999999,0.002947539,-0.0027265847,-0.0008149147,0.0051005017,-0.0014970894,0.019971278,false
202462.079067666,0,0.0013706088,-0.0036555082,0.0013151169,0.012332497,0.004030592,0.013322841,false
202462.099067666,0,0.00024873018,-0.0023132265,0.0013410449,0.016384888,0.0013833467,0.009164867,false
202462.119067665,19999999,-8.3088875e-05,0.0010751188,0.0024117827,0.012211943,-0.001865594,0.0041505983,false
202462.139067666,0,-8.752942e-05,0.00096042454,0.0022798777,0.0077414727,-0.0048429947,0.0003030796,false
202462.159067665,19999999,-9.202957e-05,0.0008457601,0.0021479726,0.0032710023,-0.007820395,-0.003544439,false
202462.179067665,39999999,-0.0013366342,0.0024476498,0.0022133589,0.0013169518,-0.013259308,0.0005275151,false
202462.199067666,0,-0.0017592013,0.0031062365,0.0014653802,0.0024616737,-0.013812801,0.0080926195,false
202462.219067666,0,0.000117480755,0.0035388768,-0.00015032291,-0.00022485992,-0.013830574,0.01646915,false
202462.239067665,19999999,0.0014625788,0.0010356307,-0.002236843,0.0009519926,0.00046143308,0.013279015,false
202462.259067666,0,-0.00043854117,0.00030726194,-0.0008363724,0.00022720912,-0.0017316551,0.015638921,false
202462.279067665,19999999,-0.0023397207,-0.000421077,0.00056403875,-0.0004975743,-0.0039247433,0.017998828,false
202462.299067665,39999999,0.0015731454,-0.004420817,-0.0016107559,0.003906978,-0.0030190148,0.016360281,false
202462.319067666,0,0.0019167662,-0.007372558,-0.0010154843,0.01067782,0.0068275216,0.0052949814,false
202462.339067666,0,0.0003068745,-0.005443901,0.0012783408,0.017378993,0.0053411853,-0.0041999724,false
202462.359067666,0,-0.00019028783,-0.0025474727,0.0017318726,0.013920741,0.0016387957,-0.013891835,false
202462.379067666,0,-0.00041806698,0.00038069487,0.0018271804,0.004914324,-0.006880282,-0.01618202,false
202462.399067666,0,-0.0002733171,0.0041054785,0.00177598,-0.0028053853,-0.010736738,-0.016043462,false
202462.419067665,19999999,3.6746264e-05,0.005528152,0.00011599064,-0.008603685,-0.009657788,-0.009802446,false
202462.439067666,0,-0.00016075373,0.0057643354,0.00068581104,-0.010168923,-0.006849423,0.00030478463,false
202462.459067666,0,7.5131655e-05,0.003100574,0.0010983348,-0.006973118,-0.0061306288,0.010878661,false
202462.479067666,0,-0.0005289912,0.001394242,0.00033283234,-0.0031334222,-0.0022625097,0.014415315,false
202462.499067666,0,-0.0005312264,0.00019948184,0.0013828874,0.001921528,-0.00013997313,0.011164809,false
202462.519067665,19999999,-0.00060233474,-0.00068961084,0.0013697743,0.0031329382,4.3183856e-05,0.005504501,false
202462.539067666,0,-0.0009950101,-0.00045855343,0.00084775686,0.002045393,-0.002064585,0.00060689263,false
202462.559067666,0,-0.0004952848,-0.0005995035,-0.00078880787,0.0010839577,-0.0023304923,-0.0006760594,false
202462.579067665,19999999,4.440546e-06,-0.0007404387,-0.0024254918,0.00012252247,-0.0025963993,-0.0019590114,false
202462.599067666,0,-9.894371e-06,-0.0011834949,-0.0026157498,0.002074669,0.0029324112,-0.0050035,false
202462.619067666,0,-0.00084728,0.002143979,-0.0025476813,0.003787878,0.009263767,-0.0035558187,false
202462.639067666,0,-0.004722744,0.0045622885,0.001308918,0.002037134,0.005006775,0.0058198683,false
202462.659067665,19999999,-0.0039452016,0.0010049492,0.0006093979,0.0014451961,-0.00028937217,0.009459525,false
202462.679067666,0,-0.0003748238,-0.003717646,-0.0021090508,0.006160822,0.0017350728,0.013138686,false
202462.699067666,0,-0.0008081198,-0.0018696338,-0.00024944544,0.007582806,0.0047255494,0.0045884894,false
202462.719067665,19999999,-0.0012413561,-2.1725893e-05,0.0016100407,0.00900479,0.007716025,-0.0039617075,false
202462.739067665,39999999,-0.0016745031,0.0018260926,0.0034692883,0.010426774,0.010706501,-0.012511903,false
202462.759067666,0,-0.0006278157,0.0020732284,0.0043245554,0.0026423,0.006887259,-0.016535604,false
202462.779067666,0,0.0006132424,0.0018681288,0.002927184,-0.0054518506,0.005446007,-0.01875311,false
202462.799067666,0,0.0014793873,0.003578499,0.003353119,-0.0112843625,0.007900528,-0.020130223,false
202462.819067665,19999999,-0.00029608607,0.00630413,0.003538847,-0.015950402,0.0067050066,-0.008794886,false
202462.839067666,0,-0.0018737912,0.0060847104,0.0030386448,-0.018279666,0.004595386,0.0043494627,false
202462.859067666,0,0.00059887767,0.002760306,0.002400875,-0.015625747,0.0107790185,0.006550316,false
202462.879067665,19999999,0.0030715168,-0.00056409836,0.0017629266,-0.012971829,0.016962651,0.008751169,false
202462.899067665,39999999,-0.0006670058,-0.0016176999,0.0032399297,-0.0060566543,0.00901071,0.01279771,false
202462.919067666,0,-0.0016845167,-0.00051656365,0.0012735128,-0.0057116826,-0.00189484,0.017099842,false
202462.939067666,0,0.0028921962,-0.005812317,-0.0012072325,0.0006682058,-0.004418744,0.008775765,false
202462.959067666,0,0.0038476884,-0.006302044,-0.001144886,0.0104161035,0.003319303,-0.0056660045,false
202462.979067666,0,0.0004106164,-0.0036882907,0.00060099363,0.016615521,0.0005897146,-0.013280537,false
202462.999067666,0,-0.002202332,0.0012029856,0.0011788011,0.012685755,-0.0034073035,-0.013394337,false
202463.019067666,0,-0.00028914213,0.0038274229,0.0007227659,0.00406597,-0.0072661736,-0.009505313,false
202463.039067666,0,4.887581e-05,0.0041652024,0.0010704994,-0.004492311,-0.0033121742,-0.0065510212,false
202463.059067666,0,-0.002774328,0.0042004734,0.0007266998,-0.008273427,0.00034351996,-0.0020152675,false
202463.079067665,19999999,-0.0025886,0.002831906,0.000849843,-0.0057826545,0.0043796357,0.0017008733,false
202463.099067666,0,-0.0013795495,0.0010072887,0.00012373924,-0.00048210984,0.0060946723,0.0034325768,false
202463.119067665,19999999,-0.002010256,0.00081795454,0.001788795,0.0021629308,0.0051292377,0.0031509968,false
202463.139067666,0,-0.0002616942,-0.00040727854,0.002089262,0.007652822,0.0022189873,-0.0032211957,false
202463.159067666,0,-0.00030699372,-0.0005644113,0.0010534525,0.008328616,-0.0015092031,-0.0059526204,false
202463.179067666,0,0.00051254034,-0.0008825213,-0.00011599064,0.012650133,-0.0006481678,-0.009241903,false
202463.199067665,19999999,0.00028672814,-0.00027608871,-0.0010446906,0.012987872,-0.0012462998,-0.0070584975,false
202463.219067666,0,0.0025261939,-0.00034114718,-0.0014436841,0.0111598065,0.0025101895,-0.0059383493,false
202463.239067666,0,0.00070753694,0.00043553114,0.00015932322,0.008688302,0.004123864,-0.0017788312,false
202463.259067665,19999999,-0.0024175644,0.0031741709,0.0026718378,0.0057079243,0.0031021894,0.0010812362,false
202463.279067666,0,-0.001693368,0.0038992912,0.0040407777,0.00077798776,-0.009094883,0.012406796,false
202463.299067665,19999999,-0.00039231777,0.0009033084,0.00093597174,-0.0041148136,-0.0096368445,0.013339229,false
202463.319067666,0,0.004613906,-0.006426811,-0.0025210977,0.0026001423,0.0011337213,0.00772814,false
202463.339067666,0,0.002717793,-0.0076580644,0.0011011362,0.0114156045,0.0136435395,-0.007089872,false
202463.359067665,19999999,-0.0013792515,-0.0027192533,0.0049209595,0.014942018,0.0067898473,-0.009675896,false
202463.379067666,0,-0.00026267767,0.0017056167,0.0053436756,0.005291288,-0.00040191645,-0.018173806,false
202463.399067666,0,-0.00029614568,0.001006782,0.0038083792,-0.004831952,-0.0073272465,-0.022062832,false
202463.419067666,0,0.0013843179,0.0032075197,0.0030727386,-0.0072980346,-0.01096764,-0.02505196,false
202463.439067665,19999999,-0.0004824102,0.004389465,0.0025482774,-0.010798332,-0.011883717,-0.01823178,false
202463.459067666,0,-0.0005494952,0.0041480064,0.000959754,-0.010204212,-0.01101848,-0.0048189657,false
202463.479067665,19999999,-0.00061649084,0.0039065033,-0.000628829,-0.009610092,-0.010153242,0.008593847,false
202463.499067666,0,-0.0009840429,0.002681166,0.001744926,-0.0039052982,0.0018927213,0.005807529,false
202463.519067665,19999999,-0.0013515055,0.0014557838,0.004118681,0.0017994959,0.013938685,0.003021211,false
202463.539067666,0,-0.00030994415,0.001312226,0.0035558343,-0.0015863837,0.0017964626,0.0053656586,false
202463.559067665,19999999,0.0007315576,0.0011686683,0.002992928,-0.0049722632,-0.010345761,0.007710106,false
202463.579067665,39999999,0.00463596,-0.0062435716,0.002662778,0.0020875153,-0.0062493253,-0.004028415,false
202463.599067666,0,-0.0010633171,-0.0046857297,0.0032930374,0.0068361834,-0.0080503,-0.011157807,false
202463.619067666,0,-0.0030094087,-0.0022140294,0.0037071109,0.004120971,-0.018435363,-0.0014363546,false
202463.639067665,19999999,-0.0004082322,-0.0003002882,0.0005028248,-0.004006142,-0.018589199,-0.0049295886,false
202463.659067666,0,-4.798174e-06,0.0018491149,-0.0018489361,-0.016065318,-0.013688996,-0.0061155106,false
202463.679067666,0,-8.752942e-05,0.004090607,-0.0028874278,-0.02355013,-0.011086054,8.580508e-05,false
202463.699067666,0,0.0018037856,0.00437738,-0.0033424497,-0.02320485,-0.0021816893,-0.0006152432,false
202463.719067666,0,0.0018751919,0.0018675029,-0.0020468235,-0.013945045,0.0035649687,-0.002007236,false
202463.739067666,0,-0.0023526847,0.0016930699,0.0012049675,3.9618462e-06,-0.007958518,0.007957797,false
202463.759067666,0,-0.00019875169,0.0033188313,-0.00066548586,0.010318306,-0.009002646,0.009990886,false
202463.779067665,19999999,0.0019552708,0.004944578,-0.0025361776,0.02063265,-0.010046774,0.012023975,false
202463.799067665,39999999,0.0034232438,0.0066756606,-0.007080853,0.018267132,0.0029807705,0.012330012,false
202463.819067666,0,0.00053316355,0.008492231,-0.0034772158,0.019089345,0.007760385,0.013620876,false
202463.839067666,0,-0.0004118979,0.0054829866,-0.005113125,0.017166777,0.0060622646,0.02133889,false
202463.859067665,19999999,0.00645259,-0.0038707703,-0.0063328743,0.028893776,0.026625082,0.0042632557,false
202463.879067666,0,-0.0011714101,0.0016759485,0.0006595254,0.03487604,0.02751869,-0.005226841,false
202463.899067665,19999999,-0.008162975,0.006245911,0.007154107,0.03608075,0.014762654,-0.00095812976,false
202463.919067665,0,-0.00095394254,0.0032483786,0.0040605664,0.03731603,0.0039818846,-0.004108329,false
202463.939067665,0,-0.00038149953,0.0023330897,0.00063562393,0.032092445,-0.01020852,-0.00028141052,false
202463.959067665,0,0.0113375485,-0.009417057,-0.007345319,0.044198953,0.016605072,-0.018789086,false
202463.979067665,0,0.005009055,-0.005336106,-0.0025484562,0.053051725,0.035907,-0.045022335,false
202463.999067664,19999999,0.0009174943,0.004009247,0.0026999116,0.050353378,0.019751118,-0.03667061,false
202464.019022583,0,0.00091091683,0.0055125067,0.0054605533,0.045547564,0.0066876835,-0.033910017,false
202464.039022583,0,0.0016469955,0.0057591945,0.0036805272,0.044382155,0.0065891696,-0.035494808,false
202464.059022582,19999999,0.002382785,0.006005466,0.0019001961,0.04321675,0.0064906557,-0.0370796,false
202464.079022582,39999999,0.0015542209,0.008747175,0.00070363283,0.04440569,0.0028809877,-0.030302199,false
202464.099022583,0,0.001884222,0.010226846,-0.00085145235,0.043668415,0.0045044404,-0.018756956,false
202464.119022582,19999999,0.0030163229,0.0068981946,-0.0026991367,0.047503002,0.011361239,-0.007001575,false
202464.139022583,0,0.001088053,0.0057191253,-0.0007637739,0.054452978,0.024278505,-0.005993165,false
202464.159022583,0,-0.0013691187,0.0064022243,0.002054274,0.05866959,0.025765985,-0.00079219043,false
202464.179022582,19999999,0.0002924502,0.002758652,0.0011491776,0.063175075,0.018846069,0.010483986,false
202464.199022583,0,0.003006786,-0.004576415,0.00091964006,0.07528116,0.022846475,0.0039422526,false
202464.219022583,0,0.0031707883,-0.005812794,0.0023537278,0.08490635,0.025795246,-0.006731327,false
202464.239022583,0,0.00017893314,-0.0034646392,0.004262507,0.09043448,0.019996934,-0.012066915,false
202464.259022583,0,-0.00018745661,-0.001159668,0.00453341,0.08688398,0.011602687,-0.015272284,false
202464.279022582,19999999,-0.00068464875,-0.0003450513,0.002767861,0.075617574,0.0015496584,-0.01795771,false
202464.299022583,0,0.000107973814,-0.00069120526,0.0010106564,0.065534785,-0.00236372,-0.022235943,false
202464.319022583,0,0.0028176308,-0.0016350448,0.0013349056,0.063317925,0.00042665075,-0.023336608,false
202464.339022583,0,0.0017635524,-0.0020862818,0.001883924,0.066713326,0.0033802376,-0.020239698,false
202464.359022583,0,0.0016729832,-0.0017848015,0.0015714169,0.069051825,0.00587828,-0.015243682,false
202464.379022582,19999999,0.0015822649,-0.0014839768,0.0012573004,0.07139032,0.008376323,-0.010247666,false
202464.399022583,0,-0.00012296438,-0.00039586425,0.0027191043,0.070054136,0.0071444213,-0.005152744,false
202464.419022583,0,-0.0010260046,-0.00065484643,0.002637744,0.0633034,0.00783513,-0.0046000336,false
202464.439022583,0,-0.0024634302,-0.0008339286,0.0051427484,0.05819226,-0.0024009626,0.00048601953,false
202464.459022583,0,-0.0013179183,-0.0047342777,0.0051911473,0.05767393,-0.0035842955,-0.0009859002,false
202464.479022583,0,-0.001726538,-0.004556775,0.0041972995,0.058156002,0.0013209758,-0.008807044,false
202464.499022583,0,-0.0045383275,-0.0015683472,0.0043768883,0.055827484,-0.0070357816,-0.0043478967,false
202464.519022582,19999999,-0.0045244396,-0.00066173077,0.0031010509,0.050219648,-0.009219608,-8.33394e-06,false
202464.539022583,0,-2.7507544e-05,-0.0042185485,-0.00051796436,0.04598697,-0.011238781,0.0032650314,false
202464.559022583,0,0.0048474967,-0.008805186,-0.0042808056,0.045259736,0.005660652,-0.008693502,false
202464.579022582,19999999,0.0009095371,-0.00712952,-0.0014605522,0.04376828,0.016737863,-0.020638563,false
202464.599022583,0,-0.0012340844,-0.0020953715,0.00027787685,0.038182653,0.015683262,-0.022276,false
202464.619022582,19999999,-0.00096186996,-0.0020008087,0.00050854683,0.031862948,0.013192711,-0.02508788,false
202464.639022583,0,0.0015741587,-0.002346158,-0.00021374226,0.029395113,0.020474413,-0.03959496,false
202464.659022583,0,-0.00062322617,-0.0022486746,0.0014026761,0.029455272,0.01981638,-0.045406662,false
202464.679022583,0,-0.003484726,-0.0002874434,0.0029153824,0.029218828,0.013669793,-0.04351584,false
202464.699022583,0,-0.0031056702,0.00086319447,0.0021312237,0.03247775,0.0065523977,-0.035414975,false
202464.719022583,0,-0.0029482543,0.0013409257,0.0018056631,0.039397478,0.010323592,-0.029882403,false
202464.739022582,19999999,-0.0013922751,0.00017821789,0.001139164,0.04710877,0.007659923,-0.02084082,false
202464.759022583,0,-0.0043649673,0.0022066832,0.0014372468,0.047740936,0.014348449,-0.016248917,false
202464.779022583,0,-0.0059842467,0.004038781,0.0022824407,0.043507986,0.015067656,-0.0065971445,false
202464.799022583,0,-0.0021514595,-0.0024084449,-0.00095909834,0.03969246,0.016052676,0.0036716452,false
202464.819022583,0,0.00037550926,-0.007961214,-0.0028019547,0.038685035,0.026855618,-0.004502028,false
202464.839022583,0,-0.0001386106,-0.007893503,-0.0013293624,0.03440936,0.039537266,-0.020668503,false
202464.859022583,0,-0.0040079653,-0.0062018037,0.0015966296,0.027679529,0.036434762,-0.028265195,false
202464.879022582,19999999,-0.004070431,-0.0055757463,0.001676321,0.019693315,0.029866878,-0.04038233,false
202464.899022583,0,-0.005212575,-0.00406304,0.0031995177,0.007712176,0.019498538,-0.046055596,false
202464.919022582,19999999,-0.004350424,-0.0048205554,0.0049201846,0.007876653,0.016642965,-0.0588478,false
202464.939022583,0,-0.0022872388,-0.005230248,0.002794087,0.011815939,0.011535883,-0.063803665,false
202464.959022583,0,-0.0006248951,-0.0033950806,0.00071018934,0.016429,0.016786058,-0.069943376,false
202464.979022583,0,-0.004998654,-0.00012683868,0.0034433007,0.017852256,0.013329444,-0.057908442,false
202464.999022583,0,-0.0048495233,0.0018811226,0.0033611655,0.017775763,0.014093193,-0.053632833,false
202465.019022583,0,-0.0035074651,0.0012661815,0.0009216666,0.013890631,0.011021623,-0.051592324,false
202465.039022583,0,-0.0041522086,0.00048533082,0.001678288,0.011791261,0.009192781,-0.04822859,false
202465.059022582,19999999,-0.0032684505,0.000297606,0.0034700632,0.011591345,0.0149193965,-0.053554673,false
202465.079022583,0,-0.0067771375,0.0015049875,0.005272448,0.010220831,0.0060831504,-0.053304203,false
202465.099022582,19999999,-0.004150212,0.001121372,0.0015346408,0.006582992,0.0049546417,-0.054710448,false
202465.119022583,0,0.00049343705,-0.0020561218,-0.00014454126,0.00014305254,-0.0032128654,-0.061593547,false
202465.139022582,19999999,0.005137831,-0.005233705,-0.0018236637,-0.0062968875,-0.011380373,-0.06847665,false
202465.159022582,39999999,0.004437119,-0.005082071,0.0013535023,-0.0078082345,-0.011496546,-0.09402533,false
202465.179022583,0,0.002572775,-0.0010962784,0.0033842325,-0.011564449,-0.016272858,-0.10110363,false
202465.199022583,0,0.0008864105,0.0025430322,0.0065993667,-0.01343176,-0.026454039,-0.100336716,false
202465.219022582,19999999,0.0049287677,0.0056516826,0.0049821734,-0.019077817,-0.030137565,-0.0876492,false
202465.239022583,0,0.0038189888,0.0064978898,0.0059804916,-0.020006761,-0.025747206,-0.077934854,false
202465.259022583,0,0.004184276,0.006174594,0.0042969584,-0.02097505,-0.02288237,-0.05750578,false
202465.299022583,0,0.003474772,0.0031344295,0.003955126,-0.01700144,-0.015857317,-0.02128623,false
202465.319022583,0,0.003046751,0.0008048117,0.0020106435,-0.013343185,-0.014258774,-0.011190315,false
202465.339022583,0,0.0029146671,8.5651875e-05,0.0014103651,-0.009110594,-0.008711033,-0.007849282,false
202465.359022582,19999999,-0.00138551,-0.0007573366,0.0035476685,-0.00837252,-0.018077504,0.0005031014,false
202465.379022583,0,0.001437962,-0.0051184893,4.0650368e-05,-0.003470459,-0.016482478,-0.0044179442,false
202465.399022582,19999999,0.004261583,-0.0094797015,-0.0034664273,0.001431602,-0.01488745,-0.00933899,false
202465.419022583,0,0.0011920929,-0.00752306,-0.0009455085,0.005518444,-0.014483419,-0.008518846,false
202465.439022582,19999999,-0.0018774271,-0.005566448,0.0015754104,0.009605286,-0.014079387,-0.007698702,false
202465.459022582,39999999,-0.0006853342,-0.0025398731,-0.0005494356,0.0046227607,-0.0108612925,-0.009574894,false
202465.479022583,0,-0.0029986203,0.00024399161,0.00038862228,0.0016783217,-0.0062674126,-0.011538617,false
202465.499022583,0,-0.0016808808,-0.002305597,0.00059986115,-0.00071557076,-0.008739615,-0.010088242,false
202465.519022582,19999999,-0.0034983456,-0.002270013,0.0013168454,-0.0028760608,-0.009972392,-0.010930407,false
202465.539022583,0,-0.0031052232,-0.0036326945,0.002746284,-0.00096906885,-0.007891478,-0.011929496,false
202465.559022583,0,-0.0026057065,-0.0035761893,0.001595676,0.00015272119,-0.0075512407,-0.016254954,false
202465.579022583,0,-0.0027503967,-0.0018333197,0.0016973615,-0.00047429051,-0.00824386,-0.022711229,false
202465.599022583,0,-0.004771501,-0.0001835525,0.0018857121,-0.009912835,-0.01521736,-0.020141525,false
202465.619022583,0,-0.0030274093,-0.0005237758,0.0012512207,-0.01748116,-0.015186508,-0.022524482,false
202465.639022582,19999999,-0.0017153919,-0.0031280518,0.00029069185,-0.017891439,-0.00785724,-0.026456852,false
202465.659022582,0,-0.0068866313,-0.0013613105,0.0039463043,-0.011737942,-0.016047843,-0.027010106,false
202465.679022581,19999999,-0.0029695928,0.00016587973,0.0006489754,-0.010548955,-0.014484297,-0.028431488,false
202465.699022582,0,0.00075683,-0.0015668273,-0.0017413497,-0.012621136,-0.01789637,-0.022382153,false
202465.719022582,0,0.0011111796,-0.00046291947,-0.0015052557,-0.011088322,-0.0124867475,-0.03151369,false
202465.739022581,19999999,0.0014657974,0.00064098835,-0.0012692213,-0.009555507,-0.0070771263,-0.04064523,false
202465.759022581,39999999,0.0009638965,0.0045351684,-0.00037956238,-0.013516049,-0.014909724,-0.035022445,false
202465.779022582,0,0.0023216605,0.0048547983,5.376339e-05,-0.009006813,-0.0194791,-0.03177264,false
202465.799022582,0,0.00040328503,0.006820053,0.0019611716,-0.0053354455,-0.01900146,-0.015002398,false
202465.819022581,19999999,0.0008918345,0.005147457,0.0031386614,0.003997001,-0.017078804,0.0008596461,false
202465.839022582,0,-0.0027293265,0.007252395,0.0049545765,0.012371624,-0.02010356,0.0084966365,false
202465.859022582,0,-0.00047260523,0.0024837255,0.0031263828,0.01690564,-0.030034915,0.014285903,false
202465.879022581,19999999,-0.0011023581,-0.0028479695,0.0051755905,0.025338862,-0.027119013,6.556604e-05,false
202465.899022582,0,-0.0023835003,-0.00641945,0.007232189,0.028122848,-0.04644136,-0.008210616,false
202465.919022582,0,-0.003908217,-0.00780645,0.008589923,0.029897511,-0.051310197,-0.040999897,false
202465.939022582,0,-0.011172235,-0.0038505495,0.01165998,0.043931827,-0.10220605,-0.028720444,false
202465.959022582,0,0.0017758608,-0.015343875,-0.00056123734,0.05718682,-0.124993496,-0.037450027,false
202465.979022581,19999999,0.01607424,-0.014950186,-0.0078011155,0.09420073,-0.14005366,-0.07835011,false
202465.999022582,0,0.02510029,-0.009039164,-0.017123103,0.04171917,-0.0965341,-0.09903239,false
202466.019022582,0,0.0003273487,0.01181823,0.00334543,0.013385531,-0.056884743,-0.1250442,false
202466.039022582,0,-0.014893055,0.015987158,0.020060182,0.03591624,-0.14338085,-0.054940343,false
202466.059022581,19999999,-0.0053453445,0.017838866,0.011507571,0.03853971,-0.10922385,-0.032390036,false
202466.079022582,0,-0.022966832,0.023015112,0.016066432,0.033061124,-0.13307828,0.036680527,false
202466.099022582,0,0.0007727444,0.015056819,-0.014118254,0.010481205,-0.13364291,0.04596256,false
202466.119022582,0,0.0002579391,0.007993728,-0.011775255,-0.016355326,-0.0637774,0.018242786,false
202466.139022582,0,-0.0018060803,-0.007917345,-0.0072793365,-0.022580732,-0.03850478,0.028029416,false
202466.159022582,0,-0.0022408664,-0.007959604,-0.008256733,-0.025956953,-0.0232156,0.003503302,false
202466.179022582,0,0.0010986626,-0.009090334,-0.007764876,-0.026107216,-0.0152475545,0.0024047825,false
202466.199022582,0,0.004937917,-0.011722565,-0.010954142,-0.03052577,-0.0009497022,-0.01335492,false
202466.219022581,19999999,-0.0005940199,-0.011353105,0.0010190606,-0.011430621,-0.021409579,-0.032709077,false
202466.239022582,0,0.003017813,-0.011961311,0.00042915344,-0.0038634418,-0.017919982,-0.050374832,false
202466.259022582,0,-0.005639732,-0.004889399,0.00800997,0.009570054,-0.0054036565,-0.0686268,false
202466.279022582,0,-0.008945495,-0.00218606,0.0064671636,0.012581532,-0.039163798,-0.056674823,false
202466.299022582,0,-0.0038236678,-0.0024187863,0.004520595,0.018127158,-0.049356222,-0.069817506,false
202466.319022582,0,-0.0032860339,-0.002574265,0.004566133,0.034589782,-0.039816,-0.07424826,false
202466.339022581,19999999,-0.002748549,-0.002729237,0.0046112537,0.051052406,-0.030275779,-0.07867901,false
202466.359022581,39999999,-0.009054542,0.0022582114,0.008945465,0.07436108,-0.05951103,-0.0529257,false
202466.379011833,0,-0.0032208026,0.0025312293,-0.0006208423,0.095272854,-0.06376784,-0.035349634,false
202466.399011833,0,0.001222372,0.0061962903,-0.0071733594,0.084851235,-0.049275585,-0.038378395,false
202466.419011833,0,0.002482146,0.005385399,-0.00690943,0.07392755,-0.0335131,-0.03906833,false
202466.439011832,19999999,0.0037061572,0.0058963,-0.008511245,0.06627495,-0.013107162,-0.038959444,false
202466.459011833,0,0.0042126477,0.006921977,-0.007212281,0.061339013,0.010739734,-0.042628888,false
202466.479011832,19999999,0.0026662946,0.0050346553,-0.0038601756,0.054181848,0.027024778,-0.04538645,false
202466.499011833,0,0.001643002,0.006450355,-0.0023779273,0.04343884,0.03740336,-0.043644026,false
202466.519011833,0,0.0011254847,0.0067662,0.00089275837,0.029295914,0.04618876,-0.046521112,false
202466.539011832,19999999,-0.0026577115,0.006956458,0.0073857903,0.016852342,0.03414632,-0.04069116,false
202466.559011833,0,-0.0013819635,0.006398052,0.007011473,0.005328333,0.02105287,-0.032521687,false
202466.579011832,19999999,0.0031692386,-0.0009057224,0.0052210093,0.00499966,0.019153971,-0.04415085,false
202466.599011833,0,0.0016114712,-0.00043922663,0.0043044686,0.007406508,0.010665126,-0.044119608,false
202466.619011832,19999999,5.415082e-05,2.670288e-05,0.0033878684,0.009813356,0.0021762801,-0.04408836,false
202466.639011832,39999999,-0.00026926398,0.0020410419,0.004042685,0.007639893,-0.0077066366,-0.036115505,false
202466.659011833,0,0.00092858076,0.0044834614,0.0026177168,-0.00023802975,-0.005415313,-0.03077415,false
202466.679011832,19999999,0.0011945367,0.004556328,0.0015832782,-0.008117624,0.00017597387,-0.027640576,false
202466.699011833,0,0.0028983653,0.0032820106,-0.0008504987,-0.010849364,0.005603521,-0.026176192,false
202466.719011833,0,0.0040379763,0.0033628047,-0.002715528,-0.010761421,0.0139716705,-0.028607475,false
202466.739011832,19999999,0.0003835857,0.003211528,-0.0026879907,-0.015230205,0.015378889,-0.028018799,false
202466.759011833,0,-0.0034337938,0.0026623309,-0.0010713935,-0.013700761,0.0116469,-0.023926603,false
202466.779011833,0,-0.0010164678,0.0022236109,-0.0016044974,-0.00809028,0.013102053,-0.024532482,false
202466.799011832,19999999,-0.0018029511,0.0042562187,6.854534e-05,-0.0050901957,0.020029038,-0.021963054,false
202466.819011833,0,-0.003138274,0.0046905577,0.0022461414,0.0008444451,0.020006206,-0.019944895,false
202466.839011832,19999999,-0.0018573403,0.002230823,0.0040318966,0.0049668117,0.017894257,-0.024941951,false
202466.859011833,0,-0.00030696392,0.0008123219,0.0018635988,0.0064577484,0.021957565,-0.029035237,false
202466.879011833,0,-0.00045651197,0.0016893446,0.0018796921,0.007526434,0.021166174,-0.03144161,false
202466.899011833,0,0.00026363134,0.0010406971,0.00073575974,0.0039230855,0.021497304,-0.028081317,false
202466.919011832,19999999,0.0009839237,0.00039190054,-0.00040829182,0.000319737,0.021828433,-0.02472102,false
202466.939011832,39999999,0.0017043352,-0.00025716424,-0.0015525818,-0.0032836115,0.022159563,-0.021360725,false
202466.959011833,0,0.001251787,-0.0002847016,-0.0005739331,-0.0081137875,0.022562444,-0.0212263,false
202466.979011833,0,0.0026262105,-0.0016561747,-0.0014557242,-0.010258614,0.028638009,-0.030332617,false
202466.999011833,0,-0.0017461777,-0.00059199333,0.0021800995,-0.017822817,0.024187297,-0.037312932,false
202467.019011832,19999999,-0.002046585,-0.002774626,0.0036834478,-0.022308234,0.01513039,-0.05393339,false
202467.039011833,0,-0.0036983192,-0.0019106567,0.0060358047,-0.018175818,-0.0017587906,-0.0503602,false
202467.059011833,0,0.0013593435,-0.0038866699,0.0010372996,-0.015573105,0.013129399,-0.06132533,false
202467.079011833,0,0.00038599968,0.0018986762,0.0010502338,-0.018237315,0.010234852,-0.05444308,false
202467.099011832,19999999,-0.005672395,0.0048681498,0.0063788295,-0.015851114,0.0044083325,-0.03756933,false
202467.119011833,0,-0.002611816,0.0038113892,0.00076943636,-0.027633818,0.004546618,-0.03108362,false
202467.139011833,0,0.003175348,-0.002491504,-0.003031373,-0.027703159,0.014356736,-0.02234735,false
202467.159011832,19999999,0.00439623,-0.005535364,-0.0063933134,-0.030648645,0.048251685,-0.053610027,false
202467.179011833,0,-0.0011346936,0.0005286038,0.0011309981,-0.02602357,0.042227197,-0.04224224,false
202467.199011833,0,0.0021369755,0.0011195838,-0.0017576814,-0.03220526,0.04163684,-0.046706855,false
202467.219011833,0,0.0013177395,0.0033837557,0.002237618,-0.03334743,0.027610617,-0.038172293,false
202467.239011832,19999999,0.0009275675,0.0038451254,0.0033795238,-0.041948754,0.032027088,-0.050336327,false
202467.259011833,0,-0.0010474026,0.0046316683,0.004375696,-0.037479818,0.015836231,-0.045183,false
202467.279011832,19999999,-0.0014186502,0.008419156,0.005512655,-0.034248054,0.010904011,-0.034348693,false
202467.299011833,0,0.0015779138,0.009275854,0.0016547441,-0.031352095,0.011182126,-0.020466879,false
202467.319011832,19999999,-0.0015666485,0.008737057,0.004411161,-0.030852439,0.008736979,-0.009041426,false
202467.339011833,0,0.00018844008,0.006182611,0.0029227138,-0.027157988,0.010314575,0.0027112663,false
202467.359011833,0,0.00260517,0.0027985275,0.0027627945,-0.025572259,0.014524158,0.00515169,false
202467.379011833,0,-0.00031781197,0.00050383806,0.003508985,-0.031737246,0.011826296,0.006117087,false
202467.399011832,19999999,-0.0021831691,-0.0037938058,0.0056210756,-0.028169582,0.0005180128,0.0069804867,false
202467.419011833,0,0.0014103055,-0.009581387,0.0045509934,-0.021810994,0.0041140784,0.00048476597,false
202467.439011833,0,0.0011416078,-0.007365048,0.0019038916,-0.01896666,0.0042897533,-0.015279083,false
202467.459011833,0,-0.00030615926,-0.004233569,0.0015500188,-0.020705314,0.00053168205,-0.020194296,false
202467.479011833,0,0.0012520552,-0.0041858554,-0.0009831786,-0.026042046,0.0100587895,-0.025295075,false
202467.499011832,19999999,0.0028104782,-0.0041382313,-0.0035167336,-0.031378776,0.019585898,-0.030395856,false
202467.519011833,0,0.0022340715,0.0010641217,-0.003892541,-0.035250906,0.018711902,-0.020225812,false
202467.539011832,19999999,0.00036680698,0.0019344985,-4.4226646e-05,-0.04199269,0.02022015,-0.013964283,false
202467.559011832,39999999,-0.00093749166,0.0029382408,0.002515912,-0.038297053,0.017763652,-0.011728372,false
202467.579011833,0,-0.0018065572,0.002436772,0.0042842627,-0.035292916,0.009498102,-0.011281172,false
202467.599011833,0,-0.0038990676,0.005337119,0.0049091578,-0.034532942,0.0029110769,-0.009083001,false
202467.619011832,19999999,-0.0015705824,0.0028044581,0.0014638901,-0.034650616,0.0028747122,-0.010433188,false
202467.639011833,0,-0.00041770935,0.0013566464,0.000929296,-0.035367094,0.003094635,-0.01481271,false
202467.659011832,19999999,0.00053727627,0.001705274,-0.0011163354,-0.033106685,0.008342573,-0.012227153,false
202467.679011833,0,0.000282228,0.0025030524,-0.0013927817,-0.022689087,0.007747975,-0.004970907,false
202467.699011832,19999999,0.0010781586,0.0039770603,5.632639e-05,-0.020105502,0.011828659,0.00086040795,false
202467.719011833,0,0.0005621612,0.0026389807,0.0014515519,-0.019157177,0.014040017,0.0035971403,false
202467.739011832,19999999,0.002554983,0.0010090321,-0.00020205975,-0.016909719,0.01199887,0.00485772,false
202467.759011833,0,0.00067585707,0.0008304566,0.0013918877,-0.018184679,0.007917222,0.0011400108,false
202467.779011832,19999999,-0.001150012,-0.00087291,0.0017449856,-0.01825933,0.006625194,-0.0018932857,false
202467.799011833,0,-0.0008992851,0.0004669726,0.00087094307,-0.0101063615,0.0035261132,-0.0033848346,false
202467.819011833,0,-0.001242578,0.0008173436,0.0006607175,-0.006305323,0.004646634,-0.0045143147,false
202467.839011832,19999999,-0.0015858114,0.0011676848,0.0004504919,-0.0025042845,0.0057671554,-0.0056437952,false
202467.859011832,39999999,-0.0009287894,0.0015446097,0.0010051727,-0.00059351535,0.004721746,-0.004732138,false
202467.879011833,0,-0.0005541742,0.00051024556,0.0022695065,-0.0015007913,0.0017025524,-0.0014855184,false
202467.899011833,0,0.0011226535,-0.00082713366,0.00031811,-0.005178928,0.002048055,-0.005337801,false
202467.919011832,19999999,-0.00081813335,0.0017790198,0.0013727546,-0.011016979,0.0026784781,-0.0040040687,false
202467.939011833,0,-0.0017839372,0.0011415482,0.0008749962,-0.012743241,-0.004446978,-0.002376703,false
202467.959011832,19999999,-0.002749741,0.0005040318,0.0003772378,-0.014469504,-0.0115724355,-0.0007493376,false
202467.979011832,39999999,0.0042289197,-0.0042625964,-0.004768491,-0.01496517,-9.3482435e-05,0.0074641714,false
202467.999011832,0,0.005697936,-0.004795447,-0.0034229755,-0.00531088,0.018342117,-0.007949664,false
202468.019011832,0,-0.0012940764,0.0019902438,0.0018684864,-0.002852358,0.015984897,-0.006976337,false
202468.039011831,19999999,-0.0005610883,0.0033501685,0.0029412508,-0.008303287,0.0073208604,-0.006188289,false
202468.059011832,0,0.0016514659,0.0024136156,0.0030192733,-0.013698004,0.0033347826,-0.014159078,false
202468.079011831,19999999,0.0003732741,0.001656428,0.002791822,-0.014583744,0.008045673,-0.026028156,false
202468.099011832,0,0.0006608963,0.0053170025,0.0020870566,-0.011050889,0.003237917,-0.023352433,false
202468.119011832,0,0.00033164024,0.0055540353,0.0010253191,-0.00825787,0.0005674728,-0.0138688935,false
202468.139011831,19999999,2.4437904e-06,0.005791053,-3.6358833e-05,-0.00546485,-0.0021029715,-0.004385354,false
202468.159011831,39999999,-0.0010149181,0.0073283315,-0.00159657,0.00020922767,0.007341714,0.0068208585,false
202468.179011832,0,-0.0026157796,0.004561439,0.0002978444,0.00028955226,0.0012931135,0.019458642,false
202468.199011832,0,0.00044614077,0.0017189533,0.0012942553,-0.0037945518,0.0038698341,0.023349278,false
202468.219011831,19999999,-0.0016705692,0.0014866143,0.002774179,-0.003616158,0.0004574156,0.020970175,false
202468.239011832,0,-0.0036705136,-0.0028283298,0.0041624308,0.0010517561,-0.013729323,0.017306183,false
202468.259011832,0,0.004711002,-0.007092893,-0.0028070211,0.00030512764,-0.0023632022,0.01224201,false
202468.279011832,0,0.0005275011,-0.004121959,0.00024235249,0.0063688895,-0.0012749619,0.0041732285,false
202468.299011832,0,8.2463026e-05,-0.0006442815,3.7908554e-05,0.00025801128,-0.0024099005,0.0006493989,false
202468.319011832,0,-0.0012514293,0.0021784753,0.0014811158,-0.010477731,-0.0030449992,0.0045602676,false
202468.339011832,0,0.00032550097,-0.0004785657,0.00092947483,-0.015886975,-0.0006270744,0.000854129,false
202468.359011832,0,-0.0005123317,-0.0011366606,0.0013020039,-0.01713476,0.002391664,-0.002299999,false
202468.379011832,0,-6.0796738e-05,0.00067970157,0.0019683838,-0.016820125,0.0038396711,-0.00253401,false
202468.399011831,19999999,0.00039079785,0.0024959743,0.0026347637,-0.016505491,0.005287678,-0.002768021,false
202468.419011832,0,0.00063219666,0.0026653856,0.0015175939,-0.014284661,0.0060269022,-0.0037231147,false
202468.439011832,0,0.0008469224,0.0026252568,0.00017344952,-0.012297295,0.009423079,-0.007463775,false
202468.459011831,19999999,0.0015511513,0.0043479055,-0.00058603287,-0.017656539,0.006456066,-0.0035723264,false
202468.479011832,0,0.00064975023,0.0022313297,0.00055873394,-0.0072722724,0.0011695642,3.2426557e-05,false
202468.499011832,0,0.00036987662,0.0020823032,0.0019107461,-0.00066894526,0.00010758324,2.9827788e-06,false
202468.519011831,19999999,0.0020509958,0.0021706074,-0.002186954,-0.00013068557,0.0053626155,-0.00027825247,false
202468.539011832,0,0.00012251735,0.0028667003,-0.000310719,-0.0007822972,0.0006687194,0.005007138,false
202468.559011831,19999999,-0.00029176474,-0.00037436187,0.0006107092,0.0014668403,0.0008870278,0.004445953,false
202468.579011832,0,0.0008379519,-0.00030963123,0.00018447638,0.002019259,0.00077513035,0.001852056,false
202468.599011832,0,8.821487e-06,0.0027442873,-0.00013327599,-0.0011834798,0.0032216893,0.002387244,false
202468.619011832,0,-0.0013765097,-0.00010278821,0.0017907023,-0.0024127802,-0.00044488418,0.0011151396,false
202468.639011832,0,-0.0023213327,5.108118e-05,0.0017353296,-0.0024727862,-0.00062386075,0.0010530443,false
202468.659011832,0,-0.0007017553,-0.0011993647,0.0013739467,-0.0077810497,0.0011400755,0.00014744885,false
202468.679011832,0,0.0011352301,-0.0018362105,0.001665473,-0.0031311056,0.0024299975,-0.0019307844,false
202468.699011832,0,-0.0005041957,-0.0005747676,0.0020378232,-0.004212091,0.001440568,-0.008992227,false
202468.719011831,19999999,-0.0025526583,0.000119537115,0.0030870438,-0.004827816,-0.00847353,-0.012870818,false
202468.739011832,0,-0.0057312846,0.0011770576,0.0053551197,-0.010119229,-0.015535917,-0.007775984,false
202468.758854500,0,0.0038084767,0.00019009432,-0.0036215906,-0.013639969,0.00020585721,-0.017492991,false
202468.778854499,19999999,0.00038808584,0.0027947575,-4.4226646e-05,-0.015117755,0.00068620045,-0.007868137,false
202468.798854500,0,-0.000107795,0.0018486083,-0.0004453063,-0.01818563,-0.00051448937,0.0015963418,false
202468.818854500,0,0.0033965409,-0.0017182976,-0.0038266182,-0.019612953,0.004037449,0.009602708,false
202468.838854499,19999999,0.0048841536,-0.0045167804,-0.0029802322,-0.011865252,0.016870305,-0.0028239097,false
202468.858854500,0,0.00018051267,-0.001468882,0.0003271699,-0.005827949,0.018702043,-0.011952101,false
202468.878854500,0,-0.00017738342,-0.00025205314,0.0026173592,-0.0036921573,0.010870394,-0.016107319,false
202468.898854499,19999999,0.0007902682,0.001467824,0.0024040937,-0.0061217393,0.0074664797,-0.022302855,false
202468.918854500,0,0.0014654994,0.004502505,0.002222538,-0.008368187,0.005417625,-0.0261772,false
202468.938854499,19999999,0.00019797683,0.006879762,0.0036734343,-0.0056477226,0.0039073303,-0.019392692,false
202468.958854500,0,0.00060912967,0.0099760145,0.0022230744,-0.0034027249,0.003623437,-0.007936361,false
202468.978854500,0,0.00096789,0.009092808,0.0024122,-0.0020880504,0.0010933604,0.004326449,false
202468.998854500,0,0.000554204,0.0065547973,0.0017766356,-0.0009035239,0.0066450546,0.013601514,false
202469.018854500,0,0.0010392368,0.0039671212,0.0012779832,0.0022325446,0.0076301806,0.019203063,false
202469.038854499,19999999,0.0025829375,0.00036524236,0.0017389059,0.0069226935,0.009359725,0.018524768,false
202469.058854500,0,-0.0013830364,0.0014144927,0.00523144,0.006238079,-0.0006064968,0.02055826,false
202469.078854499,19999999,-0.0013343692,-0.0006892681,0.0038779974,0.006296154,-0.01322471,0.023469796,false
202469.098854500,0,0.004308492,-0.0070839673,-0.000543952,0.0112012755,-0.00093922764,0.011768313,false
202469.118854500,0,0.0015479028,-0.0042776167,0.00012212992,0.012565524,0.0042198645,0.0039876658,false
202469.138854500,0,-0.0019674897,-0.0006505549,0.0014949441,0.00931553,0.004678934,0.0060513727,false
202469.158854500,0,-0.0008234978,8.5800886e-05,0.0010483861,0.0018049837,0.0069014877,0.0059636827,false
202469.178854499,19999999,0.0020571053,0.0048591495,-0.00094389915,-0.011741934,0.020935953,0.009896149,false
202469.198854500,0,0.002061069,0.010666937,-0.0006685257,-0.04549539,0.047778726,0.01726059,false
202469.218854500,0,-0.0021239817,0.005320385,0.005057752,-0.06876467,0.059247617,0.03336372,false
202469.238854499,19999999,0.005022794,-0.0041280836,-0.00084620714,-0.08097457,0.069886975,0.021155998,false
202469.258854500,0,-0.0014042556,-0.002655372,0.0018767715,-0.09880961,0.08119297,0.019031893,false
202469.278854499,19999999,-0.0054157376,-0.011083558,0.006112516,-0.09813897,0.06273003,0.02611144,false
202469.298854500,0,0.0027249157,0.0030678064,-0.0058330297,-0.09125095,0.073867224,0.020677915,false
202469.318854499,19999999,0.010865122,0.017219469,-0.01778084,-0.084362924,0.08500442,0.01524439,false
202469.338854499,39999999,-0.0038718581,0.01225628,-0.00070238113,-0.08418338,0.05895357,0.046116665,false
202469.358854500,0,-0.0029987097,0.0031206608,0.003630042,-0.06966283,0.030365583,0.074526355,false
202469.378854499,19999999,-0.00067421794,-0.0014158189,0.0033743382,-0.051615342,0.021006789,0.07208962,false
202469.398854500,0,-0.0006002188,-0.003878951,0.0039684772,-0.04376778,0.01953451,0.060381282,false
202469.418854500,0,-0.0020409822,-0.0035710186,0.004743457,-0.035513636,0.0036352146,0.053715024,false
202469.438854499,19999999,-0.00044578314,-0.0054560304,0.0026252866,-0.03370862,-0.003287977,0.03836018,false
202469.458854500,0,-0.0011372864,-0.004066676,0.0030856133,-0.028052282,-0.010362646,0.023872498,false
202469.478854500,0,-0.0015480816,-0.0012888461,0.001068294,-0.02683481,-0.014626384,0.014490369,false
202469.498854500,0,-1.4305115e-06,0.002750039,-0.00047194958,-0.034273297,-0.014596464,0.016869336,false
202469.518854500,0,0.0005811155,0.002218023,-0.0014141202,-0.03546273,-0.009950231,0.01620353,false
202469.538854500,0,-0.0006174743,-0.0010327399,0.00066924095,-0.025811775,-0.007949485,0.01579732,false
202469.558854500,0,-0.0019303262,0.0019213408,-0.0001116395,-0.030160587,-0.0017673844,0.0149554,false
202469.578854499,19999999,-0.0022511482,0.0012472719,0.0022585392,-0.024906863,-0.015849127,0.023335908,false
202469.598854500,0,-0.0032306612,0.0024943948,0.0015631318,-0.022595545,-0.015745724,0.021633903,false
202469.618854499,19999999,-0.0042102635,0.0037412941,0.0008675456,-0.020284228,-0.015642319,0.019931896,false
202469.638854499,39999999,-0.0031616688,0.0028458089,0.0008865595,-0.014368782,-0.016386025,0.02614383,false
202469.658854500,0,-0.0017295778,0.0026144087,-0.0011289716,-0.010461727,-0.023557121,0.028249703,false
202469.678854499,19999999,0.0015198588,-0.00019420683,-0.003968179,-0.00805372,-0.018399326,0.031422727,false
202469.698854500,0,0.003944248,-0.005314216,-0.0046506524,0.001405593,0.0063451715,0.0116858445,false
202469.718854500,0,0.00091052055,-0.0026975125,1.0967255e-05,0.006143879,0.011499085,0.0047067255,false
202469.738854500,0,0.00069364905,0.0012057573,0.0021725297,0.004223569,0.005382858,0.00018332759,false
202469.758854499,0,0.0009662211,0.003913611,0.003402114,-0.004898599,0.0003727167,-0.004416547,false
202469.778854499,0,0.0037095845,0.0021460205,0.0025947094,-0.012688591,-0.0036809505,-0.015648793,false
202469.798854499,0,0.0017549694,0.0034302026,0.0035639405,-0.014873361,-0.0072252657,-0.019489296,false
202469.818854498,19999999,-0.0019365549,0.0067785233,0.0033048391,-0.013099556,-0.011244664,-0.009425987,false
202469.838854499,0,-0.0025041103,0.0077151507,0.0024248958,-0.012426164,-0.008884471,0.0012484742,false
202469.858854498,19999999,-0.0013758838,0.0066468865,-0.00036466122,-0.012142865,-0.0042625233,0.012139962,false
202469.878854499,0,-0.00092080235,0.0033696145,0.0006747842,-0.00978013,-0.0015169813,0.029122978,false
202469.898854498,19999999,-0.0021675825,0.00030058622,0.0013762116,-0.014269261,0.009905844,0.021512847,false
202469.918854499,0,-0.0022971332,-0.0021200627,0.0021895766,-0.015456721,-0.0069920095,0.028188737,false
202469.938854498,19999999,-0.0024267435,-0.0045408458,0.003002882,-0.016644182,-0.023889862,0.034864627,false
202469.958854498,39999999,0.0026146472,-0.010964766,-0.00039082766,-0.016009081,-0.00027830154,0.005539583,false
202469.978854499,0,-0.00071030855,-0.0074523836,0.0012583733,-0.0102641815,0.005588374,-0.0068948567,false
202469.998854499,0,-0.0008222163,-0.004151404,0.0003964305,-0.008014318,-0.00060530426,-0.012353823,false
202470.018854499,0,-0.0015139878,-0.00087951124,-8.98242e-05,-0.019207416,-0.00060405425,-0.016021,false
202470.038854498,19999999,-0.001020968,0.00041556358,0.00033646822,-0.030314572,0.0019281951,-0.018466076,false
202470.058854499,0,-0.00078871846,0.0012969673,0.0009434223,-0.032785185,0.002385113,-0.017113741,false
202470.078854498,19999999,-3.939867e-05,0.0028700233,-0.00029873848,-0.029443834,0.007263163,-0.014349671,false
202470.098854499,0,0.0004274845,0.0048000515,0.0007659197,-0.028484752,0.007722784,-0.0065822233,false
202470.118854499,0,-0.0017514229,0.005632594,0.002199769,-0.02712258,0.010593078,-0.00522603,false
202470.138854498,19999999,-0.00075027347,0.0042927563,0.0029526353,-0.023197453,0.012336318,-0.006322815,false
202470.158854499,0,-0.0008547008,0.0024725795,0.002680719,-0.021076158,0.010430089,-0.008373253,false
202470.178854498,19999999,-7.471442e-05,0.0016839355,0.0017327666,-0.019644925,0.0064666728,-0.011685473,false
202470.198854499,0,7.724762e-05,0.0015728623,0.0012181401,-0.017260352,0.0074332585,-0.01138163,false
202470.218854498,19999999,0.00022947788,0.0014616549,0.0007033348,-0.01487578,0.008399844,-0.011077787,false
202470.238854498,39999999,0.00038176775,0.0013504177,0.00018835068,-0.012491208,0.009366429,-0.010773944,false
202470.258854498,59999999,0.0010139048,0.0005861968,-0.000338614,-0.01033395,0.010192039,-0.0094543975,false
202470.278854499,0,0.0006697476,0.0016363859,0.00042170286,-0.0135281,0.0062472527,-0.004278282,false
202470.298854498,19999999,0.00033909082,0.0014432222,0.0011273026,-0.017089415,0.0061413962,-0.0034065507,false
202470.318854499,0,0.00077214837,0.0001271218,0.00039583445,-0.017506074,0.0070494795,-0.004210455,false
202470.338854499,0,-0.00012993813,0.00013391674,0.0021617413,-0.016713923,0.0058719916,-0.0031431308,false
202470.358854498,19999999,-0.0007702112,-0.0013886243,0.0020708442,-0.01521574,0.007374876,-0.007038137,false
202470.378854499,0,-0.00066667795,-0.0010244101,0.0020593405,-0.017566781,0.0046262164,-0.009031205,false
202470.398854498,19999999,-0.0005631447,-0.00066024065,0.0020477176,-0.019917825,0.0018775561,-0.011024274,false
202470.418854499,0,-0.0013388693,-0.0008751899,0.0013933182,-0.022735067,-0.0013860282,-0.012786928,false
202470.438854498,19999999,-0.00020197034,0.0003490895,0.00083708763,-0.02849942,0.004160545,-0.018662658,false
202470.458854499,0,-0.00074887276,0.0014539808,0.002204597,-0.030871795,0.0057480196,-0.022341896,false
202470.478854499,0,-0.0026949644,0.00345546,0.0021278262,-0.033336136,-0.0002000751,-0.014237806,false
202470.498854499,0,-0.0019595027,0.002915293,-0.0015749931,-0.040271573,0.0041917386,-0.012700221,false
202470.518854499,0,0.00020492077,-0.00044582784,-0.0015083551,-0.03515286,0.017710142,-0.021657575,false
202470.538854498,19999999,0.0023696423,-0.0038070828,-0.0014423132,-0.030034145,0.031228544,-0.030614931,false
202470.558854498,39999999,-0.0012229383,-0.00015117228,0.00059074163,-0.027244281,0.024910923,-0.030471206,false
202470.578854499,0,-0.001439929,0.002170533,0.0015310645,-0.033753537,0.01652424,-0.033460055,false
202470.598854499,0,0.0004876256,0.0037372708,0.002523601,-0.038103726,0.007654584,-0.03990074,false
202470.618854499,0,0.0013624728,0.0050448477,0.0015639067,-0.038417935,0.003528722,-0.03850099,false
202470.638854498,19999999,0.0008392632,0.0060991496,0.0018432736,-0.037098166,0.0035890206,-0.03457399,false
202470.658854499,0,-0.0011928976,0.008150056,0.0014961958,-0.0314824,0.0067059738,-0.028535966,false
202470.678854499,0,-0.0016087294,0.007886156,0.0008612871,-0.025511313,0.0042378926,-0.011196887,false
202470.698854499,0,0.0010710061,0.0044402033,-0.0010393858,-0.022264129,0.008063359,-0.0036380948,false
202470.718854499,0,0.0026941895,-0.000238657,-0.0009161234,-0.01868307,0.021398373,-0.0063248686,false
202470.738854498,19999999,-0.005541116,0.0044571757,0.0060445666,-0.016451769,0.0062061464,0.0029292796,false
202470.758854499,0,-0.0020921528,0.0022962987,0.001675725,-0.016086534,-0.00092169084,0.0044176243,false
202470.778854498,19999999,0.006593436,-0.0058582425,-0.003381133,-0.014602435,0.0054144347,-0.0004706867,false
202470.798854499,0,0.0011947751,-0.0046876073,-0.000104784966,-0.008714955,0.014634345,-0.018000416,false
202470.818854499,0,-0.00064101815,-0.0015419871,0.0024287105,-0.005285533,0.008226277,-0.0179199,false
202470.838854499,0,-0.0008711219,0.0014289916,0.0025587082,-0.013511127,0.0025395486,-0.021503838,false
202470.858854498,19999999,0.0008190274,0.0031382143,0.00085633993,-0.025607346,-0.0035210662,-0.022043852,false
202470.878854499,0,0.0012699366,0.0038638115,7.665157e-05,-0.032616977,0.0005613151,-0.02323085,false
202470.898854499,0,0.0011146367,0.003987998,0.0012694597,-0.030714022,0.0027618376,-0.023040632,false
202470.918854499,0,0.0005555451,0.0034738034,0.0005816221,-0.031227553,0.004447812,-0.016432583,false
202470.938854498,19999999,-3.33786e-06,0.0029595047,-0.00010663271,-0.031741083,0.0061337864,-0.009824537,false
202470.958854499,0,0.0005207658,0.002051562,0.00064116716,-0.027780116,0.01179062,-0.010397658,false
202470.978854498,19999999,-0.0024640858,0.0030041635,0.0028360486,-0.028213311,0.008161602,-0.014332278,false
202470.998854499,0,0.00012210011,0.0014419258,0.0014228225,-0.023399824,0.0035817795,-0.016244516,false
202471.018854499,0,0.0008896291,-0.00025048852,0.00019532442,-0.019559503,0.006418516,-0.019975573,false
202471.038854499,0,0.00024196506,0.0013432056,0.0013400912,-0.021450423,0.0057572834,-0.021734271,false
202471.058854499,0,-3.6507845e-05,0.0029044747,-0.00013238192,-0.019345941,0.0035809793,-0.014432807,false
202471.078854498,19999999,0.0017796457,0.0023177862,0.00015759468,-0.016854648,0.004180305,-0.015380614,false
202471.098783208,0,0.000113864604,0.00068906334,0.00068256917,-0.017451996,0.0058335564,-0.008566489,false
202471.118783208,0,0.0010639131,0.0014746934,-0.00026887655,-0.019718902,0.006586627,-0.0061302045,false
202471.138783207,19999999,0.001508981,0.0007676184,0.0003706813,-0.018939037,0.008539437,-0.0068286047,false
202471.158783208,0,0.00057697296,6.133318e-05,0.000528574,-0.018784149,0.008105424,-0.008563529,false
202471.178783207,19999999,6.836653e-05,9.9509954e-05,0.0016516447,-0.015961096,0.004740091,-0.006696733,false
202471.198783208,0,-0.00042653084,0.0009471327,0.0021244287,-0.012599368,0.0016832505,-0.0075597153,false
202471.218783208,0,0.0009023249,0.0004644394,0.0008392334,-0.013449783,0.0017723554,-0.009164719,false
202471.238783207,19999999,-0.00033468008,0.0016100705,0.0013036728,-0.012860027,0.0037443712,-0.012060456,false
202471.258783208,0,-0.0030151308,0.004749924,0.002898395,-0.015759094,0.0012137447,-0.0079602,false
202471.278783208,0,-0.0016304553,0.0034728944,0.0016610622,-0.01743336,-0.0022001418,-0.0022632382,false
202471.298783208,0,-0.0010950565,0.0013786107,-0.0010800958,-0.018279241,-0.0007696842,0.0003113728,false
202471.318783208,0,0.0023146272,-0.0037411004,-0.00317353,-0.016604826,0.010731346,-0.002365105,false
202471.338783207,19999999,0.0005161762,-0.0031118393,-0.0007741451,-0.011054769,0.018477533,-0.014126639,false
202471.358783208,0,0.00042328238,-0.00035847723,0.0007261038,-0.010976371,0.015248168,-0.018248009,false
202471.378783208,0,0.00050118566,0.0016729385,0.002161026,-0.01557606,0.010617215,-0.025226252,false
202471.398783207,19999999,0.0012015998,0.0027932525,0.0025509596,-0.0198296,0.0028997823,-0.027037248,false
202471.418783208,0,0.001321882,0.0037774593,0.0015468597,-0.020005047,0.0010586902,-0.02844476,false
202471.438783207,19999999,-9.775162e-05,0.0055121332,0.0023062825,-0.017795702,-0.00056474924,-0.024162056,false
202471.458783208,0,-0.0018922687,0.0074849725,0.0016615391,-0.01646233,-0.005390709,-0.01204522,false
202471.478783207,19999999,-4.941225e-05,0.00710395,-7.170439e-05,-0.014811777,-0.004774645,-0.00035923626,false
202471.498783208,0,0.0003950596,0.0042640865,-0.00040513277,-0.011071484,-0.0006994917,0.0083074495,false
202471.518783208,0,0.00094488263,0.00085276365,-1.090765e-05,-0.005916675,0.008832911,0.006980783,false
202471.538783208,0,-0.0027556717,0.0010327846,0.0029634833,-0.0044085467,0.0020993939,0.009909408,false
202471.558783208,0,-0.0027386248,0.0017728955,0.0025726557,-0.005724712,-0.0034946091,0.011044107,false
202471.578783208,0,0.0023764074,-0.0036690086,-0.0012248158,-0.0058915443,0.0012163138,0.0026456453,false
202471.598783208,0,0.00027254224,-0.005034715,0.00069630146,-0.002649901,0.0062964046,-0.0077899396,false
202471.618783207,19999999,-0.00061163306,-0.0035940856,0.0018412471,-0.00044787046,0.0066299774,-0.013747729,false
202471.638783208,0,-0.0020819902,0.0007029772,0.001992464,-0.00555454,0.00053477846,-0.013797692,false
202471.658783207,19999999,-0.0011020601,0.0016162694,0.001157701,-0.014530185,-0.0015190362,-0.014886472,false
202471.678783208,0,-0.00040531158,0.0010849684,0.0008854866,-0.021966858,0.0012848596,-0.01528588,false
202471.698783208,0,-0.000641793,0.0021490902,0.0011982322,-0.020898812,0.003681242,-0.012436478,false
202471.718783207,19999999,-0.00087821484,0.003213197,0.0015107393,-0.019830767,0.0060776244,-0.0095870765,false
202471.738783207,39999999,-0.0009784102,0.0036637634,0.001643002,-0.019511009,0.0062907655,-0.00917458,false
202471.758783208,0,-0.0010868907,0.0034504533,0.0012997985,-0.017994313,0.0042149276,-0.007045623,false
202471.778783207,19999999,-5.8084726e-05,0.003002748,0.0013392568,-0.016088137,0.006345964,-0.0077540455,false
202471.798783208,0,0.00055933,0.0031837076,0.0009536743,-0.014352382,0.006055819,-0.00866995,false
202471.818783208,0,5.1230192e-05,0.002365917,0.0007942915,-0.010428849,0.0031941645,-0.01189302,false
202471.838783207,19999999,-0.0004567802,0.0015481114,0.0006348491,-0.0065053157,0.00033250987,-0.01511609,false
202471.858783208,0,-0.0018602908,-0.00013034046,0.0012919307,0.000826783,-0.014085473,-0.01739624,false
202471.878783208,0,-0.00073966384,-5.1915646e-05,0.00051373243,0.019876022,-0.03665089,-0.027647313,false
202471.898783208,0,-2.7179718e-05,0.0007726252,0.00020390749,0.028935129,-0.034699257,-0.02614047,false
202471.918783207,19999999,0.0057138205,0.0019425899,-0.0042316318,0.024029445,-0.016914383,-0.024290925,false
202471.938783208,0,0.002016127,0.0061650127,-0.0010879636,0.010096963,-0.0068161543,-0.014434768,false
202471.958783207,19999999,0.0002951622,0.0038745403,0.0015832186,0.00124049,-0.0026372042,-0.005103127,false
202471.978783208,0,-0.0025617778,0.004168913,0.0026541352,0.00064596575,-0.010070015,0.0019897986,false
202471.998783208,0,-0.001781553,0.0023531914,0.002419591,0.0028604378,-0.009256643,-0.00039631524,false
202472.018783207,19999999,-0.0010011792,0.0005374849,0.0021851063,0.0050749094,-0.008443272,-0.0027824286,false
202472.038783207,39999999,-0.0032557845,0.0016134083,0.0051321983,0.009171847,-0.018368304,-0.004428495,false
202472.058783208,0,-0.0031247735,0.001693964,0.0037494898,0.014947418,-0.03453368,-0.00023712358,false
202472.078783207,19999999,-0.00023397803,-0.0001424402,-0.0015622377,0.0147091895,-0.031401433,-0.0057217646,false
202472.098783208,0,0.0022768974,-0.0031476468,-0.0049423575,0.016778965,-0.030988272,0.0015328149,false
202472.118783208,0,0.0015564263,-0.0064991415,-0.00095683336,0.023803364,-0.016161028,-0.011670284,false
202472.138783207,19999999,0.0012053549,-0.0030064583,-0.0015564561,0.027994897,-0.014132586,-0.016941588,false
202472.158783208,0,0.00092974305,0.0011167079,0.0007725954,0.023277394,-0.0150799025,-0.025130093,false
202472.178783208,0,0.0011512041,0.0048435926,0.00017541647,0.017738933,-0.016017566,-0.030424928,false
202472.198783208,0,0.0016897321,0.0060024858,0.00095671415,0.015513086,-0.01625926,-0.030510997,false
202472.218783207,19999999,0.0005032122,0.005428776,0.003363371,0.020190535,-0.01816925,-0.025938597,false
202472.238783208,0,-0.0014678836,0.0076767504,0.0019856095,0.028900031,-0.019291798,-0.010317586,false
202472.258783207,19999999,-0.0016099215,0.0077848434,0.001165092,0.03476272,-0.022584323,0.0048954384,false
202472.278783208,0,-0.0013884008,0.0043302923,0.000636518,0.04612922,-0.023925599,0.019895047,false
202472.298783207,19999999,0.0016292036,-0.00073839724,0.0001680255,0.062685706,-0.018858438,0.026593328,false
202472.318783208,0,-0.0013319552,-0.0011463612,0.00232929,0.07665956,-0.026127059,0.023186108,false
202472.338783207,19999999,-0.0042925775,-0.001554668,0.0044882298,0.090633415,-0.033395678,0.019778889,false
202472.358783207,39999999,-0.0014395118,-0.0009635687,0.0009584427,0.10173551,-0.046896376,0.025023106,false
202472.378783208,0,0.0010738075,0.0047401786,-0.002828896,0.08924166,-0.030271236,-0.005756179,false
202472.398783207,19999999,0.0035868585,0.010443687,-0.0066199303,0.07674782,-0.013646094,-0.036535464,false
202472.418783208,0,0.00816834,0.041814014,-0.018898606,-0.032409787,0.024631603,-0.052264363,false
202472.438783208,0,-0.0022721887,0.0070418566,0.0026569963,-0.13651651,0.08020878,-0.0016904883,false
202472.458783208,0,-0.010676086,-0.013512135,0.007411301,-0.23283008,0.20768157,0.016849691,false
202472.478783208,0,0.0047166944,-0.0018512309,-0.009979665,-0.17068918,0.20316003,-0.028624905,false
202472.498783207,19999999,0.020111352,0.009810239,-0.027381659,-0.10854829,0.1986385,-0.074099496,false
202472.518783207,39999999,-0.015022635,0.026359469,0.0068692565,-0.06487807,0.07614842,0.0067530796,false
202472.538783208,0,-0.010350078,0.008893445,0.014500976,-0.04871112,0.018866867,0.06177496,false
202472.558783208,0,-0.004142344,-0.007147908,0.014918625,-0.035340622,-0.021269608,0.049441777,false
202472.578783207,19999999,0.0034645498,-0.013553068,0.007881343,-0.024908256,-0.013373262,-0.00078463554,false
202472.598783208,0,-0.00053721666,-0.007938877,0.0067099333,-0.009288009,-0.029324811,-0.035222113,false
202472.618783208,0,0.00047516823,-0.001093328,0.00081944466,-0.0082134,-0.02887284,-0.037341777,false
202472.638783207,19999999,0.00148803,0.005752623,-0.005071521,-0.0071387906,-0.02842087,-0.03946144,false
202472.658783207,39999999,0.0020223856,0.0058077127,-0.0069947243,-0.012729114,-0.012237553,-0.019774467,false
202472.678783208,0,0.004115492,0.010642171,-0.009527385,-0.0043718424,0.0039359536,-0.011755554,false
202472.698783208,0,0.00070884824,0.010401338,-0.003815055,-0.012824989,0.009283965,-0.00085448194,false
202472.718783207,19999999,-0.0020079613,0.0070856065,0.0022509694,-0.01648083,-0.0032939427,0.011851982,false
202472.738783207,0,-0.006155342,-0.0025867075,0.006830752,0.0032202154,-0.022091316,0.0038528517,false
202472.758783207,0,-0.0054109395,-0.009367421,0.007859468,0.053147644,-0.07193605,0.00579638,false
202472.778783206,19999999,0.0043977797,-0.015265048,2.3901463e-05,0.09650163,-0.059025515,0.00014647841,false
202472.798783207,0,-4.6491623e-05,-0.0052835494,0.0021327138,0.100355014,-0.0518438,-0.01536122,false
202472.818783206,19999999,-0.0036735833,-0.005069956,0.009438455,0.1046226,-0.06052901,-0.03973727,false
202472.838783207,0,-0.010260284,0.03667359,0.0008431077,0.014058813,-0.081324674,-0.11676035,false
202472.858783206,19999999,0.0027840137,0.021518081,-0.020398319,-0.106891006,-0.03320812,-0.07542917,false
202472.878783207,0,0.009191573,-0.030143976,-0.0043616295,-0.05698905,0.047453184,-0.052304167,false
202472.898783207,0,0.006926626,-0.013396934,-0.006446123,-0.016125094,0.059077587,-0.030300247,false
202472.918783207,0,-0.008541167,0.002302438,0.010765135,-0.02846142,0.039619237,0.029713942,false
202472.938783206,19999999,-0.024006784,0.018003449,0.02797085,-0.040797748,0.020160887,0.089728124,false
202472.958783206,39999999,0.0019468367,-0.017506018,0.019004762,-0.023012329,-0.0092296675,0.06356409,false
202472.978783207,0,0.002909094,-0.02198565,0.02199161,0.0025550872,-0.032727573,0.013368193,false
202472.998783207,0,-0.0028976202,-0.01832524,0.020196855,0.061007947,-0.07422869,-0.017793765,false
202473.018783207,0,0.0037003458,0.006121978,0.001624763,0.043404855,-0.08054234,-0.04718168,false
202473.038783206,19999999,-0.0032128692,0.043529227,-0.0030504465,-0.057589628,-0.0672224,-0.111527346,false
202473.058783207,0,-0.010812283,-0.008212432,0.016007066,-0.12252308,-0.05376962,-0.038827278,false
202473.078783206,19999999,0.021796763,-0.026428655,-0.015761018,-0.04727742,0.05135665,-0.050288223,false
202473.098783207,0,-0.00058335066,0.009609252,-0.008759856,0.024421804,0.062174372,-0.004781544,false
202473.118783207,0,-0.010512859,0.030746266,-0.004805565,0.0032307878,0.010361236,0.06761185,false
202473.138783207,0,0.0032146275,-0.005437836,-0.0018943548,0.00995562,-0.017372256,0.076978356,false
202473.158783207,0,0.00443393,-0.0017296374,-0.0032730103,0.04335528,-0.023949614,0.036120426,false
202473.178783206,19999999,0.0056550205,0.0019778013,-0.0046545267,0.07675493,-0.030526973,-0.0047375,false
202473.198783207,0,-0.0081317425,0.015498638,0.009329796,-0.019040406,-0.042365797,-0.06161878,false
202473.218783207,0,0.002529502,-0.006283641,0.0009824038,-0.021818385,-0.03205172,-0.0695797,false
202473.238783206,19999999,0.013193876,-0.028066382,-0.0073688626,-0.024596365,-0.021737643,-0.07754061,false
202473.258783206,39999999,0.0045951903,0.00920254,-0.01540184,-0.03126489,0.06672149,-0.037437487,false
202473.278783207,0,-0.0019545853,0.018973276,-0.014069855,0.015957076,0.060819108,0.01011413,false
202473.298783207,0,-0.005872607,0.0147396475,0.002039373,0.019551584,0.0074290596,0.06980291,false
202473.318783206,19999999,-0.0018369555,-0.008174658,0.008229315,0.038790636,-0.009427026,0.06307481,false
202473.338783207,0,-0.0017082691,-0.015066102,0.010190725,0.07836689,-0.02877758,0.056232624,false
202473.358783207,0,2.5391579e-05,0.0054994524,0.006183803,0.057722438,-0.041572183,-0.008403622,false
202473.378783207,0,-0.0064287484,0.010041431,0.010190487,-0.04595877,-0.044265673,-0.024423057,false
202473.398783207,0,-0.007970929,0.0050121844,0.007700205,-0.10533641,-0.03151175,-0.06670959,false
202473.418783206,19999999,0.010332137,-0.01475662,-0.0070253015,-0.05654558,0.017404672,-0.07908005,false
202473.438783207,0,0.005120665,0.007452771,-0.014192224,-0.05340293,0.076595634,-0.025491796,false
202473.458783207,0,0.0041829944,0.016029313,-0.011374354,0.03228326,0.044590086,-0.008476881,false
202473.478764333,0,-0.00256315,0.014684863,0.00097201305,0.011040159,0.018097153,0.044159394,false
202473.498764332,19999999,-0.002535075,-0.009192929,0.009575486,0.0654134,-0.03088783,0.05495245,false
202473.518764333,0,0.00061133504,0.004794419,0.0027785301,0.054082327,-0.037975177,0.009650204,false
202473.538764332,19999999,-0.0004593134,0.02074641,0.0013990402,0.011867743,-0.043254025,-0.08164734,false
202473.558764333,0,-0.0105575025,-0.007980302,0.01643473,-0.067732096,-0.08061826,-0.0561381,false
202473.578764332,19999999,0.0066878796,-0.02536562,-0.0030925274,-0.06319507,-0.00077696145,-0.06977728,false
202473.598764333,0,0.00611037,-0.006120667,-0.012534678,-0.027757943,0.040655505,-0.03976797,false
202473.618764333,0,0.0005790591,0.01592131,-0.015315771,0.0009836033,0.06680192,-0.03019831,false
202473.638764332,19999999,-0.0062160194,0.0022393018,0.0042672157,0.0105643,0.014313001,0.024987258,false
202473.658764333,0,-0.0009312928,-0.017467633,0.008024275,0.061253335,-0.01496435,0.02896702,false
202473.678764333,0,0.0012713671,-0.005456552,0.005773902,0.060405146,-0.028185654,-0.01847985,false
202473.698764332,19999999,-0.0062221885,0.022669986,0.00852567,-0.0059784986,-0.043062944,-0.102403805,false
202473.718764333,0,-0.006131232,0.0040488243,0.00977695,-0.06649546,-0.078991115,-0.12611167,false
202473.738764332,19999999,0.004545063,-0.013325185,-0.0005697608,-0.027914401,-0.024144728,-0.124657854,false
202473.758764333,0,-0.001737386,0.0047753155,-0.0017800927,0.033177912,-0.031311512,-0.08141832,false
202473.778764333,0,0.005251199,0.028683439,-0.01732868,0.03296967,-0.0063757896,-0.026523564,false
202473.798764333,0,0.0034814775,0.022299558,-0.013115466,0.037906803,-0.008106329,-0.0068149436,false
202473.818764332,19999999,0.0017121732,0.015915573,-0.00890255,0.04284394,-0.009836867,0.012893675,false
202473.838764332,39999999,-5.6922436e-05,0.009531513,-0.00469023,0.04778108,-0.011567406,0.032602295,false
202473.858764332,59999999,0.0045829713,0.0075650513,-0.0061636567,0.040697884,-0.011619804,0.037889734,false
202473.878764333,0,0.0021344125,0.0037977993,-0.0024127364,0.0141149,0.01287348,0.05772316,false
202473.898764333,0,-5.2154064e-06,-0.011197403,0.0028761625,0.061775617,0.014511464,0.04788766,false
202473.918764332,19999999,0.0032425523,0.005590245,-0.0037719607,0.04397396,0.023546632,0.040086646,false
202473.938764333,0,0.0032159388,0.0055334717,-0.002721727,0.016418988,0.03656997,0.02613863,false
202473.958764332,19999999,-0.001634866,-0.0026391447,0.006779194,0.015802706,0.015743013,0.01522688,false
202473.978764333,0,0.0011596084,0.0006636232,0.0023914576,0.019050092,0.0053514056,-0.012550361,false
202473.998764333,0,-0.003326863,0.0056619495,0.0064917803,0.010259553,-0.0122355,-0.01785195,false
202474.018764333,0,-0.0025331974,0.0032316,0.0037996173,0.003925022,-0.020781279,-0.014183365,false
202474.038764333,0,-0.0029305816,-0.0021371543,0.005510509,0.0027871516,-0.02340318,-0.006025443,false
202474.058764332,19999999,-0.0005682111,-0.0044721663,0.0018462539,0.0047991374,-0.027870378,-0.0027378784,false
202474.078764333,0,0.0004915297,-0.0034030378,0.0005723834,-0.0014473805,-0.023231294,-0.009969174,false
202474.098764333,0,-0.0012052357,-0.0024520606,0.0019413233,-0.017987482,-0.02876077,-0.019010441,false
202474.118764332,19999999,-0.0029014945,-0.001500994,0.0033099651,-0.03452758,-0.034290247,-0.02805171,false
202474.138764332,39999999,0.0013396442,-0.0018978119,-0.0018286109,-0.03943991,-0.02543236,-0.043517597,false
202474.158764333,0,0.0012215972,0.001975432,-0.002840519,-0.04244253,-0.013741935,-0.04318174,false
202474.178764332,19999999,4.0769577e-05,0.0043941587,-0.0022420883,-0.039568804,-0.009413037,-0.025104364,false
202474.198764333,0,0.0030510128,0.0072428137,-0.0044432282,-0.035170887,0.01021675,-0.0014834385,false
202474.218764332,19999999,0.0016534925,0.008421972,-0.00076782703,-0.020703895,0.0019525476,0.010984115,false
202474.238764333,0,0.0014030039,0.0070546716,0.0025468469,-0.02609908,-0.0072354013,0.027169764,false
202474.258764333,0,0.004204631,-1.2218952e-06,0.0033724308,-0.009207755,-0.024402156,0.014809598,false
202474.278764332,19999999,0.007006407,-0.0070573986,0.0041977763,0.0076835714,-0.04156891,0.0024494333,false
202474.298764332,39999999,0.00985381,-0.00779441,0.0021433234,0.03317608,-0.05287322,-0.024829496,false
202474.318764333,0,0.0063161254,0.002341792,0.004359007,0.053390123,-0.07047365,-0.046198457,false
202474.338764332,19999999,0.0042869747,0.02124925,0.008242607,0.0375555,-0.07479637,-0.060074992,false
202474.358764333,0,-0.006686896,0.047237433,0.019324303,-0.02914244,-0.12896468,-0.03165201,false
202474.378764333,0,0.0036711097,0.0005712211,0.023908973,0.0015924778,-0.065901145,-0.06643365,false
202474.398764333,0,0.0029498339,0.017360017,0.0105909705,0.008499717,-0.06014998,-0.018634077,false
202474.418764333,0,0.0031160116,0.013600767,0.0022364259,0.015131494,-0.068393044,0.029460099,false
202474.438764332,19999999,0.003283292,0.009840742,-0.0061201453,0.021763269,-0.076636106,0.07755427,false
202474.458764333,0,0.00029432774,-0.00021488965,-0.004410088,0.031727858,-0.0803711,0.09668083,false
202474.478764332,19999999,-0.0041211545,-0.012086093,-0.00032240152,0.047321185,-0.07924424,0.1010103,false
202474.498764333,0,-0.0023595989,-0.011976987,-0.0021038651,0.048467897,-0.06702756,0.066445306,false
202474.518764332,19999999,-0.017358422,0.009169191,0.0045785904,-0.03793159,-0.12346175,0.09033778,false
202474.538764333,0,-0.01150912,-0.030700564,0.006107211,-0.015758516,-0.0664152,0.0011459365,false
202474.558764333,0,-0.005865425,-0.02811782,0.0027270913,-0.0124565195,-0.050277717,-0.0038574124,false
202474.578764333,0,-0.0052133203,-0.018202633,-0.00094646215,0.010720016,-0.046232883,-0.0021596358,false
202474.598764332,19999999,-0.0049904287,-0.0085283965,-0.002080202,0.018827902,-0.03813325,-0.0046530883,false
202474.618764333,0,-0.010447949,-0.0004643798,0.0029070377,0.012468999,-0.057281137,0.005255979,false
202474.638764332,19999999,-0.0053172708,-0.0048710257,0.0023292303,0.019787857,-0.075703256,0.01905,false
202474.658764333,0,-0.00022149086,0.0027290285,-0.0038731694,0.010369256,-0.05947866,0.0067611914,false
202474.678764333,0,0.001098007,0.0068629235,-0.0046774745,-0.004597568,-0.047179945,0.0033112632,false
202474.698764332,19999999,-0.0026402771,0.004702106,0.00025725365,-0.020359702,-0.03062458,-0.025608916,false
202474.718764333,0,-0.008655846,0.0048558116,0.006057918,-0.032069124,-0.035753243,-0.016841501,false
202474.738764332,19999999,-0.014671028,0.0050090402,0.011856854,-0.043778546,-0.04088191,-0.008074087,false
202474.758764332,39999999,0.0055842996,-0.009322599,0.0024613142,-0.0359498,0.020591103,7.368345e-05,false
202474.778764333,0,-0.0018402934,0.0028266013,0.0033100247,-0.01652665,-0.015950676,-0.0035569211,false
202474.798764333,0,-0.006610155,0.0054010153,0.007143438,-0.0034923768,-0.033696875,-0.00718235,false
202474.818764332,19999999,-0.0021000206,0.003190145,0.0015698671,0.011508484,-0.04789677,-0.01301248,false
202474.838764333,0,-0.0044001043,0.0027197003,0.00029021502,0.011751096,-0.05996401,-0.021935228,false
202474.858764333,0,-0.0026656985,0.0033200532,-0.0042073727,0.013968311,-0.049886964,-0.01902356,false
202474.878764332,19999999,-0.0020264983,-0.0037955195,-0.0031604767,0.03770764,-0.053604323,-0.0013547298,false
202474.898764333,0,0.0017536879,0.014810905,-0.005337715,0.01888911,-0.0043488555,-0.070728384,false
202474.918764333,0,0.0066834986,-0.012042701,-0.012321413,-0.053454902,0.012070432,-0.0013262108,false
202474.938764332,19999999,-0.016325831,-0.0067515224,-0.0009558201,-0.03783983,-0.026930474,0.013804628,false
202474.958764333,0,-0.008165866,-0.0021780282,-0.0013248324,-0.027686499,0.01225923,0.019460427,false
202474.978764332,19999999,0.002175957,-0.0041678995,-0.0015563965,-0.025003972,0.0016312702,0.04256124,false
202474.998764333,0,0.006688744,-0.011190876,0.002581656,0.003572099,0.0034743673,0.020835023,false
202475.018764333,0,0.0013964474,-0.0071545094,0.003832817,0.006519286,0.00424553,0.0005440563,false
202475.038764332,19999999,-0.003895849,-0.0031181425,0.0050837994,0.009466473,0.0050166924,-0.019746909,false
202475.058764332,39999999,-0.0051213205,0.0027980506,0.00044876337,0.007392668,-0.005868235,-0.030057255,false
202475.078764333,0,-0.009003937,0.011521801,0.0020795465,-0.012378297,-0.024193916,-0.024239836,false
202475.098764333,0,0.0018475056,0.00031384826,0.00016927719,-0.010605102,0.0134411715,-0.053697556,false
202475.118764332,19999999,8.147955e-05,0.002417639,0.0020111203,-0.029098196,-0.019171968,-0.021981955,false
202475.138764332,0,0.00026771426,0.001033172,-6.324053e-05,-0.027991273,0.0015974194,-0.009692856,false
202475.158764332,0,0.00044178963,0.0029296875,-0.0017176867,-0.011716507,-0.0012163208,-0.0018461021,false
202475.178764332,0,-0.002506256,0.0020807534,-0.0013943315,-0.02036852,-0.013677426,0.020465083,false
202475.198764331,19999999,0.007142037,-0.0004081875,0.005869508,0.011080746,-0.0012306999,0.013266448,false
202475.218764332,0,0.011058599,0.0013233721,0.0059449077,0.03322947,0.0020743595,0.019574802,false
202475.238764332,0,-0.009259313,0.0035297424,0.0020657778,0.020269427,0.004000764,0.029274326,false
202475.258764331,19999999,0.0062990785,0.00032566488,-0.003928721,0.022797886,0.005025007,0.011844901,false
202475.278764332,0,-0.013290942,-0.0015628785,0.0021753907,-0.0037546754,0.011927606,-0.0074147433,false
202475.298764332,0,-0.0049933195,0.0007096231,-0.0023029447,0.002344118,0.00567097,-0.008575863,false
202475.318764331,19999999,0.0033043027,0.0029821992,-0.006781459,0.00844291,-0.0005856659,-0.009736983,false
202475.338764331,39999999,0.011601925,0.005254835,-0.011260033,0.014541703,-0.0068423008,-0.010898102,false
202475.358764331,59999999,0.003451556,0.0016188025,-0.0040556192,0.012758777,-0.014246131,-0.0065922844,false
202475.378764332,0,-0.012416244,0.017358154,0.0017383099,-0.0090646725,-0.032637864,-0.015307104,false
202475.398764332,0,0.0063259304,-0.0134559125,-0.008222461,-0.017133567,0.029439587,-0.027745266,false
202475.418764331,19999999,-0.0010628104,0.00046090782,7.665157e-05,-0.01920039,0.0014068037,0.004012823,false
202475.438764332,0,-0.00070786476,-0.0009910166,0.0011722445,-0.0037818784,0.012938771,-0.00018997397,false
202475.458764332,0,-0.0016863942,-0.0008575171,-0.0024446845,-0.016050022,0.014519071,-0.0102501,false
202475.478764331,19999999,-0.01142481,-0.0058264285,0.0012603998,-0.021397794,0.027287845,-0.018910602,false
202475.498764332,0,-0.006446868,-0.0054237098,-0.006462276,0.0041746534,0.008824406,-0.0113866385,false
202475.518764332,0,0.010626674,0.0006312132,0.0045801997,0.028028937,-0.00809022,-0.008988158,false
202475.538764332,0,-0.012173742,0.0039025694,0.00013673306,0.011282688,0.016991442,-0.013071066,false
202475.558764332,0,-0.009397268,0.012834415,0.0062559247,0.007971574,-0.02244684,0.00953933,false
202475.578764332,0,-0.0076880157,-0.012117997,0.0027914047,0.04069282,0.006653454,-0.03978961,false
202475.598764332,0,-0.0019959211,0.0005736202,-1.1980534e-05,0.008413307,0.00047110207,-0.019558558,false
202475.618764332,0,-0.014502615,0.016097546,0.0040074587,-0.0033927346,-0.027756887,0.0015576538,false
202475.638764331,19999999,0.00053551793,-0.0159536,-0.004322648,-0.000628195,0.03663949,-0.033971548,false
202475.658764331,39999999,0.001375258,0.0024068803,-0.00676924,-0.019811912,0.0025896765,0.011248283,false
202475.678764332,0,0.0032940507,-0.0076832026,-0.0060964227,-0.009073058,0.029911954,-0.009732839,false
202475.698764332,0,-0.0018537939,-0.0066189617,-0.00037693977,-0.011341263,0.024584025,-0.019154273,false
202475.718764332,0,-0.003684014,-0.004670918,0.00096970797,0.0022988962,0.025174193,-0.017658874,false
202475.738764332,0,0.008791894,0.005122006,0.010500193,0.02457871,-0.008394301,-0.011258003,false
202475.758764332,0,-0.0009848773,-0.0021640658,-0.0023787618,0.01734067,0.006844986,-0.02383757,false
202475.778764332,0,-0.006501913,0.009151474,0.002545476,0.006904778,0.00517331,-0.028479228,false
202475.798764332,0,-0.0025320053,0.008102432,0.0116071105,0.014251621,-0.024520978,2.7466565e-05,false
202475.818764331,19999999,0.000500381,0.0114171505,0.0010612011,0.0057190144,-0.006434502,-0.04436258,false
202475.838764332,0,0.013646126,0.0056738704,-0.020429075,-0.030296579,0.007141404,0.033659417,false
202475.858717000,0,-0.005659354,0.004792102,0.005886667,0.007249433,-0.011181906,0.021256426,false
202475.878717000,0,-0.004868835,0.0004918426,0.005164683,0.0055498364,0.0025903182,0.027361711,false
202475.898717000,0,-0.0010721982,-0.0005698502,0.0024405122,0.016437193,0.0003724997,0.030530917,false
202475.918717000,0,-0.0024902523,-0.0042136908,0.0024796724,0.023327889,0.004960432,0.01431985,false
202475.938716999,19999999,-0.0039080977,-0.007857576,0.0025185943,0.030218583,0.009548364,-0.0018912144,false
202475.958716999,39999999,-0.00089260936,-0.009770811,0.00562495,0.047482,0.0026920196,-0.008707402,false
202475.978717000,0,-0.003394574,0.007497102,0.0031038523,0.03808675,-0.017201401,-0.015397213,false
202475.998716999,19999999,-0.0008597672,0.002982095,0.0020115972,0.027280405,0.0008151736,-0.03546734,false
202476.018717000,0,0.001453042,0.0064843595,-8.904934e-05,0.017099561,0.005129481,-0.031200703,false
202476.038717000,0,0.00035390258,0.0073918253,0.00078582764,0.011753299,0.003547086,-0.020996142,false
202476.058717000,0,0.005336195,0.0063749105,-0.0019076467,0.00933571,0.016461654,-0.009422535,false
202476.078716999,19999999,0.0037008524,0.0030074865,0.0018545389,0.020555664,0.018493997,0.005580304,false
202476.098717000,0,0.0076721013,0.004830718,-0.0013444424,0.027745605,0.018850256,0.007115659,false
202476.118717000,0,-0.0017397702,0.00017480552,0.0038545728,0.03107505,0.009001391,0.0016451771,false
202476.138717000,0,-0.0069550276,-0.0029218495,0.0058555603,0.03553838,-0.009797908,-0.0064962045,false
202476.158717000,0,-0.0048656464,0.0046475977,0.0044160485,0.024517655,-0.0321723,-0.012398012,false
202476.178716999,19999999,-0.0017175376,-0.0070390254,0.0006970763,0.023150159,-0.017990235,-0.02859836,false
202476.198717000,0,-0.0019518733,-0.0030030012,0.0019684434,0.015085416,-0.015268789,-0.021787094,false
202476.218716999,19999999,-0.0021862388,0.0010331124,0.0032396913,0.007020672,-0.012547342,-0.014975827,false
202476.238716999,39999999,-0.002666533,0.0006303489,0.0015890002,0.0004180814,0.005549958,-0.0085565075,false
202476.258717000,0,0.0029186606,-0.0010907948,0.0006533861,-0.0039209267,0.0006787465,0.003259495,false
202476.278716999,19999999,3.5852194e-05,-0.0052720457,-0.0015890002,0.011538181,0.02072091,-0.0029029576,false
202476.298717000,0,-0.0072455406,0.0028818846,0.0013953447,0.00043221097,0.016471753,-6.148615e-05,false
202476.318717000,0,-0.0069477856,0.006159082,0.004856646,-0.014655847,-0.0039203074,0.010690889,false
202476.338716999,19999999,-0.0072497725,-0.0076743066,0.006317675,-0.016413962,-0.017920278,0.004004785,false
202476.358717000,0,0.0001296401,-0.011011362,0.0028618574,-0.013587344,-0.035187617,-0.007320989,false
202476.378716999,19999999,0.0046516657,-0.013308644,-0.0043527484,5.78193e-05,-0.007351704,-0.029567705,false
202476.398717000,0,7.0124865e-05,-0.0067510903,-0.0029209256,0.007878561,-0.0007911986,-0.040300906,false
202476.418716999,19999999,0.0013432801,0.0012400448,-0.00085777044,0.0090088155,0.0036182809,-0.02860072,false
202476.438717000,0,0.0039702654,0.0023225248,-0.0027435422,0.0073290397,0.010408455,-0.015303522,false
202476.458717000,0,0.0059506893,0.004597038,-0.0014926791,0.011252763,0.005041138,-0.0036436878,false
202476.478716999,19999999,0.0041750073,0.0089636,0.003332615,0.007578886,0.0036905762,0.0061243316,false
202476.498717000,0,0.005411893,0.007121831,0.00070917606,0.0064549204,-0.002228919,0.0075360667,false
202476.518716999,19999999,0.0066488087,0.005280018,-0.001914382,0.005330955,-0.008148414,0.008947802,false
202476.538716999,39999999,0.007885814,0.00343813,-0.0045380592,0.0042069894,-0.014067909,0.010359537,false
202476.558716999,59999999,0.009122908,0.0015962422,-0.0071619153,0.003083024,-0.019987404,0.011771272,false
202476.578717000,0,0.0017316937,0.0026016682,-0.002059579,0.01019797,-0.015429134,0.010672035,false
202476.598716999,19999999,0.0023665726,0.0039743334,-0.004896581,-0.0048274538,-0.011067484,0.010688008,false
202476.618717000,0,0.002993852,-0.0008392632,-0.0040409565,-0.015663307,-0.011223951,0.020136902,false
202476.638717000,0,0.009398639,-0.010530934,-0.0070071816,0.00051310845,0.006462993,0.019448234,false
202476.658717000,0,0.006140083,-0.008494854,0.0003786683,0.022668274,0.011835547,-0.002083825,false
202476.678717000,0,-0.000684917,0.0043676347,-0.00028252602,0.0064024273,0.017868057,-0.005261571,false
202476.698716999,19999999,-0.0051392913,-0.0020428002,0.0061857104,-0.0036951033,-0.0052984003,0.0027667182,false
202476.718717000,0,0.0018303692,-0.005196154,0.005334258,0.006967604,-0.015602701,0.008197168,false
202476.738717000,0,-0.003645718,0.0026240647,0.002434373,0.01094364,-0.023121815,-0.0034089405,false
202476.758716999,19999999,-0.0073767304,0.004346922,0.0046194196,0.0061439816,-0.007567346,-0.018450238,false
202476.778717000,0,-0.0075475574,0.010971263,-0.001660347,-0.0009587598,-0.01085926,-0.0035047783,false
202476.798717000,0,-0.001347065,0.00037558377,0.0028713942,0.011384292,-0.005185309,-0.010879456,false
202476.818717000,0,-0.002112478,0.0015077442,0.0023092628,0.005714709,-0.001623933,-0.005831584,false
202476.838716999,19999999,-0.0028778613,0.0026398748,0.0017471313,4.5126304e-05,0.0019374434,-0.0007837112,false
202476.858716999,39999999,-0.0004066527,0.0030677915,0.0010687709,-0.012215046,0.0094395,-0.0052797524,false
202476.878716999,0,0.0025267303,-0.003536865,-0.0007749796,-0.008230574,0.0018499014,0.0020917626,false
202476.898716999,0,-0.00082689524,-0.0030379891,0.0063313246,0.01764205,0.0032020677,0.0037686017,false
202476.918716998,19999999,0.0013477504,0.010686517,0.003700316,0.0050800843,-0.01462581,0.024663078,false
202476.938716999,0,-0.0042265654,0.006694913,0.0026977658,-0.0028418386,-0.008285908,0.005259929,false
202476.958716999,0,-0.000887692,-0.012717441,0.00038212538,0.0025631892,0.014178624,-0.017804539,false
202476.978716999,0,0.0059496164,0.0003322065,0.000857532,0.0116817225,-0.017060755,-0.0153052155,false
202476.998716998,19999999,0.010732323,-0.0037785023,0.0064709187,0.024861671,-0.020443233,-0.010481066,false
202477.018716999,0,0.001573205,0.0023248792,0.0044676065,0.014570222,-0.022486826,-0.022288607,false
202477.038716999,0,0.0028234124,-0.003435433,0.0043793917,-0.0035926374,-0.008482089,-0.01794165,false
202477.058716999,0,0.0024814308,0.0032899827,-0.0032871366,-0.024511583,-0.0057933736,0.001151925,false
202477.078716999,0,-0.00026383996,-0.003537789,-0.0038388968,-0.015394396,-0.013255186,0.04732603,false
202477.098716998,19999999,-0.00017389655,-0.0010951906,0.003552854,0.0031502815,8.398015e-05,0.026508832,false
202477.118716999,0,-0.0049471557,0.0015538931,0.009826779,-0.0041052257,0.0014547812,0.008391721,false
202477.138716998,19999999,-0.009720236,0.0042028874,0.016100347,-0.011360735,0.0028255824,-0.009725388,false
202477.158716998,39999999,-0.0046129227,0.0018224269,0.011430144,-0.020081572,-0.018951375,0.02175859,false
202477.178716999,0,-0.013349682,0.01419872,0.019025743,-0.00586762,-0.041390654,-0.0043931846,false
202477.198716998,19999999,-0.011906922,0.011967942,0.01584053,-0.003986142,-0.020696063,-0.021908442,false
202477.218716999,0,-0.0046981573,0.017820373,0.0052036643,-0.009055579,-0.027094243,-0.027360123,false
202477.238716999,0,-0.0015126467,0.0041399,0.00052291155,-0.011453468,-0.006899802,-0.015248225,false
202477.258716998,19999999,-0.0018287301,0.010516554,-0.0040436387,-0.027296692,-0.0054247254,0.007207115,false
202477.278716999,0,-0.004507005,0.0026883185,-0.00021505356,-0.020015988,-0.008965552,0.033774033,false
202477.298716998,19999999,-0.0010924339,-0.005655855,0.0043430924,-0.0060175955,0.0040355185,0.025102366,false
202477.318716999,0,-0.003220439,0.0063530803,0.0069693923,-0.0140294675,0.0052034203,0.025092816,false
202477.338716998,19999999,-0.0070204437,-0.003756091,0.009396553,-0.0010173973,-0.015598353,0.029503874,false
202477.358716999,0,-0.00029021502,-0.006340623,0.005538821,0.012915476,-0.0052237017,0.00046180747,false
202477.378716999,0,0.010571599,-0.005719349,0.0037771463,0.032188617,-0.008779803,-0.020056577,false
202477.398716999,0,0.006997466,-0.0018956363,0.0035279393,0.021350186,-0.005748965,-0.017583232,false
202477.418716998,19999999,0.0034233034,0.001928106,0.0032787323,0.010511756,-0.0027181264,-0.015109886,false
202477.438716998,39999999,-0.00015056133,0.005751714,0.0030294657,-0.0003266735,0.0003127118,-0.01263654,false
202477.458716998,59999999,-0.0023879707,0.004925281,0.0028473735,-0.007041833,0.0057047512,0.011616694,false
202477.478716999,0,0.007098675,-0.008653268,-0.002495408,0.025097309,0.0068996605,0.016191175,false
202477.498716999,0,0.011626691,-0.00025610626,-0.0039767623,0.027359413,0.011191169,0.018412245,false
202477.518716998,19999999,0.01099968,-0.0011653751,-8.648634e-05,0.025695011,0.0072500305,0.022092696,false
202477.538716999,0,0.0026883483,-0.004906997,0.003537953,0.020693168,0.015914127,-0.007791925,false
202477.558716999,0,-0.005672157,-0.0064115226,0.0028149486,0.01468101,0.011454539,-0.026905231,false
202477.578716998,19999999,-0.0045421124,-0.0042401254,-0.004772842,0.0019983184,-0.0053160693,-0.024208914,false
202477.598716999,0,-0.0025862157,0.010742158,-0.012399852,-0.03209901,0.00046786014,0.0034169555,false
202477.618716999,0,-0.009285122,-0.00021864474,0.00025624037,-0.0070996005,0.008543377,-0.00772918,false
202477.638716998,19999999,-0.0042818487,0.009627581,-0.005906582,-0.030145189,0.035943817,0.0070883622,false
202477.658716999,0,-0.008141339,-0.0028670281,-0.0019942522,-0.022922311,0.029020054,0.027150873,false
202477.678716998,19999999,-0.008072823,-0.0006916374,-0.0070978403,-0.016831024,0.034513883,0.016393187,false
202477.698716999,0,-0.0082785785,-0.0020298809,-0.0050855875,-0.0120448135,0.035474516,0.023087619,false
202477.718716999,0,-0.007350266,-0.00017173588,-0.0012000799,-0.0039574085,0.0029560141,0.039798412,false
202477.738716999,0,-0.0056000054,0.0026585758,0.00016528368,-0.0068484405,-0.009682793,0.043511346,false
202477.758716998,19999999,-0.0075106323,0.002620414,0.007152438,0.0025827596,-0.03590893,0.0315173,false
202477.778716999,0,-0.005533695,0.0030927658,0.0062084794,-0.006370429,-0.041512,0.02571342,false
202477.798716999,0,-0.0072239637,0.0069505125,-0.0010091662,-0.014930376,-0.047406312,0.0048369057,false
202477.818716998,19999999,0.012375563,-0.011632249,-0.013724327,-0.016089963,0.003138762,-0.014016133,false
202477.838716999,0,0.0029124916,-0.0051176697,-0.005690515,-0.007189705,0.0033759729,-0.008848751,false
202477.858716999,0,0.0037661493,-0.005592406,-0.003616035,0.020365454,0.009857431,0.010240613,false
202477.878716998,19999999,-0.000649631,0.012512431,0.0049011707,0.006868813,-0.005465105,0.026873574,false
202477.898716999,0,-0.0032726526,0.011505455,0.011969209,0.0036550318,-0.008051449,0.01501511,false
202477.918716999,0,-0.0055963993,0.010765716,0.0124928355,-0.004372508,-0.009677111,0.0013027219,false
202477.938716999,0,-0.0038798153,0.01987195,0.007982016,-0.022286797,-0.04092912,0.039089404,false
202477.958716999,0,-0.018767804,0.005967349,0.02246356,0.008272601,-0.04421863,-0.0029408187,false
202477.978716998,19999999,0.0010609031,0.0022853464,0.00095909834,0.006880031,-0.012497105,0.0024114605,false
202477.998716999,0,0.0072491467,-0.0048941225,-0.0011503696,0.028560352,-0.007632017,-0.008071214,false
202478.018716998,19999999,0.013428152,0.0007686913,-0.01115042,-0.007987425,0.009518271,0.032474812,false
202478.038716999,0,-0.0069032907,0.0026233643,0.009759724,-0.0010036165,0.00073668454,0.028182618,false
202478.058716998,19999999,-0.0050950944,-0.0017261654,0.007181108,0.0056494377,0.020085253,0.030506888,false
202478.078716999,0,-0.00240013,-0.0042197704,0.0048832297,0.010295263,-0.014883488,0.039748646,false
202478.098716999,0,-0.0020991564,-0.010679677,0.0031003952,0.024049513,0.012448154,0.005943559,false
202478.118716998,19999999,0.0011664033,-0.0028765053,-0.00025814772,0.024396323,0.008045643,-0.016851284,false
202478.138716999,0,-0.0070705116,0.010800317,0.0092715025,-0.02241759,-0.034736287,0.0305168,false
202478.158716998,19999999,-0.0095645785,-0.009569883,0.018446624,0.030795034,-0.039558124,-0.042255323,false
202478.178716999,0,0.0054093897,0.00024968386,-0.0010914207,-0.0048628375,-0.0072672293,-0.020226987,false
202478.198716999,0,0.008915514,-0.004429072,0.00019073486,0.0026263688,-0.008115068,-0.031362616,false
202478.218556167,0,0.0036103493,0.008999568,-0.009687464,-0.034052193,0.0011447447,0.018496705,false
202478.238556167,0,0.00043591857,0.004177183,-0.0035851002,-0.023029089,0.0062679565,0.02557711,false
202478.258556166,19999999,-0.002080053,0.0013532192,-0.0020865202,-0.0025096629,0.001604164,0.019726073,false
202478.278556167,0,0.00010418892,-0.0030410588,-0.0024461746,0.009499678,0.00091062795,0.009200579,false
202478.298556166,19999999,0.0035345554,-0.0026488006,-0.0020329952,0.012815226,0.0036834923,-0.0058398936,false
202478.318556167,0,0.0011730492,1.3977289e-05,-0.0014981627,-0.0022527361,-0.0050969953,0.008396388,false
202478.338556166,19999999,-0.00041159987,-0.00042282045,0.0041903257,0.008948087,-0.018561656,-0.004397271,false
202478.358556167,0,0.0060028136,-0.0026496053,0.002010107,0.010270015,-0.008678064,-0.00484139,false
202478.378556166,19999999,0.008804023,-0.0032472908,0.0005187392,0.012548577,0.0001247637,-0.019548051,false
202478.398556167,0,0.0049918294,-0.00029060245,-0.0018857121,0.0019977447,0.0044257715,-0.0028709099,false
202478.418556167,0,-0.0014409423,0.00074647367,0.003975153,0.0010117454,0.0005535183,0.00165581,false
202478.438556166,19999999,3.361702e-05,-0.0041030943,0.0018452406,0.017091732,0.0023752244,0.010597479,false
202478.458556167,0,0.0005286932,-0.00094650686,-0.00021159649,0.02308819,-0.0039060616,0.010511087,false
202478.478556167,0,0.002575308,0.0045883954,0.002613306,0.019584186,-0.007095102,0.014718464,false
202478.498556166,19999999,-0.0025123656,0.009202942,0.007398963,0.0020174794,-0.018058067,0.006496355,false
202478.518556167,0,0.0016671419,-0.005671665,0.00022315979,-0.007737005,-0.011728562,0.007854857,false
202478.538556167,0,0.0037001073,-0.007908583,-0.0010694861,-0.012919605,-0.023495916,0.009876352,false
202478.558556167,0,0.009266704,-0.010879934,-0.002756238,-0.0010079155,-0.0052898433,-0.0003039781,false
202478.578556166,0,0.007706374,-0.006119132,-0.0006620884,0.0034766728,0.001055772,-0.016466033,false
202478.598556166,0,0.0037445426,-0.004576713,0.0033849478,-0.0017008143,-0.0021228078,-0.019030437,false
202478.618556165,19999999,-0.00021719933,-0.0030343235,0.0074320436,-0.0068783015,-0.005301388,-0.02159484,false
202478.638556165,39999999,0.0003670752,-0.0035232753,0.003121078,0.0011830637,0.004259334,-0.02170668,false
202478.658556166,0,-0.003983021,0.0042551607,0.0031787753,0.0069328137,-0.0026566577,-0.015438117,false
202478.678556165,19999999,-0.0011934638,0.0073735267,0.0020000339,0.009168822,-0.008896884,-0.003170724,false
202478.698556166,0,0.0035046935,0.0067913383,0.001321435,0.005168746,-0.009189906,0.0021770112,false
202478.718556166,0,0.00094783306,0.0013483316,0.0025638342,0.0036491882,-0.009672527,0.005171026,false
202478.738556165,19999999,-0.0016089678,-0.0040947795,0.0038062334,0.0021296304,-0.010155149,0.00816504,false
202478.758556166,0,-0.0023705065,-0.003281638,0.005038798,0.0062659467,-0.0036930372,0.008286421,false
202478.778556166,0,-0.00025376678,-0.0037426054,0.0035936236,0.0048479363,-0.0106144585,0.0011423654,false
202478.798556166,0,-0.00047913194,-0.002307877,0.0023130774,0.0017248045,-0.016929407,-0.007775582,false
202478.818556165,19999999,0.0041844845,-0.0091525465,-0.00197196,-0.0036950961,0.0035637561,-0.019832926,false
202478.838556166,0,-0.0030153692,-0.0073223263,0.0026636124,0.0058852024,-0.0018165796,-0.015950039,false
202478.858556165,19999999,-0.006252885,0.0007252097,0.0021936297,0.0099088885,0.0010004214,-0.0113085285,false
202478.878556166,0,-0.0027076304,0.0033214241,0.0003324747,0.009620626,-0.0056814207,-0.0059966203,false
202478.898556166,0,0.0008600056,-0.0026777089,0.0018810034,0.01048862,0.0014276924,-0.010568732,false
202478.918556165,19999999,0.0044276714,-0.008676827,0.0034295917,0.011356614,0.008536806,-0.015140845,false
202478.938556165,39999999,0.007995278,-0.014675945,0.0049780607,0.012224607,0.01564592,-0.019712958,false
202478.958556166,0,0.012122005,-0.0023567379,-0.00306952,0.00043958053,0.013022351,-0.012308265,false
202478.978556165,19999999,0.004208386,-0.0016061217,0.0012260675,0.004222178,0.0038633738,-0.009270761,false
202478.998556166,0,-0.0020448864,0.004555404,-0.0007649064,-0.005333554,0.00037560728,-0.016510671,false
202479.018556166,0,0.0065203905,-0.005057946,-0.0047715902,-0.0047002756,0.015157889,-0.021219477,false
202479.038556165,19999999,0.0064477623,-0.0032777637,-0.0011995435,0.004100301,0.014590978,-0.011219017,false
202479.058556166,0,0.0011657774,0.0014020503,0.0013400316,0.013108071,0.016082551,-0.00652595,false
202479.078556165,19999999,-0.0035644174,0.0014303625,-0.0005764961,0.0072342954,0.013522239,-0.008566613,false
202479.098556166,0,-0.003904283,-0.0004054159,-0.0022952557,0.005820583,0.0059329253,-0.004563857,false
202479.118556166,0,-0.0015704334,0.0012387037,-0.0013862848,0.0015810472,-0.00024992693,-0.018235877,false
202479.138556166,0,0.0013948977,-0.0061164796,-0.0020743012,-0.0067976355,0.002368748,-0.004583083,false
202479.158556166,0,-0.004795462,0.0054554343,-0.0006508827,-0.0073271333,-0.0130869355,-0.0008612233,false
202479.178556166,0,-0.0050885975,0.0040353686,3.3438206e-05,-0.004468186,-0.013437658,0.0086880475,false
202479.198556165,19999999,-0.0017926097,0.0009883642,-0.0012885928,-0.009365795,-0.017140761,0.016818337,false
202479.218556166,0,-0.002273947,-0.0018546879,0.0013460517,0.0030207653,-0.01391935,0.014487877,false
202479.238556165,19999999,-0.002755195,-0.0046978593,0.0039806366,0.015407326,-0.010697938,0.012157416,false
202479.258556166,0,0.004475087,0.001233533,-0.0051326156,0.00016610324,-0.010523526,0.030044924,false
202479.278556165,19999999,0.0042542815,-0.0014113933,-0.0012925863,-0.003898967,-0.0061628064,0.020945545,false
202479.298556166,0,0.002350092,-0.006962836,-0.002275765,0.0032619121,0.017272897,-0.005800277,false
202479.318556165,19999999,-0.0035428107,0.0052814037,-0.0004518628,-0.0071976823,0.010629358,-0.01637036,false
202479.338556166,0,0.007820934,-0.012288198,0.004245937,0.0075333617,0.020525152,-0.039069667,false
202479.358556166,0,0.00757879,-0.005710155,0.0059885383,0.007587272,0.004291676,-0.032634594,false
202479.378556165,19999999,0.0073367953,0.00086790323,0.0077311397,0.007641183,-0.0119418,-0.02619952,false
202479.398556166,0,0.005101174,0.008187205,0.0063154697,-0.0048752157,0.0005330043,-0.030631315,false
202479.418556165,19999999,0.0054688454,0.012210399,-0.0016275048,-0.021654386,-0.009881206,0.00546249,false
202479.438556166,0,0.004702091,0.0058892816,0.0026867986,0.0056427587,-0.018263811,0.014895396,false
202479.458556165,19999999,0.012489438,0.004668787,-0.0038196445,0.010147277,-0.002622351,0.028796041,false
202479.478556166,0,0.0095974505,0.0010588914,-0.0017407537,0.0071993503,0.0068276515,0.025584638,false
202479.498556166,0,0.00922209,-0.009398952,-0.0032107234,0.0039168014,0.010331585,0.01440147,false
202479.518556165,19999999,0.008846581,-0.019856736,-0.0046807528,0.0006342523,0.01383552,0.0032183025,false
202479.538556165,39999999,0.0084711015,-0.03031455,-0.0061507225,-0.0026482963,0.017339453,-0.007964863,false
202479.558556165,59999999,0.0004427731,-0.015446663,-0.006738186,0.0023988732,0.013331609,-0.030850504,false
202479.578556166,0,-0.007351339,-0.0071989,-0.002025485,0.008204913,0.016869014,-0.045070358,false
202479.598556166,0,-0.0071258247,0.0021429062,-0.0020628572,-0.009584941,-0.0013827123,-0.02457804,false
202479.618556165,19999999,-0.009535193,0.012965858,0.002127111,-0.02223112,-0.019821472,-0.018056955,false
202479.638556166,0,0.002875775,-0.004444286,-0.004153371,-0.019542383,-0.00015044212,-0.0044111786,false
202479.658556166,0,-0.0021456182,0.009195879,-0.00314039,-0.015768075,-0.0071368706,0.027805142,false
202479.678556165,19999999,-0.0024567246,0.0068362206,0.005233228,-0.0012268573,-0.0061860997,0.025573578,false
202479.698556166,0,-0.0019019246,0.0038505644,0.0036759973,-0.012598051,0.0066619944,0.014818846,false
202479.718556166,0,-0.00052946806,-0.0037804246,0.00069856644,-0.002034925,0.0045544785,-0.0073036207,false
202479.738556166,0,0.0023097396,0.00088216364,0.003049314,-0.002420097,-0.0013686377,-0.032047532,false
202479.758556166,0,0.010405928,-0.017665103,0.0037018657,0.017805792,0.0054645017,-0.050406955,false
202479.778556166,0,0.0065223873,-0.0019326359,-0.0033040643,-0.0028517917,0.010399729,-0.043577116,false
202479.798556166,0,0.0043914914,-0.0020920336,-0.0030558705,-0.0016846799,0.014002791,-0.037377935,false
202479.818556165,19999999,0.0022606552,-0.0022514611,-0.0028077364,-0.00051756797,0.017605852,-0.031178756,false
202479.838556165,39999999,0.00012993813,-0.0024109334,-0.002559781,0.0006495438,0.021208914,-0.024979576,false
202479.858556165,59999999,-0.0020008087,-0.0025704652,-0.0023118854,0.0018166556,0.024811976,-0.018780397,false
202479.878556165,79999999,-0.0041314065,-0.0027300268,-0.002064228,0.0029837673,0.02841504,-0.012581218,false
202479.898556166,0,-0.004237294,-6.3076615e-05,-0.003714621,0.0021091953,0.013773435,-0.0062142713,false
202479.918556165,19999999,-0.003037095,-0.0015858412,-0.0010548234,0.011727289,-0.0019009532,-0.00047261734,false
202479.938556166,0,-0.008589417,0.0132030845,0.00063437223,-0.00862421,-0.016179059,-0.0043248367,false
202479.958556166,0,-0.0051843524,-0.007672772,0.004564047,0.010047936,-0.008429682,-0.022112437,false
202479.978556166,0,0.0016369522,0.003377229,-0.010074437,-0.012311879,-0.0062214676,0.002485834,false
202479.998556166,0,0.0018059313,-0.00040766597,-0.007881045,-0.00861177,-0.022593439,0.034317903,false
202480.018556165,19999999,0.0027333796,-0.0008736849,-0.0022326112,-0.010473915,0.015118055,-0.0025484972,false
202480.038556166,0,0.004311204,-0.006758362,-0.0057662725,-0.017440775,0.026946127,-0.0017791262,false
202480.058556166,0,-0.0006740391,-0.00015130639,0.009579182,-0.0043900814,0.0016908497,0.0007927439,false
202480.078556166,0,0.0010585487,0.005577594,0.010811031,-0.003088646,-0.00494296,0.0035073622,false
202480.098556166,0,0.0029443204,0.009081423,0.011727035,-0.012450391,-0.012566892,-0.013443209,false
202480.118556166,0,-0.0021595657,0.0095068365,0.009397209,-0.008110233,-0.015013116,-0.015411432,false
202480.138556165,19999999,-0.0072633326,0.00993219,0.007067263,-0.0037700734,-0.01745934,-0.017379655,false
202480.158556165,39999999,-0.003464222,0.009700403,0.0050460696,-0.025339475,-0.032729276,0.03187819,false
202480.178556166,0,-0.0063702464,0.010825276,0.0065368414,-0.0055071376,-0.03776946,0.023933206,false
202480.198556166,0,0.0026237667,0.00033695996,-0.00090253353,-0.0021126517,0.0026864707,0.026813382,false
202480.218556166,0,0.0087402165,-0.002123028,-0.0005429387,0.00047742575,0.006392712,0.021573793,false
202480.238556166,0,-0.0026765466,0.0067180693,-0.0016090274,-0.025347443,-0.0098331645,0.03479675,false
202480.258556165,19999999,0.0027094483,-0.018137887,-0.0012443066,0.005403407,-0.0014418205,0.007950533,false
202480.278556166,0,0.009735286,-0.012296885,-0.005003214,0.021142537,0.0007298365,0.0015303236,false
202480.298556166,0,0.010211498,-0.004375264,-0.00022393465,0.03126757,0.009929407,-0.019610789,false
202480.318556165,19999999,0.0013479888,0.0027222335,0.0042747855,0.011211669,0.01143595,-0.02893814,false
202480.338556166,0,-0.007854134,0.0048958957,0.00084501505,-0.0077674706,0.006698682,-0.03984846,false
202480.358556166,0,-0.0020788908,0.008873805,-0.0031189322,-0.03535234,-0.007823165,0.015922632,false
202480.378556166,0,-0.014051616,0.0046625882,0.0045042634,-0.009824384,-0.0089623425,-0.030295879,false
202480.398556166,0,-0.011243135,0.005874127,0.0028514862,-0.009813503,-0.0054433765,-0.020463588,false
202480.418556165,19999999,-0.008434653,0.007085681,0.0011987686,-0.009802623,-0.0019244109,-0.010631296,false
202480.438556165,39999999,-0.0056262016,0.008297205,-0.0004541278,-0.009791742,0.0015945546,-0.0007990049,false
202480.458556165,59999999,0.00039598346,-0.0143190175,-0.0038323402,-0.011248504,0.016108444,0.0014937001,false
202480.478556166,0,-0.007002741,0.00033958256,-0.003967583,0.0025409292,0.0052520772,0.0029785088,false
202480.498556165,19999999,-0.0067308247,-0.0041387826,-0.0056523085,0.01390231,0.0068261568,-0.008904524,false
202480.518556165,0,0.00014841557,-0.00021311641,-0.008262873,0.004759021,-0.0083622895,0.004938231,false
202480.538556165,0,0.0017963648,-0.0006028414,0.00014531612,0.014108965,-0.010556112,0.005510193,false
202480.558556164,19999999,-0.004166335,0.009298548,0.006501913,0.0006890064,-0.007470153,-0.01747106,false
202480.578556165,0,0.009147763,-0.011731729,-0.0035654902,0.0016646041,0.011034569,-0.00034991838,false
202480.598450708,0,-0.0057216324,0.012089179,0.008310834,-0.009079234,-0.027576163,0.023764377,false
202480.618450708,0,-0.0020083785,0.008284137,0.0037745833,-0.008604466,-0.019650852,0.02414793,false
202480.638450707,19999999,-0.0061304867,0.009853154,0.0061028004,-0.010274973,-0.023187421,0.020873228,false
202480.658450708,0,-0.000872463,-0.0003220588,0.0021570325,-0.006322862,-0.010967012,0.018576033,false
202480.678450707,19999999,-0.001246959,0.0027244538,-0.0010036826,-0.007942529,-0.023119308,0.027816424,false
202480.698450708,0,0.002048701,0.0008396059,-0.0006494522,-0.009783364,-0.0063051227,0.016732104,false
202480.718450707,19999999,0.0053444207,-0.0010453612,-0.00029534101,-0.011624198,0.010509064,0.005647785,false
202480.738450707,39999999,0.0020418167,0.002310574,0.0021711588,-0.00891304,0.019771611,-0.018807374,false
202480.758450708,0,0.0038930476,0.000514254,0.0018827319,-0.030938659,0.020670172,-0.021680674,false
202480.778450707,19999999,-0.0022130609,0.0046334714,0.011019111,-0.04433251,-0.0152382925,-0.026794948,false
202480.798450708,0,-0.0019906163,0.002126038,0.010602713,-0.04405659,-0.0110057965,-0.032960605,false
202480.818450708,0,-0.004397154,0.004454583,0.009473443,-0.035949416,-0.014715983,-0.035867818,false
202480.838450707,19999999,-0.00044965744,0.0069514513,0.0044644475,-0.018444818,-0.013347373,-0.020495418,false
202480.858450708,0,-0.00031971931,0.012973234,-0.0010153055,-0.015167205,-0.01649087,0.015206981,false
202480.878450708,0,0.0041749477,0.0065426826,0.0012869239,0.008805957,-0.005212457,0.01687023,false
202480.898450707,19999999,0.010520577,0.0005617589,-0.002090633,0.008826676,0.022543117,0.022314057,false
202480.918450708,0,0.0007046163,-0.0018942356,0.0026544929,0.0055260686,0.013814915,0.021650186,false
202480.938450707,19999999,-0.0031647384,0.0018724501,0.00054490566,-0.0018368238,0.004636609,0.01237121,false
202480.958450708,0,0.0032306314,-0.016141698,-0.0038924813,0.0035612676,0.017297892,-0.010419214,false
202480.978450708,0,-0.0010310411,-0.009666562,-0.005089402,0.0028796569,0.009842016,-0.028327879,false
202480.998450708,0,-0.00062546134,-0.0046891123,-0.004843116,0.004756592,0.0012430744,-0.023525987,false
202481.018450707,19999999,-0.00021973252,0.00028827786,-0.00459677,0.006633527,-0.007355868,-0.018724093,false
202481.038450707,39999999,-0.0032252073,0.0056055635,-9.089708e-05,-0.0019166735,-0.0048694573,-0.016770273,false
202481.058450708,0,-0.0034086406,0.012055412,0.0030716062,-0.008503251,-0.0044583404,-0.014725526,false
202481.078450707,19999999,0.0029418766,0.0017939508,0.0026031137,-0.01873229,0.010358077,-0.003930021,false
202481.098450708,0,-0.0036901236,0.0057132244,0.0056322217,-0.013510572,0.0030075042,0.019548558,false
202481.118450708,0,-0.0053035617,0.00083856285,0.0071008205,-0.00061350316,0.0011817174,0.018805405,false
202481.138450708,0,0.0018748939,-0.00061272085,0.0009850264,0.003321568,0.001779951,0.017354768,false
202481.158450708,0,0.0068446696,-0.0039410144,0.0031288266,0.013932353,0.0007475276,0.0038039777,false
202481.178450708,0,0.0019239485,-0.0046850443,0.0013331771,0.008023581,0.002141478,-0.00695959,false
202481.198450707,19999999,0.0009161532,-0.0036926866,-0.0033584237,0.0053211385,-0.009776846,-0.0069575496,false
202481.218450708,0,-0.00060519576,-0.0008061677,-0.0012019277,0.0030386397,-0.0060706367,-0.004333402,false
202481.238450708,0,0.001814127,0.0015119314,-0.0019040108,0.0026644873,0.0012227222,-0.002602814,false
202481.258450707,19999999,0.0029656887,0.0032925606,-0.0014025569,-0.0015198784,0.0056400257,-0.004193177,false
202481.278450708,0,0.0014928877,0.0029779226,0.0010222197,-0.01556059,0.007307341,0.0022922806,false
202481.298450708,0,0.00884974,-0.0053936094,0.004076481,0.0009375997,0.0022643986,0.007050857,false
202481.318450708,0,0.00700289,-0.0016094893,0.0046401024,0.007554811,0.0071576578,0.0020051692,false
202481.338450707,19999999,-0.0032602847,0.0031116605,0.0049189925,0.0036025988,-0.0007510246,-0.002255301,false
202481.358450708,0,-0.0054830015,0.0039482415,0.0024553537,-0.004554444,-0.01923807,0.019212224,false
202481.378450708,0,-0.006092757,0.0033142269,0.0015538335,-0.009295154,-0.021821205,0.016470134,false
202481.398450708,0,0.0006724,0.0051324964,-0.0062918067,-0.022161752,-0.012170316,0.026686389,false
202481.418450707,19999999,0.0055167675,-0.010801822,0.0011026263,0.004436044,0.01122241,-0.012963671,false
202481.438450708,0,0.0057430267,-0.006289646,-0.0023322701,-0.0060919467,0.033674154,-0.021379732,false
202481.458450708,0,-0.0031012893,-0.0037852079,0.0013564229,-0.007988641,0.010435691,-0.025309568,false
202481.478450707,19999999,-0.00078874826,-0.0006830096,-0.0003208518,-0.013352475,-0.00064337254,-0.018809915,false
202481.498450708,0,-0.00089403987,0.0053533018,0.0029777884,-0.023285408,-0.0040919646,-0.014085926,false
202481.518450708,0,-0.0038058758,0.004531324,0.0035158396,-0.010415044,0.0072044996,-0.024310365,false
202481.538450707,19999999,0.0034345388,0.0069143474,0.0022352934,0.0011817999,-0.0044905986,0.000832336,false
202481.558450708,0,-0.0010505915,0.008380055,-0.0011423826,-0.00077117956,-0.017799215,0.022083377,false
202481.578450707,19999999,-0.0025230348,0.0060917884,-0.0013408065,-0.00018492015,-0.0038169082,0.02835634,false
202481.598450708,0,-0.0011149943,0.008765742,0.0018281937,-0.0038045074,0.0017088875,0.01491527,false
202481.618450708,0,0.0059753954,-0.011558056,0.0010274053,0.004519497,0.019154945,0.0071359747,false
202481.638450708,0,-0.0024430156,-0.0049378127,0.0019562244,0.00029568234,-0.0030610263,0.014540616,false
202481.658450708,0,-0.0019009113,-0.013642818,-0.0006862283,0.010657491,-0.004593507,-0.00031732582,false
202481.678450707,19999999,0.0037761927,-0.010030076,-0.004757166,0.0046115434,0.0009518708,-0.008294804,false
202481.698450708,0,-0.002048999,2.9742718e-05,0.00086939335,0.00051781116,0.0016712066,-0.025982715,false
202481.718450707,19999999,0.0020121038,-0.0061805546,0.0005583167,0.00034577807,0.005338279,-0.024741832,false
202481.738450708,0,0.00598225,0.005331099,0.0038835406,0.0015644233,-0.007386277,-0.010420445,false
202481.758450707,19999999,-0.0035859644,0.0070305765,0.0034415126,-0.003428106,0.003730671,-0.00904791,false
202481.778450708,0,-5.5640936e-05,0.005850598,-0.0026317835,-0.01215023,0.0019588685,0.0056327255,false
202481.798450708,0,-0.0011764467,0.0027769953,-0.00060355663,-0.0030958485,0.0032915291,0.010329632,false
202481.818450707,19999999,-0.0015846789,0.006730184,0.0017052293,-0.020102417,-0.009414308,0.02845922,false
202481.838450708,0,-0.0050111115,-0.0053203255,0.004042864,0.0030007306,-0.0051015853,4.65028e-05,false
202481.858450708,0,-0.0004696548,-0.00052428246,-0.002949655,-0.00023250049,-0.00822256,0.010740188,false
202481.878450707,19999999,-0.0012239218,-0.0008093864,-7.712841e-05,0.002141759,-0.005288244,0.0018595364,false
202481.898450708,0,0.00039315224,0.0025333464,0.0009279847,0.0010558952,-0.00984215,-0.00090604275,false
202481.918450707,19999999,0.003251791,-0.0038456023,-0.0014561415,0.0060868943,0.011416659,-0.005974577,false
202481.938450708,0,0.00082951784,-0.001601398,-0.004858434,0.00662604,0.0079130735,0.0046490394,false
202481.958450708,0,-0.0037607849,0.00034213066,0.006341934,0.00015295018,0.008053718,0.0057490333,false
202481.978450708,0,-0.0017314553,-0.002281502,0.005331695,0.0008809809,0.006194422,-0.004386664,false
202481.998450708,0,-0.0041588545,-0.0035988241,0.004102826,0.008190351,-0.0008704215,-0.017933672,false
202482.018450707,19999999,-0.00651893,0.0044522434,0.003579855,0.00088899164,-0.009185658,-0.032000948,false
202482.038450708,0,-0.0017727911,-0.0045922995,0.002798617,-0.0033993926,-0.0076351105,-0.015184918,false
202482.058450708,0,-0.0010938346,-0.0047765523,-0.0021408796,-0.007075685,0.00038196845,-0.0056340937,false
202482.078450707,19999999,-0.00041481853,-0.00496085,-0.007080376,-0.010751978,0.008399049,0.003916732,false
202482.098450707,39999999,0.0043985546,-0.008166656,-0.010116696,-0.0058462606,0.03656034,-0.0042596105,false
202482.118450708,0,0.0045960546,-0.0010804832,-0.0073136687,-0.008123221,0.042972844,0.0034947135,false
202482.138450707,19999999,-0.0051933825,-0.005246192,0.007375777,-0.008173088,0.010686487,-5.4330332e-05,false
202482.158450708,0,-0.0012827814,0.00033831596,0.009640813,-0.001714319,0.013523748,-0.017364401,false
202482.178450708,0,0.0024029315,0.0008262545,0.0064247847,-0.004156188,-0.015317928,-0.018693978,false
202482.198450707,19999999,0.0065817535,0.0037433654,0.0012031198,0.0015407642,-0.0066705067,-0.025236806,false
202482.218450707,0,-0.00014314055,0.008684158,0.00661391,-0.0046385988,-0.0110368375,-0.023339666,false
202482.238450706,19999999,-0.0006878376,0.012316957,0.0019671917,-0.017316366,-0.017371308,0.023210913,false
202482.258450707,0,0.0024240315,0.004703656,0.003454864,0.01249929,-0.024069162,0.03152638,false
202482.278450707,0,0.0049545467,0.0001244396,-0.0078366995,0.005565114,0.012043329,0.023943432,false
202482.298450707,0,0.00041803718,0.00081013143,-0.0012439489,0.00729848,0.011969405,0.01656675,false
202482.318450707,0,0.0003428161,0.00066003203,-0.0007970929,-0.022297923,0.023114372,0.008726223,false
202482.338450707,0,0.0021167696,-0.0115996,-0.0009368062,-0.013913736,0.0019632522,0.012734953,false
202482.358450707,0,0.0034270287,-0.015571564,0.00038063526,0.009402493,0.010408471,-0.0096512325,false
202482.378450706,19999999,-0.00041618943,0.0015230328,0.00025123358,0.011573886,0.028226346,-0.02770152,false
202482.398450707,0,-0.0044943094,0.009466961,0.0040435195,0.0032494674,0.008411098,-0.015367149,false
202482.418450707,0,-0.003590256,0.0062024593,0.0058140755,-0.0015724516,-0.004950988,-0.0027562864,false
202482.438450707,0,-0.0005300939,0.0064542145,0.0059574842,-0.0025318905,-0.01094323,0.0031500203,false
202482.458450706,19999999,-0.004134983,0.0042419583,0.005459726,0.004971696,-0.0072516585,-0.011189671,false
202482.478450707,0,-0.003753215,0.0053748786,0.00251925,-0.006412168,-0.0073232767,0.007954532,false
202482.498450707,0,-0.0034802854,0.0030303001,0.0010184646,-0.008354565,-0.010998193,0.0147780785,false
202482.518450707,0,-0.0011660457,-0.0011909306,0.00072973967,-0.0024149716,0.0012237355,0.0042628227,false
202482.538450706,19999999,0.00076171756,0.0020168424,-0.0010611415,-0.025322877,0.006011647,0.0012788791,false
202482.558450707,0,0.0031000972,-0.0044935197,-0.0006546974,-0.010208968,0.008098715,0.0011911967,false
202482.578450707,0,-0.0005220771,-0.001547575,0.003470242,0.010460626,0.0021904362,-0.0029571706,false
202482.598450707,0,0.0012674034,0.0031919032,-0.0007599592,0.006836687,-0.0015717945,-0.004326183,false
202482.618450707,0,-0.0011408329,0.0029770434,0.0012307763,0.0073178792,-0.008915139,-0.0052694026,false
202482.638450706,19999999,-0.0035490096,0.0027620941,0.0032215714,0.0077990713,-0.016258486,-0.006212622,false
202482.658450706,39999999,0.0020896494,-0.0005337447,0.0007531643,0.011012515,0.0014433209,-0.010517806,false
202482.678450707,0,-0.0019263327,-0.0032934546,0.0062239766,0.025952995,-0.021307806,-0.0011823177,false
202482.698450707,0,-0.002031386,0.005614653,0.0063450933,0.0034136046,-0.0036049392,0.0014157968,false
202482.718450706,19999999,-0.0016505122,-0.0023814142,0.003648281,-0.0011044382,-0.010530647,0.010677807,false
202482.738450707,0,-0.0037534535,0.0023780614,-0.0017011762,-0.010415984,-0.018912897,0.025985064,false
202482.758450707,0,0.008017868,-0.012077868,-0.009963095,-0.012364995,0.020196024,0.021071564,false
202482.778450706,19999999,0.0042031705,-0.016328886,-0.0012306571,0.022072498,0.035989523,0.00437125,false
202482.798450707,0,-7.382035e-05,0.0074200183,0.00078588724,0.0155245755,0.037110485,-0.0032706028,false
202482.818450707,0,-0.005333036,0.006982997,0.0035461783,0.0017954567,0.023624485,0.0015709405,false
202482.838450707,0,-0.005002588,0.0010880083,0.007418692,0.0023749648,0.0072486587,-0.011114521,false
202482.858450706,19999999,-0.00467214,-0.0048069805,0.011291146,0.0029544728,-0.009127168,-0.023799982,false
202482.878450707,0,-8.752942e-05,0.006249085,0.00065791607,-0.00397506,-0.0016687475,-0.03932693,false
202482.898450707,0,-0.004049629,0.010032818,0.0071409345,0.0036099162,-0.018408107,-0.010203991,false
202482.918450707,0,-0.0033450127,0.0076822937,0.004030943,-0.0010799156,-0.025751885,-0.007305149,false
202482.938450706,19999999,0.0007522106,0.0055809915,-0.005747676,-0.022505455,-0.024545472,0.022915034,false
202482.958303583,0,0.0033382175,-0.0076599587,-0.0040015,0.0037243385,0.016199121,0.022146598,false
202482.978303582,19999999,0.0014047623,-0.0037121028,-0.0034371614,0.0065389485,0.00496802,0.033015028,false
202482.998303583,0,0.0034159124,-0.006054923,-0.0042556524,0.009606862,0.010641158,0.01970089,false
202483.018303582,19999999,-0.00047677755,-0.008552328,-0.00036537647,0.013092306,0.002434861,0.011106549,false
202483.038303583,0,-0.0022628605,-0.0076037496,0.0050391555,0.01671829,-0.0037181773,-0.008456871,false
202483.058303583,0,-0.002918154,-0.004594654,0.0050904155,0.01940039,-0.010022024,-0.023508448,false
202483.098303583,0,-0.0034595728,0.00028462708,0.0027977824,0.0032961639,-0.025295781,-0.024935082,false
202483.118303583,0,-0.0016617179,0.00013668835,0.0013438463,-0.00931453,-0.0009357836,-0.021479744,false
202483.138303583,0,-0.0032825172,0.0035564005,-0.00027889013,-0.036910444,0.010388396,-0.015792353,false
202483.158303583,0,-0.0011208653,-0.0003630817,-0.00032895803,-0.033228192,0.020853804,-0.006312214,false
202483.178303582,19999999,-0.0006506443,-0.00089761615,-0.00087440014,-0.015749305,0.033651657,-0.007861267,false
202483.198303583,0,-0.0013982058,0.004177898,-0.0011789203,-0.0072242115,0.026559005,0.0031922068,false
202483.218303582,19999999,-0.00035476685,0.00572668,-0.001437664,0.00041160034,0.023549685,0.007471417,false
202483.238303583,0,8.7440014e-05,0.004913181,0.002243042,0.006475878,0.0096535,0.009741355,false
202483.258303582,19999999,0.000410676,-0.0005788654,0.0031149983,0.016810091,0.003771029,0.0074239443,false
202483.278303583,0,7.677078e-05,-0.00023049116,0.0021717548,0.017029272,0.001785185,0.0018336559,false
202483.298303583,0,0.0019287467,0.0024168193,-0.0018656254,0.009402092,0.002652146,0.0017504594,false
202483.318303582,19999999,-0.0003309846,0.0022950768,0.0019439459,0.0029709423,-0.003884065,-0.0014303345,false
202483.338303583,0,-0.0034686625,0.0037326515,0.005585313,0.0038511076,-0.00975615,0.002424982,false
202483.358303583,0,-0.0016507208,0.002911985,0.0020639896,0.00045340206,-0.016757421,0.0045832326,false
202483.378303583,0,0.000446707,-0.0018926114,-0.0022001266,0.0097717615,-0.001102481,0.012456724,false
202483.398303583,0,0.009045452,-0.0021747649,-0.008076549,0.015630178,0.019113954,0.011733509,false
202483.418303582,19999999,0.0016939342,0.00021080673,-0.0012760758,0.014686831,0.01640991,0.016116824,false
202483.438303583,0,-0.0017317533,0.00010083616,0.0037465096,0.008285829,0.010710268,0.0033060862,false
202483.458303583,0,-0.00046479702,-0.006601095,0.0075179935,0.008104048,0.0015863143,-0.010275436,false
202483.478303583,0,0.0017986298,-0.006012574,0.006108284,0.0033042603,-0.0148076955,-0.026626188,false
202483.498303583,0,0.0005994737,-0.0033840984,0.0035318732,0.001249626,-0.013887112,-0.029564366,false
202483.518303582,19999999,-0.0005995631,-0.00075544417,0.00095540285,-0.00080500846,-0.012966529,-0.032502543,false
202483.538303583,0,-7.158518e-05,3.221631e-05,1.9073486e-05,-0.0046822643,-0.009076282,-0.030403772,false
202483.558303582,19999999,-0.0022774339,0.0024372041,0.0003466606,-0.003772617,-0.022511102,-0.017894521,false
202483.578303583,0,0.0042759776,0.001391694,-0.0051302314,0.0066582076,-0.0046894364,-0.0041029463,false
202483.598303583,0,-0.0010068119,0.0032081157,-0.001899898,0.015727924,0.0038536666,0.00484893,false
202483.618303583,0,0.0012972653,0.008413568,-0.004146099,0.017608682,0.018290356,0.012680196,false
202483.638303583,0,-0.0012509227,0.0045009106,1.0550022e-05,0.013231243,0.0038439054,0.027672045,false
202483.658303582,19999999,0.0017259121,-0.0066190213,-0.0008779764,0.019034246,0.0056206845,0.011602789,false
202483.678303583,0,0.0016868412,-0.0047528595,0.000723958,0.018489033,0.0142470375,-0.005817257,false
202483.698303583,0,-0.0018571913,-0.00021487474,0.003980994,0.0141513795,0.0018237196,-0.012791497,false
202483.718303582,19999999,-0.0011701584,0.0035357773,0.0038642287,-0.0047975164,0.0007620228,-0.016792923,false
202483.738303583,0,-0.00067421794,0.0036649406,0.003499329,-0.017166235,-0.00072386675,-0.014874874,false
202483.758303583,0,0.0006519556,0.0037841648,0.00056403875,-0.016371341,0.0020369065,-0.011699684,false
202483.778303583,0,-0.0012362897,0.0019806474,0.002516687,-0.015916811,0.006608187,0.0030059433,false
202483.798303583,0,0.0012718439,0.0037427098,0.00024718046,-0.0067826537,0.0071960115,0.013661305,false
202483.818303583,0,-0.0002477169,0.0052654445,0.00064986944,-0.0016379347,0.004223305,0.01737536,false
202483.838303583,0,-0.00089126825,0.00049330294,0.0019267201,0.007937395,-0.0030395659,0.01511542,false
202483.858303582,19999999,-0.0011398196,-0.001349628,0.002419889,0.010698588,-0.012750747,0.021370925,false
202483.878303583,0,-0.0026608407,0.002498895,0.0008568764,0.014781744,-0.010205251,0.0030281935,false
202483.898303582,19999999,-0.0022461712,-0.00046941638,0.0010741949,0.015900657,-0.0045468234,0.00013668486,false
202483.918303583,0,-0.001745969,0.0019634664,-0.00160712,0.0066279927,-0.0092583075,0.004058225,false
202483.938303583,0,-0.00034061074,-0.00029872358,-0.0004939437,0.007364778,0.007843161,-0.005386182,false
202483.958303582,19999999,-0.0010809898,0.0006737262,-0.00081044436,-0.0017258953,0.00988062,-0.0012131743,false
202483.978303583,0,-0.0017793775,0.0030294806,0.0015892982,-0.0052264836,0.010671962,0.009225277,false
202483.998303582,19999999,-0.0029010475,0.0032394528,0.0023595095,-0.005101095,0.00955203,0.017792616,false
202484.018303583,0,-0.002381891,0.0025410205,-0.00034499168,0.0013233763,-0.0005093124,0.02775561,false
202484.038303583,0,0.0053854883,-0.0016492754,-0.005851209,0.010302709,0.009749865,0.027099181,false
202484.058303582,19999999,0.0035862923,-0.0016203374,-0.0021722317,0.012136621,0.029042091,0.00944237,false
202484.078303583,0,-0.00038054585,-2.1979213e-05,0.0017341971,0.015510321,0.02625702,0.008764535,false
202484.098303583,0,-4.220009e-05,0.0014018267,0.0028410554,0.0159972,0.023609124,0.0011235923,false
202484.118303582,19999999,0.002006501,0.003177151,0.0025234222,0.017328653,0.018459467,-0.008525594,false
202484.138303583,0,0.0016307235,0.005104825,0.003119409,0.017524077,0.018739017,-0.0063270424,false
202484.158303582,19999999,0.00043049455,0.0070842654,0.0040259957,0.024219539,0.008794354,0.0015605856,false
202484.178303583,0,-0.001034826,0.008592427,-0.0001295805,0.02195746,0.012873589,0.020109512,false
202484.198303583,0,-0.0031269193,0.00566718,0.0012834072,0.025385825,0.01180125,0.04687406,false
202484.218303582,19999999,0.0007724166,0.005190015,-0.0033106804,0.020451825,0.026371207,0.07008355,false
202484.238303583,0,-0.0068992674,-0.012491375,0.004813552,0.02388015,0.06427871,0.12174159,false
202484.258303582,19999999,0.0046404004,0.006955549,-0.0086352825,0.018338142,0.13176046,0.10815682,false
202484.278303583,0,-0.0023353696,0.013485059,-0.0008651614,0.013974726,0.11316928,0.12687479,false
202484.298303583,0,0.0077872872,-0.0013058484,-0.005040586,0.013229715,0.12760884,0.12584795,false
202484.318303582,19999999,0.005789578,-0.01229547,0.0020883083,0.06661058,0.13562916,0.093280934,false
202484.338303583,0,0.011765361,-0.0038721561,-0.002770543,0.13670072,0.13230833,0.092137285,false
202484.358303582,19999999,-0.00025573373,-0.003533423,0.0072172284,0.20170557,0.096887425,0.07744729,false
202484.378303583,0,-0.0013038516,0.0040861666,0.006118953,0.24071759,0.04030431,0.07457332,false
202484.398303583,0,-0.00083974004,0.011251077,0.0066809654,0.28446043,-0.018196527,0.07280805,false
202484.418303582,19999999,-0.002945125,0.016650721,0.008860886,0.3243875,-0.046024613,0.08318806,false
202484.438303583,0,0.00019854307,0.021151856,0.006834686,0.3738193,-0.082492165,0.116828755,false
202484.458303582,19999999,-0.0010855794,0.030569509,0.0034953952,0.41229895,-0.10615505,0.15001886,false
202484.478303583,0,-0.0004838705,0.041912735,0.0007581711,0.43353346,-0.13443688,0.18749523,false
202484.498303582,19999999,-0.0014459193,0.04853089,-0.0044692755,0.42623955,-0.14845414,0.23311,false
202484.518303583,0,-0.00081178546,0.0461438,-0.0007857084,0.42487717,-0.16755295,0.29385158,false
202484.538303582,19999999,0.0029598475,0.03831348,0.0015944242,0.43306643,-0.17640989,0.34343174,false
202484.558303583,0,0.004546672,0.023477048,0.0055763125,0.45683995,-0.18918832,0.3649922,false
202484.578303582,19999999,0.015883327,0.009543389,0.0012991428,0.4835778,-0.19709334,0.3779903,false
202484.598303582,0,0.021171004,-0.002468586,0.0010954142,0.52067757,-0.17797689,0.3547844,false
202484.618303582,0,0.017120719,-0.0052205026,0.004004061,0.55741733,-0.16145372,0.32174566,false
202484.638303582,0,0.010147452,-0.008366883,0.011470616,0.59444153,-0.16375053,0.29601955,false
202484.658303582,0,0.005944282,-0.012744695,0.011845171,0.6219265,-0.17175734,0.2684,false
202484.678303581,19999999,-0.0009801686,-0.019717753,0.011308253,0.65730417,-0.18100992,0.2583828,false
202484.698303582,0,0.0018419027,-0.029559493,0.0034195185,0.689898,-0.17286766,0.2263517,false
202484.718303582,0,-0.0039061606,-0.026040763,0.0060780644,0.727754,-0.17566738,0.19452083,false
202484.738303582,0,-0.006977141,-0.025272459,0.008013368,0.758204,-0.17563471,0.18359688,false
202484.758303582,0,-0.009587616,-0.02562812,0.0092481375,0.773514,-0.18575114,0.17656362,false
202484.778303581,19999999,-0.011645734,-0.020446688,0.008987665,0.7926201,-0.19664356,0.17243633,false
202484.798303582,0,-0.013205439,-0.015503913,0.00856024,0.78884625,-0.20814139,0.16641754,false
202484.818303582,0,-0.011938423,-0.013316065,0.006925583,0.76778865,-0.210632,0.15298827,false
202484.838303581,19999999,-0.015523881,-0.008036315,0.008124232,0.73489213,-0.21704115,0.14758618,false
202484.858303582,0,-0.013166428,-0.0044717193,0.006313503,0.692524,-0.21682712,0.13978662,false
202484.878303581,19999999,-0.007149756,-0.007589668,0.0017633438,0.64311856,-0.19650377,0.11802971,false
202484.898303582,0,-0.013270438,-0.0057328343,0.0057516694,0.57818884,-0.18531075,0.10184193,false
202484.918303582,0,-0.011204749,-0.008311689,0.0039834976,0.5166674,-0.16886465,0.08592962,false
202484.938303582,0,-0.007863849,-0.019710392,0.001129508,0.46052915,-0.15696597,0.06266011,false
202484.958303581,19999999,-0.0072182417,-0.028951645,0.005972028,0.41687536,-0.1307343,0.030863047,false
202484.978303582,0,-0.013194233,-0.044064224,0.020411968,0.40391344,-0.13111939,-0.014575411,false
202484.998303582,0,-0.013272941,-0.05456668,0.028338552,0.40171528,-0.1577771,-0.06956564,false
202485.018303582,0,-0.015345305,-0.06612623,0.037551343,0.41286686,-0.21885756,-0.14840567,false
202485.038303582,0,-0.014826357,-0.082650065,0.042613328,0.43764263,-0.2816316,-0.284589,false
202485.058303582,0,-0.024193436,-0.100296974,0.061981022,0.4800856,-0.38785672,-0.44170424,false
202485.078303581,19999999,-0.03379485,-0.11439097,0.07401812,0.54494566,-0.5464918,-0.637378,false
202485.098303582,0,-0.03538564,-0.124815464,0.07807505,0.6228897,-0.7074977,-0.8495776,false
202485.118303581,19999999,-0.038002968,-0.13628542,0.07793999,0.7274018,-0.8771495,-1.0822031,false
202485.138303582,0,-0.03685698,-0.14305246,0.064183414,0.85945064,-1.0235653,-1.360619,false
202485.158303582,0,-0.049710125,-0.11883581,0.03905052,0.9539235,-1.1371641,-1.5995829,false
202485.178303581,19999999,-0.06059222,-0.07207143,0.011857271,1.0178667,-1.2172718,-1.738771,false
202485.198303582,0,-0.067853495,-0.027014852,-0.007486999,1.0306133,-1.2498507,-1.7841762,false
202485.218303582,0,-0.056003585,0.0074736476,-0.034959376,0.99585885,-1.2189224,-1.7602289,false
202485.238303582,0,-0.048185542,0.024838924,-0.04799366,0.9353673,-1.134875,-1.6874511,false
202485.258303582,0,-0.036147416,0.03924316,-0.054833055,0.8741342,-1.0231462,-1.5892042,false
202485.278303581,19999999,-0.031645924,0.050399125,-0.058356583,0.80530334,-0.9036039,-1.4682224,false
202485.298303582,0,-0.027342647,0.053545177,-0.059311748,0.73147047,-0.7765132,-1.3283366,false
202485.318303582,0,-0.011974633,0.054277122,-0.062575996,0.6605623,-0.6488321,-1.1806377,false
202485.338236458,0,0.0019880263,0.05255837,-0.061773166,0.59417737,-0.49821714,-1.0492324,false
202485.358236458,0,0.003899157,0.054931223,-0.055966914,0.51936096,-0.36329827,-0.93202114,false
202485.378236457,19999999,0.0049482584,0.057170868,-0.048507094,0.4449197,-0.2513648,-0.809355,false
202485.398236458,0,0.00946635,0.05137843,-0.041357398,0.38127726,-0.1499998,-0.70087385,false
202485.418236457,19999999,0.009348571,0.047798276,-0.03171903,0.330648,-0.068342716,-0.59756154,false
202485.438236458,0,0.009125024,0.04197079,-0.021420062,0.29381898,-0.0026337653,-0.501832,false
202485.458236458,0,0.009036362,0.035726666,-0.013683915,0.2712804,0.048218906,-0.41699466,false
202485.478236458,0,0.009419084,0.028015673,-0.008892596,0.257701,0.082094446,-0.34251812,false
202485.498236458,0,0.010475308,0.02322185,-0.0042023063,0.24695832,0.105938286,-0.29288486,false
202485.518236458,0,0.009383798,0.021058738,-0.0018271208,0.23113842,0.12325,-0.2526074,false
202485.538236457,19999999,0.008272022,0.018300176,0.00260818,0.21376985,0.12105769,-0.20931014,false
202485.558236458,0,0.010870457,0.014402747,0.0038641095,0.1950553,0.12883852,-0.18108034,false
202485.578236457,19999999,0.009870976,0.012518048,0.007818103,0.17809843,0.13443258,-0.14901173,false
202485.598236458,0,0.0067782104,0.011721313,0.0122541785,0.16407199,0.12824218,-0.1224246,false
202485.618236458,0,0.0060526133,0.012651503,0.015882313,0.15062776,0.11438838,-0.09771918,false
202485.638236457,19999999,0.007039398,0.013424158,0.017018437,0.13127942,0.08883629,-0.07969733,false
202485.658236458,0,0.012123674,0.013026953,0.0152826905,0.09903468,0.06821317,-0.070660904,false
202485.678236458,0,0.015883923,0.010410249,0.011409402,0.06333175,0.064797536,-0.07828243,false
202485.698236458,0,0.017311603,0.0053497553,0.010527015,0.03342607,0.06928762,-0.084164105,false
202485.718236458,0,0.016006649,-0.0022781491,0.011231184,0.01813848,0.07663664,-0.08736729,false
202485.738236458,0,0.012332827,-0.00792551,0.011955023,0.017235896,0.08273922,-0.07883201,false
202485.758236457,19999999,0.0040602684,-0.012700498,0.016386986,0.038488872,0.06226284,-0.08587801,false
202485.778236458,0,-0.0050917566,-0.010635912,0.021213412,0.093992725,-0.05327636,-0.113078445,false
202485.798236458,0,0.0036729574,0.0017907023,0.01117605,0.12763071,-0.10723896,-0.12617628,false
202485.818236457,19999999,0.014124393,0.007598579,0.003000915,0.105757475,-0.06296298,-0.10282135,false
202485.838236458,0,0.00819397,0.00014388561,0.010851264,0.071260795,-0.020495906,-0.057111192,false
202485.858236457,19999999,0.0022631586,-0.007312596,0.018700719,0.03676411,0.021971166,-0.011401035,false
202485.878236457,39999999,-0.002496332,-0.008624136,0.021316946,0.038831286,0.04391133,0.0182437,false
202485.898236458,0,0.0049061477,-0.0040591955,0.011715829,0.040480584,0.072242066,0.056607917,false
202485.918236458,0,0.009929657,-0.0018571019,0.007825911,0.02794604,0.0947578,0.07307585,false
202485.938236457,19999999,0.008818865,0.00018155575,0.006398976,0.0084593315,0.1358982,0.09089495,false
202485.958236458,0,0.0054752827,0.00074225664,0.01142031,0.012630117,0.1341978,0.09332141,false
202485.978236457,19999999,0.0024744272,0.0023504496,0.014865041,0.00712467,0.117310226,0.10540183,false
202485.998236458,0,0.0009403229,0.0014209151,0.014726877,-0.00477683,0.09042452,0.09940498,false
202486.018236457,19999999,0.0006335676,0.0017807484,0.010577977,-0.02255079,0.063809454,0.0915952,false
202486.038236458,0,0.0001925528,0.0016041398,0.010060728,-0.044078648,0.04546226,0.08489426,false
202486.058236458,0,0.0033288002,-0.00087970495,0.0066301823,-0.051262133,0.045010142,0.10097232,false
202486.078236457,19999999,0.0064648986,-0.003364563,0.0032001138,-0.058445618,0.04455803,0.11705037,false
202486.098236458,0,0.012344748,-0.018549383,0.0019643903,-0.020719662,0.093572915,0.1206694,false
202486.118236457,19999999,0.010184735,-0.03281325,0.012119591,0.060649894,0.11313377,0.1533402,false
202486.138236458,0,0.011452079,-0.015012145,0.00899601,0.121996745,0.15624508,0.18515083,false
202486.158236458,0,0.017570823,-0.013790548,0.0042357445,0.21482292,0.21604908,0.17725636,false
202486.178236457,19999999,0.007345289,-0.0033148527,0.0063356757,0.26747316,0.23957668,0.19199827,false
202486.198236458,0,0.002381891,0.0046890974,0.0016615987,0.29319403,0.23188776,0.17963314,false
202486.218236457,19999999,-0.0015359819,0.017450154,-0.0035321712,0.2553086,0.20623246,0.16948374,false
202486.238236458,0,-0.001086384,0.018542051,-0.005477071,0.18481138,0.18344066,0.13419838,false
202486.258236458,0,0.00013428926,0.019969046,-0.006549239,0.07577838,0.16493842,0.10250797,false
202486.278236457,19999999,-0.0074321926,0.0144912,0.009218216,-0.017657436,0.13519374,0.083643824,false
202486.298236458,0,-0.0049066544,0.006062269,0.013623774,-0.09235457,0.121679336,0.07324514,false
202486.318236458,0,-0.0062441826,-0.0018559694,0.023130298,-0.13255084,0.10141598,0.08153182,false
202486.338236458,0,-0.007049918,-0.006987214,0.028030157,-0.14954925,0.08447195,0.09452384,false
202486.358236458,0,-0.005964935,-0.008851707,0.029580355,-0.16585696,0.08724149,0.11339633,false
202486.378236458,0,-0.0020506084,-0.011636555,0.02898407,-0.16286378,0.08527116,0.12533182,false
202486.398236458,0,-0.00076428056,-0.009758711,0.023173451,-0.1645857,0.058158755,0.12596154,false
202486.418236457,19999999,-0.0017243028,-0.006253302,0.023033082,-0.17891827,0.057856765,0.13727811,false
202486.438236458,0,0.0010120571,-0.011769772,0.023792267,-0.1701804,0.06173941,0.14041357,false
202486.458236457,19999999,-0.0014835894,-0.0010334253,0.024737418,-0.18217283,0.07475931,0.18006127,false
202486.478236458,0,-0.0041014254,-0.0059008,0.014566779,-0.18128356,0.06116318,0.20183428,false
202486.498236458,0,0.0032438338,-0.00059473515,0.0008506775,-0.14560501,0.031144312,0.22897199,false
202486.518236458,0,-0.003829658,-0.009294987,0.011222422,-0.07235728,-0.043222547,0.21979593,false
202486.538236458,0,-0.0006170273,0.003621757,0.00060623884,-0.012885455,-0.0923808,0.20169476,false
202486.558236457,19999999,-0.010773301,0.012099087,-0.0033914447,0.011052994,-0.16323707,0.19536473,false
202486.578236458,0,-0.010196656,0.02000463,-0.004826367,-0.008074557,-0.22585024,0.19020337,false
202486.598236458,0,-0.0038988292,0.02947855,-0.00660944,-0.057540916,-0.25741544,0.19396709,false
202486.618236458,0,-0.00100559,0.020562947,-0.00040477514,-0.06419126,-0.25708917,0.19133551,false
202486.638236457,19999999,0.0019023418,0.0116250515,0.0057733655,-0.070841596,-0.25676292,0.18870394,false
202486.658236457,39999999,0.005063504,0.0015099049,0.009858191,-0.025376286,-0.24914059,0.16263193,false
202486.678236458,0,0.006534517,-0.0022470355,0.0067998767,-0.01841759,-0.23637429,0.17272517,false
202486.698236457,19999999,0.011629254,-0.008524537,0.0073447227,-0.0055078436,-0.21461172,0.19922048,false
202486.718236458,0,0.007860094,-0.015343726,0.0114091635,0.034119107,-0.19015622,0.21465035,false
202486.738236458,0,0.0022577643,0.002347529,0.016416013,0.047453903,-0.19714867,0.2510906,false
202486.758236457,19999999,0.010692596,-0.005313456,0.013004422,0.033058546,-0.17532168,0.27467147,false
202486.778236458,0,0.0094230175,-0.004693091,0.016893387,0.009537339,-0.156344,0.28784317,false
202486.798236457,19999999,0.012432486,-0.004052818,0.016946197,-0.022807527,-0.114940114,0.29999793,false
202486.818236458,0,0.0015591383,-0.0031774044,0.024336755,-0.09063332,-0.07756315,0.34210405,false
202486.838236457,19999999,-0.0056301653,0.0027639866,0.02642548,-0.14845109,-0.038264718,0.39023396,false
202486.858236458,0,-0.009155005,-0.00642097,0.015355587,-0.2348181,-0.014960669,0.43706095,false
202486.878236457,19999999,0.04102564,0.031133056,-0.017647624,-0.28553247,0.106636345,0.60390735,false
202486.898236458,0,-0.016885877,-0.02575463,0.020364225,-0.2519558,0.16172194,0.53935504,false
202486.918236458,0,-0.053727046,-0.024958074,0.033152103,-0.15424618,-0.11794847,0.578909,false
202486.938236457,19999999,-0.032310188,-0.021656752,0.025971472,-0.12760532,-0.22981358,0.5550757,false
202486.958236457,0,-0.004517138,-0.022274733,0.019757926,-0.106356874,-0.27292916,0.5245771,false
202486.978236457,0,0.0056015253,-0.01687342,0.013167977,-0.098463036,-0.27282587,0.45484656,false
202486.998236456,19999999,0.0011609793,-0.008272529,0.0042713284,-0.12494186,-0.28808683,0.38524202,false
202487.018236457,0,-0.019302443,-0.011189878,0.011499405,-0.16745938,-0.3587504,0.3279268,false
202487.038236457,0,-0.024640366,-0.029855013,0.016079247,-0.112859204,-0.47222084,0.227842,false
202487.058236457,0,-0.02285491,-0.03488034,0.021977961,-0.002519548,-0.59148026,0.18421663,false
202487.078236456,19999999,0.00881739,-0.008291781,-0.004369259,0.10756173,-0.52595097,0.21463235,false
202487.098236457,0,0.007881224,0.024189293,-0.020195007,0.0033360422,-0.41539228,0.34725785,false
202487.118236457,0,-0.008231103,0.013900101,-0.017160654,-0.0915861,-0.3565321,0.32745183,false
202487.138236456,19999999,-0.0036784112,-0.01367408,-0.018054664,-0.17311633,-0.29919982,0.30596304,false
202487.158236457,0,-0.0056535155,-0.01508683,-0.013739407,-0.20447662,-0.23908076,0.3003847,false
202487.178236456,19999999,-0.009905234,-0.017653644,0.00034320354,-0.1619069,-0.18673454,0.31619108,false
202487.198236457,0,-0.014159799,-0.027765155,-0.0006133914,-0.15931183,-0.14668393,0.32829353,false
202487.218236457,0,-0.017502353,-0.01114434,-0.00035607815,-0.11834179,-0.1531054,0.30012646,false
202487.238236456,19999999,-0.018892169,0.0010985732,-0.0026634932,-0.11796051,-0.15198708,0.28718135,false
202487.258236457,0,-0.019551128,-0.0010360479,-0.0034915805,-0.09372729,-0.16351946,0.26459682,false
202487.278236457,0,-0.011856839,-0.014478028,-0.0023649335,-0.04974254,-0.13420627,0.21102458,false
202487.298236457,0,-0.028459743,-0.009352684,-0.004085779,-0.13093531,-0.15902379,0.31632662,false
202487.318236457,0,-0.038610972,0.014616966,0.017999172,-0.07481709,-0.17520115,0.23447236,false
202487.338236456,19999999,-0.014943853,-0.006753683,-0.010192275,-0.15847841,-0.17088164,0.20010847,false
202487.358236457,0,-0.014165074,-0.027903438,-0.003657639,-0.15869948,-0.118017584,0.17992088,false
202487.378236457,0,-0.016966142,-0.026441813,0.0008303523,-0.15452775,-0.083208695,0.17535575,false
202487.398236457,0,-0.008467518,-0.020824075,-0.0018785,-0.13952073,-0.06189631,0.17741501,false
202487.418236457,0,0.01167734,0.0066089034,-0.034925222,-0.15972896,0.018108658,0.13045202,false
202487.438236457,0,-0.00081035495,0.014458597,-0.030928552,-0.1980261,0.023114856,0.109944224,false
202487.458236457,0,-0.025027417,0.013647974,-0.00987941,-0.2123313,-0.02434259,0.09724944,false
202487.478236457,0,-0.025249869,-0.0024154186,-0.0010271072,-0.17847745,-0.077809304,0.106455036,false
202487.498236457,0,-0.024086833,-0.012935698,0.008751154,-0.114415914,-0.09346859,0.08758271,false
202487.518236457,0,-0.015223928,-0.005890131,-0.003779173,-0.13202372,-0.074987136,0.08807032,false
202487.538236456,19999999,-0.014039479,-0.028014243,0.0050121546,-0.046846963,-0.08202913,0.05604455,false
202487.558236457,0,-0.012321427,-0.015623987,0.005811572,0.03950198,-0.090207025,0.037722945,false
202487.578236456,19999999,-0.0064784363,-0.008500755,-0.009515643,0.029453287,-0.057959884,0.003479153,false
202487.598236457,0,-0.008734666,-0.0038018227,-0.010238051,0.041394804,-0.036815338,0.025425706,false
202487.618236457,0,-0.010451563,0.00044602156,-0.0046476126,0.069396555,-0.04918695,-0.042955477,false
202487.638236457,0,-0.03605458,0.004859209,0.0050212145,-0.052891932,-0.062400527,0.034257565,false
202487.658236456,19999999,-0.021824695,-0.0014247298,0.0010467172,-0.067267254,-0.07193472,0.022833925,false
202487.678236457,0,-0.008859731,0.0021508932,-0.011787951,-0.09746864,0.004070595,0.008680939,false
202487.698236456,19999999,-0.005132854,-0.030205548,-0.0048923492,-0.10444616,0.026054798,-0.008890933,false
202487.718137333,0,-0.007793654,-0.019966986,0.00049933133,-0.05613011,0.07841033,0.0056550326,false
202487.738137332,19999999,-0.0070542544,0.004019618,-0.0062264204,-0.046923473,0.06800671,-0.0008765026,false
202487.758137333,0,-0.007056102,0.009077251,-0.005392432,-0.076150164,0.06451073,0.0054713977,false
202487.778137333,0,-0.010031931,0.0025753975,0.0010603666,-0.078464024,0.049081795,0.016150743,false
202487.798137332,19999999,-0.01661259,0.030450344,-0.004876673,-0.14826073,0.06134952,0.057037503,false
202487.818137333,0,-0.020104878,0.0031479,0.010715187,-0.13509196,0.0575763,0.030383825,false
202487.838137332,19999999,-0.009259887,-0.021885812,0.010045528,-0.10110096,0.051787544,0.018167209,false
202487.858137333,0,-0.009562939,-0.022053659,0.012239993,-0.06302594,0.044051968,0.009253876,false
202487.878137333,0,-0.006918654,-0.012091637,0.007053137,-0.031455077,0.025344599,0.00042429473,false
202487.898137332,19999999,-0.005769007,0.0007417202,-0.0013448,-0.027800696,0.033104382,-0.011562209,false
202487.918137333,0,-0.003452137,-0.0032223463,-0.0035025477,-0.03262766,0.03214748,-0.0070997677,false
202487.938137333,0,-0.0031486303,-0.0021679401,-0.0036997795,-0.054612935,0.06662913,-0.020776538,false
202487.958137333,0,-0.0017320812,0.0075297356,-0.0029465556,-0.09618357,0.11032474,-0.011234471,false
202487.978137332,19999999,0.009275734,0.00016456842,0.0010825992,-0.13604456,0.124589995,0.0016477536,false
202487.998137333,0,-0.0039046407,-0.0057088137,-0.0049405694,-0.14446321,0.14967294,-0.04981056,false
202488.018137333,0,-0.023578689,-0.021559536,0.029412687,-0.0477696,-0.033621907,-0.06298372,false
202488.038137332,19999999,-0.021789476,0.0085686445,0.011738718,-0.05282081,-0.08673592,-0.040797204,false
202488.058137333,0,-0.010826707,0.0065740347,0.0021117926,-0.018919293,-0.11246313,-0.020347683,false
202488.078137333,0,-0.0023549497,0.0060996413,-0.004868269,-8.223578e-05,-0.08346536,-0.03601037,false
202488.098137332,19999999,0.0025439337,0.0031639338,-0.00930804,-0.00024583575,-0.043385044,-0.04588888,false
202488.118137333,0,-0.0013200566,0.001457572,-0.0030608773,-0.0039515737,-0.016750108,-0.026094405,false
202488.138137333,0,-0.0062677115,0.009355187,-0.0015285611,-0.009017175,0.006093744,-0.016612235,false
202488.158137333,0,-0.00963679,0.0072716475,-0.0018869638,-0.007719923,0.0071605938,0.002600247,false
202488.178137332,19999999,-0.009227283,-0.006837368,0.0016224384,0.0040992275,-0.004188358,0.010446769,false
202488.198137333,0,-0.0061891973,0.0013399124,-0.0056741834,-0.0041951872,-0.007142608,-0.00461792,false
202488.218137333,0,-0.004396759,-0.0004797578,-0.0050503016,-0.009140724,-0.008037319,-0.009960113,false
202488.238137332,19999999,-0.0038590804,-0.0048881173,-0.0034528375,-0.004905328,0.0058176564,-0.015195413,false
202488.258137333,0,-0.009639092,0.0017686486,-0.002521515,-0.00097651314,0.01612125,0.0063444395,false
202488.278137333,0,-0.003720291,0.00021672249,-0.011723697,-0.004385407,0.043827385,0.021751318,false
202488.298137333,0,-0.004252605,0.0030654073,-0.0115766525,-0.024660606,0.096193574,0.029127091,false
202488.318137333,0,-0.008917972,0.007017374,-0.004707098,-0.06148692,0.10806046,0.06383535,false
202488.338137333,0,-0.0013431907,0.006357014,-0.0025940537,-0.10033551,0.16448645,0.06776542,false
202488.358137333,0,-0.0011926442,-0.009345412,0.0038706064,-0.12728693,0.18945421,0.06860277,false
202488.378137332,19999999,0.029074527,0.018444777,-0.017745674,-0.1497671,0.27391827,0.15066823,false
202488.398137333,0,-0.01235956,-0.011456311,0.012745023,-0.106536716,0.28517127,0.07174748,false
202488.418137333,0,-0.055231854,-0.05520028,0.042411566,-0.021487474,-0.03274128,0.0347881,false
202488.438137333,0,-0.021181911,0.0053010583,0.0021557808,-0.021256592,-0.043666676,0.035321247,false
202488.458137333,0,-0.009997055,0.008234978,-0.0008842349,-0.020756092,-0.040559284,0.06261621,false
202488.478137333,0,0.0035127997,-0.009591937,-0.015237212,-0.032135528,0.004605584,0.0013969764,false
202488.498137333,0,-0.00720454,-0.011869192,-0.011638761,-0.029675107,-0.018627882,-0.07309575,false
202488.518137332,19999999,-0.0139455125,-0.020321667,0.0003465414,0.0045316964,-0.13382798,-0.055642195,false
202488.538137333,0,0.0021795481,-0.014546871,-0.0021671057,0.12796131,-0.13009332,-0.07663757,false
202488.558137333,0,0.020791344,-0.0025860071,-0.014962673,0.14077301,0.0003297329,-0.059505064,false
202488.578137333,0,-0.004871547,0.01621288,0.0028871894,0.04400289,-0.01683774,0.021420095,false
202488.598137333,0,0.0014626831,0.00021517277,-0.00022238493,0.0438509,0.0051081553,0.016104642,false
202488.618137332,19999999,-0.007835016,0.0078241825,0.003857255,0.03980401,0.028431464,0.013557602,false
202488.638137333,0,-0.0123034045,0.021898746,0.0021246076,0.008963967,0.016395364,0.036926776,false
202488.658137333,0,-0.010262929,0.014197707,0.003564179,-0.03120607,0.02309999,0.051382393,false
202488.678137333,0,-0.015655652,-0.0053895116,0.011454225,-0.044659883,-0.0060133263,0.0692197,false
202488.698137333,0,-0.0062129647,-0.004597664,0.00164783,-0.036853917,-0.014733932,0.0433561,false
202488.718137332,19999999,-8.0905855e-05,-0.012102842,-0.0016441941,-0.019519733,-0.013539267,0.019784184,false
202488.738137333,0,-0.0017524436,-0.020981848,0.0004130602,0.007915702,0.003101415,-0.010538129,false
202488.758137332,19999999,-0.0074014366,0.02085489,-0.010375619,-0.07619393,0.007915081,-0.02074251,false
202488.778137333,0,-0.006539963,-0.0029964447,-0.0051226616,-0.11128053,0.03468345,-0.034510512,false
202488.798137332,19999999,-0.008438945,-0.011271417,0.0022941232,-0.10035211,0.05150824,-0.036192566,false
202488.818137333,0,-0.008712128,-0.017653048,0.00378865,-0.07305889,0.084704936,-0.017244307,false
202488.838137333,0,0.016149819,-0.0010252595,-0.017067432,-0.015436463,0.0994183,-0.038176768,false
202488.858137332,19999999,-0.0012302697,0.021072805,-0.008857131,-0.045481063,0.14801632,-0.012939574,false
202488.878137333,0,-0.008106612,0.024629116,-0.0045850873,-0.049466193,0.12401723,0.024663085,false
202488.898137333,0,-0.014956564,0.010859013,0.0062324405,-0.070262775,0.117462695,0.06510744,false
202488.918137332,19999999,-0.011046879,-0.002173245,0.0060941577,-0.06517477,0.08588004,0.08952071,false
202488.938137333,0,0.003137894,-0.011287153,-0.00067925453,-0.03764914,0.07855433,0.067555204,false
202488.958137333,0,0.0073351413,-0.010676563,-0.0055253506,-0.039652426,0.09663098,0.024475016,false
202488.978137332,19999999,0.0015455633,-0.011074007,0.00040012598,-0.040599033,0.07982739,0.0010847002,false
202488.998137333,0,0.0049419105,-0.014450669,0.002793491,-0.012291502,0.058923785,-0.020412669,false
202489.018137332,19999999,0.008694388,-0.015414,0.0049212575,0.02420275,0.045125782,-0.034209117,false
202489.038137333,0,0.012110658,-0.013941526,0.0043907166,0.05702449,0.04176011,-0.060480192,false
202489.058137332,19999999,0.0088486,-0.0029135346,-0.0008608699,0.07237221,0.046109647,-0.08853873,false
202489.078137333,0,0.0020652488,0.016144931,0.0022324324,0.041417897,0.015446987,-0.07060958,false
202489.098137333,0,-0.0010607466,0.015578926,0.00577724,0.019737672,0.011380095,-0.086086266,false
202489.118137333,0,-0.005800076,0.019781828,0.003053546,-0.0084537715,-0.00012844242,-0.07864154,false
202489.138137333,0,-0.015140124,0.013809979,-0.00010174513,-0.022140913,-0.008972803,-0.06405554,false
202489.158137332,19999999,-0.01167807,0.026749015,-0.012837291,-0.02225543,-0.025375264,-0.030472863,false
202489.178137333,0,-0.013071999,0.018081546,-0.004605353,-0.016925745,-0.027677666,0.014102459,false
202489.198137333,0,-0.010198735,0.010840476,-0.0040961504,0.005127026,-0.033088773,0.048397668,false
202489.218137332,19999999,8.9645386e-05,-0.0001758337,-0.005637467,0.041578434,-0.01482787,0.061441787,false
202489.238137333,0,0.0018446743,0.0058033466,-0.00974828,0.0130929,0.037226934,0.05671289,false
202489.258137333,0,-0.0009787008,-0.0023463964,-0.0015025735,0.0140019,0.05681976,0.035690725,false
202489.278137332,19999999,0.0019752681,-0.0045949817,-0.0029745698,-0.015497955,0.08489451,0.0119872205,false
202489.298137333,0,-0.0008879304,0.0036939979,0.003017664,-0.04813248,0.10153881,-0.012050461,false
202489.318137332,19999999,0.00040116906,0.0056432486,0.0064154863,-0.07227633,0.10332322,-0.021447774,false
202489.338137332,0,-0.0024103522,-0.0006043911,0.012430012,-0.081879295,0.11496244,-0.017416544,false
202489.358137331,19999999,-0.0006725937,-0.008477747,0.005983293,-0.0914974,0.1000975,-0.008112616,false
202489.378137332,0,-0.01046133,-0.011414111,0.000798285,-0.065543205,0.12318311,-0.043932114,false
202489.398137332,0,-0.013759814,-0.015702307,0.0034269094,-0.02208431,0.06853531,-0.07601237,false
202489.418137331,19999999,-0.009429008,0.0072478056,0.001963079,-0.042793922,0.05954235,-0.05089661,false
202489.438137332,0,-0.008450851,0.0157305,-0.0062305927,-0.1251424,0.0960788,-0.014115553,false
202489.458137332,0,0.002160862,0.008880079,0.0012428164,-0.13800728,0.08387877,-0.015561893,false
202489.478137332,0,0.0012405366,0.0038616657,-0.0053038,-0.19667266,0.0733103,-0.025174037,false
202489.498137332,0,-0.0135496855,-0.013339698,0.0031560063,-0.17505182,0.04943461,-0.031000689,false
202489.518137331,19999999,-0.04019159,-0.038848758,0.0017333627,-0.13353868,-0.03830345,-0.047175072,false
202489.538137332,0,-0.0047334135,0.01851517,-0.010215759,-0.031669497,0.002242744,-0.010298546,false
202489.558137331,19999999,-0.0029280633,0.020735443,-0.0007392168,-0.0054685567,-0.0068158386,-0.01750847,false
202489.578137332,0,-0.013872027,-0.01114583,0.008944511,-0.035797387,-0.06639881,-0.03747573,false
202489.598137332,0,0.0007043779,0.0031345487,0.00870508,0.034535147,-0.09603696,-0.08537014,false
202489.618137332,0,-0.0008561015,-0.0015956163,-0.0021333098,-0.017467897,-0.10415684,-0.051701747,false
202489.638137332,0,0.0010870099,-0.02518785,-0.0047973394,0.043697048,-0.1249987,-0.10167451,false
202489.658137332,0,0.016913608,-0.01062572,-0.008498967,0.14411975,-0.067160495,-0.09634342,false
202489.678137332,0,0.009329304,0.016082406,-0.007037163,0.1510188,-0.031956315,-0.046722937,false
202489.698137331,19999999,0.0074257553,0.026533544,-0.015702844,0.07921194,-0.011278426,-0.045395266,false
202489.718137332,0,0.012115091,0.046556592,-0.025574625,-0.049937464,0.001011027,-0.017861841,false
202489.738137332,0,0.008209929,0.014284849,-0.007240176,-0.046681207,0.061056927,0.015168035,false
202489.758137331,19999999,0.004303694,-0.017988265,0.011089683,-0.04342495,0.121102825,0.04819791,false
202489.778137332,0,-0.004611388,-0.021654189,0.014477015,0.011970777,0.14229551,0.038852975,false
202489.798137332,0,0.027419552,0.023524344,-0.024200082,0.09056966,0.05688964,0.032020804,false
202489.818137332,0,-0.01053676,0.01660049,0.004274428,0.061835594,0.016965717,-0.042140212,false
202489.838137332,0,-0.015845314,0.019019723,0.021983683,0.10859214,-0.13171346,-0.036036417,false
202489.858137332,0,0.01214847,0.015102625,-0.006292641,0.0406314,-0.04831633,-0.05782241,false
202489.878137331,19999999,0.004159972,0.012873471,-0.0076750517,-0.07545626,-0.027212812,0.016729426,false
202489.898137332,0,0.010381758,-0.008514881,-0.0043751597,-0.08031753,0.010901893,-0.022625826,false
202489.918137332,0,-0.0032024235,-0.012897849,0.0154438615,-0.05958227,-0.021976603,-0.024384769,false
202489.938137331,19999999,0.0021406114,-0.008383274,0.006896436,-0.05315758,-0.040902257,-0.029477362,false
202489.958137332,0,0.0019696206,-0.019737959,0.015553355,-0.020262454,-0.057010002,-0.017378775,false
202489.978137332,0,-0.0030146241,-0.027715981,0.018942475,0.06440982,-0.05760791,-0.022801789,false
202489.998137332,0,0.0009300262,0.019806147,-0.00023138523,0.04566465,-0.031879537,-0.04260692,false
202490.018137332,0,-0.0069424063,0.014896929,-0.0024744868,-0.10353327,-0.03539721,0.021313973,false
202490.038137332,0,-0.0014317185,-0.02646792,0.0093307495,-0.0592406,-0.00869092,0.020825831,false
202490.078137332,0,-0.0007765293,-0.0045654178,-0.00095546246,-0.029032703,-0.018759256,0.027834289,false
202490.098137332,0,-0.0032847673,0.00053077936,0.0035227537,-0.014564879,-0.03196083,-0.011161942,false
202490.118137332,0,0.0048920363,-0.0022673607,-0.007396221,-0.024789296,-0.023157816,-0.022004526,false
202490.138137331,19999999,-0.0018748939,0.002904117,-0.004850745,-0.06731671,-0.03960843,-0.010059114,false
202490.158137332,0,-0.0017863065,-0.0075747967,-0.0024157166,-0.067459784,-0.00712955,-0.015831782,false
202490.178137332,0,0.0020674765,-0.0042957664,-0.0039224625,-0.042946987,0.033451688,-0.0017844951,false
202490.198137332,0,0.000360772,0.004502833,-0.0041304827,-0.025780719,0.07031986,0.014398874,false
202490.218137332,0,0.002931565,0.013682544,-0.008292973,-0.01722125,0.0656533,0.014766564,false
202490.238137331,19999999,0.0031834096,0.026405752,-0.010514498,-0.043237,0.07192963,0.024414746,false
202490.258137332,0,-0.0032780915,0.019163907,0.0008376837,-0.049574915,0.042501114,0.03748581,false
202490.278137332,0,-0.0049544275,0.00494051,0.008864045,-0.029191451,0.01752941,0.044967268,false
202490.298137332,0,-0.0024692267,-0.002206087,0.008826613,0.007039884,-0.025429245,0.044615567,false
202490.318137331,19999999,0.0023280531,-0.00258708,-8.285046e-06,0.030666668,-0.03958071,0.032564655,false
202490.338137332,0,0.00896655,-0.0073043704,-0.006270528,0.045183823,-0.03658811,0.01352841,false
202490.358137332,0,0.0069710463,-0.0016293526,-0.005946636,0.040578984,-0.017397583,-0.0040665884,false
202490.378137331,19999999,0.0032444894,0.0023500323,6.5624714e-05,0.039473858,-0.008737559,-0.0061775045,false
202490.398137332,0,-0.0019047409,0.007686913,0.0066865087,0.031908058,-0.009375492,-0.0012556519,false
202490.418137332,0,-0.0018676668,0.010145009,0.008634031,0.018879201,-0.009644058,0.0040988736,false
202490.438137331,19999999,-0.00023764372,0.005231917,0.0047816634,0.0022385903,-0.0015055956,0.0121127665,false
202490.458137332,0,-0.0039043725,0.00800395,0.005502999,-0.023326563,0.00028369017,0.02380728,false
202490.478137331,19999999,-0.007934168,0.0072689056,0.009013116,-0.04505211,0.005231429,0.03583014,false
202490.498137332,0,-0.0071913153,-0.0019159913,0.00837785,-0.046074226,-0.0034690136,0.041680768,false
202490.518137332,0,-0.0028199553,-0.008621216,0.0030494928,-0.03847546,-0.0020577277,0.034500152,false
202490.538137332,0,0.00037252903,-0.010435164,-0.0007737875,-0.040065717,0.010756958,0.01671004,false
202490.558137332,0,-0.0020244122,-0.01118958,-0.0003514886,-0.03914272,0.0119065,0.0037693875,false
202490.578137331,19999999,-0.005519837,-0.011941254,0.003005147,-0.02825702,-0.005739388,0.0036494383,false
202490.598137332,0,0.0005735755,-0.014404237,-0.0032684803,-0.011397719,-0.0020088493,-0.010066146,false
202490.618137332,0,-0.00084094703,-0.008524239,-0.0025571585,-0.011983075,0.0071629114,-0.024275545,false
202490.638137331,19999999,-0.0022553504,-0.0026445389,-0.001846075,-0.01256843,0.01633467,-0.038484942,false
202490.658137332,0,-0.003588304,0.0022238493,0.00023072958,-0.0149244,0.015213463,-0.042340223,false
202490.678137331,19999999,-0.0031317621,0.008570135,-0.00012642145,-0.02698284,0.020904101,-0.037198212,false
202490.698137332,0,-0.0016172677,0.0070841312,0.0013403296,-0.035372756,0.04115723,-0.023493659,false
202490.718137331,19999999,-0.0012150407,0.008637369,0.0006067157,-0.041763447,0.0692475,-0.012577936,false
202490.738137332,0,0.0030614287,0.011700094,-0.007586479,-0.07106647,0.13211463,0.021519776,false
202490.758137331,19999999,0.0073359907,0.014763057,-0.015785336,-0.1003695,0.19498178,0.05561749,false
202490.778137331,39999999,-0.008824065,0.011759341,-0.001239419,-0.08093655,0.15605272,0.064870276,false
202490.798137332,0,-0.008945376,0.02119565,-0.0021426678,-0.016324617,0.053230785,0.05780356,false
202490.818137332,0,-0.008119553,-0.012302399,0.0061150193,0.024844911,-0.032797694,0.021999307,false
202490.838137331,19999999,0.0034554005,-0.012855709,-0.0015105605,0.08029113,-0.08346747,-0.023451887,false
202490.858137332,0,0.005509317,0.027454793,-0.015830815,0.03426726,-0.05246652,-0.029090883,false
202490.878137331,19999999,0.0033136755,0.0022574067,-0.007808864,0.016417064,-0.034939826,-0.03318795,false
202490.898137332,0,-0.003534317,0.0003079176,-0.0016903281,0.013619633,-0.032014266,-0.03142003,false
202490.918137332,0,-0.0007696599,-0.0062738657,-0.0019490123,0.02663285,-0.016105685,-0.032683082,false
202490.938137332,0,0.0066063106,0.0121510625,-0.008967876,-0.0038503073,0.01357865,-0.009926034,false
202490.958137332,0,0.016477406,-0.0030736327,-0.006518841,0.0013578692,0.07221173,-0.017041504,false
202490.978137331,19999999,0.0012856275,0.0031734705,0.012907386,-0.011004581,0.050336618,0.022494663,false
202490.998137332,0,0.0006503761,0.007460296,0.012423873,-0.009281474,0.05777872,0.05353927,false
202491.018137331,19999999,-0.00766252,0.008608818,0.016691267,-0.00939258,0.047236674,0.08948755,false
202491.038137332,0,-0.012743831,0.008322895,0.016732097,-0.015812684,0.026182558,0.13014378,false
202491.058137332,0,-0.0028934628,0.0010975003,0.007014513,-0.049196597,0.028577399,0.1700944,false
202491.078137331,19999999,0.008580834,-0.010641277,-0.002037108,-0.08206293,0.076868966,0.16528966,false
202491.098137332,0,0.0063320845,-0.017455459,0.004437566,-0.08854828,0.101187915,0.12755384,false
202491.118137332,0,-0.00010859966,-0.018078864,0.012114048,-0.07721978,0.068293154,0.07677509,false
202491.138137331,19999999,0.003746599,-0.004902661,0.0048259497,-0.101411305,0.040564287,0.035935696,false
202491.158137332,0,0.008038431,-0.003501594,0.0023728013,-0.114961356,0.01816886,-0.014122613,false
202491.178137331,19999999,0.020236045,-0.03787887,0.057640553,-0.04980115,-0.062321045,-0.059383143,false
202491.198137332,0,0.008439496,0.002106011,0.025361955,-0.101774156,-0.018079318,-0.05383435,false
202491.218137332,0,-0.0030958652,0.006056726,0.018080413,-0.06579812,-0.038929537,-0.029836765,false
202491.238137331,19999999,-0.006749481,0.013104618,0.0005418658,-0.08106776,-0.029144116,-0.052555077,false
202491.258137331,0,-0.012281746,0.010637164,0.0020515919,-0.035569694,-0.106633216,-0.02802457,false
202491.278137330,19999999,0.0022004396,-0.02485174,0.010540843,0.116677955,-0.12096759,-0.06383708,false
202491.298137331,0,0.001552999,-0.01754886,0.004487872,0.047974795,-0.06792353,-0.01623759,false
202491.318137330,19999999,0.00090537965,-0.0102458,-0.0015656948,-0.020728365,-0.014879484,0.031361904,false
202491.338137330,39999999,0.0020620972,-0.01773113,0.002393663,-0.0012108386,0.01515357,0.04221462,false
202491.358137331,0,0.0021134168,-0.007581234,0.00922358,0.06035453,0.017382048,0.04211816,false
202491.378137330,19999999,0.0021173656,0.009694517,0.0010464191,0.05782998,0.0063637635,0.05567388,false
202491.398137331,0,-0.00052282214,0.017495811,-0.0025218725,0.06607386,-0.016175602,0.01184785,false
202491.418137331,0,-0.0047525913,0.02307856,-0.0072316527,0.020969663,-0.030567784,-0.009608533,false
202491.438137330,19999999,0.0013809204,0.023849308,-0.0197407,-0.05547784,-0.0007991139,0.006846022,false
202491.458137331,0,-0.002900228,0.011724114,-0.0031080842,-0.07055691,-0.00987017,-0.0008904715,false
202491.478137330,19999999,0.0043394268,0.010977328,-0.0034621358,-0.09539171,0.0076564997,-0.00037312327,false
202491.498137331,0,0.0053367615,-0.00029969215,-0.0011882186,-0.11298778,0.061911166,0.025690546,false
202491.518137330,19999999,0.0020934492,-0.017008543,0.0026097298,-0.08604028,0.09400965,0.053362705,false
202491.538137331,0,-0.0040293485,-0.017920613,0.0107806325,-0.009136282,0.052729446,0.015754499,false
202491.558137331,0,-0.003975749,-0.011866033,-0.0027390718,0.0067433584,0.017702907,-0.016806822,false
202491.578137331,0,-0.008134022,-0.0136168,0.0068824887,0.07989676,-0.026530944,-0.06768467,false
202491.598137331,0,-0.0066670775,-0.012279451,0.011336744,0.12422576,-0.10451882,-0.084674545,false
202491.618137330,19999999,0.003826663,0.011667192,-0.0005672574,0.094723396,-0.07057053,-0.056837272,false
202491.638137331,0,0.0006813556,0.017717183,-0.0014463067,0.04168973,-0.041198548,-0.016904391,false
202491.658137330,19999999,-0.004233718,0.013548315,-0.0025417209,0.0070212334,-0.015748993,0.014387693,false
202491.678137331,0,-0.004403278,0.0049998164,-0.0006966591,0.0047669606,0.0049761254,0.021499718,false
202491.698137331,0,-0.0015455782,0.009666383,-0.008629441,0.0069259186,0.050090365,0.020617478,false
202491.718137331,0,-0.00068692863,0.021868706,-0.013216972,-0.04725802,0.100367844,0.05386095,false
202491.738137330,19999999,0.00045764446,0.019424379,-0.020887017,-0.09474917,0.14961642,0.0556555,false
202491.758137331,0,-0.01635328,-0.0053318143,-0.0029733777,-0.07348485,0.07821842,0.026191948,false
202491.778137330,19999999,-0.008678257,-0.01479727,-0.0023892522,-0.061683234,0.034708984,0.011019395,false
202491.798137331,0,-0.004858136,-0.057612777,0.03519851,0.040884074,-0.06533466,-0.036123667,false
202491.818137331,0,-0.004502043,-0.0040858984,0.0097926855,-0.077567786,-0.009086061,-0.05309859,false
202491.838137331,0,-0.013575554,-0.017470896,0.02424246,-0.023540635,-0.08368859,-0.07802125,false
202491.858137331,0,0.009757131,-0.015823007,0.015214384,0.0544133,-0.09802903,-0.1401185,false
202491.878137331,0,0.0011819899,0.014739156,0.007595718,0.041493237,-0.09140681,-0.12369933,false
202491.898137331,0,-0.002274081,0.018376648,0.0019772649,0.050853122,-0.088204846,-0.09719923,false
202491.918137330,19999999,0.0030574799,0.013507426,-0.0001796484,0.06615208,-0.06245728,-0.042223472,false
202491.938137331,0,0.002014652,0.0043078065,9.9122524e-05,0.09629554,-0.027343333,-0.012129076,false
202491.958137331,0,0.0041864812,0.00850904,-0.0073069334,0.094538234,-0.0066615343,0.03313217,false
202491.978137330,19999999,-0.0007626265,0.020113587,-0.007037759,0.05114193,0.050133515,0.041042667,false
202491.998137331,0,-0.012665227,0.015968561,-0.00016951561,-0.008194577,0.03421712,0.07204607,false
202492.018137331,0,-0.0058152378,-0.0073236227,0.0034180284,-0.012797205,0.023811812,0.08413319,false
202492.038137331,0,0.009040251,-0.02111423,-0.008286059,-0.013231812,0.074172966,0.07155573,false
202492.058137331,0,0.0028532445,-0.02100569,-0.0036411881,-0.008239273,0.08628161,0.05942506,false
202492.078137330,19999999,0.02354969,-0.0067967176,-0.0172835,-0.022517262,0.16844851,0.070698716,false
202492.098137331,0,0.0024459064,0.0024955273,-0.007986844,-0.08082483,0.20102333,0.10391225,false
202492.118137331,0,-0.026704043,0.005459249,0.022806883,-0.016513288,0.047391668,0.05240521,false
202492.138137331,0,-0.0076575726,0.010494709,0.010747492,-0.011111304,-0.0402541,0.024306906,false
202492.158137331,0,0.0039228946,0.01251179,0.006331086,-0.0077553485,-0.021688417,-0.0036762077,false
202492.178137331,0,-0.0062208474,0.010676205,0.008574367,-0.037101254,-0.044880036,-0.04645163,false
202492.198137330,19999999,-0.00679785,0.027423084,0.00045913458,-0.094676085,-0.058073986,-0.028443,false
202492.218137331,0,0.0013919324,0.007773876,-0.0069155693,-0.14121276,-0.043089155,-0.010863865,false
202492.238137331,0,0.004138708,-0.032059073,-0.004096687,-0.106866464,-0.029176243,-0.053992234,false
202492.258137330,19999999,-0.0028315634,-0.031648517,-0.0051532984,-0.0137468055,-0.032533783,-0.07583952,false
202492.278137331,0,-4.4688582e-05,-0.015095353,-0.009456992,0.062320538,-0.009640999,-0.11758722,false
202492.298137330,19999999,-0.012851715,-0.0041570663,-0.00042432547,0.09465861,-0.051266603,-0.0997297,false
202492.318137331,0,-0.012436599,0.01677823,-0.0020125508,0.057144172,-0.053121533,-0.05047104,false
202492.338137331,0,-0.008810461,0.029224992,-0.012781322,-0.04039426,-0.02564661,0.041553635,false
202492.358137331,0,0.0019278824,0.0010789633,-0.0021617413,0.014269538,0.05955203,-0.043351244,false
202492.378137330,19999999,0.00160788,0.0037440062,0.0040522814,-0.03327325,0.021559115,-0.0020814463,false
202492.398137331,0,-0.0056878477,-0.003532946,0.011371076,0.0006175153,-0.0057302434,-0.020432087,false
202492.418137330,19999999,-0.012983605,-0.010809958,0.018689334,0.03450828,-0.033019602,-0.038782727,false
202492.438137331,0,-0.012520358,0.004036963,0.0022177696,-0.025169786,-0.04804069,-0.017130855,false
202492.458137331,0,0.008503124,-0.010824561,-0.010032237,0.008933008,-0.026212864,-0.06722394,false
202492.477986417,0,-0.004521266,-0.014512074,0.00422691,0.013808162,-0.036564235,-0.05481105,false
202492.497986417,0,-0.0015928,-0.0011699796,0.0008369088,0.021126159,-0.035346944,-0.04598936,false
202492.517986416,19999999,0.006670937,0.0076316,-0.0055805445,0.0045197904,-0.012498116,-0.046524603,false
202492.537986417,0,-0.00078830123,0.016210556,-0.0011436939,-0.050761435,-0.0010157702,-0.05046471,false
202492.557986416,19999999,0.0024888813,0.012551963,-0.0021341443,-0.08328143,0.006385695,-0.04329823,false
202492.577986417,0,-1.7806888e-05,0.0057750344,0.0023770928,-0.09860744,0.02545728,-0.01964024,false
202492.597986417,0,-0.0011456311,-0.010694683,0.0034541488,-0.049132332,0.038259514,0.004832132,false
202492.617986416,19999999,0.001386404,-0.016726375,-0.0007138252,0.025820099,0.044849962,0.016581975,false
202492.637986417,0,0.010117978,-0.0017162561,-0.014832139,0.084768414,0.058668245,0.012137891,false
202492.657986417,0,0.0040374845,0.005751848,-0.010469854,0.087441295,0.03785065,0.03885796,false
202492.677986416,19999999,-0.002040252,0.013217211,-0.0061120987,0.09011417,0.017033055,0.06557802,false
202492.697986416,39999999,0.0017793626,0.006112039,-0.0032000542,0.10933094,0.0072720004,0.04427898,false
202492.717986417,0,-0.0041029304,0.000675261,0.0037620664,0.13183808,-0.049501732,-0.0040966757,false
202492.737986417,0,-0.00055998564,0.0033406615,0.0029395223,0.12556946,-0.059902914,-0.03190472,false
202492.757986417,0,-0.0013790429,0.0038678646,0.005936265,0.07866633,-0.057927746,-0.028217318,false
202492.777986417,0,0.00031889975,0.015907764,0.0018243194,0.023979962,-0.05539811,-0.06756752,false
202492.797986417,0,-0.0010847002,0.009322882,0.0020608306,-0.06684106,-0.044198584,-0.071600564,false
202492.817986417,0,0.0012334585,-0.011653662,0.009194016,-0.07346506,-0.044560023,-0.06774233,false
202492.837986417,0,-0.0004901886,-0.00734812,0.0064198375,-0.04374053,-0.033536814,-0.056928795,false
202492.857986416,0,0.0032029748,-0.0009010434,-0.0024018884,-0.022639213,-0.02303153,-0.044986494,false
202492.877986416,0,0.0045268536,-0.0014301538,-0.004394889,-0.013492732,-0.0045397,-0.016526278,false
202492.897986415,19999999,-0.00072079897,0.022726834,-0.007415533,-0.03653828,0.024981702,-0.025008105,false
202492.917986416,0,0.010520294,-0.020839572,-0.0024232864,-0.03194501,0.044555955,-0.009824201,false
202492.937986416,0,0.0028929412,-0.017166674,0.0040971637,-0.012423031,0.02810711,-0.005285329,false
202492.957986416,0,0.0016416311,-0.012456894,0.0029307008,-0.0115950685,0.03536656,-0.0027734896,false
202492.977986415,19999999,0.00039051473,-0.0077471137,0.0017631054,-0.010767107,0.042626012,-0.0002616502,false
202492.997986415,39999999,-0.00086025894,-0.0030374527,0.00059461594,-0.009939144,0.049885463,0.0022501892,false
202493.017986415,59999999,0.0033945441,0.007314503,0.0019903183,-0.01755594,0.07391453,-0.033763643,false
202493.037986416,0,0.004263073,-0.0019232631,0.0023380518,-0.057281986,0.095652334,-0.008661043,false
202493.057986416,0,-0.009338409,0.009136081,0.0055889487,-0.085066885,0.101912536,0.02313609,false
202493.077986416,0,-0.00037823617,0.019422889,-0.0058761835,-0.09574474,0.11754322,0.04762295,false
202493.097986415,19999999,0.015313268,0.022408068,-0.026647568,-0.13957305,0.2162818,0.07330847,false
202493.117986416,0,-0.010788262,0.005020082,-0.0038805604,-0.125848,0.17656675,0.06081955,false
202493.137986415,19999999,-0.014383733,-0.01668328,0.012474954,-0.054303028,0.056466468,0.023520458,false
202493.157986416,0,-0.010112062,-0.018744648,0.0063526034,-0.033827595,-0.029867321,-0.04257525,false
202493.177986416,0,-0.00045000017,-0.011950254,0.0013383031,0.0033766553,-0.08136433,-0.088797495,false
202493.197986416,0,0.013525635,0.0051766634,0.0013226271,0.0028825484,-0.045676224,-0.13470642,false
202493.217986416,0,0.008372307,-0.009686291,0.0078029037,-0.0045757843,-0.07273792,-0.14178611,false
202493.237986415,19999999,-0.0049647987,-0.002439618,0.014739871,0.017596994,-0.11571105,-0.106623836,false
202493.257986416,0,-0.0029529333,0.0016089082,0.0068009496,0.028639585,-0.06736383,-0.07081838,false
202493.277986415,19999999,-0.00094281137,0.005656719,-0.0011397004,0.03968218,-0.019016616,-0.03501292,false
202493.297986415,39999999,0.0010656565,0.009703755,-0.009082198,0.050724775,0.029330604,0.0007925406,false
202493.317986416,0,-0.0011548251,0.008313,-0.007850468,0.03697174,0.047372516,0.04462739,false
202493.337986416,0,-0.005788073,-0.0007892847,-0.005803883,0.031040773,0.045725018,0.05533806,false
202493.357986416,0,-0.0021819621,0.004167497,-0.0050309896,0.018736623,0.019734077,0.060963083,false
202493.377986416,0,0.0042226166,0.0030610561,-0.005976498,-0.0075885803,0.033177637,0.008442245,false
202493.397986416,0,-0.0029316247,0.004475355,0.00036114454,-0.051115837,0.017783727,-0.007959379,false
202493.417986415,19999999,-0.011305943,0.0055246353,0.01018554,-0.08495509,-0.003254924,0.004029411,false
202493.437986416,0,-0.006422922,-0.0013320446,0.01020658,-0.08288641,-0.008774325,-0.01216177,false
202493.457986416,0,-0.00305368,-0.0076310635,0.00931102,-0.06129979,-0.040814698,-0.0055590724,false
202493.477986415,19999999,0.001105532,-0.0053724647,0.0047513247,-0.031752326,-0.04410544,-0.011795899,false
202493.497986416,0,0.0029410273,9.179115e-06,-0.0015687346,-0.014312519,-0.041934386,-0.015020224,false
202493.517986416,0,-0.0016439557,0.0027765632,-0.0029106736,0.000628463,-0.0374767,-0.012353632,false
202493.537986416,0,-0.0003373325,0.002784729,-0.00289011,0.018107869,-0.038038917,-0.00762033,false
202493.557986416,0,4.442036e-05,0.0027285814,-0.0040477514,0.01982561,-0.019177727,-0.019500252,false
202493.577986415,19999999,0.0004259348,0.0026720166,-0.0052056313,0.02154335,-0.00031653792,-0.031380173,false
202493.597986415,39999999,0.0008072257,0.0026150346,-0.006363809,0.023261093,0.018544652,-0.043260094,false
202493.617986415,59999999,-0.0013823062,-0.0052804947,-0.008574545,0.033476815,0.0083741015,-0.039507635,false
202493.637986416,0,-0.0036784708,0.0002670884,-0.0044049025,0.06305486,-0.003835991,-0.013347624,false
202493.657986416,0,0.0012741685,-0.004633248,-0.0008441806,0.08747329,0.028980885,0.032293193,false
202493.677986416,0,-0.0024223179,0.018481195,0.006273687,0.06113598,0.047625534,-0.014500421,false
202493.697986416,0,-0.0077186674,-0.008906662,0.013525546,-0.04195353,-0.012204457,0.08070934,false
202493.717986415,19999999,-0.008118764,-0.01433754,0.014972389,-0.014992256,0.013336465,0.07705489,false
202493.737986416,0,0.005603865,-0.01522541,0.002712369,0.018302273,0.076049194,0.054956354,false
202493.757986415,19999999,0.0015192777,-0.0061864257,-0.0005571842,0.010277433,0.10725398,0.053139213,false
202493.777986416,0,0.010549039,0.030953825,-0.011862874,-0.024682825,0.1601061,0.039640434,false
202493.797986416,0,0.0047547817,0.025117695,-0.0031921268,0.013546748,0.0731974,-0.0043578185,false
202493.817986416,0,-0.011096939,-0.0060915947,0.015887916,0.040089153,0.003921494,-0.008568887,false
202493.837986415,19999999,-0.0069582313,0.008628607,0.0036338568,0.081109375,-0.10789035,-0.019918822,false
202493.857986416,0,0.0058004707,0.0040467978,-0.0116606355,0.07739093,-0.08239801,-0.030677743,false
202493.877986416,0,0.0041197836,0.0027210712,-0.0078674555,0.05719991,-0.052648105,-0.03154941,false
202493.897986415,19999999,0.0024381876,0.0013952851,-0.00407511,0.037008893,-0.0228982,-0.032421075,false
202493.917986415,39999999,-0.0008671731,0.00038313866,-0.00087445974,0.02461372,0.0024814885,-0.022440642,false
202493.937986416,0,0.006109327,-0.0014842749,-0.0007070899,0.018830495,0.049415328,-0.01690025,false
202493.957986416,0,3.167987e-05,0.0011959672,0.0035578012,0.0024404377,0.049309727,-0.007803441,false
202493.977986415,19999999,0.0049857646,0.011474192,-0.0019212961,-0.008403026,0.053540953,-0.0044609187,false
202493.997986416,0,0.004057586,0.009066522,0.0042615533,-0.012808867,0.02937551,0.0098557435,false
202494.017986416,0,-0.0008363724,0.0045757294,0.0074481964,-0.023383785,0.01856182,0.023833577,false
202494.037986416,0,-0.004648268,-0.00063723326,0.010698378,-0.030553129,0.0009253472,0.024380794,false
202494.057986416,0,-0.008368343,-0.0010459423,0.011057675,-0.0532685,-0.022865448,0.026482819,false
202494.077986415,19999999,-0.009036481,-0.0039853454,0.008683205,-0.07417996,-0.040236972,0.019946527,false
202494.097986416,0,-0.0046450496,-0.007881284,0.0031009912,-0.07874916,-0.048001785,0.017540257,false
202494.117986416,0,-0.0050905943,-0.012780368,0.0028000474,-0.06481802,-0.04483489,0.013658751,false
202494.137986415,19999999,-0.0033430755,-0.016233385,0.0015100241,-0.03742654,-0.038663052,0.014019706,false
202494.157986416,0,0.0028236657,-0.015557945,-0.0012332797,0.0020645,-0.011005163,0.0037716096,false
202494.177986415,19999999,0.0026891828,-0.008071899,-0.0024510622,0.03851731,-0.0048576714,-0.0074175,false
202494.197986416,0,0.0026842058,-7.301569e-05,-0.0023338795,0.05271385,0.0023356802,-0.020615932,false
202494.217986415,19999999,0.0026789606,0.007924557,-0.0022181273,0.066910386,0.009529032,-0.033814363,false
202494.237986415,39999999,0.0013374835,0.01584959,-0.0015965104,0.05914574,0.0053348304,-0.033487327,false
202494.257986416,0,0.004133627,0.018782377,-0.0021860003,0.046980504,0.0103364,-0.028602596,false
202494.277986415,19999999,0.0033847839,0.016857743,0.00044637918,0.028166274,0.0061945277,-0.010681054,false
202494.297986416,0,0.0023751855,0.0097516775,0.0009301901,0.009775603,0.005951986,0.005089512,false
202494.317986415,19999999,0.001365602,0.002645433,0.0014137626,-0.008615067,0.0057094446,0.020860074,false
202494.337986416,0,0.0029073507,0.0043662786,0.007383287,0.0125856325,0.010667172,0.03071829,false
202494.357986416,0,0.0022592098,0.009209156,0.0074899793,-0.0018141922,0.0031091552,0.020804375,false
202494.377986415,19999999,0.00030608475,0.0033522844,0.0052198768,-0.019960033,-0.016097685,0.035137996,false
202494.397986416,0,0.008452266,-0.00044220686,0.006286323,-0.02017327,0.020318983,-0.014687385,false
202494.417986416,0,0.00994204,-0.022087991,0.00041896105,-0.0044818763,0.030746836,-0.022809695,false
202494.437986415,19999999,-0.009766117,-0.0057180524,0.013993323,-0.014447527,0.005363779,-0.004298158,false
202494.457986416,0,-0.0026616752,0.0002591014,0.0011049509,-0.013600967,0.019639987,-0.000915664,false
202494.477986416,0,0.00089770555,0.00024914742,-0.0014882684,-0.02263157,0.034787975,0.0047721835,false
202494.497986416,0,-0.0020809323,0.0020335913,0.0005942583,-0.021906044,0.017132698,-0.0017262078,false
202494.517986415,19999999,-0.0018562824,-0.0043315887,-0.0048651695,0.0008894317,0.014977739,-0.0064583626,false
202494.537986416,0,-0.008148164,0.0027964115,0.0036457777,0.049998123,-0.021426171,0.019243823,false
202494.557986415,19999999,0.0022062212,0.0025268197,-0.002372861,0.046258643,-0.02378766,0.036899798,false
202494.577986416,0,0.008565888,0.0007568002,-0.0096821785,0.024295377,0.021138443,0.044565655,false
202494.597986415,19999999,-9.024143e-05,0.010271609,-0.0034511685,-0.00314218,0.032784656,0.029694527,false
202494.617986416,0,-0.005853176,-0.00049352646,0.0033470988,-0.06661677,0.027548674,0.060165294,false
202494.637986416,0,-0.00085641444,-0.013319135,0.0047320724,-0.063826755,0.027006365,0.05894418,false
202494.657986416,0,0.005571112,-0.017029047,0.003955066,-0.033545956,0.053425513,0.047861796,false
202494.677986416,0,0.010479346,-0.0044674277,-0.008488774,-0.055449888,0.081105195,0.03291206,false
202494.697986415,19999999,0.010384977,0.021202385,-0.01587981,-0.10954008,0.15675762,0.02412115,false
202494.717986416,0,-0.00499171,0.010513186,-0.008090675,-0.15821284,0.1832183,0.04343083,false
202494.737986415,19999999,-0.02636367,-0.004098654,0.015298247,-0.12193377,0.0670467,0.04415236,false
202494.757986415,0,-0.008376673,-0.018753052,0.013816714,-0.057959363,-0.016298637,-0.0031027943,false
202494.777986415,0,-0.010029346,-0.022670686,0.0060496926,-0.05186999,-0.018672068,-0.028769528,false
202494.797986414,19999999,-0.011681199,-0.026589692,-0.0017195344,-0.045780618,-0.021045497,-0.054436263,false
202494.817986414,39999999,-0.007270828,-0.018774092,-0.0064221025,-0.012572598,-0.029179875,-0.107575834,false
202494.837986415,0,-0.011713222,0.01041168,-0.008613169,-0.06987085,-0.034824423,-0.03713703,false
202494.857861000,0,-0.0014327208,-0.019178538,0.0014366312,0.0029295122,-0.057682555,-0.05682635,false
202494.877860999,19999999,-0.0013930649,-0.008175194,-0.0019276738,0.03683363,-0.03523145,-0.051330417,false
202494.897861000,0,-0.00038398802,0.0017693043,-0.0068614483,0.04439282,-0.015067952,-0.032055248,false
202494.917860999,19999999,0.0013075918,0.007037878,-0.006295562,0.038484696,0.007764004,-0.01537502,false
202494.937861000,0,0.003383994,0.014426053,-0.0039213896,0.009534983,0.02917587,0.015504155,false
202494.957861000,0,0.008245155,0.01639831,-0.00028836727,-0.015642347,0.056771442,0.04680049,false
202494.977860999,19999999,0.005492553,0.005566001,0.0084962845,-0.020686995,0.05360326,0.05613178,false
202494.997861000,0,-0.008223161,-0.002352357,0.0073871017,-0.03964127,0.0010837801,0.051277842,false
202495.017860999,19999999,0.0042044222,-0.0011979938,7.8976154e-05,-0.027309768,-0.00581367,0.035310134,false
202495.037861000,0,0.008971661,-0.004418373,0.002758801,-0.006750675,-0.010942652,0.0021944381,false
202495.057861000,0,0.0031158477,-0.00021326542,4.3153763e-05,0.00039098365,-0.018783467,-0.024264494,false
202495.077860999,19999999,-0.002739966,0.0039917827,-0.0026724935,0.007532642,-0.026624283,-0.05072343,false
202495.097860999,39999999,-0.0035613626,0.0076402426,0.0006942153,0.0062286095,-0.045737732,-0.052903403,false
202495.117861000,0,-0.005708128,-0.006676793,0.0039333105,0.03152682,-0.07963689,-0.079184234,false
202495.137860999,19999999,-0.004729122,0.0026242137,0.0023511648,0.051368363,-0.09283886,-0.067339666,false
202495.157861000,0,-0.0025970489,0.019699752,-0.0062661767,0.022004424,-0.054157957,-0.0422217,false
202495.177861000,0,-0.0062728524,0.006863296,-0.0005469322,-0.00046227127,-0.054402214,-0.0015746579,false
202495.197861000,0,0.0027252585,-0.0002850294,-0.006785035,-0.00081204134,-0.020847395,0.0042752493,false
202495.217861000,0,-0.00019408762,-4.386902e-05,-0.0044639707,-0.0125541445,0.011928011,0.015732987,false
202495.237860999,19999999,-7.419288e-05,-0.0055813193,-0.006329119,-0.0147295855,0.04257397,0.026048537,false
202495.257861000,0,0.0037017763,-0.012940466,-0.008285165,0.010928482,0.08756564,0.04250464,false
202495.277861000,0,0.0040493757,-0.002579987,-0.018156946,0.02392301,0.12038528,0.032606713,false
202495.297861000,0,-0.009389132,0.0033842921,-0.004633546,0.043244142,0.067064986,0.018896936,false
202495.317861000,0,-0.0034010857,0.008932412,0.001190424,0.035233773,0.028476786,0.0070277015,false
202495.337861000,0,0.00246045,0.0119790435,-0.0035654306,-0.009534609,0.0136025185,0.015609547,false
202495.357861000,0,0.004252836,0.0059331656,-0.0014020205,0.026657827,-0.02634573,-0.008806285,false
202495.377860999,19999999,0.0060450584,-0.000112473965,0.0007607937,0.06285027,-0.06629398,-0.033222117,false
202495.437861000,0,0.015128523,0.004024744,-0.0057964325,0.13077492,-0.08848432,-0.08664963,false
202495.457861000,0,0.009750217,0.015258968,-0.009465933,0.034858257,-0.021468252,-0.059331544,false
202495.477861000,0,-0.0008023232,8.237362e-05,0.008895099,0.008997681,-0.029852444,-0.03217765,false
202495.497860999,19999999,0.002711147,-0.009018421,0.01074177,0.04568021,0.0005408898,-0.020711511,false
202495.517861000,0,0.00043818355,0.0007150173,0.006595373,0.037771963,-0.0018073227,0.013110571,false
202495.537860999,19999999,0.004893169,0.011109829,-0.0073348284,0.021854928,-0.0063157426,0.06569229,false
202495.557861000,0,0.002088815,0.0058243275,-0.0010056496,0.025418175,0.010783442,0.028856575,false
202495.577860999,19999999,-0.002210319,0.01159066,-0.004238665,-0.059668146,-0.0007406417,0.06503861,false
202495.597861000,0,-0.01241304,-0.0018722415,0.0093281865,-0.06568891,-0.02027971,0.06341351,false
202495.617860999,19999999,-0.0030995607,-0.015747607,0.0035340786,-0.013727412,-0.0010532439,0.016210873,false
202495.637861000,0,0.0016965866,-0.012497246,-0.009600222,-0.013370383,-0.005670656,0.013085164,false
202495.657861000,0,0.0073156506,-0.01462692,-0.013705909,0.008251966,0.029334273,-0.027270705,false
202495.677861000,0,0.0037567765,0.008288622,-0.011618316,-0.023901913,0.0627069,-0.051711567,false
202495.697860999,19999999,0.00019845366,0.03120178,-0.00953275,-0.05605579,0.09607954,-0.07615243,false
202495.717861000,0,-0.010109499,0.041804373,-0.0020121336,-0.15218753,0.10386297,0.003823325,false
202495.737861000,0,-0.01043129,0.00608927,0.006916225,-0.14381926,0.12581916,-0.022848068,false
202495.757861000,0,0.019393489,0.017104208,-0.014460206,-0.1726188,0.17190091,0.06932344,false
202495.777861000,0,-0.005255252,-0.0029822588,0.007912219,-0.1281034,0.19913207,0.087322295,false
202495.797861000,0,-0.015123621,-0.008139551,0.016620934,-0.06625174,0.103229955,0.12036885,false
202495.817861000,0,-0.0015975237,-0.019010723,0.0014042258,0.0012706518,0.10472591,0.09279163,false
202495.837860999,19999999,0.00026153028,-0.027081013,0.006518781,0.027723748,0.027467139,0.061814256,false
202495.857861000,0,-0.0072083324,-0.029199779,0.015123069,0.047822844,-0.067371145,-0.039080225,false
202495.877860999,19999999,-0.0028530657,-0.038858175,0.018011153,0.09650475,-0.10743949,-0.08635916,false
202495.897860999,0,0.00929746,0.016891658,-0.0056715608,0.032489218,-0.07133746,-0.07625374,false
202495.917860998,19999999,0.0062485784,-0.003499806,0.0016379952,-0.015978456,-0.048939295,-0.07068293,false
202495.937860999,0,0.006204322,-0.008253276,0.006998539,-0.012734415,-0.04778017,-0.090693116,false
202495.957860998,19999999,0.0028946549,-0.0021557808,0.0034171343,-0.009811468,-0.02895302,-0.08008373,false
202495.977860999,0,0.0035708994,0.0050530434,-0.0035463572,-0.015017958,0.0012630653,-0.055554897,false
202495.997860998,19999999,0.004247591,0.012261093,-0.010509968,-0.020224448,0.031479154,-0.031026063,false
202496.017860998,39999999,0.00025466084,0.009343982,-0.0067539215,-0.014093809,0.041042566,0.0027635936,false
202496.037860999,0,0.0029938817,0.010888696,-0.0040513873,-0.009699792,0.03470888,0.030887496,false
202496.057860998,19999999,0.0065143853,0.016413212,-0.008642793,-0.016678018,0.058889702,0.050820835,false
202496.077860999,0,-0.0023139268,0.015650392,-0.0021029115,-0.04467641,0.06655134,0.07521399,false
202496.097860999,0,-0.0009852648,0.0055713654,0.010200083,0.013328917,0.032858174,0.034397036,false
202496.117860998,19999999,-0.00781849,-0.0066998005,0.013974428,0.017749641,-0.04688466,0.0033747572,false
202496.137860999,0,-0.0014987141,-0.00040596724,0.006348014,0.022327831,-0.08127415,-0.0344178,false
202496.157860998,19999999,0.0051298738,-0.007027209,0.0021921396,0.023948397,-0.092121415,-0.055932757,false
202496.177860999,0,-0.00078061223,-0.0079446435,0.0030311346,0.03763204,-0.10696504,-0.06876677,false
202496.197860999,0,0.0014419854,0.000633955,-0.0073059797,0.040297437,-0.07330451,-0.06602088,false
202496.217860998,19999999,-0.00030207634,0.00505358,-0.009903729,0.040724613,-0.057908997,-0.052706957,false
202496.237860999,0,-0.0012531877,0.0075383186,-0.0058478117,0.02978186,-0.03523755,-0.017658334,false
202496.257860998,19999999,0.0016311258,0.005658686,-0.0065333843,0.02621446,-0.021225393,0.009151118,false
202496.277860999,0,0.0051698685,0.0015774965,-0.006286025,0.01805361,0.013554893,0.013836626,false
202496.297860998,19999999,0.008708864,-0.002503872,-0.0060388446,0.009892758,0.04833518,0.018522134,false
202496.317860998,39999999,0.0035172254,-0.008996248,0.0065425634,0.01963068,0.048811123,0.010981972,false
202496.337860999,0,-0.0020258576,0.00014543533,0.010882616,0.015810015,0.013934981,-0.0036278171,false
202496.357860999,0,0.0012422502,-0.0037691593,0.0074629784,0.02026866,-0.017663304,-0.0292814,false
202496.377860998,19999999,0.0022890717,-0.010791838,0.0073911548,0.028690483,-0.0220529,-0.043498725,false
202496.397860999,0,-0.005197361,0.005652845,0.0068283677,0.008304816,-0.03514283,-0.05634805,false
202496.417860999,0,-0.00437513,0.005709648,0.0052212477,-0.0100747775,-0.05923629,-0.032378096,false
202496.437860999,0,0.00026647747,0.003153205,0.001409173,0.009227069,-0.034948125,-0.03362696,false
202496.457860999,0,-0.00021640956,0.00803864,-0.0069562793,-0.0025701988,-0.03222496,-0.017236143,false
202496.477860998,19999999,0.0015873164,0.004697621,-0.005806327,-0.0029402822,-0.002410721,-0.01751304,false
202496.497860999,0,-0.00023709238,0.008564949,-0.0066476464,-0.028868698,0.0009960867,0.014075659,false
202496.517860999,0,-0.0031722486,0.0007362366,0.00023162365,-0.0118879415,-0.00027468742,0.024025027,false
202496.537860998,19999999,0.009841621,-0.0033458471,-0.0068570375,0.0005045263,0.028326396,0.0044087116,false
202496.557860999,0,0.0023162365,0.0003517866,-0.000420928,0.017054051,0.03582019,0.0075540342,false
202496.577860999,0,0.00076030195,0.0017035007,0.0015243292,0.013259133,0.036499515,0.0016399082,false
202496.597860999,0,0.0027325004,0.009318352,-0.0069491267,0.002865553,0.045607917,0.0062259496,false
202496.617860998,19999999,-0.0053847134,0.007923126,0.0012965202,-0.00269474,0.034681134,0.011767589,false
202496.637860999,0,0.00032268465,0.0005091429,-4.4226646e-05,0.0044077267,0.0004627183,0.010129592,false
202496.657860999,0,-0.0011513382,-0.0048106313,0.0074098706,0.009335037,-0.02277041,-0.0035495907,false
202496.677860998,19999999,0.0023509264,0.0018244982,0.0016209483,-0.008054763,-0.03418093,-0.012073026,false
202496.697860999,0,-0.00043819845,-0.0041759014,0.0015315413,0.001080974,-0.02129638,0.003591667,false
202496.717860999,0,0.00023119152,-0.008664072,0.008232355,0.03783393,-0.021036873,-0.01125561,false
202496.737860999,0,-0.004594326,0.017089248,-0.0014294386,-0.045663133,-0.034681305,-0.012963108,false
202496.757860999,0,0.001409024,-0.006513953,-0.0053076744,-0.05248798,0.00095789507,-0.022256013,false
202496.777860998,19999999,-0.0011386126,-0.014715552,0.0061569214,0.0007318482,-0.011390274,-0.026339315,false
202496.797860999,0,-0.00495857,0.0074573755,0.0062488317,0.0014335038,-0.04423561,-0.032553717,false
202496.817860999,0,0.0016893297,0.00526464,-0.0049479604,-0.0033417302,-0.030056745,-0.030389525,false
202496.837860999,0,-0.005440995,-0.0030546784,0.0040798783,-0.0013315291,-0.026402086,-0.03216188,false
202496.857860999,0,-0.0020558983,-0.0035550594,-2.18153e-05,-0.0097644385,0.0054303445,-0.021743651,false
202496.877860998,19999999,0.0013293326,-0.0040557384,-0.0041234493,-0.018197348,0.037262775,-0.011325425,false
202496.897860998,39999999,0.004714653,-0.0045565367,-0.008225203,-0.026630258,0.06909521,-0.0009071976,false
202496.917860998,59999999,0.008253366,-0.010846078,-0.0066714883,-0.018914398,0.11398153,-0.0028824944,false
202496.937860999,0,-4.9203634e-05,-0.00017273426,0.0010026693,-0.039312795,0.14435278,-0.015155648,false
202496.957860998,19999999,0.005660489,0.012567759,-0.008504331,-0.07170613,0.17473175,-0.028759364,false
202496.977860999,0,-0.005475655,-0.0014371872,0.0030433536,-0.08536054,0.18512827,-0.0002869349,false
202496.997860998,19999999,-0.016613826,-0.015441477,0.014573216,-0.09901495,0.19552481,0.028185492,false
202497.017860998,39999999,0.013190985,0.044483066,-0.011237681,-0.121126845,0.15616292,0.13149421,false
202497.037860999,0,0.013678402,0.024558663,-0.0050940514,-0.16066982,0.24171728,0.14739732,false
202497.057860999,0,-0.021506667,-0.003385067,0.029337347,-0.065164775,0.041401893,0.041216753,false
202497.077860998,19999999,-0.017558768,-0.018142879,0.01054275,-0.056964662,-0.029567316,0.022066189,false
202497.097860999,0,-0.0047575533,-0.036346376,0.018333137,0.04220626,-0.14260904,-0.07179852,false
202497.117860998,19999999,-0.015776113,-0.037513137,0.015582383,0.022762695,-0.1762388,-0.07304787,false
202497.137860999,0,-0.0010042787,-0.015794575,0.0045164227,0.14099589,-0.17342636,-0.110642314,false
202497.157860999,0,0.0067495406,0.052197963,-0.014472902,0.07006912,-0.14994287,-0.07107887,false
202497.177860998,19999999,0.0294213,-0.027676404,-0.010833204,0.014137559,0.00069104135,-0.036374357,false
202497.197860999,0,0.020106629,-0.01639992,-0.008398235,0.010767071,0.0063387644,-0.024758788,false
202497.217860998,19999999,0.010791421,-0.0051238537,-0.005963862,0.0073965825,0.0119864885,-0.013143218,false
202497.237860999,0,-0.004276857,0.016477644,-0.0050259233,-0.045277208,0.01265362,0.03437341,false
202497.257860998,19999999,-0.0021084398,0.008123457,-0.0024776459,-0.03346336,0.031349353,0.026039772,false
202497.277860999,0,-0.0014874041,-0.0010454655,-0.0053081512,-0.024442853,0.0276874,0.021620626,false
202497.297860998,19999999,-0.0063082576,0.00060611963,-0.002075553,-0.018659413,0.011280868,0.026814716,false
202497.317860999,0,-0.001855433,0.00026541948,-0.0018995404,-0.017748652,0.016584367,0.029119737,false
202497.337860999,0,-0.00042408705,0.0048891306,-0.00096708536,-0.019738574,0.026017642,0.03677786,false
202497.357860998,19999999,0.0010071546,0.009512842,-3.4689903e-05,-0.021728495,0.035450917,0.044435985,false
202497.377860998,39999999,0.002438292,0.014136612,0.00089776516,-0.023718417,0.04488419,0.05209411,false
202497.397860999,0,0.0049435794,0.010436058,-0.0017341375,-0.038239677,0.05925927,0.0714893,false
202497.417860999,0,0.009748206,0.0028785467,-0.0065602064,-0.050823525,0.09554051,0.08139658,false
202497.437860998,19999999,0.004910901,0.0031766891,-0.0013028979,-0.05830431,0.10565475,0.0936268,false
202497.457860999,0,-0.0005194247,-0.00026744604,0.006076634,-0.02937018,0.07653846,0.069087654,false
202497.477860999,0,-0.012279481,-0.00810957,0.0025116801,-0.010494703,0.018467989,0.050825894,false
202497.497860998,19999999,-0.004907921,-0.0017145276,0.00044447184,-0.012092928,-0.014670536,0.033446185,false
202497.517860999,0,0.0069385767,0.0035703182,-0.01248461,-0.009533343,0.00075558666,0.020524286,false
202497.537860998,19999999,0.0023312569,-0.0051300526,-0.0040418506,-0.00848831,0.007227607,-0.0058383085,false
202497.557860999,0,0.0016398132,0.00534755,-0.0066947937,-0.064391166,0.029818313,-0.013288603,false
202497.577860998,19999999,-0.0032016635,0.006127596,0.00072318316,-0.08613646,0.036499977,-0.007548882,false
202497.597860999,0,-0.008149251,-0.002555728,0.009123385,-0.09274767,0.015352979,0.008270754,false
202497.617860999,0,-0.006768048,-0.0029237866,0.008721352,-0.07518183,0.0036623618,0.0049160826,false
202497.637860998,19999999,-0.005581051,0.004353702,0.00632447,-0.056418087,-0.0052619614,0.020668283,false
202497.657860999,0,-0.0014787316,0.008050978,0.008871973,-0.02171148,-0.025325768,0.04577538,false
202497.677860999,0,0.0016324669,0.007662952,0.008753061,0.011468768,-0.041850083,0.08191383,false
202497.697860999,0,0.008693442,0.009269893,0.0028319955,0.045189805,-0.045799512,0.13048169,false
202497.717860999,0,0.013604209,0.012253702,-0.002380252,0.06785156,-0.022322169,0.16291966,false
202497.737860998,19999999,0.013524994,0.016774118,-0.005961597,0.07187733,-0.005945377,0.18935901,false
202497.757860999,0,0.0154146105,0.013976693,-0.0062161684,0.05452973,0.012195056,0.20747486,false
202497.777860998,19999999,0.0173112,0.011170685,-0.006471336,0.03718213,0.03033549,0.2255907,false
202497.797860997,39999999,0.013190329,0.009518206,-0.0029206276,0.02212751,0.046537355,0.23106185,false
202497.817860998,0,0.007052541,0.008172393,-0.0016297102,0.0022060275,0.06301363,0.23248516,false
202497.837860998,0,0.0037461221,0.008666158,-0.0020434856,-0.019239865,0.06848617,0.235225,false
202497.857860998,0,-5.8472157e-05,0.012636721,-0.005615473,-0.051693372,0.08535153,0.23857081,false
202497.877860997,19999999,-0.0068885833,0.010114133,-0.0060848594,-0.07984274,0.09388446,0.24910867,false
202497.897860998,0,-0.010852382,0.0047371387,-0.008283436,-0.096064866,0.10744216,0.27037573,false
202497.917860998,0,-0.009942666,-0.0013578534,-0.006554663,-0.098697804,0.12368531,0.29744905,false
202497.937860998,0,-0.006290436,-0.00023680925,-0.0034501553,-0.100016326,0.14164177,0.33204263,false
202497.957860998,0,0.0012870282,0.0020948648,-0.0050784945,-0.10599368,0.15598832,0.3700099,false
202497.977860997,19999999,0.017608494,0.004282236,-0.0041900277,-0.113502145,0.18874954,0.38754103,false
202497.997860998,0,0.027904496,0.022295594,-0.0066378117,-0.1487397,0.21891223,0.35944635,false
202498.017860997,19999999,0.035149798,0.053970516,-0.0075163245,-0.23170719,0.23824057,0.29333764,false
202498.037860998,0,0.033457547,0.07872334,-0.009168863,-0.35827386,0.23567007,0.23872271,false
202498.057860998,0,0.03778854,0.066884935,-0.01436311,-0.44869196,0.24280638,0.20881474,false
202498.077860998,0,0.040719926,0.022600561,-0.011898041,-0.39913073,0.27281561,0.20043783,false
202498.097860997,19999999,0.043606848,-0.021705091,-0.009508133,-0.3495695,0.30282485,0.19206092,false
202498.117860997,39999999,0.040920228,-0.0533247,-0.0071507692,-0.24109043,0.3305734,0.18874644,false
202498.137860998,0,0.026410833,-0.065478146,0.00038582087,-0.14073473,0.33334577,0.19254759,false
202498.157860997,19999999,0.011521876,-0.07015997,0.008370101,-0.06846663,0.31113952,0.20827436,false
202498.177860998,0,0.0017510653,-0.07466769,0.022746682,-0.009700596,0.28397846,0.23845366,false
202498.197860998,0,-0.01423426,-0.06716174,0.02177614,-0.008695694,0.2651701,0.25489393,false
202498.217860998,0,-0.026923269,-0.06490022,0.021290362,-0.022077208,0.2600297,0.2596597,false
202498.237860998,0,-0.035722658,-0.06360906,0.015088201,-0.051342785,0.2821274,0.23233305,false
202498.257860998,0,-0.053823486,-0.05443448,0.019101977,-0.09936966,0.30451307,0.21056224,false
202498.277860998,0,-0.06398265,-0.0503968,0.027628064,-0.1363627,0.3050392,0.20098543,false
202498.297860997,19999999,-0.07246885,-0.051126897,0.039108276,-0.14261724,0.28402448,0.18697743,false
202498.317860998,0,-0.07276057,-0.05323571,0.043661118,-0.130128,0.2498535,0.1792369,false
202498.337860997,19999999,-0.061417013,-0.060174882,0.042263985,-0.106311694,0.23146681,0.15412907,false
202498.357860998,0,-0.05882339,-0.057805836,0.042725265,-0.0850525,0.20927006,0.118696615,false
202498.377860998,0,-0.045134082,-0.051786244,0.03280586,-0.10828198,0.19121805,0.0803871,false
202498.397860997,19999999,-0.03144595,-0.04576379,0.022881985,-0.13151145,0.17316604,0.042077586,false
202498.417860997,39999999,-0.022661284,-0.046617925,0.018006742,-0.14376883,0.18429556,0.007064149,false
202498.437860998,0,-0.010507494,-0.05343026,0.01955825,-0.123409644,0.21225975,-0.0010302421,false
202498.457860998,0,-0.0066713244,-0.06303954,0.03133583,-0.062929645,0.2449372,0.009113043,false
202498.477860997,19999999,-4.6685338e-05,-0.05450821,0.026311696,-0.019446168,0.25941536,0.021601528,false
202498.497860998,0,0.00070004165,-0.029813766,0.008511722,-0.055914044,0.2488064,0.047437243,false
202498.517860998,0,-0.0009459108,-0.021900892,-0.0027059913,-0.1418719,0.27025792,0.09314975,false
202498.537860997,19999999,0.0069769174,-0.060189605,0.00053423643,-0.17269255,0.28935397,0.1556901,false
202498.557860998,0,0.023669615,-0.09756541,0.0045096874,-0.12757675,0.37369385,0.1451463,false
202498.577860997,19999999,0.013805807,-0.09422687,0.03170228,-0.083140545,0.43298087,0.1479415,false
202498.597860998,0,0.020746887,-0.10167459,0.038803518,-0.05788312,0.46419427,0.15686609,false
202498.617860998,0,0.03449571,-0.1207276,0.048012614,-0.02748949,0.46988162,0.15722519,false
202498.637860997,19999999,0.037656933,-0.12651062,0.055079162,0.019620005,0.5119527,0.10814062,false
202498.657860998,0,0.038552195,-0.13289475,0.06992459,0.080782294,0.4954908,0.110889874,false
202498.677860998,0,0.046340585,-0.12851727,0.07154679,0.1228694,0.4748029,0.058194995,false
202498.697860997,19999999,0.054177642,-0.12414545,0.07308632,0.16495651,0.454115,0.0055001117,false
202498.717860997,39999999,0.04827532,-0.102651715,0.07074541,0.16594367,0.40934703,-0.059826422,false
202498.737860998,0,0.041334987,-0.07466811,0.054768622,0.12349542,0.33105588,-0.09197262,false
202498.757860998,0,0.04352674,-0.05779612,0.045491755,0.08210182,0.25663435,-0.10138054,false
202498.777860997,19999999,0.053356588,-0.047262073,0.03740573,0.047367733,0.21821015,-0.12850472,false
202498.797860998,0,0.047525585,-0.016070962,0.034225583,0.010600563,0.1728893,-0.15159309,false
202498.817860997,19999999,0.045691073,0.013900816,0.014264166,-0.06006038,0.14356355,-0.18389499,false
202498.837860998,0,0.027872533,0.04587415,0.015074372,-0.12316172,0.09400499,-0.19245419,false
202498.857860998,0,0.01896283,0.061801076,0.002347052,-0.16796252,0.04735938,-0.18231271,false
202498.877860997,19999999,-0.0003106892,0.069576085,0.008931339,-0.15853152,0.008354746,-0.14416409,false
202498.897860998,0,-0.0150975585,0.072567135,0.002275467,-0.12719178,-0.035267785,-0.09876448,false
202498.917860998,0,-0.031788647,0.087945074,-0.0020076036,-0.10762884,-0.08800444,-0.04512335,false
202498.937860998,0,-0.042235643,0.09703171,-0.009778321,-0.121387534,-0.14977695,0.022536475,false
202498.957860997,19999999,-0.037987083,0.09279537,-0.022882283,-0.13485268,-0.18145293,0.052977834,false
202498.977860998,0,-0.028991401,0.08203223,-0.037222683,-0.14751741,-0.16847433,0.04527932,false
202498.997860997,19999999,-0.019987315,0.071255535,-0.051584303,-0.16018215,-0.15549573,0.037580803,false
202499.017860997,39999999,-0.014426649,0.06726992,-0.05546093,-0.1745753,-0.124215834,0.013574725,false
202499.037860998,0,-0.011538893,0.06471589,-0.06039554,-0.1965402,-0.086849645,-0.026306143,false
202499.057860998,0,-0.0058790147,0.06431839,-0.061112046,-0.20926498,-0.054280344,-0.053575642,false
202499.077860998,0,0.005133748,0.05790651,-0.056508005,-0.20450144,-0.020666827,-0.07614281,false
202499.097860998,0,0.010342002,0.05021876,-0.036854684,-0.1680812,0.004870061,-0.10817638,false
202499.117860997,19999999,0.012636781,0.045980662,-0.01675874,-0.11249359,0.0208038,-0.14525358,false
202499.137860998,0,0.008983076,0.05335611,0.00025886297,-0.06325752,0.014977988,-0.16599415,false
202499.157860998,0,0.0060511827,0.06704366,0.0049394965,-0.038234055,-0.011446632,-0.17486471,false
202499.177860997,19999999,0.0002720058,0.08148864,0.0036204457,-0.050887078,-0.053557433,-0.15413278,false
202499.197860998,0,0.0014389455,0.08544999,-0.0047845244,-0.07583629,-0.08460645,-0.14858346,false
202499.217860998,0,-0.009200901,0.09150347,-0.00607723,-0.10490541,-0.11958266,-0.1320094,false
202499.237860997,19999999,-0.015630394,0.08826199,-0.006205201,-0.13229232,-0.15714622,-0.10976294,false
202499.257860998,0,-0.027388364,0.08125359,-0.008802235,-0.15255666,-0.1870936,-0.10085936,false
202499.277860997,19999999,-0.031644404,0.0736171,-0.016652226,-0.16377391,-0.20973817,-0.09645772,false
202499.297860998,0,-0.027127355,0.06458944,-0.030117035,-0.16693395,-0.20908448,-0.11139435,false
202499.317860997,19999999,-0.025833964,0.06204012,-0.033884287,-0.16094999,-0.19145758,-0.12675543,false
202499.337860998,0,-0.02276665,0.058831334,-0.040642202,-0.16325499,-0.17945701,-0.13560565,false
202499.357860997,19999999,-0.021290183,0.05215168,-0.04397303,-0.15582904,-0.16225418,-0.1386235,false
202499.377860998,0,-0.010508478,0.036632746,-0.05154127,-0.13883772,-0.12328927,-0.1614281,false
202499.397860997,19999999,-0.014769644,0.036419988,-0.04844314,-0.11255765,-0.087930314,-0.18958811,false
202499.417860998,0,-0.01320523,0.029655099,-0.049554884,-0.09319209,-0.083015315,-0.18646109,false
202499.437860998,0,-0.010302603,0.02964753,-0.047901392,-0.07253383,-0.04932438,-0.2231771,false
202499.457860997,19999999,-0.012562007,0.034605145,-0.04709685,-0.06058937,-0.04954246,-0.24614169,false
202499.477860998,0,-0.015886754,0.03523454,-0.05091709,-0.062026195,-0.05998366,-0.27924344,false
202499.497860997,19999999,-0.002193123,0.02011162,-0.055627108,-0.040044412,-0.049435303,-0.3412912,false
202499.517860998,0,-0.0040797293,0.012571007,-0.0496791,0.0028995909,-0.004928313,-0.43312785,false
202499.537860997,19999999,-0.0050784647,0.0069600046,-0.042530775,0.06884515,0.014750479,-0.50345504,false
202499.557860998,0,-0.0063182414,0.0029324293,-0.03685087,0.13724895,0.0029074373,-0.5838312,false
202499.577860998,0,-0.007495731,-0.009057969,-0.041311264,0.199866,0.025416598,-0.7828026,false
202499.597860997,19999999,-0.01834628,-0.013821214,-0.03954339,0.2490746,0.038906455,-0.97065836,false
202499.617860998,0,-0.031617194,-0.00877884,-0.03068757,0.29482,0.03343954,-1.095106,false
202499.637860997,19999999,-0.045315802,0.0068151057,-0.014892936,0.32721415,0.013432426,-1.1481304,false
202499.657860998,0,-0.04813519,0.02359417,-0.0062233806,0.34906363,-0.025948988,-1.1227287,false
202499.677860998,0,-0.039138317,0.034721643,-0.010184705,0.35008338,-0.044377767,-1.0637558,false
202499.697860997,19999999,-0.029251516,0.04170856,-0.016039073,0.33817303,-0.039575517,-0.9978801,false
202499.717860997,0,-0.021172374,0.04627818,-0.019896388,0.31363928,-0.01900017,-0.92761683,false
202499.737860997,0,-0.022302836,0.051680654,-0.01761949,0.28386077,-8.986704e-05,-0.847332,false
202499.757860997,0,-0.019736946,0.049452752,-0.018715799,0.25390676,0.017983163,-0.76981574,false
202499.777860997,0,-0.01474911,0.043308705,-0.01914537,0.22472511,0.036122985,-0.69133776,false
202499.797860996,19999999,-0.014103025,0.040173203,-0.01592958,0.19862464,0.048044115,-0.62123257,false
202499.817860997,0,-0.011661738,0.0375762,-0.012908697,0.17348215,0.051771853,-0.55575657,false
202499.837860997,0,-0.007936627,0.034708887,-0.010258615,0.1416277,0.055526696,-0.5011616,false
202499.857860997,0,-0.00620538,0.03025353,-0.0051324964,0.11135117,0.04839419,-0.4489832,false
202499.877860997,0,-0.005107224,0.027687848,-0.002921939,0.08285396,0.04647674,-0.40953338,false
202499.897860996,19999999,-0.0039880574,0.025094897,-0.0007098913,0.05435675,0.044559292,-0.37008357,false
202499.917860996,39999999,-0.008648306,0.0252181,0.0036094785,0.028052418,0.029120091,-0.3167844,false
202499.937860997,0,-0.0057996213,0.019267887,0.0009858608,0.0077021476,0.01205462,-0.2701481,false
202499.957860997,0,-0.0012601614,0.01307708,-0.0026002526,-0.0073058577,0.011639528,-0.24765162,false
202499.977860996,19999999,-0.0016928613,0.00947997,0.002301097,-0.015039414,0.004554739,-0.22566867,false
202499.997860997,0,0.00049868226,0.0062464774,0.0042082667,-0.02088309,0.002114002,-0.22067742,false
202500.017860997,0,-0.0015516579,0.0082086325,0.005978346,-0.038225565,-0.0037370848,-0.21580423,false
202500.037860997,0,-0.008887857,0.009613752,0.008092403,-0.06336604,-0.01836719,-0.20325811,false
202500.057860997,0,-0.011170685,0.008289516,0.00617069,-0.08354479,-0.030056711,-0.18940434,false
202500.077860997,0,-0.010758698,0.010078013,0.005025387,-0.104298346,-0.028066149,-0.18227701,false
202500.097860997,0,-0.014072329,0.014492035,0.0045892596,-0.13566776,-0.032907262,-0.16335987,false
202500.117860997,0,-0.010220528,0.015076309,0.0017232299,-0.16612367,-0.027838763,-0.14689401,false
202500.137860997,0,-0.009478241,0.015229851,0.002319336,-0.19721483,-0.015582558,-0.11989303,false
202500.157860997,0,-0.0064558685,0.00982973,0.00047248602,-0.22012666,-0.0038228538,-0.089181885,false
202500.177860997,0,-0.0027069747,0.0041847825,-0.0029472709,-0.21234281,0.026103644,-0.075302295,false
202500.197860996,19999999,0.001046896,-0.0014662445,-0.0063853264,-0.20455897,0.056030143,-0.06142271,false
202500.217860996,39999999,0.00042039156,-0.004401922,-0.0029016733,-0.18900144,0.06636716,-0.047032047,false
202500.237860997,0,0.005082041,-0.015332013,-0.003037095,-0.16137826,0.08237466,-0.05619698,false
202500.257860997,0,0.0056048334,-0.019450039,-0.00088584423,-0.13698936,0.089967385,-0.07612191,false
202500.277860996,19999999,0.0070180595,-0.018149942,0.0025097132,-0.12267887,0.07637336,-0.09118745,false
202500.297860997,0,0.014496028,-0.017760247,0.0029178858,-0.116447255,0.057771996,-0.11738679,false
202500.317860997,0,0.013673842,-0.014575243,0.00648576,-0.112012245,0.05211956,-0.15703467,false
202500.337860996,19999999,0.008624852,-0.013439566,0.0097308755,-0.10261904,0.026450144,-0.17591584,false
202500.357860997,0,0.0045205057,-0.011421382,0.011492074,-0.09206034,-0.0019188002,-0.18499887,false
202500.377860997,0,0.004928589,-0.0064736903,0.011889935,-0.08574656,-0.039455183,-0.1929356,false
202500.397860997,0,0.009348273,-0.008121133,0.013306618,-0.07183654,-0.053824913,-0.21725455,false
202500.417860997,0,0.0071465075,-0.0034746826,0.017677784,-0.063672826,-0.06483213,-0.23048685,false
202500.437860996,19999999,-0.0010724962,0.0043595433,0.02566874,-0.059808556,-0.09256208,-0.21047565,false
202500.457860997,0,0.0016167164,0.00814414,0.021920383,-0.063003704,-0.10273467,-0.18879874,false
202500.477860997,0,0.0021302104,0.008884728,0.022152185,-0.065811634,-0.1124647,-0.16738978,false
202500.497860996,19999999,0.006408006,0.008268893,0.015528142,-0.07184821,-0.09917066,-0.16512027,false
202500.517860997,0,0.0023658574,0.00901702,0.013831317,-0.08143813,-0.075318776,-0.16107279,false
202500.537860997,0,-0.000449121,0.0065290034,0.015325725,-0.08160828,-0.07661491,-0.14620918,false
202500.557860996,19999999,-0.0006966591,0.0039510727,0.015649855,-0.07338231,-0.07619129,-0.14118136,false
202500.577860997,0,0.008929014,-0.0048608184,0.013217866,-0.062042393,-0.0732837,-0.12043609,false
202500.597860997,0,0.012799352,-0.0109963715,0.012518227,-0.041420426,-0.055413716,-0.121822685,false
202500.617860996,19999999,0.016646534,-0.0070429444,0.010086417,-0.029616848,-0.04005757,-0.13018113,false
202500.637860997,0,0.019391418,0.0023761988,0.009017944,-0.051670216,-0.03699452,-0.13350838,false
202500.657860997,0,0.024177492,0.00023083389,0.007229626,-0.07761537,-0.04120499,-0.12632893,false
202500.677860996,19999999,0.02356264,0.0007158965,0.0066358447,-0.06842,-0.0677685,-0.14523298,false
202500.697860997,0,0.022591949,0.008772403,0.002252698,-0.060871873,-0.053741433,-0.13952892,false
202500.717860996,19999999,0.018100053,0.016307682,0.0021609664,-0.04727684,-0.060243625,-0.111341104,false
202500.737860997,0,0.020591706,0.022856817,-0.0016185641,-0.029139947,-0.055430226,-0.077712595,false
202500.757860997,0,0.023742437,0.030134574,-0.0065274835,-0.0146986535,-0.03523271,-0.062220726,false
202500.777860997,0,0.018503308,0.036201343,-0.0083681345,-0.016646277,-0.021368036,-0.031053187,false
202500.797860996,19999999,0.013264656,0.042267963,-0.010209084,-0.0185939,-0.0075033596,0.000114353374,false
202500.817860996,39999999,0.008614361,0.04720676,-0.008568108,-0.021243209,0.0016150614,0.047712676,false
202500.837860997,0,0.011390358,0.04440002,-0.0042987466,-0.032684784,0.00804681,0.10710198,false
202500.857860997,0,0.016688138,0.030057862,-0.0006237626,-0.037616502,0.023496438,0.12624286,false
202500.877860997,0,0.019737571,0.017031357,0.0011742711,-0.034208395,0.045818415,0.11195717,false
202500.897860997,0,0.0146713555,0.013460875,0.0041720867,-0.03522696,0.054486927,0.10612748,false
202500.917860996,19999999,0.009666562,0.015016422,0.004929185,-0.038459573,0.05716062,0.08733353,false
202500.937860997,0,0.011323184,0.0067938566,0.0036389232,-0.04626735,0.053131215,0.07783502,false
202500.957860996,19999999,0.011477858,0.0018606484,0.00479424,-0.06092636,0.04579645,0.057633575,false
202500.977860997,0,0.013790041,-0.0024251044,0.0036473274,-0.06839052,0.062196977,0.01951779,false
202500.997860997,0,0.012841374,-0.0010715574,0.004921317,-0.07692759,0.061891872,0.0006204434,false
202501.017860996,19999999,0.009865522,-0.00029812753,0.0043563247,-0.0835259,0.065280825,-0.017685167,false
202501.037860997,0,0.007859468,0.0039827675,0.0012957454,-0.08377047,0.07617582,-0.013081193,false
202501.057860996,19999999,0.010904044,0.01348488,-0.00449425,-0.09071607,0.08574408,-0.0030286312,false
202501.077860997,0,0.008042246,0.012738764,-0.0031570196,-0.11840785,0.10293791,-0.011601366,false
202501.097860996,19999999,0.0051819086,0.011993393,-0.0018285513,-0.14609963,0.12013173,-0.020174101,false
202501.117860996,39999999,-0.0018564761,0.016564429,0.0040376782,-0.15382425,0.11407598,-0.005468772,false
202501.137860997,0,-0.0012685359,0.021282315,0.002667904,-0.16620168,0.10292558,0.022227153,false
202501.157860996,19999999,-0.001239568,0.01764454,0.007240057,-0.17703642,0.101491205,0.03129465,false
202501.177860997,0,-0.00016653538,0.009246588,0.010517418,-0.1823006,0.084450416,0.034049172,false
202501.197860997,0,0.0016017258,0.0049951524,0.012202978,-0.1805928,0.08359294,0.032915164,false
202501.217860996,19999999,0.00590989,-0.00066538155,0.013441324,-0.16900793,0.078562036,0.022877626,false
202501.237860997,0,0.0039089024,-0.00045770407,0.015873551,-0.1589825,0.07158786,0.022937495,false
202501.257860996,19999999,0.0041600466,-0.004014775,0.014579117,-0.12561686,0.042763356,0.023675688,false
202501.277860997,0,0.0068936944,-0.0074132085,0.0077640414,-0.09919886,0.044594187,-0.0030107424,false
202501.297860996,19999999,0.0017478168,-0.00057309866,0.00714767,-0.06754835,0.019379873,-0.009267354,false
202501.317860997,0,0.001000464,0.0036690831,0.0052850246,-0.045767248,-0.0025573242,-0.014154349,false
202501.337860997,0,0.0005982518,0.0052354783,0.007581651,-0.029494574,-0.020352446,-0.021631278,false
202501.357860997,0,0.0007711649,0.0060592145,0.0075218678,-0.036530375,-0.036860466,-0.006342097,false
202501.377860997,0,0.0021670163,0.0073274374,0.0017321706,-0.025998197,-0.021716855,-0.004956452,false
202501.397860996,19999999,0.0035631359,0.0085954815,-0.004058063,-0.015466021,-0.006573245,-0.003570807,false
202501.417860996,39999999,-0.0008122921,0.013937801,-0.0027397275,0.0007064231,-0.0154752275,0.019920502,false
202501.437860997,0,0.0057834685,0.007715568,-0.010146856,-0.0074248025,0.013989172,0.010780844,false
202501.457860996,19999999,0.0038512945,0.011211619,-0.00415051,-0.020627229,0.0004523564,0.050888736,false
202501.477860997,0,-0.0067564547,0.011013508,0.009881854,-0.010153549,0.009472974,0.055926047,false
202501.497860997,0,1.1652708e-05,0.0075136423,0.0061909556,0.009330658,0.012429987,0.047753695,false
202501.517860996,19999999,-0.000100016594,0.008575618,0.0006006956,0.014721198,0.002396658,0.05431173,false
202501.537860997,0,-0.0035205185,0.008642316,0.003926933,0.031595644,-0.011956834,0.060826007,false
202501.557860997,0,-0.0039038956,0.0110895485,0.0031473637,0.03053922,-0.026631381,0.079786845,false
202501.577860997,0,0.0025342703,0.00991638,-0.0013014078,0.023909563,-0.034158386,0.08907987,false
202501.597860996,19999999,0.005247444,0.0066317767,-0.002712071,0.0017318837,-0.020565208,0.074305825,false
202501.617860996,0,0.00031018257,0.0009717941,0.0020272136,-0.005032282,-0.022518337,0.05484628,false
202501.637860996,0,-0.00823319,-0.001611054,0.013184428,-7.4990094e-05,-0.0451587,0.049426515,false
202501.657860996,0,-0.007035643,0.005049646,0.009609103,-0.008939526,-0.07696551,0.04751512,false
202501.677860995,19999999,-0.006670356,-8.779764e-05,0.0126366615,-0.025329083,-0.10405585,0.026165219,false
202501.697860996,0,-0.0014860332,-0.0017103106,0.008163929,-0.0389191,-0.11877339,0.015057968,false
202501.717860995,19999999,-0.0016036332,-0.0010092556,0.013248682,-0.049190555,-0.14105962,0.036348596,false
202501.737860996,0,0.0027704835,0.0015864968,0.0040935874,-0.050952826,-0.13632146,0.03412217,false
202501.757860996,0,0.00018066168,0.014850616,-0.0042568445,-0.076545544,-0.106067955,0.061910927,false
202501.777860996,0,0.0026088357,0.01573968,-0.0038855672,-0.092550516,-0.08821519,0.107892364,false
202501.797860996,0,-0.0012259185,0.0022183359,-0.0011886954,-0.112691,-0.07919217,0.111997396,false
202501.817860995,19999999,0.006207049,-0.004005745,-0.004813969,-0.1267927,-0.05652581,0.09214307,false
202501.837860996,0,0.0004874766,-0.016798168,-0.0047022104,-0.13605429,-0.021953613,0.042957034,false
202501.857860995,19999999,-0.0052443743,-0.005262822,-0.0014673471,-0.10875878,-0.05437431,0.04361939,false
202501.877860996,0,-0.0030579865,-0.00064589083,-0.0018180013,-0.1276998,-0.037901655,0.020814998,false
202501.897860996,0,0.00080770254,0.0025187582,-0.012250185,-0.14811878,0.021504454,0.037036337,false
202501.917860995,19999999,-0.004633367,-0.0026570708,-0.00222373,-0.1543026,0.037972994,0.05099085,false
202501.937860996,0,-0.006805867,0.00077576935,-0.0011078119,-0.14807485,0.050587635,0.037892923,false
202501.957860995,19999999,-0.0071880817,0.013956055,0.0023691058,-0.1457436,-0.0006377511,0.06979428,false
202501.977860996,0,-0.003886491,0.0015274584,0.0017505884,-0.14154902,0.01763031,0.050588183,false
202501.997860995,19999999,-0.004667431,0.0027791709,-0.00071787834,-0.13531889,0.008392686,0.04894318,false
202502.017860996,0,-0.0044538677,0.0024586618,-0.0010922551,-0.1308734,0.0033618235,0.04551365,false
202502.037860996,0,-0.007097006,-0.00087451935,0.0023863316,-0.11028158,-0.030516962,0.036786348,false
202502.057860995,19999999,-0.00220865,-0.001584202,-0.0021712184,-0.09463666,-0.038572207,0.035781972,false
202502.077860996,0,-0.0030531585,0.0006403923,0.0007340312,-0.064792894,-0.05066458,0.034061916,false
202502.097860996,0,0.0007815063,-0.0015663654,-0.0039064884,-0.058309246,-0.027515946,0.029813763,false
202502.117860995,19999999,-0.0018518865,0.0018819124,-0.0027140975,-0.05180737,-0.0053295214,0.042252094,false
202502.137860996,0,0.0032061636,0.0018175691,-0.0043643117,-0.047304235,0.015550958,0.05379664,false
202502.157860995,19999999,-0.0014557838,-5.041063e-05,0.0008081794,-0.030644605,0.0131378975,0.046066366,false
202502.177860996,0,-0.0038649738,-0.002031371,0.002204001,-0.02988308,-0.002468246,0.043457165,false
202502.197860996,0,-0.00046151876,-0.0029518455,0.0020869374,-0.012224924,-0.008753705,0.052947696,false
202502.217860995,19999999,-0.00050124526,0.00025835633,-0.00063222647,-0.010675143,0.008335925,0.04573917,false
202502.237860996,0,-0.0017577708,0.00024157763,-0.00090801716,-0.002369727,-0.012507343,0.019581834,false
202502.257860996,0,0.00063183904,0.0011886954,-0.0002529025,-0.002395095,-0.018645182,0.017777389,false
202502.277860996,0,-0.0019848645,0.002482891,0.00056636333,0.0073996587,-0.0036405306,0.027336048,false
202502.297860995,19999999,-0.0030423403,-0.00011615455,0.00037401915,0.021711577,-0.0046675233,0.03820681,false
202502.317860996,0,-0.0015262067,0.001572609,0.0008289218,0.023275318,-0.011370843,0.047318906,false
202502.337860996,0,0.004186362,0.003855154,-0.002082944,0.02871368,0.007016465,0.04581347,false
202502.357860996,0,-0.0022502542,-0.0004659146,-0.0010836124,0.026390644,0.019423269,0.034221455,false
202502.377860996,0,-0.00809446,0.006161228,-0.0003517866,0.030394109,-0.007891694,0.029068217,false
202502.397860996,0,-0.0030181706,0.0041650236,-0.00090909004,0.035679486,-0.022988774,0.021222908,false
202502.417860996,0,-0.0058167577,0.000911206,0.003620565,0.04132166,-0.042987723,0.013420526,false
202502.437860995,19999999,9.006262e-05,-0.0012951791,-0.0002503991,0.04263883,-0.040930554,-0.0025104135,false
202502.457860996,0,-0.00037661195,-0.0008407682,0.001801908,0.045160085,-0.029234167,-0.006682149,false
202502.477860996,0,-0.0016049445,0.002574727,0.0012071729,0.052051306,-0.02765316,-0.0011489978,false
202502.497860996,0,0.0022758543,0.0067246854,-0.0024681687,0.060384482,-0.03203949,0.008683842,false
202502.517860996,0,0.01067239,-0.00034323335,0.0053622723,0.049919482,-0.025091317,0.0016065692,false
202502.537860996,0,0.0048606396,0.0072353333,0.011570573,0.044564065,-0.022672385,0.023238428,false
202502.557860995,19999999,-0.004938334,0.0091750175,0.008767605,0.04606956,-0.027902987,0.018979743,false
202502.577860996,0,-0.004347533,0.011775672,0.004177153,0.056554418,-0.041851185,0.03540573,false
202502.597860995,19999999,-0.00024920702,0.009065419,0.0005735755,0.046764657,-0.031194557,0.037745856,false
202502.617860996,0,0.010501564,0.012137547,-0.009965837,0.023954554,0.04231338,0.055254377,false
202502.637860995,19999999,0.0060962737,0.0104186535,-0.007406354,0.012363046,0.07295179,0.059831176,false
202502.657860996,0,0.0018389821,0.012224242,-0.0051917434,0.0015053349,0.059417773,0.07447526,false
202502.677860996,0,-0.0011113584,0.008627698,-0.0021734834,-0.005481584,0.04778169,0.06885925,false
202502.697860996,0,-0.00051635504,0.00091931224,0.0017328262,0.0031230934,0.025338497,0.059216358,false
202502.717860996,0,0.0021818578,0.0008754581,0.00229311,0.02530536,0.03171055,0.05654427,false
202502.737860996,0,0.0016308427,0.002374068,0.0011174083,0.029792149,0.018912807,0.052725587,false
202502.757860995,19999999,0.0010807216,0.0038725883,-5.8710575e-05,0.034278937,0.006115062,0.048906904,false
202502.777860995,39999999,-0.0025341809,0.0029498637,0.0015734434,0.047438625,-0.0010154988,0.05093051,false
202502.797860996,0,0.0007844269,0.004559472,-0.00312227,0.04736484,0.0014716967,0.05577406,false
202502.817860996,0,0.0022841096,0.005571425,-0.0053813457,0.04387391,0.01074249,0.056728225,false
202502.837860996,0,0.0019761026,0.005812466,-0.005096674,0.04288694,0.020501561,0.05943519,false
202502.857860996,0,0.0015308857,0.003958538,-0.0030673146,0.047658622,0.024186244,0.05861916,false
202502.877860995,19999999,0.0010873079,0.002104491,-0.0010390282,0.052430302,0.027870927,0.05780313,false
202502.897860995,39999999,0.0006452799,0.0002503246,0.0009883642,0.05720198,0.031555608,0.056987103,false
202502.917860996,0,0.00041669607,0.002324134,-0.00015711784,0.060988475,0.02861951,0.051920775,false
202502.937860996,0,-0.00093218684,0.0016762316,0.00017750263,0.054478973,0.020955529,0.052682877,false
202502.957860996,0,-0.00012266636,0.0019248873,0.0013670921,0.06293268,0.008941737,0.056869,false
202502.977860995,19999999,-0.0013383329,0.004384637,-0.0003362894,0.054326437,0.020548865,0.056700513,false
202502.997860996,0,-0.008098125,0.009715751,0.0054968596,0.05281461,0.0036188774,0.068731405,false
202503.017860996,0,-0.0069919825,0.0057588667,0.0030080676,0.05667529,-0.00487327,0.081967235,false
202503.037860995,19999999,-0.004794061,0.004222065,-0.0007727146,0.05423045,-0.018906584,0.087557934,false
202503.057860996,0,0.0020115674,-0.0026006252,-0.005887568,0.059763417,-0.006050925,0.086888164,false
202503.077860995,19999999,0.0019755661,0.0010740757,-0.00972563,0.058779143,0.022355612,0.07033241,false
202503.097860996,0,-0.0029461682,0.0015738308,-0.003927171,0.064798445,0.023361754,0.05033653,false
202503.117860996,0,-0.00445351,0.000718832,-0.0009357929,0.051151555,0.02025231,0.047744017,false
202503.137860996,0,-0.0032130778,0.0032384247,0.003471136,0.047728207,0.011998593,0.050207816,false
202503.157860995,19999999,-0.0003694594,0.0013243407,0.0017058849,0.046625696,0.018003887,0.051540516,false
202503.177860996,0,-0.0018444955,0.00073994696,0.0030313134,0.032260053,0.017456431,0.04237058,false
202503.197860995,19999999,-0.0033186078,0.00015541911,0.0043563247,0.01789441,0.016908975,0.03320064,false
202503.217860996,0,-0.0038331747,-0.0015126318,0.0062842965,-0.0038378555,0.0025645718,0.035949644,false
202503.237860995,19999999,-0.0011510551,-0.0004977286,0.0058212876,-0.0048833587,-0.0019943276,0.035814855,false
202503.257860996,0,-0.00053939223,-0.0016032457,0.0042623878,-0.022351183,0.0012785106,0.035801135,false
202503.277860996,0,0.00087970495,-0.0013452917,0.0019931793,-0.02151021,0.0072526056,0.051076107,false
202503.297860995,19999999,-0.0009415746,-0.0030543506,0.002501607,-0.021302633,0.005054716,0.048161842,false
202503.317860996,0,-0.0035679042,-0.002882868,0.003285408,-0.03143937,-0.01165574,0.06713478,false
202503.337860995,19999999,0.00016272068,-0.0017646551,0.0007032156,-0.042014275,-0.012084417,0.065508686,false
202503.357860996,0,-0.0008008182,-0.003862977,0.011669099,-0.044519212,-0.019599494,0.02077264,false
202503.377860995,19999999,-0.0017981827,-0.0104789585,0.016053498,-0.038756624,-0.035428926,0.030409168,false
202503.397860996,0,-0.002628237,-0.0022382438,0.0051575303,-0.078156516,-0.031513743,0.03550161,false
202503.417860996,0,0.0016975999,-0.00090554357,0.0043438673,-0.10099227,-0.0538657,0.024176002,false
202503.437860995,19999999,-0.00049990416,-0.009466693,0.0065858364,-0.112058796,-0.028856134,0.02077668,false
202503.457860996,0,0.008991003,-0.009848639,0.0055794716,-0.1219794,-0.022894477,0.0137114255,false
202503.477860996,0,0.0054421127,-0.0082319975,0.006952226,-0.13069423,-0.02203258,-0.0027784137,false
202503.497860995,19999999,0.0018930733,-0.00661692,0.0083197355,-0.13940904,-0.021170683,-0.019268252,false
202503.517860994,39999999,0.0072927773,-0.010477737,0.008817673,-0.1585615,-0.009887715,-0.021490704,false
202503.537860995,0,0.0033200383,-0.0066374093,0.011255443,-0.16766624,-0.026804797,-0.021254532,false
202503.557860994,19999999,-0.0006517768,-0.0027995855,0.013683677,-0.17677099,-0.043721877,-0.021018362,false
202503.577860994,39999999,0.0034099221,-0.0052027553,0.02000767,-0.17267376,-0.09091866,-0.0401659,false
202503.597860995,0,0.010767251,-0.001777932,0.0153595805,-0.1787962,-0.09661407,-0.038677994,false
202503.617860995,0,0.007906169,-0.002234906,0.01523149,-0.1905074,-0.09790552,-0.03451995,false
202503.637860994,19999999,0.0046881437,0.0013272613,0.01842016,-0.19150898,-0.13488668,-0.02062485,false
202503.657860995,0,0.0103589,0.0017092079,0.01414752,-0.20174801,-0.14219436,-0.023428803,false
202503.677860995,0,0.014322996,0.00088882446,0.014759362,-0.22133063,-0.1380604,-0.0072308257,false
202503.697860995,0,0.016472697,0.0043073297,0.014358282,-0.25441885,-0.11718265,-0.008045029,false
202503.717860995,0,0.025015056,0.0058080256,0.012138963,-0.26473987,-0.11168906,0.013470065,false
202503.737860995,0,0.024661243,-0.0013342798,0.009488463,-0.2670774,-0.07203034,0.02602874,false
202503.757860995,0,0.015581042,-0.0008954108,0.015022874,-0.24246356,-0.10345612,0.045544565,false
202503.777860994,19999999,0.0064977407,-0.00046488643,0.020539343,-0.21784972,-0.13488188,0.06506039,false
202503.797860994,39999999,-0.002588749,-4.261732e-05,0.026037812,-0.19323589,-0.16630766,0.08457622,false
202503.817860994,59999999,0.0054020286,0.0010157526,0.017552316,-0.14989685,-0.21862313,0.121770516,false
202503.837860995,0,0.009167731,-0.0061983913,0.008074701,-0.06565197,-0.2594735,0.094218224,false
202503.857860995,0,0.007217467,0.006178841,0.0024404526,0.0023161024,-0.3037712,0.080844045,false
202503.877860995,0,0.018114626,0.016741693,-0.0066018105,0.0027348811,-0.276986,0.10695358,false
202503.897860995,0,0.018612921,0.020709157,-0.006590903,-0.042139146,-0.23922709,0.1298104,false
202503.917860995,0,0.008308917,0.019193813,0.0032449365,-0.09172961,-0.20307268,0.17178227,false
202503.937860995,0,0.0090382695,0.0044768006,-0.0002195239,-0.07840029,-0.19338293,0.20141467,false
202503.957860995,0,0.006673068,0.0025689602,-0.0017085671,-0.020752992,-0.19928017,0.21336336,false
202503.977860995,0,0.012047201,0.028941467,-0.0151539445,0.011217799,-0.16760322,0.24386717,false
202503.997860995,0,0.008667737,0.038849995,-0.017856956,-0.011285434,-0.13673471,0.27431178,false
202504.017860995,0,0.0031124651,0.025063947,-0.012052119,-0.01656065,-0.13467973,0.3000385,false
202504.037860995,0,0.0011885464,0.022579998,-0.0165025,-0.026469085,-0.13393217,0.3040986,false
202504.057860995,0,-0.0041813254,0.022063643,-0.014639854,-0.005630292,-0.14769208,0.30233613,false
202504.077860994,19999999,0.0010061264,0.020761356,-0.022980034,-0.019404372,-0.09640938,0.26674178,false
202504.097860995,0,-0.0061136484,0.0125015825,-0.011756897,0.0077607427,-0.08224172,0.2594968,false
202504.117860994,19999999,-0.007656127,0.01614122,-0.013740361,-0.020748932,-0.065372095,0.25594452,false
202504.137860995,0,-0.013075739,0.023600817,-0.008564115,-0.06309746,-0.06424421,0.28593385,false
202504.157860994,19999999,-0.008256167,0.012156442,-0.004834473,-0.08623765,-0.050647996,0.3065781,false
202504.177860995,0,-0.006437987,0.009552181,-0.005593598,-0.121167414,-0.00013610348,0.32405773,false
202504.197860995,0,-0.0062488914,0.014225513,-0.0025327802,-0.15457642,0.02423173,0.35376224,false
202504.217860994,19999999,-0.010350555,0.010233998,-0.0041489005,-0.17920044,0.049815364,0.38535815,false
202504.237860995,0,-0.0046083033,0.02079378,-0.01196593,-0.21001661,0.050905924,0.4077772,false
202504.257860994,19999999,-0.0041102767,0.02530168,-0.017840028,-0.2583586,0.08517581,0.43092567,false
202504.277860995,0,-0.00747028,0.0007407814,-0.010387063,-0.25778008,0.046734028,0.44060138,false
202504.297860995,0,-0.0051196814,-0.0069542676,-0.014391363,-0.24031454,0.09379828,0.39525127,false
202504.317847750,0,-0.011730322,-0.004085459,-0.0064934925,-0.23410389,0.0732016,0.40387014,false
202504.337847750,0,-0.012200564,-0.009069502,-0.0041977763,-0.22331792,0.079915,0.37838432,false
202504.357847750,0,-0.012480706,-0.00804536,-0.005879402,-0.224562,0.08878151,0.36897105,false
202504.377847749,19999999,-0.01277101,-0.007016614,-0.0075684786,-0.22580609,0.097648025,0.35955778,false
202504.397847749,39999999,-0.013071269,-0.0059832186,-0.009265125,-0.22705016,0.106514536,0.35014454,false
202504.417847750,0,-0.015742868,-0.0128671825,0.002801001,-0.19396527,0.10337051,0.3403022,false
202504.437847750,0,-0.011968315,-0.01642111,0.0037238002,-0.1641553,0.06653377,0.33141318,false
202504.457847750,0,-0.0056383014,-0.016257614,0.003681779,-0.13714702,0.04822932,0.30368215,false
202504.477847749,19999999,-0.004526019,-0.010229975,0.004518628,-0.1485447,0.055092454,0.29297134,false
202504.497847750,0,-0.00824675,-0.017316163,0.013532102,-0.12601946,0.059690155,0.2920438,false
202504.517847750,0,-0.0079399645,-0.01644753,0.013931632,-0.12244524,0.049771905,0.31677032,false
202504.537847750,0,-0.009115994,-0.019810542,0.01447624,-0.09591651,0.044429135,0.32357997,false
202504.557847749,19999999,-0.011291295,-0.01855722,0.013604343,-0.07106348,0.030875336,0.3240646,false
202504.577847750,0,-0.018314213,-0.017516673,0.016710997,-0.04623453,0.0023174603,0.31476596,false
202504.597847750,0,-0.015933424,-0.020471767,0.013990223,-0.018980883,-0.02950081,0.28755507,false
202504.617847750,0,-0.015187174,-0.020951986,0.013365746,-0.004499363,-0.055100095,0.25685507,false
202504.637847750,0,-0.015005261,-0.018765569,0.012175977,0.0057559796,-0.07131146,0.22672626,false
202504.657847749,19999999,-0.0134473145,-0.017056704,0.007652223,0.004889309,-0.09584258,0.19912478,false
202504.677847750,0,-0.0146948695,-0.0069674253,0.004820943,0.025220653,-0.10848934,0.172046,false
202504.697847749,19999999,-0.015935093,0.0031143576,0.0019830465,0.045552,-0.1211361,0.14496721,false
202504.717847750,0,-0.008588672,0.007878438,-0.008468628,0.048112087,-0.111827746,0.09398833,false
202504.737847749,19999999,-0.015232831,0.009742618,-0.0058529377,0.062280755,-0.11756573,0.06951842,false
202504.757847750,0,-0.020243615,0.012060121,-0.0035069585,0.07451408,-0.124510475,0.049529634,false
202504.777847749,19999999,-0.02138102,0.01961732,-0.0029996634,0.08066642,-0.14325087,0.04690519,false
202504.797847750,0,-0.020641148,0.021757826,-0.0056500435,0.073503904,-0.15480565,0.0428107,false
202504.817847750,0,-0.027721554,0.02680868,-0.0034493804,0.074273124,-0.1653197,0.03479754,false
202504.837847749,19999999,-0.031108469,0.029944405,-0.0025662184,0.06640037,-0.19928908,0.049638942,false
202504.857847750,0,-0.028967887,0.025983855,-0.0061178803,0.05690968,-0.21874928,0.061782446,false
202504.877847750,0,-0.01929301,0.01678896,-0.01431936,0.057866503,-0.20482118,0.053169154,false
202504.897847750,0,-0.01887995,0.017825067,-0.017490506,0.053340897,-0.18798426,0.050553393,false
202504.917847750,0,-0.016030341,0.02157113,-0.021022975,0.04525114,-0.17032571,0.04957652,false
202504.937847749,19999999,-0.016940951,0.023038775,-0.024469376,0.029336324,-0.13844492,0.06383239,false
202504.957847750,0,-0.015156925,0.02249363,-0.027872145,0.01695874,-0.09658589,0.07662319,false
202504.977847749,19999999,-0.013370395,0.021944389,-0.03128016,0.0045811553,-0.05472687,0.089413986,false
202504.997847749,39999999,-0.018060416,0.026517466,-0.030906022,-0.019805333,-0.024025371,0.12564233,false
202505.017847750,0,-0.023516774,0.020560518,-0.025533497,-0.039334033,0.010727009,0.15959436,false
202505.037847749,19999999,-0.018050253,0.014244407,-0.02899295,-0.041332122,0.030792436,0.1783748,false
202505.057847750,0,-0.009315699,0.018171996,-0.033903897,-0.060322247,0.09187801,0.21397589,false
202505.077847750,0,-0.016806751,0.0016342402,-0.024957418,-0.03753911,0.08998911,0.19506848,false
202505.097847750,0,-0.014666349,0.023485765,-0.021561265,0.011236258,0.014661133,0.19219394,false
202505.117847750,0,-0.0148973465,0.0074801296,-0.017864883,0.014206668,0.02796921,0.15840276,false
202505.137847750,0,-0.017218053,0.007626146,-0.016638756,0.005995119,0.016000682,0.15887238,false
202505.157847750,0,-0.020237952,0.006158471,-0.014264941,-0.006798817,0.026053598,0.1542868,false
202505.177847750,0,-0.021278024,-0.0024788827,-0.01120615,0.0012502009,0.0309933,0.13048111,false
202505.197847750,0,-0.020691693,-0.00169456,-0.015230775,0.0027137313,0.045145296,0.102259025,false
202505.217847750,0,-0.018900335,0.00033971667,-0.018796265,0.0032938502,0.061429724,0.08215318,false
202505.237847750,0,-0.024461985,0.0022891462,-0.011618912,0.011673248,0.047780547,0.063642465,false
202505.257847749,19999999,-0.016118616,0.0004579872,-0.014144957,0.020996701,0.045108464,0.040810283,false
202505.277847750,0,-0.01351285,0.004973963,-0.013244748,0.013656061,0.040415354,0.027199646,false
202505.297847749,0,-0.010913044,0.0042809397,-0.011656642,0.009227522,0.039217398,0.025355564,false
202505.317847748,19999999,-0.00904271,0.0032634586,-0.013997972,0.006649496,0.061266866,0.019854417,false
202505.337847749,0,-0.009626657,0.0030832738,-0.0133141875,-0.020236464,0.05789918,0.046699844,false
202505.357847748,19999999,-0.010210365,0.0029036105,-0.0126312375,-0.04712242,0.0545315,0.07354527,false
202505.377847748,39999999,-0.013518453,0.020779222,-0.01826626,-0.0043848157,0.10529111,0.09048434,false
202505.397847749,0,-0.0013301969,0.0009841621,-0.0151049495,0.023290353,0.11935913,0.031522147,false
202505.417847749,0,-0.005895555,0.0014276654,-0.009114027,0.02866892,0.114476025,0.03578504,false
202505.437847748,19999999,-0.010459155,0.0018718541,-0.0031268,0.034047484,0.10959292,0.04004794,false
202505.457847748,39999999,-0.008646816,0.011455178,-0.00653404,0.032953266,0.109798305,0.07877678,false
202505.477847749,0,-0.007848054,0.028197825,-0.014835894,0.016704997,0.11509214,0.14683554,false
202505.497847749,0,-0.008989096,0.068798676,-0.026602685,-0.028309101,0.1464353,0.26398966,false
202505.517847748,19999999,-0.0023156106,0.1293622,-0.053839266,-0.14803085,0.21989831,0.49126166,false
202505.537847749,0,0.0038323998,0.20752025,-0.08354962,-0.36758325,0.37449184,0.87946707,false
202505.557847748,19999999,0.015094936,0.23647287,-0.095350504,-0.6277302,0.58510375,1.4126589,false
202505.577847749,0,0.016117245,0.23281798,-0.100820005,-0.883592,0.84512687,1.9004371,false
202505.597847748,19999999,-0.017729044,0.22952244,-0.09474319,-1.1582898,1.0800759,2.4030602,false
202505.617847749,0,-0.0673894,0.1751683,-0.07393825,-1.3785545,1.1875002,2.8360283,false
202505.637847749,0,-0.09422675,0.121059984,-0.060858905,-1.5292387,1.3460667,3.124021,false
202505.657847748,19999999,-0.1212419,0.067913584,-0.048273563,-1.6799229,1.5046332,3.4120138,false
202505.677847749,0,-0.1434879,0.0022197366,-0.03331095,-1.7847596,1.5663402,3.580235,false
202505.697847749,0,-0.15470982,-0.062256113,-0.016417384,-1.8129721,1.5665027,3.4890416,false
202505.717847749,0,-0.16028214,-0.10642725,0.00040715933,-1.7844658,1.4677533,3.234327,false
202505.737847748,19999999,-0.18099713,-0.12229122,0.02849257,-1.7538582,1.2404778,2.963526,false
202505.757847749,0,-0.17153785,-0.15179959,0.042165875,-1.5986563,0.9781629,2.5722528,false
202505.777847749,0,-0.16320086,-0.17723274,0.041165173,-1.3647581,0.67362624,2.124938,false
202505.797847749,0,-0.14443505,-0.16856366,0.015143037,-1.0963817,0.39114955,1.6577394,false
202505.817847748,19999999,-0.11959067,-0.15032543,-0.018432677,-0.85380435,0.15220092,1.224697,false
202505.837847749,0,-0.09766191,-0.114542544,-0.05193615,-0.63608414,0.04905831,0.79631305,false
202505.857847749,0,-0.08686587,-0.06357095,-0.06318259,-0.44369152,-0.020799272,0.47115052,false
202505.877847748,19999999,-0.06894371,-0.007568881,-0.071145475,-0.28914407,-0.030340433,0.301759,false
202505.897847749,0,-0.049187273,0.031747565,-0.067388475,-0.18837449,-0.0051383507,0.24742727,false
202505.917847748,19999999,-0.029455185,0.04221409,-0.064205706,-0.1406769,0.08716243,0.20649445,false
202505.937847749,0,-0.030476391,0.072063625,-0.062723696,-0.105847165,0.17341821,0.18987152,false
202505.957847748,19999999,-0.03149289,0.10192406,-0.06124735,-0.07101743,0.259674,0.1732486,false
202505.977847748,39999999,-0.04629621,0.042196855,-0.0404346,-0.10165225,0.18893208,0.23780236,false
202505.997847749,0,-0.037432462,-0.010711893,-0.046915233,-0.034590594,0.23920083,0.09955503,false
202506.017847748,19999999,-0.04239601,-0.010797128,-0.036435902,0.025684625,0.2652154,-0.015071437,false
202506.037847749,0,-0.018939435,-0.026995078,-0.037203252,0.0548357,0.25898147,-0.098983556,false
202506.057847749,0,0.0142095685,-0.032984838,-0.032939017,0.055134647,0.35167846,-0.20675439,false
202506.077847748,19999999,0.0172171,-0.0260109,-0.0019441843,0.1300641,0.33135164,-0.24169387,false
202506.097847749,0,0.0067067742,-0.0028196722,0.014539659,0.17880842,0.24385113,-0.23518819,false
202506.117847749,0,0.038997233,-0.0008070171,-0.0020641685,0.18409424,0.18555778,-0.25732353,false
202506.137847748,19999999,0.062476963,0.019766457,0.042793512,0.16615292,0.2589147,0.19495907,false
202506.157847749,0,0.023664623,0.065472215,0.04262042,0.13822672,0.2792372,-0.12242612,false
202506.177847749,0,0.029435098,0.052276187,0.034736514,0.021778747,0.22675246,-0.13110895,false
202506.197847748,19999999,0.005805254,0.020171888,0.048956454,-0.05616057,0.15300632,0.045810163,false
202506.217847749,0,0.026881933,-0.03564222,0.039738297,-0.00904645,0.18790257,0.048542395,false
202506.237847749,0,0.031450093,-0.047211006,0.048431277,0.04498772,0.2211856,0.0065978616,false
202506.257847749,0,0.029867291,-0.02609697,0.056649864,0.051797695,0.24340701,-0.05953072,false
202506.277847748,19999999,0.028345823,-0.007524535,0.06411481,0.019305214,0.21693546,-0.067315795,false
202506.297847749,0,0.039817512,-0.015587196,0.059717,0.0065062195,0.21324913,-0.084148616,false
202506.317847748,19999999,0.047944665,-0.031516373,0.060838938,0.03133297,0.24048765,-0.114127904,false
202506.337847749,0,0.051663995,-0.03580275,0.062722564,0.07189222,0.2686603,-0.17107496,false
202506.357847749,0,0.042994857,-0.020495474,0.06692189,0.07516911,0.26134735,-0.16701402,false
202506.377847748,19999999,0.043156147,-0.013236135,0.06548613,0.06757721,0.24761257,-0.14478758,false
202506.397847749,0,0.04821235,-0.016038314,0.06690097,0.07183049,0.22221471,-0.13152261,false
202506.417847749,0,0.045330882,-0.01846464,0.0609684,0.062222105,0.17688587,-0.055244245,false
202506.437847749,0,0.068455696,-0.0443148,0.039239228,0.07349913,0.15233915,-0.01422403,false
202506.457847749,0,0.07718974,-0.045611903,0.040064394,0.07948556,0.16703424,-0.028353922,false
202506.477847748,19999999,0.07120019,-0.046167985,0.050714612,0.07202443,0.09727893,-0.05431407,false
202506.497847749,0,0.07585186,-0.026318908,0.060446918,0.033638105,0.015067644,0.0039488226,false
202506.517847749,0,0.08849037,-0.015354693,0.05340761,-0.0777193,0.13510047,0.079428576,false
202506.537847748,19999999,0.04936719,-0.038389757,0.06778258,-0.15742452,0.07099623,0.103193,false
202506.557847749,0,0.026963651,-0.046236694,0.06804752,-0.15427902,0.017413829,0.08405373,false
202506.577847748,19999999,0.0045588613,-0.05407916,0.068305075,-0.15113354,-0.036168575,0.064914465,false
202506.597847749,0,-0.011701584,-0.045079798,0.06414837,-0.101162225,-0.0803477,0.044124693,false
202506.617847748,19999999,-0.009452522,-0.03718336,0.050436497,-0.06251849,-0.09563225,0.062020537,false
202506.637847749,0,-0.019827366,-0.037059337,0.045041144,-0.0022534989,-0.105756,0.0322467,false
202506.657847749,0,-0.013437569,-0.040673465,0.029513836,0.07152589,-0.11574513,0.010108059,false
202506.677847748,19999999,-0.0077744126,-0.027316824,0.028849661,0.14641872,-0.07220021,-0.04654619,false
202506.697713708,0,-0.004914279,-0.015884751,0.040607788,0.20892505,-0.04634867,-0.043950077,false
202506.717713708,0,0.00013023615,-0.016831622,0.040024936,0.20684768,-0.023592053,-0.0736221,false
202506.737713708,0,0.00348109,-0.016112685,0.043344915,0.20359275,-0.018102193,-0.13024138,false
202506.757713708,0,0.0035079718,-0.005960569,0.048873305,0.18255746,-0.033300318,-0.1852979,false
202506.777713707,19999999,0.014473379,-0.0019895881,0.041543543,0.15771246,-0.058277622,-0.21810631,false
202506.797713708,0,0.019908309,-0.00042681396,0.03689128,0.13449572,-0.06237796,-0.24780639,false
202506.817713708,0,0.030243218,0.0026952773,0.03184241,0.14550015,-0.06779791,-0.25827977,false
202506.837713707,19999999,0.040581703,0.0058181137,0.026795506,0.15650459,-0.073217854,-0.26875314,false
202506.857713707,39999999,0.050923884,0.0089416355,0.02175039,0.16750902,-0.07863781,-0.2792265,false
202506.877713708,0,0.068047166,0.016291827,0.01066494,0.2027055,-0.06307126,-0.30907717,false
202506.897713707,19999999,0.07197636,0.017815702,0.0073511004,0.21074946,-0.06946169,-0.30500546,false
202506.917713708,0,0.07172114,0.015036732,0.008194447,0.23154818,-0.0551423,-0.32342649,false
202506.937713707,19999999,0.066673875,0.0022582114,0.015071869,0.29256204,-0.07466372,-0.30822048,false
202506.957713708,0,0.06373823,-0.012881443,0.01349473,0.36241406,-0.08747272,-0.3339527,false
202506.977713708,0,0.046580315,-0.01708971,0.022880673,0.42316747,-0.11986293,-0.37183288,false
202506.997713707,19999999,0.021804571,0.0005646348,0.03273046,0.44772914,-0.19543314,-0.36690512,false
202507.017713708,0,0.008300006,-0.003889978,0.033890367,0.45568216,-0.29776147,-0.31734034,false
202507.037713708,0,0.0042158365,-0.01453869,0.014760196,0.43140578,-0.35553592,-0.30949762,false
202507.057713708,0,-0.012151539,-0.025286168,-0.0070177317,0.38199353,-0.38602763,-0.31535956,false
202507.077713708,0,-0.038147867,-0.02427949,-0.03302616,0.3256888,-0.39214376,-0.24484362,false
202507.097713707,19999999,-0.06413454,-0.023225114,-0.05908376,0.2693841,-0.39825985,-0.17432767,false
202507.117713707,39999999,-0.0902676,-0.03157723,-0.08499676,0.22382244,-0.38723302,-0.065155596,false
202507.137713708,0,-0.12485573,-0.044514358,-0.09934765,0.17601638,-0.41077888,0.18718097,false
202507.157713707,19999999,-0.15940088,-0.05745375,-0.11377698,0.1282103,-0.43432474,0.43951753,false
202507.177713707,39999999,-0.19750413,-0.063377336,-0.11390859,0.14793424,-0.46561772,0.38655192,false
202507.197713708,0,-0.2019282,-0.06113693,-0.12956238,0.06314095,-0.5285208,0.4517213,false
202507.217713708,0,-0.20928636,-0.062437028,-0.14032644,-0.0066363886,-0.5331197,0.5019238,false
202507.237713707,19999999,-0.21132341,-0.07247548,-0.14280182,-0.04220218,-0.4996408,0.5396059,false
202507.257713708,0,-0.20228952,-0.075581685,-0.15079677,-0.0709579,-0.4084394,0.51906055,false
202507.277713708,0,-0.20615527,-0.07103832,-0.12853223,-0.08598577,-0.322248,0.46980855,false
202507.297713707,19999999,-0.20085987,-0.06850524,-0.10224736,-0.08565716,-0.2614359,0.3849358,false
202507.317713708,0,-0.18533218,-0.06430359,-0.077836454,-0.06839064,-0.22343588,0.2787951,false
202507.337713707,19999999,-0.16014248,-0.05606091,-0.060888708,-0.051021002,-0.19536483,0.16972646,false
202507.357713708,0,-0.12960845,-0.05287625,-0.04618746,-0.026424589,-0.17478468,0.06802516,false
202507.377713708,0,-0.09352669,-0.040959433,-0.044780493,-0.011787517,-0.1342306,-0.04519839,false
202507.397713708,0,-0.06704798,-0.016681612,-0.037629902,-0.006746015,-0.081806056,-0.12469911,false
202507.417713708,0,-0.04438576,0.0075238943,-0.028616011,-0.007696552,-0.021207437,-0.1648927,false
202507.437713708,0,-0.02472967,0.027116373,-0.021700561,-0.0068766107,0.056134857,-0.17502171,false
202507.457713707,19999999,-0.005070895,0.046708137,-0.0147845745,-0.006056669,0.13347717,-0.18515073,false
202507.477713707,39999999,0.008421123,0.06152405,-0.008958459,-0.024138208,0.1866201,-0.1780375,false
202507.497713708,0,0.02035737,0.06353329,-0.0045750737,-0.047270715,0.21763566,-0.17388107,false
202507.517713708,0,0.030279964,0.05907494,-0.002619207,-0.058114324,0.24380516,-0.18759865,false
202507.537713707,19999999,0.03862804,0.054501995,0.00025612116,-0.04990282,0.2571019,-0.20831513,false
202507.557713708,0,0.04610595,0.049523115,0.0004736185,-0.02757898,0.25864753,-0.23819554,false
202507.577713708,0,0.04635781,0.05116129,0.00428313,-0.010650512,0.24664328,-0.26257646,false
202507.597713707,19999999,0.046316743,0.048679337,0.008051395,0.012119126,0.20861532,-0.25828543,false
202507.617713708,0,0.043541938,0.04411459,0.01098907,0.043361403,0.17021711,-0.24502382,false
202507.637713708,0,0.035065234,0.039846227,0.012400985,0.07068618,0.13130233,-0.20224524,false
202507.657713707,19999999,0.023610324,0.037332848,0.013466775,0.088701,0.095705144,-0.1416649,false
202507.677713708,0,0.01521647,0.02809836,0.014086008,0.09861481,0.06382105,-0.08137974,false
202507.697713708,0,0.006816596,0.017655492,0.016076148,0.09736391,0.044407524,-0.045255326,false
202507.717713708,0,-0.005475253,0.012249678,0.020835757,0.09219413,0.02117095,-0.020328008,false
202507.737713708,0,-0.010158032,0.005136922,0.019411623,0.08130664,-0.009910198,0.010804934,false
202507.757713707,19999999,-0.014840841,-0.0019760728,0.017986178,0.07041914,-0.040991344,0.041937876,false
202507.777713707,39999999,-0.0143375695,-0.0071121454,0.011576772,0.060605235,-0.05005227,0.05199001,false
202507.797713708,0,-0.019367665,-0.005750254,0.0060778856,0.037390023,-0.060939357,0.06842236,false
202507.817713707,19999999,-0.016984403,-0.012383789,-0.0058817267,0.018104646,-0.053338066,0.07369582,false
202507.837713708,0,-0.017015189,-0.020156965,-0.011709869,0.0020306818,-0.03697921,0.06875676,false
202507.857713708,0,-0.018971056,-0.02748327,-0.011437833,0.006416966,-0.024034992,0.05613271,false
202507.877713708,0,-0.020651728,-0.026209027,-0.010287166,0.010827096,-0.023566242,0.05158465,false
202507.897713708,0,-0.020019919,-0.02765198,-0.008216679,0.014860205,-0.027192742,0.044067696,false
202507.917713708,0,-0.016658574,-0.027205676,-0.01182431,0.015614032,-0.021275293,0.01750414,false
202507.937713708,0,-0.019305944,-0.025322735,-0.008430243,0.023220329,-0.026752457,0.009396562,false
202507.957713708,0,-0.016994089,-0.024277553,-0.008308232,0.027884316,-0.02925793,0.0090764025,false
202507.977713707,19999999,-0.012619019,-0.02165486,-0.008305967,0.03240382,-0.027057797,0.0054425965,false
202507.997713708,0,-0.010813057,-0.016947895,-0.007465005,0.037451267,-0.015491788,0.004315716,false
202508.017713708,0,-0.00981608,-0.014120474,-0.0028250813,0.03716602,-0.016367594,0.014612427,false
202508.037713708,0,-0.0074700415,-0.014449447,0.0014154911,0.037706263,-0.0025649685,0.00736557,false
202508.057713708,0,-0.0083597,-0.010945201,0.006210029,0.036488235,-0.013331036,0.018515546,false
202508.077713708,0,-0.007329285,-0.010334402,0.007857859,0.036344044,-0.019704133,0.023017485,false
202508.097713708,0,-0.00505656,-0.013922527,0.006838441,0.042843748,-0.021688938,0.029336061,false
202508.117713707,19999999,-0.0020510852,-0.015220374,0.005413115,0.055074587,-0.024678862,0.03588162,false
202508.137713708,0,0.0014828742,-0.014907002,0.003870666,0.057092287,-0.0134761175,0.025821961,false
202508.157713707,19999999,0.001131475,-0.0112041235,0.0050813556,0.05016502,-0.0067739966,0.020656666,false
202508.177713708,0,-0.00084242225,-0.010090023,0.007676184,0.04435925,-0.0068033063,0.011577379,false
202508.197713708,0,-0.001729101,-0.008600906,0.008267939,0.04653744,-0.01447922,0.008015404,false
202508.217713708,0,-0.0013659,-0.00087291,0.010220349,0.05273264,-0.029170679,0.012692833,false
202508.237713707,19999999,-0.003466785,0.0018875003,0.011399686,0.06614834,-0.035886895,0.021076053,false
202508.257713708,0,-0.005751133,0.0075371712,0.013284147,0.08918342,-0.057252735,0.043975737,false
202508.277713708,0,-0.00026604533,0.012988046,0.004481852,0.0938749,-0.071065366,0.05844677,false
202508.297713707,19999999,0.008559883,0.012967885,-0.0070943832,0.084144205,-0.062026344,0.05762486,false
202508.317713708,0,0.0024722815,0.012372151,-0.0047457814,0.07706219,-0.052705266,0.06168197,false
202508.337713708,0,0.0010540187,0.014372364,-0.008579135,0.06157003,-0.040246535,0.06388705,false
202508.357713707,19999999,-0.00036236644,0.016371652,-0.012414634,0.04607787,-0.027787805,0.06609213,false
202508.377713706,39999999,-0.0017769039,0.018370047,-0.01625204,0.03058571,-0.015329073,0.06829722,false
202508.397713707,59999999,-0.006100118,0.01164107,-0.012472153,0.0026846696,-0.0066134427,0.05167402,false
202508.417713707,0,0.0007634163,-0.0010223091,-0.017009139,-0.003680861,-0.014889578,0.03858912,false
202508.437713706,19999999,0.0036671162,-0.0048206598,-0.013856053,0.012910549,0.00036053173,0.002306085,false
202508.457713707,0,-0.0015195012,-0.0008081198,-0.0037547946,0.042253807,-0.0026917534,-0.023334902,false
202508.477713707,0,-0.00740993,0.005699128,0.0034641027,0.061130036,-0.025074609,-0.028932083,false
202508.497713707,0,-0.007745385,0.0008561909,0.007607281,0.09271954,-0.061109852,-0.047884185,false
202508.517713707,0,-0.009672791,-0.008921906,0.011977136,0.12824091,-0.10387067,-0.095230624,false
202508.537713707,0,-0.013650358,-0.02622895,0.018736959,0.18944928,-0.1895433,-0.15597612,false
202508.557713707,0,-0.008666366,-0.055859283,0.010107398,0.3012517,-0.26986763,-0.27966383,false
202508.577713706,19999999,0.0045307577,-0.092366785,-0.008256137,0.4604972,-0.32206303,-0.4534204,false
202508.597713707,0,0.011195868,-0.13230155,-0.021331966,0.68037516,-0.35132027,-0.67223746,false
202508.617713707,0,0.0075801015,-0.17284803,-0.026080906,0.94045997,-0.33126873,-1.0457721,false
202508.637713707,0,-0.032388926,-0.15543169,-0.010709226,1.164746,-0.44252086,-1.3566368,false
202508.657713706,19999999,-0.07260737,-0.13806623,0.004466474,1.3890321,-0.553773,-1.6675016,false
202508.677713706,39999999,-0.08554062,-0.12254542,0.0044410825,1.5846337,-0.68660057,-1.9376681,false
202508.697713707,0,-0.09331566,-0.09508383,0.004087031,1.7595176,-0.8411813,-2.1416798,false
202508.717713706,19999999,-0.09998244,-0.06601423,0.0013128519,1.8852516,-1.0291817,-2.2735536,false
202508.737713707,0,-0.08862418,-0.04330316,-0.017720222,1.9849024,-1.1630416,-2.4246078,false
202508.757713707,0,-0.097161174,-0.0101724565,-0.015728354,2.043546,-1.2953271,-2.4873962,false
202508.777713707,0,-0.07980883,0.0025241077,-0.02989912,2.084502,-1.3792471,-2.523511,false
202508.797713706,19999999,-0.0788711,0.022530258,-0.027552366,2.148082,-1.4448713,-2.490623,false
202508.817713707,0,-0.060824692,0.040344626,-0.04111004,2.2528949,-1.4727745,-2.4192936,false
202508.837713707,0,-0.070476234,0.105508804,-0.06262362,2.289979,-1.4794234,-2.2095504,false
202508.857713707,0,-0.035050094,0.14276537,-0.109918594,2.2293675,-1.4216545,-1.9467866,false
202508.877713707,0,-0.022354126,0.15358585,-0.12379116,2.0718966,-1.2295216,-1.7169333,false
202508.897713706,19999999,-0.010590464,0.16424999,-0.13868004,1.9144255,-1.0373888,-1.48708,false
202508.917713707,0,-0.007045716,0.16885561,-0.13098687,1.7137753,-0.8435568,-1.2441108,false
202508.937713706,19999999,0.00488469,0.14939809,-0.11649048,1.5367254,-0.6102536,-1.0681307,false
202508.957713707,0,0.0041609704,0.15331313,-0.10019851,1.3338723,-0.4301713,-0.8753251,false
202508.977713706,19999999,0.0030994713,0.15691516,-0.08426869,1.1310194,-0.25008905,-0.68251944,false
202508.997713707,0,0.0048219264,0.13531744,-0.07144332,0.949283,-0.13166226,-0.46867985,false
202509.017713707,0,0.0036683679,0.11510122,-0.048402667,0.80132914,-0.030956052,-0.27408963,false
202509.037713707,0,0.006636888,0.093529046,-0.02843678,0.699399,0.06429824,-0.148671,false
202509.057713706,19999999,-0.0023795366,0.07306117,-0.0021368861,0.6204883,0.10449493,-0.042459756,false
202509.077713707,0,-0.0015046299,0.053622663,0.015977383,0.5690518,0.120222226,0.029603794,false
202509.097548667,0,-0.0035321538,0.041186776,0.021883825,0.52381563,0.10176778,0.07534703,false
202509.117548667,0,-0.00023764372,0.023962438,0.02117014,0.49124426,0.08249062,0.11151216,false
202509.137548667,0,0.0021055043,0.0051934123,0.024615467,0.47538364,0.061707072,0.13650672,false
202509.157548667,0,0.00674811,-0.009345293,0.026762843,0.47050065,0.052641243,0.1400472,false
202509.177548667,0,0.006726265,-0.017235935,0.027503312,0.4701828,0.034081835,0.14567629,false
202509.197548667,0,0.009981275,-0.025562704,0.028232396,0.47615856,0.026649095,0.14714798,false
202509.217548667,0,0.0072258115,-0.02518922,0.031303287,0.48047823,0.018054944,0.14256617,false
202509.237548667,0,0.0014360845,-0.026385486,0.031173468,0.46244323,-0.0031369664,0.15624486,false
202509.257548666,19999999,-0.0043317378,-0.027639449,0.030976713,0.44440824,-0.024328878,0.16992354,false
202509.277548667,0,-0.0028598607,-0.032696784,0.02591759,0.43419376,-0.037079968,0.16766177,false
202509.297548667,0,-0.0016145706,-0.03301567,0.021263301,0.41909993,-0.035971772,0.15072332,false
202509.317548667,0,-0.0020516813,-0.03091079,0.019867957,0.4089532,-0.033683006,0.1310438,false
202509.337548667,0,-0.002714038,-0.02552849,0.02076137,0.39531976,-0.027327074,0.10601538,false
202509.357548667,0,-0.0051362216,-0.014933586,0.020085275,0.37268516,-0.02355614,0.093127705,false
202509.377548666,19999999,-0.0077121556,-0.005197048,0.021171331,0.3412999,-0.02030193,0.08753014,false
202509.397548667,0,-0.010127246,-0.006871462,0.029671192,0.30936837,-0.04736107,0.097176835,false
202509.417548667,0,-0.009793967,-0.023821354,0.038901806,0.315045,-0.09791423,0.025566384,false
202509.437548666,19999999,-0.009464085,-0.040794253,0.04810375,0.32072163,-0.14846739,-0.046044067,false
202509.457548666,0,-0.010847151,-0.040997505,0.046412945,0.34001204,-0.22886172,-0.13546568,false
202509.477548665,19999999,-0.0051082075,-0.022899985,0.033851266,0.34019846,-0.29936448,-0.20511566,false
202509.497548666,0,0.0025936961,0.004854262,0.012952864,0.30452108,-0.3275492,-0.22099237,false
202509.517548666,0,0.005716324,0.02396965,0.001563251,0.25747874,-0.32282573,-0.18824345,false
202509.537548666,0,0.008324742,0.0284459,-0.009427071,0.21513733,-0.2708022,-0.13010654,false
202509.557548666,0,0.010920763,0.032919466,-0.02043724,0.17279592,-0.2187787,-0.07196961,false
202509.577548665,19999999,0.008529514,0.041384697,-0.022684157,0.11909656,-0.16042118,-0.0054445714,false
202509.597548666,0,0.0076718032,0.033595562,-0.019926608,0.072606266,-0.11643574,0.06914979,false
202509.617548666,0,0.0038016438,0.02515757,-0.011492372,0.04835789,-0.070350155,0.12137343,false
202509.637548665,19999999,-0.0019623637,0.016624987,-0.0038220286,0.034928065,-0.045173816,0.17766337,false
202509.657548666,0,-0.003752321,0.0023009777,-0.0010479093,0.038970165,-0.020917665,0.19817829,false
202509.677548665,19999999,-0.0085733235,-0.0062884092,0.0016524196,0.04634387,-0.008133884,0.1925473,false
202509.697548666,0,-0.008134663,-0.017097056,0.0023422241,0.05465066,0.0065677958,0.1638736,false
202509.717548666,0,-0.014551431,-0.019085944,0.00756377,0.06179965,0.019223273,0.14298414,false
202509.737548665,19999999,-0.017451227,-0.011822164,0.008934736,0.060007636,0.03888969,0.13350096,false
202509.757548666,0,-0.021718174,0.002038896,0.0056422353,0.028032977,0.036268774,0.15551409,false
202509.777548666,0,-0.021927953,-0.0016661286,-0.00200212,-0.015548203,0.04352056,0.18594185,false
202509.797548666,0,-0.013966024,-0.01791346,-0.008982956,-0.058840826,0.088494316,0.16864929,false
202509.817548665,19999999,-0.014989078,-0.04044825,-0.0067486763,-0.08175269,0.12948298,0.12643379,false
202509.837548666,0,-0.015716374,-0.04118532,0.0018901229,-0.09386288,0.12960915,0.06745249,false
202509.857548665,19999999,-0.016445845,-0.041922748,0.010527015,-0.10597307,0.12973532,0.008471195,false
202509.877548665,39999999,-0.014057308,-0.04135704,0.011006832,-0.118393496,0.11569084,-0.05028384,false
202509.897548666,0,-0.024977088,-0.03806144,0.020230591,-0.12953933,0.10599956,-0.09738368,false
202509.917548665,19999999,-0.020507693,-0.03524655,0.012400746,-0.1389802,0.08172965,-0.14901385,false
202509.937548666,0,-0.014864385,-0.029193819,0.0036811233,-0.15665987,0.078667164,-0.20944405,false
202509.957548666,0,-0.012395591,-0.022446573,0.0035383701,-0.17044501,0.06905654,-0.25431752,false
202509.977548666,0,-0.020944864,-0.0063296556,0.013883114,-0.18117619,0.069817156,-0.26151624,false
202509.997548666,0,-0.021510303,0.0021190047,0.017727196,-0.17958334,0.053721868,-0.25389823,false
202510.017548665,19999999,-0.015809715,0.011552274,0.011928499,-0.18743315,0.013089582,-0.20777811,false
202510.037548666,0,-0.0094843805,0.012821734,-4.2557716e-05,-0.20009653,0.01925434,-0.1911658,false
202510.057548665,19999999,-0.0054824054,0.00034070015,0.0029925108,-0.16743864,0.017357549,-0.18870358,false
202510.077548666,0,-0.007125467,0.009687245,-0.0006096363,-0.1608991,-0.014763432,-0.16223317,false
202510.097548666,0,0.00034812093,0.011362195,-0.0059586763,-0.14628279,0.011148388,-0.16588956,false
202510.117548665,19999999,-0.006097734,0.026227713,-0.0046450496,-0.15667865,-0.009712817,-0.1107205,false
202510.137548666,0,-0.0032722652,0.02036196,-0.0062674284,-0.16927812,0.013176525,-0.094930075,false
202510.157548665,19999999,-0.00044301152,0.0144869685,-0.007899225,-0.18187757,0.03606586,-0.07913966,false
202510.177548665,39999999,-0.0052048266,0.019065917,-0.0014885068,-0.18669024,0.019623185,-0.07967558,false
202510.197548666,0,0.0013376176,0.008375168,0.012713909,-0.17364976,-0.045464188,-0.049891777,false
202510.217548666,0,0.0036508143,-0.0049458146,0.022732794,-0.14554629,-0.09218148,-0.055940323,false
202510.237548665,19999999,-0.0025393665,-0.0023667216,0.028447151,-0.06785289,-0.15311679,-0.042544387,false
202510.257548666,0,-0.00013703108,0.014969289,0.015809476,-0.037897535,-0.18184103,0.00676072,false
202510.277548666,0,0.007439077,0.025868773,-0.005923629,-0.057139546,-0.15929037,0.036888007,false
202510.297548665,19999999,0.009978682,0.028511107,-0.023453295,-0.13512495,-0.09069023,0.08374473,false
202510.317548666,0,0.000120818615,0.003344059,-0.025754392,-0.17366248,-0.036248554,0.10501223,false
202510.337548666,0,0.014322817,-0.026991904,-0.026059687,-0.15059434,0.014224671,0.08426693,false
202510.357548665,19999999,0.02099675,-0.030942023,-0.018927097,-0.12104149,0.05403383,0.0021723509,false
202510.377548666,0,0.0039817393,-0.0032384992,-0.008030772,-0.1379276,0.08751284,-0.09059447,false
202510.397548665,19999999,-0.019008279,0.009292543,-0.0036536455,-0.14381595,0.01028505,-0.07551927,false
202510.417548666,0,-0.015917748,0.0077319145,-0.004373908,-0.14530396,-0.021783613,-0.054795794,false
202510.437548666,0,0.0033648312,0.0024043322,-0.0002156496,-0.10103649,0.07392843,-0.09850371,false
202510.457548665,19999999,0.022648722,-0.0029265285,0.0039380193,-0.056769002,0.16964048,-0.14221162,false
202510.477548665,39999999,0.0101112425,0.019652188,0.02053076,-0.045585785,0.20578727,-0.11113655,false
202510.497548666,0,-0.009542346,0.041452706,0.026653051,-0.06814588,0.22904769,-0.05670844,false
202510.517548665,19999999,-0.07696664,0.06673592,0.045621395,-0.13008521,0.06563409,0.18006463,false
202510.537548666,0,-0.039672107,0.008926749,-0.00072568655,-0.14704058,-0.0039361194,0.31284595,false
202510.557548666,0,0.013511181,-0.04054135,-0.018686533,-0.118163325,0.100821674,0.22711459,false
202510.577548665,19999999,0.025166571,-0.048961043,0.00425297,-0.08070442,0.18584928,0.15820518,false
202510.597548666,0,0.011293352,-0.046669364,0.038475394,-0.04845612,0.16945367,0.13048218,false
202510.617548666,0,-0.008918822,-0.04000449,0.04321307,-0.043665707,0.031743973,0.14674415,false
202510.637548665,19999999,-0.0026468039,-0.035030425,0.010159373,-0.074350305,-0.05860976,0.086355835,false
202510.657548666,0,0.033519864,-0.016910374,-0.01693201,-0.1337223,-0.04385288,-0.038503528,false
202510.677548666,0,0.039861202,-0.004274845,-0.014600217,-0.1977453,0.0059446245,-0.1441958,false
202510.697548666,0,0.015428513,0.015804052,-0.004539013,-0.2473892,0.047255363,-0.1940177,false
202510.717548665,19999999,-0.027782917,0.026997328,0.009486616,-0.2652327,-0.02643549,-0.11211058,false
202510.737548666,0,-0.022959799,0.0065707564,-0.0035598278,-0.21459495,-0.045269646,-0.06682001,false
202510.757548665,19999999,-0.01813075,-0.013868511,-0.016619861,-0.16395718,-0.064103805,-0.021529444,false
202510.777548666,0,0.0009560287,-0.012643635,-0.023125231,-0.10745133,-0.008591555,-0.052972686,false
202510.797548665,19999999,0.006191492,-0.010423839,-0.01685977,-0.058706246,0.046519343,-0.08287738,false
202510.817548666,0,0.005682051,-0.0065276027,-0.008748472,-0.04093434,0.078009695,-0.112439804,false
202510.837548666,0,0.006884724,0.00078362226,0.0028486252,-0.037756734,0.091874294,-0.13029352,false
202510.857548666,0,-0.0023635924,0.011854708,0.016175687,-0.04185933,0.11496669,-0.14468539,false
202510.877548666,0,-0.011394501,0.02457118,0.013068736,-0.08094631,0.08356586,-0.15054113,false
202510.897548665,19999999,-0.020419061,0.03727764,0.009952843,-0.120033294,0.052165024,-0.15639687,false
202510.917548665,39999999,-0.017680943,0.03942585,-0.0024864078,-0.18269092,0.034877155,-0.15516506,false
202510.937548666,0,-0.015197217,0.03260386,-0.010452688,-0.23918647,-0.0035832562,-0.14169158,false
202510.957548666,0,-0.01641199,0.025306523,-0.0089536905,-0.27048817,-0.03838999,-0.1307033,false
202510.977548666,0,-0.011292547,0.0143764615,-0.007972896,-0.27213773,-0.0687991,-0.107192054,false
202510.997548666,0,-0.001311928,0.008274198,-0.013228416,-0.25992334,-0.09031858,-0.09579164,false
202511.017548665,19999999,0.0012500584,0.007573724,-0.008646309,-0.24567072,-0.11143012,-0.09707225,false
202511.037548666,0,0.0056856573,0.005779803,-0.011057854,-0.22765216,-0.10404226,-0.1157056,false
202511.057548665,19999999,0.010137945,0.003970921,-0.013488293,-0.20963362,-0.09665441,-0.13433896,false
202511.077548665,39999999,0.0013691485,0.0156213045,-0.0038221478,-0.21600327,-0.111410625,-0.13642728,false
202511.097548666,0,0.00298208,0.012502253,-0.0018075109,-0.22427374,-0.103397734,-0.14807127,false
202511.117548665,19999999,0.005692214,0.015080512,-0.004977286,-0.22587208,-0.102157705,-0.15704346,false
202511.137548666,0,-0.0029287338,0.019669771,0.0016615987,-0.24151513,-0.09813393,-0.15704241,false
202511.157548666,0,-0.0006954074,0.015255451,0.00072288513,-0.26419353,-0.08553379,-0.16332477,false
202511.177548665,19999999,-0.0012404025,0.011119306,-0.0018265247,-0.26764145,-0.08644708,-0.14153576,false
202511.197548666,0,-0.008558154,0.014397442,0.009205997,-0.2807083,-0.08493169,-0.13872422,false
202511.217548665,19999999,-0.0020400584,0.0076960325,-0.0015647411,-0.28844032,-0.09187533,-0.14796667,false
202511.237548666,0,-0.0071694553,0.010981739,-0.0004413724,-0.30613866,-0.124152035,-0.14473459,false
202511.257548666,0,0.007695347,0.012223721,-0.020610034,-0.35147172,-0.100175254,-0.18475796,false
202511.277548665,19999999,0.008146703,0.0057958364,-0.019384742,-0.3792472,-0.10371455,-0.20435306,false
202511.297548666,0,0.0043106675,0.004576266,-0.015268922,-0.3922515,-0.06754613,-0.2302213,false
202511.317548666,0,0.00031119585,0.0016221404,-0.0101572275,-0.3731394,-0.062266394,-0.22764784,false
202511.337548665,19999999,-0.0040132105,0.006967634,-0.0041182637,-0.35778022,-0.058425654,-0.22282566,false
202511.357548665,0,-0.0010963082,0.0061011016,-0.0027380586,-0.3384938,-0.045312345,-0.2238896,false
202511.377548664,19999999,0.0018546283,0.005203992,-0.0014020801,-0.31920737,-0.032199033,-0.22495355,false
202511.397548664,39999999,0.008038014,0.008824408,-0.0060576797,-0.3159001,-0.0127630625,-0.2391606,false
202511.417548665,0,0.00153777,0.010408998,0.0057807565,-0.31642148,-0.046412043,-0.21867613,false
202511.437548664,19999999,0.00678432,0.0050424635,0.0063904524,-0.3097955,-0.0405681,-0.22038639,false
202511.457548665,0,0.006739348,0.0057471395,0.0084396005,-0.2965198,-0.052203108,-0.21080455,false
202511.477405667,0,0.0015941045,0.009646887,0.009555968,-0.3010059,-0.04342877,-0.21611957,false
202511.497405667,0,-0.0026958585,0.01255244,0.009478569,-0.31229842,-0.066841066,-0.2018723,false
202511.517405666,19999999,-0.0019587576,0.01415211,0.00527066,-0.33537155,-0.083740994,-0.18940446,false
202511.537405667,0,-0.0012632012,0.012619317,-0.000202775,-0.36085695,-0.08669194,-0.18351719,false
202511.557405667,0,-0.0014827251,0.009822041,-0.0036007166,-0.38367295,-0.08176472,-0.17678623,false
202511.577405667,0,-0.004944831,0.008822054,-0.003650546,-0.40144044,-0.0764177,-0.16676056,false
202511.597405666,19999999,-0.005651504,0.0076294243,-0.0045648217,-0.41776913,-0.07050717,-0.1610237,false
202511.617405667,0,-0.0051899552,0.007531613,-0.0056321025,-0.43207023,-0.06701436,-0.1577828,false
202511.637405667,0,-0.0047869384,0.0059334934,-0.004366398,-0.4427119,-0.06436823,-0.16014458,false
202511.657405666,19999999,-0.0043528974,0.0043006837,-0.0031732917,-0.45335355,-0.06172211,-0.16250639,false
202511.677405666,39999999,-0.0045109093,0.0017309487,-0.00073575974,-0.4615063,-0.05715076,-0.16500482,false
202511.697405667,0,-0.0044462383,-0.000313133,0.0012294054,-0.4631885,-0.05798944,-0.17232409,false
202511.717405667,0,-0.0034332573,0.0018410385,0.002530098,-0.4649479,-0.068056524,-0.17621577,false
202511.737405666,19999999,-0.0007632673,0.0032922626,0.0008664131,-0.4627771,-0.07073915,-0.18511955,false
202511.757405667,0,0.0011125207,0.007259667,-0.0003607273,-0.46527946,-0.07469868,-0.1934536,false
202511.777405667,0,0.0030303597,0.011114806,-0.003122151,-0.46250755,-0.07087048,-0.19629799,false
202511.797405666,19999999,0.0011026561,0.014639884,-0.0041820407,-0.455322,-0.064799495,-0.19092575,false
202511.817405666,0,0.001459986,0.017825037,-0.0056940913,-0.44039363,-0.054861598,-0.17643741,false
202511.837405666,0,-0.00029310584,0.020332217,-0.0063633323,-0.42321062,-0.045027502,-0.16007972,false
202511.857405666,0,-0.0042200983,0.02411127,-0.0065233707,-0.40333235,-0.04452494,-0.13071352,false
202511.877405666,0,-0.0025688708,0.025893092,-0.013340652,-0.38734528,-0.035451807,-0.11359623,false
202511.897405665,19999999,0.0017732382,0.025510281,-0.019677341,-0.3775457,-0.016976124,-0.09921661,false
202511.917405666,0,0.004120916,0.02239424,-0.020411909,-0.36678508,0.020630753,-0.106319025,false
202511.937405666,0,0.0023580492,0.022332042,-0.018528402,-0.360922,0.057410993,-0.117331,false
202511.957405665,19999999,-0.00076687336,0.025916114,-0.013938427,-0.3742964,0.09209723,-0.053945452,false
202511.977405665,39999999,-0.000944376,0.030366316,-0.013417184,-0.3619801,0.14956456,-0.07120718,false
202511.997405666,0,-0.0071608126,0.023327932,-0.008567691,-0.3461625,0.13719472,-0.10367884,false
202512.017405666,0,-0.0034208298,0.02012755,-0.006622672,-0.33202416,0.10717571,-0.13222577,false
202512.037405665,19999999,-0.005610734,0.016697988,-0.00467211,-0.3095283,0.100182176,-0.15203589,false
202512.057405666,0,-0.0037527084,0.018419594,-0.0035556555,-0.28377974,0.08517199,-0.15919104,false
202512.077405666,0,-0.006596029,0.022043705,-0.00057411194,-0.26516137,0.06117764,-0.16346173,false
202512.097405665,19999999,-0.0057550073,0.022914916,-0.0021665096,-0.25227052,0.037510846,-0.16387536,false
202512.117405666,0,-0.0030383468,0.022501096,-0.0040640235,-0.23789051,0.021927236,-0.16322301,false
202512.137405665,19999999,0.00048214197,0.021536708,-0.006092012,-0.22325258,0.015847731,-0.15515709,false
202512.157405666,0,-0.0018651783,0.02708146,-0.004972458,-0.21741731,0.00742143,-0.13273057,false
202512.177405666,0,0.00035253167,0.026627332,-0.007159114,-0.21855487,0.008488489,-0.10771484,false
202512.197405666,0,0.00130108,0.022862896,-0.005659342,-0.21018113,0.013447851,-0.09277519,false
202512.217405665,19999999,0.0022575855,0.019094408,-0.004179299,-0.20180741,0.018407213,-0.077835545,false
202512.237405666,0,0.001980722,0.01777336,-0.002855122,-0.18290806,0.020473128,-0.06767856,false
202512.257405666,0,0.00048846006,0.018568143,-0.0025962591,-0.1657396,0.019012086,-0.057792485,false
202512.277405665,19999999,0.0013996363,0.017509073,-0.0030329227,-0.14778903,0.016489843,-0.048648525,false
202512.297405666,0,0.0017894208,0.015316352,-0.0031167865,-0.12816706,0.017495422,-0.04740547,false
202512.317405666,0,0.0006727278,0.0135395825,-0.0011763573,-0.107364096,0.01975591,-0.052656274,false
202512.337405666,0,-0.0007118583,0.015376672,-0.0011100769,-0.09017872,0.018547235,-0.059223473,false
202512.357405666,0,-0.00089100003,0.015527278,-0.0005711317,-0.08071589,0.015382752,-0.068107665,false
202512.377405665,19999999,-0.0015246868,0.015774041,-0.0004580617,-0.076497994,0.008593252,-0.0780994,false
202512.397405666,0,-0.0016277432,0.016723529,0.00043171644,-0.0731203,-0.0018240772,-0.08475868,false
202512.417405666,0,-5.3584576e-05,0.017909095,0.00054234266,-0.075080164,-0.009251744,-0.09024479,false
202512.437405666,0,0.0017940402,0.019765645,-0.00016993284,-0.085415915,-0.011595059,-0.09644811,false
202512.457405666,0,0.004249871,0.02125153,-0.0015273094,-0.1005737,-0.010537272,-0.10589126,false
202512.477405666,0,0.006188929,0.021461278,-0.00097203255,-0.12627383,-0.014511709,-0.10872586,false
202512.497405666,0,0.0059245825,0.01816085,-0.0016382337,-0.15207285,-0.012379097,-0.11601745,false
202512.517405666,0,-0.0012489855,0.015115321,0.004731238,-0.16121332,-0.00983618,-0.11693654,false
202512.537405666,0,-0.0027405024,0.010982752,0.0035879016,-0.14773478,-0.029333932,-0.09837719,false
202512.557405665,19999999,-0.004223913,0.0068484247,0.0024328232,-0.13425621,-0.048831683,-0.07981784,false
202512.597405666,0,0.006118983,0.0035801902,-0.006355405,-0.093892366,-0.020753311,-0.06788358,false
202512.617405666,0,0.0032821596,0.0060963035,-0.0036179423,-0.078432135,-0.0069405893,-0.06531656,false
202512.637405666,0,-5.1915646e-05,0.011114448,-0.0009325743,-0.06698254,-0.0061512804,-0.059596177,false
202512.657405666,0,-0.00043076277,0.0135433525,0.0009971857,-0.056983054,-0.00791363,-0.056605425,false
202512.677405665,19999999,-0.00018939376,0.015698172,0.0021039844,-0.0507397,-0.008492225,-0.056094535,false
202512.697405666,0,-0.0024823248,0.018673904,0.0043489933,-0.053968944,-0.011815079,-0.055641316,false
202512.717405665,19999999,-0.0041408837,0.02241999,0.003389597,-0.0579641,-0.019817622,-0.051810022,false
202512.737405666,0,-0.004902214,0.025697611,8.380413e-05,-0.06628777,-0.024044747,-0.04584847,false
202512.757405666,0,-0.003685683,0.025766946,-0.0030984879,-0.08006925,-0.025690824,-0.03796317,false
202512.777405665,19999999,-0.0005839467,0.02338411,-0.007905364,-0.08933043,-0.010546615,-0.03506858,false
202512.797405666,0,-0.0022093058,0.021481588,-0.0049075484,-0.09241433,-0.005754812,-0.02450366,false
202512.817405665,19999999,-0.0036916137,0.018682823,-0.0025589466,-0.08822041,-0.0019447643,-0.012766468,false
202512.837405666,0,-0.0004133284,0.015492566,-0.0029019117,-0.07943922,0.0068921745,-0.006357498,false
202512.857405665,19999999,0.0028651953,0.012302004,-0.003248036,-0.07065804,0.015729114,5.14728e-05,false
202512.877405665,39999999,0.0017452836,0.012052104,-0.0027153492,-0.061192065,0.01916694,-0.001992152,false
202512.897405666,0,-0.0009058416,0.013269149,0.00051134825,-0.052873578,0.012098874,-0.007321999,false
202512.917405665,19999999,-0.0013282299,0.012461342,0.0015527606,-0.044344697,0.0007050354,-0.010463096,false
202512.937405666,0,-0.0007882118,0.012011372,0.0019609928,-0.03534638,-0.006824774,-0.0141714355,false
202512.957405666,0,0.00052565336,0.010441273,0.0013098717,-0.028539622,-0.010361145,-0.01651131,false
202512.977405665,19999999,0.0012068748,0.010965884,0.0011317134,-0.016672114,-0.012543756,-0.0155614875,false
202512.997405666,0,-0.00082212687,0.012918748,-0.00037521124,-0.015080494,-0.010460367,-0.009516906,false
202513.017405665,19999999,-0.0033919215,0.0141166225,-0.0011222363,-0.015525572,-0.013930521,-0.0016302876,false
202513.037405666,0,-0.0035951734,0.0115639195,-0.00058215857,-0.01632539,-0.010282821,0.0042682537,false
202513.057405666,0,-0.0013510287,0.010686137,-0.0006033182,-0.017158292,-0.009140179,0.009870375,false
202513.077405666,0,-0.0014314353,0.012328342,-0.0023824573,-0.019151041,-0.0060592378,0.008764783,false
202513.097405666,0,-0.00059244037,0.0107026175,-0.003319025,-0.024446804,-0.005201823,0.00176227,false
202513.117405665,19999999,0.0002465248,0.009076811,-0.00425601,-0.029742565,-0.0043444084,-0.005240243,false
202513.137405666,0,-0.00021079183,0.0077875555,-0.002386272,-0.02422347,0.0025538364,-0.014798143,false
202513.157405666,0,-0.0020124316,0.009740047,-0.001781702,-0.019022845,0.008492816,-0.02205179,false
202513.177405666,0,-0.0070043206,0.012842238,0.001874268,-0.016783696,-0.006372433,-0.014030248,false
202513.197405666,0,-0.004466772,0.014603585,-0.0022792816,-0.017117538,-0.010559659,-0.009036248,false
202513.217405665,19999999,0.0036548972,0.013043508,-0.007992387,-0.019749472,-0.0014459938,-0.0022226889,false
202513.237405666,0,0.0055399537,0.008615106,-0.008426666,-0.015040919,0.02417189,-0.014464141,false
202513.257405666,0,-0.0017221868,0.01082027,-0.0014669299,-0.009409236,0.032599077,-0.018684229,false
202513.277405665,19999999,-0.005644411,0.012666978,0.002309084,-0.0025923187,0.02304101,-0.015855266,false
202513.297405666,0,-0.003810078,0.010981791,0.003556013,-0.0024141502,0.013293062,-0.013951517,false
202513.317405666,0,-0.0005246997,0.010869116,0.0019544363,-0.0017274455,0.008844907,-0.022480084,false
202513.337405666,0,-0.0006635785,0.01109869,0.0015285611,-0.0020698106,0.008182905,-0.031037012,false
202513.357405666,0,-0.0029891133,0.01431445,0.00094002485,-0.0047416636,0.004125137,-0.035097953,false
202513.377405666,0,-0.0037929416,0.016220883,0.00070905685,-0.00948124,-0.0024457201,-0.02220263,false
202513.397405666,0,-0.0028117895,0.016173363,-0.0014844537,-0.011045732,-0.0045388024,-0.0071966033,false
202513.417405666,0,0.0010950267,0.013075799,-0.0040642023,-0.010885758,-0.00011410471,0.002161651,false
202513.437405666,0,0.0010484159,0.010910906,-0.0026090145,-0.008331204,-0.0007127853,0.00934118,false
202513.457405665,19999999,0.0010017753,0.008746035,-0.0011540055,-0.0057766503,-0.0013114659,0.016520709,false
202513.477405665,39999999,0.000955075,0.0065811723,0.00030094385,-0.003222096,-0.0019101463,0.02370024,false
202513.497405665,59999999,0.0028363168,0.0024935305,-0.0020548105,0.0033388145,0.012381155,0.016430464,false
202513.517405666,0,0.0021030307,0.0022777915,-0.0013109446,0.0078004645,0.022000182,0.009514326,false
202513.537405665,19999999,0.0004800558,0.007247247,0.001380086,0.0057494035,0.017682057,0.0023526344,false
202513.557405666,0,-0.002048403,0.009267218,0.001893878,0.0025306458,0.014278492,0.002423782,false
202513.577405666,0,-0.00049573183,0.010182314,0.0034511685,-0.0058667446,0.006159179,0.0015844482,false
202513.597405666,0,-0.0005354285,0.00903824,0.002387166,-0.012115501,0.0044607497,-0.0018061907,false
202513.617405666,0,-0.00043600798,0.009549573,0.00290066,-0.017440055,0.0018937171,-0.0014767754,false
202513.637405666,0,-0.00067195296,0.01101239,0.0015605092,-0.018734356,-0.00074144476,-0.0014493222,false
202513.657405666,0,0.0002386272,0.010158949,-0.00029718876,-0.020531433,-0.00040519313,-0.0017338853,false
202513.677405666,0,-0.0001500547,0.010248773,-0.0031211972,-0.022760976,0.00031490216,0.00048748485,false
202513.697405666,0,0.0009291172,0.008520909,-0.0017573833,-0.02199918,0.006879062,-0.0034657116,false
202513.717405665,19999999,0.00035056472,0.009998061,-0.0005283952,-0.016988073,0.0042730127,-0.004127103,false
202513.737405665,0,0.0021094978,0.011563532,-0.0022528768,-0.016088117,0.0053058406,-0.0054597,false
202513.757405665,0,0.00024354458,0.012290955,-0.001330018,-0.013672224,0.005961803,-0.0065318206,false
202513.777405665,0,0.0019309521,0.011732079,-0.0009904504,-0.009519611,0.0018215114,-0.0030451582,false
202513.797405664,19999999,-0.0019439161,0.013737254,-0.0037266016,-0.00967654,0.006033188,-0.0045502223,false
202513.817405665,0,-0.008088589,0.018660445,-0.0008506775,-0.013307145,0.008765309,0.009826744,false
202513.837405665,0,-0.008086711,0.013676256,-0.0053717494,-0.023551676,0.009313485,0.022351734,false
202513.857405665,0,-0.0022671819,0.008053936,-0.0077371597,-0.041872077,0.018298108,0.024821466,false
202513.877281250,0,0.0076940325,-0.0018230877,-0.012017717,-0.050900724,0.060672555,-0.01084318,false
202513.897281249,19999999,0.0032931268,0.0018362701,-0.0037040114,-0.061229303,0.07370218,-0.04199864,false
202513.917281250,0,0.0006851554,0.006375365,0.0020067692,-0.072266854,0.070365846,-0.060759045,false
202513.937281250,0,-0.00088989735,0.010567427,0.0071874857,-0.084585235,0.055447277,-0.068314955,false
202513.957281250,0,-0.0006470978,0.013783898,0.009129584,-0.09369265,0.037944514,-0.07414641,false
202513.977281249,19999999,-0.00085934997,0.014727589,0.010782421,-0.09984121,0.02093342,-0.0711101,false
202513.997281250,0,0.0005482733,0.013937671,0.009724081,-0.101256914,0.008328704,-0.06844587,false
202514.017281250,0,0.00063219666,0.0138346255,0.008002698,-0.09467176,-0.0037334394,-0.044860467,false
202514.037281249,19999999,0.0007176399,0.013731141,0.006277144,-0.08808661,-0.015795583,-0.02127506,false
202514.057281249,39999999,0.0008044541,0.013627302,0.004547298,-0.08150146,-0.027857726,0.002310343,false
202514.077281249,59999999,-0.0001924038,0.015069403,0.0031152368,-0.07288423,-0.037013985,0.026374219,false
202514.097281250,0,-0.0036976933,0.01753759,0.0011402369,-0.070179716,-0.04784398,0.059336096,false
202514.117281250,0,-0.0011639297,0.014237661,-0.004107952,-0.066438906,-0.04766975,0.08400317,false
202514.137281249,19999999,0.0009890795,0.008878503,-0.006628573,-0.059355564,-0.03776502,0.09675008,false
202514.157281250,0,0.00030890107,0.0041977502,-0.0053574443,-0.047493763,-0.023512026,0.09761659,false
202514.177281250,0,-0.0006121099,0.0022035576,-0.0041148067,-0.03485476,-0.015285634,0.09228745,false
202514.197281249,19999999,-3.5732985e-05,-0.0006295033,-0.0032859445,-0.026730996,-0.00747645,0.077901036,false
202514.217281250,0,0.00084912777,-0.0013640821,-0.0020793676,-0.022100454,-0.0033311578,0.053940207,false
202514.237281250,0,-2.476573e-05,-0.0016718954,-0.0005814433,-0.019632315,-0.0046708705,0.027901968,false
202514.257281250,0,-0.0023270547,-0.0015781671,0.0017103553,-0.016580306,-0.016242191,0.009921867,false
202514.277281250,0,-0.0007279813,-0.0012209378,0.0012315512,-0.010199985,-0.020785805,-0.0059911907,false
202514.297281249,19999999,0.00064721704,-7.066131e-05,-0.00086069107,-0.006004583,-0.020872928,-0.01696745,false
202514.317281250,0,-3.772974e-05,0.00048063323,-0.0008472204,0.002454495,-0.011820847,-0.029106632,false
202514.337281250,0,-0.0006531477,0.0018219315,-0.00046533346,0.0051615653,-0.006682892,-0.02919941,false
202514.357281249,19999999,-0.0012684464,0.003163278,-8.332729e-05,0.0078686355,-0.0015449361,-0.029292189,false
202514.377281250,0,-0.002439469,0.0048739277,0.000677228,0.01003411,-0.0020384723,-0.026693441,false
202514.397281250,0,-0.002354145,0.0041968226,0.0015708804,0.008332823,-0.0063015157,-0.017871018,false
202514.417281250,0,-0.00283432,0.004072614,0.0018747449,0.005599184,-0.0033882072,-0.013752899,false
202514.437281250,0,-0.005882442,0.0049640276,0.0031154752,0.0052553006,-0.0057156114,-0.010056352,false
202514.457281249,19999999,-0.0059836805,0.004529789,0.0018827319,0.004291694,-0.02061246,0.004104913,false
202514.477281250,0,-0.002090335,0.0034523122,-0.0024170876,-0.0012432998,-0.024482818,0.0100929495,false
202514.497281249,19999999,0.0044784844,-0.0007386729,-0.008564115,-0.0038229593,-0.010095857,0.002943471,false
202514.517281250,0,0.0039473176,-0.0018375888,-0.008072019,-0.0027220403,0.00796181,-0.01089772,false
202514.537281250,0,0.0017493963,0.0015063845,-0.0045633316,0.00013818103,0.0060216202,-0.011287841,false
202514.557281249,19999999,-0.00044852495,0.0048503093,-0.0010546446,0.002998402,0.004081431,-0.011677961,false
202514.577281250,0,0.0019520819,0.0059961714,-0.001540184,0.008809118,1.5840866e-05,-0.009322825,false
202514.597281249,19999999,0.0077565312,0.0018542036,-0.0028395653,0.025239069,0.0031228024,-0.00891496,false
202514.617281250,0,0.005960703,-0.007106144,-0.0003284216,0.06374808,-0.0036223917,0.0073335366,false
202514.637281250,0,0.0069773495,-0.023082737,0.0028333664,0.12753037,-0.022451373,0.043861818,false
202514.657281250,0,0.0045026243,-0.04156303,0.0029006004,0.206956,-0.048384234,0.096528925,false
202514.677281249,19999999,0.002036035,-0.060044408,0.0029479265,0.28638163,-0.0743171,0.14919603,false
202514.697281249,39999999,0.01866594,-0.08740164,-0.0060415864,0.36938754,-0.047946863,0.16353618,false
202514.717281250,0,0.0027646422,-0.07340738,0.01026845,0.38940716,-0.054013904,0.17772548,false
202514.737281249,19999999,-0.013103753,-0.059419647,0.02650261,0.40942678,-0.060080945,0.19191478,false
202514.757281250,0,-0.020530343,-0.037875116,0.03398615,0.35079056,-0.069807716,0.16608685,false
202514.777281249,19999999,-0.025343835,-0.010884717,0.035640478,0.22585534,-0.07901431,0.10951877,false
202514.797281250,0,-0.021579921,0.009828195,0.027473152,0.061553717,-0.08076677,0.03593786,false
202514.817281250,0,-0.01456815,0.022675052,0.016664624,-0.10892965,-0.068973824,-0.052965723,false
202514.837281250,0,-0.0079422295,0.040836632,0.0037515163,-0.2707884,-0.04468549,-0.15167482,false
202514.857281249,19999999,-0.0010186136,0.05855856,-0.0057840943,-0.4118541,0.0014711246,-0.24607822,false
202514.877281250,0,0.0027397275,0.071661614,-0.015216589,-0.52388746,0.055202186,-0.31691498,false
202514.897281249,0,0.00078749657,0.08223232,-0.023037314,-0.5662979,0.10044463,-0.33991247,false
202514.917281248,19999999,-0.008677214,0.0889923,-0.023776293,-0.5392709,0.13257016,-0.29943538,false
202514.937281249,0,-0.009805411,0.08442692,-0.024543643,-0.42624596,0.13526113,-0.18085448,false
202514.957281248,19999999,-0.010896593,0.079858065,-0.025403798,-0.31322104,0.13795209,-0.0622736,false
202514.977281248,39999999,-0.009241968,0.0699674,-0.025909781,-0.18330507,0.15246713,0.052972108,false
202514.997281249,0,-0.010420769,0.04798924,-0.019933999,-0.057828113,0.14416413,0.11906141,false
202515.017281248,19999999,0.0020926297,0.027916834,-0.021259487,0.02795367,0.16265887,0.16120568,false
202515.037281249,0,0.0036613941,0.004074104,-0.010613024,0.099776864,0.1760885,0.15953213,false
202515.057281249,0,0.00095680356,-0.007780656,-0.0035822988,0.14470114,0.18156062,0.13782597,false
202515.077281249,0,-0.008364439,-0.011883482,0.0068689585,0.15331708,0.14356786,0.12311082,false
202515.097281249,0,-0.005990356,-0.016534932,0.008974314,0.1389528,0.10239202,0.097208425,false
202515.117281248,19999999,0.007398039,-0.024230227,0.0024195313,0.10260685,0.077777386,0.061653122,false
202515.137281249,0,0.0063463748,-0.03336683,0.00218755,0.06579514,0.09710011,9.253621e-05,false
202515.157281249,0,-0.0034188628,-0.038646642,0.010858476,0.04103964,0.06865211,-0.011221417,false
202515.177281249,0,0.00079122186,-0.043247376,0.011485398,0.0346838,0.027087502,-0.05347982,false
202515.197281248,19999999,0.007481575,-0.0414313,0.016226888,0.049728513,-0.040975302,-0.13021769,false
202515.217281249,0,0.011914402,-0.027258668,0.007074952,0.03790398,-0.05454714,-0.14036426,false
202515.237281248,19999999,0.0163503,-0.013075948,-0.0020827055,0.026079448,-0.068118975,-0.15051083,false
202515.257281248,39999999,0.020789564,0.0011168309,-0.011246026,0.014254917,-0.08169081,-0.1606574,false
202515.277281248,59999999,-0.0009995103,-0.00044428185,0.0016657114,-0.12325672,-0.118578225,-0.14582562,false
202515.297281249,0,0.005277157,0.019353181,-0.0071383715,-0.06884289,-0.1245262,-0.07425489,false
202515.317281248,19999999,0.013384283,0.016656695,-0.010291874,-0.056264184,-0.08230734,-0.055358432,false
202515.337281249,0,0.015858233,0.0010633618,0.011840761,-0.022906303,-0.06135781,-0.047910757,false
202515.357281248,19999999,0.003733337,-0.012233932,0.0088508725,-0.11130684,-0.02693037,-0.2271536,false
202515.377281249,0,-0.014159113,0.0059995204,0.033377588,-0.15465192,-0.11678639,-0.1524001,false
202515.397281249,0,-0.0094409585,0.0045228936,0.03456503,-0.16219261,-0.23681343,-0.091793805,false
202515.417281248,19999999,-0.004233837,0.012003634,0.017989099,-0.21350352,-0.15166964,-0.21042657,false
202515.437281249,0,-0.0036667883,0.022365995,0.0073925257,-0.23091632,-0.15742947,-0.25412583,false
202515.457281249,0,0.0021354854,0.026956636,0.0028284192,-0.25461826,-0.14592929,-0.26471356,false
202515.477281248,19999999,0.001339525,0.042054698,0.00063961744,-0.25283605,-0.13249487,-0.21812336,false
202515.497281249,0,0.0066693425,0.030660503,-0.0014869571,-0.21755333,-0.12090426,-0.19957583,false
202515.517281248,19999999,0.010781318,0.030314442,-0.009177566,-0.16805051,-0.09952601,-0.16512404,false
202515.537281249,0,0.0066268146,0.026428308,-0.0061557293,-0.12079105,-0.1019803,-0.13140288,false
202515.557281248,19999999,0.0024826527,0.022544721,-0.003145337,-0.07353158,-0.10443459,-0.09768173,false
202515.577281249,0,0.00083851814,0.011678857,0.001199007,-0.05640739,-0.12529832,-0.081490755,false
202515.597281249,0,0.0071768165,-0.00096294377,0.0004091859,-0.040457897,-0.114530206,-0.09985443,false
202515.617281248,19999999,0.0042049587,-0.006279412,0.0013566017,-0.021510357,-0.10701021,-0.10723962,false
202515.637281249,0,0.010608226,0.003575584,-0.0084783435,-0.015586721,-0.080564484,-0.12976936,false
202515.657281249,0,0.0070463717,0.011315212,-0.009861946,-0.0480406,-0.058029793,-0.14827773,false
202515.677281248,19999999,-0.0063649714,0.018856073,-0.0028060675,-0.060077846,-0.057572678,-0.11769444,false
202515.697281249,0,-0.0083967745,0.016591474,-0.0022844672,-0.06427259,-0.067539364,-0.080854386,false
202515.717281248,19999999,-0.0074089468,0.0097579695,-0.0027973056,-0.06879547,-0.071807034,-0.03659968,false
202515.737281249,0,0.0038210154,3.0443072e-05,-0.008826315,-0.0691999,-0.023626663,-0.045769446,false
202515.757281249,0,-0.0012195408,-0.0005740002,-0.0017764568,-0.06405915,0.014600623,-0.050403725,false
202515.777281249,0,-0.009306967,0.0065768193,0.004973173,-0.08510755,0.010322071,-0.04586533,false
202515.797281249,0,-0.009429783,0.009195637,0.0068080425,-0.12133527,-0.007604019,-0.041046254,false
202515.817281248,19999999,-0.003391087,0.004525058,0.0029658675,-0.15079352,-0.01736974,-0.06011066,false
202515.837281249,0,-0.0029461086,0.0031450838,0.0010728836,-0.15206344,-0.021940168,-0.07620073,false
202515.857281248,19999999,-0.002495408,0.0017656311,-0.00083094835,-0.15333335,-0.026510598,-0.092290804,false
202515.877281248,39999999,-0.0052292943,0.0025053807,-0.003997445,-0.13817148,-0.032319725,-0.06781127,false
202515.897281249,0,-0.0032615066,-0.005139567,-0.0067288876,-0.11109601,-0.038923904,-0.06276306,false
202515.917281248,19999999,-0.0011336803,-0.0073978007,-0.009801924,-0.088896535,-0.03450926,-0.07544285,false
202515.937281249,0,-0.0019101202,-0.009263679,-0.0071766376,-0.076056436,-0.021877507,-0.09089881,false
202515.957281248,19999999,-0.008290678,-0.0047986545,-0.004333377,-0.07109341,-0.017620806,-0.11846187,false
202515.977281249,0,-0.011478931,0.00043693185,-0.002126515,-0.07965203,-0.023238175,-0.12387751,false
202515.997281249,0,-0.0066690147,-0.0007310249,-0.0022835732,-0.09789659,-0.0061963256,-0.13177696,false
202516.017281249,0,-0.0024229288,0.0012085065,-0.0037308335,-0.11293883,0.018451948,-0.14336874,false
202516.037281249,0,-0.0038753152,0.00800268,-0.0025510192,-0.11965903,0.034487493,-0.14208494,false
202516.057281249,0,-0.00869599,0.010807723,0.0012382865,-0.12926114,0.030765422,-0.1327731,false
202516.077281249,0,-0.0085734725,0.01695434,0.0045648813,-0.15165599,0.01871157,-0.1191669,false
202516.097281249,0,-0.00010842085,0.012513548,0.0030558705,-0.17311084,0.0026606917,-0.123142146,false
202516.117281249,0,-0.0009960532,0.0010012463,0.0066132545,-0.19393593,-0.0014319839,-0.15401009,false
202516.137281248,19999999,-0.0030962527,0.00036111474,0.007160306,-0.20835824,-0.015241673,-0.17439689,false
202516.157281249,0,-0.0012840629,0.0022322312,0.0029047132,-0.22152548,-0.01631481,-0.17337869,false
202516.177281248,19999999,0.0005464256,0.004106708,-0.0013749003,-0.23469271,-0.017387945,-0.1723605,false
202516.197281249,0,0.00084123015,0.010486074,-0.0024724007,-0.25847095,-0.012491616,-0.15703554,false
202516.217281248,19999999,-0.0031615198,0.008382089,0.004573524,-0.26967832,-0.016016604,-0.13746616,false
202516.237281249,0,0.0035131276,-0.00039944053,0.0026825666,-0.2743663,0.0013321526,-0.13733357,false
202516.257262208,0,-0.0040948926,0.0020812254,0.009759539,-0.24871495,-0.008598788,-0.11190258,false
202516.277262208,0,-0.004993081,0.00054736435,0.005831361,-0.2405194,-0.027476469,-0.11675586,false
202516.297262207,19999999,-0.00066688657,-0.0010653064,-0.0010159016,-0.24567743,-0.038210586,-0.12335732,false
202516.317262208,0,0.0009276867,-0.006121084,-0.006415963,-0.24817806,-0.021308443,-0.15191646,false
202516.337262208,0,-0.00077718496,-0.0074159056,-0.0077381134,-0.24087116,0.008729653,-0.1736431,false
202516.357262208,0,-0.004327804,0.0006901175,-0.0067299604,-0.2383314,0.019356212,-0.17997052,false
202516.377262207,19999999,-0.0017223954,0.008080989,-0.006101072,-0.24191602,0.025417935,-0.18457103,false
202516.397262208,0,0.0027154684,0.016271695,-0.005898893,-0.2494785,0.03631993,-0.1750763,false
202516.417262208,0,0.0012622774,0.01625678,-0.0012781024,-0.22910556,0.03671019,-0.15067989,false
202516.437262207,19999999,-0.00017729402,0.016245425,0.0033209324,-0.2087326,0.037100453,-0.12628347,false
202516.457262207,39999999,-0.0016031265,0.01623772,0.0078982115,-0.18835965,0.037490718,-0.101887055,false
202516.477262208,0,-0.0073921382,0.012188047,0.012814522,-0.15896136,0.024221886,-0.090216115,false
202516.497262208,0,-0.01004222,0.007532835,0.015673459,-0.14198217,0.00074678846,-0.08408731,false
202516.517262208,0,-0.008250177,0.0016143769,0.011364937,-0.13825743,-0.005820652,-0.09247496,false
202516.537262207,19999999,-0.009098589,0.0063815266,0.007952094,-0.14292014,-0.013756508,-0.10090073,false
202516.557262208,0,-0.00720188,0.009806439,0.0017739534,-0.15608473,-0.016163738,-0.09685772,false
202516.577262207,19999999,-0.003672868,0.010526687,-0.005174279,-0.16340157,-0.0059192963,-0.09873189,false
202516.597262208,0,-0.0019741952,0.011233404,-0.008028924,-0.1544904,0.0089030545,-0.10577719,false
202516.617262208,0,-0.0021555424,0.016228035,-0.007829189,-0.131368,0.015724141,-0.10762806,false
202516.637262207,19999999,0.0013256669,0.01733619,-0.010948002,-0.09619157,0.016232427,-0.117549025,false
202516.657262208,0,0.0021377504,0.025288418,-0.016698122,-0.017231323,-0.0046068337,-0.05617267,false
202516.677262207,19999999,0.013160616,0.000508368,-0.026269019,0.15213618,-0.034564696,-0.029884892,false
202516.697262208,0,0.0029820204,0.04227981,-0.027434587,0.11705492,-0.06898844,0.08814568,false
202516.717262207,19999999,0.1963399,-0.1249769,-0.13945746,0.9347942,0.75587016,-0.20032799,false
202516.737262208,0,0.15073556,-0.08996547,-0.11004406,0.689281,0.62527686,-0.1933901,false
202516.757262207,19999999,0.1051687,-0.054931775,-0.08075446,0.44376782,0.49468356,-0.18645221,false
202516.777262207,39999999,0.017850757,0.0013110787,0.010051608,0.37995085,0.13891554,0.026714087,false
202516.797262208,0,0.005326301,0.007106155,0.03139925,0.24562268,0.062254563,-0.049760647,false
202516.817262208,0,-0.014351457,0.022644296,0.05218315,0.09008558,-0.051471397,-0.054194536,false
202516.837262207,19999999,-0.005102664,0.0109885335,0.043245316,-0.043776333,-0.10674843,-0.13957813,false
202516.857262208,0,-0.00780946,0.009869799,0.040590048,-0.1302889,-0.17693718,-0.16801412,false
202516.877262208,0,-0.0058962107,0.009223163,0.02460295,-0.18000634,-0.21108371,-0.21259877,false
202516.897262207,19999999,-0.0025939941,0.0119306445,0.0054737926,-0.19168004,-0.25831777,-0.21629693,false
202516.917262208,0,0.0037257075,0.011871979,-0.016049445,-0.17789043,-0.26160535,-0.21663064,false
202516.937262207,19999999,0.0060403645,0.014101654,-0.033024967,-0.13037124,-0.2436754,-0.20886911,false
202516.957262208,0,0.002039969,0.014542505,-0.03713858,-0.066544615,-0.22434299,-0.173926,false
202516.977262208,0,0.002013594,0.0141836405,-0.0385648,0.006348036,-0.20003131,-0.13246237,false
202516.997262208,0,0.0018890798,0.018398434,-0.03356254,0.07166693,-0.16724195,-0.11115553,false
202517.017262207,19999999,0.002965808,0.022343561,-0.026446939,0.108605765,-0.12861454,-0.10633445,false
202517.037262208,0,0.0005054772,0.018481389,-0.0134932995,0.11474718,-0.109018125,-0.08081484,false
202517.057262207,19999999,-0.0019551218,0.0146256685,-0.0005475879,0.1208886,-0.089421704,-0.055295225,false
202517.077262207,39999999,-0.003026247,0.012234852,0.0071823597,0.11810941,-0.07637623,-0.019029241,false
202517.097262208,0,-0.0001386702,0.011075929,0.009048402,0.10633877,-0.057034567,0.018554304,false
202517.117262208,0,-0.009173542,0.020702988,0.0141480565,0.06301658,-0.06335486,0.060631122,false
202517.137262207,19999999,-0.008581132,0.011866257,0.012647033,-0.039863177,-0.08282685,0.04307892,false
202517.157262208,0,-0.013532668,0.010181963,0.015520692,-0.10555792,-0.10244269,0.06671871,false
202517.177262207,19999999,-0.005173713,0.001141429,0.008595765,-0.14391656,-0.09548651,0.021608483,false
202517.197262208,0,-0.0014592111,0.0016356856,0.00279361,-0.16239524,-0.07235993,-0.024273802,false
202517.217262208,0,0.0013626516,0.010974139,-0.0038511753,-0.14974122,-0.06254324,-0.0021625143,false
202517.237262207,19999999,0.0041855574,0.020313546,-0.01050812,-0.1370872,-0.052726556,0.019948771,false
202517.257262208,0,0.0133265555,0.015046015,-0.015294075,-0.10732713,-0.032472283,0.030247422,false
202517.277262208,0,0.0068723857,0.009396374,-0.009867609,-0.08288245,-0.0128046535,0.017596003,false
202517.297262208,0,-0.0014054179,0.007452458,-0.0043209195,-0.054717533,-0.01584774,0.0056889458,false
202517.317262208,0,-0.0030678213,0.000666216,0.0017921925,-0.016552862,-0.032867216,-0.012472111,false
202517.337262208,0,-0.0036920607,0.0030385256,0.0029137135,-0.013427938,-0.036194254,-0.041905012,false
202517.357262207,19999999,-0.004315406,0.0054121614,0.004033804,-0.010303016,-0.039521288,-0.071337916,false
202517.377262207,39999999,-0.0049379766,0.0077871084,0.005152583,-0.0071780924,-0.042848326,-0.100770816,false
202517.397262207,59999999,-0.015563548,0.0159228,0.008195877,-0.018236462,-0.064972125,-0.09695265,false
202517.417262208,0,-0.008492231,0.008850247,0.0043991804,-0.031593323,-0.08285862,-0.10032235,false
202517.437262208,0,-0.0053571463,0.008649558,-0.0010818839,-0.06803976,-0.088917956,-0.1185111,false
202517.457262208,0,-0.003908962,0.0016014874,-0.0025012493,-0.08667639,-0.071138725,-0.15475836,false
202517.477262207,19999999,-0.006817013,0.005810708,-0.0033425689,-0.107824,-0.06915407,-0.13577957,false
202517.497262208,0,-0.0036306083,0.0048247725,-0.007611096,-0.1400025,-0.05516991,-0.1046861,false
202517.517262208,0,0.0005026758,-0.0074587464,-0.008872211,-0.11496022,-0.021767035,-0.07058608,false
202517.537262207,19999999,-0.0029385388,-0.006300196,-0.0049794912,-0.07307658,-0.0034630056,-0.025106452,false
202517.557262208,0,-0.009667605,-0.0010424107,0.000931859,-0.024323694,-0.0115813855,0.0069780983,false
202517.577262208,0,-0.008440077,-0.0030451864,0.0058929324,-0.004480608,-0.022739101,0.015201222,false
202517.597262208,0,-0.00978139,-0.0005440712,0.0065099597,0.019046845,-0.027911445,0.014629025,false
202517.617262208,0,-0.011878222,0.0048729926,0.004239619,0.04310862,-0.04332453,0.025607975,false
202517.637262208,0,-0.0076647103,0.013054252,0.0013899207,0.04707285,-0.02761128,0.055884384,false
202517.657262207,19999999,-0.003448695,0.021235675,-0.0014615655,0.05103708,-0.01189803,0.086160794,false
202517.677262207,39999999,0.0007697046,0.029417187,-0.004314661,0.055001315,0.0038152225,0.116437204,false
202517.697262208,0,-0.0020673275,0.035728812,-0.0044414997,0.054551657,0.0056868605,0.1380854,false
202517.717262207,19999999,0.0026640892,0.03198023,-0.007908881,0.0604173,0.028466674,0.13489012,false
202517.737262208,0,-0.0028363764,0.021532327,0.0037955642,0.043099694,0.03264627,0.12508756,false
202517.757262208,0,0.0007163286,0.012723103,0.006018579,0.04493123,0.024135474,0.118772075,false
202517.777262208,0,0.004647404,0.01151076,0.0049527884,0.07005774,0.0115088485,0.09661871,false
202517.797262207,19999999,0.004578054,0.018588811,-0.001576364,0.073970966,0.025312597,0.06769326,false
202517.817262208,0,-0.004234791,0.014656156,0.005063951,0.08598048,0.01647294,0.10843577,false
202517.837262207,19999999,-0.005496502,-0.0041817874,0.012003243,0.09547197,-0.0032759812,0.14801261,false
202517.857262208,0,0.006682843,-0.027364865,0.006006062,0.11044757,0.0019299844,0.1223371,false
202517.877262208,0,-0.0015592575,-0.026541308,0.0040792227,0.10392851,0.025511265,0.061204612,false
202517.897262207,19999999,-0.009388953,-0.0110087395,-0.0023322701,0.044035487,0.023894953,0.046461914,false
202517.917262207,0,-0.0010709167,-0.02026537,-0.008646011,-0.008436911,0.038550124,0.042814355,false
202517.937262207,0,0.0132368505,-0.052507505,-0.008869827,0.0010248767,0.087890804,-0.02319185,false
202517.957262207,0,0.016608804,-0.08316335,0.011379421,0.01158007,0.107762724,-0.1661121,false
202517.977262206,19999999,0.001995325,-0.045352682,0.025007904,-0.073662505,0.06699091,-0.18577564,false
202517.997262207,0,-0.00024101138,-0.09574556,0.024679959,-0.05386875,0.026360258,-0.2721762,false
202518.017262206,19999999,-0.0024641454,-0.14613436,0.024350166,-0.034074996,-0.014270391,-0.35857677,false
202518.037262206,39999999,-0.013231486,-0.138606,0.051453948,0.14831415,-0.3122371,-0.7374183,false
202518.057262207,0,0.03342426,-0.09348792,-0.0211159,-0.15222391,0.07886207,-0.69997257,false
202518.077262206,19999999,-0.00015547872,-0.023801044,-0.012629569,-0.021060407,-0.052774414,-0.8673576,false
202518.097262207,0,-0.031636387,-0.009876549,-0.0074716806,0.073184974,0.008553933,-1.066499,false
202518.117262207,0,-0.045482248,-0.004007548,-0.023430407,0.23720545,-0.0025269575,-1.2130845,false
202518.137262206,19999999,-0.05109781,-0.0037133396,-0.029632568,0.433985,-0.026596786,-1.251966,false
202518.157262207,0,-0.036975563,-0.0068598837,-0.043964922,0.6118771,0.0256033,-1.267451,false
202518.177262206,19999999,-0.04128489,-0.008831531,-0.035589278,0.7774406,0.10266609,-1.2444179,false
202518.197262207,0,-0.06267272,-0.0028773248,-0.019397676,0.84323186,0.17962661,-1.2083755,false
202518.217262206,19999999,-0.063914806,-0.013795644,-0.015950084,0.9536073,0.08515291,-1.1761075,false
202518.237262207,0,-0.076514736,0.01782903,-0.016533136,0.9152168,0.1458968,-1.1867636,false
202518.257262206,19999999,-0.08937934,0.04951711,-0.017318964,0.8768263,0.2066407,-1.1974198,false
202518.277262206,39999999,-0.10494763,0.07240267,-0.011962235,0.74137133,0.06721085,-1.086252,false
202518.297262207,0,-0.07856922,0.048100054,-0.022679508,0.6312839,0.04134261,-1.0486485,false
202518.317262206,19999999,-0.050607175,0.022710383,-0.028994858,0.5476961,0.09221685,-1.0573505,false
202518.337262207,0,-0.045643568,0.018509075,-0.036272943,0.457683,0.22203295,-1.0855571,false
202518.357262207,0,-0.06666821,0.040210694,-0.025858402,0.4378482,0.26320133,-1.0013881,false
202518.377262207,0,-0.06417745,0.055378035,-0.027199507,0.4118846,0.239894,-0.8623071,false
202518.397262206,19999999,-0.079900056,0.04832335,-0.033806264,0.3461243,0.23450893,-0.58352554,false
202518.417262207,0,-0.0047334135,0.0721499,-0.07190275,0.26437986,0.38723743,-0.56432796,false
202518.437262206,19999999,-0.014068097,0.03641112,-0.05115211,0.24448657,0.3789097,-0.4719788,false
202518.457262207,0,0.02014324,0.0077462047,-0.0435282,0.26896775,0.4290822,-0.4268978,false
202518.477262206,19999999,-0.0056957603,-0.018992886,-0.017256498,0.32605612,0.438713,-0.4155086,false
202518.497262207,0,-0.014955908,-0.0044108406,-0.008322954,0.35748124,0.32681462,-0.32431415,false
202518.517262207,0,-0.015506774,-0.0077529848,0.0017012358,0.3702826,0.318119,-0.22550812,false
202518.537262206,19999999,-0.025467008,-0.014401063,0.018435061,0.3498538,0.28828397,-0.13120371,false
202518.557262207,0,-0.02017495,-0.021047242,0.025159657,0.31648743,0.2576648,-0.1155302,false
202518.577262206,19999999,-0.014888883,-0.027706854,0.031831026,0.28312105,0.2270456,-0.09985669,false
202518.597262206,39999999,-0.013621837,-0.018227585,0.026190758,0.1984166,0.19567195,-0.17269205,false
202518.617262207,0,-0.015175879,-0.005280003,0.03006643,0.12640285,0.18413487,-0.2424572,false
202518.637262206,19999999,-0.020529628,0.007536404,0.025152624,0.05575011,0.17253597,-0.29520074,false
202518.657109917,0,-0.025630489,0.023077764,0.024290962,-0.00842181,0.13717186,-0.3187059,false
202518.677109917,0,-0.009084135,0.021235213,0.019168794,-0.02970557,0.11856975,-0.31046528,false
202518.697109917,0,0.013368338,0.018904373,0.00789243,-0.030543556,0.13186952,-0.3194479,false
202518.717109916,19999999,0.022265643,0.025527313,0.0026382208,-0.015552678,0.15110281,-0.33354777,false
202518.737109917,0,0.021588385,0.043869756,-5.6803226e-05,-0.0149155175,0.1539213,-0.33264077,false
202518.757109917,0,0.012634248,0.063592166,0.004293263,-0.029661935,0.13416274,-0.3040389,false
202518.777109917,0,0.012821317,0.07216875,0.010603547,-0.04843039,0.11202613,-0.25178674,false
202518.797109916,19999999,0.013025135,0.080739215,0.016906857,-0.06719884,0.08988953,-0.19953458,false
202518.817109917,0,0.013460726,0.07557028,0.023857594,-0.0628369,0.09467029,-0.17224091,false
202518.837109916,19999999,0.013908595,0.07039843,0.030798554,-0.05847496,0.09945105,-0.14494725,false
202518.857109916,39999999,0.014369011,0.06522378,0.0377298,-0.054113023,0.10423181,-0.11765358,false
202518.877109917,0,0.011623621,0.06297079,0.042785347,-0.04629546,0.084665775,-0.0908544,false
202518.897109917,0,0.0111961365,0.05891791,0.04066688,-0.051797472,0.051479004,-0.06427716,false
202518.917109917,0,0.015516579,0.053181484,0.031634927,-0.06585671,0.021018587,-0.039346144,false
202518.957109917,0,0.036033332,0.02670534,0.007576704,-0.083406,-0.011676417,-0.025188923,false
202518.977109917,0,0.039511353,0.019206375,-0.001985252,-0.08034615,-0.0031578876,-0.038491283,false
202518.997109916,0,0.038501054,0.014634952,-0.006393075,-0.06988679,0.00013301871,-0.03946246,false
202519.017109915,19999999,0.035957307,0.011636615,-0.00794369,-0.04969383,0.004419381,-0.031613633,false
202519.037109916,0,0.033794343,0.008603707,-0.0060563684,-0.021870364,0.008920057,-0.018421043,false
202519.057109916,0,0.028331757,0.0059150755,-0.0016014576,0.008221207,0.0123440195,-0.004429971,false
202519.077109916,0,0.020644844,0.004819736,0.0042425394,0.037350193,0.010337111,0.012187081,false
202519.097109915,19999999,0.00882867,0.0046856403,0.01254797,0.058748875,-0.0054229535,0.03021013,false
202519.117109916,0,-0.00085672736,0.005274385,0.019457936,0.069426484,-0.034723945,0.049682304,false
202519.137109916,0,-0.006299883,0.0011001378,0.019743621,0.06055079,-0.07736692,0.06269042,false
202519.157109915,19999999,-0.01173988,-0.0030747503,0.020026028,0.051675096,-0.1200099,0.07569855,false
202519.177109916,0,-0.013684988,-0.008755699,0.016863048,0.043690898,-0.15140456,0.08064758,false
202519.197109916,0,-0.017739862,-0.0151219,0.012802243,0.03536886,-0.18168432,0.07180443,false
202519.217109916,0,-0.015136957,-0.019755274,0.0026410222,0.023436807,-0.19291538,0.05782046,false
202519.237109915,19999999,-0.018051594,-0.022076182,-0.0031620264,0.015566752,-0.19353822,0.04794023,false
202519.257109916,0,-0.01864028,-0.020777807,-0.012102127,0.0043350086,-0.18031421,0.045832414,false
202519.277109915,19999999,-0.01740703,-0.020295404,-0.01771152,-0.0027301018,-0.17391714,0.052625056,false
202519.297109916,0,-0.012009233,-0.02128619,-0.026186109,-0.012740465,-0.13928057,0.04553379,false
