frame,timestamp,feat_nose_to_lips_lips_to_chin,feat_between_lips_to_mouth_width,feat_top_lip_height_to_mouth_width,feat_bottom_lip_height_to_mouth_width,feat_mouth_width_nose_to_chin,feat_mouth_width_outside_lips,feat_mouth_width_inside_lips,status,mouth,action,bite_count,chew_count,chews_per_bite,behind_hand,mouth_open_ratio,p49_p51,p49_p59,p49_p62,p49_p68,p49_p52,p49_p63,p49_p67,p49_p58,p49_p9,p49_p34,p55_p53,p55_p57,p55_p64,p55_p66,p55_p52,p55_p63,p55_p67,p55_p58,p55_p9,p55_p34,p49_p55,p34_p52,p52_p63,p63_p67,p67_p58,p58_p9,label
1,0.0333357593401261,0.4348673175444297,0.0682900574825874,0.1181188141938176,0.1987589646556538,0.7091199425838899,0.7091199425838899,14.643420094572024,,Closed,Other,0,0,0.0,False,0.0682900574825874,64.40496875241847,59.481089431852205,55.08175741568164,53.150729063673246,80.11242100947892,75.31268153505093,74.06078584514209,80.4114419718985,164.24676556937126,109.22453936730518,74.24284477308234,71.11258679024411,66.91038783328041,66.007575322837,92.34717104492157,87.46427842267951,87.02298546935747,92.47702417357512,170.07351351694948,119.09659944767525,161.07762104029226,50.039984012787215,19.026297590440446,11.0,32.01562118716424,115.06954418958998,not-chew
2,0.0666715186802523,0.4741458261836436,0.0411508482788925,0.1177207278007562,0.1704820857268406,0.7491956153678231,0.7491956153678231,24.300835628531335,,Closed,Other,0,0,0.0,False,0.0411508482788925,67.67569726275453,61.09828148156051,58.69412236331676,57.55866572463264,85.61541917201598,81.04936767180853,80.22468448052632,83.24061508662703,161.38463371709216,117.5925167687128,75.13321502504735,70.3846574190711,66.75327707311455,66.06814663663572,94.92101980067427,90.27181176868004,90.0,94.5568612000208,169.61426826773743,123.23960402403117,170.10584939971935,55.00909015790027,20.024984394500787,7.0,29.0,116.0172400981854,not-chew
3,0.1000072780203784,0.4746993039859716,0.0424047772970767,0.1090408559067688,0.1697272501678539,0.7170882164617414,0.7170882164617414,23.58224859888454,,Closed,Other,0,0,0.0,False,0.0424047772970767,65.73431371817918,59.80802621722272,57.97413216254298,56.56854249492381,83.00602387778854,78.08969202141856,77.23341245859851,81.04319835741924,164.98484778912274,115.62439189029276,72.89718787443039,67.77905281132217,65.92419889539804,65.19202405202648,91.76055797563568,88.36288813749809,88.0056816347672,91.09335870413386,167.83920876839238,122.42957159118052,165.07574019219177,57.0350769263968,18.0,7.0,28.0178514522438,120.14990636700472,not-chew
4,0.1333430373605046,0.4756923976572756,0.037536476293752,0.1110772564146789,0.1789578020014272,0.6951411171323872,0.6951411171323872,26.64075317497104,,Closed,Other,0,0,0.0,False,0.037536476293752,63.51377803280167,58.30951894845301,55.54277630799526,54.45181356024793,81.70679286326198,76.94153624668537,77.23341245859851,80.36168241145776,164.17673403987544,114.97825881443848,71.11961754677819,64.62197768561404,63.953107821277925,62.20128616033595,89.8443097808648,86.37129152675674,85.0235261559999,89.1852005660132,171.54008277950666,121.6552506059644,162.04937519163718,58.034472514187634,18.0,6.082762530298219,29.0,122.0,not-chew
5,0.1666787967006307,0.4868489560803089,0.0361124850154377,0.1085045136729882,0.1806627096864629,0.7186180989888413,0.7186180989888413,27.691254134754455,,Closed,Other,0,0,0.0,False,0.0361124850154377,67.67569726275453,60.40695324215582,57.97413216254298,56.88585061331157,85.61541917201598,81.39410298049853,80.50465825031493,83.67795408588812,164.83021567661677,119.85407794480751,71.58910531638176,65.0,62.80127387243033,62.289646009589745,90.80198235721508,86.37129152675674,86.02325267042627,89.49301648732151,166.88319268278636,121.6552506059644,166.14752480852673,58.008620049092706,18.027756377319943,6.0,30.01666203960727,119.15116449284078,not-chew
6,0.2000145560407569,0.491799903844951,0.0428352936878119,0.1031610480504264,0.1697272501678539,0.7235181435662398,0.7235181435662398,23.3452350598575,,Closed,Other,0,0,0.0,False,0.0428352936878119,62.96824596572466,56.462376853972415,55.31726674375732,52.46903848937962,81.34494452638098,77.92945527847606,76.16429609731846,80.36168241145776,161.13658802394943,114.21471008587292,73.348483283569,67.77905281132217,64.77653896280658,65.19202405202648,92.17917335276988,88.2779700718135,89.0,92.34717104492157,169.95587662684687,122.494897852931,165.07574019219177,58.034472514187634,17.029386365926403,7.0710678118654755,28.0178514522438,118.00423721205946,not-chew
7,0.233350315380883,0.4683463859711821,0.0423962211250001,0.1029622513035717,0.1756414875178577,0.711234656074332,0.711234656074332,23.587007838543453,,Closed,Other,0,0,0.0,False,0.0423962211250001,65.19202405202648,59.61543424315552,56.51548460377917,55.44366510251645,83.57032966310472,79.07591289387686,78.23042886243178,81.32035415564789,165.12419568312816,114.21471008587292,71.55417527999327,67.23094525588644,64.77653896280658,64.1248781675256,90.24965373894794,87.28115489611719,87.0,91.706052144883,173.7728402253931,121.82774724995944,165.10905486980417,57.14017850864661,17.0,7.0,29.0,122.00409829181967,not-chew
8,0.2666860747210092,0.4956658711227407,0.0299267094527408,0.1079022854377699,0.1735749148258969,0.7167450286066197,0.7167450286066197,33.41496670655232,,Closed,Other,0,0,0.0,False,0.0299267094527408,62.96824596572466,57.77542730261716,53.9351462406472,53.46026561849464,80.99382692526635,77.64663547121665,77.1621668954417,80.65358020571685,166.0903368652132,115.62439189029276,72.91776189653656,69.46221994724903,65.37583651472461,65.12296062065974,93.86160024205851,90.13878188659972,90.0,94.5568612000208,172.90459797240788,123.9072233568326,167.0748335327616,60.00833275470999,18.027756377319943,5.0,29.0,121.06609764917675,not-chew
9,0.3000218340611353,0.4787149827096433,0.0245353419139179,0.1130631952448725,0.1666194456240227,0.719366005330828,0.719366005330828,40.7575326852379,,Closed,Other,0,0,0.0,False,0.0245353419139179,65.73431371817918,57.584720195551874,56.29387178015027,54.589376255824725,83.57032966310472,78.77182237323191,77.31752712031083,79.81227975693966,168.24089871371942,116.3872845288522,76.02631123499285,70.83784299369935,67.7421582177598,68.26419266350405,93.68030742904295,90.27181176868004,91.0494371207203,94.3716058992322,168.71573726241425,125.99206324209474,168.04761230080004,59.07622195096772,19.0,4.123105625617661,28.0,123.40583454602135,not-chew
10,0.3333575934012615,0.4750920281726065,0.0134641827600502,0.1204273116518121,0.1747233877003649,0.7080743212569187,0.7080743212569187,74.27112494098901,,Closed,Other,0,0,0.0,False,0.0134641827600502,64.89992295835181,57.9396237474839,55.10898293381942,53.75872022286245,82.63776376451628,77.64663547121665,76.4198926981712,79.81227975693966,168.0773631397161,116.3872845288522,74.68600939935136,69.28924880528002,66.48308055437865,67.26812023536856,92.44457799135652,89.1403387922662,90.0499861188218,92.72000862812727,170.47287174210447,123.84264209067892,166.0752841334315,59.033888572581766,20.0,2.23606797749979,29.017236257093817,124.25779653607252,not-chew
11,0.3666933527413876,0.4755486429210577,0.0370116605098802,0.1172035916146208,0.1789960162137574,0.6925201869580936,0.6925201869580936,27.018512172212596,,Closed,Other,0,0,0.0,False,0.0370116605098802,63.00793600809346,56.08029957123981,53.85164807134504,52.61178575186362,80.62257748298549,75.13321502504735,74.33034373659252,78.16009211867653,163.76812876747417,115.25623627379127,73.35529974037323,67.77905281132217,65.76473218982953,65.12296062065974,91.76055797563568,88.2779700718135,88.0056816347672,91.39474820797966,171.91858538273283,123.10970717209916,162.11107303327557,58.034472514187634,19.0,6.0,29.017236257093817,122.03687967167956,not-chew
12,0.4000291120815138,0.4629047932184935,0.0248274858343862,0.1242925040970682,0.1863095628959769,0.6966374108894938,0.6966374108894938,40.27794061269766,,Closed,Other,0,0,0.0,False,0.0248274858343862,63.00793600809346,56.462376853972415,53.600373133029585,52.952809179494906,80.62257748298549,75.95393340703298,75.4254598925323,79.12016177940993,164.84234892769516,113.07077429645558,73.35529974037323,65.92419889539804,64.6297145282261,64.28063471995279,90.80198235721508,86.20904824900923,86.02325267042627,89.49301648732151,168.6475615003075,121.7538500417954,161.11176245079065,56.08029957123981,20.024984394500787,4.0,30.01666203960727,121.1486689980538,not-chew
13,0.4333648714216399,0.4318364952394478,0.0523479086622889,0.1175924880876216,0.1822660435296329,0.6794881090603871,0.6794881090603871,19.10295989953067,,Closed,Other,0,0,0.0,False,0.0523479086622889,60.0,55.036351623268054,50.44799302251776,49.16299421312742,73.40980860893181,70.03570517957252,68.11754546370561,74.0,164.730082255792,105.89145385724004,74.30343195303969,66.48308055437865,64.13267497929586,64.1248781675256,91.39474820797966,85.58621384311844,86.02325267042627,87.93179174792243,163.682619724881,118.1905241548577,154.01298646542764,52.0,18.110770276274835,8.06225774829855,28.0713376952364,120.41594578792296,not-chew
14,0.4667006307617661,0.463149099849136,0.0565858702045234,0.1005971025858195,0.1697576106135704,0.6850262487629064,0.6850262487629064,17.672256278565808,,Closed,Other,0,0,0.0,False,0.0565858702045234,60.21627686929839,52.80151512977634,50.96076922496363,49.25444142409901,74.84650960465692,70.21395872616783,69.1158447825099,72.73238618387272,164.13713778423212,109.01834707974616,74.68600939935136,70.57619995437555,67.89698078707183,67.06713054842886,93.40770846134704,90.448880590088,90.0,93.96275858019496,171.91858538273283,123.23960402403117,159.05030650709227,57.0350769263968,16.0,9.0,27.0,123.14625451064276,not-chew
15,0.5000363901018923,0.455198877649114,0.0246838347588175,0.1174104964486301,0.1790641662319183,0.7009637504399214,0.7009637504399214,40.512343797909296,,Closed,Other,0,0,0.0,False,0.0246838347588175,60.4648658313239,55.54277630799526,52.172789842982326,51.47815070493501,76.69419795525604,72.69112738154499,72.24956747275377,76.53757247260981,165.5294535724685,109.48059188732952,74.24957912338628,70.57619995437555,67.60177512462228,68.18357573492314,94.3716058992322,90.19977827023745,90.0222194794152,93.00537618869136,171.91858538273283,123.3288287465668,162.04937519163718,56.0357029044876,19.026297590440446,4.0,29.017236257093817,123.10158406779338,not-chew
16,0.5333721494420184,0.4755486429210577,0.0312676211881754,0.1105477348686552,0.1901935145749925,0.6962713287324693,0.6962713287324693,31.98196607224381,,Closed,Other,0,0,0.0,False,0.0312676211881754,63.51377803280167,58.60034129593445,55.31726674375732,53.33854141237835,79.47955712005447,75.8023746329889,74.24284477308234,79.05694150420949,166.41213898030395,112.92918134831228,73.348483283569,70.77428911688199,66.61080993352356,66.12110101926616,92.17917335276988,88.20430828479978,89.00561780022652,92.97311439335569,174.15223225672418,122.494897852931,163.07666908543356,58.034472514187634,18.027756377319943,5.0990195135927845,31.016124838541646,122.03687967167956,not-chew
17,0.5667079087821446,0.4634548088592215,0.0304736454457103,0.1098742912048183,0.1828418726742621,0.7038035011527289,0.7038035011527289,32.81524036175874,,Closed,Other,0,0,0.0,False,0.0304736454457103,61.29437168288782,56.36488268416781,53.36665625650534,51.47815070493501,78.54934754662193,74.81310045707235,74.24284477308234,77.79460135510689,166.41213898030395,111.5212984142491,74.24957912338628,70.00714249274856,66.61080993352356,67.11929677819934,94.11163583744572,90.19977827023745,90.00555538409837,94.5568612000208,174.64249196572982,123.3288287465668,164.0762018087937,57.0350769263968,18.027756377319943,5.0,30.0,123.06502346320826,not-chew
18,0.6000436681222707,0.4714356273614433,0.037709009900252,0.1070268831779892,0.1826931372525482,0.6822030425615583,0.6822030425615583,26.51886121235224,,Closed,Other,0,0,0.0,False,0.037709009900252,58.008620049092706,54.12947441089743,49.24428900898052,48.507731342539614,75.39230729988306,71.84705978674423,71.17583859709698,76.84399781375251,166.41213898030395,109.63576058932595,71.58910531638176,68.0294054067798,64.4980619863884,64.1248781675256,91.67878707749138,88.14193099768123,88.0056816347672,91.0823802938856,173.11845655504212,121.16517651536682,159.11316727411344,58.034472514187634,17.029386365926403,6.0,29.068883707497267,123.10158406779338,not-chew
19,0.6333794274623968,0.4716142980857541,0.037774576464507,0.1057542283163539,0.186406536467045,0.6871182483234797,0.6871182483234797,26.472831560126146,,Closed,Other,0,0,0.0,False,0.037774576464507,60.74537019394976,55.90169943749474,52.172789842982326,50.35871324805669,77.83315488916018,74.67261881037788,73.10950690573696,78.43468620451031,169.11830178901394,110.1135777277262,71.55417527999327,68.54195795277518,64.77653896280658,65.12296062065974,91.21403400793103,87.28115489611719,88.0056816347672,91.706052144883,172.23530416264836,122.494897852931,161.02794788483146,58.077534382926416,17.029386365926403,6.082762530298219,30.01666203960727,123.14625451064276,not-chew
20,0.6667151868025231,0.4715208861862816,0.0367925101343386,0.1166708744858704,0.1900946356940828,0.7052385507129403,0.7052385507129403,27.17944484757226,,Closed,Other,0,0,0.0,False,0.0367925101343386,61.85466837676846,57.697486947006624,53.36665625650534,52.3450093132096,79.47955712005447,75.66372975210778,75.1065909225016,79.71198153351854,166.00301202086666,110.1135777277262,72.44998274671983,69.77822009767804,65.49045732013177,65.06919393998976,92.17917335276988,88.14193099768123,88.0056816347672,93.637599285757,172.7917822120022,122.67436570041843,163.07666908543356,56.1426753904728,19.026297590440446,6.0,31.0,119.06720791217036,not-chew
21,0.7000509461426492,0.473398329578156,0.051676892636255,0.1027557834241745,0.1987016195385203,0.6697675544632267,0.6697675544632267,19.35100871948381,,Closed,Other,0,0,0.0,False,0.051676892636255,56.302753041036986,54.20332093147061,48.83646178829912,47.095647357266465,73.38937252763509,70.57619995437555,69.00724599634447,75.23961722390672,170.95028517086482,104.63746938836012,70.68238818828917,69.77822009767804,64.4980619863884,65.00769185258002,89.98888820293314,86.28441342444185,87.00574693662483,92.69843580125828,169.0562036720333,121.16517651536682,156.01281998605114,57.14017850864661,16.0312195418814,8.06225774829855,31.0,120.702112657567,chew
22,0.7333867054827753,0.4875058558913069,0.0972198780211724,0.09133770345129,0.194935144758716,0.6272647364282541,0.6272647364282541,10.285962298597212,,Open,Bite,1,0,0.0,False,0.0972198780211724,48.60041152089147,51.61395160225576,42.44997055358225,41.048751503547585,63.324560795950255,61.814237842102365,61.1310068623117,70.66116330771806,164.62381358722072,97.082439194738,70.26378868236469,66.64833081180653,63.953107821277925,62.00806399170998,87.80091115700337,83.48652585896721,83.15046602394962,87.46427842267951,167.2602762164406,119.00420160649792,144.00347218036097,57.14017850864661,13.152946437965904,14.0,28.0713376952364,117.2092146548214,chew
23,0.7667224648229014,0.4944453217102275,0.0872306428485912,0.1008741620937589,0.2017483241875179,0.6465894188512449,0.6465894188512449,11.46386140631486,,Open,Bite,1,0,0.0,False,0.0872306428485912,53.600373133029585,54.644304369257,46.32493928760188,44.01136216933077,69.6419413859206,66.75327707311455,66.06814663663572,75.58438992278762,166.83225107874077,103.40696301506972,67.97793759742936,67.23094525588644,60.67124524847005,60.07495318350236,86.83317338436964,83.2946576918352,83.21658488546619,88.63972021616495,167.28717822953436,116.77756633874505,149.03019828209315,57.0350769263968,15.033296378372908,13.0,30.066592756745816,115.35163631262454,chew
24,0.8000582241630276,0.5184625529422726,0.144708659731448,0.0988840077390898,0.1977680154781796,0.6571504355024685,0.6571504355024685,6.910436471844955,,Open,Bite,1,0,0.0,False,0.144708659731448,56.0357029044876,59.665735560705194,48.76474136094644,46.69047011971501,73.16419889536138,70.03570517957252,69.72087205421343,81.49233092751734,166.83225107874077,105.4229576515476,67.53517601961218,69.63476143421474,61.18823416311342,59.682493245507096,87.36131867136622,83.48652585896721,84.01190391843289,91.706052144883,168.6001186239203,118.1905241548577,152.029602380589,56.08029957123981,15.033296378372908,22.0,30.066592756745816,108.16653826391968,chew
25,0.8333939835031537,0.5334243008301713,0.135566877880913,0.1096203996372573,0.2,0.6652295165815256,0.6652295165815256,7.376433061167325,,Open,Bite,1,0,0.0,False,0.135566877880913,59.64059020499378,62.00806399170998,50.695167422546305,49.49747468305833,77.62087348130012,72.99315036357864,73.55270219373317,84.11896337925236,165.0272704737008,110.25878649794764,67.11929677819934,70.60453243241541,59.84145720150872,58.85575587824864,86.40023148117139,83.2946576918352,83.18653737234169,92.660671268883,171.7672844286711,118.1397477566293,155.08062419270823,57.07889277132134,17.0,21.02379604162864,31.016124838541646,107.00467279516349,chew
26,0.8667297428432799,0.523292879301075,0.1438901513899489,0.1110731584654162,0.2026505264220275,0.6560679604820034,0.6560679604820034,6.949745971772274,,Open,Bite,1,0,0.0,False,0.1438901513899489,58.008620049092706,61.220911460055866,49.47726750741192,48.662100242385755,75.76938695805846,71.02112361825881,71.7007670809734,82.85529554590944,167.29614460590537,108.23123393919153,67.60177512462228,69.20260110718382,60.01666435249463,58.69412236331676,86.68333173107735,83.38465086573187,83.18653737234169,92.660671268883,169.49631264425784,118.1397477566293,153.05227865013967,56.08029957123981,17.0,22.02271554554524,31.016124838541646,107.16809226630843,chew
27,0.9000655021834061,0.5226561590661163,0.1557916122971991,0.1040637308133361,0.2013355039919836,0.6571444593096852,0.6571444593096852,6.418830803883904,,Open,Bite,1,0,0.0,False,0.1557916122971991,59.20304046246274,61.07372593840988,50.0,47.67598976424087,74.32361670424818,70.40596565632774,69.72087205421343,81.12336284942828,167.29614460590537,107.80074211247342,70.71067811865476,72.42237223399962,63.34824385884742,62.64982043070834,89.8443097808648,85.58621384311844,86.14522621712709,95.29428104561154,169.941166289984,121.01652779682615,154.0519392932137,56.08029957123981,16.0312195418814,24.0,31.016124838541646,107.298648640139,chew
28,0.9334012615235322,0.5236752133726695,0.147423782238257,0.1089654042630595,0.224340538188652,0.6626166739851079,0.6626166739851079,6.783166086350049,,Open,Bite,1,0,0.0,False,0.147423782238257,62.80127387243033,64.53681120105021,52.88667128870941,50.48762224545735,78.39005038906404,73.348483283569,72.56031973468694,84.38009243891595,169.11830178901394,109.63576058932595,70.49113419430843,72.20110802473879,61.61168720299745,60.40695324215582,88.86506625215557,84.8528137423857,84.71717653463199,95.77055915050305,169.04733065032408,121.6552506059644,156.01281998605114,55.14526271584895,17.0,23.0,35.0,105.30432089900204,chew
29,0.9667370208636584,0.5169156941536843,0.1308375449951689,0.1112651606112553,0.2355764518675265,0.6523497933681386,0.6523497933681386,7.643066063620529,,Open,Bite,1,0,0.0,False,0.1308375449951689,59.033888572581766,63.25345840347388,50.0,48.507731342539614,74.73285756613352,70.40596565632774,70.25667228100119,83.35466393669883,169.19810873647495,108.4066418629412,71.19691004531025,70.60453243241541,62.369864518050704,60.40695324215582,89.1852005660132,84.5931439302264,83.60023923410746,93.15041599477696,167.7647161950331,119.553335377981,153.05227865013967,55.036351623268054,17.029386365926403,20.024984394500787,36.05551275463989,106.47065323364932,chew
30,1.0000727802037843,0.5241629658478517,0.1709601616931858,0.0995037190209989,0.225105122420417,0.6232370858110416,0.6232370858110416,5.84931594645221,,Open,Bite,1,0,0.0,False,0.1709601616931858,58.05170109479997,62.369864518050704,49.04079934095691,45.70557952810576,72.00694410957877,68.41052550594829,66.48308055437865,81.6333265278342,172.70784579746226,111.25196627475847,74.30343195303969,72.80109889280519,65.0,63.63961030678928,92.34717104492157,86.97700845625813,86.97700845625813,94.51454914456292,171.89822570346675,123.0447073221762,152.08221460775746,58.0,15.132745950421556,26.0,34.23448553724738,110.65260954898444,chew
31,1.0334085395439108,0.4952206558622821,0.2163020156782847,0.1083091619687293,0.2166183239374587,0.6163101434025164,0.6163101434025164,4.623165423882793,,Open,Bite,1,0,0.0,False,0.2163020156782847,57.3149195236284,64.35060217278468,48.104053883222775,46.17358552246078,72.47068372797375,67.446274915669,67.468511173732,82.09750300709517,168.67127793433,107.41508273980894,72.94518489934754,72.47068372797375,62.6418390534633,60.207972893961475,89.88882021697692,84.52810183601665,83.54639429682169,93.2952303175248,173.07223925286226,120.20815280171308,148.0135128966271,53.009433122794285,16.0312195418814,32.01562118716424,32.0624390837628,107.0420478129973,chew
32,1.0667442988840368,0.5338693095159385,0.2305938826186936,0.1256661391951525,0.2305938826186936,0.6143217508438935,0.6143217508438935,4.336628485733006,,Open,Bite,1,0,0.0,False,0.2305938826186936,61.61980201201558,68.01470429252781,50.92150822589606,48.104053883222775,75.17978451685,70.09279563550022,68.41052550594829,86.21484790916237,172.66151858477326,110.67971810589329,76.00657866263946,80.05623023850174,64.5600495662759,65.0,92.11405973031478,85.15867542417507,88.52683209061533,100.9554357129917,177.1016657177453,125.15989773086264,152.029602380589,55.08175741568164,19.1049731745428,35.05709628591621,35.05709628591621,103.1746092796091,chew
33,1.100080058224163,0.4547514341434494,0.2517899554001987,0.1190604204300191,0.2381208408600383,0.6104864491847612,0.6104864491847612,3.9715643080780767,,Open,Bite,1,0,0.0,False,0.2517899554001987,54.037024344425184,68.41052550594829,45.221676218380054,46.95742752749558,66.18912297349165,61.39218191268331,63.324560795950255,83.48652585896721,171.618763542918,96.82974749528164,74.43117626371358,80.05623023850174,65.52098900352466,65.52098900352466,90.24965373894794,84.52810183601665,86.34813257969161,98.18350166906862,172.62966141425406,114.58621208504974,143.0314650697531,46.01086828130936,17.029386365926403,36.013886210738214,34.058772731852805,101.17806086301516,chew
34,1.1334158175642892,0.5,0.3357367661962234,0.1568546954707858,0.2537774730836014,0.5294503176542886,0.5294503176542886,2.978523952945755,,Open,Bite,1,0,0.0,False,0.3357367661962234,61.29437168288782,60.74537019394976,42.20189569201838,38.01315561749642,70.83784299369935,59.93329625508679,57.24508712544685,76.38062581571324,165.8493292117879,110.47624178980746,81.39410298049853,73.7563556583431,66.18912297349165,60.207972893961475,95.1892851112981,85.09406559801923,81.58431221748455,93.49331526906082,169.49631264425784,130.728726758888,134.03357788255897,51.03920062069938,21.02379604162864,45.0,34.0147027033899,102.07840124139877,chew
35,1.1667515769044152,0.5580907593123363,0.3525822644191002,0.1512464172432195,0.3096789392910512,0.5211353187971886,0.5211353187971886,2.8362175325170087,,Open,Bite,1,0,0.0,False,0.3525822644191002,67.4166151627327,69.33974329343886,47.80167361086848,41.23105625617661,74.96665925596525,63.13477647065839,58.82176467941097,84.17244204607586,173.32628190785147,118.9663818059539,86.31338250816034,80.61017305526642,69.77105417004964,62.5859409132754,100.16985574512924,89.88882021697692,84.72307831990054,100.80178569846863,172.8120366178236,138.68309197591464,139.00359707575916,55.036351623268054,21.02379604162864,49.01020301937138,43.04648650006177,98.6154146165801,chew
36,1.2000873362445414,0.5291393895974384,0.2661870503597122,0.1876029469123064,0.3316382898306794,0.5238679678144056,0.5238679678144056,3.756756756756757,,Open,Bite,1,0,0.0,False,0.2661870503597122,72.56031973468694,60.440052945046304,49.8196748283246,38.01315561749642,79.98124780221924,65.0,56.1426753904728,77.33692520394123,164.92422502470643,124.3905141077888,91.21951545584967,75.28612089887484,70.2353187506115,63.071388124885914,103.46980235798269,89.31965069345043,83.09632964216891,94.33981132056604,169.49631264425784,142.61135999632006,139.0,54.037024344425184,26.076809620810597,37.0,46.09772228646444,102.12247548899312,chew
37,1.2334230955846677,0.4724639557007623,0.2673292444346849,0.1698247463773886,0.2673292444346849,0.5491552367976921,0.5491552367976921,3.740705593638576,,Open,Bite,1,0,0.0,True,0.2673292444346849,95.38343671728336,57.8013840664737,70.00714249274856,50.695167422546305,103.47946656221224,87.20091742636656,72.83543093852057,79.84985911070852,168.43990026119107,148.92279879185725,96.33275663033837,68.00735254367721,74.33034373659252,60.00833275470999,107.00467279516349,91.706052144883,81.02468759581859,89.94442728707543,173.32628190785147,147.63468427168462,153.55129436120035,55.00909015790027,26.076809620810597,41.048751503547585,41.048751503547585,116.43023662262308,chew
38,1.2667588549247937,0.5313976097886772,0.0477194429707016,0.1059202804185456,0.2005269370568969,0.7583817560376099,0.7583817560376099,20.955818797255684,,Open,Bite,1,0,0.0,True,0.0477194429707016,73.78346698278686,71.11258679024411,65.5133574166368,64.28063471995279,97.49871794028884,94.2019108086455,94.19129471453292,101.19288512538814,185.06755523321743,139.30183056945089,73.7360156233031,76.84399781375251,66.03029607687671,65.37583651472461,99.6393496566492,96.02083107326244,95.63472172804184,105.11898020814318,186.9438418349211,121.0826164236634,189.76301009416983,63.50590523722971,20.09975124224178,9.055385138137416,38.05259518088089,119.50732195141852,chew
39,1.30009461426492,0.4877995336226089,0.2353218209867819,0.1283362195714969,0.2193114407955625,0.6824398598370296,0.6824398598370296,4.249499667335016,,Open,Bite,1,0,0.0,True,0.2353218209867819,102.7277956543408,79.17701686727027,83.7615663654877,71.06335201775947,116.21101496846155,104.20172743289817,95.0473566176356,104.17773274553444,178.33956375409244,157.610278852618,100.40916292848976,77.6659513557904,80.1311425102625,68.11754546370561,113.99122773266372,101.76934705499492,92.13576938409967,101.07423014794622,180.47160441465576,148.22280526288793,187.17104476921637,54.147945482723536,24.020824298928627,44.04543109109048,41.048751503547585,111.00450441310927,chew
40,1.333430373605046,0.4724479770891186,0.1802775637731994,0.1382068145769434,0.2122644100533127,0.6570412623107901,0.6570412623107901,5.547001962252291,,Open,Bite,1,0,0.0,True,0.1802775637731994,102.7277956543408,76.89603370785778,84.05950273467003,72.99315036357864,119.47384651043926,106.89246933250256,97.16480844420988,101.13851887386922,181.94504664870655,164.50227961946302,97.62171889492625,73.57309290766564,77.3692445355388,68.06614430096654,111.83022847155416,98.68130522039117,92.00543462209176,98.89893831583836,189.65231345807516,151.64761785138597,188.67962264113208,60.00833275470999,26.076809620810597,34.0147027033899,40.049968789001575,127.0157470552372,chew
41,1.366766132945172,0.4360413958614721,0.2081609013578018,0.1285007996707189,0.1879653182214541,0.6474872471118052,0.6474872471118052,4.803976123648352,,Open,Bite,1,0,0.0,True,0.2081609013578018,103.58571330062848,76.21679604916491,84.87638069569178,71.7007670809734,118.4440796325422,106.17438485811914,94.04786015641186,99.24716620639605,184.71599822430107,163.36768346279504,96.54014708917737,76.66159403508382,78.79086241436883,71.11258679024411,110.14535850411492,98.67117106835208,93.43446901438462,99.28242543370908,195.92090240706835,146.21901381147393,187.41664813991312,58.034472514187634,24.08318915758459,39.01281840626232,35.22782990761707,133.09395177843356,chew
42,1.4001018922852984,0.4845702211248303,0.1978260223912292,0.130384048104053,0.1722662929178998,0.6933147302626709,0.6933147302626709,5.054946704748261,,Open,Bite,1,0,0.0,True,0.1978260223912292,111.39569111954016,78.85429601486528,91.2633551870629,77.46612162745726,128.3160161476345,115.24755962709143,103.16006979447036,104.6900186264192,171.4788616710526,175.07141400011596,94.11163583744572,69.46221994724903,75.58438992278762,65.06919393998976,107.54068997360952,95.50916186418976,89.45389874119518,95.7078889120432,183.8069639594757,143.8401890988746,192.35384061671343,59.135437767890075,25.079872407968907,38.05259518088089,33.13608305156178,122.03687967167956,chew
43,1.4334376516254246,0.4621573861156872,0.2079313048451058,0.1282327493784443,0.1870434640076691,0.6446008328387396,0.6446008328387396,4.809280645571524,,Open,Bite,1,0,0.0,True,0.2079313048451058,108.85311203635844,76.40026177965623,89.20201791439474,74.73285756613352,124.65151423067432,111.83022847155416,99.04039579888602,101.11874208078342,175.5704986607944,172.51376756653366,94.76286192385707,70.32780389006896,76.05918747922567,65.00769185258002,109.07795377618706,96.79876032264048,89.20201791439474,95.2732911156112,195.0102561405425,149.01342221424215,187.8084130170957,61.032778078668514,24.08318915758459,39.05124837953327,35.12833614050059,132.06059215375342,chew
44,1.4667734109655506,0.4372528025089769,0.2215133000709629,0.119209197833014,0.1837929502812678,0.6215632687950452,0.6215632687950452,4.514401616876479,,Open,Bite,1,0,0.0,True,0.2215133000709629,104.35037134576952,74.94664769020693,85.21150157109074,71.84705978674423,119.97082978791136,108.90821823902914,97.01546268507924,100.0199980003999,179.3599732381782,168.1071087134628,92.65527507918802,70.83078426785913,76.05918747922567,65.03076195155643,107.18675291284832,95.85927185202274,88.36288813749809,95.7078889120432,207.27276714513172,145.60219778561037,185.31055015837603,61.1310068623117,22.09072203437452,41.048751503547585,34.058772731852805,139.8070098385628,chew
45,1.5001091703056768,0.4168578796223944,0.1523683520778503,0.1465431885530705,0.2223435805340723,0.5835956611520595,0.5835956611520595,6.563042694647407,,Open,Bite,1,0,0.0,True,0.1523683520778503,101.54801819828884,58.54912467321779,77.79460135510689,65.29931086925804,113.27841806805036,97.8008179924892,86.53900854527974,82.15229759416349,171.04677722775136,163.76812876747417,95.524865872714,68.54195795277518,77.3692445355388,67.7421582177598,109.07795377618706,96.46242791885346,89.20201791439474,92.69843580125828,195.45076106272904,148.22280526288793,171.14321488157222,60.03332407921454,25.079872407968907,26.076809620810597,38.05259518088089,144.01388821915754,chew
46,1.5334449296458028,0.422217155895723,0.1497736934214969,0.1688105638093169,0.2497179810441386,0.5468525122527782,0.5468525122527782,6.676739934467494,,Open,Bite,1,0,0.0,True,0.1497736934214969,94.66784036831092,54.817880294662984,70.09279563550022,59.481089431852205,106.21675950620975,89.62700485902673,79.12016177940993,76.94153624668537,169.162643630324,156.54072952429985,93.34880824091972,66.64082832618455,72.44998274671983,65.76473218982953,105.39449701004318,91.4166286842826,85.28774824088158,89.31965069345043,196.3313525649941,146.60491124106312,160.3807968554839,60.00833275470999,27.073972741361768,24.020824298928627,40.049968789001575,142.12670403551894,chew
47,1.566780688985929,0.4275527382360222,0.1696203065573017,0.1633730108312065,0.2068421795652934,0.5636349596968936,0.5636349596968936,5.8955205322788204,,Open,Bite,1,0,0.0,True,0.1696203065573017,90.44335243676012,55.362442142665635,69.65629906907199,55.02726596879042,102.53292154230267,87.66413177577246,74.72616676907762,74.14849964766651,166.85922210054798,150.8409758653132,93.34880824091972,69.28924880528002,74.70609078247904,68.73136110975832,105.11898020814318,91.18113840043894,87.20665112249179,90.13878188659972,187.0,146.01369798755184,159.6151621870554,59.00847396772772,26.076809620810597,27.073972741361768,33.015148038438355,138.01449199268893,chew
48,1.6001164483260553,0.5583589400039664,0.3436307774203093,0.1310993531000118,0.2441051882742103,0.5422412988463735,0.5422412988463735,2.910100217178328,,Open,Bite,1,0,0.0,True,0.3436307774203093,68.47627326307996,68.24954212300622,50.93132631298737,40.85339643163099,78.49203781276162,68.60029154456998,62.6418390534633,86.68333173107735,187.0721785835617,127.63228431709588,92.65527507918802,87.69264507357501,77.62087348130012,74.0,108.25894882179486,98.49365461794989,97.8008179924892,108.00462953040486,184.45866745696716,149.24141516348604,154.26276284314372,62.20128616033595,20.223748416156685,53.009433122794285,37.656340767525464,111.40017953306898,chew
49,1.6334522076661813,0.5428872319191284,0.2100556814300776,0.1493510627526093,0.2878002311628665,0.5431344335466787,0.5431344335466787,4.760642479136539,,Open,Bite,1,0,0.0,True,0.2100556814300776,60.83584469702052,52.40229002629561,43.139309220245984,32.01562118716424,72.18032973047436,61.91122676865643,55.036351623268054,70.7248188403477,165.4841382127,121.63058825805292,81.83520025025906,77.15568676384133,68.00735254367721,63.34824385884742,99.36800289831731,90.09439494219384,88.45903006477066,100.687635785135,181.077331546497,135.77186748365804,143.13629868066312,60.13318551349163,21.37755832643195,30.066592756745816,41.19465984809196,110.76551810017412,chew
50,1.6667879670063075,0.6138104010305798,0.2613047784917247,0.1534285608776779,0.300236929083303,0.5294089919855264,0.5294089919855264,3.826948767535336,,Open,Bite,1,0,0.0,True,0.2613047784917247,76.94153624668537,62.93647591023825,54.48853090330111,43.04648650006177,87.04596486914255,73.49829930005184,66.03029607687671,82.15229759416349,171.7672844286711,141.69333082400175,86.83317338436964,79.2464510246358,69.28924880528002,61.84658438426491,99.74467404327912,90.24411338142782,85.14693182963201,101.67103815738284,186.2525167615192,145.34441853748632,150.4725888658795,67.1863081289633,23.08679276123039,39.319206502675,45.17742799230607,109.45775440780794,chew
51,1.7001237263464335,0.5182685556216173,0.3013446494434715,0.1992822330089662,0.3013446494434715,0.5039763177897368,0.5039763177897368,3.3184594511527483,,Open,Bite,1,0,0.0,True,0.3013446494434715,96.60745312862772,63.89053137985315,65.79513659838392,48.507731342539614,104.4030650891055,83.86894538504703,68.26419266350405,81.98780397107853,182.4828759089466,158.39823231336896,103.9471019317037,84.8999411071645,79.1580697086532,67.89698078707183,112.8937553631732,95.85927185202274,88.11923740024082,103.81233067415452,195.35864454894235,159.20113064925135,156.28499608087785,63.071388124885914,31.144823004794873,47.095647357266465,47.095647357266465,121.6963434126104,chew
52,1.7334594856865595,0.4160621255385934,0.1517985986994921,0.1572090668597549,0.2474703007564496,0.6080000876156746,0.6080000876156746,6.587676095611714,,Open,Bite,1,0,0.0,True,0.1517985986994921,86.02325267042627,60.37383539249432,64.40496875241847,55.78530272392541,99.15644204992432,85.88364221433555,80.4114419718985,85.07055894961546,178.53010950537168,141.19844191774922,90.9065454189081,72.40165743959182,72.80109889280519,65.00769185258002,103.3537614216338,91.92388155425118,86.02325267042627,94.36630754670864,185.0108104949546,135.36986370680884,165.873445734994,53.03772242470448,26.076809620810597,25.179356624028344,41.048751503547585,127.47548783981962,chew
53,1.766795245026686,0.4629736495362134,0.3013213117940557,0.1374847798378635,0.1940169406667757,0.596267733439149,0.596267733439149,3.3187164692933195,,Open,Bite,1,0,0.0,True,0.3013213117940557,101.04454463255304,76.53757247260981,81.40024569987489,66.007575322837,114.109596441316,102.5768004960186,90.0222194794152,99.72462083156798,192.21342304844373,160.58953888718904,93.34880824091972,76.69419795525604,74.30343195303969,64.76109943476871,105.6882207249228,92.11405973031478,87.32124598286491,98.18350166906862,192.20041623263984,143.0034964607509,175.9232787325202,58.137767414994535,24.186773244895647,53.009433122794285,34.132096331752024,125.5746789762968,chew
54,1.8001310043668122,0.5169180073581838,0.6356337205500129,0.1683375522162125,0.2708555341930873,0.3970418314534742,0.3970418314534742,1.5732330863987227,,Open,Bite,1,0,0.0,False,0.6356337205500129,75.02666192761077,73.35529974037323,53.009433122794285,44.59820624195552,80.15609770940699,65.76473218982953,61.29437168288782,86.83317338436964,199.32385707686876,136.2974687952788,94.26027795418386,83.60023923410746,75.0,64.4980619863884,104.63746938836012,90.4267659490264,83.19254774317228,100.41912168506552,197.4082065163452,151.17208737065187,126.01587201618692,62.0,21.213203435596427,80.09993757800315,34.132096331752024,119.94165248152952,chew
55,1.8334667637069384,0.4989475888142116,0.5875160483594205,0.1272319011260428,0.2307054262499783,0.4124581222456513,0.4124581222456513,1.7020811649186425,,Open,Bite,1,0,0.0,False,0.5875160483594205,77.47257579298626,61.85466837676846,56.61271941887264,40.496913462633174,81.40024569987489,70.00714249274856,57.697486947006624,76.36753236814714,188.8200201249857,135.41787178950938,92.45539465060976,72.12489168102785,75.16648189186454,57.9396237474839,100.7670581092849,90.4267659490264,78.10889834071403,90.0,188.8200201249857,149.56603892595405,126.0,62.03224967708329,16.0312195418814,74.02702209328699,29.068883707497267,124.32618388738553,chew
56,1.8668025230470644,0.5157878846559133,0.4157871714383945,0.1527615914740299,0.2483884507254862,0.4265297205621417,0.4265297205621417,2.4050766081612163,,Open,Bite,1,0,0.0,False,0.4157871714383945,68.42514157822401,54.20332093147061,48.83646178829912,34.785054261852174,73.7563556583431,62.20128616033595,52.20153254455275,69.42621983083913,180.5796223276591,129.80754985747168,87.86353054595519,65.60487786742691,70.21395872616783,55.57877292636101,97.6165969494942,85.47514258543241,75.8023746329889,84.21995013059554,182.0,147.33974345029924,125.06398362438324,65.00769185258002,19.1049731745428,52.0,31.064449134018133,126.03570922560004,chew
57,1.9001382823871904,0.5152332365399679,0.2256636751330879,0.1286865243782261,0.1960440733554322,0.492034740895178,0.492034740895178,4.431373367513569,,Open,Bite,1,0,0.0,False,0.2256636751330879,65.80273550544841,49.24428900898052,50.21951811795888,40.11234224026316,71.58910531638176,63.52952069707436,57.0,64.47480127925948,168.61791126686393,125.29964086141668,79.51100552753688,60.83584469702052,65.7419196555744,59.00847396772772,90.91754506144564,81.93289937503738,76.02631123499285,79.12016177940993,172.40939649566667,138.2208377922808,133.01503674397117,67.02984409947557,17.11724276862369,30.01666203960727,26.076809620810597,130.09611831257686,chew
58,1.9334740417273169,0.4991496036233884,0.1135567389694633,0.1071924239633706,0.1572786635977073,0.5415390165540434,0.5415390165540434,8.806170457826472,,Open,Bite,1,0,0.0,False,0.1135567389694633,66.60330322138685,50.99019513592785,53.33854141237835,48.76474136094644,74.4043009509531,68.4470598345904,64.32728814430156,66.61080993352356,165.0272704737008,127.0157470552372,76.84399781375251,58.69412236331676,65.19202405202648,61.66036003787198,89.05054744357274,82.00609733428362,78.23042886243178,76.68767828015137,167.547008329006,134.6291201783626,141.1736519326464,69.02897942168927,15.132745950421556,16.0312195418814,22.20360331117452,138.2931668593933,chew
59,1.9668098010674429,0.4194820866158837,0.3777674139305328,0.1037008587260286,0.1481440838943266,0.4782055667626914,0.4782055667626914,2.647131444174507,,Open,Bite,1,0,0.0,False,0.3777674139305328,34.36568055487916,38.07886552931954,36.05551275463989,52.40229002629561,51.0098029794274,53.16013544000805,62.42595614005443,53.45091205957107,133.5402561027947,72.62231062146122,67.36467917239716,70.3420215802759,67.89698078707183,79.25906888173743,84.0,85.15867542417507,91.7877987534291,85.70297544426332,147.5567687366459,107.07007051459338,135.00370365289984,58.30951894845301,14.0,51.0,20.0,139.00359707575916,chew
60,2.000145560407569,0.5158102614788949,0.4857833687581189,0.1676766463774634,0.2202514184534572,0.4298615788239541,0.4298615788239541,2.0585307450035812,,Closed,Bite,1,0,0.0,False,0.4857833687581189,36.61966684720111,43.2781700167648,31.400636936215164,64.4980619863884,48.70318264754368,48.373546489791295,75.28612089887484,56.938563381947034,112.50777750893492,91.2414379544733,72.83543093852057,70.3420215802759,71.06335201775947,84.59905436823747,85.0235261559999,85.37564055396598,93.94147114027967,83.3606621854697,133.4053971921676,111.40017953306898,131.7459676802292,65.12296062065974,22.09072203437452,64.0,29.017236257093817,126.25371281669304,chew
61,2.033481319747695,0.3973569156821907,0.227922585660265,0.1418297044845561,0.1489211897087839,0.4889973774268282,0.4889973774268282,4.387454613605392,,Closed,Bite,1,0,0.0,False,0.227922585660265,51.73973328110612,43.04648650006177,40.52159917870962,57.38466694161429,65.7419196555744,59.682493245507096,69.40461079784254,59.464274989274024,146.4137971640651,104.9571341072154,70.83078426785913,68.9492567037528,62.96824596572466,79.32212806020776,87.66413177577246,82.73451516749222,95.25754563287887,87.80091115700337,155.3962676514465,126.62148316932635,141.01418368376991,61.204574992397426,20.0,32.14031735997639,21.0,154.02921800749365,not-chew
62,2.0668170790878215,0.3569947463331571,0.1038908472818835,0.1095316261852795,0.1417468103574205,0.6027883855289424,0.6027883855289424,9.625487000666514,,Closed,Bite,1,0,0.0,False,0.1038908472818835,47.50789408087881,40.01249804748511,42.190046219457976,44.72135954999579,63.245553203367585,60.07495318350236,61.032778078668514,58.077534382926416,164.92422502470643,91.40021881811882,80.62257748298549,77.10382610480494,73.824115301167,81.59656855530139,99.04039579888602,95.63472172804184,100.687635785135,97.12878049270464,170.3437700651245,128.68954891520912,155.2063143045411,53.23532661682466,17.0,16.1245154965971,22.0,149.12075643584967,not-chew
63,2.1001528384279475,0.4159950422064604,0.2683318508126738,0.1337497626499566,0.1478286850341625,0.4908558506399261,0.4908558506399261,3.726728664418276,,Closed,Bite,1,0,0.0,False,0.2683318508126738,42.5440947723653,39.395431207184416,37.013511046643494,51.62363799656123,58.52349955359813,56.0357029044876,64.07027391856539,55.08175741568164,147.2311108427835,95.13148795220224,70.9365914038728,72.53275122315436,66.06814663663572,80.62257748298549,88.52683209061533,86.02325267042627,97.57561170702442,91.00549433962765,153.16984037335808,121.6963434126104,142.0563268566381,62.07253821135398,19.0,38.11823710509184,21.0,149.21461054467824,not-chew
64,2.1334885977680735,0.3799113106222699,0.0824592691383023,0.1371284813545063,0.1598651248637861,0.5531424420392881,0.5531424420392881,12.12719940947791,,Closed,Bite,1,0,0.0,False,0.0824592691383023,48.83646178829912,38.05259518088089,38.27531841800928,42.43819034784589,61.05735008989499,54.3415126767741,57.271284253105414,56.00892785976178,162.69296235547498,99.72963451251589,82.34682750416071,72.00694410957877,73.824115301167,77.20103626247513,98.3717439105356,93.43446901438462,96.317184344228,90.0222194794152,174.0632069105933,132.6536844569347,146.03081866510234,57.42821606144492,20.024984394500787,12.041594578792296,23.345235059857504,151.16216457830973,not-chew
65,2.1668243571082,0.3909438720868761,0.057995851214422,0.1512346770915341,0.1732424215098831,0.5574596023695413,0.5574596023695413,17.242612687980102,,Closed,Bite,1,0,0.0,False,0.057995851214422,54.037024344425184,44.40720662234904,45.35416188179427,46.61544808322666,64.00781202322104,57.87054518492115,58.82176467941097,58.30951894845301,159.5399636454766,100.4987562112089,78.29431652425353,66.12110101926616,69.2314957226839,72.12489168102785,89.31965069345043,82.87339742040264,85.37564055396598,81.09870529176159,164.17673403987544,123.7457069962429,139.01438774457844,55.14526271584895,21.02379604162864,8.06225774829855,24.08318915758459,141.05672617780408,not-chew
66,2.200160116448326,0.4037509320979544,0.2074884150029239,0.1184892655207834,0.1704892340252131,0.500552383368146,0.500552383368146,4.819546190016961,,Closed,Bite,1,0,0.0,False,0.2074884150029239,39.59797974644666,34.92849839314596,29.732137494637012,48.27007354458868,53.665631459994955,48.662100242385755,60.802960454241045,51.66236541235796,144.5060552364502,92.13034245024816,74.09453421137081,66.91038783328041,69.35416353759881,76.02631123499285,89.49860334105779,87.14355971613737,92.11405973031478,85.58621384311844,153.07514494521962,122.0245876862528,135.03332921912278,58.30951894845301,16.0,28.0178514522438,23.021728866442675,144.4195277654653,not-chew
67,2.233495875788452,0.4153145998575266,0.0315823769983455,0.1201791406768006,0.1836128888342485,0.6373083454973001,0.6373083454973001,31.66322788346128,,Closed,Bite,1,0,0.0,False,0.0315823769983455,65.60487786742691,56.61271941887264,55.65968020030299,54.817880294662984,80.49844718999243,74.95331880577403,73.97972695272672,76.90253571892151,172.62966141425406,114.03946685248928,73.79024325749306,67.77905281132217,65.76473218982953,65.27633568147036,89.8443097808648,85.28774824088158,85.0235261559999,87.28115489611719,184.25254408012933,123.9072233568326,158.3161394173064,57.3149195236284,19.026297590440446,5.0,29.068883707497267,138.00362314084367,not-chew
68,2.2668316351285784,0.3954675409065351,0.0219839959802706,0.1717004974800421,0.2177692075970387,0.5266427545829959,0.5266427545829959,45.48763568267754,,Closed,Bite,1,0,0.0,False,0.0219839959802706,57.62811813689564,41.23105625617661,42.05948168962618,42.95346318982906,66.06814663663572,56.64803615307419,57.87054518492115,56.88585061331157,159.5399636454766,106.45186705737012,67.7421582177598,56.64803615307419,57.0701322935211,55.731499172371095,82.28000972289685,75.32595834106593,73.17103251970687,75.58438992278762,173.07801709055948,116.6747616239262,128.65846260545786,54.230987451824994,22.09072203437452,2.8284271247461903,28.0178514522438,137.13132391981054,not-chew
69,2.3001673944687044,0.3959449757069644,0.0248505692802553,0.1573651385201502,0.2201766047832794,0.5188833747091433,0.5188833747091433,40.24052683551745,,Closed,Bite,1,0,0.0,False,0.0248505692802553,56.08029957123981,41.23105625617661,42.05948168962618,42.95346318982906,65.60487786742691,56.64803615307419,56.61271941887264,56.089214649520635,159.76545308670458,107.35455276791944,68.79680225126747,56.61271941887264,58.69412236331676,57.271284253105414,81.54140052758476,74.96665925596525,73.55270219373317,74.46475676452586,173.63179432350518,116.1808934377766,127.251719045363,55.036351623268054,20.024984394500787,3.1622776601683795,28.0178514522438,139.0,chew
70,2.3335031538088304,0.4064573390695255,0.0092116028731472,0.2120670237709411,0.276961512223789,0.4500184986822477,0.4500184986822477,108.55873986004076,,Open,Chew,1,1,1.0,False,0.0092116028731472,59.50630218724736,27.073972741361768,36.76955262170047,39.6232255123179,63.41135544995076,48.25971404805462,48.82622246293481,42.04759208325728,142.6218777046495,110.05453193758083,71.06335201775947,52.172789842982326,56.92099788303083,57.9396237474839,79.25906888173743,69.85699678629192,70.09279563550022,67.26812023536856,158.61904047118682,117.61377470347595,108.55873986004076,54.08326913195984,23.021728866442675,1.0,30.066592756745816,133.06013678032951,chew
71,2.366838913148957,0.4066154154048435,0.0585911162966577,0.2025079349615651,0.2992227204065505,0.4355566541790532,0.4355566541790532,17.06743382284804,,Open,Chew,1,1,1.0,False,0.0585911162966577,63.071388124885914,28.16025568065745,41.77319714841085,38.897300677553446,66.85057965343307,51.73973328110612,47.20169488482379,40.11234224026316,138.5135372445596,112.57886124845996,70.03570517957252,49.72926703662542,55.94640292279746,54.42425929675111,77.38862965578342,67.35725647619564,66.70832032063167,65.0,155.24174696260025,116.0172400981854,103.81714694596457,52.08646657242167,21.02379604162864,6.082762530298219,31.064449134018133,128.09761902549164,chew
72,2.400174672489083,0.3629323154565986,0.0594523471526909,0.2353868189344628,0.2938680412672625,0.4119936328418112,0.4119936328418112,16.820193783631595,,Open,Chew,1,1,1.0,False,0.0594523471526909,61.68468205316454,19.235384061671343,35.510561809129406,32.202484376209235,64.00781202322104,45.967379738244816,41.23105625617661,34.23448553724738,146.4923206178399,109.63576058932595,76.38062581571324,52.952809179494906,59.50630218724736,58.872744118140105,85.70297544426332,73.05477397131553,72.27724399837061,69.05070600652827,163.87800340497196,122.80065146407,102.3132444994293,50.08991914547278,24.08318915758459,6.082762530298219,30.066592756745816,138.01449199268893,chew
73,2.433510431829209,0.524159610428724,0.2079891239750485,0.1804052648153224,0.3064387630936027,0.4308638424479927,0.4308638424479927,4.807943708248731,,Open,Chew,1,1,1.0,False,0.2079891239750485,57.706152185014034,38.28837943815329,36.12478373637688,26.476404589747453,61.61980201201558,49.39635614091387,40.11234224026316,51.40038910358559,157.48650735856708,114.49017425089367,74.96665925596525,60.41522986797286,59.93329625508679,55.326304774492215,83.7615663654877,73.7360156233031,71.06335201775947,76.55716818169282,160.6268968759591,130.3572015655445,111.0,62.07253821135398,20.024984394500787,23.08679276123039,34.0147027033899,118.4229707446997,chew
74,2.4668461911693353,0.5127156445597156,0.3364725605228376,0.1457323375986439,0.2727160037037476,0.3997498761351051,0.3997498761351051,2.972010551012305,,Open,Chew,1,1,1.0,False,0.3364725605228376,63.50590523722971,38.948684188300895,45.45327270945405,27.073972741361768,66.70832032063167,56.22277118748239,43.04648650006177,53.600373133029585,165.24527224704494,122.38055401083948,76.57675887630658,56.938563381947034,61.61168720299745,51.03920062069938,84.81155581640984,75.17978451685,67.00746227100382,73.824115301167,170.84788555905513,136.8575902169843,110.00454536063498,65.12296062065974,16.0312195418814,37.013511046643494,30.0,127.0157470552372,chew
75,2.5001819505094613,0.579139775158262,0.2925919313078221,0.1521113019473545,0.2648121566894452,0.3979271529613302,0.3979271529613302,3.417729243353425,,Open,Chew,1,1,1.0,False,0.292591931307822,57.24508712544685,37.48332962798263,40.36087214122113,27.16615541441225,60.30754513325841,50.80354318352215,40.01249804748511,51.03920062069938,156.8948692596415,121.16517651536682,74.24957912338628,55.47071299343465,60.207972893961475,52.08646657242167,81.8413098624405,72.01388754955533,66.0,69.85699678629192,160.6268968759591,136.8575902169843,106.00471687618432,70.11419257183242,16.1245154965971,31.016124838541646,28.0713376952364,121.06609764917675,chew
76,2.5335177098495874,0.5533101462001752,0.2773500981126146,0.1609556949949125,0.2678464667917384,0.41456325097554,0.41456325097554,3.6055512754639896,,Open,Chew,1,1,1.0,False,0.2773500981126146,60.74537019394976,43.139309220245984,44.68780594300866,31.016124838541646,66.48308055437865,56.43580423808985,47.095647357266465,57.42821606144492,162.3607095328177,122.56018929489298,70.83784299369935,56.60388679233962,56.60388679233962,50.00999900019995,79.40403012442127,69.35416353759881,65.03076195155643,72.44998274671983,168.86088949191284,133.09395177843356,112.0044641967453,68.06614430096654,18.027756377319943,31.064449134018133,30.0,123.01625908797584,chew
77,2.566853469189714,0.5307311783356877,0.2398265592537447,0.1392694264882368,0.2621542145660929,0.4445367651734704,0.4445367651734704,4.169679968355656,,Open,Chew,1,1,1.0,False,0.2398265592537447,59.81638571495272,45.967379738244816,45.48626166217664,34.0,68.41052550594829,59.50630218724736,50.15974481593781,61.61168720299745,169.29264603047588,121.24768039018312,72.83543093852057,62.26556030423239,59.0592922409336,56.00892785976178,82.09750300709517,73.92563831310488,72.0,78.79086241436883,178.88543819998318,134.30189872075525,122.06555615733704,68.06614430096654,17.0,29.274562336608895,32.0,128.2497563350512,chew
78,2.60018922852984,0.5037504875302197,0.1320971779771627,0.1392694264882368,0.2539618953609025,0.44685246261255,0.44685246261255,7.570184430229711,,Open,Chew,1,1,1.0,False,0.1320971779771627,55.44366510251645,40.0,40.8166632639171,33.734255586866,62.20128616033595,53.85164807134504,48.16637831516918,55.072679252057455,173.3666634621547,118.9663818059539,70.9365914038728,59.80802621722272,60.00833275470999,58.05170109479997,82.85529554590944,75.8946638440411,74.43117626371358,77.4919350642375,177.2794404323299,131.2288078129189,122.06555615733704,70.02856560004639,17.0,16.1245154965971,31.0,139.01438774457844,chew
79,2.633524987869966,0.4811022396402785,0.1099114958170967,0.1510589022411745,0.2444003756628886,0.5264195434622808,0.5264195434622808,9.098229375970789,,Open,Chew,1,1,1.0,False,0.1099114958170967,59.413803110051795,50.44799302251776,45.5411901469428,41.10960958218893,70.32780389006896,63.56099432828282,59.00847396772772,67.7421582177598,175.1913239860924,116.50321883965266,76.05918747922567,66.70832032063167,62.96824596572466,62.64982043070834,88.58893836140041,79.81227975693966,80.22468448052632,85.70297544426332,179.3599732381782,129.61867149450345,139.17614738165446,63.0317380372777,21.02379604162864,15.297058540778355,34.0147027033899,131.01526628603247,chew
80,2.6668607472100923,0.4821806905086881,0.0739625548409434,0.1324735223947314,0.1984623604966867,0.5783067153456769,0.5783067153456769,13.520355024924458,,Open,Chew,1,1,1.0,False,0.0739625548409434,59.81638571495272,52.478567053607705,49.24428900898052,45.09988913511872,72.01388754955533,66.91038783328041,64.0,70.68238818828917,178.4628812946827,118.2243629714282,77.93587107359485,70.83784299369935,67.1863081289633,67.60177512462228,94.02127418834527,86.88498144098322,87.28115489611719,89.98888820293314,178.4740877550576,131.65485179058155,151.16216457830973,65.12296062065974,20.024984394500787,11.180339887498947,30.0,135.05924625881784,chew
81,2.7001965065502183,0.4393939393939394,0.0610351746539011,0.1456442721878365,0.2184664082817547,0.5941831544219974,0.5941831544219974,16.3839950597419,,Open,Chew,1,1,1.0,False,0.0610351746539011,60.60528029800704,54.08326913195984,48.05205510693585,46.09772228646444,72.91776189653656,66.61080993352356,64.0,72.00694410957877,176.9773996870787,110.80162453682708,76.32168761236873,71.69379331573968,67.26812023536856,68.18357573492314,91.92388155425118,85.98837130682264,87.09190547921202,91.706052144883,183.0027322200409,125.99206324209474,151.0529708413575,58.0,22.0,9.219544457292889,33.0,132.0,chew
82,2.7335322658903443,0.4658363447139483,0.0814884385095108,0.0939562672994053,0.1874963379979098,0.6320096075205175,0.6320096075205175,12.271679495776398,,Open,Chew,1,1,1.0,False,0.0814884385095108,60.4648658313239,54.589376255824725,52.20153254455275,50.08991914547278,74.84650960465692,71.386273190299,69.00724599634447,74.84650960465692,178.10109488714548,114.20157617125956,76.02631123499285,73.53910524340094,69.42621983083913,69.06518659932803,95.2102935611481,90.93404203047392,91.0,95.81753492967766,184.29595763336752,127.98828071350908,160.00312496948305,62.0,15.033296378372908,13.038404810405298,30.0,133.09395177843356,chew
83,2.7668680252304707,0.3983196412246901,0.0500606872327484,0.1057399566281769,0.1743023481062307,0.6934764133640543,0.6934764133640543,19.975754534704546,,Closed,Chew,1,1,1.0,False,0.0500606872327484,63.50590523722971,62.16912416947821,57.55866572463264,56.0,76.84399781375251,74.33034373659252,73.00684899377592,80.4114419718985,175.75551200460256,103.96634070698074,72.11102550927978,72.01388754955533,68.11754546370561,68.0294054067798,90.24411338142782,87.05170877128145,88.14193099768123,92.11405973031478,180.6792738528689,113.85077953180644,161.0496817755316,51.0098029794274,17.029386365926403,8.06225774829855,28.0713376952364,128.06248474865697,chew
84,2.8002037845705967,0.4528912236661054,0.0445953244674003,0.1043158718781737,0.1593843690914958,0.6544075717867909,0.6544075717867909,22.423875416155106,,Closed,Chew,1,1,1.0,False,0.0445953244674003,64.1404708432983,62.96824596572466,57.87054518492115,59.21148537234985,80.4114419718985,76.94153624668537,78.16009211867653,81.74350127074322,178.4740877550576,116.03878661895772,72.2357252334328,69.35416353759881,66.18912297349165,65.0,90.24411338142782,87.05170877128145,85.09406559801923,89.19641248391103,185.17289218457435,122.494897852931,163.24827717314508,62.07253821135398,17.029386365926403,7.280109889280518,26.019223662515376,137.05838172107534,not-chew
85,2.8335395439107227,0.3733316113935719,0.2886988460519636,0.1407965479909982,0.1998027612932417,0.542851467971779,0.542851467971779,3.4638171010216214,,Closed,Chew,1,1,1.0,False,0.2886988460519636,42.5440947723653,39.81205847478876,39.20459156782532,51.0881590977792,59.43904440685432,59.30430001273095,66.73080248281148,58.30951894845301,131.36970731489052,76.48529270389177,57.48912940721924,57.14017850864661,56.88585061331157,66.18912297349165,77.31752712031083,76.94153624668537,81.59656855530139,77.0,137.05838172107534,98.2700361249552,135.1332675546625,44.553338819890925,19.026297590440446,39.01281840626232,27.0,119.33985084622825,not-chew
86,2.866875303250849,0.4470773499578903,0.0449395968361021,0.1073963389086725,0.181373946288943,0.6111151006246524,0.6111151006246524,22.252091037822836,,Closed,Chew,1,1,1.0,False,0.0449395968361021,56.859475903318,54.78138369920935,49.24428900898052,50.48762224545735,69.85699678629192,66.09841147864296,68.26419266350405,73.08214556237385,174.42763542512407,107.07474025184464,72.80109889280519,68.0294054067798,66.18912297349165,64.0,87.0976463516667,84.0535543567314,81.05553651663777,84.50443775329198,177.9241411388573,118.25819210524064,149.27156460625713,60.07495318350236,16.0312195418814,6.708203932499369,27.073972741361768,134.3726162579266,not-chew
87,2.900211062590975,0.4283903343923621,0.0627877989127481,0.0973198532990769,0.2084743112748869,0.5923438196037761,0.5923438196037761,15.926661187623912,,Closed,Chew,1,1,1.0,False,0.0627877989127481,54.67174773134658,49.24428900898052,45.880278987817846,44.91102314577124,68.42514157822401,64.28841264178172,63.50590523722971,68.62215385719105,171.3300907604966,105.39449701004318,70.68238818828917,66.2117814289874,63.953107821277925,62.12889826803627,86.1278120005379,82.49242389456137,81.0,84.50443775329198,177.79201331893398,117.4563748802082,144.22205101855957,57.07889277132134,14.0356688476182,9.055385138137416,30.066592756745816,133.24038426843418,not-chew
88,2.933546821931101,0.3377616219769894,0.0824074175417839,0.1055118862537742,0.2089028767443167,0.5591308805084948,0.5591308805084948,12.134829968345487,,Closed,Chew,1,1,1.0,False,0.0824074175417839,52.40229002629561,44.72135954999579,43.46262762420146,40.79215610874227,64.00781202322104,60.440052945046304,57.3149195236284,61.09828148156051,174.77127910500627,94.30270409696638,69.46221994724903,62.76941930590086,60.876925020897694,59.30430001273095,82.87339742040264,77.27871634544663,77.05841939723393,80.95677859203639,176.7823520603796,110.3902169578446,134.03357788255897,47.095647357266465,14.142135623730953,11.04536101718726,28.0,139.43457247038842,chew
89,2.966882581271227,0.44004804087592,0.1227489332311633,0.1400748859804935,0.1829833059136427,0.4985785927785355,0.4985785927785355,8.146710310848723,,Open,Chew,1,2,2.0,False,0.1227489332311633,40.70626487409524,26.92582403567252,27.80287754891569,38.01315561749642,47.50789408087881,40.496913462633174,47.80167361086848,42.579337712087536,138.19189556555045,91.21403400793103,73.824115301167,62.00806399170998,65.62011886609167,70.57619995437555,89.28605714219886,84.29116205154607,86.83317338436964,80.0,144.5060552364502,127.1416532848303,122.20065466273084,58.249463516842795,17.11724276862369,15.0,22.360679774997894,132.3706916201619,chew
90,3.0002183406113536,0.4573838227397788,0.1111111111111111,0.1119539381910841,0.151241442087147,0.4918428574230242,0.4918428574230242,9.0,,Open,Chew,1,2,2.0,False,0.1111111111111111,41.340053217188775,29.546573405388315,30.0,41.400483088968905,49.04079934095691,43.46262762420146,51.40038910358559,44.64302857109943,143.26548781894402,100.0,73.53910524340094,63.198101237299845,66.75327707311455,70.57619995437555,90.70832376358854,86.37129152675674,87.80091115700337,83.05419917138447,155.64061166674975,131.04579352272242,126.3210196285638,65.76473218982953,14.142135623730953,14.0356688476182,19.1049731745428,143.78456106272327,chew
91,3.0335540999514796,0.435669255622757,0.1434483686515312,0.1452031540037359,0.177925803329476,0.4465935867228165,0.4465935867228165,6.97114933686857,,Open,Chew,1,2,2.0,False,0.1434483686515312,46.238512086787566,30.23243291566195,29.732137494637012,45.65084884205331,50.60632371551998,40.496913462633174,53.150729063673246,42.95346318982906,147.85127662620977,109.23827168167756,83.773504164503,68.46897107449476,73.824115301167,78.54934754662193,97.8008179924892,91.44397191723463,93.96275858019496,86.14522621712709,163.37074401495514,139.44532978913278,125.67418191498204,67.60177512462228,18.24828759089466,18.027756377319943,22.360679774997894,155.16765126791086,chew
92,3.0668898592916056,0.3963287704301468,0.0470120474767529,0.2312319357106313,0.2588127103546935,0.4602244306008028,0.4602244306008028,21.27114332755855,,Open,Chew,1,2,2.0,False,0.0470120474767529,61.773780845922005,34.36568055487916,41.23105625617661,40.496913462633174,67.00746227100382,51.31276644267,49.64876634922564,46.2709412050371,141.1523999087511,108.78419002777932,71.50524456289902,50.695167422546305,55.02726596879042,51.92301994298868,79.61155694998057,67.446274915669,65.30696746902278,63.788713735268246,153.3883959105121,118.2285921425101,108.46197490365,50.35871324805669,25.079872407968907,5.0990195135927845,28.0713376952364,127.06297651164952,chew
93,3.100225618631732,0.3782678706720558,0.12031177081771,0.1625322522149375,0.230327136597231,0.5303658373792902,0.5303658373792902,8.311738686941498,,Open,Chew,1,2,2.0,False,0.12031177081771,38.948684188300895,32.38826948140329,29.410882339705484,37.8021163428716,49.64876634922564,43.93176527297759,50.53711507397311,47.16990566028302,130.92364186807515,75.02666192761077,60.166435825965294,54.42425929675111,57.42821606144492,55.57877292636101,75.53806987208503,73.68174807915459,71.11258679024411,72.73238618387272,154.77725931156684,102.5768004960186,117.5457357797381,44.27188724235731,19.1049731745428,14.142135623730953,27.073972741361768,117.03845521878696,chew
94,3.133561377971858,0.5442303917125929,0.2367601387940953,0.1326974456132441,0.2456855703165032,0.4376056243539062,0.4376056243539062,4.2236839574996035,,Open,Chew,1,2,2.0,False,0.2367601387940953,58.59180830116101,36.235341863986875,42.44997055358225,27.65863337187866,62.289646009589745,53.823786563191554,44.181444068749045,51.0,156.60459763365824,119.21828718783036,74.33034373659252,56.79788728465171,61.29437168288782,54.147945482723536,83.86298349093002,75.39230729988306,70.00714249274856,74.09453421137081,161.55494421403512,133.70115930686617,114.03946685248928,67.11929677819934,15.132745950421556,27.0,28.0178514522438,123.3288287465668,chew
95,3.166897137311984,0.5820008199845249,0.2455345766353029,0.115265909688237,0.2460033035843121,0.4482278265045601,0.4482278265045601,4.072746143144305,,Open,Chew,1,2,2.0,False,0.2455345766353029,56.938563381947034,39.408120990476064,43.86342439892262,30.4138126514911,62.93647591023825,56.302753041036986,46.09772228646444,54.12023651093923,151.92103211866353,118.92854997854803,68.76772498781678,55.569775957799216,56.824290580701486,52.03844732503075,79.25906888173743,71.8679344353238,68.0294054067798,72.49827584156743,158.7734234687909,130.09611831257686,114.109596441316,68.18357573492314,13.152946437965904,28.0178514522438,28.0713376952364,117.15374513859982,chew
96,3.2002328966521105,0.5497278597692483,0.1794904141445802,0.0949389187570749,0.1732753892967255,0.4945113351670868,0.4945113351670868,5.571328166831774,,Open,Chew,1,2,2.0,False,0.1794904141445802,56.22277118748239,42.5440947723653,46.400431032480725,36.6742416417845,64.03124237432849,59.0592922409336,52.23983154643591,57.56735185849702,159.5399636454766,118.33004690272035,73.23933369440222,59.23681287847955,64.07807737440318,59.07622195096772,85.0881895447306,79.12016177940993,76.00657866263946,76.53757247260981,166.6283289239858,136.35981812836215,128.14054783713078,71.56814934033156,12.16552506059644,23.0,22.20360331117452,130.18832512940628,chew
97,3.2335686559922365,0.5006655134051734,0.1491042538135471,0.1053010847831401,0.151867384219037,0.516228382697887,0.516228382697887,6.7067167731544854,,Open,Chew,1,2,2.0,False,0.1491042538135471,58.89821729050889,45.880278987817846,48.25971404805462,41.0,68.41052550594829,62.609903369994115,57.55866572463264,62.16912416947821,161.38463371709216,118.84864324004712,73.24616030891995,58.52349955359813,63.90618123468183,59.07622195096772,86.53900854527974,80.2807573457052,77.00649323271382,75.96051605933177,173.63179432350518,134.61797799699713,134.30189872075525,68.59300255857006,14.142135623730953,20.024984394500787,20.396078054371134,137.00364958642524,chew
98,3.2669044153323625,0.4438255649187771,0.0903475929567637,0.1107593016958167,0.1806951859135274,0.5346809987640652,0.5346809987640652,11.06836349783613,,Open,Chew,1,2,2.0,False,0.0903475929567637,63.25345840347388,50.44799302251776,51.10772935672255,47.75981574503821,74.2024258363566,67.54257916307313,65.0,67.7421582177598,175.45369759569047,121.74152947946727,77.17512552629896,60.74537019394976,65.80273550544841,61.40032573203501,91.76055797563568,85.5102333057278,82.05485969764375,81.32035415564789,187.77113729218345,136.48809471891678,145.58159224297555,66.61080993352356,16.1245154965971,13.152946437965904,26.30589287593181,150.08331019803634,chew
99,3.300240174672489,0.4612427530920046,0.0802694634674114,0.1074094367996893,0.1530420027082347,0.5626117152358834,0.5626117152358834,12.458037674638115,,Open,Chew,1,2,2.0,False,0.0802694634674114,62.93647591023825,53.150729063673246,52.773099207835045,50.0,74.88658090739622,70.00714249274856,68.4470598345904,70.57619995437555,173.63179432350518,121.67168939404104,77.41446893184762,61.98386886924694,66.94027188471824,64.19501538281614,93.60555539069249,86.97700845625813,84.00595217006948,83.93449827097318,188.36666371733617,138.6001443000692,151.5585695366646,68.73136110975832,16.278820596099706,12.16552506059644,23.194827009486403,149.01342221424215,chew
100,3.333575934012615,0.4828575046823545,0.0514589175085714,0.1228901548240334,0.1811370342614039,0.5914082317638464,0.5914082317638464,19.432977769760353,,Open,Chew,1,2,2.0,False,0.0514589175085714,64.38167441127949,54.12023651093923,52.55473337388365,50.695167422546305,76.32168761236873,70.21395872616783,68.24954212300622,71.58910531638176,169.66437457521835,120.7683733433551,77.82673062643708,67.4166151627327,68.06614430096654,67.1863081289633,94.25497334358543,88.45903006477066,88.0056816347672,89.1852005660132,187.8430195668713,137.20787149431334,155.46382215808282,67.60177512462228,19.1049731745428,8.0,28.16025568065745,140.00357138301865,chew
101,3.366911693352741,0.4850612712702181,0.0495822182756849,0.105269627160072,0.1731832431370875,0.6405633176359291,0.6405633176359291,20.168520787832477,,Open,Chew,1,2,2.0,False,0.0495822182756849,67.35725647619564,58.69412236331676,57.0087712549569,56.04462507680822,81.49233092751734,76.53757247260981,75.50496672405067,78.08969202141856,165.91865476793137,122.4499897917513,77.82030583337487,68.35202996254024,69.05070600652827,68.18357573492314,94.64142856064674,89.45389874119518,88.0056816347672,89.1852005660132,183.88311504866343,134.46932735757994,162.60381299342276,65.49045732013177,17.11724276862369,8.06225774829855,28.16025568065745,135.0148140020198,chew
102,3.400247452692867,0.4864940955285364,0.0429370450559049,0.1039395807739201,0.1709951310207001,0.6546939556695606,0.6546939556695606,23.28991197922397,,Open,Chew,1,2,2.0,False,0.0429370450559049,66.70832032063167,57.271284253105414,57.0087712549569,56.32051136131489,81.49233092751734,76.53757247260981,75.7099729229908,77.92945527847606,165.5294535724685,124.02015965156632,80.11242100947892,71.5122367151245,71.7007670809734,70.11419257183242,96.30160954002794,91.35097153287424,90.00555538409837,91.09335870413386,182.52944967867515,133.05637902783917,164.68454693747074,65.19202405202648,17.11724276862369,7.0710678118654755,28.16025568065745,134.00373129133382,chew
103,3.4335832120329934,0.4669234510904311,0.0556593537116369,0.1113187074232739,0.1602823456114483,0.6548792518706709,0.6548792518706709,17.966432114552664,,Closed,Chew,1,2,2.0,False,0.0556593537116369,66.70832032063167,56.753854494650845,56.64803615307419,54.3415126767741,81.00617260431454,75.96051605933177,74.96665925596525,77.27871634544663,167.35889578985635,121.2023102090055,76.96752561957543,69.07966415668217,68.46897107449476,67.00746227100382,94.11163583744572,89.20201791439474,88.05112151472007,90.75791976461338,181.57092278225608,128.14444974324874,162.69296235547498,62.12889826803627,18.110770276274835,9.055385138137416,26.076809620810597,133.06013678032951,chew
104,3.466918971373119,0.4452519925503159,0.026172250633052,0.1144348462302944,0.1591995854843025,0.6412895594536759,0.6412895594536759,38.20840683594615,,Closed,Chew,1,2,2.0,False,0.026172250633052,63.41135544995076,55.31726674375732,54.08326913195984,53.85164807134504,77.82673062643708,72.27724399837061,72.3671196055225,73.824115301167,169.19810873647495,116.76472069936192,75.23961722390672,67.67569726275453,67.47592163134935,67.11929677819934,90.95603333479312,87.14355971613737,86.00581375697809,87.36131867136622,177.61193653580833,124.57929201917948,157.53729717117784,61.1310068623117,18.027756377319943,4.123105625617661,25.079872407968907,137.2953021774598,not-chew
105,3.500254730713246,0.4411127503155922,0.063056045521277,0.1005848576941606,0.169870525962859,0.6469653887220373,0.6469653887220373,15.858907607242356,,Closed,Chew,1,2,2.0,False,0.063056045521277,65.29931086925804,56.32051136131489,56.08029957123981,54.12947441089743,80.06247560499239,75.0,73.824115301167,76.68767828015137,169.53170794869024,117.06835610018618,75.58438992278762,67.77905281132217,67.08203932499369,66.06814663663572,91.76055797563568,87.5728268357257,86.0,88.23264701911646,179.7804216259379,125.25573839150046,159.38004893963358,59.135437767890075,16.0312195418814,10.04987562112089,27.073972741361768,134.05968819895114,not-chew
106,3.533590490053372,0.4480087750497199,0.0453590164820366,0.1109173281241462,0.1621260328283474,0.6342823011509298,0.6342823011509298,22.04633339869763,,Closed,Chew,1,2,2.0,False,0.0453590164820366,61.07372593840988,51.92301994298868,52.20153254455275,50.21951811795888,74.24284477308234,70.09279563550022,68.73136110975832,70.61161377563892,166.3640586184408,113.1591799192624,74.73285756613352,68.9492567037528,67.7421582177598,67.06713054842886,91.21403400793103,86.28441342444185,86.0,88.60022573334675,177.99157283422156,123.84264209067892,154.3243337908834,60.07495318350236,17.11724276862369,7.0,25.019992006393608,134.09325113517085,not-chew
107,3.566926249393498,0.4419694196085932,0.0341839044850452,0.1208583533440436,0.2082565401538542,0.6124977883711167,0.6124977883711167,29.25353364585603,,Closed,Chew,1,2,2.0,False,0.0341839044850452,61.61980201201558,49.64876634922564,50.32891812864648,47.80167361086848,73.43023900274328,67.446274915669,65.30696746902278,68.41052550594829,166.8112706024386,112.60550608207396,75.17978451685,67.06713054842886,65.30696746902278,65.49045732013177,89.81091247727082,84.71717653463199,85.21150157109074,86.68333173107735,172.66151858477326,123.03657992645928,149.164338901763,58.034472514187634,18.027756377319943,5.0990195135927845,31.064449134018133,131.30879635424276,not-chew
108,3.6002620087336243,0.3992995124050644,0.0497765074483555,0.1414914188406846,0.2116526128898767,0.5763536433442822,0.5763536433442822,20.089798406156294,,Closed,Chew,1,2,2.0,False,0.0497765074483555,59.413803110051795,48.33218389437829,47.16990566028302,45.35416188179427,69.9714227381436,64.03124237432849,61.66036003787198,66.40783086353596,171.39719951037708,108.16653826391968,74.09453421137081,63.324560795950255,62.5859409132754,62.64982043070834,88.02272433866155,80.89499366462674,81.15417426109393,82.86132994346639,175.04570831642803,118.8276062201036,142.0563268566381,54.0,20.09975124224178,7.0710678118654755,30.066592756745816,135.2368293032634,not-chew
109,3.6335977680737503,0.3611823963239198,0.0450158258446656,0.2078542084502867,0.2792432948216395,0.469865069016155,0.469865069016155,22.214409737825584,,Closed,Chew,1,2,2.0,False,0.0450158258446656,58.137767414994535,28.792360097775937,35.4682957019364,33.60059523282288,61.71709649683789,48.373546489791295,46.09772228646444,44.64302857109943,150.88074761214563,101.3903348450926,72.18032973047436,51.92301994298868,56.462376853972415,54.70831746635972,83.00602387778854,71.84010022264724,70.61161377563892,69.85699678629192,157.84802817900513,115.88356225108028,111.07204868912793,47.042533945356304,23.08679276123039,5.0,31.016124838541646,130.24592124131948,chew
110,3.666933527413876,0.3368632314262634,0.1020437474389411,0.17033075859913,0.2717058288860001,0.4937397416942236,0.4937397416942236,9.799718504050036,,Open,Chew,1,3,3.0,False,0.1020437474389411,55.226805085936306,35.510561809129406,37.20215047547655,31.953090617340916,60.8276253029822,50.99019513592785,46.09772228646444,51.894122981316485,163.783393541592,97.52948272189288,73.24616030891995,57.9396237474839,58.872744118140105,57.0701322935211,84.59905436823747,75.0,73.55270219373317,74.63243262818116,163.27277789025334,111.39569111954016,118.00423721205946,44.04543109109048,20.09975124224178,12.041594578792296,32.0624390837628,130.75167302944922,chew
111,3.700269286754003,0.310432465601088,0.1114352871788556,0.1802927576233288,0.2825584873229216,0.4865576884242259,0.4865576884242259,8.97381812634432,,Open,Chew,1,3,3.0,False,0.1114352871788557,61.29437168288782,34.0,41.10960958218893,33.61547262794322,66.60330322138685,54.378304497290095,47.75981574503821,49.9799959983992,161.64467204334326,101.96568050084302,77.79460135510689,55.65968020030299,60.37383539249432,58.52349955359813,87.92041856133307,76.32168761236873,73.54590403278758,72.27724399837061,157.8131806916013,114.63420083029322,117.00427342623004,41.048751503547585,21.095023109728988,13.038404810405298,33.06055050963308,132.23085872821065,chew
112,3.733605046094129,0.3032340461866248,0.1485598035159583,0.2357022603955158,0.3058287142099513,0.448607621940765,0.448607621940765,6.731295924826526,,Open,Chew,1,3,3.0,False,0.1485598035159583,75.13321502504735,37.16180835212409,49.49747468305833,39.11521443121589,80.2122185206219,61.220911460055866,51.47815070493501,50.96076922496363,160.25604512778918,115.15641536623131,77.83315488916018,54.12947441089743,58.137767414994535,53.600373133029585,85.42833253669417,70.9365914038728,67.60177512462228,70.00714249274856,170.13524032369074,116.60617479361888,114.6298390472568,41.048751503547585,27.018512172212592,17.029386365926403,35.05709628591621,135.36986370680884,chew
113,3.766940805434255,0.4071750141197628,0.1875256897562612,0.2231705087608736,0.3126983418622829,0.4241851206399224,0.4241851206399224,5.332602702593771,,Open,Chew,1,3,3.0,False,0.1875256897562612,69.35416353759881,35.0,43.86342439892262,32.202484376209235,72.42237223399962,54.817880294662984,43.965895873961216,49.193495504995376,160.3277892319357,119.26860441876563,80.05623023850174,55.90169943749474,60.03332407921454,53.36665625650534,88.40814442120137,74.84650960465692,70.45565981523414,73.16419889536138,168.4339633209407,128.41339493993607,112.11155159036912,53.009433122794285,25.019992006393608,21.02379604162864,35.05709628591621,130.18832512940628,chew
114,3.800276564774381,0.5007482305665021,0.2830860942098946,0.1857752493252433,0.2924681911312803,0.4393131748299726,0.4393131748299726,3.532494249818391,,Open,Chew,1,3,3.0,False,0.2830860942098945,69.77822009767804,41.10960958218893,48.16637831516918,30.59411708155671,73.24616030891995,58.412327466040935,46.17358552246078,56.08029957123981,152.50573759698355,121.49074038789952,79.39773296511683,56.60388679233962,60.74537019394976,52.15361924162119,86.05230967266364,74.68600939935136,67.00746227100382,72.44998274671983,157.84802817900513,131.76494222667878,113.03981599418852,57.14017850864661,21.0,32.0,33.06055050963308,114.109596441316,chew
115,3.8336123241145073,0.4709779251260356,0.2760313383171831,0.1895975421437609,0.2842333820574872,0.4086215704940938,0.4086215704940938,3.6227770589255206,,Open,Chew,1,3,3.0,False,0.2760313383171831,72.47068372797375,41.86884283091664,50.93132631298737,33.95585369269929,76.21679604916491,61.220911460055866,46.389654018972806,54.20332093147061,168.5852899869974,130.29965464267354,80.72174428244226,61.40032573203501,62.433965115151864,55.08175741568164,87.6184911990614,75.15317691222374,70.0,76.48529270389177,179.56892826989863,137.90576492663388,116.15506876585285,63.12685640834652,22.02271554554524,32.0624390837628,33.015148038438355,134.03357788255897,chew
116,3.8669480834546337,0.5761120974700118,0.2866982958217348,0.1486434143871691,0.2531752953711331,0.4384145150860101,0.4384145150860101,3.487987248524793,,Open,Chew,1,3,3.0,False,0.2866982958217348,66.24198064671678,43.60045871318328,48.79549159502341,33.24154027718932,70.178344238091,60.0,47.095647357266465,56.356011214421486,153.7693077307692,127.81236246936366,76.36753236814714,56.43580423808985,60.53924347066124,53.03772242470448,83.48652585896721,73.40980860893181,68.06614430096654,72.44998274671983,158.24032355881985,134.30189872075525,115.15641536623131,67.02984409947557,17.11724276862369,33.015148038438355,29.154759474226505,116.3486140871476,chew
117,3.90028384279476,0.5558004142551747,0.2500607185616919,0.1501843778571833,0.2499219116020306,0.4425005739921119,0.4425005739921119,3.999028738907235,,Open,Chew,1,3,3.0,False,0.2500607185616919,66.2872536767062,45.0,49.04079934095691,37.12142238654117,72.13875518748573,61.91122676865643,52.03844732503075,59.0592922409336,158.52129194527782,129.07749610214788,74.24957912338628,58.66856057549052,59.16924876994806,53.08483775994799,82.66196223173026,73.00684899377592,68.00735254367721,74.73285756613352,172.19175357722563,135.4843164355196,120.03749414245534,69.02897942168927,18.027756377319943,30.01666203960727,30.0,124.1974234837422,chew
118,3.9336196021348857,0.5040333764380794,0.1990466064124516,0.1269841269841269,0.2144326362874015,0.4752340857413495,0.4752340857413495,5.02394900382207,,Open,Chew,1,3,3.0,False,0.1990466064124516,60.14149981501958,46.61544808322666,47.88527957525152,39.0,68.24221567329127,60.53924347066124,54.037024344425184,62.177166226839255,168.86681142249356,119.95415791042844,69.65629906907199,60.37383539249432,57.77542730261716,55.00909015790027,80.1311425102625,73.68174807915459,72.02777242147643,76.69419795525604,175.45369759569047,125.0959631642844,126.0,66.03029607687671,16.0,25.079872407968907,27.018512172212592,131.00381673829202,chew
119,3.966955361475012,0.5162611634694527,0.1287664035940912,0.1142827989453751,0.2072606860699939,0.5258752111452301,0.5258752111452301,7.766000851839333,,Open,Chew,1,3,3.0,False,0.1287664035940912,64.81512169239521,54.589376255824725,54.42425929675111,49.09175083453431,74.70609078247904,68.6804193347711,65.00769185258002,69.85699678629192,173.8188712424517,125.92458060283543,70.21395872616783,64.47480127925948,60.40695324215582,59.07622195096772,82.29216244576394,76.6550715869472,75.02666192761077,80.65358020571685,178.46568297574746,125.64234954823156,140.00357138301865,69.18092222571191,16.0,18.027756377319943,29.017236257093817,134.00373129133382,chew
120,4.000291120815138,0.4799211646972077,0.0800086500513849,0.1381100809632223,0.223606797749979,0.5663956178542519,0.5663956178542519,12.49864857559473,,Open,Chew,1,3,3.0,False,0.0800086500513849,65.21502894272147,59.36328831862332,54.3415126767741,51.0098029794274,77.38862965578342,71.02112361825881,68.0,76.02631123499285,183.84776310850236,124.01612798341996,76.00657866263946,71.17583859709698,65.73431371817918,67.11929677819934,89.96110270555825,83.54639429682169,84.09518416651456,89.19641248391103,185.14858897652988,127.20062892926276,152.0526224699857,65.27633568147036,21.0,12.16552506059644,34.0,136.01470508735443,chew
121,4.033626880155264,0.4453866497911586,0.0505664685051621,0.1350451641491883,0.1962267207164726,0.632918461435127,0.632918461435127,19.77595093273943,,Open,Chew,1,3,3.0,False,0.0505664685051621,66.2872536767062,59.94163828258283,55.90169943749474,53.150729063673246,80.62257748298549,75.66372975210778,73.02739212103907,78.92401408950256,183.3712082089225,121.26417442921878,79.40403012442127,73.38937252763509,69.42621983083913,70.45565981523414,96.38464608017192,89.26925562588724,90.27181176868004,93.40770846134704,180.24705268048075,128.3160161476345,163.07666908543356,60.207972893961475,22.02271554554524,8.246211251235321,32.0,135.18135966175217,chew
122,4.06696263949539,0.4418275470042123,0.0658576379409367,0.1139115470970676,0.1676376238496571,0.6647766927288346,0.6647766927288346,15.184267630382257,,Open,Chew,1,3,3.0,False,0.0658576379409367,64.89992295835181,59.50630218724736,56.51548460377917,54.08326913195984,79.30952023559341,74.96665925596525,74.00675644831355,78.77182237323191,178.03651310896873,119.09659944767525,82.365041127896,74.63243262818116,73.97972695272672,72.24956747275377,99.9599919967984,94.2019108086455,93.08598175880188,96.04686356149271,182.33211456021672,128.7245120402482,167.0269439342048,59.21148537234985,19.026297590440446,11.0,28.0,134.01492454200763,chew
123,4.100298398835516,0.4332214639850311,0.0529375131016276,0.1119116531077119,0.1647994864814014,0.6850303195036485,0.6850303195036485,18.89019603320303,,Open,Chew,1,3,3.0,False,0.0529375131016276,64.66065264130884,60.92618484691127,57.0701322935211,56.08029957123981,81.70679286326198,77.78174593052023,77.02596964660685,82.21921916437786,179.78876494375282,118.25819210524064,78.7210264160726,73.7360156233031,70.8590149522275,71.06335201775947,98.08159868191385,93.43446901438462,93.0,96.16652224137046,184.35834670553976,125.2078272313676,170.01176429882727,58.077534382926416,19.026297590440446,9.0,28.0178514522438,134.05968819895114,chew
124,4.133634158175643,0.4321059720634503,0.0526306790084292,0.1112629956890357,0.1813777456069615,0.6889279456279765,0.6889279456279765,19.000324883512185,,Open,Chew,1,3,3.0,False,0.0526306790084292,64.66065264130884,61.71709649683789,56.71860364994893,56.0357029044876,80.4114419718985,76.6550715869472,76.00657866263946,82.63776376451628,181.57092278225608,116.10340218959992,81.43709228600933,77.07788269017254,73.55270219373317,74.00675644831355,100.0,95.42536350467836,95.0,98.97979591815697,185.71483516402236,125.99206324209474,171.00292395160966,57.07889277132134,19.026297590440446,9.0,31.016124838541646,132.09466302617983,chew
125,4.166969917515769,0.4357118909372227,0.0718511349593876,0.1137642970190304,0.1797276029365125,0.662323961970132,0.662323961970132,13.917664634876388,,Open,Chew,1,3,3.0,False,0.0718511349593876,64.66065264130884,62.177166226839255,57.271284253105414,55.0,80.77747210701756,75.8023746329889,75.0066663703967,82.0792300158816,183.35757415498276,116.27553482998908,78.7210264160726,75.64390259630977,70.8590149522275,71.0,96.16652224137046,92.43916918709296,92.04890004774636,96.79876032264048,186.4966487634563,125.2078272313676,167.01197561851666,58.008620049092706,19.0,12.0,30.01666203960727,133.13526955694348,chew
126,4.200305676855895,0.4211078554127594,0.0434774222251667,0.1242212063576191,0.2050590758705098,0.6465265435192751,0.6465265435192751,23.00044365144432,,Open,Chew,1,3,3.0,False,0.0434774222251667,66.03029607687671,60.37383539249432,55.31726674375732,54.3323108288245,79.7057087039567,73.97972695272672,73.17103251970687,79.12016177940993,177.61193653580833,114.97825881443848,77.41446893184762,72.09022125087424,68.8839603971781,68.26419266350405,93.30058949438636,88.68483523128404,88.09086218218096,91.706052144883,183.412104289766,123.03657992645928,161.00310556011024,56.00892785976178,20.0,7.0,33.015148038438355,133.00375934536586,chew
127,4.233641436196021,0.4317742717212808,0.0316455696202531,0.1392405063291139,0.2026305138428116,0.6367235690979679,0.6367235690979679,31.6,,Closed,Chew,1,3,3.0,False,0.0316455696202531,62.80127387243033,55.90169943749474,51.97114584074513,50.48762224545735,76.96752561957543,70.71067811865476,70.178344238091,75.96051605933177,176.22996340009834,114.47707194019246,77.02596964660685,70.57619995437555,67.89698078707183,67.47592163134935,93.637599285757,88.56635930193812,88.14193099768123,91.09335870413386,178.89941307897016,123.7618681177688,158.0,57.0350769263968,22.0,5.0,32.01562118716424,132.09466302617983,chew
128,4.266977195536147,0.4069006658371145,0.0354021758028894,0.145966910211999,0.2084038203245364,0.5763817041880199,0.5763817041880199,28.246851424267017,,Closed,Chew,1,3,3.0,False,0.0354021758028894,57.38466694161429,46.95742752749558,45.60701700396552,43.93176527297759,68.0,61.98386886924694,60.29925372672534,65.55150646628954,177.61193653580833,107.64757312638312,76.8505042273634,67.35725647619564,65.5133574166368,65.92419889539804,91.0,84.17244204607586,84.48076704197234,85.61541917201598,172.40939649566667,122.494897852931,144.03124660989366,56.0357029044876,21.02379604162864,5.0990195135927845,30.01666203960727,137.71347065556077,not-chew
129,4.300312954876273,0.3740666707967967,0.0448504906039794,0.156173761888606,0.2269275271752897,0.5689942408760302,0.5689942408760302,22.2963001415033,,Closed,Chew,1,3,3.0,False,0.0448504906039794,58.69412236331676,45.65084884205331,44.59820624195552,41.23105625617661,69.46221994724903,62.369864518050704,59.413803110051795,64.07807737440318,175.55910685578235,106.01886624558855,76.27581530209953,66.73080248281148,64.03124237432849,64.93843238021688,89.05054744357274,81.39410298049853,82.49242389456137,85.16454661418682,174.132133737573,118.25819210524064,141.01418368376991,51.03920062069938,22.02271554554524,6.324555320336759,32.0,136.444127759314,not-chew
130,4.3336487142164,0.3291901881604686,0.0996872838221184,0.164702271119328,0.2705341871019667,0.5008194806480625,0.5008194806480625,10.03136971596493,,Closed,Chew,1,3,3.0,False,0.0996872838221184,55.75840743780259,35.22782990761707,38.27531841800928,31.953090617340916,61.554853586049575,51.894122981316485,46.09772228646444,51.42956348249516,168.61791126686393,98.97979591815697,77.46612162745726,61.68468205316454,63.69458375717672,62.5859409132754,89.1852005660132,79.05694150420949,78.08969202141856,78.587530817554,163.62457028209425,115.1086443322134,122.03687967167956,44.181444068749045,20.09975124224178,12.16552506059644,33.015148038438355,134.21251804507656,not-chew
131,4.366984473556526,0.3434699110944799,0.1178511301977579,0.2162019773710617,0.3329020198035333,0.4118072744397186,0.4118072744397186,8.48528137423857,,Closed,Chew,1,3,3.0,False,0.1178511301977579,66.85057965343307,26.570660511172846,43.60045871318328,33.97057550292606,68.79680225126747,53.075418038862395,44.94441010848846,40.26164427839479,153.2122710490253,110.05453193758083,76.48529270389177,49.72926703662542,57.982756057296896,54.78138369920935,83.24061508662703,69.77822009767804,66.48308055437865,65.0,156.236999459155,118.15244390193544,102.1763181955584,46.01086828130936,22.09072203437452,12.041594578792296,34.0147027033899,133.9589489358587,chew
132,4.400320232896652,0.4339161951069432,0.1094041502660235,0.1800839989115382,0.2614154757283181,0.4512273910173326,0.4512273910173326,9.140421067833651,,Open,Chew,1,4,4.0,False,0.1094041502660235,70.32780389006896,37.33630940518894,50.20956084253277,45.0,75.0,60.95900261651269,55.569775957799216,50.00999900019995,141.54857823376398,123.71337841963576,69.52697318307479,50.695167422546305,55.71355310873648,51.19570294468082,74.43117626371358,65.52098900352466,61.29437168288782,63.324560795950255,160.9751533622503,114.85643212288984,111.19802156513396,56.0357029044876,20.024984394500787,12.16552506059644,29.068883707497267,129.1394595001853,chew
133,4.433655992236778,0.3517987723651459,0.1232010644617954,0.2465592230606355,0.3524427704619056,0.438408296306654,0.438408296306654,8.116812986710022,,Open,Chew,1,4,4.0,False,0.1232010644617954,76.05918747922567,38.01315561749642,48.104053883222775,40.22437072223753,79.88116173416608,59.665735560705194,51.884487084291386,50.59644256269407,155.59562975867928,119.61605243444544,79.98124780221924,56.356011214421486,59.481089431852205,55.08175741568164,86.83317338436964,71.8679344353238,68.06614430096654,70.77428911688199,170.66048165876012,122.64175471673585,113.63538181394031,46.09772228646444,28.0178514522438,14.0,40.049968789001575,131.03434664239754,chew
134,4.466991751576904,0.4929759603898282,0.2122564398212697,0.2218068511869656,0.3538712659964457,0.4123248456395472,0.4123248456395472,4.711282262352316,,Open,Chew,1,4,4.0,False,0.2122564398212697,69.46221994724903,39.6232255123179,43.18564576337837,31.78049716414141,72.67048919609665,55.44366510251645,44.384682042344295,52.69724850502159,159.48040632002414,129.0968628588627,83.54639429682169,59.16924876994806,63.13477647065839,55.90169943749474,91.21403400793103,76.55716818169282,70.34912934784623,76.48529270389177,171.09354166653983,135.3255334369682,113.07077429645558,61.1310068623117,25.079872407968907,24.0,40.01249804748511,124.00403219250576,chew
135,4.50032751091703,0.5530925503401627,0.3040840646496526,0.1877049829433456,0.3215397392328646,0.4223140172373016,0.4223140172373016,3.288564302611976,,Open,Chew,1,4,4.0,False,0.3040840646496526,69.35416353759881,42.63801121065568,46.09772228646444,28.16025568065745,70.60453243241541,56.22277118748239,42.01190307520001,55.44366510251645,154.63828762631846,125.93649193144932,82.97590011563598,62.433965115151864,63.51377803280167,55.14526271584895,89.49860334105779,76.94153624668537,70.02856560004639,76.92203845452875,159.4114174079134,137.05838172107534,112.0044641967453,62.00806399170998,21.02379604162864,34.058772731852805,36.013886210738214,112.11155159036912,chew
136,4.533663270257157,0.6032465698720416,0.2241296029489081,0.1637870175395867,0.2673704517336964,0.4426717653164924,0.4426717653164924,4.4617042409518595,,Open,Chew,1,4,4.0,False,0.2241296029489081,64.00781202322104,39.824615503479755,44.553338819890925,31.78049716414141,67.26812023536856,54.644304369257,45.27692569068709,52.839379254491625,150.2165104108067,128.16005617976296,79.19595949289332,59.93329625508679,63.13477647065839,56.32051136131489,86.2670273047588,77.07788269017254,71.11258679024411,75.02666192761077,157.91770008456936,138.5712812959453,116.00431026474836,70.0,19.0,26.0,31.016124838541646,116.03878661895772,chew
137,4.566999029597283,0.6039122598314199,0.1886963568336644,0.1313990248387933,0.2132651609807435,0.4758933917987553,0.4758933917987553,5.299519380130367,,Open,Chew,1,4,4.0,False,0.1886963568336644,58.249463516842795,40.8166632639171,43.41658669218482,34.52535300326414,63.7808748764079,55.47071299343465,50.08991914547278,55.94640292279746,153.7693077307692,122.93087488503448,74.51845409024533,57.77542730261716,62.16912416947821,56.32051136131489,84.59905436823747,77.1621668954417,72.02777242147643,74.94664769020693,156.26259949200897,136.1800279042415,122.00409829181967,72.02777242147643,16.0312195418814,23.021728866442675,26.019223662515376,119.26860441876563,chew
138,4.600334788937409,0.5563871722324962,0.1323817938266,0.0893341354662589,0.1768481731735237,0.5202688081992656,0.5202688081992656,7.553908820043996,,Open,Chew,1,4,4.0,False,0.1323817938266001,56.586217403180434,46.238512086787566,47.50789408087881,41.97618372363071,64.89992295835181,60.92618484691127,57.3149195236284,61.68468205316454,165.60495161679194,120.42009799032718,74.30343195303969,63.324560795950255,66.09841147864296,63.071388124885914,86.97700845625813,81.78630692236935,79.00632886041473,80.95677859203639,172.01162751395617,134.82581355215328,136.1800279042415,74.16872656315464,12.16552506059644,18.027756377319943,24.08318915758459,133.30416347586447,chew
139,4.633670548277535,0.551395077725371,0.069654890813139,0.1117577379733751,0.1891773185065917,0.554734358276832,0.554734358276832,14.356493683733824,,Open,Chew,1,4,4.0,False,0.069654890813139,59.413803110051795,50.59644256269407,48.75448697299562,46.84015371452148,71.02112361825881,65.7875368135941,64.13267497929586,68.65857557508748,165.46903033498444,122.57650672131264,75.66372975210778,62.03224967708329,66.21933252457322,63.50590523722971,88.86506625215557,83.02409288875127,81.05553651663777,80.65358020571685,171.89822570346675,137.3608386695422,144.2809758769326,73.43704787094863,16.1245154965971,10.04987562112089,27.29468812791236,133.1840831330831,chew
140,4.667006307617661,0.4853237087423905,0.0490107556610078,0.1031677510599886,0.1748258235581575,0.5773123011885423,0.5773123011885423,20.40368458949477,,Open,Chew,1,4,4.0,False,0.0490107556610078,60.95900261651269,55.08175741568164,51.62363799656123,51.92301994298868,74.30343195303969,68.96375859826666,70.21395872616783,73.348483283569,176.7766952966369,121.70866854912184,78.29431652425353,66.73080248281148,70.03570517957252,67.26812023536856,93.40770846134704,89.45389874119518,86.02325267042627,86.68333173107735,190.5465822312224,136.4734406395618,155.3898323572041,71.34423592694787,16.0312195418814,7.615773105863909,27.16615541441225,147.00340132119393,chew
141,4.700342066957787,0.4652023320603001,0.0137516331034023,0.110869210539664,0.1609587387576419,0.6138903442155581,0.6138903442155581,72.71863585079137,,Open,Chew,1,4,4.0,False,0.0137516331034023,64.03124237432849,55.44366510251645,53.75872022286245,56.08029957123981,78.71467461661771,73.24616030891995,74.72616676907762,75.23961722390672,174.42763542512407,122.4499897917513,76.15773105863909,66.48308055437865,69.46221994724903,68.73136110975832,94.59386872308374,91.08786966440702,90.19977827023745,89.26925562588724,187.8430195668713,134.46932735757994,162.60381299342276,69.35416353759881,18.027756377319943,2.23606797749979,26.1725046566048,149.08386901338454,chew
142,4.733677826297914,0.4725865966719715,0.012973890370337,0.1219821703798994,0.1570859015783006,0.6717254820104648,0.6717254820104648,77.07788269017254,,Open,Chew,1,4,4.0,False,0.012973890370337,65.80273550544841,60.41522986797286,56.753854494650845,58.9406481131655,82.76472678623425,77.27871634544663,79.42921376924235,80.89499366462674,173.6663467687393,122.88612614937456,80.62257748298549,72.12489168102785,73.33484846919642,72.3394774656273,99.92497185388645,96.04686356149271,94.0850678907126,94.8314293892062,185.23768515072737,136.02940858505562,172.35138525698017,66.18912297349165,21.02379604162864,2.23606797749979,27.073972741361768,140.05713120009278,chew
143,4.76701358563804,0.4603260466760366,0.0309079053507342,0.1034694773051507,0.1493361356731682,0.6982763241935411,0.6982763241935411,32.35418216318064,,Open,Chew,1,4,4.0,False,0.0309079053507342,65.73431371817918,61.40032573203501,57.97413216254298,58.85575587824864,83.38465086573187,79.2464510246358,80.50465825031493,82.76472678623425,174.94284781036347,120.42009799032718,80.23091673413684,72.73238618387272,73.55270219373317,72.11102550927978,99.68951800465284,96.13012014972206,94.0,96.56603957913984,186.6815470259447,131.89389675038038,174.23260314877925,63.071388124885914,18.027756377319943,5.385164807134504,26.019223662515376,137.01459776242822,chew
144,4.800349344978166,0.4597965793433628,0.06100333288781,0.0876458935890605,0.1403551073616945,0.6941981416268476,0.6941981416268476,16.39254697508216,,Open,Chew,1,4,4.0,False,0.06100333288781,64.07027391856539,59.481089431852205,56.61271941887264,56.43580423808985,81.15417426109393,76.68767828015137,78.23042886243178,81.02468759581859,172.19175357722563,117.61377470347595,80.23091673413684,72.42237223399962,73.97972695272672,71.06335201775947,98.95453501482385,96.42095207992918,93.00537618869136,95.33624704172072,184.56435192094924,131.13733259449805,171.14321488157222,62.07253821135398,15.0,10.44030650891055,24.020824298928627,135.0,chew
145,4.833685104318292,0.4361407766904529,0.0084586447486247,0.1076609711052093,0.1559697026167852,0.6779952014840656,0.6779952014840656,118.22224832915332,,Open,Chew,1,4,4.0,False,0.0084586447486247,64.07027391856539,56.753854494650845,55.54277630799526,56.29387178015027,80.23091673413684,75.13321502504735,75.95393340703298,78.26237921249263,173.5396208362805,116.21101496846155,78.0,71.16881339463234,71.34423592694787,71.34423592694787,95.80187889597993,93.1343116150004,92.0869154657707,92.64987857520376,183.88311504866343,127.5617497528158,167.19150696132863,61.07372593840988,18.0,1.4142135623730951,26.076809620810597,140.03213916812098,chew
146,4.867020863658418,0.42483292226778,0.0367759194931218,0.0980691186483249,0.1594801457810328,0.662800151492439,0.662800151492439,27.1917062518866,,Open,Chew,1,4,4.0,False,0.0367759194931218,63.51377803280167,55.65968020030299,55.08175741568164,53.75872022286245,79.30952023559341,74.52516353554684,73.55270219373317,75.92759709091287,174.41330224498358,114.0175425099138,75.23961722390672,71.78439941937245,69.72087205421343,69.1158447825099,93.14504817756014,90.35485598461214,90.0222194794152,92.17917335276988,183.83144453547655,124.65151423067432,163.1502375113196,59.07622195096772,16.0,6.0,26.019223662515376,139.05754204644924,chew
147,4.900356622998544,0.429504988780473,0.0316410363144564,0.1118679567086098,0.167658453262361,0.6625961596602289,0.6625961596602289,31.60452742640134,,Closed,Chew,1,4,4.0,False,0.0316410363144564,63.00793600809346,54.70831746635972,54.12023651093923,52.952809179494906,78.29431652425353,73.54590403278758,73.68174807915459,75.92759709091287,170.84495895401773,114.80853626799708,76.48529270389177,69.57010852370435,68.73136110975832,68.26419266350405,93.68030742904295,89.35882720806042,88.05112151472007,90.24965373894794,179.3599732381782,123.84264209067892,161.15210206509877,58.008620049092706,18.027756377319943,5.0990195135927845,27.018512172212592,135.05924625881784,chew
148,4.933692382338671,0.399989796308813,0.0264807767614248,0.1193472480342904,0.1854836174104075,0.6139137359643466,0.6139137359643466,37.76324271033938,,Closed,Chew,1,4,4.0,False,0.0264807767614248,59.033888572581766,49.9799959983992,49.04079934095691,48.27007354458868,73.348483283569,68.4470598345904,67.7421582177598,70.3420215802759,172.40939649566667,110.0,73.824115301167,65.14598989960932,65.30696746902278,63.63961030678928,89.49301648732151,84.5931439302264,84.2140130857092,85.86617494683223,181.57092278225608,119.50313803411188,151.0529708413575,56.0,18.027756377319943,4.0,28.0178514522438,140.00357138301865,not-chew
149,4.967028141678797,0.3473717540863448,0.0357133746704297,0.1358986588876988,0.2001224052748853,0.5781855550616981,0.5781855550616981,28.00071427660373,,Closed,Chew,1,4,4.0,False,0.0357133746704297,58.69412236331676,43.657759905886145,45.31004303683677,44.27188724235731,69.1158447825099,62.36184731067546,61.18823416311342,63.06346010171025,170.30854353202602,104.04326023342406,74.88658090739622,62.0966987850401,63.60031446463138,62.5859409132754,88.23831367382311,81.58431221748455,80.75270893288967,80.8084154033477,174.4706279005151,116.0,140.00357138301865,49.01020301937138,19.026297590440446,5.0,28.0178514522438,141.088624630053,not-chew
150,5.000363901018923,0.3203003162014231,0.0608488640212985,0.2086246766444522,0.2781662355259363,0.4862834807091858,0.4862834807091858,16.434160539956437,,Closed,Chew,1,4,4.0,False,0.0608488640212985,60.8276253029822,29.154759474226505,38.2099463490856,35.0,66.06814663663572,49.92995093127971,46.51881339845203,43.68065933568311,152.50573759698355,100.84641788382967,77.83315488916018,56.51548460377917,61.74139616173253,59.135437767890075,87.36704184073076,76.84399781375251,74.95331880577403,74.52516353554684,158.61904047118682,117.79643458101778,115.03912377969506,42.1070065428546,24.0,7.0,32.0,131.4610208388783,not-chew
151,5.033699660359049,0.34027057992792,0.0525810290029871,0.1935921493310624,0.2716686498487671,0.4824656912671474,0.4824656912671474,19.018266073552667,,Closed,Chew,1,4,4.0,False,0.0525810290029871,63.52952069707436,31.78049716414141,43.86342439892262,39.824615503479755,68.24954212300622,54.644304369257,51.47815070493501,45.39823785126467,148.5563866011825,106.23088063270492,77.79460135510689,53.9351462406472,61.71709649683789,59.23681287847955,85.70297544426332,73.7360156233031,71.84010022264724,69.87131027825369,154.69324484281788,118.2285921425101,114.109596441316,45.044422518220834,22.09072203437452,6.0,31.0,132.3782459469833,chew
152,5.067035419699175,0.3792510647549891,0.1509219251485424,0.1955123898313188,0.2398638748046853,0.4669802337447529,0.4669802337447529,6.62594251309587,,Open,Chew,1,5,5.0,False,0.1509219251485424,69.31810730249349,33.24154027718932,46.75467891024384,37.21558813185679,73.00684899377592,57.48912940721924,48.33218389437829,45.5411901469428,141.6756859873987,113.8859078200635,75.66372975210778,53.45091205957107,59.033888572581766,53.36665625650534,83.48652585896721,72.44998274671983,68.46897107449476,69.6419413859206,160.22484201895784,119.80818002123227,112.64102272262978,48.16637831516918,22.02271554554524,17.0,27.018512172212592,127.00393694685216,chew
153,5.100371179039301,0.3934056954812848,0.158530463329254,0.2001457397351475,0.2916261658448833,0.4769443611769672,0.4769443611769672,6.307935894460152,,Open,Chew,1,5,5.0,False,0.158530463329254,63.52952069707436,38.28837943815329,40.36087214122113,30.675723300355937,68.6804193347711,54.20332093147061,46.69047011971501,53.33854141237835,161.75598906995685,110.4943437466371,81.32035415564789,60.00833275470999,63.953107821277925,58.249463516842795,91.02197536858888,78.54934754662193,74.67261881037788,78.10889834071403,161.38463371709216,125.4312560727987,120.01666550941998,49.01020301937138,24.020824298928627,19.026297590440446,35.0,124.57929201917948,chew
154,5.133706938379428,0.46703405161629,0.2163950411375544,0.1893958822012073,0.2974216966508917,0.4316988926400851,0.4316988926400851,4.6211779842234755,,Open,Chew,1,5,5.0,False,0.2163950411375544,62.16912416947821,36.76955262170047,40.36087214122113,27.202941017470888,66.06814663663572,52.43090691567332,42.42640687119285,50.774009099144415,156.236999459155,115.52056094046635,76.4198926981712,55.00909015790027,59.16924876994806,52.773099207835045,85.21150157109074,73.92563831310488,69.18092222571191,73.53910524340094,163.0828010551695,127.8632081562167,111.00450441310927,57.0087712549569,21.02379604162864,24.020824298928627,33.015148038438355,122.06555615733704,chew
155,5.167042697719554,0.4923911361498834,0.3215446820493036,0.1653460759268541,0.3128542852371602,0.4107245668374415,0.4107245668374415,3.109987680799729,,Open,Chew,1,5,5.0,False,0.3215446820493036,68.0,47.50789408087881,46.66904755831214,32.01562118716424,71.58910531638176,59.405386961116584,48.041648597857254,61.220911460055866,172.04650534085255,124.0644993541666,77.15568676384133,62.625873247404705,59.682493245507096,52.03844732503075,84.40379138403677,73.824115301167,67.26812023536856,79.07591289387686,179.42407865166817,132.60844618650805,115.06954418958998,62.07253821135398,19.026297590440446,37.0,36.0,126.0634760745554,chew
156,5.20037845705968,0.5153810292400377,0.2689533806438843,0.151212460420129,0.2604214596124445,0.4281343165717335,0.4281343165717335,3.718116491437895,,Open,Chew,1,5,5.0,False,0.2689533806438843,61.05735008989499,43.86342439892262,43.93176527297759,31.0,66.46803743153546,55.226805085936306,46.09772228646444,57.20139858430037,170.8800749063506,122.93087488503448,78.49203781276162,63.52952069707436,65.36818798161687,58.034472514187634,87.65842800324451,78.79086241436883,73.0,79.30952023559341,175.96022277776305,137.90576492663388,119.03780911962384,67.00746227100382,18.0,32.01562118716424,31.0,130.01538370516005,chew
157,5.233714216399806,0.6219055163723828,0.2200845070569057,0.105677087698651,0.2033876838060927,0.4766211365776279,0.4766211365776279,4.543709202308532,,Open,Chew,1,5,5.0,False,0.2200845070569057,55.31726674375732,44.04543109109048,43.56604182158393,34.0147027033899,63.245553203367585,56.859475903318,50.15974481593781,58.66856057549052,156.54072952429985,121.24768039018312,71.21797525905943,61.74139616173253,61.74139616173253,58.008620049092706,80.52949770115296,75.27283706623525,73.02739212103907,76.89603370785778,162.78820596099706,133.1465358167459,123.01625908797584,74.00675644831355,13.0,27.073972741361768,25.019992006393608,119.0,chew
158,5.267049975739932,0.583431282976384,0.200166585716394,0.1333287039448163,0.2168193355358419,0.4451061311890835,0.4451061311890835,4.995838823053362,,Open,Chew,1,5,5.0,False,0.200166585716394,56.586217403180434,46.22769732530488,44.29446918070021,37.013511046643494,64.89992295835181,57.584720195551874,53.150729063673246,60.03332407921454,162.9846618550347,123.8789731956154,66.70832032063167,59.0592922409336,56.859475903318,53.0,75.66372975210778,69.26037828369117,67.06713054842886,73.92563831310488,176.207264322445,129.49517365523704,120.0041665943312,75.0066663703967,16.0,24.020824298928627,26.019223662515376,128.56126943990557,chew
159,5.300385735080058,0.5400146116636844,0.1472067218840448,0.1029161404461611,0.2058322808923222,0.4976218307530118,0.4976218307530118,6.793168051033041,,Open,Chew,1,5,5.0,False,0.1472067218840448,57.20139858430037,53.823786563191554,49.33558553417604,45.044422518220834,68.4470598345904,63.788713735268246,61.204574992397426,69.35416353759881,178.07021087200408,122.3315167894194,69.33974329343886,64.8459713474939,61.032778078668514,59.00847396772772,80.62257748298549,76.15773105863909,75.02666192761077,80.77747210701756,186.48860555004427,127.02755606560332,136.03308421115798,74.10802925459562,14.0,20.024984394500787,28.0,137.23337786413333,chew
160,5.3337214944201845,0.4322345126661273,0.2822860132178478,0.1340803046307981,0.187832102890865,0.5659315099754598,0.5659315099754598,3.5425063700491344,,Open,Chew,1,5,5.0,False,0.2822860132178478,37.656340767525464,33.13608305156178,39.0,41.617304093369626,59.0,62.29767250869008,60.166435825965294,55.326304774492215,140.45995870709916,74.24957912338628,69.2314957226839,72.02777242147643,69.87131027825369,78.92401408950256,90.27181176868004,90.93404203047392,97.41663102366044,94.00531899844816,149.40214188558343,112.6809655620682,149.164338901763,52.3450093132096,20.0,42.1070065428546,28.0178514522438,121.10326172320876,chew
161,5.3670572537603105,0.4673715148023084,0.3428735509918067,0.1275167785234899,0.1746256621645327,0.5264266574546052,0.5264266574546052,2.916527090256361,,Open,Chew,1,5,5.0,False,0.3428735509918067,42.44997055358225,40.162171256046406,42.44997055358225,55.154328932550705,65.12296062065974,66.70832032063167,71.69379331573968,61.814237842102365,136.8575902169843,84.95881355103778,59.84145720150872,64.13267497929586,60.41522986797286,73.06161783043132,84.09518416651456,85.32877591996736,94.15412895885127,88.56635930193812,140.61649974309557,111.50336317797772,149.0,59.53990258641679,19.0,51.0881590977792,26.019223662515376,127.39309243440164,chew
162,5.4003930131004365,0.4061991188682243,0.2953533214633988,0.1051934503766886,0.1641758620218379,0.5174909253513108,0.5174909253513108,3.38577536573911,,Open,Chew,1,5,5.0,False,0.2953533214633988,42.5440947723653,44.94441010848846,40.19950248448356,58.69412236331676,61.98386886924694,62.20128616033595,74.62573282722254,65.73431371817918,155.9262646253029,90.4267659490264,70.34912934784623,67.36467917239716,70.40596565632774,76.15773105863909,91.0,91.41115905621152,93.60555539069249,88.09086218218096,158.7765725792064,113.20777358467925,152.3975065412817,60.207972893961475,16.0312195418814,45.0111097397076,25.019992006393608,148.22280526288793,chew
163,5.4337287724405625,0.4534286533666641,0.0397669505978462,0.113761795019822,0.1761107812190332,0.7121586418560164,0.7121586418560164,25.146509474985,,Open,Chew,1,5,5.0,False,0.0397669505978462,67.23094525588644,63.97655820689325,58.69412236331676,58.077534382926416,85.09406559801923,81.49846624323675,81.02468759581859,86.03487664894976,181.24568960391855,119.60351165413162,81.54140052758476,78.0,74.33034373659252,74.02702209328699,99.45853407325085,95.1892851112981,95.00526301210895,100.24470060806208,184.83776670366908,127.47548783981962,176.02556632489498,59.00847396772772,20.024984394500787,7.0,31.0,130.13838787997952,chew
164,5.4670645317806885,0.4546085814750756,0.0463225761838372,0.1035804292399729,0.1552377916391201,0.7100530400538788,0.7100530400538788,21.587745811704597,,Open,Chew,1,5,5.0,False,0.0463225761838372,63.631753079732135,62.24146527838174,56.88585061331157,57.07889277132134,82.54089895318563,79.51100552753688,80.00624975587844,85.07055894961546,177.55280904564702,117.51595636338072,79.84985911070852,75.39230729988306,73.33484846919642,72.0,98.71676655968832,95.13148795220224,94.04786015641186,97.718984849414,186.79668091269716,126.15070352558485,174.04597093871493,60.00833275470999,18.027756377319943,8.06225774829855,27.018512172212592,132.0,chew
165,5.5004002911208145,0.457572053166483,0.0468609213091883,0.1047842055356136,0.1628504536999214,0.7104742901570719,0.7104742901570719,21.339742626953484,,Open,Chew,1,5,5.0,False,0.0468609213091883,64.88451279003334,64.47480127925948,58.85575587824864,59.07622195096772,83.48652585896721,80.50465825031493,81.00617260431454,86.33075929238663,177.17787672280082,115.43396380615197,77.62087348130012,73.92563831310488,71.449282711585,70.0,95.80187889597993,92.13576938409967,91.0494371207203,95.1892851112981,182.60339536821323,125.49501982150528,172.04650534085255,59.033888572581766,18.027756377319943,8.06225774829855,28.0178514522438,129.0155029444136,chew
166,5.533736050460941,0.4654025853271929,0.0365846857461017,0.1158515048626554,0.1890208763548589,0.6771433629737202,0.6771433629737202,27.333841458691623,,Closed,Chew,1,5,5.0,False,0.0365846857461017,61.05735008989499,58.59180830116101,53.9351462406472,52.15361924162119,77.83315488916018,73.43704787094863,73.02739212103907,78.54934754662193,173.9683879329805,110.25878649794764,78.29431652425353,74.84650960465692,70.57619995437555,71.11258679024411,94.64142856064674,91.26883367283708,91.00549433962765,95.81753492967766,179.49373248110922,127.47548783981962,164.00304875214974,59.135437767890075,19.0,6.0,31.0,127.06297651164952,chew
167,5.567071809801067,0.4448306180706934,0.0632898716303911,0.113921768934704,0.2025275892172516,0.6438730339652384,0.6438730339652384,15.800316452527143,,Closed,Chew,1,5,5.0,False,0.0632898716303911,58.008620049092706,53.85164807134504,48.507731342539614,46.09772228646444,73.92563831310488,68.8839603971781,68.00735254367721,74.73285756613352,176.6635219845908,107.80074211247342,78.29431652425353,72.61542535852834,69.42621983083913,69.1158447825099,94.86832980505136,90.79647570252934,90.0222194794152,94.86832980505136,177.55280904564702,127.34991166074674,158.00316452527144,57.07889277132134,18.0,10.0,32.0,128.3160161476345,not-chew
168,5.600407569141193,0.4206655154102543,0.052630439969908,0.1186010937260831,0.2040490370517551,0.63481989966258,0.63481989966258,19.000411179761343,,Closed,Chew,1,5,5.0,False,0.052630439969908,59.665735560705194,51.42956348249516,49.33558553417604,46.52956049652737,72.91776189653656,68.24954212300622,67.1863081289633,72.80109889280519,172.6267650163207,107.00467279516349,76.32168761236873,67.06713054842886,66.94027188471824,65.49045732013177,91.76055797563568,86.14522621712709,85.21150157109074,87.64131445842195,169.95587662684687,122.3315167894194,152.00328943809075,54.00925846556311,18.027756377319943,8.0,31.016124838541646,128.39003076563228,not-chew
169,5.633743328481319,0.3711143630035101,0.0735115288901151,0.1325247933755311,0.2133101401424647,0.5626448118264474,0.5626448118264474,13.603308421115798,,Closed,Chew,1,5,5.0,False,0.0735115288901151,52.3450093132096,43.56604182158393,39.92492955535426,37.656340767525464,61.91122676865643,55.78530272392541,54.147945482723536,60.41522986797286,173.32628190785147,97.63708311906906,75.16648189186454,64.19501538281614,64.5600495662759,62.64982043070834,90.07774419910837,83.74365647617735,82.29823813423954,83.93449827097318,169.77926846349644,118.8023568789778,136.03308421115798,50.0,18.027756377319943,10.0,29.017236257093817,134.72935834479432,not-chew
170,5.667079087821445,0.3271790771549603,0.0746748590897552,0.1903842818367268,0.2475311622817984,0.5116430375844794,0.5116430375844794,13.391387840425017,,Closed,Chew,1,5,5.0,False,0.0746748590897552,61.773780845922005,34.48187929913333,41.77319714841085,37.73592452822641,68.01470429252781,54.70831746635972,51.62363799656123,50.21951811795888,155.3479964466874,102.95630140987,75.28612089887484,56.32051136131489,61.09828148156051,57.723478758647246,87.32124598286491,76.6550715869472,73.824115301167,74.46475676452586,160.822883943797,116.77756633874505,121.26417442921878,43.104524124504614,23.08679276123039,9.055385138137416,30.01666203960727,131.7459676802292,not-chew
171,5.700414847161571,0.3222952496730586,0.0500940144985624,0.1902583596397225,0.2539524451872084,0.5285378356705516,0.5285378356705516,19.962464777677127,,Closed,Chew,1,5,5.0,False,0.0500940144985624,61.40032573203501,36.68787265568828,42.01190307520001,40.496913462633174,69.31089380465383,55.47071299343465,54.78138369920935,54.3415126767741,158.4960567332828,104.20172743289817,77.62087348130012,57.56735185849702,63.56886030125127,60.876925020897694,88.58893836140041,79.07591289387686,75.95393340703298,75.69015788066504,165.08482668010407,116.04309544302927,126.25371281669304,43.01162633521314,24.020824298928627,6.324555320336759,32.0624390837628,133.4541119636259,not-chew
172,5.733750606501698,0.3528400532791948,0.0850712770543084,0.213028198126692,0.2958489598880431,0.4723938149769064,0.4723938149769064,11.754848811798274,,Closed,Chew,1,5,5.0,False,0.0850712770543084,57.0087712549569,29.5296461204668,34.058772731852805,30.610455730027933,60.4648658313239,45.0,42.04759208325728,42.37924020083418,147.648230602334,98.351410767716,74.65252842335616,55.154328932550705,60.40695324215582,56.29387178015027,84.59905436823747,74.21590126111789,70.57619995437555,71.78439941937245,150.2165104108067,113.27841806805036,108.37435120913068,43.04648650006177,23.08679276123039,9.219544457292889,32.0624390837628,122.0,chew
173,5.767086365841824,0.4501807657969086,0.1210435446782099,0.1531939798487932,0.1858878559123452,0.5501134422271667,0.5501134422271667,8.261489719740656,,Open,Chew,1,6,6.0,False,0.1210435446782099,40.22437072223753,26.68332812825267,27.29468812791236,36.796738985948195,50.60632371551998,42.720018726587654,48.25971404805462,42.190046219457976,122.65398485169572,89.69392398596462,72.09022125087424,63.0,65.27633568147036,69.57010852370435,87.36131867136622,83.15046602394962,86.34813257969161,82.05485969764375,140.1320805525987,117.79643458101778,124.1974234837422,52.3450093132096,19.026297590440446,15.033296378372908,23.08679276123039,116.27553482998908,chew
174,5.80042212518195,0.4533516364510694,0.0587605328513894,0.1505003968420802,0.2411330664203687,0.5214365606633004,0.5214365606633004,17.018225524419403,,Open,Chew,1,6,6.0,False,0.0587605328513894,44.77722635447622,30.610455730027933,28.844410203711913,26.40075756488817,52.49761899362675,44.94441010848846,41.97618372363071,46.51881339845203,150.63200191194434,96.38464608017192,68.8839603971781,63.56099432828282,59.682493245507096,61.1310068623117,83.81527307120105,78.31347265956222,79.0,83.21658488546619,164.28329190760695,115.27792503337317,120.33702672078948,55.08175741568164,18.110770276274835,7.0710678118654755,29.017236257093817,121.49897118905989,chew
