timestamp,dtNs,ax,ay,az,gx,gy,gz,label,chewing_soft
265497.075798667,0,-0.499896,0.043479037,-0.30085552,0.07313399,0.012849731,-0.19747494,False,0.0
265497.095798667,0,0.0036641061,0.009410065,-0.005502641,0.12041419,0.035517342,-0.20656084,False,0.0
265497.115798667,20000000,0.0021112114,0.012819815,-0.005911112,0.13380764,0.029113818,-0.20048113,False,0.0
265497.135798667,0,0.011016652,0.008845862,-0.00963223,0.13658434,0.049051896,-0.21165875,False,0.0
265497.155798667,0,0.015257016,-0.009935614,-0.005912423,0.13783826,0.09836874,-0.2564347,False,0.0
265497.175798667,20000000,-0.020034403,0.00348958,0.009682894,0.13537969,0.0882843,-0.22659397,False,0.0
265497.195798667,0,0.0027225763,-0.046051066,0.003338933,0.18252183,0.067979574,-0.14937283,False,0.0
265497.215798667,20000000,0.0057266355,-0.050660748,0.0036470294,0.19457422,0.10249701,-0.18622923,False,0.0
265497.235798667,0,-0.03846106,-0.031649143,0.018073201,0.16975614,0.09112475,-0.18387277,False,0.0
265497.255798667,20000000,-0.023904175,-0.04505722,0.0049437284,0.14550647,0.10106543,-0.21929304,False,0.0
265497.275798667,0,-0.03230469,-0.03683088,0.009993434,0.11636527,0.09230292,-0.22173192,False,0.0
265497.295798667,0,-0.014711782,-0.0338334,-0.0057768226,0.031794228,0.10514618,-0.25587788,False,0.0
265497.315798667,20000000,0.010159925,-0.03206045,-0.0153926015,-0.014989894,0.14671057,-0.3268037,False,0.0
265497.335798667,0,0.028874457,0.005579602,-0.015239537,-0.13363908,0.22524428,-0.4854734,False,0.0
265497.355798667,20000000,0.026141271,0.014418531,-0.0027429461,-0.16916545,0.23417197,-0.52667457,False,0.0
265497.375798667,0,0.02677016,0.008765392,0.012252808,-0.14856052,0.2299894,-0.53952616,False,0.0
265497.395798667,0,0.01208742,0.022618163,0.03457421,-0.02861107,0.22501972,-0.5353484,False,0.0
265497.415798667,20000000,-0.011919707,0.043796048,0.050650656,0.027693512,0.16184124,-0.4429941,False,0.0
265497.435798667,0,0.017291963,0.03783249,0.0064615607,0.101268575,0.13207307,-0.276725,False,0.0
265497.455798667,20000000,0.032764405,0.034557484,-0.012477279,0.096528836,0.18577713,-0.2532863,False,0.0
265497.475798667,0,0.005756259,0.019905418,-0.004403174,0.07595306,0.24432531,-0.15347755,False,0.0
265497.495798667,20000000,0.0008497834,0.0022279546,-0.002507329,0.07409299,0.26236755,-0.1149001,False,0.0
265497.515798667,0,-0.0019850135,-0.02321164,-0.0018151402,0.08933572,0.25873625,-0.0808734,False,0.0
265497.535789375,0,-0.0090768,-0.08578357,0.0014885718,0.15328509,0.28091165,-0.080016986,False,0.0
265497.555789375,20000000,-0.013168782,-0.13125132,-0.0032898188,0.24888524,0.21583608,-0.2945272,False,0.0
265497.575789375,0,-0.013719708,-0.14170218,-0.0054547787,0.30124798,0.16872993,-0.48836693,False,0.0
265497.595789375,20000000,-0.014286339,-0.152174,-0.00763911,0.35361075,0.1216238,-0.68220663,False,0.0
265497.615789375,0,-0.012447715,-0.13672814,-0.008264005,0.3991413,0.07840593,-0.83433956,False,0.0
265497.635789375,0,-0.014061034,-0.07558172,-0.004217088,0.5273029,0.007842972,-1.1492498,False,0.0
265497.655789375,20000000,-0.02181077,-0.044177733,0.0034703612,0.56644213,-0.027818095,-1.2104841,False,0.0
265497.675789375,0,-0.01425308,-0.029426023,-0.0009942055,0.5944918,-0.0586098,-1.2672379,False,0.0
265497.695789375,0,-0.0005058944,0.012392677,-0.014022589,0.65234363,-0.14526884,-1.4076923,False,0.0
265497.715789375,20000000,0.0058995187,0.016865365,-0.034944236,0.658732,-0.20379105,-1.4254739,False,0.0
265497.735789375,0,-0.0014710426,0.017128728,-0.04101193,0.69970196,-0.28881887,-1.4568907,False,0.0
265497.755789375,20000000,-0.0057926476,0.016614608,-0.02488774,0.74178356,-0.3232212,-1.4533703,False,0.0
265497.775789375,0,-0.019803137,0.028498046,-0.011369705,0.78214246,-0.3482868,-1.4005333,False,0.0
265497.795789375,0,-0.024364293,0.024440058,-0.0038959384,0.8221638,-0.38371396,-1.323163,False,0.0
265497.815789375,20000000,-0.029015064,0.020435065,0.003507793,0.86218524,-0.4191411,-1.2457929,False,0.0
265497.835789375,0,0.02292484,-0.037252873,-0.0018495917,0.95104444,-0.36261111,-1.2000401,False,0.0
265497.855789375,0,0.03936228,-0.07147409,0.03889382,0.99382126,-0.30681264,-1.3526297,False,0.0
265497.875789375,20000000,0.034175456,-0.06701012,0.05182928,0.99845546,-0.3215684,-1.4484189,False,0.0
265497.895789375,0,0.023819983,-0.03372325,0.05399382,0.93937665,-0.41562086,-1.6774434,False,0.0
265497.915789375,20000000,0.02382201,-0.01720129,0.04501915,0.9004353,-0.44713885,-1.765895,False,0.0
265497.935789375,0,-0.005522728,0.045816228,0.053514242,0.791429,-0.5004704,-1.8455192,False,0.0
265497.955789375,0,-0.0018791854,0.07355764,0.045008898,0.73968977,-0.51833165,-1.7663943,False,0.0
265497.975789375,20000000,0.0016894937,0.101353064,0.03645593,0.68795055,-0.5361929,-1.6872693,False,0.0
265497.995789375,0,0.04415694,0.16169563,-0.0073203444,0.46657187,-0.44963032,-1.3996694,False,0.0
265498.015789375,20000000,0.05842775,0.1825,-0.019111753,0.3398427,-0.37687737,-1.2629876,False,0.0
265498.035789375,0,0.06761213,0.19853416,-0.03142643,0.17943512,-0.30220366,-1.1099727,False,0.0
265498.055789376,0,0.07179898,0.2272201,-0.04100305,-0.1892268,-0.16843994,-0.7654996,False,0.0
265498.075789376,0,0.069525406,0.23434599,-0.042065382,-0.31566647,-0.13390246,-0.64843905,False,0.0
265498.095789376,0,0.056723997,0.21557021,-0.024393141,-0.67046076,-0.07572026,-0.2771061,False,0.0
265498.115789376,20000000,0.061971813,0.18239695,-0.020114541,-0.7836087,-0.060045496,-0.14249514,False,0.0
265498.135789376,0,0.04916911,0.120439425,-0.0077373385,-0.90311164,-0.02147224,0.027070317,False,0.0
265498.155789376,0,0.035016924,0.11066873,-0.004294634,-0.936664,-0.029301794,0.06677307,False,0.0
265498.175789376,20000000,0.020857185,0.10087666,-0.0010241866,-0.9702164,-0.03713135,0.106475815,False,0.0
265498.195789376,0,-0.0070151538,0.050354183,0.0071887374,-0.98250055,-0.06158973,0.24695593,False,0.0
265498.215789376,20000000,-0.0019784719,0.0041878,0.0022816062,-0.87400955,-0.067526095,0.28927937,False,0.0
265498.235789376,0,0.00047589839,-0.019742742,-0.006020367,-0.45710903,-0.038203515,0.33710858,False,0.0
265498.255789376,0,-0.007125005,0.005332675,-0.011537969,-0.23427184,-0.032739483,0.43504962,False,0.0
265498.275789376,20000000,-0.014735132,0.030405052,-0.017061293,-0.01143463,-0.027275454,0.5329907,False,0.0
265498.295789376,0,0.018976584,0.1251161,-0.08492392,0.40205806,0.15917018,0.9016484,False,0.0
265498.315789376,20000000,0.026218593,0.15794554,-0.09854865,0.4737188,0.27406543,1.0458872,False,0.0
265498.335789376,0,0.0033595264,0.17008707,-0.081460595,0.27554056,0.4442198,1.3507668,False,0.0
265498.355789376,0,-0.004626125,0.14801164,-0.06754887,0.13953382,0.46908045,1.4200071,False,0.0
265498.375789376,20000000,-0.012510568,0.12599713,-0.053665876,0.003527075,0.4939411,1.4892473,False,0.0
265498.395789376,0,-0.013477683,0.04877962,-0.02824527,-0.3527043,0.5288475,1.5492842,False,0.0
265498.415789376,20000000,-0.013756365,0.022750624,-0.018059134,-0.46910328,0.53760993,1.5275726,False,0.0
265498.435789376,0,-0.016999662,-0.010662943,-0.005417824,-0.6882994,0.5310728,1.4603496,False,0.0
265498.455789376,20000000,-0.019036412,-0.020121977,-0.002267599,-0.7507125,0.51758075,1.4259282,False,0.0
265498.475789376,0,-0.031697184,-0.010916658,0.008574843,-0.8935943,0.45459405,1.3880812,False,0.0
265498.495789376,0,-0.020566523,-0.016102128,0.007982194,-0.9101083,0.4281524,1.3624415,False,0.0
265498.515789376,20000000,-0.009539306,-0.021208517,0.0072957277,-0.9266223,0.40171075,1.3368018,False,0.0
265498.535789376,0,0.008427948,-0.053954,0.02109772,-0.8507756,0.3817453,1.1843239,False,0.0
265498.555789376,0,-0.00049233437,-0.06372636,0.035239816,-0.7658522,0.34738836,1.1046027,False,0.0
265498.575789376,20000000,-0.009473145,-0.07344139,0.049321115,-0.6809288,0.3130314,1.0248814,False,0.0
265498.595789376,0,-0.021673203,-0.087273285,0.06034881,-0.4254256,0.15887973,0.82008237,False,0.0
265498.615789376,20000000,-0.020814419,-0.08709465,0.05563599,-0.32727516,0.08965855,0.7313628,False,0.0
265498.635789376,0,-0.0113577545,-0.113913946,0.046742618,-0.070093274,-0.060445525,0.40167952,False,0.0
265498.655789376,0,-0.01156804,-0.108873226,0.03717953,0.009235598,-0.113028675,0.22576791,False,0.0
265498.675789376,20000000,-0.011773109,-0.10383651,0.027609587,0.08856448,-0.16561183,0.049856305,False,0.0
265498.695789376,40000000,-0.011973083,-0.09880391,0.01803273,0.16789335,-0.21819498,-0.1260553,False,0.0
265498.715789376,0,-0.011898547,-0.11670405,0.008977711,0.30090448,-0.24902868,-0.44859502,False,0.0
265498.735789376,20000000,-0.019916683,-0.13403955,0.014259696,0.46876046,-0.28279245,-0.7609843,False,0.0
265498.755789376,0,-0.022541791,-0.13881575,0.015863001,0.5837063,-0.30986297,-0.93968534,False,0.0
265498.775789376,0,-0.029560417,-0.1355411,0.0147304535,0.6807613,-0.33829755,-1.0847287,False,0.0
265498.795789376,20000000,-0.03662917,-0.13222308,0.013551116,0.77781624,-0.36673212,-1.2297721,False,0.0
265498.815789376,0,-0.047810346,-0.13979506,0.012870073,1.01381,-0.4465451,-1.5245851,False,0.0
265498.835789376,0,-0.051402137,-0.18915638,0.02074629,1.20575,-0.49150556,-1.7084719,False,0.0
265498.855789376,20000000,-0.055189908,-0.23841316,0.02845496,1.3976899,-0.536466,-1.8923588,False,0.0
265498.875789376,0,-0.124859706,-0.25882295,0.018340588,2.0576584,-0.7582641,-2.5024738,False,0.0
265498.895789376,20000000,-0.1583794,-0.12669009,-0.02348739,2.3787289,-1.0068864,-2.9038253,False,0.0
265498.915789376,0,-0.14801824,-0.03440328,-0.06908339,2.3513446,-1.0703937,-2.965559,False,0.0
265498.935789376,0,-0.12867327,0.053002834,-0.10223031,2.207022,-1.0573343,-2.9065497,False,0.0
265498.955789376,20000000,-0.07712096,0.20808282,-0.15877712,1.6995349,-0.8619271,-2.4970834,False,0.0
265498.975789376,0,-0.046064287,0.23054488,-0.17558527,1.4340373,-0.66258705,-2.1748905,False,0.0
265498.995789376,0,-0.0222079,0.24745883,-0.1782018,1.1656808,-0.40942273,-1.8125635,False,0.0
265499.015789376,20000000,0.0014156401,0.2642973,-0.1809504,0.8973241,-0.1562584,-1.4502366,False,0.0
265499.035789376,0,0.011967063,0.18613352,-0.12427127,0.34142923,0.38014472,-0.6603461,False,0.0
265499.055789376,0,0.006994158,0.08289763,-0.05405599,0.09313443,0.5677173,-0.31570518,False,0.0
265499.075789376,0,-0.0058941543,0.054299876,-0.023708642,0.07367166,0.5538691,-0.26985866,False,0.0
265499.095789376,20000000,-0.018771857,0.025684685,0.0066045523,0.054208893,0.540021,-0.22401215,False,0.0
265499.115789376,0,-0.03900054,-0.01591155,0.043117225,0.10450894,0.36490738,-0.23148683,False,0.0
265499.135789377,0,-0.03952095,-0.017787993,0.045921803,0.119026884,0.30606374,-0.22947972,False,0.0
265499.155789377,20000000,-0.040036708,-0.019679606,0.048709154,0.13354483,0.24722011,-0.2274726,False,0.0
265499.175789377,0,-0.04009831,-0.024613142,0.03476399,0.16337669,0.19188018,-0.17158985,False,0.0
265499.195789377,0,-0.03848049,-0.026150614,0.014549971,0.14006132,0.2315088,-0.120817095,False,0.0
265499.215789377,20000000,-0.041163534,-0.028779268,0.016687572,0.124528125,0.23666897,-0.10412331,False,0.0
265499.235789377,0,-0.03823912,-0.03954211,0.0169757,0.12553468,0.24586715,-0.100873336,False,0.0
265499.255789377,0,-0.040024966,-0.049732238,0.019866765,0.15712298,0.23743555,-0.09925363,False,0.0
265499.275789377,20000000,-0.038863122,-0.04179585,0.017547369,0.17708509,0.23078248,-0.10427183,False,0.0
265499.295789377,0,-0.036213547,-0.030417204,0.0150383115,0.19351622,0.22087121,-0.104987726,False,0.0
265499.315789377,20000000,-0.026995838,-0.006164938,0.005722642,0.21092318,0.20677939,-0.09306599,False,0.0
265499.335789377,0,-0.0234662,0.0007006526,0.0019618273,0.19574274,0.21243681,-0.07493075,False,0.0
265499.355789377,0,-0.012846261,0.007975221,0.003442943,0.20231876,0.22726738,-0.0057874825,False,0.0
265499.375789377,20000000,-0.007024795,0.013627887,0.001624763,0.21760198,0.24744812,0.015005512,False,0.0
265499.395789377,0,0.0058248937,0.018951476,-0.0031834245,0.2462352,0.29209495,0.03570026,False,0.0
265499.415789377,20000000,0.0029392838,0.013740122,0.0035462976,0.25337914,0.29999924,0.026529027,False,0.0
265499.435789377,0,0.003196925,0.011205435,0.006963432,0.26614505,0.2987983,0.0045082457,False,0.0
265499.455789377,0,0.008258015,0.015864432,0.015348136,0.30278558,0.27253208,-0.047265414,False,0.0
265499.475789377,20000000,0.01119414,0.017954886,0.01696229,0.30901742,0.25555253,-0.058106523,False,0.0
265499.495789377,0,0.024106473,0.034929007,0.005634904,0.31511313,0.23480307,-0.09567933,False,0.0
265499.515789377,20000000,0.026522815,0.041371047,-0.00027894974,0.30163917,0.22793712,-0.108338155,False,0.0
265499.535789377,0,0.026082546,0.044766545,0.0050537586,0.29868424,0.21384023,-0.106983624,False,0.0
265499.555789377,0,0.034271777,0.04676178,-0.0018812418,0.29580757,0.17295863,-0.11989011,False,0.0
265499.575789377,20000000,0.038927197,0.04860881,-0.007773876,0.27966183,0.16734552,-0.13593698,False,0.0
265499.595789377,0,0.037711293,0.06368235,-0.008577943,0.28787965,0.13269822,-0.122955196,False,0.0
265499.615789377,20000000,0.039527386,0.077141464,-0.012572467,0.2858602,0.11833482,-0.09192783,False,0.0
265499.635789377,0,0.044701308,0.074244976,-0.016754508,0.29253167,0.11400339,-0.07228904,False,0.0
265499.6556115,0,0.05614801,0.07083135,-0.019395696,0.30478325,0.1269727,-0.058866274,False,0.0
265499.6756115,20000000,0.053295314,0.06998387,-0.0043134093,0.3128541,0.13052344,-0.046634365,False,0.0
265499.6956115,0,0.054790378,0.07548803,-0.0023109317,0.31483173,0.14754514,-0.026420966,False,0.0
265499.7156115,20000000,0.056288242,0.08098087,-0.00032305717,0.3168094,0.16456686,-0.006207565,False,0.0
265499.7356115,0,0.05497721,0.08550441,0.0024268627,0.3171858,0.18028757,0.03591849,False,0.0
265499.7556115,0,0.04850343,0.08753663,0.009260297,0.3066019,0.22750074,0.1674654,False,0.0
265499.7756115,20000000,0.045503974,0.08064708,0.013356149,0.3103769,0.2437214,0.19922486,False,0.0
265499.7956115,0,0.045229465,0.05899927,0.02353853,0.3228485,0.2746356,0.25773072,False,0.0
265499.8156115,20000000,0.043567926,0.046346754,0.029078305,0.3370609,0.2913961,0.26471364,False,0.0
265499.8356115,0,0.03738275,0.03935951,0.029671729,0.36225018,0.27689555,0.2696361,False,0.0
265499.8556115,0,0.031188488,0.029294431,0.026151717,0.40269464,0.23714021,0.2707317,False,0.0
265499.8756115,20000000,0.03322223,0.03382036,0.019710362,0.39692357,0.23665947,0.27678245,False,0.0
265499.8956115,0,0.035668284,0.025140554,0.028757155,0.41471577,0.22834755,0.30108666,False,0.0
265499.9156115,20000000,0.036630094,0.02309972,0.030659318,0.41694808,0.22485027,0.30424482,False,0.0
265499.9356115,0,0.037497073,0.018675596,0.023072422,0.3948265,0.20988171,0.28809905,False,0.0
265499.9556115,20000000,0.028463095,0.014755815,0.026322544,0.39333802,0.17881794,0.28128228,False,0.0
265499.9756115,0,0.038380116,0.024854243,-0.0019550323,0.3588617,0.17688388,0.2876359,False,0.0
265499.9956115,20000000,0.04364425,0.0299699,-0.01458174,0.3267988,0.2169697,0.28259468,False,0.0
265500.0156115,0,0.042278707,0.016684413,-0.009179473,0.30144152,0.22529005,0.27138862,False,0.0
265500.0356115,0,0.03453487,0.013890415,0.011791527,0.23687258,0.16982552,0.21844566,False,0.0
265500.0556115,0,0.043959886,0.01511243,0.0023706555,0.20916335,0.16784534,0.20930684,False,0.0
265500.0756115,20000000,0.040198267,-0.0028111339,0.011734664,0.16669723,0.17784117,0.17053455,False,0.0
265500.0956115,0,0.03004983,-0.02229619,0.03649378,0.12855282,0.14510043,0.08478855,False,0.0
265500.1156115,20000000,0.011479497,-0.028827071,0.053910136,0.11038318,0.041652165,-0.0042582676,False,0.0
265500.1356115,0,0.012840509,-0.017077923,0.03680843,0.073195994,-0.019137736,-0.08518887,False,0.0
265500.1556115,0,0.014174432,0.019793838,0.021951139,-0.029012091,-0.04689064,-0.120799035,False,0.0
265500.175611501,20000000,0.011605501,0.07023415,0.039591134,-0.15060511,-0.09374659,-0.06824182,False,0.0
265500.195611501,0,0.058074683,0.089756995,0.016513646,-0.23886672,-0.15114197,0.052271962,False,0.0
265500.215611501,0,0.08706391,0.059310615,-0.0033339262,-0.21677932,-0.19180302,0.11752186,False,0.0
265500.235611501,20000000,0.1148662,0.07023218,-0.084284365,-0.179972,-0.19322185,0.14850795,False,0.0
265500.255611501,0,0.11704531,0.09074026,-0.13975793,-0.16524921,-0.17856348,0.16017368,False,0.0
265500.275611501,20000000,0.124940604,0.091454774,-0.17565596,-0.18738692,-0.13338915,0.13883777,False,0.0
265500.295611501,0,0.13183808,0.16860163,-0.21643716,-0.3149378,-0.055468872,0.19646621,False,0.0
265500.315611501,20000000,0.15744895,0.2359896,-0.24680048,-0.43730417,0.09183757,0.4662423,False,0.0
265500.335611501,0,0.17850265,0.26173258,-0.26933342,-0.55221075,0.26546305,0.7753022,False,0.0
265500.355611501,20000000,0.18522921,0.38437048,-0.27273566,-0.77256256,0.45988888,1.1121869,False,0.0
265500.375611501,0,0.14626503,0.3459051,-0.22425812,-1.1894006,0.5861816,1.520875,False,0.0
265500.395611501,0,0.1234701,0.27425405,-0.1893745,-1.5474634,0.6962095,1.8595984,False,0.0
265500.415611501,0,0.07418746,0.21978766,-0.13471586,-1.8099167,0.9373338,2.1457233,False,0.0
265500.435611501,0,0.002517879,0.2297299,-0.08561665,-2.0186915,1.1223527,2.565176,False,0.0
265500.455611501,20000000,-0.040312022,0.15735382,-0.05327505,-2.14037,1.2697424,3.0194488,False,0.0
265500.475611501,0,-0.076857835,0.090812445,-0.02513963,-2.2109213,1.3900223,3.2833729,False,0.0
265500.495611501,0,-0.08770481,0.0035681129,-0.0053450465,-2.2159147,1.4435396,3.3880782,False,0.0
265500.515562292,0,-0.09815473,-0.056097295,0.025500752,-2.172694,1.4499482,3.269089,False,0.0
265500.535562292,20000000,-0.10750046,-0.093362,0.049678028,-2.0634139,1.3110316,3.058699,False,0.0
265500.555562292,0,-0.09687483,-0.12294084,0.061776042,-1.9221175,1.1459982,2.8198369,False,0.0
265500.575562292,0,-0.08676058,-0.14481282,0.06851244,-1.7545336,0.9659891,2.5399704,False,0.0
265500.595562292,0,-0.07486376,-0.15237471,0.062375963,-1.5915415,0.7903811,2.229248,False,0.0
265500.615562292,0,-0.06726268,-0.15671003,0.053919137,-1.4396579,0.63257265,1.910407,False,0.0
265500.635562292,20000000,-0.060000747,-0.15706816,0.05742228,-1.2725228,0.48185217,1.607378,False,0.0
265500.655562292,0,-0.049156368,-0.14768401,0.05687052,-1.1034279,0.34849456,1.3149172,False,0.0
265500.675562292,0,-0.036611795,-0.13010168,0.048715234,-0.96780443,0.24492878,1.036512,False,0.0
265500.695562292,20000000,-0.026652038,-0.12027854,0.043479145,-0.85767204,0.16348346,0.77629554,False,0.0
265500.715562292,0,-0.019587487,-0.11291233,0.042269707,-0.74240214,0.100637,0.5272019,False,0.0
265500.735562292,0,-0.019547015,-0.10064536,0.04293728,-0.62324196,0.040928487,0.3023611,False,0.0
265500.755562292,0,-0.024017632,-0.08409807,0.042022526,-0.5098758,-0.023189109,0.109698325,False,0.0
265500.775562292,0,-0.028783172,-0.06997529,0.040120304,-0.40915042,-0.0907743,-0.051214337,False,0.0
265500.795562292,20000000,-0.034144074,-0.06537673,0.040329814,-0.3160192,-0.14555253,-0.19200625,False,0.0
265500.815562292,0,-0.036322504,-0.067614526,0.039571583,-0.20760533,-0.19122219,-0.3234971,False,0.0
265500.835562292,0,-0.034424454,-0.07197833,0.035315573,-0.09322311,-0.22597998,-0.41058362,False,0.0
265500.855562292,0,-0.026246727,-0.07603747,0.022864759,0.035101697,-0.20836462,-0.4495669,False,0.0
265500.875562292,0,-0.03017214,-0.043807387,0.0066384673,0.054429866,-0.17502716,-0.45458865,False,0.0
265500.895562292,20000000,-0.035914302,-0.030809313,-0.0013499856,0.004883133,-0.16313158,-0.4466921,False,0.0
265500.915562292,0,-0.036109626,-0.03321913,-0.0023100972,-0.058040164,-0.1450585,-0.44300205,False,0.0
265500.935562292,20000000,-0.03275466,-0.010705411,-0.010300517,-0.16817847,-0.08330597,-0.43578136,False,0.0
265500.955562292,0,-0.049326956,0.014762238,-0.00936532,-0.2951037,-0.04409874,-0.39710623,False,0.0
265500.975562292,0,-0.0563989,0.031760067,-0.010692239,-0.40554768,-0.028103497,-0.30105114,False,0.0
265500.995562292,20000000,-0.053554088,0.049534827,-0.02330029,-0.50524884,-0.015612691,-0.19127896,False,0.0
265501.015562292,0,-0.058857977,0.055190668,-0.02551502,-0.5952991,-0.040417735,-0.091545075,False,0.0
265501.035562292,0,-0.051588267,0.036105126,-0.02903974,-0.64207107,-0.035313226,-0.030988742,False,0.0
265501.055562292,20000000,-0.054966092,0.011398494,-0.016973317,-0.642188,-0.06535533,-0.008243782,False,0.0
265501.075562292,0,-0.051161736,-0.008191943,-0.0148028135,-0.6136159,-0.08305699,-0.03647687,False,0.0
265501.095562292,0,-0.05891049,-0.016903594,-0.011314809,-0.56562555,-0.10756292,-0.07432714,False,0.0
265501.115562292,0,-0.0613333,-0.029727772,-0.012020111,-0.49832612,-0.122825466,-0.12093246,False,0.0
265501.135562292,20000000,-0.06899077,-0.031362757,-0.015150726,-0.43707126,-0.1401512,-0.15476875,False,0.0
265501.155562292,0,-0.07028821,-0.029353246,-0.022788823,-0.4000469,-0.13431424,-0.20699014,False,0.0
265501.175562292,0,-0.070097715,-0.032130957,-0.023306012,-0.37981665,-0.13668828,-0.250952,False,0.0
265501.195562292,0,-0.07884188,-0.020188794,-0.017381847,-0.39003265,-0.15006164,-0.29785115,False,0.0
265501.215562292,0,-0.08769047,-0.010472685,-0.014696002,-0.4261271,-0.17997043,-0.34329918,False,0.0
265501.235562292,20000000,-0.09124933,-0.01760362,-0.014640629,-0.44789627,-0.18157159,-0.39507723,False,0.0
265501.255562292,0,-0.09327632,-0.010466635,-0.020575404,-0.49277267,-0.18571085,-0.45159933,False,0.0
265501.275562292,0,-0.102339625,-0.021229506,-0.01610756,-0.5360987,-0.18344311,-0.46637857,False,0.0
265501.295562292,20000000,-0.10045338,-0.0057528913,-0.022764802,-0.5637577,-0.15829234,-0.50520575,False,0.0
265501.315562292,0,-0.0958827,-0.009928033,-0.020574212,-0.6047489,-0.16167215,-0.57097316,False,0.0
265501.335562292,0,-0.08268258,-0.022420797,-0.0190866,-0.6229248,-0.128201,-0.6373632,False,0.0
265501.355562292,20000000,-0.077057675,-0.013422042,-0.019135833,-0.6095443,-0.07763444,-0.6676457,False,0.0
265501.375562292,0,-0.08118193,-0.00020783767,-0.015085697,-0.5661273,-0.053541727,-0.6271786,False,0.0
265501.395562292,20000000,-0.0829996,0.018417541,-0.015919149,-0.46334913,-0.05495538,-0.5291179,False,0.0
265501.415562293,0,-0.07142724,0.029660588,-0.024035811,-0.3026463,-0.06095384,-0.40413073,False,0.0
265501.435562293,20000000,-0.055907637,0.051033456,-0.03585726,-0.13564691,-0.04620902,-0.24889433,False,0.0
265501.455562293,0,-0.04271221,0.060907006,-0.041551292,-0.021442123,-0.014899071,-0.08297616,False,0.0
265501.475562293,0,-0.032866776,0.034893163,-0.03102523,0.09723566,7.162336e-05,0.018709786,False,0.0
265501.495562293,20000000,-0.021755874,0.027619148,-0.0308609,0.17962335,0.033405848,0.036971983,False,0.0
265501.515562293,0,-0.016776145,0.027825348,-0.025969982,0.20156705,0.06264781,0.04425439,False,0.0
265501.535562293,20000000,-0.019128919,0.02053507,-0.017784297,0.1800773,0.0944771,0.04490799,False,0.0
265501.555562293,0,-0.0132851,0.010978324,-0.016958058,0.15074596,0.13191226,0.026326945,False,0.0
265501.575562293,0,0.008366823,0.03174533,-0.03277594,0.06970381,0.21282274,0.03135064,False,0.0
265501.595562293,20000000,0.0007030964,0.040669672,-0.027448058,-0.025879286,0.29234728,0.00068998896,False,0.0
265501.615562293,0,-0.019740045,0.04316362,-0.01012677,-0.010238193,0.26193404,-0.07840223,False,0.0
265501.635562293,20000000,-0.011946738,0.029087726,-0.0022821426,-0.062721,0.21182437,-0.113446444,False,0.0
265501.655562293,0,-0.004626602,0.026881335,0.0069865584,-0.12810805,0.20220444,-0.098639205,False,0.0
265501.675562293,0,0.0008930862,0.019862968,0.008686721,-0.16347489,0.20399459,-0.081885025,False,0.0
265501.695562293,20000000,0.002632171,0.020852432,0.016931117,-0.18710645,0.19205624,-0.057833195,False,0.0
265501.715562293,0,0.014672786,0.0183423,0.01607269,-0.2059321,0.20219107,-0.039908193,False,0.0
265501.735562293,20000000,0.017757505,0.022681955,0.015373886,-0.24241829,0.19816206,-0.026899725,False,0.0
265501.755562293,0,0.014533877,0.022125289,0.019753098,-0.27741063,0.18584676,-0.017053703,False,0.0
265501.775562293,20000000,0.013372064,0.029349627,0.015624046,-0.31366473,0.1575901,-0.01543789,False,0.0
265501.795562293,0,0.012411833,0.030914642,0.016124368,-0.33222592,0.13379288,-0.012365326,False,0.0
265501.815562293,0,0.012246847,0.02740482,0.011735976,-0.33317396,0.11250406,-0.017553918,False,0.0
265501.835562293,20000000,0.01222685,0.017782792,0.010282099,-0.30514145,0.097246006,-0.017318202,False,0.0
265501.855562293,0,0.012970626,0.012492493,0.005222678,-0.2717654,0.0822424,-0.020690795,False,0.0
265501.875562293,20000000,0.015176803,0.0031155683,0.0023915768,-0.2525112,0.08271439,-0.038110983,False,0.0
265501.895562293,0,0.015448421,-0.0042152405,0.0080215335,-0.21210444,0.06732005,-0.06278266,False,0.0
265501.915562293,0,0.013069928,-0.003074225,0.013602436,-0.1708928,0.046887055,-0.09057616,False,0.0
265501.935562293,20000000,0.017235845,-0.0048698187,0.012676716,-0.139334,0.038468268,-0.10375255,False,0.0
265501.955562293,0,0.017549396,-0.0030355528,0.018099427,-0.11157365,0.025707439,-0.114241876,False,0.0
265501.975562293,0,0.019578576,0.0051736794,0.014604092,-0.09299302,0.012254311,-0.11920507,False,0.0
265501.995562293,0,0.0176557,0.01464159,0.015870988,-0.0943354,0.0011854237,-0.1042292,False,0.0
265502.015562293,0,0.015914291,0.01719828,0.01857853,-0.08521233,-0.019852221,-0.09358682,False,0.0
265502.035562293,0,0.01845792,0.016377337,0.016320825,-0.06508909,-0.031597212,-0.08965309,False,0.0
265502.055562293,0,0.019990236,0.019600034,0.013099432,-0.03120869,-0.04641136,-0.08977337,False,0.0
265502.075562293,20000000,0.017258435,0.017245017,0.010876119,0.015857406,-0.05879033,-0.08562801,False,0.0
265502.095562293,0,0.019394755,0.008665822,0.009568572,0.09017318,-0.06871034,-0.079880275,False,0.0
265502.115562293,0,0.019786,0.005390741,0.008211255,0.19135049,-0.08448168,-0.08286164,False,0.0
265502.135562293,0,0.02125153,0.013923772,0.004455149,0.275176,-0.08925468,-0.06529625,False,0.0
265502.155562293,20000000,0.023784965,0.022495259,-0.0012272596,0.3156743,-0.08266663,-0.04878307,False,0.0
265502.175562293,0,0.02213636,0.027579099,-0.0020627975,0.32236168,-0.07111987,-0.024460673,False,0.0
265502.195562293,0,0.017501563,0.028552089,-0.0012987852,0.30372557,-0.073840015,0.005318748,False,0.0
265502.215562293,20000000,0.010529697,0.0290475,0.0103389025,0.26894242,-0.09014094,0.03755039,False,0.0
265502.235562293,0,0.01572147,0.023521107,0.004626274,0.21163778,-0.10231788,0.06172048,False,0.0
265502.255562293,0,0.023409605,0.0087582655,0.0006401539,0.16384757,-0.09008721,0.062225554,False,0.0
265502.275562293,0,0.022055596,-0.0054952633,0.005858898,0.13679524,-0.062466107,0.044321235,False,0.0
265502.295562293,20000000,0.014993638,-0.017832804,0.014140606,0.12312155,-0.053835724,0.023649698,False,0.0
265502.315562293,0,0.010763496,-0.029950306,0.018176615,0.09397356,-0.07093621,-0.019368606,False,0.0
265502.335562293,0,0.012304336,-0.030361982,0.018721163,0.06509566,-0.083075784,-0.0872615,False,0.0
265502.355562293,20000000,0.014027655,-0.033843763,0.018654823,0.02714086,-0.09228826,-0.17197126,False,0.0
265502.375562293,0,0.01493749,-0.034722168,0.019871712,0.01294403,-0.11181362,-0.25336352,False,0.0
265502.395562293,0,0.006090224,-0.031288322,0.02025044,0.0076185456,-0.1288722,-0.30974466,False,0.0
265502.415562293,20000000,0.0076059997,-0.02094851,0.015731812,0.00037738308,-0.13948303,-0.34837958,False,0.0
265502.435562293,0,0.0044068694,-0.002891805,0.016462564,-0.0057671075,-0.15660766,-0.36690181,False,0.0
265502.455562293,0,0.0023192465,0.0068461224,0.007885337,-0.024336241,-0.15254125,-0.385982,False,0.0
265502.475562293,20000000,0.008625776,0.03371403,-0.0037606955,-0.012671583,-0.12757003,-0.367074,False,0.0
265502.495562294,0,0.014857709,0.04313492,-0.005711794,-0.038671587,-0.10927687,-0.34774178,False,0.0
265502.515562294,20000000,-0.0055164397,0.049896255,-0.005406797,-0.060719375,-0.11155175,-0.32224542,False,0.0
265502.535562294,0,-0.008652866,0.051571526,-0.014365435,-0.06943696,-0.07903096,-0.2957176,False,0.0
265502.555562294,20000000,-0.010407239,0.052876964,-0.016530335,-0.06776011,-0.06530261,-0.23885232,False,0.0
265502.575562294,0,-0.007154703,0.05441964,-0.018789887,-0.06755651,-0.054597493,-0.1816029,False,0.0
265502.595562294,0,-0.008939564,0.047736548,-0.014205933,-0.07056144,-0.03189399,-0.11438977,False,0.0
265502.615562294,20000000,-0.0045701265,0.035102356,-0.009865582,-0.076706186,-0.016901711,-0.048236333,False,0.0
265502.635562294,0,-0.00503695,0.017773136,-0.001889348,-0.06743722,-0.0055739554,-0.0044364,False,0.0
265502.655562294,20000000,-0.004750073,0.015009277,0.0009925961,-0.077138826,-0.0006950274,0.016251434,False,0.0
265502.675562294,0,-0.0022970438,0.0034331195,0.0034977198,-0.091169044,0.0028641801,0.012589488,False,0.0
265502.695562294,20000000,-0.0036251843,-0.00579527,0.00834465,-0.1100817,-0.004088155,-0.010361832,False,0.0
265502.715562294,0,-0.004268199,-0.013145044,0.01032728,-0.12050314,-0.012457853,-0.04410761,False,0.0
265502.735562294,0,-0.003100723,-0.014203779,0.008141518,-0.12422318,-0.02827208,-0.0827674,False,0.0
265502.755562294,20000000,-0.011927843,-0.009299777,0.013464749,-0.14023958,-0.04990902,-0.10157654,False,0.0
265502.775562294,0,-0.007534623,-0.0024572387,0.0025755763,-0.16864903,-0.05872897,-0.11724272,False,0.0
265502.795562294,0,-0.00067198277,0.001984425,-0.0058997273,-0.19642144,-0.06301309,-0.123405546,False,0.0
265502.815562294,20000000,0.0037095845,0.005075656,-0.012570322,-0.2133894,-0.03473168,-0.12887529,False,0.0
265502.835562294,0,-0.0074255764,0.01875268,-0.0073366165,-0.23163874,-0.026073888,-0.10682061,False,0.0
265502.855562294,20000000,-0.011639744,0.022012934,-0.0037588477,-0.24961741,-0.027010689,-0.06665939,False,0.0
265502.875562294,0,-0.011079222,0.01907257,-0.0020011663,-0.24959062,-0.04145099,-0.026312567,False,0.0
265502.895562294,0,-0.0028874576,0.012698993,-0.00242877,-0.23638393,-0.027837737,-0.003238149,False,0.0
265502.915562294,20000000,-0.0023221374,0.011706553,-0.0002720356,-0.21751516,-0.015090921,0.009169401,False,0.0
265502.935562294,0,-0.0043956637,0.013833985,-0.0020549893,-0.2019863,-0.012770349,0.021314982,False,0.0
265502.955542,0,-0.002092932,0.020364752,-0.009031909,-0.1972255,-0.014313251,0.027789578,False,0.0
265502.975542,0,-0.0027398467,0.014340363,-0.0077672005,-0.17309117,-0.009891901,0.030569261,False,0.0
265502.995542,20000000,-0.0029078722,0.010923132,-0.008864939,-0.13934231,-0.009779697,0.03043745,False,0.0
265503.015542,0,-0.0019761324,0.010370761,-0.010023117,-0.09376733,-0.0015724637,0.020172477,False,0.0
265503.035542,0,-0.0050683916,0.014999472,-0.0113863945,-0.047705933,0.0072662355,0.004916153,False,0.0
265503.055542,0,-0.01098755,0.0254571,-0.010990143,-0.013362341,0.009199715,-0.000668752,False,0.0
265503.075542,0,-0.011596113,0.036184937,-0.013244808,0.0004065726,0.017147396,0.0029806162,False,0.0
265503.095542,20000000,-0.010879189,0.042201355,-0.012419641,0.005200347,0.032184407,0.012584016,False,0.0
265503.115542,0,-0.006646663,0.045335934,-0.012159526,-0.0028616926,0.053508826,0.029470041,False,0.0
265503.135542,0,-0.0043210685,0.043335572,-0.007804513,-0.017226305,0.074881874,0.044216055,False,0.0
265503.155542,0,-1.0043383e-05,0.037504673,-0.002060473,-0.037504166,0.0964234,0.062543556,False,0.0
265503.175542,0,0.004190564,0.029411182,0.0034888387,-0.05480402,0.104705654,0.073215164,False,0.0
265503.195542,20000000,0.0003103912,0.02865085,0.01134187,-0.087883785,0.09393753,0.08554951,False,0.0
265503.215542,0,-0.002943635,0.028755859,0.017795503,-0.13422415,0.06129972,0.100662224,False,0.0
265503.235542,0,-0.0057070255,0.029987648,0.020604312,-0.19043095,0.01242673,0.12650435,False,0.0
265503.255542,0,-0.006252885,0.02721338,0.020721138,-0.24351385,-0.035131466,0.16192538,False,0.0
265503.275542,20000000,-0.006850809,0.022133157,0.01866734,-0.28855762,-0.0725614,0.20166185,False,0.0
265503.295542,0,-0.0031176805,0.013341308,0.014509976,-0.31756687,-0.10305272,0.24821356,False,0.0
265503.315542,20000000,0.001275152,0.0032680184,0.008377194,-0.33382902,-0.11628761,0.28143662,False,0.0
265503.335542,0,0.0060884356,-0.00744012,0.000582695,-0.340291,-0.11406553,0.3003197,False,0.0
265503.355542,20000000,0.009684831,-0.017980695,-0.0021250248,-0.33441028,-0.09694768,0.30192828,False,0.0
265503.375542,0,0.004471272,-0.02530025,0.0018324852,-0.31146505,-0.08231994,0.29088685,False,0.0
265503.395542,20000000,-0.0027141273,-0.032625273,0.0038588047,-0.27836803,-0.088011,0.26996723,False,0.0
265503.415542,0,-0.0011399388,-0.03593366,0.000106453896,-0.23510936,-0.09516465,0.2341789,False,0.0
265503.435542,20000000,0.0028697252,-0.03408298,-0.0008545518,-0.19443426,-0.115086555,0.16940998,False,0.0
265503.455542,0,0.009068906,-0.024988577,-0.0041387677,-0.16524604,-0.102474056,0.10441769,False,0.0
265503.475542,0,0.010010868,-0.0170805,-0.00450629,-0.14493988,-0.0854276,0.054919843,False,0.0
265503.515542001,0,0.01309514,-0.011695936,-0.004826188,-0.08239873,-0.04868146,-0.030216124,False,0.0
265503.535542001,0,0.010539174,-0.005858034,-0.004474044,-0.041293763,-0.03152577,-0.04913041,False,0.0
265503.555542001,20000000,0.00934872,0.0008572191,-0.006136775,-0.00951875,-0.010464052,-0.04951865,False,0.0
265503.575542001,0,0.0039587915,0.006632358,-0.004143238,0.018912226,-0.0004606638,-0.02905325,False,0.0
265503.595542001,20000000,0.00039365888,0.011620954,-0.0015926361,0.03837602,0.0047444957,-0.0047126804,False,0.0
265503.615542001,0,-0.0048163533,0.015820578,0.00044322014,0.04664934,-0.0022991956,0.023108764,False,0.0
265503.635542001,0,-0.0061736703,0.0152077675,-0.0012851357,0.052000348,-0.01099015,0.048470393,False,0.0
265503.655542001,0,-0.0029944181,0.010100707,-0.00508976,0.06815501,-0.001004939,0.051719617,False,0.0
265503.675542001,20000000,0.00018653274,0.004994139,-0.008896172,0.08430968,0.008980272,0.05496884,False,0.0
265503.695542001,40000000,0.0024586022,-0.0060216635,-0.008241713,0.14001928,0.030232245,0.04733924,False,0.0
265503.715542001,0,0.0016916692,-0.018623963,-0.0028627515,0.24798614,0.043416835,0.03218256,False,0.0
265503.735542001,0,0.0025886595,-0.024200067,-0.0012723207,0.38910395,0.053758137,0.013140131,False,0.0
265503.755542001,20000000,0.004755944,-0.017071337,-0.0037273169,0.531152,0.06455251,0.0046621617,False,0.0
265503.775542001,0,0.00075399876,-0.0007646829,-0.0048636794,0.6462907,0.07238576,0.014947514,False,0.0
265503.795542001,20000000,-0.0010021627,0.016371742,-0.005856216,0.7135742,0.08340441,0.05144217,False,0.0
265503.815542001,0,-0.0027620196,0.028854072,-0.007536292,0.71785855,0.097916596,0.10696208,False,0.0
265503.835542001,20000000,-0.0034165978,0.03377691,-0.004788935,0.67432964,0.10185507,0.16724148,False,0.0
265503.855542001,0,-0.00026866794,0.027450703,-0.006207645,0.5989933,0.10855517,0.20570192,False,0.0
265503.875542001,20000000,0.0045365393,0.018419266,-0.0067583323,0.50496596,0.10141036,0.21212153,False,0.0
265503.895542001,0,0.011925638,0.007231176,-0.0053195357,0.40514392,0.11624317,0.1901536,False,0.0
265503.915542001,0,0.0073274374,0.001341302,0.0015460849,0.32192323,0.1107254,0.15713914,False,0.0
265503.935542001,20000000,0.0005609989,0.001223743,0.00720644,0.24625573,0.087866664,0.13273793,False,0.0
265503.955542001,0,-0.0016468763,0.0024340115,0.009768546,0.1776381,0.061545786,0.116502225,False,0.0
265503.975542001,0,0.003539145,-0.005547248,0.012951314,0.1322748,0.04082516,0.09647692,False,0.0
265503.995542001,0,0.013486475,-0.015801005,0.014840364,0.10726108,0.04142101,0.06786746,False,0.0
265504.015542001,0,0.018288016,-0.018100582,0.015636623,0.09336067,0.047883242,0.026895963,False,0.0
265504.035542001,20000000,0.017263442,-0.007757336,0.014942229,0.07299009,0.054438554,-0.007629957,False,0.0
265504.055542001,0,0.010707557,0.0060097687,0.015491545,0.044554405,0.039471433,-0.01708084,False,0.0
265504.075542001,0,0.0050777197,0.01580292,0.016751707,0.017054807,0.01915086,-0.011517233,False,0.0
265504.095542001,0,0.008926779,0.017335724,0.010914862,-0.0028073657,0.0067868205,-0.008107533,False,0.0
265504.115542001,0,0.0061787665,0.02305223,0.0070607066,-0.016809195,0.00096768653,-0.00059675425,False,0.0
265504.135542001,0,-0.0020306706,0.03224541,0.006084919,-0.026718138,-0.02428781,0.026308564,False,0.0
265504.155542001,0,-0.003461957,0.033509377,0.0018990636,-0.034981072,-0.040060554,0.058296017,False,0.0
265504.175542001,20000000,0.0009261966,0.025550265,-0.0039366484,-0.03529657,-0.040488183,0.08049489,False,0.0
265504.195542001,0,0.0044232607,0.01489722,-0.004732549,-0.016282078,-0.02854012,0.08938679,False,0.0
265504.215542001,0,0.0060545504,0.0077599324,-0.0024004579,0.011980005,-0.017187443,0.0850211,False,0.0
265504.235542001,0,0.0036871135,0.006356381,0.00072813034,0.03499436,-0.014986612,0.07529589,False,0.0
265504.255542001,0,0.0036344528,0.009641983,0.00070661306,0.03373945,-0.010372454,0.06394142,False,0.0
265504.275542001,0,0.0027404428,0.012482073,0.0009557605,0.025468446,-0.010262281,0.053415038,False,0.0
265504.295542001,0,0.0020909905,0.012995977,0.0024453998,0.010660737,-0.012187888,0.050251707,False,0.0
265504.315542001,20000000,0.0030003488,0.011775404,0.0021777153,-0.0010695998,-0.0053661857,0.054601513,False,0.0
265504.335542001,0,0.0019260347,0.00879835,0.0049476624,-0.0079489965,-0.0011683893,0.0621695,False,0.0
265504.355542001,0,0.0023891926,0.0076325834,0.004940152,-0.015148552,0.003851891,0.06742429,False,0.0
265504.375542001,0,0.0011816919,0.009270892,0.008090377,-0.025802588,0.0020090519,0.0777411,False,0.0
265504.395542001,0,0.0028549135,0.008052047,0.0024608374,-0.04642549,-0.006151857,0.08146716,False,0.0
265504.415542001,0,0.0073936284,0.0073457807,-0.0039631724,-0.059816126,0.009161499,0.070391975,False,0.0
265504.435542001,20000000,0.011931211,0.00663976,-0.010388136,-0.07320676,0.024474856,0.059316788,False,0.0
265504.455542001,40000000,0.0057239532,0.0068271942,-0.0073059797,-0.0759803,0.033738457,0.051035948,False,0.0
265504.475542001,0,0.0011440217,0.0035867468,-0.00061517954,-0.06297974,0.032781795,0.050002456,False,0.0
265504.495542001,0,0.0024112165,0.0018542744,0.0026729703,-0.045950595,0.031224959,0.048779815,False,0.0
265504.515542001,20000000,0.006903112,0.0010771938,0.0011233687,-0.029393798,0.047180444,0.046379555,False,0.0
265504.535542001,0,0.0029738247,0.0031150654,0.0034399629,-0.020483572,0.052051593,0.056764673,False,0.0
265504.555542002,0,0.0023724735,0.0062140226,0.0065875053,-0.020112198,0.050699845,0.07494182,False,0.0
265504.575542002,20000000,0.0016923547,0.0044518895,0.010063529,-0.02038594,0.049372397,0.08903459,False,0.0
265504.595542002,0,0.0033494234,-0.001539737,0.0078029633,-0.016681872,0.037892304,0.09477455,False,0.0
265504.615542002,20000000,-0.00065112114,-0.0021017753,0.007052064,-0.018493159,0.009437608,0.09917699,False,0.0
265504.635542002,0,0.004693359,-0.003784962,0.0041767955,-0.021642042,0.00346873,0.08054841,False,0.0
265504.655542002,0,0.0074118376,-0.0029876456,0.002043128,-0.03378333,0.00029616896,0.045427173,False,0.0
265504.675542002,20000000,0.006187111,-0.00049461797,0.0027689934,-0.038030718,0.0023153012,0.013087969,False,0.0
265504.695542002,0,0.006694019,-0.0007532835,0.0014630556,-0.043864638,0.0021590125,-0.0146017615,False,0.0
265504.715542002,0,0.008239776,-0.0012892894,0.0014156699,-0.034756023,0.0055159573,-0.036882997,False,0.0
265504.735542002,20000000,0.009373009,-0.0022438057,-8.511543e-05,-0.018546335,0.021025453,-0.04801477,False,0.0
265504.755542002,0,0.0086321235,-0.002697546,1.2099743e-05,0.0046713725,0.02928623,-0.04981771,False,0.0
265504.775542002,20000000,0.0069410503,-0.0016992539,0.0014180541,0.023371719,0.031016367,-0.04359234,False,0.0
265504.795542002,0,0.011131555,-0.0018351935,-0.0009589195,0.03946709,0.03662949,-0.045203995,False,0.0
265504.815542002,0,0.013622701,-0.0012407228,-7.075071e-05,0.04624432,0.04360469,-0.045261506,False,0.0
265504.835542002,20000000,0.013244867,0.0021227226,0.0015159249,0.044564087,0.04593794,-0.045779817,False,0.0
265504.855542002,0,0.0105805695,0.0036126487,0.0036654472,0.038412333,0.041149978,-0.041922037,False,0.0
265504.875542002,20000000,0.009846836,0.0045636334,0.0068699718,0.033241242,0.041629348,-0.034982435,False,0.0
265504.895542002,0,0.009684563,0.007162776,0.007305324,0.03467968,0.040924367,-0.028713439,False,0.0
265504.915542002,0,0.00930661,0.0077177547,0.009662092,0.029038452,0.024468105,-0.014854673,False,0.0
265504.935542002,20000000,0.009049594,0.009721853,0.0046161413,0.013736044,0.011835698,-0.009577476,False,0.0
265504.955542002,0,0.020795882,0.0067349486,-0.0043007135,2.5366433e-05,0.018548386,-0.008536444,False,0.0
265504.975542002,20000000,0.023415774,0.004754886,-0.0030624866,0.002220783,0.038066167,-0.01820999,False,0.0
265504.995542002,0,0.019780815,0.008299183,0.0071484447,0.01152657,0.040430754,-0.020629149,False,0.0
265505.015542002,0,0.014581472,0.010355208,0.012633026,0.0195424,0.03220247,-0.013446656,False,0.0
265505.055542002,0,0.010033518,0.008844994,0.017834306,0.033442236,0.002872943,0.017792666,False,0.0
265505.075542002,20000000,0.0069298744,0.008084197,0.019920528,0.035179526,-0.011465867,0.03345918,False,0.0
265505.095542002,0,0.009342223,0.008378074,0.015573382,0.021942612,-0.041127194,0.048327044,False,0.0
265505.115542002,20000000,0.007943332,0.0076588616,0.012369335,0.0022244453,-0.046104047,0.054765638,False,0.0
265505.135542002,0,0.0011761189,0.009797245,0.010915399,-0.02574498,-0.0616968,0.06739024,False,0.0
265505.155542002,0,-0.0049393773,0.009158984,0.01891315,-0.03854633,-0.112965524,0.09759758,False,0.0
265505.175542002,0,0.007442832,0.004798822,0.014103234,-0.045126166,-0.13574557,0.096482724,False,0.0
265505.195542002,0,0.015645117,0.008112859,0.01268965,-0.0427982,-0.1493205,0.07927742,False,0.0
265505.215542002,0,-0.0029481053,0.019509792,0.021482348,-0.0349418,-0.19911504,0.097278275,False,0.0
265505.235542002,0,-0.01803556,0.030373093,0.019445896,-0.024501834,-0.27019277,0.14943984,False,0.0
265505.255542002,0,-0.018505782,0.026066478,0.007042289,-0.018641267,-0.31076396,0.20159066,False,0.0
265505.275542002,0,-0.0065719783,0.014223941,-0.010570645,-0.0009468403,-0.3020286,0.21715261,False,0.0
265505.295542002,20000000,0.00040888786,0.0038440526,-0.021333814,0.014087757,-0.26432073,0.20740454,False,0.0
265505.315542002,0,0.00063475966,0.0006602071,-0.027010858,0.018392725,-0.2022198,0.18565734,False,0.0
265505.335542002,0,-0.0021945536,-0.0013388656,-0.026181519,0.013481116,-0.14167595,0.16215101,False,0.0
265505.355542002,0,-0.006213248,-0.0015110392,-0.021265447,0.006141779,-0.10478372,0.1408114,False,0.0
265505.375542002,0,-0.0056034923,-0.0067904554,-0.017345846,0.0036019173,-0.07012705,0.11204867,False,0.0
265505.395542002,20000000,-0.00015929341,-0.009393454,-0.011457622,-0.0012022376,-0.04342266,0.0692227,False,0.0
265505.415424208,0,0.00014294963,-0.013147983,-0.0021197826,0.011531286,-0.02864387,0.03537588,False,0.0
265505.435424208,20000000,-0.004711151,-0.0049294047,0.0023667216,0.021942846,-0.037965275,0.017694201,False,0.0
265505.455424208,0,-0.005107492,0.0032837745,0.0008109212,0.023870427,-0.043737,0.013402631,False,0.0
265505.475424208,0,0.0034464002,0.006296046,-0.00674057,0.023038313,-0.036390584,0.01688963,False,0.0
265505.495424208,0,0.0075034797,0.0104356725,-0.007414818,0.024502069,-0.01631057,0.027359605,False,0.0
265505.515424208,0,0.007535219,0.014613982,-0.0045702457,0.024476614,0.0005106162,0.044234037,False,0.0
265505.535424208,20000000,0.004031509,0.01820184,0.001604557,0.019746607,0.0035535179,0.07002846,False,0.0
265505.555424208,0,0.0032021701,0.016646618,0.005636871,0.017410591,-0.0032498238,0.09819175,False,0.0
265505.575424208,0,0.00437358,0.01234512,0.00728637,0.017607251,-0.01079331,0.12751992,False,0.0
265505.595424208,0,0.0063227415,0.0052517187,0.009275079,0.02260958,-0.017604766,0.151348,False,0.0
265505.615424209,0,0.0041493773,0.0013570357,0.008313894,0.029351112,-0.03148543,0.17425172,False,0.0
265505.635424209,20000000,0.0023771524,0.00050266087,0.0076913238,0.024374291,-0.043053217,0.19155398,False,0.0
265505.655424209,0,0.0023680627,-0.0017168988,0.005398333,0.01473335,-0.059973177,0.20072748,False,0.0
265505.675424209,0,0.0008493364,-0.0026487429,0.0037016869,0.0009957589,-0.07110725,0.20085895,False,0.0
265505.695424209,0,0.0024970174,-0.0050376346,0.0014992952,-0.011611608,-0.078958616,0.19266208,False,0.0
265505.715424209,0,0.0029453337,-0.006437435,-0.0014411807,-0.016294884,-0.07837169,0.17682055,False,0.0
265505.735424209,20000000,0.000934273,-0.005568455,-0.00323236,-0.016846359,-0.08019792,0.16226083,False,0.0
265505.755424209,0,-0.00020480156,-0.006669235,-0.0025122166,-0.009852251,-0.078747444,0.15045264,False,0.0
265505.775424209,0,0.0017352402,-0.008789122,-0.0032356381,0.009519935,-0.077140935,0.13832586,False,0.0
265505.795424209,0,0.00482437,-0.008911874,-0.004796505,0.032209806,-0.06513577,0.12059443,False,0.0
265505.815424209,0,0.0054659545,-0.0055292975,-0.004272163,0.04654911,-0.05378863,0.107438125,False,0.0
265505.835424209,20000000,0.006008297,-0.0024757832,-0.00253433,0.0542493,-0.04740631,0.09695692,False,0.0
265505.855424209,0,0.008627772,-0.0010811402,-0.002154708,0.054748308,-0.03868534,0.080658324,False,0.0
265505.875424209,0,0.009142965,0.00097438693,0.0013301969,0.058773465,-0.037635796,0.07249209,False,0.0
265505.895424209,20000000,0.0073589087,0.004184364,0.005581975,0.06314771,-0.043702368,0.075003356,False,0.0
265505.915424209,0,0.0035398304,0.0066200877,0.010090053,0.06696044,-0.058438275,0.089520775,False,0.0
265505.935424209,0,0.002210468,0.008396941,0.011322975,0.07379668,-0.078970455,0.11393812,False,0.0
265505.955424209,0,0.0016677678,0.007937294,0.009173334,0.07397782,-0.093656816,0.13716678,False,0.0
265505.975424209,0,-0.00057682395,0.006752021,0.011144638,0.072774805,-0.11370646,0.16288419,False,0.0
265505.995424209,0,-0.00014322996,0.0032841712,0.008385122,0.067918815,-0.12680398,0.18398578,False,0.0
265506.015424209,0,0.0025960803,-0.0028102687,0.004212141,0.06856921,-0.14005595,0.19711773,False,0.0
265506.035424209,0,0.008691013,-0.009996,-0.0002169609,0.06916574,-0.13329527,0.19013402,False,0.0
265506.055424209,20000000,0.010340035,-0.013171361,-0.00023275614,0.06932334,-0.121944144,0.16894381,False,0.0
265506.075424209,0,0.0073601305,-0.010764432,0.0038760304,0.06401783,-0.1161544,0.14365433,False,0.0
265506.095424209,0,0.00507842,-0.0051612016,0.00277704,0.042687565,-0.11665554,0.11796995,False,0.0
265506.115424209,0,0.0035077035,-0.00047762133,0.0033336878,0.017729122,-0.11747029,0.092486694,False,0.0
265506.135424209,20000000,0.0003541857,0.0027359165,0.0027070045,-0.0011560973,-0.12267235,0.07175991,False,0.0
265506.155424209,0,-0.00092820823,0.004491887,-0.00046473742,-0.022862634,-0.124485746,0.058555335,False,0.0
265506.175424209,0,0.0032289773,0.004519754,-0.005169034,-0.036112145,-0.113394916,0.043565005,False,0.0
265506.195424209,0,0.003925428,0.0035604313,-0.0067760944,-0.03818502,-0.09607559,0.03565272,False,0.0
265506.215424209,0,0.0010885149,0.0042095585,-0.0054410696,-0.030856473,-0.07605656,0.024662055,False,0.0
265506.235424209,20000000,-0.00060360134,0.004654482,-0.004998207,-0.018563211,-0.069370225,0.021744927,False,0.0
265506.255424209,0,-0.00012461841,0.0031276243,-0.007525146,-0.01234746,-0.059190553,0.012780276,False,0.0
265506.275424209,20000000,-0.0006188899,0.0027497793,-0.0077913404,0.0013332358,-0.0500326,0.0055855205,False,0.0
265506.295424209,0,-0.0027475357,0.0032446114,-0.006513715,0.019595113,-0.04093573,0.00531557,False,0.0
265506.315424209,20000000,-0.0014942288,0.003638208,-0.006565213,0.037301376,-0.030181412,0.009915227,False,0.0
265506.335424209,0,-0.0006187409,0.001410814,-0.005974233,0.050482966,-0.020926237,0.0072272895,False,0.0
265506.355424209,0,-0.0010514855,0.0003580898,-0.005420506,0.060852762,-0.013704341,0.005085582,False,0.0
265506.375424209,20000000,-0.002480343,0.003564451,-0.006021023,0.06205636,-0.007315357,0.004542774,False,0.0
265506.395424209,0,-0.0031137913,0.0038873386,-0.0035820603,0.06288863,0.0013648281,0.006718887,False,0.0
265506.415424209,20000000,-0.003457263,0.0022042878,-0.0017133355,0.068777815,0.0055068037,0.0074611665,False,0.0
265506.435424209,0,-0.0035846084,0.0015804786,-0.0010206699,0.073183745,0.006309188,0.0010128701,False,0.0
265506.455424209,20000000,-0.003694564,0.004160743,-0.0027006269,0.06872615,0.010482729,0.0028710773,False,0.0
265506.475424209,0,-0.001191631,0.0014494807,-0.0018427372,0.06450857,0.019404177,0.0018828678,False,0.0
265506.495424209,0,0.0031883866,-0.0039708037,-0.0030317903,0.07326506,0.032343272,-0.0082004545,False,0.0
265506.515424209,20000000,0.0024455935,-0.0042009223,0.0015423894,0.08334748,0.045966305,-0.011185357,False,0.0
265506.535424209,0,0.001809448,-0.002737034,0.0043940544,0.090494685,0.044843256,-0.0050172214,False,0.0
265506.555424209,20000000,0.0035296679,0.0004672855,0.0032674074,0.08679967,0.033152174,0.0114138,False,0.0
265506.575424209,0,0.013945207,-0.0007304922,-0.0028688312,0.07174094,0.040402867,0.015357137,False,0.0
265506.595424209,0,0.018932924,0.0017585345,-0.0035161376,0.052693155,0.052347768,0.011331614,False,0.0
265506.615424209,20000000,0.011776164,0.010877622,0.003336072,0.025584573,0.0545674,0.013404043,False,0.0
265506.635424209,0,0.0019133836,0.01593596,0.012352943,0.0014224853,0.0330403,0.026007775,False,0.0
265506.655424209,0,-0.0014938265,0.014723334,0.01453644,-0.013925249,0.0047739577,0.05648568,False,0.0
265506.67542421,20000000,1.6272068e-05,0.010494938,0.013010681,-0.021976365,-0.019300977,0.08003913,False,0.0
265506.69542421,0,0.002880752,0.0048689693,0.0069053173,-0.023426184,-0.030497681,0.09090319,False,0.0
265506.71542421,0,0.002317071,0.0020637698,0.003328681,-0.03134357,-0.03559408,0.09332693,False,0.0
265506.73542421,0,-0.00088848174,0.0016789027,0.004108131,-0.034905083,-0.039870065,0.09503133,False,0.0
265506.75542421,0,-0.0025120229,-0.0012547262,0.0024629831,-0.03825879,-0.048510566,0.08591001,False,0.0
265506.77542421,20000000,-0.0027368069,-0.0032647997,-0.001842022,-0.04316162,-0.05901414,0.081906594,False,0.0
265506.79542421,0,0.0029935837,-0.008355707,-0.0074290633,-0.04646555,-0.04326511,0.059882868,False,0.0
265506.81542421,20000000,0.0020164698,-0.007969104,-0.00667578,-0.048471108,-0.02277384,0.029649492,False,0.0
265506.83542421,0,-0.0018357188,-0.004606936,-0.0051798224,-0.057375897,-0.015930172,0.0015042145,False,0.0
265506.85542421,0,0.0008433014,-0.0064424053,-0.0065033436,-0.0688402,-0.010928297,-0.036159962,False,0.0
265506.87542421,20000000,0.0011277646,-0.0057691243,-0.0060207844,-0.0848055,0.0031213388,-0.07969555,False,0.0
265506.89542421,0,-0.0010263026,-0.0058844667,-0.0021805167,-0.092170104,0.009150118,-0.11583648,False,0.0
265506.91542421,0,-0.00039054453,-0.0068584383,-0.0013682842,-0.098303415,0.01117314,-0.14590628,False,0.0
265506.93542421,0,0.00083991885,-0.006947845,-0.0025194883,-0.10364329,0.014022201,-0.16408902,False,0.0
265506.95542421,0,0.0016222745,-0.006590983,-0.00021982193,-0.110829785,0.017797295,-0.18341233,False,0.0
265506.97542421,20000000,0.0018321574,-0.0064951684,0.00039756298,-0.10859865,0.014209775,-0.19495407,False,0.0
265506.99542421,0,0.0020266473,-0.0032766564,0.0014604926,-0.09727267,0.01832091,-0.19660549,False,0.0
265507.01542421,0,0.0009781122,0.0033603003,0.0012778044,-0.08599297,0.01007683,-0.19111162,False,0.0
265507.03542421,20000000,0.001367569,0.007021007,0.0012336373,-0.07375923,0.009211096,-0.17782786,False,0.0
265507.05542421,0,-0.0015154034,0.010577048,0.005390525,-0.064101025,0.010070118,-0.15556952,False,0.0
265507.07542421,20000000,-0.0052508265,0.0119073335,0.0064563155,-0.0461556,-0.007122551,-0.12662761,False,0.0
265507.09542421,0,-0.004535198,0.012813836,-0.0016312599,-0.03660275,-0.01971909,-0.101299435,False,0.0
265507.11542421,0,0.0035402477,0.008719112,-0.011269271,-0.025528066,-0.006591567,-0.087223954,False,0.0
265507.13542421,20000000,-0.00031545758,0.008544504,-0.0068306327,-0.016009392,0.012164154,-0.07501062,False,0.0
265507.15542421,0,-0.004705742,0.0056975326,-0.00022518635,-0.002644224,0.006971977,-0.051506996,False,0.0
265507.17542421,0,-0.0052870363,0.00036835368,-0.0006619096,0.010624514,0.016082268,-0.038639903,False,0.0
265507.19542421,0,-0.003968522,-0.0012685,-0.000510633,0.019723939,0.021729106,-0.036184452,False,0.0
265507.21542421,0,-0.004565358,-0.004793006,-0.0015664697,0.026034215,0.029565867,-0.038659103,False,0.0
265507.23542421,20000000,-0.0048707426,-0.0066232346,-0.0028765798,0.03303153,0.03627795,-0.043026887,False,0.0
265507.25542421,0,-0.0036900192,-0.007401798,-0.006308913,0.042319167,0.042045668,-0.05192964,False,0.0
265507.27542421,20000000,-0.0026518703,-0.012544882,-0.006608486,0.055488497,0.0582958,-0.070831224,False,0.0
265507.29542421,0,-0.0006827712,-0.014107332,-0.013214111,0.06459848,0.084172666,-0.09853117,False,0.0
265507.31542421,0,0.00200814,-0.007994965,-0.015548825,0.06414961,0.096869506,-0.1158757,False,0.0
265507.33542421,20000000,0.0047757328,-0.006457815,-0.013325393,0.052922416,0.1293822,-0.13609646,False,0.0
265507.35542421,0,0.0048906654,-0.0024365862,-0.008522272,0.0491146,0.15022251,-0.14997825,False,0.0
265507.37542421,20000000,0.0058858693,-0.0027050027,0.00010740757,0.043608665,0.16513512,-0.16301543,False,0.0
265507.39542421,0,0.009185046,-0.0050281244,0.004469216,0.04123066,0.16929708,-0.1737176,False,0.0
265507.41542421,20000000,0.010748774,0.0029206644,0.0048995614,0.03376533,0.16985552,-0.18599403,False,0.0
265507.43542421,0,0.009554803,0.012118807,0.0079577565,0.027201382,0.15546034,-0.18435863,False,0.0
265507.45542421,20000000,0.004845023,0.01744603,0.011125743,0.015965912,0.13036066,-0.16879874,False,0.0
265507.47542421,0,0.00291121,0.023682749,0.008633018,-0.0048109163,0.107970856,-0.14429462,False,0.0
265507.49542421,0,0.0018111765,0.022842508,0.010109901,-0.014413843,0.07922775,-0.11879068,False,0.0
265507.51542421,20000000,0.0029787123,0.01908737,0.0063343644,-0.013102677,0.059407555,-0.09714719,False,0.0
265507.53542421,0,0.0065833926,0.013604046,0.0029399395,-0.016045254,0.06073808,-0.080332324,False,0.0
265507.55542421,0,0.0032306015,0.00640097,0.006099224,0.010224465,0.04152203,-0.0633988,False,0.0
265507.57542421,20000000,0.002633065,0.0024555817,0.0071753263,0.039674576,0.03720482,-0.046042927,False,0.0
265507.59542421,0,0.0023181438,-0.0011555895,0.008037865,0.07768823,0.034330133,-0.032480814,False,0.0
265507.61542421,20000000,0.0024119616,-0.0015061209,0.0017030239,0.09659957,0.02485099,-0.016859492,False,0.0
265507.63542421,0,0.007294506,0.0031884538,-0.0061547756,0.086186096,0.040847547,-0.018738585,False,0.0
265507.65542421,20000000,0.012176603,0.007882457,-0.014015973,0.07577261,0.0568441,-0.020617675,False,0.0
265507.67542421,40000000,0.006335318,0.014353186,-0.0065824986,0.06269887,0.074370265,-0.019516282,False,0.0
265507.69542421,0,-0.00061920285,0.012097144,0.0042536855,0.06481037,0.07582152,-0.012394365,False,0.0
265507.71542421,0,-0.002070129,0.0074678855,0.008219421,0.09071198,0.057537246,-0.00046144333,False,0.0
265507.73542421,0,0.00038054585,0.0043221153,0.0055601,0.11609538,0.045831613,0.0016388972,False,0.0
265507.755424211,0,-0.0009306669,0.0047163554,0.005282879,0.1308204,0.045171145,0.008040212,False,0.0
265507.775424211,20000000,-0.0022414625,0.005109854,0.004998088,0.1455454,0.044510674,0.014441527,False,0.0
265507.79542421,40000000,-0.0058577657,0.0020086914,0.0018347502,0.14917727,0.033305407,0.033594973,False,0.0
265507.815424211,60000000,-0.00338009,-0.004664963,-0.0016644001,0.15467781,0.042914182,0.045333482,False,0.0
265507.835357375,0,-0.0027546517,-0.009995733,-0.0034214696,0.15524101,0.039866827,0.04842593,False,0.0
265507.855357375,0,0.0011431873,-0.011295587,-0.0041640997,0.146294,0.035518624,0.04303739,False,0.0
265507.875357375,0,0.0025358796,-0.013234794,-0.0038454533,0.14705673,0.041950375,0.026561294,False,0.0
265507.895357375,0,0.00069865584,-0.012615602,-0.0013091564,0.15618815,0.045181707,0.016889408,False,0.0
265507.915357375,0,-0.00040125847,-0.013733879,0.0014135242,0.17516753,0.04269945,0.0066835247,False,0.0
265507.935357375,20000000,0.0005234778,-0.014399607,0.0033423305,0.20019673,0.04222512,-0.007435715,False,0.0
265507.955357375,0,0.00037696958,-0.013026569,0.004831493,0.22595811,0.04198748,-0.018032562,False,0.0
265507.975357375,0,0.0008966327,-0.011802591,0.006345272,0.2511109,0.046703007,-0.024394825,False,0.0
265507.995357375,0,-0.0010274351,-0.010861691,0.007819533,0.26792148,0.047440812,-0.019429859,False,0.0
265508.015357375,0,-0.0013414919,-0.008405697,0.006563008,0.26051897,0.048397787,0.0037201494,False,0.0
265508.035357375,20000000,-0.0016548932,-0.0059528872,0.0052779317,0.2531165,0.04935476,0.026870156,False,0.0
265508.055357375,0,-0.0008922219,-0.0077639,0.0031108856,0.23021601,0.053957306,0.05021801,False,0.0
265508.075357375,20000000,-0.0040115416,-0.008624293,0.006347835,0.20583662,0.049863413,0.06992368,False,0.0
265508.095357375,0,-0.005417824,-0.010986656,0.0068740845,0.18010312,0.043363888,0.09512599,False,0.0
265508.115357375,0,-0.004808724,-0.016405798,0.007530391,0.1527935,0.032926448,0.122939676,False,0.0
265508.135357375,20000000,-0.0045612454,-0.02283582,0.010272324,0.13173024,0.026852721,0.16248982,False,0.0
265508.155357375,0,-0.0036033094,-0.030422978,0.0107809305,0.11838917,0.012638568,0.19903097,False,0.0
265508.175357375,20000000,0.007234454,-0.038190387,0.0045114756,0.10838632,0.009665719,0.21900839,False,0.0
265508.195357375,0,0.01742962,-0.043508492,0.0009801388,0.095129855,0.026999082,0.20927522,False,0.0
265508.215357375,0,0.016125351,-0.045549303,0.0052801967,0.0776092,0.04435894,0.18351638,False,0.0
265508.255357375,0,0.0052640736,-0.04175718,0.015045762,0.04977161,0.023653612,0.13530011,False,0.0
265508.275357375,0,0.004674822,-0.03837464,0.015415251,0.03192135,0.0064930953,0.11092421,False,0.0
265508.295357375,20000000,0.0034139156,-0.03288492,0.0156181455,0.010242859,-0.009581054,0.08896945,False,0.0
265508.315357375,0,0.0049419403,-0.029500186,0.012082636,-0.01554811,-0.019495178,0.06589882,False,0.0
265508.335357376,20000000,0.0064712167,-0.02378878,0.0069052577,-0.0432761,-0.020087538,0.041986078,False,0.0
265508.355357376,0,-9.1701746e-05,-0.016805805,0.0076146126,-0.0711084,-0.025810119,0.036387663,False,0.0
265508.375357376,0,-0.0035972595,-0.015999645,0.007152796,-0.08803406,-0.020171568,0.035964347,False,0.0
265508.395357376,20000000,-0.0051692724,-0.017701201,0.006649792,-0.077801004,-0.021961637,0.05618254,False,0.0
265508.415357376,0,-0.0022960603,-0.01920829,0.0050191283,-0.0580364,-0.014567364,0.07488587,False,0.0
265508.435357376,0,-0.001200974,-0.019297317,0.00701046,-0.033862494,0.0004891334,0.088588424,False,0.0
265508.455357376,20000000,-0.00010538101,-0.019386254,0.009001851,-0.009688595,0.015545629,0.10229098,False,0.0
265508.475357376,40000000,0.0009907782,-0.019475058,0.010993242,0.014485305,0.030602127,0.11599354,False,0.0
265508.495357376,0,0.0018651187,-0.023880288,0.018603742,0.03512855,0.03345022,0.13166152,False,0.0
265508.515357376,20000000,0.0041675866,-0.029780768,0.02394563,0.052012343,0.032768328,0.14369933,False,0.0
265508.535357376,0,0.0022923946,-0.03160026,0.028104544,0.043535583,0.022887647,0.14953302,False,0.0
265508.555357376,20000000,0.00042301416,-0.03341966,0.03226149,0.03505882,0.013006967,0.1553667,False,0.0
265508.575357376,40000000,-0.0015287697,-0.03765616,0.03769487,0.011294678,0.0019032126,0.16163535,False,0.0
265508.595357376,0,-0.0052098036,-0.044929028,0.045992732,-0.0011717826,-0.018206313,0.17869674,False,0.0
265508.615357376,20000000,-0.0036215186,-0.04632047,0.048939884,-0.005509518,-0.024066081,0.19317104,False,0.0
265508.635357376,0,-0.0019144714,-0.049303822,0.05528176,-0.0011458164,-0.039405234,0.18364942,False,0.0
265508.655357376,20000000,-0.00020295382,-0.052291833,0.061622918,0.0032178848,-0.054744385,0.1741278,False,0.0
265508.675357376,40000000,-0.0014099777,-0.040068947,0.06446713,0.028349025,-0.11979247,0.15482906,False,0.0
265508.695357376,0,0.0018865168,-0.016540192,0.061412156,0.030074261,-0.1562026,0.21200818,False,0.0
265508.715357376,20000000,0.014446825,-0.023503877,0.055904686,0.054920513,-0.13591075,0.287823,False,0.0
265508.735357376,0,0.026331902,-0.021384329,0.048565984,0.05734368,-0.101445265,0.35194954,False,0.0
265508.755357376,0,0.024859607,-0.01897873,0.039093494,0.02326123,-0.09078367,0.3577072,False,0.0
265508.775357376,20000000,0.0184924,-0.021995917,0.035193622,-0.008662019,-0.059557565,0.31831905,False,0.0
265508.795357376,0,0.00957185,-0.016432911,0.031502366,0.021204835,-0.08071702,0.26688698,False,0.0
265508.815357376,0,0.010671943,-0.003927037,0.012723744,0.044943463,-0.07907474,0.17780268,False,0.0
265508.835357376,20000000,0.00041905046,0.005220011,0.015295863,0.054900732,-0.09621318,0.11107946,False,0.0
265508.855357376,0,-0.002188772,0.01608029,0.00054597855,0.035973087,-0.10330299,0.062470037,False,0.0
265508.875357376,20000000,-0.0055350065,0.029230945,-0.011944711,0.081838116,-0.1392951,0.03563819,False,0.0
265508.895357376,0,-0.003829509,0.04938273,-0.027119815,0.1399372,-0.1401403,0.042339724,False,0.0
265508.915357376,20000000,0.008708835,0.063501984,-0.057685375,0.12840444,-0.0883514,0.046173718,True,0.0
265508.935357376,0,0.013158679,0.06744567,-0.065500915,0.15124942,-0.0723446,0.06665994,True,0.013333333333333334
265508.955357376,20000000,0.01761283,0.07138693,-0.07332981,0.17409441,-0.056337796,0.08714617,True,0.02666666666666667
265508.975357376,0,0.019279838,0.06892247,-0.072211444,0.1671908,-0.013368119,0.102996625,True,0.04
265508.995357376,0,0.010562763,0.05822151,-0.056658745,0.17943554,-0.015780937,0.12542297,True,0.05333333333333334
265509.015357376,0,0.016783819,0.0457052,-0.06609684,0.18596822,0.04329313,0.10738503,True,0.06666666666666667
265509.035357376,20000000,0.01277791,0.054613248,-0.0685851,0.17484982,0.09978179,0.1206257,True,0.08
265509.055357376,0,0.0066460073,0.050555773,-0.049361467,0.15441065,0.12724622,0.12365409,True,0.09333333333333334
265509.075357376,20000000,0.0005261004,0.046501234,-0.030153275,0.13397147,0.15471065,0.12668248,True,0.10666666666666667
265509.095357376,40000000,0.0006722808,0.043942913,-0.018226624,0.12852181,0.15646797,0.11406337,True,0.12
265509.115357376,0,0.011351287,0.048490435,-0.03293699,0.11935291,0.13974185,0.09446798,True,0.13333333333333333
265509.135357376,0,0.010347068,0.04744363,-0.024853885,0.089878164,0.12730446,0.07105017,True,0.14666666666666667
265509.155357376,0,0.007986456,0.048283592,-0.016404212,0.02526179,0.12477486,0.05407936,True,0.16
265509.175357376,20000000,0.009938985,0.03707473,-0.005509317,-0.051497668,0.15186262,0.045450658,True,0.17333333333333334
265509.195357376,0,0.012511432,0.041540936,-0.006592214,-0.11739468,0.1722747,0.04932528,True,0.18666666666666668
265509.215357376,20000000,0.0083370805,0.038987994,-0.019709766,-0.19800687,0.19666685,0.03838143,True,0.2
265509.235357376,0,0.009729445,0.046549007,-0.031553924,-0.29873616,0.21316251,0.01896198,True,0.21333333333333335
265509.255357376,0,0.0015720129,0.032079846,-0.008867681,-0.39355224,0.2201569,-0.00973689,True,0.22666666666666666
265509.275357376,20000000,-0.013323307,0.022106156,0.029513478,-0.40616813,0.21916236,-0.009721644,True,0.24
265509.295357376,0,-0.007070005,0.01726158,0.022877574,-0.34127262,0.19493909,0.0050057154,True,0.25333333333333335
265509.315357376,0,0.0006610751,0.019166246,-0.0074658394,-0.30446577,0.15995543,-0.011738677,True,0.26666666666666666
265509.335357376,0,-0.00919053,0.024753734,-0.0019343495,-0.29335985,0.115065575,-0.0095457155,True,0.28
265509.375357376,0,-0.0073807538,-0.003949493,-0.0001052618,-0.24808216,0.03290999,-0.058597382,True,0.29333333333333333
265509.395357376,20000000,-0.029390454,0.0027342662,0.015156269,-0.20260313,-0.015098307,-0.13116595,True,0.30666666666666664
265509.415357377,0,-0.008769721,0.014089227,-0.031134486,-0.15917791,-0.050116066,-0.17867413,True,0.32
265509.435357377,0,0.004903555,0.021884821,-0.0505026,-0.14595124,-0.04465202,-0.21025659,True,0.3333333333333333
265509.455357377,0,0.0020017624,0.0254521,-0.042351484,-0.20595202,-0.0035390668,-0.21850841,True,0.3466666666666667
265509.475357377,20000000,-0.012113243,-0.0027561933,-0.00024855137,-0.24800974,0.048798673,-0.24794017,True,0.36
265509.495357377,0,-0.0090100765,-0.00027471036,-0.010039985,-0.29105908,0.07482946,-0.26087216,True,0.37333333333333335
265509.515357377,0,-0.011201322,0.019118883,-0.019142985,-0.32645586,0.121727124,-0.26237905,True,0.38666666666666666
265509.535357377,20000000,-0.015112549,0.036039308,-0.014907181,-0.2895801,0.08299823,-0.2307046,True,0.4
265509.555357377,0,-0.0069179237,0.030718077,-0.009336054,-0.2361703,0.107700124,-0.21048984,True,0.41333333333333333
265509.575357377,20000000,0.0033035874,0.020459022,-0.007996917,-0.17613953,0.13933273,-0.18784133,True,0.4266666666666667
265509.595357377,0,0.0074611604,0.034211025,-0.002143979,-0.10919735,0.075419836,-0.13580875,True,0.44
265509.615357377,0,0.0015925467,0.01916667,0.008398235,-0.072066166,0.12576792,-0.10442147,True,0.4533333333333333
265509.635357377,20000000,-0.007723242,0.0012916848,0.014551282,0.00768438,0.08309251,-0.06742381,True,0.4666666666666667
265509.655357377,0,0.0010847747,-0.012325339,0.007252872,0.044012066,0.08998388,-0.07897797,True,0.48
265509.675357377,20000000,0.0058847666,0.0075670555,-0.017491043,0.0089590885,0.09486511,-0.113959886,True,0.49333333333333335
265509.695357377,0,0.012874812,0.009364553,-0.026905477,-0.008983368,0.061632156,-0.16172889,True,0.5066666666666667
265509.715357377,0,0.016018242,0.015640717,-0.017769635,-0.028146118,0.057165496,-0.1949532,True,0.52
265509.735357377,0,0.013874352,0.028479509,0.0025272965,-0.078100994,0.04653078,-0.13942395,True,0.5333333333333333
265509.755357377,0,0.01902166,0.01918934,0.012160242,-0.12897474,0.028432176,-0.117902994,True,0.5466666666666666
265509.775357377,20000000,0.014993221,0.01926224,0.004755974,-0.19330701,0.03056823,-0.13596042,True,0.56
265509.795357377,0,0.010728687,0.02784919,0.00020456314,-0.2560237,0.017602418,-0.11676478,True,0.5733333333333334
265509.815357377,20000000,0.012008846,0.013102647,-0.007132292,-0.30143481,0.05707615,-0.10462916,True,0.5866666666666667
265509.835357377,0,0.020873457,-0.012586009,-0.00035828352,-0.30318317,0.075043224,-0.099007055,True,0.6
265509.855357377,0,0.023857355,-0.0011975579,-0.011316836,-0.2983114,0.109827235,-0.10744314,True,0.6133333333333333
265509.875357377,20000000,0.0024953485,4.9019232e-05,0.008105874,-0.30129045,0.10701981,-0.08087986,True,0.6266666666666667
265509.895357377,0,0.0016774833,-0.016379343,0.019780636,-0.30265662,0.11332074,-0.06926357,True,0.64
265509.915357377,0,0.01040706,-0.016271364,0.011424303,-0.30984613,0.117778584,-0.09491285,True,0.6533333333333333
265509.935357377,0,0.0004170835,-0.02226393,0.014604986,-0.34775865,0.093281016,-0.13594015,True,0.6666666666666666
265509.955357377,0,-0.013315648,-0.038934223,0.035704613,-0.34846365,0.11534713,-0.17879763,True,0.68
265509.975357377,20000000,-0.05461389,-0.05240385,0.089101255,-0.2516608,-0.05345182,-0.22797808,True,0.6933333333333334
265509.995357377,0,0.03225124,0.03421683,-0.03993231,-0.27678448,0.048069313,-0.18457022,True,0.7066666666666667
265510.015357377,0,0.018392831,0.02104636,-0.020484447,-0.2889749,0.04352884,-0.13912159,True,0.72
265510.035357377,0,-0.0042131543,-0.010526352,0.0077753663,-0.31750554,0.008075789,-0.14407896,True,0.7333333333333333
265510.055357377,0,-0.0010996461,-0.024139151,0.0048529506,-0.33986828,0.006605471,-0.19435185,True,0.7466666666666667
265510.075357377,20000000,-0.01026392,0.0052349903,-0.0009331703,-0.32345527,-0.02128463,-0.20954987,True,0.76
265510.095357377,0,-0.003541112,0.02600399,-0.018924236,-0.36074287,0.032109223,-0.13087222,True,0.7733333333333333
265510.115357377,0,0.019607961,-0.0011161789,-0.023034215,-0.42720568,0.1008714,-0.09692888,True,0.7866666666666666
265510.135357377,0,-0.003747046,-0.03130077,0.023307085,-0.36534813,0.100779966,-0.1452753,True,0.8
265510.155357377,0,-0.0038919747,-0.009684883,0.00606966,-0.3015835,0.032655664,-0.1669748,True,0.8133333333333334
265510.175357377,0,-0.0026682615,-0.016412951,0.0073826313,-0.28026488,0.059266664,-0.15129635,True,0.8266666666666667
265510.195357377,20000000,-0.004881501,-0.009420678,0.004657626,-0.24363583,0.06935987,-0.12796453,True,0.84
265510.215357377,0,-3.746152e-05,0.0013224855,0.0027506948,-0.20975582,0.03834524,-0.12915652,True,0.8533333333333334
265510.235357377,0,-0.006707102,-0.014469884,0.017132163,-0.14019334,0.0032674335,-0.10287187,True,0.8666666666666667
265510.255255958,0,-0.0035552126,-0.0068312213,0.0074892887,-0.117978275,-0.008575263,-0.08343693,True,0.88
265510.275255958,0,-0.0044210553,-0.008016057,0.010240436,-0.12203028,-0.037300434,-0.09743728,True,0.8933333333333333
265510.295255958,0,-0.0025933087,-0.0005098656,0.008012652,-0.14440854,-0.058080047,-0.10296127,True,0.9066666666666666
265510.315255958,0,-0.0018983483,0.0014260933,0.010878146,-0.15028638,-0.07531985,-0.0938837,True,0.92
265510.335255958,0,0.003050834,-0.006207995,0.0059283376,-0.1340194,-0.07090637,-0.08281853,True,0.9333333333333333
265510.355255958,0,0.008956641,-0.005884446,-0.0026319623,-0.121139005,-0.047217414,-0.08272539,True,0.9466666666666667
265510.375255958,20000000,0.008077472,-0.0014723912,-0.0047308207,-0.12628552,-0.018311825,-0.08242019,True,0.96
265510.395255958,0,-0.00041884184,0.004484229,0.0047555566,-0.13546675,-0.0035471534,-0.054390945,True,0.9733333333333334
265510.415255959,20000000,0.004778564,-0.0025396869,0.008374393,-0.14068192,0.0022935113,0.0056520402,True,0.9866666666666667
265510.435255959,0,0.017444402,0.026021153,-0.009252369,-0.16546683,0.059558734,0.086877495,True,1.0
265510.455255959,0,0.012316972,0.039272636,-0.0073248744,-0.17186376,0.09735146,0.19073106,True,1.0
265510.475255959,20000000,-0.007462561,0.001154229,0.034009278,-0.08739861,0.04637688,0.24844192,True,1.0
265510.495255959,0,-0.004744351,-0.0029004961,0.019715905,-0.0019917116,-0.040575515,0.20464921,True,1.0
265510.515255959,0,-0.0092971325,-0.009065777,0.02265948,0.057349257,-0.10344905,0.13442698,True,1.0
265510.535255959,20000000,-0.014653057,-0.011289209,0.024641633,0.12113496,-0.15433869,0.09745313,True,1.0
265510.555255959,0,-0.018178314,0.0024440289,0.014567614,0.15736592,-0.1694288,0.10612092,True,1.0
265510.575255959,20000000,-0.005302191,0.012641065,-0.0053972006,0.16501975,-0.16243994,0.12610514,True,1.0
265510.595255959,0,0.0060655773,0.018721089,-0.0139045715,0.17335959,-0.1159841,0.1589039,True,1.0
265510.615255959,20000000,0.005571097,0.017111145,-0.009384334,0.1590519,-0.053742267,0.20111501,True,1.0
265510.635255959,0,0.008601695,0.009322956,-0.006836176,0.15953724,-0.019530896,0.21674679,True,1.0
265510.655255959,0,-0.0004911721,-0.0019236878,0.0038389564,0.15299305,-0.011204419,0.19559258,True,1.0
265510.675255959,20000000,-0.006228566,-0.009706631,0.016274333,0.15475944,-0.061094716,0.16088939,True,1.0
265510.695255959,0,0.0002784431,-0.002130814,0.003763795,0.10175046,-0.09942217,0.091312304,True,1.0
265510.715255959,0,0.008839518,0.0050642565,-0.010507107,0.0027982965,-0.13356592,0.012067616,True,1.0
265510.735255959,20000000,0.0076346695,0.0018109754,-0.010291576,-0.13532081,-0.12712589,-0.08567535,True,1.0
265510.755255959,0,0.0046955347,-0.004145041,-0.008371234,-0.2551644,-0.11610405,-0.17454089,True,1.0
265510.775255959,20000000,0.0026822984,-0.005710691,-0.011620164,-0.3509758,-0.1009458,-0.26578963,True,1.0
265510.795255959,0,0.009755611,0.010342345,-0.030469656,-0.49959594,-0.07432338,-0.36197966,True,1.0
265510.815255959,0,0.014115572,-0.0017746538,-0.0140167475,-0.67448884,-0.074752875,-0.4846806,True,1.0
265510.835255959,20000000,-0.029055059,-0.04535822,0.052928805,-0.7555941,-0.05729701,-0.5627126,True,1.0
265510.855255959,0,-0.053143054,-0.04470513,0.07829571,-0.5594726,-0.20058298,-0.5034652,True,1.0
265510.875255959,20000000,-0.020124435,-0.020958737,0.018681228,-0.43460932,-0.23518175,-0.48285803,True,1.0
265510.895255959,0,0.0022012293,0.0049597025,-0.020775974,-0.42620412,-0.21555902,-0.4786132,True,1.0
265510.915255959,0,0.008797973,0.009607151,-0.02246213,-0.46731275,-0.17199041,-0.49522382,True,1.0
265510.935255959,20000000,-0.00480631,0.006319329,0.0053074956,-0.48793072,-0.16112223,-0.5039762,True,1.0
265510.955255959,0,0.0013889074,0.007862613,0.007016897,-0.4821627,-0.18285668,-0.47034803,True,1.0
265510.975255959,0,0.0074396133,0.0021681637,0.011055827,-0.49062896,-0.13831024,-0.43264928,True,1.0
265510.995255959,20000000,0.00034418702,-0.0030355155,0.019695222,-0.45671993,-0.11868786,-0.3865526,True,1.0
265511.015255959,0,-0.0014334619,-0.01160492,0.018687665,-0.39500326,-0.13278063,-0.34844258,True,1.0
265511.035255959,20000000,-0.0012326539,-0.016243845,0.014271855,-0.33943436,-0.09977333,-0.3117789,True,1.0
265511.055255959,0,-0.00622499,-0.0045476556,0.009767175,-0.2595594,-0.08207141,-0.2420142,True,1.0
265511.075255959,0,-0.012222707,-0.020624608,0.016865313,-0.14928497,-0.05179143,-0.1761727,True,1.0
265511.095255959,0,-0.004746437,-0.01693073,0.00021457672,-0.03273458,-0.008278739,-0.12089212,True,1.0
265511.115255959,0,-0.007823497,-0.008128345,-0.0016143918,0.021951173,0.045916118,-0.07139353,True,1.0
265511.135255959,20000000,-0.017351657,0.0047777593,0.016163409,0.04727125,0.05398956,-0.025870606,True,1.0
265511.155255959,0,-0.0010764003,-0.008141816,0.010970771,-0.02405575,0.029267156,-0.056579396,True,1.0
265511.175255959,0,0.00043913722,0.002986282,-0.00037646294,-0.1350033,0.06318557,-0.13991626,True,1.0
265511.195255959,0,-0.00237903,0.005152017,-0.00029182434,-0.1633391,0.020477727,-0.17017822,True,1.0
265511.215255959,0,0.0059443414,0.018407881,-0.011748016,-0.24848144,0.033840477,-0.20239396,True,1.0
265511.235255959,20000000,0.011074126,0.022213668,-0.0107911825,-0.30744514,0.046010524,-0.18005611,True,1.0
265511.255255959,0,0.017617643,0.023008317,-0.019465804,-0.35462746,0.09500068,-0.13791385,True,1.0
265511.275255959,0,0.01595217,0.025124937,-0.02648598,-0.37687194,0.14995603,-0.13042644,True,1.0
265511.295255959,0,0.018711388,0.03927815,-0.042213142,-0.3554041,0.1394435,-0.08572076,True,1.0
265511.315255959,0,0.016909659,0.037783444,-0.04436654,-0.25311032,0.07213756,-0.053748067,True,1.0
265511.335255959,20000000,0.0017089546,0.034566402,-0.056320906,-0.12234782,0.031770434,-0.016161114,True,1.0
265511.355255959,0,0.028932095,0.054920256,-0.10590541,0.03746833,0.07745969,-0.009429682,True,1.0
265511.375255959,0,0.02966848,0.06781551,-0.11660379,0.21772617,0.047109373,0.015254589,True,1.0
265511.395255959,0,0.017906815,0.09739667,-0.10955155,0.39750704,0.08478436,0.058799,True,1.0
265511.415255959,0,0.02090329,0.082416475,-0.095475376,0.56179875,0.13511297,0.1198955,True,1.0
265511.435255959,20000000,0.02392596,0.067478865,-0.0815385,0.72609043,0.18544158,0.180992,True,1.0
265511.455255959,0,0.014453769,0.077118725,-0.051405966,0.80206925,0.23512727,0.24072304,True,1.0
265511.475255959,20000000,0.0050407946,0.08683935,-0.021575391,0.87804806,0.28481296,0.30045408,True,1.0
265511.49525596,0,-0.033335388,0.039005727,0.04558605,0.9098229,0.2097911,0.39963758,True,1.0
265511.51525596,20000000,0.0278669,0.04524228,-0.005001545,0.9692681,0.27544388,0.38611767,True,1.0
265511.53525596,0,-0.011144519,0.070714265,0.024332881,0.99098116,0.28148064,0.42902616,True,1.0
265511.55525596,20000000,-0.011107594,0.05853544,0.04808247,0.91909915,0.28327295,0.64284873,True,1.0
265511.57525596,0,-0.017010301,-0.014518857,0.047836423,0.8556678,0.2905458,0.6320146,True,1.0
265511.59525596,0,-0.027800143,0.009189919,0.05432564,0.9472047,0.048626974,0.4723854,True,1.0
265511.61525596,20000000,-0.026016176,0.0050137937,0.047317564,0.93560576,0.006788343,0.34751475,True,1.0
265511.63525596,0,-0.015943885,0.027850926,0.032133162,0.88892347,-0.0046970593,0.3063721,True,1.0
265511.65525596,0,-0.0007546246,0.02433984,0.014123201,0.84488434,-0.01973013,0.3010841,True,1.0
265511.67525596,20000000,0.011939347,0.016936988,-0.0040402412,0.7988181,-0.0056387736,0.22453545,True,1.0
265511.69525596,0,0.0051507354,0.024563357,0.00071424246,0.7342931,-0.0011596377,0.1524219,True,1.0
265511.71525596,20000000,0.0019264817,0.010833688,0.0051721334,0.7155809,-0.048095018,0.07568812,True,1.0
265511.73525596,0,-0.0044035017,-0.0028331429,0.010140479,0.76037246,-0.1253961,-0.03556315,True,1.0
265511.75525596,0,-0.00050252676,-0.0063275606,0.010313392,0.8587222,-0.22215636,-0.09207913,True,1.0
265511.77525596,20000000,0.014700532,-0.020562451,0.004961729,0.91629326,-0.25104406,-0.15083566,True,1.0
265511.79525596,0,0.016130537,-0.031566355,0.009206831,0.94304335,-0.2258027,-0.20568605,True,1.0
265511.81525596,0,0.023668528,-0.09273339,0.013803959,1.0352359,-0.27026346,-0.3639391,True,1.0
265511.83525596,0,-0.007704824,-0.11638176,0.006596923,1.1547456,-0.30560318,-0.70235485,True,1.0
265511.85525596,0,-0.04910806,-0.0792779,0.013338864,1.2420441,-0.4279433,-0.92080885,True,1.0
265511.87525596,20000000,-0.045745373,-0.056396194,0.00418365,1.3131397,-0.5143177,-1.0875478,True,1.0
265511.89525596,0,-0.026138544,-0.004775092,-0.027395785,1.2918702,-0.4811752,-1.1332515,True,1.0
265511.91525596,0,-0.0024611652,0.043705463,-0.05207348,1.2272372,-0.40876073,-1.0444969,True,1.0
265511.93525596,0,0.0028934479,0.10406223,-0.065160036,1.08108,-0.26836145,-0.8649562,True,1.0
265511.95525596,20000000,0.020874143,0.16212323,-0.079785645,0.80831385,-0.015044332,-0.56780565,True,1.0
265511.97525596,0,0.042070687,0.16299996,-0.09242606,0.57186496,0.18754414,-0.28699958,True,1.0
265511.99525596,0,0.04486811,0.16318277,-0.075009644,0.30811667,0.45498696,-0.010273457,True,1.0
265512.01525596,20000000,0.031620562,0.12553027,-0.029862225,0.06297971,0.6034673,0.22039951,True,1.0
265512.03525596,0,0.035844594,0.08977507,-0.0035221577,-0.24907838,0.80505836,0.3939721,True,1.0
265512.05525596,0,0.020166755,0.05161962,0.022310376,-0.62126505,0.7764998,0.39609137,True,1.0
265512.07525596,20000000,0.0044523776,0.013601556,0.047837794,-0.9934517,0.7479413,0.39821064,True,1.0
265512.09525596,40000000,0.028600514,0.05323764,0.020277917,-1.3613269,0.6454971,0.3726949,True,1.0
265512.11525596,0,-0.028610736,-0.05656559,0.062220156,-1.8154769,0.50458544,-0.03025502,True,1.0
265512.13525596,20000000,-0.027561367,-0.03664317,0.0961774,-2.247256,0.25018096,0.04627659,True,1.0
265512.15525596,0,-0.06649163,-0.13188894,0.17913663,-2.18925,0.12549853,-0.07227919,True,1.0
265512.17525596,0,-0.05236101,-0.10518368,0.13476801,-2.103697,0.0022428483,-0.03900331,True,1.0
265512.19525596,20000000,-0.023791075,-0.08495076,0.071683764,-2.0069478,-0.025620287,-0.07015807,True,1.0
265512.21525596,0,-0.037406594,-0.1321926,0.084786355,-1.732474,-0.07183156,-0.11645536,True,1.0
265512.23525596,0,-0.025829643,-0.121944785,0.06694883,-1.4516075,-0.05138284,-0.13352278,True,1.0
265512.25525596,20000000,-0.033593297,-0.0739457,0.057564855,-1.1587677,-0.08994726,-0.124130584,True,1.0
265512.27525596,0,-0.019577622,-0.019768506,0.013002157,-0.9008646,-0.20978141,-0.016789831,True,1.0
265512.29525596,0,-0.0035468638,0.017079473,-0.017901659,-0.6274525,-0.26335466,0.0077800173,True,1.0
265512.31525596,0,0.031391054,0.022958174,-0.06677753,-0.32292056,-0.1302178,-0.027453953,True,1.0
265512.33525596,0,0.02099505,0.05244036,-0.0669086,-0.033963233,-0.105743855,0.046570323,True,1.0
265512.35525596,20000000,0.024615347,0.06525147,-0.08733857,0.19378398,-0.06788546,0.116931625,True,1.0
265512.37525596,0,0.026303947,0.06352988,-0.08660555,0.401214,-0.05163123,0.18723527,True,1.0
265512.39525596,0,0.021657437,0.06230542,-0.077041626,0.5183988,-0.020138767,0.21896559,True,1.0
265512.41525596,0,0.0039616227,0.06192349,-0.053812146,0.53834456,-0.036324084,0.20885667,True,1.0
265512.43525596,0,-0.044352382,0.020997882,-0.004047215,0.50142354,-0.16443141,0.084417365,True,1.0
265512.45525596,0,-0.01516059,-0.06225323,0.014063001,0.4889723,-0.122505434,0.1644309,True,1.0
265512.47525596,20000000,-0.014750361,0.040999077,-0.008066893,0.5984711,-0.16712938,0.03721896,True,1.0
265512.49525596,0,-0.0016239882,0.029346861,0.0053519607,0.22565106,-0.06131289,0.15718026,True,1.0
265512.51525596,20000000,-0.0031670034,-0.03572782,0.0156235695,0.04504326,-0.022796627,0.09368023,True,1.0
265512.53525596,0,-0.02340588,-0.06012111,0.051687658,-0.1009175,0.04029726,0.04098009,True,1.0
265512.55525596,0,-0.00075513124,-0.06538826,0.037324667,-0.18859884,0.0786696,-0.026938286,True,1.0
265512.575255961,20000000,-0.028269053,-0.0348346,0.041907012,-0.270325,0.10196354,-0.024610894,True,1.0
265512.595255961,0,-0.02281046,-0.042585477,0.049577773,-0.32305902,0.040731248,-0.052651312,True,1.0
265512.615255961,20000000,-0.03806269,-0.078795694,0.08730364,-0.29919094,-0.011780288,-0.10501726,True,1.0
265512.635255583,0,-0.01699788,-0.052633315,0.05177809,-0.3296058,0.062111475,-0.14743665,True,1.0
265512.655255583,20000000,-0.0033869743,-0.024478078,0.02392,-0.3174666,0.035306245,-0.14776179,True,1.0
265512.675255583,0,-0.0007867217,-0.030084684,0.01782316,-0.28098553,0.05156678,-0.11356198,True,1.0
265512.695255583,20000000,0.023323357,0.01027669,-0.01906401,-0.28731948,0.13054772,0.017739408,True,1.0
265512.715255583,0,-0.010581285,0.011983991,-0.004109323,-0.25737154,0.06419422,0.00073880143,True,1.0
265512.735255583,20000000,0.0002001226,0.010785505,-0.014331222,-0.17599975,-0.0070334226,-0.041368023,True,1.0
265512.755255583,0,0.0100440085,0.017321214,-0.025853395,-0.11138613,-0.023172423,-0.050479673,True,1.0
265512.775255583,20000000,0.01241225,0.023572534,-0.03343433,-0.036324657,-0.016186433,-0.040980533,True,1.0
265512.795255583,0,0.023451269,0.045661762,-0.05145794,0.033334963,-0.020159364,-0.017070517,True,1.0
265512.815255583,0,0.012650579,0.044539943,-0.0397349,0.11337112,-0.035331078,0.021983795,True,1.0
265512.835255584,20000000,0.027468562,0.043843925,-0.049019635,0.15676686,0.002261281,0.09284009,True,1.0
265512.855255584,0,0.026569396,0.030030102,-0.03629917,0.2292037,0.028227203,0.1614848,True,1.0
265512.875255584,0,-0.0126871765,0.035668463,-0.04422736,0.28085718,0.077267066,0.14527722,True,1.0
265512.895255584,0,0.012024462,0.032395527,-0.0335899,0.31655866,0.07648975,0.18072239,True,1.0
265512.915255584,0,0.014812022,0.020185798,-0.023801029,0.35486212,0.063537486,0.17068152,True,1.0
265512.935255584,20000000,0.006529242,0.018048428,-0.0084840655,0.35978827,0.05242821,0.17324866,True,1.0
265512.955255584,0,0.0022182167,0.009352595,0.0027288795,0.34843335,0.040029883,0.18100375,True,1.0
265512.975255584,20000000,0.006317258,0.0040879697,0.0028564334,0.33030882,0.02833606,0.18215883,True,1.0
265512.995255584,0,0.005453557,-0.0013823435,0.0064460635,0.3035217,0.018814633,0.17626138,True,1.0
265513.015255584,0,0.0031645,-0.0028622746,0.011184871,0.26992062,0.0064493045,0.17603523,True,1.0
265513.035255584,20000000,0.0022153556,-0.0031588152,0.0068078637,0.21914381,0.0030600068,0.17344646,True,1.0
265513.055255584,0,-0.00027278066,-0.014653251,0.0081573725,0.18742953,-0.022821398,0.1351197,True,1.0
265513.075255584,0,-0.004817754,-0.022727747,0.013032258,0.16908133,-0.060519338,0.09062323,True,1.0
265513.095255584,0,0.0076722205,-0.031583123,0.0048583746,0.1545004,-0.008917537,0.13326028,True,1.0
265513.115255584,20000000,-0.0021280348,-0.026343103,0.01013875,0.258201,-0.036383294,0.036344834,True,1.0
265513.135255584,0,-0.004371941,0.008807711,0.019805014,0.15003368,-0.040618893,0.08806215,True,1.0
265513.155255584,0,-0.006723881,0.009527795,0.02734673,0.053290263,-0.029357892,0.09315343,True,1.0
265513.175255584,20000000,0.0072568357,-0.009197108,0.02675736,-0.07775064,-0.023766907,0.117434494,True,1.0
265513.195255584,0,-0.0011292696,-0.018744122,0.031924963,-0.14326605,0.0006279312,0.102466345,True,1.0
265513.215255584,20000000,0.0027812421,-0.020370997,0.0263803,-0.21024606,0.008187765,0.12786162,True,1.0
265513.235255584,0,-0.0023724437,-0.012507923,0.024537563,-0.2571482,0.0057249023,0.1636352,True,1.0
265513.255255584,0,-0.011701077,-0.027415175,0.036914587,-0.24399987,-0.014788204,0.16554785,True,1.0
265513.275255584,20000000,0.0042663217,-0.026399996,0.024940848,-0.28107136,-0.021968588,0.18493141,True,1.0
265513.295255584,0,-0.00014534593,-0.04736295,0.043352664,-0.25273088,-0.08962699,0.058502078,True,1.0
265513.315255584,20000000,-0.0023474395,-0.036344223,0.03441888,-0.27209193,-0.13904521,-0.04653599,True,1.0
265513.335255584,0,-0.006109059,-0.016219169,0.023725033,-0.2830693,-0.14822832,-0.13736919,True,1.0
265513.355255584,0,0.0016512573,-0.014034599,0.010691106,-0.29981738,-0.13502271,-0.15683408,True,1.0
265513.375255584,0,0.004902005,0.0076616034,-0.009001374,-0.34627202,-0.099998556,-0.11488274,True,1.0
265513.395255584,0,0.006298065,0.012529202,-0.010519445,-0.3549869,-0.114460796,-0.06720507,True,1.0
265513.415255584,20000000,0.013440967,0.010550655,-0.013291597,-0.3501401,-0.09156245,-0.048114162,True,1.0
265513.435255584,0,0.011254489,0.016724885,-0.015527308,-0.3192214,-0.091194406,-0.02796771,True,1.0
265513.455255584,0,0.0037966669,0.011640295,-0.01110357,-0.27961913,-0.12404187,-0.021769598,True,1.0
265513.475255584,20000000,0.0229882,-0.0026376545,-0.01004988,-0.21976542,-0.12240436,-0.026076863,True,1.0
265513.495255584,0,0.021105975,-0.0180524,-0.0075877905,-0.12644896,-0.09860431,-0.03192619,True,1.0
265513.515255584,20000000,0.028273255,0.005225107,-0.010767221,-0.06993871,-0.11954534,0.006678287,True,1.0
265513.535255584,0,0.011787355,0.006581828,0.010160804,-0.052143022,-0.13893935,0.030174203,True,1.0
265513.555255584,0,0.010691583,0.010364994,0.013115764,-0.047959,-0.115537755,0.053777583,True,1.0
265513.575255584,20000000,0.012125254,0.013466746,0.010489047,-0.053372465,-0.10071469,0.07712164,True,1.0
265513.595255584,0,0.014070094,0.010951072,0.009462297,-0.06514076,-0.10109625,0.100547954,True,1.0
265513.615255584,0,0.015395969,0.010279402,0.0060583353,-0.07462541,-0.08016081,0.10299412,True,1.0
265513.635255584,20000000,0.010950536,0.008430004,0.0072437525,-0.08665696,-0.073317625,0.11331831,True,1.0
265513.655255584,0,0.008657157,0.006583005,0.0053932667,-0.08679027,-0.061058126,0.11904671,True,1.0
265513.675255584,0,0.0021356046,0.011093214,0.0049418807,-0.08008315,-0.07200748,0.13012727,True,1.0
265513.695255584,0,-0.009384781,0.00021526217,0.014404714,-0.040653564,-0.1202596,0.09129876,True,1.0
265513.715255584,0,-0.0064410865,-0.011672214,0.016512811,0.030173153,-0.17530565,0.09178247,True,1.0
265513.735255584,20000000,-0.015924484,-0.033758976,0.007840514,0.19965744,-0.21413375,-0.042287953,True,1.0
265513.755255584,0,-0.00578472,0.059941858,-0.024395525,0.08282238,-0.19401652,0.0020643994,True,1.0
265513.775255584,20000000,-0.025944144,0.005152285,0.013802946,0.13555026,-0.19593179,0.005199373,True,1.0
265513.795255584,0,-0.0105320215,-0.009755403,-0.0029907227,0.16858684,-0.2036013,0.042431235,True,1.0
265513.815255584,0,-0.0066554844,0.0027133971,-0.015802383,0.17703442,-0.17797752,0.019464023,True,1.0
265513.835255584,20000000,-0.010753989,0.0037601888,-0.015095949,0.2012904,-0.14226031,-0.03612061,True,1.0
265513.855255584,0,-0.008879125,-0.01519803,-0.005363524,0.2407905,-0.14692429,-0.056324907,True,1.0
265513.875255584,20000000,-0.00912717,-0.01613196,-0.0035377145,0.29865342,-0.15749526,-0.078375116,True,1.0
265513.895255585,0,-0.0073671937,-0.003594391,-0.009527206,0.29268393,-0.13874625,-0.09035013,True,1.0
265513.915255585,20000000,-0.0009866655,-7.454306e-05,0.008251369,0.31154937,-0.10469415,-0.06831141,True,1.0
265513.935255585,0,0.0009675026,0.009625718,0.0012968779,0.31375608,-0.0917821,-0.04368432,True,1.0
265513.955255585,0,-0.00048443675,0.01736591,0.0034556985,0.2801758,-0.10471595,-0.038521025,True,1.0
265513.975255585,0,-0.00027042627,0.029204734,-0.0026231408,0.21392328,-0.08798048,-0.01915021,True,1.0
265513.995255585,0,0.0004631877,0.03307119,-0.007817864,0.17777325,-0.09706063,0.019396001,True,1.0
265514.015255585,0,0.007387072,0.013946384,-0.01475656,0.086208,-0.06763685,0.02181258,True,1.0
265514.035255585,20000000,0.0038321614,0.0044827387,-0.008986771,0.053781014,-0.069578044,0.0082410155,True,1.0
265514.055255585,0,0.0020594,0.009314552,-0.018841028,-0.014585849,-0.06500748,-0.043102175,True,1.0
265514.075255585,20000000,0.007907063,-0.015586689,-0.0133087635,-0.022717956,-0.035954706,-0.08763776,True,1.0
265514.095255585,0,-0.024251103,-0.018190004,0.008716106,0.001777634,-0.062083915,-0.102430426,True,1.0
265514.115255585,0,-0.017021164,-0.020541877,-0.0025581121,-0.019701095,-0.043914713,-0.12335172,True,1.0
265514.135255585,20000000,-0.01174435,-0.016942985,-0.003269732,-0.0002213344,-0.039918333,-0.14462358,True,1.0
265514.155255585,0,-0.01628849,-0.01613804,-0.009535432,-0.002271545,0.022765324,-0.16793597,True,1.0
265514.175255585,20000000,-0.0033831894,-0.027118891,-0.015739143,0.060440984,0.06794469,-0.18866527,True,1.0
265514.195255585,0,-0.013005406,0.0016321018,-0.03974533,0.075130045,0.1334725,-0.18960518,True,1.0
265514.215255585,0,-0.0041405857,0.02869562,-0.031912565,0.18371752,0.074456766,-0.13310264,True,1.0
265514.235255585,20000000,0.016816556,0.028057985,-0.02459687,0.23358536,0.08414875,-0.12205869,True,1.0
265514.255255585,0,0.026299626,0.004248321,-0.029493868,0.30493134,0.11442251,-0.057266876,True,1.0
265514.275255585,0,0.015045255,0.09855599,0.00038546324,0.274485,0.11800264,0.3429727,True,1.0
265514.295255585,20000000,-0.017295718,0.030441798,0.019208372,0.4626085,-0.10782921,0.13217318,True,1.0
265514.315255585,0,-0.015300393,0.012847953,0.0120129585,0.40744323,-0.12333743,0.04632315,True,1.0
265514.335255585,0,-0.013519108,-0.0006492287,0.007796824,0.38173857,-0.10183131,0.010657426,True,1.0
265514.355255585,0,-0.010331422,-0.0142732,-0.0015310645,0.3811158,-0.0975935,-0.037127476,True,1.0
265514.375255585,20000000,-0.007113129,-0.053823274,0.0020205975,0.43925485,-0.09407173,-0.14167947,True,1.0
265514.395255585,0,-0.0054342747,-0.1036596,0.003319025,0.56568104,-0.11379858,-0.3470115,True,1.0
265514.415255585,0,-0.03523135,-0.15290087,0.030138016,0.75254744,-0.21331456,-0.6762157,True,1.0
265514.435255585,20000000,-0.06869015,-0.2029354,0.04907602,1.0006967,-0.40778345,-1.11552,True,1.0
265514.455255585,0,-0.10512768,-0.30159935,0.06454158,1.3728428,-0.76132905,-1.7998451,True,1.0
265514.475255585,20000000,-0.11629036,-0.31020236,0.027311563,1.8509896,-1.0799581,-2.4924839,True,1.0
265514.495255585,0,-0.16478732,-0.19404596,-0.0062610507,2.1361341,-1.252836,-2.8971047,True,1.0
265514.515255585,0,-0.18173048,-0.10423073,-0.040154994,2.2107315,-1.4266958,-3.15957,True,1.0
265514.535255585,0,-0.16779009,-0.046397597,-0.07649201,2.1803272,-1.4709526,-3.3083794,True,1.0
265514.555255585,0,-0.1680234,0.016117066,-0.082550526,2.0765843,-1.4318326,-3.2712045,True,1.0
265514.575255585,20000000,-0.11679844,0.1258164,-0.13707948,1.8070862,-1.2734116,-3.1134,True,1.0
265514.595255585,0,-0.075676955,0.2135649,-0.14981723,1.475295,-1.0269314,-2.7994041,True,1.0
265514.615255585,20000000,-0.019160517,0.2797627,-0.16469502,1.0709116,-0.66082215,-2.3367026,True,1.0
265514.635255585,0,0.03749232,0.30052158,-0.15988266,0.6603324,-0.22060949,-1.7887547,True,1.0
265514.655255585,0,0.05905986,0.29600364,-0.11149001,0.2964354,0.22556487,-1.1956217,True,1.0
265514.675255585,0,0.06709817,0.22051325,-0.051523924,-0.0072478354,0.468714,-0.63339823,True,1.0
265514.695255585,0,0.067015156,0.19944817,-0.0072577,-0.32956073,0.5215944,-0.03622055,True,1.0
265514.715255585,20000000,0.048122913,0.17207465,0.032385707,-0.52122283,0.5869241,0.18252097,True,1.0
265514.735255585,0,0.019463599,0.09147538,0.06287116,-0.6821265,0.44932038,0.23948675,True,1.0
265514.755255585,0,0.0036755353,0.06789684,0.05583942,-0.8796673,0.42452988,0.37780887,True,1.0
265514.775255585,20000000,-0.030345976,0.093217865,0.031549633,-1.0955341,0.34682477,0.5176585,True,1.0
265514.795255585,0,-0.02359955,0.13312069,0.0013521314,-1.3566405,0.27991068,0.7184831,True,1.0
265514.815255585,20000000,0.00652948,0.14806435,-0.015267611,-1.5694122,0.27198797,1.0726111,True,1.0
265514.835255585,0,0.056871474,0.14337575,-0.08142465,-1.7425464,0.5089298,1.3788568,True,1.0
265514.855255585,0,0.064634025,0.13815174,-0.09863317,-1.8677266,0.6868666,1.6936893,True,1.0
265514.875255585,20000000,0.024556473,0.12508303,-0.10786694,-1.9197389,0.844531,1.9847544,True,1.0
265514.895255585,0,-0.01670894,0.11173452,-0.11975962,-1.8931142,0.9384714,2.3251762,True,1.0
265514.915255585,0,-0.031706646,0.09029217,-0.1307202,-1.7929738,0.98638487,2.6133404,True,1.0
265514.935255585,0,-0.016610414,0.009018293,-0.13561565,-1.5321848,1.1067792,2.6841877,True,1.0
265514.955255585,0,-0.04419887,-0.048854914,-0.099369764,-1.1054852,1.1213932,2.6149042,True,1.0
265514.975255586,20000000,-0.06706469,-0.082798526,-0.056163073,-0.6414132,1.0257016,2.3902779,True,1.0
265514.995237083,0,-0.105108045,-0.108349055,0.0067560663,-0.24732542,0.784454,2.0604732,True,1.0
265515.015237083,0,-0.056684554,-0.06422014,0.014580071,0.10548672,0.5834763,1.7437508,True,1.0
265515.035237083,0,-0.04452625,-0.10348748,0.055473626,0.3546676,0.43107593,1.4299457,True,1.0
265515.055237083,20000000,-0.03266412,-0.10260913,0.07208371,0.55930483,0.2471988,1.139996,True,1.0
265515.075237083,0,-0.029604435,-0.10007205,0.08225405,0.66133416,0.08189371,0.882161,True,1.0
265515.095237083,20000000,-0.025659412,-0.1014738,0.09313434,0.6992238,-0.08694337,0.63669544,True,1.0
265515.115237083,0,-0.015470624,-0.09700881,0.09188783,0.67986846,-0.22797191,0.3847161,True,1.0
265515.135237083,0,-0.0121174455,-0.08525193,0.09125173,0.5969428,-0.30966455,0.16741583,True,1.0
265515.155237083,20000000,-0.030700833,-0.07282877,0.1020183,0.4815057,-0.38687888,0.0037056208,True,1.0
265515.175237084,0,-0.036819518,-0.061334446,0.107724905,0.3464678,-0.4903139,-0.11628278,True,1.0
265515.195237084,20000000,-0.023049891,-0.04190772,0.08776659,0.22272268,-0.58210063,-0.21237476,True,1.0
265515.215237084,0,-0.0012375116,-0.017369471,0.05733359,0.023128748,-0.55915266,-0.2699333,True,1.0
265515.235237084,0,0.0040617883,-0.0109311715,0.036417663,-0.1271642,-0.50817156,-0.32112563,True,1.0
265515.255237084,0,0.014158517,0.017075978,0.0015423894,-0.24090996,-0.47291863,-0.34650376,True,1.0
265515.275237084,0,-0.00739187,0.005619511,-0.003508389,-0.21371177,-0.4025038,-0.32186252,True,1.0
265515.295237084,0,-0.016617507,0.018338606,-0.028027773,-0.14204504,-0.37442544,-0.2522806,True,1.0
265515.315237084,20000000,0.011872828,0.021200754,-0.059896052,-0.033680342,-0.23975109,-0.2106451,True,1.0
265515.335237084,0,0.01009652,0.014121085,-0.05613196,0.054130547,-0.12845725,-0.16379568,True,1.0
265515.355237084,0,0.00781402,0.0077848732,-0.05180943,0.1476848,-0.049786,-0.10728067,True,1.0
265515.375237084,20000000,0.016008377,0.022080034,-0.06033784,0.21725334,0.0131840855,-0.091591686,True,1.0
265515.395237084,0,0.004082918,0.025414638,-0.042301953,0.25650856,0.023376359,-0.04399227,True,1.0
265515.415237084,20000000,0.021954834,0.03923265,-0.04888594,0.24860184,0.08455963,0.091073945,True,1.0
265515.435237084,0,-0.013133556,0.022373267,-0.043773293,0.26049304,0.08121661,0.14972597,True,1.0
265515.455237084,0,0.00053581595,0.0126806125,-0.031015337,0.35719353,0.012081884,0.10629976,True,1.0
265515.475237084,20000000,0.0062167346,-0.0008729696,-0.013592482,0.37843785,0.0056452486,0.07844906,True,1.0
265515.495237084,0,0.0019016862,-0.002159819,0.002271235,0.38316432,0.04276812,0.06888418,True,1.0
265515.515237084,20000000,-0.001119405,-0.013448253,0.015542924,0.3876751,0.06158762,0.07596642,True,1.0
265515.535237084,0,-0.0048184395,-0.018013924,0.02216202,0.37544715,0.071246885,0.095845684,True,1.0
265515.555237084,0,-0.0014712214,-0.021250576,0.031840146,0.35707802,0.09056182,0.120065615,True,1.0
265515.575237084,20000000,-0.005099058,-0.027206093,0.035872698,0.314608,0.0954401,0.1302191,True,1.0
265515.595237084,0,-0.00914523,-0.028513327,0.033536673,0.24808738,0.085188106,0.12618075,True,1.0
265515.615237084,0,-0.030275777,-0.035648793,0.041601896,0.19044489,0.04772603,0.07554674,True,1.0
265515.635237084,20000000,-0.023854554,-0.08524211,0.055393875,0.2642347,-0.03307574,0.061016142,True,1.0
265515.655237084,0,0.0019496083,-0.019925117,0.015970051,0.20208535,-0.036088247,0.10595569,True,1.0
265515.675237084,20000000,-0.0115119815,-0.021233618,0.02833718,0.17879146,-0.026351662,0.15908708,True,1.0
265515.695237084,0,-0.015490174,-0.015016258,0.02638352,0.19317193,-0.011547815,0.24862954,True,1.0
265515.715237084,0,-0.016963556,-0.018113017,0.0279603,0.25576448,-0.01921723,0.3248014,True,1.0
265515.735237084,20000000,-0.0083527565,-0.013336763,0.011824489,0.29321864,-0.006366878,0.35453868,True,1.0
265515.755237084,0,0.0035372972,-0.018105254,0.0014446378,0.3125063,0.036718458,0.3511467,True,1.0
265515.775237084,0,0.00082471967,-0.013158262,0.003323555,0.29069617,0.10164727,0.33697313,True,1.0
265515.795237084,20000000,-0.0018718243,-0.02384895,0.014601588,0.24512286,0.1628485,0.32050002,True,1.0
265515.815237084,0,-0.023542985,-0.021260187,0.04191774,0.20727067,0.10979836,0.30033848,True,1.0
265515.835237084,0,-0.007995665,-0.0055841506,0.029620051,0.12691343,0.061849903,0.2572122,True,1.0
265515.855237084,0,-0.0021298528,-0.01904273,0.0403347,0.034685306,0.020549271,0.17718484,True,1.0
265515.875237084,0,-0.005881965,-0.043809205,0.04540652,-0.07503549,-0.0012602732,0.06256549,True,1.0
265515.895237084,0,-0.016949594,-0.068653256,0.054888308,-0.18818563,-0.046383765,-0.062628105,True,1.0
265515.915237084,0,-0.035999432,-0.070491925,0.06893593,-0.23743263,-0.11960553,-0.16961537,True,1.0
265515.935237084,20000000,-0.021986872,-0.054961562,0.035080314,-0.30218232,-0.16749485,-0.23987457,True,1.0
265515.955237084,0,-0.007863164,-0.028668553,-0.0050379634,-0.43767327,-0.096060656,-0.3098152,True,1.0
265515.975237084,20000000,0.009581476,-0.00541766,-0.030268908,-0.5877052,0.031909756,-0.28887695,True,1.0
265515.995237084,0,0.017320514,0.05678357,-0.054879665,-0.7519903,0.16240197,-0.1999637,True,1.0
265516.015237084,0,0.025478214,0.10246875,-0.061970055,-0.96719503,0.35284323,-0.01786992,True,1.0
265516.035237084,20000000,0.016536593,0.014618635,-0.002788186,-1.042227,0.3893085,0.019982666,True,1.0
265516.055237084,0,0.0037393868,-0.046740264,0.040198445,-0.96965146,0.2792411,-0.105564296,True,1.0
265516.075237084,0,-0.025346845,-0.05526963,0.058793724,-0.8377924,0.050851002,-0.2616605,True,1.0
265516.095237084,0,-0.0067385733,-0.02038075,0.005856931,-0.73924696,-0.09645133,-0.393092,True,1.0
265516.115237084,0,0.024996638,0.05218927,-0.058587253,-0.69541657,-0.16923907,-0.43932432,True,1.0
265516.135237084,20000000,0.063411355,0.10467297,-0.10757762,-0.63020366,-0.12965176,-0.3798698,True,1.0
265516.155237084,0,0.07290858,0.09731577,-0.103737116,-0.5672255,-0.0409481,-0.28838557,True,1.0
265516.195237084,0,0.013497084,0.025884466,-0.014774859,-0.28631794,0.04456456,-0.2697164,True,1.0
265516.215237084,0,-0.0034564734,0.029210353,-0.004691541,-0.24236955,0.0036505908,-0.27433124,True,1.0
265516.235237085,20000000,-0.029835984,0.08115694,0.004729867,-0.18859601,-0.080250315,-0.1885193,True,1.0
265516.255237085,0,0.020733327,0.15825906,-0.06673825,-0.21820803,-0.023528937,0.046262547,True,1.0
265516.275237085,20000000,0.042808652,0.10759638,-0.07871729,-0.27117443,0.123798296,0.21859531,True,1.0
265516.295237085,0,0.050452203,0.069245555,-0.066817045,-0.26468274,0.2721182,0.22623977,True,1.0
265516.315237085,0,0.015744835,0.07208933,-0.003074944,-0.22773159,0.25926444,0.27284,True,1.0
265516.335237085,20000000,-0.0010617077,0.06940899,0.024103343,-0.15340437,0.10526557,0.33265552,True,1.0
265516.355237085,0,-0.00016236305,0.050775915,0.017985046,-0.17508112,0.017045692,0.32354015,True,1.0
265516.375237085,20000000,-0.010277122,0.021914918,0.031512856,-0.10440715,-0.07625022,0.29846996,True,1.0
265516.395237085,0,-0.024091035,0.010802918,0.020079732,0.020610005,-0.19949725,0.2313574,True,1.0
265516.415237085,0,-0.02019167,0.031486392,-0.026689649,0.1679139,-0.2744512,0.16679524,True,1.0
265516.435237085,20000000,-0.0049601793,0.04479134,-0.06898767,0.3109733,-0.29190484,0.1192655,True,1.0
265516.455237085,0,0.008971602,0.05273256,-0.09384763,0.5427787,-0.25641593,0.053274207,True,1.0
265516.475237085,20000000,0.016592383,0.0775391,-0.11403614,0.758521,-0.16248196,0.042685103,True,1.0
265516.495237085,0,0.025889814,0.11709671,-0.12008315,0.96403766,-0.071609564,0.09686202,True,1.0
265516.515237085,0,0.02909255,0.13396905,-0.11365807,1.1274605,0.029370047,0.16852605,True,1.0
265516.535237085,20000000,0.025593758,0.13665053,-0.099042,1.1928866,0.18355724,0.23535088,True,1.0
265516.555237085,0,-0.013479143,0.10716389,-0.049007237,1.2225425,0.304155,0.30909464,True,1.0
265516.575237085,0,-0.014852732,0.073764384,-0.013628304,1.2392986,0.28287688,0.3372555,True,1.0
265516.595237085,0,-0.008516878,0.05542238,0.010517657,1.2310213,0.2147511,0.28538492,True,1.0
265516.615237085,0,-0.011518568,0.003198266,0.033547938,1.1413984,0.1255533,0.1798781,True,1.0
265516.635237085,0,-0.027676761,-0.055502236,0.058274448,1.0535978,0.039516643,-0.07070215,True,1.0
265516.655237085,20000000,-0.043407276,-0.09519079,0.107158124,0.99346405,-0.11761394,-0.2993757,True,1.0
265516.675237085,0,-0.091679126,-0.1521126,0.14489692,0.976819,-0.41750655,-0.7870212,True,1.0
265516.695237085,20000000,-0.06697591,-0.10716355,0.11954439,0.87838286,-0.61030984,-1.159082,True,1.0
265516.715237085,0,-0.06214057,-0.10609326,0.10985577,0.7789813,-0.7423408,-1.4609885,True,1.0
265516.735237085,0,-0.050761625,-0.08345932,0.10545337,0.6357213,-0.85438794,-1.6426736,True,1.0
265516.755237085,20000000,-0.05695249,-0.049770534,0.10453236,0.4991104,-0.90619636,-1.7839248,True,1.0
265516.775237085,0,-0.065317616,0.0020629764,0.10157418,0.38532233,-0.92689687,-1.7418458,True,1.0
265516.795237085,0,-0.06252304,0.039768398,0.07383394,0.31099957,-0.91294515,-1.5833278,True,1.0
265516.815237085,20000000,-0.04129912,0.05744207,0.021722972,0.26393902,-0.8806572,-1.4226162,True,1.0
265516.835237085,0,-0.010571182,0.04958749,-0.026942194,0.28761384,-0.8392568,-1.234584,True,1.0
265516.855237085,0,0.015426084,0.12217349,-0.07044262,0.3944389,-0.71511066,-1.1300905,True,1.0
265516.875237085,0,0.03908226,0.13070971,-0.102315724,0.28114173,-0.51176953,-0.7587105,True,1.0
265516.895237085,0,0.025700092,0.13742253,-0.10206264,0.20179744,-0.29560375,-0.38716546,True,1.0
265516.915237085,20000000,0.026283666,0.15107003,-0.11981946,0.122913375,-0.10223177,-0.02222535,True,1.0
265516.935237085,0,0.03947036,0.18827729,-0.14133364,-0.054664,0.16306517,0.4086224,True,1.0
265516.955237085,0,0.021295384,0.22751407,-0.17386568,-0.37180722,0.5975817,1.0188253,True,1.0
265516.975237085,20000000,0.01837328,0.3912604,-0.21961087,-0.86201394,0.9782806,1.6417296,True,1.0
265516.995237085,0,-0.016928062,0.370636,-0.19254196,-1.3304048,1.4013026,2.2943826,True,1.0
265517.015237085,0,-0.051161632,0.29404393,-0.17135596,-1.8285466,1.826318,2.934365,True,1.0
265517.035237085,0,-0.07657088,0.15194646,-0.13820899,-2.2235413,2.0517235,3.365188,True,1.0
265517.055237085,0,-0.07737331,0.056606174,-0.14276499,-2.434714,2.2677896,3.4893107,True,1.0
265517.075237085,20000000,-0.15051743,-0.046323717,-0.09071231,-2.5234385,2.3232834,3.6232903,True,1.0
265517.095237085,0,-0.17084086,-0.11892222,-0.056213915,-2.3936148,2.2059512,3.4558892,True,1.0
265517.115237085,20000000,-0.19066104,-0.17325091,0.020316958,-2.1118267,1.9741057,3.3149238,True,1.0
265517.135237085,0,-0.14471853,-0.1984491,0.058944523,-1.7216222,1.7553266,3.0723798,True,1.0
265517.155237085,0,-0.1438914,-0.2122822,0.064370155,-1.4410868,1.3602853,2.570124,True,1.0
265517.175237085,20000000,-0.10619253,-0.2501945,0.06076014,-1.2241999,1.0562894,2.0257282,True,1.0
265517.195237085,0,-0.08672267,-0.2660675,0.079998195,-0.90863097,0.76993144,1.5155103,True,1.0
265517.215237085,0,-0.058458745,-0.26107746,0.090391636,-0.6106249,0.5642662,1.1263082,True,1.0
265517.235237085,0,-0.09118354,-0.21552905,0.12655699,-0.37332124,0.2127522,0.84454167,True,1.0
265517.255237085,0,-0.055207074,-0.20409928,0.09438062,-0.18086913,0.08040273,0.4740991,True,1.0
265517.275237085,20000000,-0.052019686,-0.16343725,0.085777044,-0.05904729,-0.11426818,0.10697082,True,1.0
265517.295237085,0,-0.044858962,-0.15931341,0.07893747,0.013974875,-0.26272956,-0.19339645,True,1.0
265517.315237086,0,-0.038292617,-0.13918766,0.050642967,0.13153325,-0.4335418,-0.43911117,True,1.0
265517.335237086,0,-0.029047221,-0.12811843,0.029505312,0.2575464,-0.5513146,-0.71654594,True,1.0
265517.355237086,0,-0.03237906,-0.12463385,0.019480228,0.37027854,-0.60264814,-0.95822346,True,1.0
265517.375165667,0,-0.042111956,-0.09733681,0.007485109,0.4564964,-0.64436007,-1.12743,True,1.0
265517.395165667,0,-0.06284678,-0.076652385,0.021668375,0.57594365,-0.72220963,-1.2589788,True,1.0
265517.415165667,0,-0.051629603,-0.08754185,0.009739637,0.7583536,-0.8239677,-1.4257145,True,1.0
265517.435165667,0,-0.05013442,-0.053020842,0.009644687,0.85893667,-0.7997405,-1.4021364,True,1.0
265517.455165667,20000000,-0.04867348,-0.018082649,0.009301782,0.95951974,-0.7755133,-1.3785584,True,1.0
265517.475165667,0,-0.033043146,0.018082753,-0.0189147,1.0922257,-0.7526976,-1.2628843,True,1.0
265517.495165667,20000000,-0.021244407,0.04795403,-0.04562533,1.2178104,-0.69136924,-1.1360692,True,1.0
265517.515165667,0,-0.011192143,0.059251204,-0.07116479,1.3319808,-0.5979113,-1.0201306,True,1.0
265517.535165667,0,0.00034329295,0.07883452,-0.088652015,1.3988402,-0.45291597,-0.8806323,True,1.0
265517.555165667,20000000,0.0061933696,0.103442036,-0.10436827,1.3750801,-0.29372132,-0.72489434,True,1.0
265517.575165667,0,0.030185819,0.117021404,-0.13040358,1.2778624,-0.098640874,-0.61347145,True,1.0
265517.595165667,20000000,0.030160636,0.11353671,-0.12426537,1.1246904,0.10828309,-0.4909487,True,1.0
265517.615165667,0,0.009550393,0.1044759,-0.09938562,0.9567242,0.26299495,-0.37906784,True,1.0
265517.635165667,20000000,-0.011076361,0.062391683,-0.065503955,0.7933056,0.35031644,-0.34565625,True,1.0
265517.655165667,0,0.005557269,0.027556479,-0.05076337,0.65010023,0.34445336,-0.37283584,True,1.0
265517.675165667,0,-0.015075982,0.009370625,-0.018525004,0.5114114,0.4288708,-0.43765476,True,1.0
265517.695165667,20000000,-0.026595682,-0.0031941533,0.0061938763,0.36671925,0.47372416,-0.44201717,True,1.0
265517.715165667,0,-0.039484322,-0.020712256,0.039016902,0.2624917,0.4856298,-0.42886847,True,1.0
265517.735165667,20000000,-0.04753861,-0.03798899,0.05847162,0.18744525,0.50483274,-0.39722547,True,1.0
265517.755165667,0,-0.023926556,-0.047856897,0.050302684,0.15365091,0.49834985,-0.39635727,True,1.0
265517.775165667,0,-0.01224497,-0.012743324,0.041666448,0.12578598,0.4444158,-0.36234295,True,1.0
265517.795165667,20000000,-0.032360256,0.021658778,0.05795592,0.12902252,0.36239433,-0.2560566,True,1.0
265517.815165667,0,-0.008330107,0.049913898,0.048445523,0.12810746,0.26154286,-0.07520656,True,1.0
265517.835165667,20000000,-0.0058027804,-0.005934447,0.06732291,0.13410266,0.114622846,-0.019902486,True,1.0
265517.855165667,0,0.010917276,0.017255962,0.051113784,0.116972774,-0.033835217,0.054317247,True,1.0
265517.875165667,20000000,0.020619094,0.027996123,0.048573494,0.085596435,-0.14243573,0.1155501,True,1.0
265517.895165667,0,0.021180063,0.04177873,0.04209584,0.025306627,-0.21346867,0.19731063,True,1.0
265517.915165667,20000000,0.024256647,0.038221747,0.035023153,-0.02470319,-0.25823352,0.28250787,True,1.0
265517.935165667,0,0.022688925,0.033922285,0.02964735,-0.072700694,-0.29638594,0.36031842,True,1.0
265517.955165667,0,0.014539897,0.025810093,0.03089124,-0.1066996,-0.34178838,0.38699934,True,1.0
265517.975165667,20000000,0.015385121,0.014610499,0.02243346,-0.13356762,-0.38480106,0.36801106,True,1.0
265517.995165667,0,0.03161812,0.022630334,0.0072882175,-0.13709155,-0.35810423,0.5148195,True,1.0
265518.015165667,20000000,0.011935532,-0.027669579,0.030311942,-0.07173681,-0.40684995,0.38659275,True,1.0
265518.035165667,0,0.012824804,-0.00096461177,0.012121379,-0.040535778,-0.48045993,0.3642924,True,1.0
265518.055165667,0,0.017784357,-0.0045488775,0.009640574,0.05878167,-0.51954585,0.32760978,True,1.0
265518.075165667,20000000,0.026961178,0.0036024153,0.00015681982,0.11090329,-0.46230644,0.37132296,True,1.0
265518.095165667,0,0.024751902,-0.006117046,0.0021796227,0.12017358,-0.41308674,0.43176544,True,1.0
265518.115165667,0,0.019123524,-0.016340375,0.007587731,0.13121697,-0.37531298,0.41932338,True,1.0
265518.135165667,20000000,0.015379727,-0.020448655,0.0074603558,0.13639402,-0.3156744,0.3577434,True,1.0
265518.155165667,0,0.01904115,-0.013310671,-0.005703151,0.13816153,-0.2660653,0.30380017,True,1.0
265518.175165667,20000000,0.013269514,0.0034077466,-0.015323043,0.11180706,-0.20724809,0.28793228,True,1.0
265518.195165667,0,0.016449302,0.010012358,-0.03276092,0.06096061,-0.09163072,0.25297266,True,1.0
265518.215165667,0,0.016239703,0.001087904,-0.031177819,0.018337883,-0.019784778,0.20621438,True,1.0
265518.235165667,20000000,0.006011784,-0.002159983,-0.023113132,-0.004533995,0.056042463,0.13735187,True,1.0
265518.255165668,0,0.01129812,-0.011447877,-0.022046208,0.022904698,0.08862355,0.11518082,True,1.0
265518.275165668,0,0.02119857,0.0013258457,-0.02818501,0.029079814,0.16755699,0.17902577,True,1.0
265518.295165668,0,0.07029837,0.0728237,-0.059169233,0.0063263066,0.3563944,0.48647365,True,1.0
265518.315165668,0,-0.022034049,-0.021101505,-0.009961665,0.13382354,0.3673196,0.30664247,True,1.0
265518.335165668,20000000,-0.034840077,-0.0113123655,0.01488471,0.27301848,0.088549584,0.2981899,True,1.0
265518.355165668,0,-0.015119135,-0.018603176,0.02577418,0.4156612,-0.073892474,0.20469458,True,1.0
265518.375165668,20000000,0.012955368,-0.042123944,0.018880486,0.52699965,-0.10232395,0.15186635,True,1.0
265518.395165668,0,-0.005662769,-0.06718254,0.016342342,0.5641353,-0.10677911,0.06276791,True,1.0
265518.415165668,0,0.0051074326,-0.029554248,-0.0076316595,0.57525456,-0.09829001,0.06392247,True,1.0
265518.435165668,20000000,-0.0022473633,-0.00811246,-0.006113589,0.5245484,-0.07323484,0.06389697,True,1.0
265518.455165668,0,-0.0066479146,-0.005606234,-0.0010502338,0.45998222,-0.06870225,0.057862654,True,1.0
265518.475165668,20000000,-0.00014159083,-0.0026411414,-0.0063890815,0.37482184,-0.04718914,0.036913797,True,1.0
265518.495165668,0,0.002513349,-0.008452922,-0.007848263,0.30167642,-0.027065407,0.0039022267,True,1.0
265518.515165668,0,-0.0005569756,-0.009605855,-0.0076191425,0.24527708,0.003796108,-0.028252512,True,1.0
265518.535165668,20000000,-0.0053480268,-0.016018182,-0.005491197,0.1864426,0.045015693,-0.08032654,True,1.0
265518.555165668,0,-0.021240205,-0.027549684,0.0033290386,0.15246975,0.05008919,-0.18759105,True,1.0
265518.575165668,20000000,-0.028399438,-0.043508142,0.014111459,0.17987327,-0.017871018,-0.29859236,True,1.0
265518.595165668,0,-0.0048357844,-0.070693195,0.009000003,0.31746265,-0.090821505,-0.46812296,True,1.0
265518.615165668,0,0.007707745,-0.009765953,-0.0096767545,0.28169653,-0.0154557,-0.42336887,True,1.0
265518.635165668,20000000,-0.000998199,0.0025481582,0.007160306,0.2675079,0.014536791,-0.33977947,True,1.0
265518.655165668,0,-0.005206585,-0.0046019256,0.01620102,0.26840052,0.005205136,-0.3143942,True,1.0
265518.675165668,20000000,-0.0069800615,-0.013758004,0.02512145,0.2607524,-0.014252549,-0.2923013,True,1.0
265518.695165668,0,-0.010146111,-0.011157334,0.032565653,0.23666245,-0.06780793,-0.27668867,True,1.0
265518.715165668,0,-0.0067056417,-0.027663171,0.043729663,0.24721345,-0.10538667,-0.29851303,True,1.0
265518.735165668,20000000,0.0068752468,-0.009060502,0.0152903795,0.19644237,-0.12438067,-0.2883214,True,1.0
265518.755165668,0,0.0010079741,0.022481263,0.0030401945,0.08680156,-0.18003586,-0.2883922,True,1.0
265518.775165668,20000000,0.007042229,0.018749893,-0.0146769285,-0.037140258,-0.15422824,-0.2956356,True,1.0
265518.795165668,0,-0.0015063882,0.009574473,0.0071613193,-0.12648122,-0.22814739,-0.327001,True,1.0
265518.815165668,0,-0.015233219,-0.041852802,0.0282107,-0.20824374,-0.27115428,-0.46369487,True,1.0
265518.835165668,0,-0.004772812,-0.070513844,0.028874278,-0.20685633,-0.3736142,-0.6258123,True,1.0
265518.855165668,20000000,-0.01942733,-0.053919464,0.027702332,-0.2739736,-0.36631575,-0.8134477,True,1.0
265518.875165668,0,-0.03273508,-0.030784786,0.028627872,-0.3636087,-0.3832812,-0.90512085,True,1.0
265518.895165668,0,-0.011569291,-0.01559183,0.0011586547,-0.47706473,-0.3222555,-0.99106544,True,1.0
265518.915165668,20000000,-0.00714314,-0.003106922,-0.010255277,-0.5581946,-0.1947747,-1.0217922,True,1.0
265518.935165668,0,-0.03609696,0.005198419,0.012879252,-0.60848963,-0.06397398,-0.9122201,True,1.0
265518.955165668,0,-0.016485572,0.020294458,0.006363094,-0.6393559,-0.03938349,-0.757182,True,1.0
265518.975165668,0,-0.0040905178,0.056330264,0.0005815625,-0.7045717,-0.031943597,-0.59182084,True,1.0
265518.995165668,0,0.011155486,0.074325204,0.0016641617,-0.7063669,-0.013897451,-0.38686168,True,1.0
265519.015165668,0,0.0030451715,0.1015372,0.0075727105,-0.69277936,0.03237331,-0.06489381,True,1.0
265519.035165668,20000000,-0.05697757,0.047195062,0.056099772,-0.64490026,-0.16658911,-0.0950396,True,1.0
265519.055165668,0,0.0042207837,0.043418273,-0.0073503256,-0.7311711,-0.14892466,-0.018599555,True,1.0
265519.075165668,20000000,0.0099141,0.030367985,-0.013290644,-0.7602822,-0.1257641,0.046382442,True,1.0
265519.095165668,0,0.0094634,0.034424752,-0.020156026,-0.75158143,-0.08907265,0.14073968,True,1.0
265519.115165668,20000000,0.0052787364,0.041281223,-0.024765134,-0.76030797,-0.05934278,0.22695285,True,1.0
265519.135165668,0,0.002866596,0.015840411,-0.02517593,-0.7553416,-0.055476297,0.25935474,True,1.0
265519.155165668,20000000,-0.009687215,-0.014595598,-0.008947074,-0.7024185,-0.08129603,0.18502721,True,1.0
265519.175165668,0,0.033459604,0.0014616698,-0.036743104,-0.6301212,-0.009206966,0.31567806,True,1.0
265519.195165668,20000000,-0.011884898,-0.019291654,0.005759537,-0.44200367,-0.18036482,-0.035839766,True,1.0
265519.215165668,0,0.0017866194,-0.031032488,-0.01074791,-0.36619022,-0.21719283,-0.16174349,True,1.0
265519.235165668,0,0.009305507,-0.005384654,-0.009149492,-0.2935073,-0.20518483,-0.079338096,True,1.0
265519.255165668,20000000,0.0051841736,-0.011193618,-0.0022112727,-0.30407104,-0.13121197,-0.001084961,True,1.0
265519.275165668,0,0.010056764,-0.016475305,-0.0011382103,-0.3333727,-0.08619504,-0.0909256,True,1.0
265519.295165668,0,0.0026925504,-0.036741644,0.0140939355,-0.36844295,-0.04648083,-0.2157253,True,1.0
265519.315165668,20000000,0.0023382604,-0.019172475,0.0108307,-0.4385645,-0.04703809,-0.2960745,True,1.0
265519.335165669,0,0.008592218,-0.019864365,0.0138683915,-0.5024007,-0.026833476,-0.34376636,True,1.0
265519.355165669,20000000,-0.012335956,-0.0070483536,0.025384605,-0.63415897,-0.019446274,-0.32994846,True,1.0
265519.375165669,0,-0.006469041,0.009507604,0.020317078,-0.7314251,0.04966709,-0.36903867,True,1.0
265519.395165669,0,-0.011553377,0.01619663,0.030755103,-0.8434687,0.004081499,-0.37081853,True,1.0
265519.415165669,20000000,0.014952719,0.0054403245,0.017111897,-0.8944495,-0.008657464,-0.3627918,True,1.0
265519.435165669,0,0.020452917,-0.019877788,0.014544666,-0.8492436,-0.03889623,-0.39347997,True,1.0
265519.455165669,0,-0.002472967,0.0046141967,0.025526047,-0.8174729,-0.04994782,-0.37123036,True,1.0
265519.475165669,0,-0.011807442,-0.0022896547,0.03745538,-0.787736,-0.12552735,-0.33841443,True,1.0
265519.495165669,0,-0.009340525,-0.017989133,0.03928286,-0.8243194,-0.11990592,-0.32155004,True,1.0
265519.515165669,20000000,0.00085413456,-0.024756406,0.02653414,-0.8260527,-0.04396476,-0.38361612,True,1.0
265519.535165669,0,0.028887063,-0.027682137,0.019407451,-0.8081394,0.082636714,-0.36123925,True,1.0
265519.555165669,0,0.0027052164,0.009256657,0.036664188,-0.81427073,-0.005065933,-0.23362148,True,1.0
265519.575165669,20000000,-0.00033527613,-0.011522695,0.015976131,-0.768348,0.11489919,-0.2262591,True,1.0
265519.595165669,0,-0.019885242,-0.027045283,0.042731285,-0.648244,-0.0029828697,-0.22396618,True,1.0
265519.615165669,20000000,-0.0026634037,0.0033792853,0.00958854,-0.63290244,-0.023665465,-0.18458539,True,1.0
265519.635165669,0,0.0031346679,0.00394883,-0.0053254366,-0.5331035,-0.032704666,-0.11071183,True,1.0
265519.655165669,0,0.012460381,0.013834156,-0.01918745,-0.39890444,-0.006569421,-0.09569397,True,1.0
265519.675165669,20000000,0.021802962,0.023727149,-0.03311491,-0.26470542,0.019565823,-0.08067611,True,1.0
265519.695165669,0,0.016488075,0.05015707,-0.039759815,-0.12915286,0.0004142318,-0.016423523,True,1.0
265519.715165669,20000000,0.021095842,0.06206979,-0.06328076,-0.0040833056,-0.025087722,0.06438918,True,1.0
265519.735165669,0,0.028362215,0.06706512,-0.07801169,0.16021633,-0.014420738,0.14415485,True,1.0
265519.755025333,0,0.023439916,0.06725518,-0.07320245,0.35575554,-0.015638815,0.24426101,True,1.0
265519.775025333,0,0.025835186,0.0723096,-0.07442939,0.49501526,-0.018141082,0.31091115,True,1.0
265519.795025333,20000000,0.021629691,0.068127096,-0.05958301,0.5744712,-0.03823156,0.3345478,True,1.0
265519.815025333,0,0.015052229,0.06087123,-0.03913206,0.58617014,-0.026408149,0.37720713,True,1.0
265519.835025333,0,0.00843516,0.04985807,-0.023831785,0.54064894,-0.022052348,0.40260673,True,1.0
265519.855025333,0,-0.00074175,0.034835506,-0.0034864545,0.4579513,-0.024409933,0.40246296,True,1.0
265519.875025333,0,-0.007835686,0.023098167,0.016351938,0.33646724,-0.040500358,0.38205037,True,1.0
265519.895025334,20000000,-0.009853542,-0.0011790656,0.035099983,0.20820284,-0.0674122,0.3349506,True,1.0
265519.915025334,0,-0.008783698,-0.021948984,0.046391666,0.08067106,-0.086579345,0.26386684,True,1.0
265519.955025334,0,-0.008613199,-0.042633466,0.06026256,-0.098342486,-0.1051795,0.10744775,True,1.0
265519.975025334,0,-0.009365976,-0.03532055,0.05573529,-0.18759772,-0.11083575,0.056579042,True,1.0
265519.995025334,20000000,-0.008355379,-0.031144245,0.053393066,-0.262612,-0.1311239,0.014207255,True,1.0
265520.015025334,0,-0.003924936,-0.028546374,0.046552062,-0.32219648,-0.14271322,-0.030993696,True,1.0
265520.035025334,0,0.0013628006,-0.014013369,0.037563264,-0.35769948,-0.08993915,0.07950245,True,1.0
265520.075025334,0,-0.0023781955,0.005230259,0.037005723,-0.34259737,-0.111796014,0.06689761,True,1.0
265520.095025334,20000000,-0.016087592,0.0006801635,0.04543525,-0.32333487,-0.17713895,0.10985542,True,1.0
265520.115025334,0,-0.013064206,-0.0009443313,0.025277734,-0.2665502,-0.22645518,0.15014361,True,1.0
265520.135025334,20000000,-0.0006041825,-0.00058606267,-0.0067591667,-0.1889919,-0.24004531,0.16463706,True,1.0
265520.155025334,0,0.004066229,0.001117982,-0.025836289,-0.109579235,-0.21860233,0.14825557,True,1.0
265520.175025334,0,-0.0041950047,0.010559194,-0.030747294,-0.033111103,-0.20313421,0.15752609,True,1.0
265520.195025334,20000000,-0.005727172,0.01732254,-0.04436207,0.06391585,-0.17913036,0.14646591,True,1.0
265520.215025334,0,-0.009438217,0.024607494,-0.055034578,0.185006,-0.17482458,0.15684047,True,1.0
265520.235025334,0,-0.0045804083,0.022626705,-0.06348544,0.36571968,-0.15303777,0.16406561,True,1.0
265520.255025334,20000000,0.0003079474,0.020647004,-0.07200229,0.5464333,-0.13125096,0.17129076,True,1.0
265520.275025334,0,0.0013518035,0.031256072,-0.074475884,0.7021538,-0.08049948,0.20865996,True,1.0
265520.295025334,20000000,-0.005464345,0.037064184,-0.07231861,0.8584442,-0.044806406,0.24103637,True,1.0
265520.315025334,0,-0.0072489977,0.048337597,-0.07160008,0.97637296,-0.018620854,0.2614448,True,1.0
265520.335025334,20000000,-0.0038993955,0.03718414,-0.056587636,1.0569036,0.022870166,0.26044965,True,1.0
265520.355025334,0,0.0013080835,0.024849437,-0.04474938,1.0937581,0.040724836,0.23214814,True,1.0
265520.375025334,0,0.008656412,0.024638472,-0.035124242,1.0732756,0.08065307,0.20483525,True,1.0
265520.395025334,0,0.004949361,0.02680672,-0.01512897,0.9871775,0.123401426,0.16381776,True,1.0
265520.415025334,0,-0.0008046925,0.028260991,-0.0025292635,0.84758425,0.16985126,0.17923632,True,1.0
265520.435025334,0,-0.002973497,0.009938531,0.011073232,0.70580304,0.19653954,0.19385563,True,1.0
265520.455025334,0,0.0027474165,0.0040297136,0.0064451694,0.549638,0.25040898,0.21918736,True,1.0
265520.475025334,20000000,0.0002670884,0.004068166,0.008643389,0.39422643,0.2960654,0.22937442,True,1.0
265520.495025334,0,-0.01905772,0.0053913146,0.024605155,0.25850925,0.28152892,0.16895433,True,1.0
265520.515025334,0,-0.020128697,0.0159145,0.025714695,0.08675748,0.23949821,0.11996254,True,1.0
265520.535025334,20000000,-0.036663443,-0.0008574724,0.050041378,0.0064514354,0.08152877,0.052419424,True,1.0
265520.555025334,0,-0.0095740855,-0.01036936,0.038336217,-0.004938147,-0.014774829,-0.02736514,True,1.0
265520.575025334,20000000,0.01004979,-0.0024501234,0.022978425,-0.024356186,-0.051412873,-0.09540462,True,1.0
265520.595025334,0,0.010700047,0.00570409,0.0044744015,-0.105084516,-0.040514372,-0.123462275,True,1.0
265520.615025334,0,-0.0084246695,0.012644023,0.0053067207,-0.18473682,-0.04799151,-0.123116046,True,1.0
265520.635025334,20000000,-0.0246965,-0.01778312,0.02323699,-0.15274833,-0.086276904,-0.0907975,True,1.0
265520.655025334,0,-0.009705573,-0.04553193,-0.004140079,-0.02294518,-0.059426207,-0.1538492,True,1.0
265520.675025334,0,0.0014079213,-0.020555928,0.00027567148,0.040182784,-0.12494905,-0.13163057,True,1.0
265520.695025334,0,0.005693704,-0.004768774,-0.0054045916,0.03769868,-0.06943038,-0.12777929,True,1.0
265520.715025334,0,0.00036126375,0.010337308,-0.0068370104,0.011302996,-0.026463293,-0.08802072,True,1.0
265520.735025334,20000000,-0.012984693,0.009982675,0.004967749,0.0048737726,-0.023733296,-0.064150915,True,1.0
265520.755025334,0,-0.0074697435,-0.0001282394,0.0069161654,0.015030101,-0.014837408,-0.03510514,True,1.0
265520.775025334,0,-0.008076519,-0.0019952208,0.010728836,0.032847084,-0.019147422,-0.012131428,True,1.0
265520.795025334,20000000,-0.0036718547,0.0019146353,0.0058006644,0.025680874,-0.010531311,0.00076473225,True,1.0
265520.815025334,0,-0.0029422343,-0.00067794323,0.009116292,0.031773303,-0.014132187,0.005195161,True,1.0
265520.835025334,0,-0.008405298,-0.006341219,0.0105570555,0.03905347,-0.0322905,-0.024514798,True,1.0
265520.855025334,0,-0.023840308,-0.017199874,0.016777992,0.06780087,-0.13714202,-0.13253935,True,1.0
265520.875025334,0,0.0017485917,-0.053857774,0.015612364,0.2120718,-0.17583716,-0.15459472,True,1.0
265520.895025334,0,0.010265291,0.00046412647,-0.0030206442,0.23510045,-0.13884942,-0.056199268,True,1.0
265520.915025334,0,0.002273649,0.0034382343,0.008012652,0.23824696,-0.11713007,0.046877213,True,1.0
265520.935025334,20000000,-0.009255499,0.026473016,0.0040645003,0.17126027,-0.10281428,0.06672518,True,1.0
265520.955025334,0,0.004763335,0.0015736669,-0.004227102,0.11883442,-0.07121541,0.047425535,True,1.0
265520.975025335,0,0.016494751,0.007405579,-0.01746434,0.059175126,-0.031834178,0.015080396,True,1.0
265520.995025335,0,0.001689136,0.004019916,-0.006629348,0.050542228,-0.007752195,0.0066722147,True,1.0
265521.015025335,0,0.010567933,0.019453332,-0.021155715,0.04802316,0.047861934,0.02087557,True,1.0
265521.035025335,20000000,-0.007779062,0.023775488,-0.004268706,0.026652372,0.03796114,0.03322108,True,1.0
265521.055025335,0,-0.0073806047,-0.0047619194,-0.0039027333,0.036114734,0.095356934,0.035530854,True,1.0
265521.075025335,20000000,0.011070639,-0.020613074,-0.018241584,0.061415475,0.25431758,-0.049613755,True,1.0
265521.095025335,0,0.025257856,-0.0011033863,-0.029847264,0.02214386,0.21341015,-0.060364895,True,1.0
265521.115025335,0,0.015359372,0.02487187,-0.023596644,-0.03691418,0.2324485,-0.027812649,True,1.0
265521.135025335,0,-0.0003939569,0.015490487,-0.0014566183,-0.035201363,0.22946662,0.08875294,True,1.0
265521.155025335,0,-0.0055060685,0.043737113,0.011839867,-0.021771245,0.15837288,0.25130486,True,1.0
265521.175025335,20000000,-0.010950565,-0.010957435,0.035296798,0.11066485,0.016641483,0.16099556,True,1.0
265521.195025335,0,0.0018330514,-0.0041046888,0.01911223,0.14647426,-0.00049522147,0.14346215,True,1.0
265521.215025335,0,-0.0007972717,-0.0028201789,0.018326044,0.19213575,-0.015051462,0.15073341,True,1.0
265521.235025335,20000000,-0.008130163,0.014716625,0.014183879,0.19161655,-0.027560126,0.17581801,True,1.0
265521.255025335,0,-0.0018726885,0.009667262,0.009136796,0.18025345,-0.04652768,0.18157186,True,1.0
265521.275025335,20000000,0.00047114491,-0.0021781921,0.005843401,0.16795029,-0.053803395,0.17864273,True,1.0
265521.295025335,0,0.002170056,-0.0012321472,0.0018209219,0.1639165,-0.049913883,0.15756856,True,1.0
265521.315025335,0,0.0023429394,-0.0025505722,-0.00073975325,0.16678147,-0.030450664,0.12872364,True,1.0
265521.335025335,20000000,-0.002105832,-0.00248231,-0.0020848513,0.15954454,-0.02185085,0.11061004,True,1.0
265521.355025335,0,-0.0040076077,-0.0049753785,-0.007236123,0.13427562,-0.009640555,0.07635508,True,1.0
265521.375025335,20000000,-0.0076126754,-0.024156347,-0.007467568,0.12860164,-0.0056111007,-0.025574997,True,1.0
265521.395025335,0,-0.016755372,-0.04275003,-0.010261774,0.13998461,-0.022420464,-0.091834635,True,1.0
265521.415025335,0,-0.005626887,-0.09227501,-0.024093151,0.25099587,0.03792859,-0.26383922,True,1.0
265521.435025335,20000000,-0.00937888,-0.023789883,-0.03259951,0.33197927,0.07135262,-0.35344523,True,1.0
265521.455025335,0,-0.0066948533,-0.017156854,-0.03681016,0.34911463,0.15808696,-0.3024706,True,1.0
265521.475025335,20000000,-0.00478068,0.0012021512,-0.041674852,0.33922312,0.2979452,-0.2475082,True,1.0
265521.495025335,0,-0.0070427954,0.013421446,-0.03506899,0.36541423,0.4200099,-0.2972855,True,1.0
265521.515025335,0,-0.0054247677,0.008678436,-0.03025335,0.30034447,0.525315,-0.2801556,True,1.0
265521.535025335,0,-0.010564357,0.020823106,-0.01657641,0.2309099,0.5751777,-0.20392475,True,1.0
265521.555025335,0,-0.0015657544,0.023342595,-0.0067634583,0.1581049,0.63783944,-0.15562083,True,1.0
265521.575025335,20000000,-0.003765583,0.042479604,0.013709068,0.06808402,0.64226055,-0.05319996,True,1.0
265521.595025335,0,0.017783731,0.06815556,0.034095228,0.017352965,0.53219825,0.13594852,True,1.0
265521.615025335,20000000,-0.036764145,-0.018448964,0.06771755,-0.007061256,0.48129046,-0.05886492,True,1.0
265521.635025335,0,-0.022468626,-0.010861829,0.04147464,-0.06384755,0.23627935,-0.017440878,True,1.0
265521.655025335,0,-0.010980308,0.004538089,0.06300163,-0.06408351,-0.042695984,-0.054624908,True,1.0
265521.675025335,20000000,-0.0073012114,0.0056127906,0.057644784,-0.13819009,-0.1448469,-0.16202855,True,1.0
265521.695025335,0,-0.004146546,0.008686304,0.03662139,-0.23165807,-0.20104872,-0.23771223,True,1.0
265521.715025335,20000000,-0.012909442,-0.009317353,0.035640657,-0.25842097,-0.2763094,-0.26762933,True,1.0
265521.735025335,0,-0.004454553,-0.029574633,0.04583621,-0.12565054,-0.3495852,-0.2744341,True,1.0
265521.755025335,20000000,0.015435755,-0.019110665,0.016058803,-0.1256729,-0.35063815,-0.2906013,True,1.0
265521.775025335,0,-0.0026815236,-0.03691785,0.030196607,-0.05770375,-0.38761958,-0.32872188,True,1.0
265521.795025335,0,0.009079695,-0.008294448,-0.00018286705,-0.013097808,-0.37421188,-0.274363,True,1.0
265521.815025335,0,0.02024889,-0.0013426393,-0.015315473,0.03727563,-0.30928546,-0.22439596,True,1.0
265521.835025335,0,0.0017093122,0.009857193,-0.008903503,0.049965426,-0.28831404,-0.16940646,True,1.0
265521.855025335,20000000,-0.0031888783,-0.0040504187,-0.013189852,0.072233796,-0.26414374,-0.12122199,True,1.0
265521.875025335,0,0.003499627,-0.02372107,-0.017997742,0.14373565,-0.21948469,-0.09179814,True,1.0
265521.895025335,0,-0.0054062307,-0.03768298,-0.015938759,0.21527855,-0.1811188,-0.11238648,True,1.0
265521.915025335,0,-0.032362103,-0.044918627,0.00016391277,0.26740175,-0.17499104,-0.1540133,True,1.0
265521.935025335,0,-0.034447998,-0.052111104,-0.0038545132,0.27241358,-0.19577526,-0.22011569,True,1.0
265521.955025335,20000000,-0.035461903,-0.06192766,0.0002606511,0.2581796,-0.20165654,-0.32310092,True,1.0
265521.975025335,0,-0.035657614,-0.060235783,-0.00034993887,0.25970393,-0.21372025,-0.43459764,True,1.0
265521.995025335,0,-0.029349089,-0.061573908,0.0013440847,0.26230472,-0.24023025,-0.5999818,True,1.0
265522.015025335,20000000,-0.031749934,-0.026598886,0.0074560046,0.38127863,-0.36445585,-0.7789622,True,1.0
265522.035025335,0,-0.03789419,-0.03387393,0.04567802,0.47282368,-0.39137033,-0.6274858,True,1.0
265522.055025336,0,0.034392178,0.047671586,-0.048275948,0.44800812,-0.34115335,-0.55536044,True,1.0
265522.0749695,0,0.024677668,0.07191124,-0.05295999,0.40028507,-0.23039663,-0.5243944,True,1.0
265522.0949695,20000000,0.05514723,0.123449594,-0.07198781,0.41706616,-0.18553936,-0.36814004,True,1.0
265522.1149695,0,0.06966299,0.15078694,-0.06818771,0.3845429,-0.10028268,-0.19985875,True,1.0
265522.1349695,0,0.08117637,0.15548456,-0.062357068,0.33653614,-0.004520111,-0.04858014,True,1.0
265522.1549695,0,0.08796987,0.14217442,-0.056030393,0.29477772,0.066537,0.085005045,True,1.0
265522.1749695,0,0.07719782,0.09920156,-0.019529581,0.24710761,0.14480478,0.20028788,True,1.0
265522.1949695,20000000,0.053632766,0.046360895,0.021253765,0.22112575,0.19666032,0.3053243,True,1.0
265522.2149695,0,0.038617373,0.021070719,0.040538073,0.20816883,0.22122237,0.37598535,True,1.0
265522.2349695,20000000,0.02169159,-0.00046378374,0.056497633,0.15168941,0.22257106,0.44231874,True,1.0
265522.2549695,0,0.0029025078,-0.025944501,0.07463348,0.08506577,0.16261542,0.45885256,True,1.0
265522.2749695,0,-0.011879891,-0.01674065,0.06926161,0.00074959546,0.085624635,0.46115416,True,1.0
265522.2949695,20000000,-0.025264889,0.00014469028,0.05735576,-0.11534549,0.012726538,0.50107795,True,1.0
265522.3149695,0,-0.0073027015,0.0012580454,0.025042474,-0.18650723,-0.08821486,0.49052694,True,1.0
265522.3349695,0,-0.012087196,0.0023454428,0.010683715,-0.25055242,-0.14354895,0.45372105,True,1.0
265522.3549695,20000000,-0.004336357,0.016659498,-0.014651477,-0.2763461,-0.16087316,0.41496563,True,1.0
265522.3749695,0,0.0015434027,0.019078374,-0.021815121,-0.25756562,-0.13938196,0.3723102,True,1.0
265522.3949695,20000000,0.0054725707,0.019794911,-0.026434124,-0.18821217,-0.11996146,0.35687974,True,1.0
265522.4149695,0,-0.0016855896,0.015257657,-0.018405676,-0.101490065,-0.11896715,0.41052368,True,1.0
265522.4349695,20000000,-0.003950298,0.0088736415,-0.022652686,0.0041230693,-0.11434336,0.45049965,True,1.0
265522.4549695,0,-0.002055198,-0.010104001,-0.023352206,0.1284158,-0.09228888,0.46353737,True,1.0
265522.4749695,20000000,-0.002943784,-0.016620249,-0.022516489,0.20635104,-0.054920673,0.42624557,True,1.0
265522.4949695,0,-0.010594457,-0.022384524,-0.011964679,0.24217236,-0.045964457,0.37129727,True,1.0
265522.5149695,0,-0.00542593,-0.014205068,-0.016434073,0.26596835,-0.034737464,0.3024456,True,1.0
265522.5349695,20000000,-0.008761138,-0.0029937923,-0.011160016,0.27744058,0.0039478093,0.2853955,True,1.0
265522.5549695,0,-0.020116717,0.0012475252,-0.00014787912,0.23511274,0.017656997,0.26286328,True,1.0
265522.5749695,0,-0.017703936,-0.00016394258,-0.0009865165,0.1762652,0.03391763,0.19921085,True,1.0
265522.5949695,20000000,-0.03214167,0.0170739,-0.0026688576,0.07105861,0.046258453,0.15706207,True,1.0
265522.614969501,0,-0.037657365,-0.0044310987,0.010813355,0.01597128,0.075991705,0.15492669,True,1.0
265522.634969501,20000000,-0.0184104,-0.0065605044,-0.009316504,-0.054496497,0.21189639,0.15979616,True,1.0
265522.654969501,0,-0.03925544,-0.009807795,-0.0012795329,-0.1563445,0.27798322,0.24478,True,1.0
265522.674969501,0,-0.008175403,-0.00869301,-0.024650574,-0.2013777,0.35530487,0.25000215,True,1.0
265522.694969501,20000000,0.015214533,-0.0501509,-0.027812839,-0.10678333,0.29108587,0.14004615,True,1.0
265522.714969501,0,-0.0043345094,0.12990762,-0.028168023,-0.3069567,0.4905635,0.72418964,True,1.0
265522.734969501,0,0.012034357,0.067673415,-0.037748575,-0.15817043,0.33580324,0.5164381,True,1.0
265522.754969501,20000000,0.028416485,0.0054567754,-0.04733908,-0.00938414,0.18104295,0.3086866,True,1.0
265522.774969501,0,0.019708723,-0.010667741,-0.023417115,0.036680494,0.09105571,0.17306848,True,1.0
265522.794969501,0,0.008464843,-0.0006325543,-0.011786044,0.04607266,0.10600796,0.07391183,True,1.0
265522.814969501,0,0.0008535683,0.017021865,-0.010203123,0.036956504,0.06644741,0.0051499903,True,1.0
265522.834969501,20000000,-0.0017436445,0.020591527,-0.005125463,0.022422284,0.04434809,-0.03683904,True,1.0
265522.854969501,0,-0.0030047894,0.022987366,-0.0073344707,-0.026934821,0.042880505,-0.040813528,True,1.0
265522.874969501,0,-0.0046675503,0.019076318,-0.007315576,-0.07485402,0.047251917,-0.037700124,True,1.0
265522.894969501,20000000,-0.0026186407,0.011318386,-0.005734682,-0.122065336,0.041613646,-0.034466807,True,1.0
265522.914969501,0,0.0031986833,0.008788139,-0.0073431134,-0.18330954,0.05269273,-0.048034757,True,1.0
265522.934969501,0,0.005178243,0.0025514662,-0.0051927567,-0.2602967,0.05780354,-0.07094169,True,1.0
265522.954969501,0,0.0071463287,-0.0034101307,-0.0069975853,-0.33731508,0.06832594,-0.09612064,True,1.0
265522.974969501,0,-0.0014416575,-0.011162549,0.0062704086,-0.37972546,0.05320269,-0.09993248,True,1.0
265522.994969501,20000000,0.0014204979,-0.056435496,0.013988912,-0.3078634,0.060516164,-0.12935059,True,1.0
265523.014969501,0,-0.014677465,-0.019787222,0.024694264,-0.23227192,-0.053623885,-0.17884827,True,1.0
265523.034969501,0,-0.0013614893,-0.0028089285,0.017069101,-0.20133443,-0.08206545,-0.14435023,True,1.0
265523.054969501,0,-4.2557716e-05,0.003941864,0.019257069,-0.23507556,-0.05190563,-0.066868216,True,1.0
265523.074969501,20000000,0.001282692,0.010687143,0.021427095,-0.2688167,-0.021745812,0.010613784,True,1.0
265523.094969501,0,0.013980925,-0.008065343,0.010441959,-0.306561,0.027499083,0.044009596,True,1.0
265523.114969501,0,0.00811854,-0.012805611,0.013248682,-0.34023464,0.048302647,0.09243683,True,1.0
265523.134969501,0,0.012300372,0.0021748245,-0.0018360019,-0.37817407,0.10752139,0.15747699,True,1.0
265523.154969501,0,0.015936702,0.0005095303,-0.008831382,-0.40805075,0.20453262,0.21709538,True,1.0
265523.174969501,20000000,0.01953581,-0.0011490881,-0.01589024,-0.43792742,0.30154386,0.27671376,True,1.0
265523.194969501,40000000,0.0010756552,0.0043343753,0.009016216,-0.38622,0.2165058,0.30116084,True,1.0
265523.214969501,0,-0.009277046,-0.0077970773,0.021428466,-0.42127642,0.12806469,0.23069957,True,1.0
265523.234969501,0,-0.013542771,-0.019916996,0.026437104,-0.42489687,0.0216811,0.15414783,True,1.0
265523.254969501,0,-0.0031517148,-0.04541643,0.010512948,-0.35162067,0.011135548,0.15698078,True,1.0
265523.274969501,0,-0.0110448,-0.028244242,0.01572311,-0.18035398,-0.09391794,0.082404435,True,1.0
265523.294969501,0,0.011861265,-0.008951664,-0.010891318,-0.1901338,-0.011325404,0.010462195,True,1.0
265523.314969501,0,8.419156e-05,-0.008547187,-0.0009549856,-0.17072783,-0.020377843,-0.025870629,True,1.0
265523.334969501,20000000,-0.0033038557,-0.027416527,0.0042335987,-0.15243737,-0.039166734,-0.08078277,True,1.0
265523.354969501,0,0.0008792877,-0.043202445,0.0062307715,-0.09305963,-0.04795678,-0.18303716,True,1.0
265523.374969501,20000000,0.00025901198,-0.033491075,0.0048649907,-0.059738234,-0.058467053,-0.31597278,True,1.0
265523.394969501,0,-0.0025501251,-0.03261894,0.0070554614,-0.040259734,-0.09294218,-0.43797886,True,1.0
265523.414969501,0,-0.004401982,-0.030505985,0.012854874,-0.011147354,-0.13760918,-0.5327979,True,1.0
265523.434969501,20000000,-0.009251595,-0.018219471,0.01534307,0.018649628,-0.1724501,-0.58877903,True,1.0
265523.454969501,0,-0.008008212,-0.0108047575,0.011874437,0.03678263,-0.2167801,-0.6222249,True,1.0
265523.494969501,0,-0.010505527,-0.014779657,0.00965631,0.10014709,-0.30250797,-0.76686156,True,1.0
265523.514969501,0,-0.0008048713,-0.016423061,0.018733144,0.16176257,-0.39352146,-0.7960755,True,1.0
265523.534969501,20000000,-0.0010534227,-0.0011585206,0.00794822,0.38323492,-0.4399263,-0.95484185,True,1.0
265523.554969501,0,0.010039419,0.010514095,-0.010488987,0.36886084,-0.39804932,-0.8348669,True,1.0
265523.574969501,0,0.00196293,0.015937224,-0.010649025,0.3860346,-0.39231822,-0.80734354,True,1.0
265523.594969501,20000000,-0.006153822,0.021432579,-0.010865867,0.40320837,-0.38658714,-0.7798202,True,1.0
265523.614969501,0,-0.0035451949,0.0476996,-0.012983441,0.31758398,-0.3689959,-0.75505376,True,1.0
265523.634969501,20000000,-0.0038428605,0.051651165,-0.013545215,0.2232447,-0.29713285,-0.67756987,True,1.0
265523.654969501,0,0.0021928549,0.05991748,-0.026214778,0.16287437,-0.23946635,-0.5613917,True,1.0
265523.674969502,20000000,-0.0093278885,0.087216824,-0.032675266,0.0701272,-0.2079408,-0.44989285,True,1.0
265523.694969502,0,0.0033872724,0.065042004,-0.038401306,-0.011695564,-0.12540376,-0.3204149,True,1.0
265523.714969502,0,0.015140653,0.045090064,-0.035064816,-0.052701697,0.023809373,-0.16407266,True,1.0
265523.734969502,20000000,-0.0040801167,0.070046894,-0.020857394,-0.10550824,0.09932067,-0.059149362,True,1.0
265523.754969502,0,0.017900348,0.08565048,-0.04480672,-0.21067439,0.21306556,0.07392282,True,1.0
265523.774969502,20000000,-0.0026080906,0.10334252,-0.015683055,-0.3120499,0.3200674,0.32684472,True,1.0
265523.794969502,0,-0.019756883,0.0059449226,-0.004416764,-0.25757372,0.37975094,0.43275076,True,1.0
265523.814969502,0,-0.04512675,0.029236183,0.023938656,-0.23243833,0.16671179,0.4371384,True,1.0
265523.834969502,20000000,-0.0091249645,0.0030712485,0.0078828335,-0.2133015,0.107644826,0.3786731,True,1.0
265523.854969502,0,0.006336987,-0.0085063875,-0.00062179565,-0.18249536,0.11324065,0.34182322,True,1.0
265523.874969502,20000000,0.0033838153,-0.019959316,0.0056253076,-0.16189016,0.13426255,0.2691738,True,1.0
265523.894969502,0,-0.005466163,-0.025347188,0.004606843,-0.1318629,0.143927,0.22233349,True,1.0
265523.914969502,0,-0.007250607,-0.026938826,0.0038553476,-0.12148723,0.12647195,0.16826919,True,1.0
265523.934969502,0,-0.00014036894,-0.0219398,0.0005726814,-0.10465518,0.13149433,0.096921094,True,1.0
265523.954969502,0,-0.0030982792,-0.019636258,0.007360041,-0.07438909,0.096884124,0.036818594,True,1.0
265523.974969502,0,-0.008544028,-0.02183801,0.0119924545,-0.022794127,0.033002526,-0.0020974092,True,1.0
265523.994969502,0,0.0031025708,-0.016001448,-0.0026203394,0.014580727,0.013950298,-0.049587645,True,1.0
265524.014969502,20000000,0.0028798878,-0.0038997084,-0.0017408729,0.048737835,0.008894529,-0.081251666,True,1.0
265524.034969502,0,-0.0053609908,0.010632008,0.003645718,0.05043487,-0.0043249447,-0.0682986,True,1.0
265524.054969502,0,-0.0048392713,0.013476446,0.005892575,0.053219512,-0.022161538,-0.038803674,True,1.0
265524.074969502,20000000,0.003912866,0.012264192,-0.0056485534,0.04778467,0.0035722964,-0.018748024,True,1.0
265524.094969502,0,0.00020256639,0.01626201,-0.0021258593,0.012750842,0.029937169,-0.0041412413,True,1.0
265524.114969502,0,-0.014435291,0.0068365186,0.008298874,0.014172005,-0.01827869,-0.031781346,True,1.0
265524.134969502,0,0.00046375394,0.0020022243,0.0068047643,0.008707758,-0.004599749,0.06901735,True,1.0
265524.154969502,0,-0.0037177503,-0.0062794685,-0.0007389784,0.07984671,0.021091763,-0.032243907,True,1.0
265524.174969502,20000000,-0.0070599616,0.0263336,-0.0011960864,0.052255966,-0.05150524,-0.026520383,True,1.0
265524.194969502,0,3.3676624e-05,-0.0016071051,0.003988862,-0.018686749,-0.050983902,0.025062475,True,1.0
265524.214969502,0,0.00667879,-0.014942735,-0.0010519624,-0.022851897,0.0023323372,0.062263113,True,1.0
265524.234969502,0,-0.0035249293,-0.0159031,0.0064209104,0.01716152,0.008430686,0.055164285,True,1.0
265524.254969502,0,-0.0023257136,-0.015440375,0.003946781,0.030947078,0.013862044,0.018010098,True,1.0
265524.274969502,20000000,-0.0011261404,-0.014977708,0.0014721155,0.044732638,0.019293401,-0.019144084,True,1.0
265524.294969502,0,-0.0026872456,-0.010984391,0.0015031695,0.06431511,0.0053075925,-0.04441452,True,1.0
265524.314969502,0,-0.001057595,-0.01130946,0.0017992854,0.09462951,0.0057375203,-0.052183133,True,1.0
265524.334969502,0,0.0016039312,-0.005939752,-0.0027214885,0.11820998,0.033081092,-0.022637492,True,1.0
265524.354969502,20000000,0.0008081496,0.006507039,-0.0030170083,0.14044748,0.021802645,-0.052269593,True,1.0
265524.374969502,0,0.0017753243,0.025000975,-0.009189367,0.11822504,0.024833297,-0.053124763,True,1.0
265524.394969502,0,-0.00657174,0.023411795,-0.00032889843,0.09742161,-0.0025002584,-0.024836121,True,1.0
265524.414969502,20000000,-0.0003001988,0.07781533,-0.021790564,-0.003469117,-0.0069702,0.01568182,True,1.0
265524.434969502,0,-0.0057727396,0.013369501,0.0100979805,0.0470753,-0.041693907,-0.05439704,True,1.0
265524.454964125,0,0.011271272,0.004976836,-0.0013157029,0.027476532,-0.08331244,-0.079757355,True,1.0
265524.474964125,0,0.008684188,0.008416101,-0.007172525,0.060235173,-0.089151315,-0.042693604,True,1.0
265524.494964125,0,0.010339826,-0.0044962466,-0.006427169,0.09413721,-0.06990833,-0.028312135,True,1.0
265524.514964125,0,0.008512884,0.0022131056,-0.0053367615,0.08744012,-0.068813145,-0.024359802,True,1.0
265524.534964125,20000000,0.0038654208,0.00042782724,0.00096315145,0.071918026,-0.041842073,-0.024176974,True,1.0
265524.554964125,0,-0.0067398846,-0.0047861636,0.009821355,0.084797144,-0.07061994,-0.025316073,True,1.0
265524.574964125,0,0.007888883,-0.0033990592,0.00038164854,0.098265976,-0.06601306,-0.031477697,True,1.0
265524.594964125,0,0.008566797,0.00092099607,0.002603054,0.07650471,-0.030934192,-0.03247821,True,1.0
265524.614964125,0,0.0135783255,0.009806097,-0.010514021,-0.043791108,0.09688427,0.018958654,True,1.0
265524.634964125,20000000,0.00060915947,-0.007089928,0.0063828826,-0.08673386,0.16554984,0.0851735,True,1.0
265524.654964125,0,0.0009470284,-0.0005264878,0.0015243888,-0.10324664,0.20092343,0.11077974,True,1.0
265524.674964125,0,0.005440384,0.014992073,-0.0051731467,-0.1299578,0.19869839,0.13802743,True,1.0
265524.694964125,20000000,0.030742496,0.01965426,-0.019860446,-0.09453532,0.261047,0.18112741,True,1.0
265524.714964125,0,-0.004333496,-0.0062988997,0.0050075054,-0.03040494,0.10497132,0.1397962,True,1.0
265524.734964125,20000000,9.560585e-05,0.030639261,-0.0065032244,-0.021853313,0.097123206,0.23128378,True,1.0
265524.754964125,0,-0.0017453432,0.035896465,-0.0058695674,0.034335576,0.07457625,0.20030378,True,1.0
265524.774964125,0,-0.0014221072,0.015941367,-0.003521502,0.015272755,0.07290222,0.1709774,True,1.0
265524.794964125,20000000,-0.006810248,-0.0009239167,0.008472741,0.046256505,0.016254801,0.13294113,True,1.0
265524.814964125,0,-0.004914522,-0.0033907145,0.008681357,0.05800518,-0.0025771111,0.08422303,True,1.0
265524.834964125,0,-0.0016090572,-0.003735289,0.0060497522,0.05979351,-0.008418281,0.07503109,True,1.0
265524.854964125,20000000,-0.0019727945,0.0011325479,0.005468905,0.06204862,-0.011526144,0.0480202,True,1.0
265524.874964125,0,-0.001958549,0.0036772043,0.0048298836,0.045185253,-0.014997557,0.02852412,True,1.0
265524.894964125,20000000,-0.00060883164,0.0039687306,0.005179107,0.020729955,-0.014961485,0.013203864,True,1.0
265524.914964125,0,0.0010819435,-0.0011345744,0.0057632327,0.0073904647,-0.010889544,0.0011017332,True,1.0
265524.934964125,20000000,0.0004120469,-0.00088496506,0.0021523833,-0.0012265509,-0.012255362,-0.008450699,True,1.0
265524.954964125,0,0.0018567145,0.0080681145,0.0007764697,-0.022894531,-0.01182189,-0.009166635,True,1.0
265524.974964125,0,0.0018576086,0.008921489,-0.002144754,-0.0522838,0.00076761004,-0.013942194,True,1.0
265524.994964126,20000000,-0.0065380037,0.0058891475,-0.0025513768,-0.0685247,-0.030677836,0.0011921125,True,1.0
265525.014964126,0,0.0038532019,-0.0017655641,-0.0066473484,-0.055349875,0.0012628995,0.0413384,True,1.0
265525.034964126,0,0.0067761242,0.007822648,-0.009879053,0.020840798,-0.051347442,-0.019374251,True,1.0
265525.054964126,20000000,0.00969854,0.017413378,-0.013113141,0.097031474,-0.10395778,-0.0800869,True,1.0
265525.074964126,40000000,0.014187455,0.020832598,-0.013551652,0.10681803,-0.06071112,-0.014599197,True,1.0
265525.094964126,0,-0.001566261,-0.006620854,0.0118742585,0.13274391,-0.043838657,0.06781207,True,1.0
265525.114964126,0,0.0022755265,-0.011391476,0.0066294074,0.14307028,-0.01690866,0.051403865,True,1.0
265525.134964126,20000000,0.00063434243,-0.018294305,0.0066567063,0.13215536,0.00031025708,0.0016182922,True,1.0
265525.154964126,0,0.0007175207,-0.017528713,0.002056837,0.14027637,0.015306701,-0.048860807,True,1.0
265525.174964126,0,-0.0076121986,0.0045986325,0.0011158586,0.10746361,0.01970047,-0.07175192,True,1.0
265525.194964126,0,-0.007162988,0.0049579144,0.0013374686,0.0667969,0.06536773,-0.090812124,True,1.0
265525.214964126,0,-0.007261783,-0.0017943084,0.004247129,0.019638821,0.13600773,-0.080668226,True,1.0
265525.234964126,20000000,0.031223446,0.03888257,-0.039758205,-0.06960311,0.2737198,0.055633843,True,1.0
265525.254964126,0,0.042859107,0.06302893,-0.105335236,-0.1458358,0.47717533,0.14978826,True,1.0
265525.274964126,20000000,-0.0059607327,0.09159789,-0.01900822,-0.09128495,0.2544098,0.26635152,True,1.0
265525.294964126,0,-0.01838234,0.038167417,0.009737611,-0.08677792,0.1325351,0.23158777,True,1.0
265525.314964126,0,5.504489e-05,0.021718234,-0.005416155,-0.15312576,0.09704022,0.1966531,True,1.0
265525.334964126,20000000,-0.008287072,-0.002471432,0.0067198277,-0.20126417,0.028727837,0.14000833,True,1.0
265525.354964126,0,-0.020648003,-0.034499988,0.016756952,-0.18933713,-0.05291959,0.15879692,True,1.0
265525.374964126,0,-0.037294954,-0.010377318,0.02785772,-0.08945742,-0.14561614,0.028821468,True,1.0
265525.394964126,0,0.0030571222,0.001979351,-0.015928507,-0.08799797,-0.055831037,-0.07148956,True,1.0
265525.414964126,0,-0.016375571,0.04475692,-0.010302484,-0.13516414,-0.036882207,-0.012098987,True,1.0
265525.434964126,20000000,-0.0035624206,0.10528984,-0.03804475,-0.24358395,0.03169065,0.19015656,True,1.0
265525.454964126,0,0.010913104,0.15261295,-0.06807184,-0.4240768,0.17046699,0.4765203,True,1.0
265525.474964126,0,0.02164805,0.18902631,-0.09301031,-0.67678684,0.37367868,0.83077633,True,1.0
265525.494964126,0,0.011748999,0.21563612,-0.105193436,-0.97644854,0.60063815,1.2599536,True,1.0
265525.514964126,20000000,0.0066381693,0.19252478,-0.10811192,-1.2556658,0.84073824,1.6962955,True,1.0
265525.534964126,0,-0.008466125,0.1412169,-0.09528363,-1.4865596,1.0653334,2.0466216,True,1.0
265525.554964126,0,-0.037130147,0.07940795,-0.06736791,-1.6420579,1.2115774,2.2835114,True,1.0
265525.574964126,0,-0.06786093,0.021197557,-0.03182143,-1.6975429,1.2568628,2.4059596,True,1.0
265525.594964126,0,-0.08160871,-0.048266552,7.843971e-05,-1.6417055,1.2241462,2.428316,True,1.0
265525.614964126,20000000,-0.08054271,-0.11105226,0.039375484,-1.4732251,1.1116095,2.318401,True,1.0
265525.634964126,0,-0.06167656,-0.15517683,0.05870533,-1.2436948,0.95281917,2.0646124,True,1.0
265525.654964126,20000000,-0.04411918,-0.17583042,0.06467855,-1.0229245,0.7735722,1.7159789,True,1.0
265525.674964126,0,-0.034017652,-0.18045712,0.06954926,-0.81673014,0.5726359,1.3169407,True,1.0
265525.694964126,0,-0.030677795,-0.17843992,0.07717383,-0.6045187,0.35303655,0.9248965,True,1.0
265525.714964126,20000000,-0.021208972,-0.16095254,0.063106,-0.40951985,0.16296211,0.5564609,True,1.0
265525.734964126,0,-0.02071479,-0.13798194,0.05212736,-0.24764682,0.003552571,0.2465812,True,1.0
265525.754964126,20000000,-0.017710865,-0.12321628,0.038541377,-0.1276457,-0.1001645,-0.017883122,True,1.0
265525.774964126,0,-0.0139736235,-0.108422644,0.029428184,-0.041155063,-0.17370746,-0.24261422,True,1.0
265525.794964126,0,-0.01630938,-0.087929,0.03082019,0.009260561,-0.2387597,-0.40869224,True,1.0
265525.814964126,20000000,-0.01945141,-0.08627587,0.037048697,0.09399548,-0.3577008,-0.6191096,True,1.0
265525.834964126,0,-0.0110194385,-0.03832993,0.024397135,0.11959869,-0.42175934,-0.6564386,True,1.0
265525.854964126,0,-0.00018131733,0.0092835985,0.011312902,0.10930956,-0.41333017,-0.5642683,True,1.0
265525.874964126,20000000,0.016542405,0.052436557,-0.0054464936,0.0012341961,-0.3158187,-0.44463176,True,1.0
265525.894964126,0,0.012434691,0.059843056,0.001050055,-0.115954354,-0.23545608,-0.2857214,True,1.0
265525.914964126,0,0.01369068,0.06909968,-0.005911052,-0.17383572,-0.20505981,-0.13597125,True,1.0
265525.934964126,0,0.010925055,0.08176072,-0.010308504,-0.2165656,-0.17075038,-0.0021783859,True,1.0
265525.974964126,0,-0.0053724945,0.05854652,-0.024406612,-0.14511327,-0.18104711,0.1709057,True,1.0
265525.994964126,0,-0.012114197,0.046049118,-0.032962143,-0.11954891,-0.21762435,0.1949547,True,1.0
265526.014964126,20000000,-0.0166848,0.05109741,-0.04389274,-0.105854765,-0.24019106,0.19636452,True,1.0
265526.034964126,0,-0.0052002072,0.033708587,-0.06824452,-0.09262121,-0.19673307,0.16909564,True,1.0
265526.054964126,20000000,0.007011801,0.018581372,-0.080646634,-0.123631775,-0.093270704,0.11294262,True,1.0
265526.074964127,0,0.013932407,0.011424836,-0.071918964,-0.23400187,0.016011484,0.04838281,True,1.0
265526.094964127,0,-0.00040057302,-0.031432003,-0.019128859,-0.34840584,0.13536265,-0.0010977909,True,1.0
265526.114964127,20000000,-0.020447642,-0.075351775,0.029050648,-0.25935054,0.17969929,-0.03599026,True,1.0
265526.134964127,0,-0.0101650655,-0.06853009,0.019452572,-0.11170407,0.15809856,-0.07531504,True,1.0
265526.154964127,0,-0.00047034025,-0.038338955,0.00046116114,0.035553426,0.10682233,-0.1357777,True,1.0
265526.174964127,20000000,-0.002449721,0.018762145,-0.027320743,0.05650748,0.13209337,-0.22763692,True,1.0
265526.194964127,0,-0.023554832,0.014877493,-0.010549128,0.046126664,0.06116987,-0.2502398,True,1.0
265526.214964127,20000000,-0.04286921,-0.01211023,-0.0043125153,0.0658049,-0.04373485,-0.30237973,True,1.0
265526.234964127,0,-0.046580404,-0.038026143,-0.018655539,0.3049115,-0.2679435,-0.5447072,True,1.0
265526.274964127,0,-0.07612488,-0.059461743,0.0033838153,0.5373778,-0.4567952,-0.8255613,True,1.0
265526.294964127,0,-0.06464288,-0.10186096,0.028682768,0.62598646,-0.52933496,-1.0529095,True,1.0
265526.314964127,20000000,-0.039048195,-0.10583054,0.023463368,0.64190733,-0.58798623,-1.3328531,True,1.0
265526.334964127,0,-0.03740439,-0.09518479,0.02818799,0.57110965,-0.636791,-1.5529742,True,1.0
265526.354964127,0,-0.025088519,-0.04169825,0.012681305,0.4595968,-0.610601,-1.7449089,True,1.0
265526.374964127,0,-0.016878545,-0.022748362,0.010204673,0.36380395,-0.59640986,-1.8666084,True,1.0
265526.394964127,0,-0.030076265,0.018737994,0.016601145,0.26024207,-0.5895871,-1.8761977,True,1.0
265526.414964127,20000000,-0.042290896,0.039269686,0.022444367,0.15107359,-0.6039888,-1.7974585,True,1.0
265526.434964127,0,-0.03529647,0.04928572,0.030294418,0.08493499,-0.67559975,-1.6615593,True,1.0
265526.454964127,0,0.004237443,0.029906519,0.018421829,0.09946536,-0.6264077,-1.5341226,True,1.0
265526.474964127,0,0.023342758,0.03840939,0.0075072646,0.15559518,-0.555969,-1.3844916,True,1.0
265526.494964127,0,0.041070312,0.06424676,-0.020179987,0.17606692,-0.46691138,-1.226717,True,1.0
265526.514964127,20000000,0.042996645,0.10379186,-0.04004097,0.16300313,-0.38971215,-1.0212343,True,1.0
265526.534964127,0,0.03851846,0.117093086,-0.040575385,0.15985519,-0.3049381,-0.7938946,True,1.0
265526.554964127,0,0.04241404,0.11952441,-0.046459973,0.1419965,-0.2142001,-0.5748492,True,1.0
265526.574964127,0,0.045285344,0.10569753,-0.042553306,0.09871047,-0.13942419,-0.40741056,True,1.0
265526.594964127,20000000,0.048157215,0.09189418,-0.03865534,0.055424437,-0.06464828,-0.2399719,True,1.0
265526.614964127,0,0.03749463,0.07057212,-0.014667451,-0.021026134,-0.044872724,-0.13683383,True,1.0
265526.634964127,0,0.031477705,0.008182924,0.014864087,-0.017793288,-0.028431926,-0.041372582,True,1.0
265526.654964127,0,0.011945158,-0.029713513,0.03188789,0.0825438,-0.06797068,-0.047250815,True,1.0
265526.674964127,20000000,-0.006304398,-0.010761749,0.021491647,0.08463438,-0.11241916,-0.106481,True,1.0
265526.694964127,0,0.007824868,-0.008627256,-0.0031898618,0.041175734,-0.13613968,-0.18210617,True,1.0
265526.714964127,20000000,0.005453974,-0.02190452,-0.0077624917,0.08435721,-0.07601464,-0.18183663,True,1.0
265526.734964127,0,0.029067889,0.01746365,-0.044911265,0.124285385,0.06030558,-0.13418807,True,1.0
265526.754964127,0,0.019024923,0.03661009,-0.045776308,0.1783634,0.13389355,-0.050902694,True,1.0
265526.774858917,0,0.012421044,0.016268574,-0.022686958,0.23640734,0.14096764,0.0026823818,True,1.0
265526.794858917,20000000,0.016860723,-0.002852939,-0.009034753,0.26478642,0.19676602,0.06281128,True,1.0
265526.814858917,0,0.017959952,-0.0035230652,-0.0031940937,0.33491683,0.2648152,0.12200864,True,1.0
265526.834858917,0,0.018386006,0.01692516,-0.005614698,0.34249824,0.29056865,0.1582499,True,1.0
265526.854858917,0,0.014997661,0.009604378,0.0020838976,0.30638853,0.31954294,0.17920935,True,1.0
265526.874858917,0,-0.00090682507,0.009630661,0.011746526,0.23822942,0.29456544,0.18874526,True,1.0
265526.894858917,20000000,-0.009547412,0.012566361,0.011495054,0.20625791,0.22487758,0.18639043,True,1.0
265526.914858917,0,-0.0067156553,0.01882241,0.0017029047,0.18918231,0.15830562,0.18084745,True,1.0
265526.934858917,0,0.0010027885,0.031113507,-0.022166312,0.20020771,0.15211174,0.22418833,True,1.0
265526.954858917,20000000,0.002677679,0.05672892,-0.03423959,0.24089581,0.17378077,0.27120548,True,1.0
265526.974858917,0,0.003407061,0.043837845,-0.03438109,0.25532115,0.22102088,0.28674778,True,1.0
265526.994858917,20000000,-0.0036040246,0.02823316,-0.025889575,0.26732355,0.24955653,0.2887615,True,1.0
265527.014858917,0,-0.01586157,0.0014277659,-0.0074462295,0.26111677,0.2825149,0.28099838,True,1.0
265527.034858917,20000000,-0.025060266,-0.010111652,0.0006955266,0.236606,0.30608153,0.26989755,True,1.0
265527.054858917,0,-0.037598193,-0.021755598,0.014405847,0.201398,0.27921712,0.2442544,True,1.0
265527.074858917,0,-0.032352448,-0.04223787,0.021397173,0.16664818,0.2556136,0.18646231,True,1.0
265527.094858917,20000000,-0.022680074,-0.047895297,0.019530475,0.1472694,0.21679795,0.051112443,True,1.0
265527.114858917,0,-0.017840862,-0.040778928,0.022396326,0.13593185,0.16897511,-0.096043944,True,1.0
265527.134858917,0,-0.016997695,-0.03664329,0.026881814,0.15074094,0.12367022,-0.19383904,True,1.0
265527.154858917,20000000,-0.012365818,-0.030588903,0.025556386,0.19992779,0.07847195,-0.27449307,True,1.0
265527.174858917,0,-0.010636181,-0.019705586,0.022952616,0.26056105,0.047521986,-0.30715388,True,1.0
265527.194858917,20000000,-0.013168007,-0.004025936,0.01841551,0.3373692,0.016201101,-0.29421288,True,1.0
265527.214858917,0,-0.024052024,0.01758308,0.017256916,0.38017955,-0.04269449,-0.22750059,True,1.0
265527.234858917,0,-0.024612635,0.04286182,0.0049368143,0.3630274,-0.089443564,-0.15387765,True,1.0
265527.254858917,20000000,-0.022640675,0.042373,-0.0023608804,0.32823217,-0.12409069,-0.05725287,True,1.0
265527.274858917,0,-0.016566902,0.042878702,-0.007186413,0.30146524,-0.16920437,-0.006107282,True,1.0
265527.294858917,20000000,0.009847134,0.047550894,-0.032763302,0.26406625,-0.117132604,0.0033286056,True,1.0
265527.314858917,0,0.0065793693,0.048723437,-0.024731755,0.2175552,-0.071927026,0.019970335,True,1.0
265527.354858917,0,-0.0009991229,0.041821092,-0.013540745,0.15109803,-0.004488688,0.112532675,True,1.0
265527.374858917,0,-0.011782229,0.029471144,0.002817154,0.1316892,0.018958526,0.19245678,True,1.0
265527.414858917,0,0.0057840347,0.0067255646,0.0015627146,0.082313016,0.070703834,0.29544023,True,1.0
265527.434858917,0,0.007984191,0.008712858,-0.0021942258,0.016519137,0.083134145,0.28333253,True,1.0
265527.454858917,20000000,0.010198474,0.010704055,-0.005953312,-0.049274735,0.095564455,0.27122483,True,1.0
265527.474858917,0,0.0033466816,0.011105269,-0.002485454,-0.13878772,0.08194493,0.24766979,True,1.0
265527.494858917,20000000,-0.005052775,-0.004594043,0.004276514,-0.20813313,0.08456708,0.26330936,True,1.0
265527.514858917,0,-0.010103911,-0.015243366,0.008252621,-0.17724717,0.07890398,0.28162548,True,1.0
265527.534858917,20000000,-0.0060022473,-0.011560917,0.00411427,-0.1145688,0.06252191,0.26808423,True,1.0
265527.554858917,0,0.002487421,-0.022892043,-7.8856945e-05,-0.05190885,0.06628145,0.24762765,True,1.0
265527.574858917,20000000,0.010908872,-0.029100135,0.002496004,0.020581342,0.06612784,0.18748672,True,1.0
265527.594858917,0,0.017382562,-0.03837791,0.009025753,0.04359071,0.06980539,0.114885345,True,1.0
265527.614858917,0,0.009704918,-0.034609362,0.018647015,0.038905863,0.046433896,0.065790676,True,1.0
265527.634858918,20000000,0.004236251,-0.027388781,0.025603294,0.0009685457,0.000998918,0.029149704,True,1.0
265527.654858918,0,0.0068057477,-0.014437228,0.020711184,-0.07944553,-0.009935335,0.012356505,True,1.0
265527.674858918,0,0.0040781796,0.02483344,0.012640119,-0.23964494,0.01540166,0.04637828,True,1.0
265527.694858918,20000000,0.0031187832,0.019235015,0.011054635,-0.37670898,0.07684285,0.07214084,True,1.0
265527.714858918,0,0.011035949,0.0011039823,-0.00021755695,-0.493121,0.18287238,0.13197505,True,1.0
265527.734858918,20000000,0.005220294,0.007373154,0.006857693,-0.6155977,0.22663233,0.21625578,True,1.0
265527.754858918,0,0.0064812303,0.012692831,0.003215015,-0.78261065,0.26588738,0.2812932,True,1.0
265527.774858918,0,-0.00858444,-0.0037641525,0.014202297,-0.8803185,0.22305316,0.2715818,True,1.0
265527.794858918,0,-0.014729828,-0.11054533,0.051315308,-0.77981335,0.121177495,0.09663232,True,1.0
265527.814858918,0,0.008315295,-0.066491075,0.003876865,-0.81679237,0.05535838,0.06190556,True,1.0
265527.834858918,20000000,0.001312077,-0.03711646,0.008190751,-0.8242563,0.04953645,0.010575917,True,1.0
265527.854858918,0,-0.006687075,-0.014882859,0.0014812946,-0.8018152,0.020185964,-0.009757383,True,1.0
265527.874858918,20000000,-0.00045990944,0.0123006925,-0.020106137,-0.7329871,0.004658498,0.031042485,True,1.0
265527.894858918,0,0.011816978,0.023213945,-0.039954066,-0.5930991,0.03122199,0.11106801,True,1.0
265527.914858918,0,0.006521553,0.04072705,-0.040668845,-0.44717395,0.06060589,0.20347664,True,1.0
265527.934858918,20000000,0.00399825,0.0706289,-0.042691886,-0.3731608,0.039299417,0.3164755,True,1.0
265527.954858918,0,-0.005365163,0.025239673,-0.020440996,-0.2933108,0.11085814,0.44881213,True,1.0
265527.974858918,0,-0.0029834807,-0.0030110292,-0.01761067,-0.14684156,0.0938347,0.5069242,True,1.0
265527.994858918,0,-0.0074919164,-0.018464489,-0.005851209,-0.060565315,0.12082103,0.5001039,True,1.0
265528.014858918,20000000,-0.025808185,-0.011490035,0.012375593,-0.07244955,0.064909935,0.51489496,True,1.0
265528.034858918,0,-0.00303936,-0.023266982,0.010471344,-0.115786344,0.032226287,0.4971447,True,1.0
265528.054858918,0,0.006397754,-0.022262389,0.019085765,-0.20281255,0.06525549,0.45982167,True,1.0
265528.074858918,20000000,0.00027155876,-0.020921009,0.02228576,-0.27186203,0.080500826,0.44819087,True,1.0
265528.094858918,0,0.016285628,-0.045690358,0.01757145,-0.20132083,0.056611918,0.40959468,True,1.0
265528.114858918,20000000,0.043179095,-0.016831394,-0.024357378,-0.08960935,0.1444231,0.35500926,True,1.0
265528.134858918,0,0.029282212,0.035591837,-0.037216425,0.041923277,0.20282272,0.40399575,True,1.0
265528.154858918,0,-0.008276969,0.0572312,-0.023731947,0.15902913,0.22816917,0.51426315,True,1.0
265528.174858918,20000000,-0.03650254,-0.0037197266,0.014308155,0.3542257,0.13957375,0.54736906,True,1.0
265528.194858918,0,-0.04452306,-0.06055137,0.030853808,0.60754526,-0.056744903,0.38247108,True,1.0
265528.214858918,20000000,-0.028025776,-0.083586216,0.022214353,0.8289542,-0.18333566,0.16025576,True,1.0
265528.234858918,0,-0.011564761,-0.06711644,0.008817494,1.0379668,-0.23415771,0.07630962,True,1.0
265528.254858918,0,-0.012675852,-0.033604518,0.010454118,1.2166188,-0.21637003,0.049565095,True,1.0
265528.274858918,20000000,-0.0127008855,-0.025080405,0.0125364065,1.3350108,-0.24009107,0.053353153,True,1.0
265528.294858918,0,-0.009610832,0.006270319,-0.0023183227,1.3522334,-0.27380246,0.041115034,True,1.0
265528.314858918,0,0.0126592815,0.023618162,-0.018979609,1.3140033,-0.25972027,-0.011365842,True,1.0
265528.334858918,0,0.01881519,0.038866907,-0.022752225,1.2222779,-0.21132863,-0.060668893,True,1.0
265528.354858918,0,0.01344794,0.070242226,-0.030378759,1.079871,-0.16150042,-0.055520937,True,1.0
265528.374858918,20000000,0.010543078,0.08466129,-0.033405602,0.905041,-0.11915663,-0.02102274,True,1.0
265528.394858918,0,0.01698181,0.08081499,-0.030038476,0.74034977,-0.04821291,0.010433871,True,1.0
265528.414858918,0,0.009227484,0.06847952,-0.020456493,0.5976642,0.021026023,0.059576645,True,1.0
265528.434858918,20000000,0.010257512,0.05507876,-0.017786026,0.49613416,0.09363183,0.09889123,True,1.0
265528.454858918,0,0.015803158,0.046832293,-0.020446062,0.3901228,0.18529901,0.16969676,True,1.0
265528.474858918,20000000,0.0163818,0.008215487,-0.007841229,0.35640678,0.25130054,0.198277,True,1.0
265528.494858918,0,0.018222302,0.012302667,-0.0048816204,0.31922308,0.25054163,0.23376825,True,1.0
265528.514858918,20000000,0.016675323,-0.008077472,0.0042687654,0.3272267,0.29807624,0.22154629,True,1.0
265528.534858918,0,-0.063011706,-0.013775617,0.049811006,0.3460748,0.12506106,0.04236114,True,1.0
265528.554858918,0,-0.019439518,-0.05469519,0.0029643178,0.355338,0.038885117,-0.047036268,True,1.0
265528.574858918,20000000,0.010832131,-0.002391845,-0.03939432,0.48949695,0.05410459,-0.13539802,True,1.0
265528.594858918,0,0.007241547,-0.06017509,-0.02063787,0.38739607,0.0063708685,-0.23676062,True,1.0
265528.614858918,0,-0.012919903,-0.05442962,-0.005469978,0.33593354,-0.019129746,-0.35960543,True,1.0
265528.634858918,20000000,-0.035576373,-0.03687054,0.014896572,0.3904099,-0.07024209,-0.4241083,True,1.0
265528.654858918,0,-0.03196311,-0.032672107,0.011484563,0.4348657,-0.095688425,-0.46883413,True,1.0
265528.674858918,20000000,-0.0131881535,-0.020961434,0.0026155114,0.4529693,-0.09982551,-0.5275073,True,1.0
265528.694858918,0,-0.00015231967,-0.009473115,0.0027866364,0.42981076,-0.090502314,-0.58058023,True,1.0
265528.714858919,0,0.0046881735,-0.0104293525,0.012272239,0.4119609,-0.07683618,-0.62739867,True,1.0
265528.734858919,20000000,0.010390282,-0.009756535,0.022807837,0.3897509,-0.08688772,-0.63815176,True,1.0
265528.754858919,0,0.017394423,-0.016109109,0.033447146,0.38104308,-0.090290464,-0.6537084,True,1.0
265528.774858919,20000000,0.022247016,-0.020204127,0.048425138,0.38262168,-0.09547022,-0.67099094,True,1.0
265528.794858919,0,0.017157286,-0.0099416375,0.046578944,0.36547562,-0.12724733,-0.65367854,True,1.0
265528.814858919,20000000,0.0024570525,0.008881092,0.028553963,0.28222772,-0.1888348,-0.58970475,True,1.0
265528.834858919,0,-0.009503931,0.03344822,0.009306967,0.14385147,-0.26289985,-0.52826285,True,1.0
265528.854858919,0,-0.0134902,0.059280127,-0.0031521916,-0.026088193,-0.31753704,-0.44114864,True,1.0
265528.874858919,20000000,-0.012678385,0.07469216,-0.0086680055,-0.15842769,-0.3283488,-0.32165274,True,1.0
265528.894858919,0,-0.010903418,0.08489326,-0.013196886,-0.23800355,-0.31514037,-0.16804041,True,1.0
265528.914858919,0,0.0009879172,0.081209034,-0.023799598,-0.26040706,-0.2687809,-0.020176172,True,1.0
265528.934858919,0,0.002557218,0.07801072,-0.028300941,-0.2553866,-0.167521,0.12023911,True,1.0
265528.954858919,0,-0.018294036,0.024125755,-0.0049539804,-0.13348691,-0.18457061,0.26283878,True,1.0
265528.974858919,20000000,-0.009871811,0.03934279,-0.006830871,-0.048060097,-0.15120089,0.33505243,True,1.0
265528.994858919,0,0.008964717,0.027866572,-0.010820329,-0.022122124,-0.096817024,0.3650753,True,1.0
265529.014858919,20000000,0.028483868,0.0015817285,-0.029680371,-0.124627516,0.018621758,0.39864537,True,1.0
265529.034858919,0,0.0111293495,-0.020924002,-0.007172346,-0.13545807,0.07210024,0.368213,True,1.0
265529.054858919,0,0.009069055,-0.03467244,-0.0053097606,-0.112599954,0.088905774,0.33182716,True,1.0
265529.074858919,0,-0.0018369257,-0.014949262,-0.004492998,-0.124353014,0.052052207,0.2579915,True,1.0
265529.094858919,0,-0.012884259,-0.00954321,-0.003625691,-0.15811194,0.026608843,0.19872123,True,1.0
265529.114858919,0,-0.0169954,-0.015432447,-0.003937781,-0.1470702,-0.034060538,0.123242885,True,1.0
265529.134695667,0,0.0066279243,-0.050978336,-0.0041324357,-0.0832139,-0.021745693,0.0050961147,True,1.0
265529.154695667,20000000,-0.002125591,-0.045134038,0.006225407,0.014792442,-0.011735574,-0.08759158,True,1.0
265529.174695667,0,-0.008608282,-0.037091315,0.012216866,0.100879386,-0.03980284,-0.16320497,True,1.0
265529.194695667,20000000,-0.0073001385,-0.050906956,0.016058862,0.19630405,-0.07275711,-0.23006186,True,1.0
265529.214695667,0,-0.0035184622,-0.09076816,0.028667033,0.33465913,-0.14021498,-0.32367817,True,1.0
265529.234695667,0,-0.0068123043,-0.062294632,0.027368844,0.38720784,-0.19727936,-0.42036963,True,1.0
265529.254695667,0,-0.0015589297,-0.049511194,0.00945884,0.40592316,-0.1995045,-0.5341777,True,1.0
265529.274695667,0,-0.0061136484,-0.023968846,0.010633171,0.40852544,-0.23080769,-0.6042712,True,1.0
265529.294695667,20000000,-0.013382524,0.0010663867,0.01161027,0.39232638,-0.28256643,-0.6201671,True,1.0
265529.314695667,0,-0.01473102,0.023062706,0.006072104,0.35412595,-0.3392684,-0.5819556,True,1.0
265529.334695667,20000000,-0.0069897175,0.036162168,0.00090801716,0.3220813,-0.34442592,-0.49122623,True,1.0
265529.354695667,0,0.0044739544,0.040985048,-0.008035064,0.28996179,-0.28459144,-0.37544274,True,1.0
265529.394695667,0,0.002907604,0.057914853,-0.035242558,0.1698798,-0.13107789,-0.11837679,True,1.0
265529.414695667,20000000,0.0065164566,0.059892505,-0.037814796,0.084425345,-0.07065142,-0.013479441,True,1.0
265529.434695667,0,0.012741029,0.0514763,-0.028097034,0.020171016,-0.009281471,0.039231706,True,1.0
265529.454695667,0,0.018437684,0.03994614,-0.018616617,-0.0217841,0.06491182,0.058882367,True,1.0
265529.474695667,20000000,0.019097567,0.031317234,-0.009061515,-0.042209983,0.11379723,0.06255377,True,1.0
265529.494695667,0,0.01690051,0.01865995,0.0030022264,-0.0333234,0.1523923,0.06168215,True,1.0
265529.514695667,20000000,0.00249058,0.004181981,0.023346841,0.0067439415,0.1604211,0.078764275,True,1.0
265529.534695667,0,-0.0134215355,-0.008488297,0.03186357,0.06281153,0.13140893,0.13009807,True,1.0
265529.554695667,0,-0.008494854,-0.008204073,0.016821623,0.051922377,0.111068465,0.16975105,True,1.0
265529.574695667,20000000,0.0076091886,-0.0070379376,-0.004938185,-0.031556834,0.15317272,0.17220517,True,1.0
265529.594695667,0,0.0018122792,-0.007059157,-0.0041743517,-0.16086029,0.19864583,0.16487339,True,1.0
265529.614695667,20000000,0.0076117516,-0.01596871,-0.0087580085,-0.2215836,0.19716237,0.13087872,True,1.0
265529.634695667,0,-0.016071975,-0.028787315,0.008849084,-0.28346097,0.2687536,0.1462076,True,1.0
265529.654695667,0,0.02462411,-0.008614004,-0.032208025,-0.169119,0.21696469,0.023850799,True,1.0
265529.674695667,20000000,-0.007217407,0.0067687035,-0.003266096,-0.12149258,0.19011025,0.0036204625,True,1.0
265529.694695667,0,-0.01063776,0.025361896,-0.00048285723,-0.05703716,0.14134768,0.042535707,True,1.0
265529.714695667,0,-0.0001552403,0.023549259,-0.0009688735,-0.045680575,0.14499138,0.070810385,True,1.0
265529.734695667,20000000,0.016560674,0.01366514,-0.006102383,-0.057349242,0.18726602,0.11867214,True,1.0
265529.754695667,0,-0.011063427,0.015112877,0.015268445,-0.07549463,0.14059305,0.0754274,True,1.0
265529.774695667,0,0.0023911595,-0.0028073192,0.007913947,-0.08203544,0.08322887,0.026618194,True,1.0
265529.794695667,20000000,0.0051000416,-0.0097824335,0.008846939,-0.013507284,0.055926275,-0.08916931,True,1.0
265529.814695667,0,0.014573693,-0.0026153326,-0.005613923,-0.06031747,0.03620959,-0.06390039,True,1.0
265529.834695667,20000000,0.00053581595,0.014505118,-0.0014250278,-0.11860722,0.010893334,-0.03953944,True,1.0
265529.854695667,0,-0.0018699467,0.014365256,0.0028348565,-0.15009406,-0.011732869,-0.009296287,True,1.0
265529.874695667,0,0.005646497,0.005393207,0.002983749,-0.16860156,-0.022553995,0.0039243074,True,1.0
265529.894695667,20000000,0.0061190426,0.0034991205,-0.00415051,-0.2193584,-0.002871247,-0.012828107,True,1.0
265529.914695667,0,0.006078005,0.0032562017,-0.008342385,-0.30670825,0.004588227,-0.04837843,True,1.0
265529.934695667,20000000,0.003254354,0.0027728975,-0.009146154,-0.43136132,0.007578079,-0.106877565,True,1.0
265529.954695667,0,-0.00052019954,-0.003192395,-0.0014719367,-0.56289935,0.0034056357,-0.1654039,True,1.0
265529.974695667,0,-0.00794515,-0.007118553,0.003298521,-0.68763167,-0.0059295795,-0.20950796,True,1.0
265529.994695667,0,-0.0075716674,-0.010619819,-0.0028345585,-0.81751394,-0.0084380135,-0.22975285,True,1.0
265530.014695667,0,-0.007686347,-0.0028713644,-0.0048060417,-0.9568872,-0.0012784246,-0.23608941,True,1.0
265530.034695668,20000000,-0.0015170574,0.00709264,-0.00927794,-1.0992329,0.03474278,-0.22249867,True,1.0
265530.054695668,0,0.0045721233,0.0046308637,-0.018372834,-1.2164592,0.10681291,-0.19931972,True,1.0
265530.074695668,20000000,-0.004863262,-0.0010951459,-0.012337804,-1.2881655,0.18152715,-0.13561666,True,1.0
265530.094695668,0,-0.015856475,-0.009498954,-0.0016303658,-1.288711,0.21990222,-0.043775514,True,1.0
265530.114695668,0,-0.01719141,-0.016759947,0.001599431,-1.2156366,0.22251081,0.058926374,True,1.0
265530.134695668,20000000,-0.02137947,-0.05497621,0.021388233,-1.0383928,0.19370987,0.117553234,True,1.0
265530.154695668,0,-0.026126832,-0.089763775,0.034008563,-0.77679515,0.11559885,0.114946194,True,1.0
265530.174695668,0,-0.02265066,-0.11011091,0.040138423,-0.48803753,0.006660044,0.038555093,True,1.0
265530.194695668,0,-0.016495079,-0.10195827,0.039554656,-0.23591825,-0.11392094,-0.12705442,True,1.0
265530.214695668,0,-0.007574886,-0.035204932,0.02484876,-0.06226206,-0.21503885,-0.26264745,True,1.0
265530.234695668,20000000,-0.0057590306,0.011910774,0.029826343,0.06592439,-0.2891609,-0.2764222,True,1.0
265530.254695668,0,0.0024368763,0.040542003,0.03162849,0.14353618,-0.37313443,-0.18714492,True,1.0
265530.274695668,20000000,0.017165273,0.02406168,0.040967286,0.17461406,-0.38696086,-0.081418976,True,1.0
265530.294695668,0,0.037816256,0.030333959,0.02022326,0.14598763,-0.38251534,-0.011072628,True,1.0
265530.314695668,0,0.026537597,0.04631675,0.015461326,0.058325194,-0.3530837,0.06483061,True,1.0
265530.334695668,20000000,0.0015520155,0.058698267,0.003646493,-0.09293277,-0.29872447,0.16720827,True,1.0
265530.354695668,0,-0.031883985,0.017203465,0.009127617,-0.19395813,-0.3459638,0.22724566,True,1.0
265530.374695668,0,-0.030329615,-0.022627212,-0.01699239,-0.25640473,-0.34512413,0.18566822,True,1.0
265530.394695668,0,-0.028535455,-0.073791526,-0.024134636,-0.25243247,-0.33458138,0.027363509,True,1.0
265530.414695668,0,-0.01838094,-0.10614831,-0.02990061,-0.16374087,-0.30072173,-0.23019573,True,1.0
265530.434695668,20000000,-0.021311909,-0.112153284,-0.009448528,0.018589064,-0.33859083,-0.51266694,True,1.0
265530.454695668,0,0.0021381378,-0.04271213,-0.033633947,0.12278218,-0.27941266,-0.6606232,True,1.0
265530.474695668,20000000,0.025617093,0.026798218,-0.057840586,0.22697529,-0.2202345,-0.8085795,True,1.0
265530.494695668,40000000,0.030914068,0.065535046,-0.04140508,0.25709397,-0.14056638,-0.76057017,True,1.0
265530.514695668,0,0.04363528,0.07937447,-0.023028433,0.2612863,-0.040053576,-0.6203669,True,1.0
265530.534695668,0,0.039727777,0.09581019,-0.0059577227,0.22200143,0.03674221,-0.4329136,True,1.0
265530.554695668,20000000,0.014505625,0.1085151,0.0059003234,0.1367746,0.05678667,-0.2222566,True,1.0
265530.574695668,0,-0.0063026547,0.09284694,0.01670301,0.07582957,-0.029036947,-0.044537723,True,1.0
265530.594695668,0,-0.00162521,0.045155443,0.016791642,0.06933159,-0.11364008,0.06626648,True,1.0
265530.614695668,0,0.03332734,0.0028134957,0.009051263,0.10698906,-0.11228296,0.15563843,True,1.0
265530.634695668,0,0.02248618,-0.014443345,0.011292338,0.11300351,-0.08230388,0.15834717,True,1.0
265530.654695668,20000000,0.011657894,-0.0317043,0.013526738,0.11901795,-0.0523248,0.16105591,True,1.0
265530.674695668,0,-0.012317032,-0.027436666,0.022473335,0.06896508,-0.066668734,0.12765816,True,1.0
265530.694695668,0,-0.00281474,-0.068905205,0.030291975,0.1405258,-0.13122773,0.050762825,True,1.0
265530.714695668,20000000,0.0017127395,-0.039487377,0.008798361,0.12462635,-0.14029415,-0.045978807,True,1.0
265530.734695668,0,0.0066108406,-0.034742713,1.9133091e-05,0.15039618,-0.14105262,-0.21250346,True,1.0
265530.774695668,0,-0.0011225343,-0.019173518,-0.0022035837,0.17248745,-0.12943734,-0.4376986,True,1.0
265530.794695668,0,-0.0149571,-0.028851822,0.013756812,0.21988194,-0.1623724,-0.5581176,True,1.0
265530.814695668,20000000,-0.020209014,-0.010829285,0.007169962,0.26241422,-0.18596086,-0.670236,True,1.0
265530.834695668,0,-0.016737103,0.0059304237,-0.005797565,0.26203948,-0.17865817,-0.7010217,True,1.0
265530.854695668,0,0.0035440922,0.008169502,-0.013818085,0.2674609,-0.10719577,-0.66119576,True,1.0
265530.874695668,0,0.01033926,0.028773889,-0.030640244,0.1911662,0.11983805,-0.5768651,True,1.0
265530.894695668,0,0.00054329634,0.057168286,-0.02959913,0.120940864,0.11192153,-0.4901461,True,1.0
265530.914695668,20000000,-0.007531166,0.055876154,-0.021481156,0.037728526,0.12157908,-0.34133124,True,1.0
265530.934695668,0,0.0010690391,0.045764863,-0.024156034,0.0030414462,0.13202518,-0.24409899,True,1.0
265530.954695668,0,0.017623842,0.04186227,-0.041133046,-0.04976202,0.20872441,-0.08788131,True,1.0
265530.974695668,20000000,4.8309565e-05,-0.0011683106,0.019135892,0.1190339,0.12966608,0.009783395,True,1.0
265530.994695668,0,-0.027050287,0.041983,0.01151073,0.04484897,0.0031104833,0.10489085,True,1.0
265531.014695668,0,-0.009951383,0.007567577,0.004540503,0.016989218,-0.014876774,0.063973516,True,1.0
265531.034695668,0,-0.0058158636,-0.01635816,0.016819417,0.030520078,-0.030052565,0.04996306,True,1.0
265531.054695668,0,0.01718083,0.0031331182,0.016326964,0.047111705,0.043981776,0.050836075,True,1.0
265531.074695668,20000000,-0.0023900568,-0.019001395,0.019317567,0.07768337,-0.023294121,0.013906412,True,1.0
265531.094695668,0,-0.008940011,-0.016085923,0.016494334,0.08324158,-0.02238876,-0.007594688,True,1.0
265531.114695669,20000000,-0.011113912,-0.013356432,0.00671649,0.0736426,-0.036411643,-0.009138268,True,1.0
265531.134695669,0,-0.006042272,-0.009692229,-0.0037036538,0.057507128,-0.035939977,0.0077436725,True,1.0
265531.154695669,0,-0.002447039,-0.0031640604,-0.010433793,0.03926184,-0.024122447,0.020373873,True,1.0
265531.174695669,20000000,-0.0029489398,0.0050303936,-0.007455766,0.01838314,-0.010035279,0.036989912,True,1.0
265531.194695669,0,-0.0023115873,0.003819771,-0.010004044,-0.008387988,0.007493482,0.04935597,True,1.0
265531.214695669,20000000,0.004526794,-0.0024856701,-0.012702584,-0.019499471,0.030443419,0.040898617,True,1.0
265531.234695669,0,-0.00025355816,0.0013111681,-0.005200565,-0.034565743,0.038795277,0.03379333,True,1.0
265531.254695669,0,-0.009795874,0.014641739,0.0017666221,-0.04022955,0.04761178,0.051163338,True,1.0
265531.274695669,20000000,-0.019158214,0.0066472962,0.0118168,-0.033086613,-0.0035363175,0.029546062,True,1.0
265531.294695669,0,0.0016498268,-0.01469022,0.02087903,-0.0016029924,-0.06918992,-0.013592349,True,1.0
265531.314695669,0,-0.0027379394,-0.00954742,0.001414299,0.010785588,-0.009678323,-0.028987,True,1.0
265531.334695669,0,-0.005655408,-0.07530599,-0.0049093366,0.1873015,-0.15267847,-0.31496206,True,1.0
265531.354695669,0,0.00046899915,-0.04215993,0.0005839467,0.16067281,-0.14659467,-0.22158325,True,1.0
265531.374695669,20000000,0.0065875947,-0.008998312,0.006058991,0.13404411,-0.14051087,-0.12820444,True,1.0
265531.394695669,40000000,-0.00061002374,-0.019678071,0.014518738,0.16552265,-0.17779891,-0.08334461,True,1.0
265531.414695669,0,0.0005046725,-0.009241059,-0.0017576814,0.1647731,-0.12772991,-0.11161098,True,1.0
265531.434695669,20000000,0.017697752,-0.0053735673,-0.018260539,0.16717052,-0.07860766,-0.117218286,True,1.0
265531.454695669,0,0.014412165,0.016032182,-0.021643281,0.13094644,0.0005609244,-0.07717918,True,1.0
265531.474695669,0,-0.0020938218,0.03411953,-0.011901021,0.11374763,0.036123168,-0.008586019,True,1.0
265531.494655583,0,-0.0025626747,0.036539346,-0.0113102,0.08258315,0.0669834,0.07508747,True,1.0
265531.514655583,0,0.0024517179,0.032657884,-0.008228838,0.025184743,0.086078465,0.11610952,True,1.0
265531.534655583,0,0.0059697926,0.020429455,-0.004961312,-0.032286234,0.12144704,0.13363937,True,1.0
265531.554655583,0,0.0042244196,0.018864095,-0.0051667094,-0.09544211,0.18015409,0.14633475,True,1.0
265531.574655583,20000000,-0.0005938113,0.005644262,0.0029644966,-0.12691206,0.19285527,0.16622753,True,1.0
265531.594655583,0,0.017611086,0.019933835,-0.010288775,-0.12746945,0.22547352,0.18415013,True,1.0
265531.634655583,0,0.008706182,0.0038925856,-0.008899093,-0.03940303,0.21574563,0.21139897,True,1.0
265531.654655583,0,-0.0048754215,0.0041123778,0.008762479,0.029978111,0.11671235,0.19636987,True,1.0
265531.674655584,20000000,-0.0036267042,0.0027674884,0.010158181,0.022410884,0.069694825,0.19518717,True,1.0
265531.694655584,0,0.0017955601,-0.02352427,0.012481213,0.039765045,0.027217824,0.13504452,True,1.0
265531.714655584,20000000,0.030551225,-0.049376324,-0.017813444,0.0711572,0.09818973,0.0205995,True,1.0
265531.734655584,0,0.023150593,-0.03927715,-0.006989956,0.071959235,0.06814642,-0.030605894,True,1.0
265531.754655584,0,0.0018260777,-0.056038514,0.028050125,0.17088318,0.026635133,-0.18620668,True,1.0
265531.774655584,20000000,0.012440383,-0.03194365,0.0088135,0.1255643,0.019793777,-0.1913986,True,1.0
265531.794655584,0,0.0099571645,-0.02286309,0.013006091,0.09675315,-0.009750836,-0.19442967,True,1.0
265531.814655584,0,0.010616034,-0.021196708,0.01574409,0.116096795,-0.04070963,-0.21103759,True,1.0
265531.834655584,20000000,0.014983803,-0.024536237,0.018221974,0.16537325,-0.052752458,-0.23233525,True,1.0
265531.854655584,0,0.017246306,-0.035647884,0.019122481,0.22612491,-0.055889174,-0.30103317,True,1.0
265531.874655584,0,0.0128112435,-0.065150365,0.030602455,0.32543713,-0.100081936,-0.44159317,True,1.0
265531.894655584,20000000,-0.010616541,-0.0802519,0.03417635,0.44533294,-0.18006144,-0.64468545,True,1.0
265531.914655584,0,-0.040512025,-0.07907775,0.033218563,0.5657445,-0.29274967,-0.8492678,True,1.0
265531.934655584,0,-0.05439508,-0.077214986,0.027642846,0.68058383,-0.42007473,-1.0198406,True,1.0
265531.954655584,20000000,-0.054397196,-0.08897558,0.015079439,0.80670774,-0.5181271,-1.2197585,True,1.0
265531.974655584,0,-0.06379163,-0.07604487,0.0012805462,0.9142804,-0.59024864,-1.4059218,True,1.0
265531.994655584,20000000,-0.070919946,-0.056253165,-0.0044158697,0.9921684,-0.64041454,-1.5363513,True,1.0
265532.014655584,0,-0.07351476,-0.037528545,-0.010855854,1.0499885,-0.67436767,-1.6184042,True,1.0
265532.034655584,0,-0.072446376,-0.016048148,-0.017952919,1.0732387,-0.68776655,-1.6589662,True,1.0
265532.054655584,0,-0.0591864,0.00437288,-0.029552639,1.0538092,-0.6664672,-1.6644449,True,1.0
265532.074655584,20000000,-0.046989307,0.02522315,-0.035028636,0.9985261,-0.6275319,-1.633331,True,1.0
265532.094655584,0,-0.033100665,0.04678102,-0.035521448,0.91172737,-0.5856263,-1.5516117,True,1.0
265532.114655584,0,-0.017041087,0.071517274,-0.04019469,0.799122,-0.52169526,-1.4346883,True,1.0
265532.134655584,20000000,-0.002996385,0.0931444,-0.041659772,0.6667924,-0.45382917,-1.2632209,True,1.0
265532.154655584,0,0.014752984,0.098832384,-0.04396069,0.5289539,-0.36670375,-1.0654857,True,1.0
265532.174655584,0,0.02908817,0.08666384,-0.046016037,0.42542803,-0.25132993,-0.8828487,True,1.0
265532.194655584,20000000,0.030490398,0.08309364,-0.04193914,0.33449855,-0.14290595,-0.7035218,True,1.0
265532.214655584,0,0.031069249,0.079463005,-0.037257135,0.24887453,-0.054536015,-0.523098,True,1.0
265532.234655584,0,0.03243357,0.07198639,-0.03195584,0.16189438,0.017199323,-0.36631608,True,1.0
265532.254655584,0,0.03715551,0.065784514,-0.023997784,0.08420953,0.07788922,-0.24173704,True,1.0
265532.274655584,20000000,0.03326863,0.058233023,-0.014713228,0.01951079,0.11709438,-0.15158519,True,1.0
265532.294655584,0,0.015233934,0.047992334,-0.0017954707,-0.024388812,0.10306582,-0.09193754,True,1.0
265532.314655584,0,0.0029775202,0.038951993,0.008358896,-0.033614032,0.044582713,-0.0513557,True,1.0
265532.334655584,20000000,0.0005854368,0.03362243,0.012884557,-0.0192209,-0.0006978139,-0.021109648,True,1.0
265532.354655584,0,0.0059233904,0.011685431,0.020889461,0.015430886,-2.6810449e-05,0.043770395,True,1.0
265532.374655584,20000000,0.015660346,0.02100265,0.010627031,-0.011097653,0.036755964,0.092109054,True,1.0
265532.394655584,0,0.0075449944,0.02502717,0.013370454,-0.034737103,0.034933798,0.13468486,True,1.0
265532.414655584,0,0.009559363,0.035221428,0.004855275,-0.07251999,0.027544893,0.1851376,True,1.0
265532.434655584,20000000,0.0092532635,0.043577194,-0.0061867237,-0.111234754,0.03904331,0.2530765,True,1.0
265532.454655584,0,0.011993796,0.069457054,-0.028549671,-0.16191621,0.069855005,0.35070553,True,1.0
265532.474655584,0,0.0021010637,0.12171534,-0.05088824,-0.26188672,0.12197608,0.5267365,True,1.0
265532.494655584,20000000,-0.0015694201,0.17849185,-0.07918906,-0.42169344,0.19576855,0.8384693,True,0.9866666666666667
265532.514655584,0,0.012126774,0.19133952,-0.09716976,-0.5756093,0.33742362,1.2213109,True,0.9733333333333334
265532.534655584,20000000,0.023078173,0.17924635,-0.10114497,-0.6918187,0.5361995,1.6015707,True,0.96
265532.554655584,0,0.020125628,0.15753853,-0.095623195,-0.77240676,0.73681575,1.9412732,True,0.9466666666666667
265532.574655584,0,0.00085660815,0.13321677,-0.08207774,-0.82572556,0.9147161,2.1919858,True,0.9333333333333333
265532.594655584,0,-0.02792275,0.114792645,-0.06288606,-0.88698435,1.0469729,2.40224,True,0.92
265532.614655584,0,-0.049075812,0.086771786,-0.049854398,-0.9293931,1.1300251,2.565583,True,0.9066666666666666
265532.634655584,20000000,-0.06344615,0.05015707,-0.028987765,-0.93890584,1.1744874,2.6614397,True,0.8933333333333333
265532.654655584,0,-0.06866437,0.014020085,-0.010022104,-0.9053344,1.1585131,2.674384,True,0.88
265532.674655584,0,-0.06270841,-0.022674337,0.008611202,-0.8532799,1.1116809,2.6029267,True,0.8666666666666667
265532.694655584,0,-0.061070025,-0.04810451,0.024369717,-0.7850337,1.0180498,2.4553418,True,0.8533333333333334
265532.714655584,0,-0.04876721,-0.070305794,0.03215325,-0.7093948,0.912685,2.2546444,True,0.84
265532.734655584,20000000,-0.04330367,-0.083022475,0.028630614,-0.6449526,0.8079044,2.0430236,True,0.8266666666666667
265532.754655585,0,-0.048954457,-0.080783844,0.03829378,-0.5799578,0.6664376,1.8378097,True,0.8133333333333334
265532.774655585,20000000,-0.033295125,-0.084866494,0.029147029,-0.51748747,0.5592724,1.6167762,True,0.8
265532.794655585,0,-0.018326819,-0.08350998,0.027589977,-0.45779026,0.45999196,1.4038095,True,0.7866666666666666
265532.814655585,0,-0.006702125,-0.07885274,0.024570584,-0.4079687,0.39426866,1.2059174,True,0.7733333333333333
265532.834655585,20000000,-0.0011208653,-0.08004287,0.024050117,-0.33445022,0.34241328,1.0052171,True,0.76
265532.854655585,0,-0.006488234,-0.056798458,0.03523791,-0.277336,0.27956218,0.8542198,True,0.7466666666666667
265532.874655585,20000000,-0.0043238997,-0.048907727,0.039212048,-0.21401682,0.21251962,0.74497354,True,0.7333333333333333
265532.894655585,0,0.0106116235,-0.05126959,0.029068172,-0.1482029,0.18292195,0.6349482,True,0.72
265532.914655585,0,0.015052289,-0.048881024,0.02786398,-0.08383683,0.1355372,0.55845743,True,0.7066666666666667
265532.934655585,20000000,0.015650958,-0.043796986,0.027182579,-0.037100513,0.09271942,0.47297007,True,0.6933333333333334
265532.954655585,0,0.01946333,-0.039889365,0.027923226,0.0041108653,0.05968037,0.39436808,True,0.68
265532.974655585,20000000,0.012904584,-0.03989798,0.03557831,0.039511874,0.003606528,0.34460697,True,0.6666666666666666
265532.994655585,0,0.013626337,-0.043924987,0.04137081,0.08788693,-0.05238979,0.31012222,True,0.6533333333333333
265533.014655585,20000000,0.005850017,-0.04663402,0.051006913,0.14800698,-0.0993943,0.28585538,True,0.64
265533.034655585,0,0.00036931038,-0.040907055,0.04562491,0.18503712,-0.15965882,0.28065926,True,0.6266666666666667
265533.054655585,0,0.004226774,-0.033075213,0.029726803,0.1807619,-0.20114978,0.26802614,True,0.6133333333333333
265533.074655585,0,0.010251224,-0.036983877,0.016215444,0.17421035,-0.21893159,0.2558937,True,0.6
265533.094655585,0,0.020480037,-0.043073475,0.0026689768,0.18756562,-0.20449421,0.2477559,True,0.5866666666666667
265533.114655585,0,0.027136356,-0.04485473,-0.0021744967,0.210635,-0.16888264,0.24822709,True,0.5733333333333334
265533.134655585,20000000,0.026123464,-0.037191123,-0.00469774,0.2298989,-0.13923787,0.26539344,True,0.56
265533.154655585,0,0.021697909,-0.031734347,-0.0018287897,0.25181586,-0.10216502,0.2642134,True,0.5466666666666666
265533.174655585,0,0.008808345,-0.017511457,0.0039415956,0.24100824,-0.10845702,0.29033825,True,0.5333333333333333
265533.194655585,0,-5.105138e-05,-0.015114158,0.0049413443,0.2256544,-0.11129426,0.32160658,True,0.52
265533.214655585,0,0.0052030683,-0.026666641,-0.003522694,0.22671926,-0.10322576,0.36718878,True,0.5066666666666667
265533.234655585,20000000,0.0046239197,-0.025186032,0.0029790998,0.23635204,-0.062193297,0.40860772,True,0.49333333333333335
265533.254655585,0,0.0023877323,-0.028784484,0.00423795,0.24667582,-0.03886981,0.4168821,True,0.48
265533.274655585,20000000,8.0794096e-05,-0.0277569,0.00412786,0.23934169,-0.0064128973,0.40124902,True,0.4666666666666667
265533.294655585,0,0.003569901,-0.034724444,0.0061950684,0.23922496,0.04306266,0.36578172,True,0.4533333333333333
265533.314655585,0,-0.0009339154,-0.03849402,0.0076232553,0.25059977,0.09856722,0.32201445,True,0.44
265533.334655585,0,-0.010474354,-0.038698882,0.009959936,0.2735781,0.105892256,0.27479059,True,0.4266666666666667
265533.354655585,0,-0.0056818426,-0.06483045,0.016150892,0.33492133,0.11221204,0.19185135,True,0.41333333333333333
265533.374655585,20000000,-0.007591754,-0.10110435,0.017263234,0.4179109,0.13409698,0.0077053607,True,0.4
265533.394655585,0,-0.047786325,-0.09839049,0.019618154,0.5551592,0.125141,-0.25063902,True,0.38666666666666666
265533.414655585,0,-0.08804327,-0.060538262,0.022978842,0.6702048,0.015034698,-0.3896891,True,0.37333333333333335
265533.434655585,0,-0.079745114,-0.034104317,0.0017789006,0.7209617,-0.054081134,-0.46276402,True,0.36
265533.454655585,0,-0.05849895,-0.006273091,-0.009781361,0.7230045,-0.0926535,-0.48329464,True,0.3466666666666667
265533.474655585,20000000,-0.04812278,0.028581113,-0.019744396,0.6498004,-0.07773953,-0.4544085,True,0.3333333333333333
265533.494655585,0,-0.027427256,0.03728485,-0.03169626,0.54537106,-0.054364607,-0.41743368,True,0.32
265533.514655585,20000000,-0.030162245,0.058047086,-0.020612597,0.4185006,-0.050401915,-0.33603168,True,0.30666666666666664
265533.534655585,0,-0.022595227,0.061343282,-0.027137578,0.29877087,-0.021998229,-0.25554174,True,0.29333333333333333
265533.554655585,0,-0.021792382,0.059238464,-0.0266245,0.190947,0.008565916,-0.1660425,True,0.28
265533.574655585,20000000,-0.022355944,0.058555692,-0.023537517,0.10164715,0.03631015,-0.07262882,True,0.26666666666666666
265533.594655585,0,-0.02362901,0.05757922,-0.02333045,0.031453483,0.054187343,0.013057187,True,0.25333333333333335
265533.614655585,20000000,-0.018695146,0.05250427,-0.024173975,-0.028487518,0.0551527,0.074665844,True,0.24
265533.634655585,0,-0.018222183,0.050687075,-0.026736438,-0.09276727,0.050843727,0.12541868,True,0.22666666666666666
265533.654655585,0,-0.01884073,0.049412787,-0.030861199,-0.15606833,0.069520764,0.17925197,True,0.21333333333333335
265533.674655585,20000000,0.00022920966,0.063749194,-0.03609562,-0.22719595,0.1264444,0.3168185,True,0.2
265533.694655585,0,0.009591848,0.029066533,-0.027655363,-0.2419685,0.17870972,0.27043098,True,0.18666666666666668
265533.714655585,20000000,-0.02689302,0.059459478,-0.019980133,-0.2932349,0.14585833,0.34122866,True,0.17333333333333334
265533.734655585,0,-0.0044008195,0.038000673,-0.031695485,-0.2822621,0.17342716,0.3318861,True,0.16
265533.754655585,0,-0.02083987,0.036453664,-0.022396863,-0.29492968,0.13780782,0.33650684,True,0.14666666666666667
265533.794655585,0,0.0025753677,0.008642107,-0.027892172,-0.2182789,0.10956354,0.29586786,True,0.13333333333333333
265533.814655586,20000000,-0.010588139,0.027220994,-0.016630113,-0.15672165,0.094051175,0.25101444,True,0.12
265533.834655586,0,-0.026518762,0.028584868,-0.01328975,-0.12514158,0.07078816,0.22126484,True,0.10666666666666667
265533.854655586,0,-0.04074335,0.03181705,-0.009988487,-0.10018026,0.024709716,0.2184824,True,0.09333333333333334
265533.874651625,0,-0.029890522,0.029657617,-0.023556339,-0.102575704,-0.014096689,0.20738734,True,0.08
265533.894651625,20000000,-0.026397586,0.020427048,-0.028201878,-0.0778757,-0.022279404,0.16362047,True,0.06666666666666667
265533.914651625,0,-0.023161888,0.012385935,-0.033655047,-0.05021312,-0.046920575,0.11050296,True,0.05333333333333334
265533.934651625,0,-0.017049283,0.0143015385,-0.03880644,-0.025532393,-0.04571499,0.04605536,True,0.04
265533.954651625,0,-0.014512628,0.020606041,-0.037403166,-0.005739929,-0.055810012,-0.0076285005,True,0.02666666666666667
265533.974651625,0,-0.010992289,0.02668029,-0.03794837,0.0202657,-0.0699104,-0.053297006,True,0.013333333333333334
265533.994651625,20000000,-0.013975501,0.036845773,-0.037494898,0.0476615,-0.07343961,-0.085803464,False,0.0
265534.014651625,0,-0.014817566,0.04272437,-0.039036274,0.066356234,-0.06640457,-0.096903205,False,0.0
265534.034651625,0,-0.015999258,0.044908136,-0.037763774,0.089408085,-0.056394685,-0.08046785,False,0.0
265534.054651625,20000000,-0.017183423,0.047091514,-0.03649366,0.11245993,-0.046384797,-0.064032495,False,0.0
265534.074651625,0,-0.016117185,0.051034957,-0.03981036,0.12853037,-0.02495021,-0.04006791,False,0.0
265534.094651625,0,-0.016890317,0.05104673,-0.04076141,0.13344024,-0.010731876,-0.017453266,False,0.0
265534.114651625,0,-0.013113081,0.04428163,-0.043198824,0.14001024,0.016184976,-0.011495004,False,0.0
265534.134651625,20000000,-0.01149416,0.035722047,-0.044110358,0.1336204,0.03596846,-0.017175267,False,0.0
265534.154651625,0,-0.014166951,0.025853753,-0.03583163,0.13152541,0.048090287,-0.039221875,False,0.0
265534.174651625,0,-0.012629062,0.021069825,-0.032258153,0.116382,0.07020989,-0.06528936,False,0.0
265534.194651625,0,-0.019066602,0.019653141,-0.026464999,0.11007586,0.09360287,-0.08927628,False,0.0
265534.214651625,0,-0.021125495,0.023013175,-0.027985156,0.08946658,0.09152319,-0.11457401,False,0.0
265534.234651625,20000000,-0.026337713,0.018871874,-0.021471083,0.06891088,0.08479273,-0.14588062,False,0.0
265534.254651625,0,-0.034470826,0.015703648,-0.013959229,0.056374885,0.0684782,-0.1814284,False,0.0
265534.274651625,0,-0.02523771,0.006349802,-0.011586964,0.050308898,0.06192127,-0.19395134,False,0.0
265534.294651625,20000000,-0.027010292,0.01889348,-0.006493151,0.035382822,0.07904845,-0.23020793,False,0.0
265534.314651625,0,-0.009739131,0.022164375,-0.010179579,-0.021440662,0.11073369,-0.24389762,False,0.0
265534.334651625,0,-0.01393494,-0.009777874,-0.001996696,0.0001689624,0.09114752,-0.313192,False,0.0
265534.374651625,0,-0.01677835,-0.017047465,0.0020842552,-0.042628646,-0.00713221,-0.34907627,False,0.0
265534.394651625,20000000,-0.020385087,-0.012933463,0.0046961904,-0.08937223,-0.033292577,-0.38242057,False,0.0
265534.414651625,0,-0.02974081,-0.004837632,0.011851609,-0.09814658,-0.075865716,-0.4024127,False,0.0
265534.434651626,20000000,-0.028697878,0.008986592,0.008495212,-0.11610687,-0.09882838,-0.4202463,False,0.0
265534.454651626,0,-0.02748841,0.01805532,0.008599758,-0.13491905,-0.090145536,-0.43859324,False,0.0
265534.474651626,20000000,-0.02851662,0.018722713,0.011378467,-0.1628731,-0.07978568,-0.44346324,False,0.0
265534.494651626,0,-0.022793919,0.009399831,0.013997495,-0.19643605,-0.06981876,-0.44913995,False,0.0
265534.514651626,20000000,-0.019632608,-0.006202996,0.023503244,-0.22639555,-0.057800747,-0.46488222,False,0.0
265534.534651626,0,-0.016982436,-0.022987455,0.031899393,-0.2397636,-0.04820079,-0.5085043,False,0.0
265534.554651626,0,-0.011453807,-0.04172939,0.036689997,-0.23967679,-0.05453122,-0.5663404,False,0.0
265534.574651626,20000000,0.0029364824,-0.054424703,0.030103028,-0.25274384,-0.057853736,-0.6516381,False,0.0
265534.594651626,0,0.006623298,-0.054185122,0.018906236,-0.29120135,-0.074768856,-0.7548949,False,0.0
265534.614651626,0,0.003287673,-0.042953283,0.006365359,-0.35804015,-0.106092766,-0.8654387,False,0.0
265534.634651626,20000000,-0.00613904,-0.023948222,-0.0036216974,-0.45368585,-0.15334743,-0.9494128,False,0.0
265534.654651626,0,-0.014718324,-0.0076769292,-0.007134199,-0.5464722,-0.19023845,-1.0168747,False,0.0
265534.674651626,20000000,-0.014554888,0.0024809241,-0.0043619275,-0.61734545,-0.21673985,-1.0250065,False,0.0
265534.694651626,0,-0.0037054718,0.00029748678,-0.0046685934,-0.613875,-0.17978506,-1.0105023,False,0.0
265534.714651626,0,-0.00058314204,-0.0015002191,-0.007063329,-0.55552375,-0.12571965,-0.96391815,False,0.0
265534.734651626,20000000,-0.0035324395,0.004525095,-0.0038642883,-0.49405292,-0.08710924,-0.87551177,False,0.0
265534.754651626,0,-0.00048351288,0.008161932,-0.0020490289,-0.44396147,-0.039652437,-0.7801302,False,0.0
265534.774651626,20000000,0.0052837133,0.008035317,0.002880752,-0.39454433,-0.01877865,-0.6799271,False,0.0
265534.794651626,0,0.032028645,-0.014647856,-0.008588254,-0.33711275,0.02068712,-0.6153855,False,0.0
265534.814651626,0,0.0505417,-0.03242214,-0.0147224665,-0.26803514,0.10179299,-0.6008316,False,0.0
265534.834651626,20000000,0.04356852,-0.029001549,-0.007399738,-0.21846192,0.15016267,-0.590859,False,0.0
265534.854651626,0,0.027169973,-0.014865354,0.0049371123,-0.18989104,0.1520329,-0.56182814,False,0.0
265534.874651626,20000000,0.0136858225,-0.008087322,0.017170787,-0.1749363,0.12258352,-0.5036303,False,0.0
265534.894651626,0,0.015720487,-0.00885807,0.021116376,-0.16438465,0.092345074,-0.41715065,False,0.0
265534.914651626,0,0.023807496,-0.013916746,0.017191052,-0.1513725,0.1062275,-0.3514051,False,0.0
265534.934651626,20000000,0.019928783,-0.015821233,0.016085863,-0.13484122,0.119422644,-0.2784828,False,0.0
265534.954651626,0,0.017118186,-0.02168578,0.013915777,-0.11729513,0.12300139,-0.18802407,False,0.0
265534.994651626,0,0.01572892,-0.05181171,0.014991343,-0.04795893,0.13623893,-0.08505507,False,0.0
265535.014651626,20000000,0.013946682,-0.06323367,0.014698863,-0.012871262,0.13071576,-0.053888083,False,0.0
265535.034651626,0,0.01710093,-0.075638995,0.012356579,0.030024026,0.13010974,-0.051492967,False,0.0
265535.054651626,0,0.018311232,-0.079895675,0.010653496,0.06068371,0.14685383,-0.063031144,False,0.0
265535.074651626,0,0.014762193,-0.080006525,0.01128298,0.08439579,0.15387623,-0.08553,False,0.0
265535.094651626,0,0.0090816915,-0.07953043,0.018313527,0.10214917,0.1490193,-0.115624025,False,0.0
265535.114651626,20000000,0.0049108863,-0.08304478,0.02281934,0.11288787,0.12515049,-0.18144229,False,0.0
265535.134651626,0,0.004726112,-0.08359131,0.031101465,0.14188603,0.09608802,-0.2692929,False,0.0
265535.154651626,0,0.009515554,-0.07739912,0.030349016,0.16926324,0.076848276,-0.37277746,False,0.0
265535.174651626,20000000,0.0056417286,-0.06310654,0.031076908,0.1961892,0.04166261,-0.4600985,False,0.0
265535.194651626,0,-0.0023837984,-0.03870462,0.029747665,0.20578995,-0.0019738562,-0.5243774,False,0.0
265535.214651626,0,-0.004819274,-0.0195117,0.0263232,0.18883584,-0.050385673,-0.5640667,False,0.0
265535.234651626,0,-0.0057041347,-0.005926177,0.028313339,0.16996856,-0.10364044,-0.56260395,False,0.0
265535.254651626,0,0.00043910742,0.0052671432,0.02260679,0.15607479,-0.12916532,-0.54118055,False,0.0
265535.274651626,20000000,0.010021359,0.017367959,0.018694937,0.14323482,-0.13690929,-0.5013587,False,0.0
265535.294651626,0,0.01871267,0.028816529,0.0115609765,0.12036134,-0.12864426,-0.45320615,False,0.0
265535.314651626,0,0.03206989,0.03947918,0.0042732954,0.08247623,-0.10014595,-0.3982027,False,0.0
265535.334651626,0,0.038266122,0.0485287,-0.00023931265,0.032177933,-0.05679101,-0.34697855,False,0.0
265535.354651626,0,0.032544494,0.060412556,0.0025128722,-0.025501821,-0.032389753,-0.27483767,False,0.0
265535.374651626,20000000,0.020325989,0.06132532,0.007388234,-0.08685287,-0.0127677545,-0.16840318,False,0.0
265535.394651626,0,0.007943004,0.061373934,0.01660192,-0.13154952,-0.030455125,-0.045990907,False,0.0
265535.414651626,0,0.008735627,0.055167213,0.01944089,-0.1751709,-0.039707165,0.04601728,False,0.0
265535.434651626,20000000,0.011069566,0.06319665,0.01740706,-0.23550573,-0.059524406,0.10394617,False,0.0
265535.454651626,0,0.0140423775,0.08088844,0.0059506297,-0.3194896,-0.07234764,0.13797617,False,0.0
265535.474651626,20000000,0.012481451,0.079448864,0.005155444,-0.39555463,-0.07924594,0.18478219,False,0.0
265535.494651627,0,0.017062634,0.06246583,0.0038887262,-0.40627322,-0.07805482,0.23033394,False,0.0
265535.514651627,20000000,0.015593737,0.053107224,0.008282721,-0.37236196,-0.088883005,0.28709897,False,0.0
265535.534651627,0,0.02353549,0.038596906,0.007417977,-0.3042248,-0.07108791,0.33671558,False,0.0
265535.574651627,0,0.01782909,0.02057647,0.016867578,-0.1679624,-0.047233757,0.35604796,False,0.0
265535.594651627,0,0.019613683,0.00253167,0.00831151,-0.12216045,-0.06522096,0.33064777,False,0.0
265535.614651627,20000000,0.020996362,-0.00743711,0.008047342,-0.07607369,-0.09732306,0.31888473,False,0.0
265535.634651627,0,0.0023472607,-0.025868095,0.018737972,-0.0061203316,-0.1404224,0.3208111,False,0.0
265535.654651627,20000000,0.014846504,-0.052573964,0.0032081008,0.065666586,-0.14963402,0.28735608,False,0.0
265535.674651627,0,0.007257104,-0.049808167,0.01063323,0.09700175,-0.17603722,0.30042893,False,0.0
265535.694651627,0,-0.00302881,-0.049292177,0.0089995265,0.14077781,-0.15679315,0.17878965,False,0.0
265535.714651627,20000000,-0.028467238,-0.010923579,0.020955026,0.14392921,-0.23507372,0.14560111,False,0.0
265535.734651627,0,-0.025623977,-0.0076310188,0.002501309,0.077019125,-0.26885676,0.1637025,False,0.0
265535.754651627,20000000,-0.014058709,-0.02526012,-0.009761035,0.0943492,-0.2747624,0.13877115,False,0.0
265535.774651627,0,-0.013285875,-0.016873866,-0.018449903,0.09974416,-0.2729277,0.13594718,False,0.0
265535.794651627,20000000,-0.015057445,-0.011794731,-0.022119403,0.07650103,-0.26949355,0.13870247,False,0.0
265535.814651627,0,0.0004797578,-0.028671116,-0.024306,0.08338355,-0.23319885,0.11786413,False,0.0
265535.834651627,20000000,0.016031295,-0.04555762,-0.026518703,0.09026608,-0.19690417,0.097025804,False,0.0
265535.854651627,40000000,0.029168755,-0.058550313,-0.021632671,0.122947454,-0.121835195,0.044744477,False,0.0
265535.874651627,0,0.028955996,-0.06664306,-0.010631025,0.16402185,-0.061553575,-0.026205502,False,0.0
265535.894651627,0,0.015045464,-0.05165182,0.0074706674,0.1580638,-0.029284935,-0.09242705,False,0.0
265535.914651627,20000000,0.0062689483,-0.04166156,0.02368319,0.13266386,-0.057956018,-0.14978237,False,0.0
265535.934651627,0,0.010261089,-0.049907118,0.031840682,0.12699473,-0.09532731,-0.218694,False,0.0
265535.954651627,0,0.0091407895,-0.041861728,0.037704647,0.14267284,-0.11925179,-0.28431016,False,0.0
265535.974651627,0,0.011106372,-0.012157053,0.016413689,0.10756889,-0.15014717,-0.3295705,False,0.0
265535.994651627,0,0.004857123,0.006180629,0.009992123,0.042347886,-0.17228235,-0.34261206,False,0.0
265536.014651627,20000000,-0.00993216,0.019276321,0.014325082,-0.015744943,-0.20626801,-0.33614066,False,0.0
265536.034651627,0,-0.007985085,-0.0055110157,0.01841867,-0.0138149625,-0.21010745,-0.36672318,False,0.0
265536.054651627,0,-0.0071700513,-0.016475812,0.019941926,0.040584743,-0.202733,-0.42227894,False,0.0
265536.074651627,20000000,-0.019926459,0.013623282,0.0067153573,0.09492331,-0.17404483,-0.42645073,False,0.0
265536.094651627,0,-0.03749743,0.03557872,-0.0010045767,0.11326534,-0.1786253,-0.36468706,False,0.0
265536.114651627,20000000,-0.032889843,0.057837136,-0.022263825,0.07906619,-0.16030748,-0.28100735,False,0.0
265536.134651627,0,-0.00675717,0.053102985,-0.045872033,0.013280377,-0.11018824,-0.20333996,False,0.0
265536.154651627,20000000,0.0044882298,0.046700254,-0.047675967,-0.04742694,-0.017061047,-0.13107257,False,0.0
265536.174651627,0,0.0014988482,0.04761228,-0.049672067,-0.15574001,0.056870773,-0.0462318,False,0.0
265536.194651627,0,0.0154939,0.036502905,-0.05181998,-0.29010177,0.12259792,0.023279175,False,0.0
265536.214651627,20000000,0.034602314,0.027125537,-0.047113776,-0.43228224,0.2093013,0.06666793,False,0.0
265536.234651627,0,0.029140413,0.020171262,-0.03360921,-0.572183,0.23154326,0.09083461,False,0.0
265536.254489083,0,0.0030630522,0.005522954,0.0050909924,-0.66034144,0.19250326,0.1030444,False,0.0
265536.274489083,0,-0.00064992905,-0.012672707,0.028384924,-0.69835055,0.15904084,0.10661929,False,0.0
265536.294489083,20000000,0.0024918914,-0.041809075,0.042488694,-0.69700617,0.10918361,0.035442516,False,0.0
265536.314489083,0,0.004934162,-0.058429994,0.049383283,-0.6838631,0.0913453,-0.016100157,False,0.0
265536.334489083,20000000,-0.006956011,-0.059318367,0.050414026,-0.63769954,0.056139097,-0.19526447,False,0.0
265536.354489083,0,-0.012441248,-0.039026473,0.04851675,-0.63694847,0.017867193,-0.31449273,False,0.0
265536.374489083,0,-0.024082005,-0.026837923,0.044665575,-0.62740654,-0.045850232,-0.37650648,False,0.0
265536.394489083,20000000,-0.02722627,-0.010826432,0.028592706,-0.58985615,-0.108984284,-0.39725178,False,0.0
265536.414489084,0,-0.01940164,0.0025267736,0.008515775,-0.5312428,-0.12523769,-0.3938837,False,0.0
265536.434489084,20000000,-0.014429897,0.020725492,-0.007442236,-0.46794656,-0.13113728,-0.37679398,False,0.0
265536.454489084,0,-0.011021733,0.040199686,-0.02246672,-0.4266767,-0.118590124,-0.33769077,False,0.0
265536.474489084,0,-0.0065987706,0.048228707,-0.032490134,-0.39836442,-0.09178062,-0.2768083,False,0.0
265536.494489084,0,-0.005388081,0.045067742,-0.035962343,-0.37708378,-0.06783559,-0.19400902,False,0.0
265536.514489084,0,-0.0050180554,0.034762442,-0.030911863,-0.34907973,-0.047107466,-0.08572807,False,0.0
265536.534489084,20000000,0.003859073,0.015763365,-0.029097795,-0.31305966,-0.019399362,-0.0029456466,False,0.0
265536.554489084,0,0.007866442,0.002602093,-0.022458196,-0.27850705,0.007178087,0.050704706,False,0.0
265536.574489084,20000000,0.0040620267,-0.007921755,-0.010999382,-0.24580765,0.024234941,0.08636385,False,0.0
265536.594489084,0,0.0017595291,-0.014602974,-0.006040454,-0.22751182,0.03192656,0.10419501,False,0.0
265536.614489084,0,0.0021199584,-0.020540565,-0.0011113882,-0.23243183,0.02657984,0.087346315,False,0.0
265536.634489084,20000000,0.004997015,-0.01902844,0.00022238493,-0.27220148,0.027186029,0.03257304,False,0.0
265536.654489084,0,0.0064305067,0.002716735,-0.0021036267,-0.38312685,0.031438276,-0.069647744,False,0.0
265536.674489084,0,0.0027807057,0.03244274,-0.006323874,-0.61761594,0.018894494,-0.18751647,False,0.0
265536.734489084,20000000,-0.00030007958,0.021458633,0.0028573275,-0.899492,0.0011852458,-0.2734499,False,0.0
265536.714489084,0,-0.013519466,-0.017908067,0.025952041,-1.0324454,-0.016927103,-0.29008785,False,0.0
265536.734489084,0,-0.026391178,-0.07943664,0.049089253,-0.828857,-0.06597028,-0.17720842,False,0.0
265536.754489084,0,-0.015695363,-0.06460409,0.021763384,-0.39817393,-0.09309895,-0.003262043,False,0.0
265536.774489084,20000000,0.0017686188,-0.0106946975,-0.01360029,0.056894302,-0.0886801,0.14339708,False,0.0
265536.794489084,0,0.01633069,0.0193751,-0.039868295,0.440307,-0.08448757,0.16722645,False,0.0
265536.814489084,0,0.027097374,0.03806922,-0.048934698,0.69885445,-0.09143256,0.14124185,False,0.0
265536.834489084,20000000,0.018723369,0.041831538,-0.051041484,0.7882284,-0.02366624,0.103739284,False,0.0
265536.854489084,0,0.009077579,0.022516966,-0.033004463,0.7604703,-0.025513604,0.01640416,False,0.0
265536.874489084,20000000,0.0018798709,0.0014184937,-0.018267632,0.67574394,-0.006078379,-0.11781172,False,0.0
265536.894489084,0,-0.0014237165,-0.0074988008,-0.010430038,0.5475733,0.021216542,-0.24191359,False,0.0
265536.914489084,0,0.001970023,-0.013291173,-0.010762572,0.42894137,0.074584074,-0.32597828,False,0.0
265536.934489084,20000000,0.0019864738,-0.006326504,-0.012824357,0.32900912,0.14600833,-0.34371576,False,0.0
265536.954489084,0,-0.002402395,0.012569837,-0.0176211,0.23955631,0.24032876,-0.2821083,False,0.0
265536.974489084,0,0.0056191385,0.032174893,-0.036406517,0.16240326,0.37426746,-0.18246195,False,0.0
265536.994489084,0,0.003365457,0.052466825,-0.045612574,0.09490042,0.49909955,-0.05667086,False,0.0
265537.014489084,0,0.002569139,0.06702373,-0.047702312,-0.009836234,0.6059764,0.08270612,False,0.0
265537.034489084,20000000,0.0018485785,0.081636935,-0.049969196,-0.11457288,0.71285325,0.2220831,False,0.0
265537.054489084,40000000,0.0012064874,0.0963064,-0.052412033,-0.21930952,0.8197301,0.3614601,False,0.0
265537.074489084,60000000,-0.00525856,0.096307404,-0.050643027,-0.31908923,0.9081802,0.46873713,False,0.0
265537.094489084,0,-0.01941681,0.089520834,-0.03607428,-0.40596217,0.94136256,0.56883377,False,0.0
265537.114489084,20000000,-0.028067052,0.060286134,-0.015803456,-0.4674756,0.9413154,0.62276953,False,0.0
265537.134489084,0,-0.035507947,0.021134637,0.010482788,-0.49016884,0.9015337,0.64781964,False,0.0
265537.154489084,0,-0.043786436,-0.035833523,0.04220885,-0.43095836,0.84277445,0.6261809,False,0.0
265537.174489084,20000000,-0.029225528,-0.051074617,0.06200999,-0.3589638,0.7281164,0.48261496,False,0.0
265537.194489084,0,-0.03581953,-0.078686744,0.09447831,-0.22333664,0.51875544,0.26175427,False,0.0
265537.214489084,0,-0.036721945,-0.097414,0.11573535,-0.0470888,0.24571586,0.023797244,False,0.0
265537.234489084,0,-0.029926121,-0.09764934,0.11830163,0.14702621,-0.023116022,-0.18651831,False,0.0
265537.254489084,0,-0.017141283,-0.09608658,0.10880256,0.34844857,-0.2757605,-0.4153492,False,0.0
265537.274489084,20000000,-0.011420548,-0.081498586,0.09186375,0.5176816,-0.48945445,-0.6074062,False,0.0
265537.294489084,0,-0.012234092,-0.061226048,0.071733356,0.6459067,-0.67220134,-0.74044937,False,0.0
265537.314489084,20000000,-0.012986213,-0.040631205,0.05136442,0.7741318,-0.8549482,-0.8734926,False,0.0
265537.334489084,40000000,-0.001170218,-0.013745356,0.023260891,0.8413465,-0.94825697,-0.9418938,False,0.0
265537.354489084,0,0.012929738,0.016651921,-0.003964424,0.8473561,-0.9479916,-0.955127,False,0.0
265537.374489084,20000000,0.010980606,0.044420514,-0.019572854,0.81237817,-0.89657533,-0.89760166,False,0.0
265537.394489084,0,0.013689488,0.068312734,-0.03716725,0.73719895,-0.7975017,-0.76713645,False,0.0
265537.414489084,0,0.018007368,0.08411988,-0.052357256,0.62401015,-0.6526061,-0.59963405,False,0.0
265537.434489084,0,0.020408392,0.08583495,-0.05397767,0.49647638,-0.5098272,-0.42323157,False,0.0
265537.454489084,0,0.020991862,0.08261409,-0.052518725,0.35565445,-0.37274635,-0.26165646,False,0.0
265537.474489085,20000000,0.01719585,0.07602829,-0.04768312,0.20386957,-0.24031088,-0.12194492,False,0.0
265537.494489085,0,0.010573566,0.0608788,-0.035871506,0.07046616,-0.12957144,-0.0012498051,False,0.0
265537.514489085,0,0.006228745,0.03885276,-0.027705371,-0.025044218,-0.05639275,0.08339206,False,0.0
265537.534489085,20000000,0.0018468499,0.01781507,-0.018143117,-0.08782177,-0.0062490627,0.13309571,False,0.0
265537.554489085,0,0.0019533932,-0.013414975,-0.008836389,-0.09750277,0.026273817,0.16312478,False,0.0
265537.574489085,20000000,-0.001272887,-0.032214727,-0.00015944242,-0.07715243,0.04879598,0.19488612,False,0.0
265537.594489085,0,0.001703769,-0.059122354,0.0017609,-0.0019466206,0.054143578,0.1462934,False,0.0
265537.614489085,0,-0.0069712996,-0.04618343,0.0076078176,0.006470587,0.024369631,0.1278511,False,0.0
265537.654489085,0,0.002042979,-0.0314862,-0.00387609,0.022372417,-0.006602439,0.06368401,False,0.0
265537.674489085,20000000,-0.0044064224,-0.025019672,-0.0030782819,0.017946891,-0.007824131,0.026364967,False,0.0
265537.694489085,0,-0.004515499,-0.036777865,-0.00039362907,0.032734644,0.0010745311,0.009548938,False,0.0
265537.714489085,20000000,0.003303349,-0.018606156,-0.0035308003,0.01579383,0.02638812,0.023562793,False,0.0
265537.734489085,0,-0.0022407174,-0.007225143,-0.00439167,-0.007506825,0.044941932,0.043357037,False,0.0
265537.754489085,0,-0.0044003725,-0.000690639,0.0012297034,-0.039899305,0.04276505,0.0707285,False,0.0
265537.774489085,20000000,-0.00547567,-0.0008869134,0.0017550588,-0.079936616,0.035455026,0.10452421,False,0.0
265537.794489085,0,-0.005847603,-0.017591925,0.010464191,-0.094380364,0.017562127,0.09518648,False,0.0
265537.814489085,20000000,0.00029692054,-0.03975884,0.01407975,-0.058800362,0.007361899,0.041864112,False,0.0
265537.834489085,0,0.0028872788,-0.018581733,0.0023158789,-7.987022e-06,-0.045497116,-0.031891525,False,0.0
265537.854489085,0,0.0016257465,-0.03285358,0.008966982,0.06421228,-0.055611465,-0.066359475,False,0.0
265537.874489085,20000000,0.009689957,-0.034229413,0.0027946234,0.116481066,-0.060206942,-0.15296811,False,0.0
265537.894489085,0,0.00024101138,-0.04186172,0.0073628426,0.1763277,-0.072451234,-0.2857569,False,0.0
265537.914489085,0,-0.009188712,-0.021792198,0.0038553476,0.18291888,-0.10715253,-0.35420075,False,0.0
265537.934489085,20000000,-0.018624097,-0.00170305,0.00033921003,0.18951005,-0.14185382,-0.42264462,False,0.0
265537.954489085,40000000,-0.026183754,0.0114913415,0.00044977665,0.15666726,-0.1598763,-0.41811803,False,0.0
265537.974489085,0,-0.01517567,0.0159129,-0.004212439,0.12662858,-0.16095632,-0.38352916,False,0.0
265537.994489085,0,-0.0012222528,0.0050156564,-0.0094794035,0.13046218,-0.13832328,-0.3633698,False,0.0
265538.014489085,0,-0.006194055,0.028420722,-0.015331268,0.08926712,-0.12647027,-0.29268274,False,0.0
265538.034489085,20000000,-0.008618385,0.037835434,-0.014202416,0.046586834,-0.09993092,-0.21626909,False,0.0
265538.054489085,0,-0.003985256,0.03687491,-0.015289307,0.009009708,-0.072102055,-0.14447123,False,0.0
265538.074489085,20000000,0.00069236755,0.033669338,-0.018736184,-0.031997822,-0.033070203,-0.095216565,False,0.0
265538.094489085,0,-0.00045099854,0.03194981,-0.014534533,-0.067138046,-0.00348082,-0.042035345,False,0.0
265538.114489085,20000000,-0.0055294335,0.024890646,-0.008425474,-0.1034501,0.028610429,0.023947518,False,0.0
265538.134489085,0,-0.0023901165,0.016242981,-0.005170107,-0.10092704,0.036188945,0.046479203,False,0.0
265538.154489085,0,7.236004e-05,0.0077194124,-0.0019080043,-0.114126295,0.033408765,0.0760813,False,0.0
265538.174489085,20000000,0.002532214,-0.0008021146,0.0013496876,-0.12732555,0.030628584,0.1056834,False,0.0
265538.194489085,40000000,-0.0008305013,-0.007701991,0.008065343,-0.10418253,0.014343854,0.12701306,False,0.0
265538.214489085,0,-0.006103158,-0.01031859,0.0057227015,-0.08733646,-0.032313816,0.16175433,False,0.0
265538.234489085,20000000,-0.011377931,-0.0129353665,0.0033783913,-0.07049039,-0.07897148,0.1964956,False,0.0
265538.254489085,40000000,0.00012594461,0.016435008,-0.00017809868,-0.07530397,-0.006886624,0.18808973,False,0.0
265538.274489085,0,-0.0021905005,-0.006544642,-0.0041730404,-0.079417616,0.004381491,0.1669154,False,0.0
265538.294489085,0,-0.0026288629,-0.014037855,0.0034365654,-0.051140007,-0.016405405,0.13296038,False,0.0
265538.314489085,0,-0.0053831935,-0.014732955,0.004594147,-0.034786098,-0.039951306,0.12055679,False,0.0
265538.334489085,20000000,-0.005442977,-0.018781975,0.006214142,-0.025502736,-0.06070693,0.10619024,False,0.0
265538.354489085,0,0.012216687,-0.012767121,-0.0080785155,-0.031105263,-0.028318807,0.080548905,False,0.0
265538.374489085,0,0.0053943098,-0.00921859,-0.0022904277,-0.03826479,-0.017371971,0.053750582,False,0.0
265538.394489085,20000000,-0.0038451254,-0.0040332302,0.0024477243,-0.043402925,-0.022716578,0.053225867,False,0.0
265538.414489085,0,-0.007584989,-0.0012641251,0.00744915,-0.047898218,-0.051150665,0.06673082,False,0.0
265538.434489085,0,-0.0023890436,-0.0035298616,0.0043531656,-0.040578038,-0.05486532,0.06529417,False,0.0
265538.454489085,20000000,-0.003545463,-0.0011652149,0.0069795847,-0.0431242,-0.06762805,0.0705096,False,0.0
265538.474489085,0,-0.008047849,0.0025247447,0.005663991,-0.05284648,-0.07355999,0.08275191,False,0.0
265538.494489085,0,-0.012118638,0.010887593,0.0032747388,-0.07798204,-0.08638721,0.110728964,False,0.0
265538.514489085,0,-0.010581553,0.008018583,0.0035752058,-0.08938163,-0.09907516,0.14729811,False,0.0
265538.534489085,0,-0.0043061674,0.009286709,0.00514096,-0.090967454,-0.1105901,0.19239408,False,0.0
265538.554489086,20000000,-0.0025643408,0.009548556,0.00879854,-0.07605463,-0.13020143,0.24618965,False,0.0
265538.574489086,0,-0.0008498728,0.01043899,0.0097754,-0.05898076,-0.14416528,0.3037528,False,0.0
265538.594489086,20000000,0.00087326765,0.011313181,0.010746479,-0.041906886,-0.15812913,0.36131597,False,0.0
265538.614489086,0,-0.0039298534,0.008618962,0.015690625,-0.030818656,-0.17644602,0.4092524,False,0.0
265538.634489086,0,-0.0020989776,0.00070451945,0.013640404,-0.012327023,-0.19591042,0.4596042,False,0.0
265538.654382375,0,0.004083725,-0.008652492,0.008053578,0.0045347326,-0.20304514,0.46968535,False,0.0
265538.674382375,0,0.007533908,-0.007595213,0.011362612,0.0038272066,-0.21086112,0.45233268,False,0.0
265538.694382375,0,0.012821645,-0.009368092,0.015445292,0.02523899,-0.22496341,0.44471097,False,0.0
265538.714382375,0,0.018984765,-0.009581156,0.019761145,0.07283759,-0.24059494,0.44348517,False,0.0
265538.734382375,0,0.020724714,-0.0044196984,0.021076024,0.1342528,-0.2587405,0.4499373,False,0.0
265538.754382375,0,0.0228239,0.009279794,0.017418802,0.20162958,-0.288303,0.47061098,False,0.0
265538.774382375,0,0.02398777,0.017811876,0.0152103305,0.26894507,-0.317272,0.5155454,False,0.0
265538.794382375,0,0.02572599,0.020071492,0.0129778385,0.35287791,-0.3477211,0.5598478,False,0.0
265538.814382375,0,0.024446696,0.021501195,0.009027481,0.42074028,-0.37765124,0.6211412,False,0.0
265538.834382375,0,0.030660152,0.011561926,0.0036082268,0.47865278,-0.3898844,0.6734511,False,0.0
265538.854382375,0,0.031476527,-0.0009739883,0.0021065474,0.50414115,-0.36098137,0.67401403,False,0.0
265538.874382375,20000000,0.03249356,-0.01359643,0.00040775537,0.5296295,-0.33207834,0.67457694,False,0.0
265538.894382375,40000000,0.01641503,-0.015242092,0.008300364,0.53203017,-0.33042973,0.6369744,False,0.0
265538.914382375,0,0.002992183,-0.010218322,0.015311599,0.5270456,-0.37165022,0.5987853,False,0.0
265538.934382375,0,-0.0019535422,-0.0071295127,0.008711815,0.47459906,-0.36585832,0.6173658,False,0.0
265538.954382375,20000000,0.0014219582,-0.010690004,-0.0015127659,0.43382347,-0.3592462,0.58441603,False,0.0
265538.974382375,0,0.0021028966,-0.021067314,-0.004871547,0.38969585,-0.31401986,0.51565754,False,0.0
265538.994382375,20000000,-0.0019673407,-0.022840828,-0.011054039,0.32991332,-0.27749842,0.43384063,False,0.0
265539.014382375,0,-0.011202812,-0.016075715,-0.008972585,0.27419165,-0.24407925,0.34763294,False,0.0
265539.034382375,20000000,-0.008423209,-0.0081555545,-0.016349196,0.22702973,-0.2206683,0.25015983,False,0.0
265539.054382375,0,-0.0096208155,-0.0045194924,-0.018571973,0.19214247,-0.19590345,0.17070565,False,0.0
265539.074382375,0,-0.014364481,-0.0038776398,-0.017099023,0.18380915,-0.18792573,0.104367234,False,0.0
265539.094382375,20000000,-0.015664339,0.0017640293,-0.014254093,0.16665597,-0.17418858,0.050962638,False,0.0
265539.114382375,0,-0.016140386,0.0034541339,-0.015252352,0.15936764,-0.15440123,0.02403812,False,0.0
265539.134382375,0,-0.015434027,0.0029605925,-0.012119412,0.17445032,-0.15576337,0.023388693,False,0.0
265539.154382375,20000000,-0.014726311,0.0024660528,-0.009009182,0.189533,-0.15712553,0.022739267,False,0.0
265539.174382375,0,-0.014017299,0.001970455,-0.0059215426,0.20461568,-0.15848768,0.02208984,False,0.0
265539.194382376,20000000,-0.011608183,-0.005954042,-0.004255414,0.23298131,-0.14818467,0.0055902507,False,0.0
265539.214382376,0,-0.012615383,0.002055496,-0.010785103,0.2017023,-0.12001809,-0.0055041397,False,0.0
265539.234382376,0,-0.022339374,-0.004709959,-0.00013685226,0.19177328,-0.108228706,0.016655527,False,0.0
265539.254382376,0,-0.028248638,6.03199e-05,0.005004227,0.2032355,-0.107582755,0.037669756,False,0.0
265539.274382376,0,-0.024006918,0.0019538254,-0.0010358095,0.18280098,-0.089629315,0.060454257,False,0.0
265539.294382376,0,-0.0154313445,0.011911556,-0.01478529,0.1287318,-0.043182783,0.04338184,False,0.0
265539.314382376,0,-0.014090806,-0.006040409,-0.014945567,0.066425994,0.02099935,0.0270733,False,0.0
265539.334382376,20000000,-0.016745538,-0.0069520622,-0.015428245,-0.01006522,0.07410633,0.008737043,False,0.0
265539.354382376,0,-0.011183754,-0.019411594,-0.013590276,-0.048874307,0.10027734,-0.014987893,False,0.0
265539.374382376,0,-0.0001900047,-0.023157403,-0.014045775,-0.081125215,0.13894197,-0.06342344,False,0.0
265539.394382376,20000000,0.008868188,-0.015834063,-0.00898689,-0.106312655,0.16404267,-0.11886491,False,0.0
265539.414382376,0,0.017052457,0.002181977,-0.011160612,-0.13565642,0.18240313,-0.15984249,False,0.0
265539.434382376,0,0.018131793,0.011267766,-0.009590864,-0.12373574,0.14722309,-0.16668329,False,0.0
265539.494382376,0,0.013748318,0.04644598,-0.0020765066,-0.081724785,0.035329744,-0.15902849,False,0.0
265539.514382376,0,0.014813557,0.04964173,-0.009534419,-0.06517298,0.027601149,-0.11436612,False,0.0
265539.534382376,0,0.013943702,0.06346293,-0.006745219,-0.0662735,0.023475926,-0.070497215,False,0.0
265539.554382376,0,0.012539059,0.060503997,-0.004124105,-0.054883342,0.018830292,-0.029964652,False,0.0
265539.574382376,0,0.014117643,0.05503989,-0.008714855,-0.053986914,0.01636374,0.0041881874,False,0.0
265539.594382376,0,0.014217928,0.04511854,-0.008574367,-0.051397588,0.011592734,0.027854633,False,0.0
265539.614382376,20000000,0.014317498,0.03519714,-0.0084350705,-0.04880826,0.0068217274,0.051521078,False,0.0
265539.634382376,40000000,0.0075220317,0.019460604,-0.007496357,-0.039458983,0.018928397,0.053750023,False,0.0
265539.654382376,0,0.003042519,0.0064498484,-0.0057553053,-0.0065682344,0.016331868,0.04781621,False,0.0
265539.674382376,20000000,0.0041152537,-0.004782945,-0.00618279,0.030672003,0.018208362,0.020636296,False,0.0
265539.694382376,0,-0.00036996603,-0.012845084,-0.0014583468,0.063152045,0.021912776,0.0154620465,False,0.0
265539.714382376,0,-0.002891183,-0.018714324,-0.0002245903,0.08000715,0.011084753,-0.009503227,False,0.0
265539.734382376,20000000,-0.0036586523,-0.015585214,-0.0023163557,0.08187699,0.016247716,-0.02485098,False,0.0
265539.754382376,0,-0.006929308,-0.021129265,-0.0015322566,0.07793173,0.020545127,-0.045057658,False,0.0
265539.774382376,20000000,-0.010201335,-0.026674405,-0.0007509589,0.07398648,0.024842538,-0.06526434,False,0.0
265539.794382376,40000000,-0.009594426,-0.030112222,0.0026461482,0.06948297,0.04577697,-0.09685524,False,0.0
265539.814382376,0,-0.002770245,-0.03202118,0.004378557,0.06273115,0.06532301,-0.13418214,False,0.0
265539.834382376,20000000,-0.0047221184,-0.025388986,0.015228033,0.056277424,0.07131115,-0.16417788,False,0.0
265539.854382376,0,-0.0027915537,-0.023073435,0.016357362,0.038647935,0.07353584,-0.17362437,False,0.0
265539.874382376,0,0.0052184314,-0.02427356,0.00701797,0.015912972,0.07399056,-0.1773957,False,0.0
265539.894382376,0,0.0013475865,-0.02101919,0.007144034,0.006995596,0.050779246,-0.18151617,False,0.0
265539.914382376,0,-0.0023109913,-0.0151670575,0.00560838,-0.0022926675,0.019502427,-0.17492647,False,0.0
265539.934382376,20000000,-0.00085762143,-0.0046249777,0.002671361,-0.026188467,0.010628444,-0.16644625,False,0.0
265539.954382376,0,0.00049747527,-0.0062171817,-0.0002914667,-0.04226405,0.012773927,-0.14592049,False,0.0
265539.974382376,20000000,0.003740549,0.008660987,-0.0005502105,-0.08704601,0.045049645,-0.117957965,False,0.0
265539.994382376,0,0.0016717315,0.016213223,0.0017076135,-0.11281499,0.05884995,-0.08993161,False,0.0
265540.014382376,0,0.0064277053,0.01667954,-0.0066194534,-0.14180878,0.07007009,-0.08125976,False,0.0
265540.054382376,0,-0.015699118,0.033038303,-0.0019959807,-0.1451482,0.03876873,-0.0110835135,False,0.0
265540.074382376,20000000,-0.024978176,0.050749756,-0.005791962,-0.12937874,0.01414125,0.04870656,False,0.0
265540.094382376,40000000,-0.0030713677,0.016366124,-0.018904984,-0.13647577,0.040765855,0.0030976646,False,0.0
265540.114382376,0,-0.004017815,0.004968539,-0.025539517,-0.15619452,0.059335425,0.0005260585,False,0.0
265540.134382376,20000000,-0.009120554,0.0061585456,-0.017496824,-0.1542659,0.07478003,0.0045400066,False,0.0
265540.154382376,0,-0.010350153,0.003192544,-0.008959651,-0.14910583,0.08059703,-0.00928582,False,0.0
265540.174382376,20000000,-0.0072820336,0.0018185079,-0.00044590235,-0.12817803,0.10271187,-0.032798797,False,0.0
265540.194382376,0,-0.004740417,0.0046975017,0.0023753047,-0.12083137,0.111036494,-0.054397386,False,0.0
265540.214382376,20000000,0.00012394786,0.004562676,0.004306376,-0.12676424,0.11683648,-0.062283784,False,0.0
265540.234382376,0,0.0003748834,0.0031922609,0.0031122565,-0.12086378,0.121338196,-0.06431923,False,0.0
265540.254382377,0,-0.009988084,0.013562009,0.0054961443,-0.14128526,0.09188282,-0.04313567,False,0.0
265540.274382377,20000000,-0.008354202,0.01747384,-0.005748749,-0.1791809,0.061172523,-0.01295088,False,0.0
265540.294382377,0,0.0009448081,0.015416764,-0.014425993,-0.20820162,0.065274075,-0.0074242237,False,0.0
265540.314382377,0,-0.0013043731,0.020370714,-0.013527274,-0.2241963,0.0795658,-0.020262044,False,0.0
265540.354382377,0,-0.0045078397,0.032113977,-0.014860868,-0.20739357,0.114753485,-0.013219836,False,0.0
265540.374382377,20000000,-0.00294739,0.035055853,-0.018120408,-0.19353567,0.13409652,-0.009173142,False,0.0
265540.394382377,40000000,-0.01278767,0.03437657,-0.0057370663,-0.16359964,0.1371826,0.017135018,False,0.0
265540.414382377,0,-0.014349639,0.030581295,-0.0030004978,-0.12841493,0.13390163,0.050768517,False,0.0
265540.434382377,20000000,-0.015271917,0.028271899,-0.0019147992,-0.089716785,0.12141436,0.09573746,False,0.0
265540.454382377,0,-0.009762347,0.019988254,-0.00044453144,-0.06477605,0.11671271,0.12652719,False,0.0
265540.474382377,20000000,-0.0028401911,0.01769568,-0.0061332583,-0.067264065,0.12538281,0.14214878,False,0.0
265540.494382377,0,-0.005960226,0.019945107,-0.0067921877,-0.09120849,0.11906468,0.16606121,False,0.0
265540.514382377,0,-0.004645258,0.026401103,-0.011008918,-0.13681343,0.11840714,0.19998501,False,0.0
265540.534382377,0,-0.01223585,0.025825523,-0.009908617,-0.2022364,0.11934296,0.25146633,False,0.0
265540.554382377,20000000,-0.01309821,0.013367273,-0.0055211782,-0.2501137,0.1476376,0.30586296,False,0.0
265540.574382377,0,-0.0026126504,-0.010649532,-0.0068110228,-0.26274744,0.18582518,0.32642823,False,0.0
265540.594382377,20000000,-0.007346064,-0.017851926,-0.0024585128,-0.25733295,0.20294692,0.32901958,False,0.0
265540.614382377,0,-0.005936861,-0.015263148,-0.007060647,-0.27083987,0.22155063,0.30842006,False,0.0
265540.634382377,0,-0.008828938,-0.010715656,-0.007801473,-0.31524232,0.22455387,0.31221,False,0.0
265540.654382377,20000000,-0.013011515,-0.018338412,0.0034855008,-0.33673847,0.19974348,0.2897279,False,0.0
265540.674382377,0,-0.008993745,-0.026801288,0.0037158728,-0.31505167,0.18758681,0.2463243,False,0.0
265540.694382377,20000000,-0.004997432,-0.035244986,0.0039049983,-0.29336485,0.17543015,0.20292072,False,0.0
265540.714382377,0,-0.008658022,-0.030999668,0.01671046,-0.23738962,0.16139418,0.16432488,False,0.0
265540.734382377,0,-0.0042458475,-0.026896946,0.0024135113,-0.20363261,0.14811274,0.107181795,False,0.0
265540.754382377,0,-0.017988414,-0.01187475,0.0024181604,-0.19611867,0.1270393,0.07246543,False,0.0
265540.774382377,0,-0.022393018,-0.026589751,0.0053015947,-0.14599559,0.07675916,0.040880278,False,0.0
265540.794382377,0,-0.0060685277,-0.044850443,0.0032103658,-0.035927244,0.070392795,-0.023902163,False,0.0
265540.814382377,20000000,-0.004057616,-0.042577557,0.0068140626,0.09741918,0.083667144,-0.09755088,False,0.0
265540.834382377,0,-0.020494938,-0.0063955784,0.009906471,0.19755171,0.058868363,-0.15715143,False,0.0
265540.854382377,0,-0.013462961,-0.017867293,0.002666533,0.3108119,0.014993709,-0.13151148,False,0.0
265540.874382377,20000000,-0.0064436793,-0.029340804,-0.0046001673,0.4240721,-0.028880943,-0.10587153,False,0.0
265540.894382377,0,-0.007431358,-0.0052654743,0.004878223,0.5816363,-0.0069682635,-0.058453508,False,0.0
265540.914382377,20000000,-0.02258259,0.021887261,0.009775281,0.6976571,-0.03663122,0.0345286,False,0.0
265540.934382377,0,-0.013636738,0.031087086,-0.006563902,0.7725155,-0.048722863,0.16196571,False,0.0
265540.954382377,0,-0.00039446354,-0.015562087,0.0040610433,0.94549066,-0.02657621,0.24849266,False,0.0
265540.974382377,0,-0.0030192137,0.007647112,-0.003102541,1.0156137,-0.01636964,0.26020592,False,0.0
265540.994382377,20000000,-0.005528182,0.030790672,-0.010726452,1.0857366,-0.00616307,0.2719192,False,0.0
265541.014382377,0,-0.014223188,0.020032182,0.00031334162,1.0557808,-0.022063453,0.24854092,False,0.0
265541.03421625,0,-0.021370703,0.0034769317,0.009835282,1.0477948,-0.042687006,0.24274747,False,0.0
265541.05421625,0,-0.005316019,0.01175262,-0.0066057444,0.9612578,-0.03357272,0.194444,False,0.0
265541.07421625,0,0.0027187765,0.020657659,-0.021091819,0.80706143,0.0022332706,0.09652433,False,0.0
265541.09421625,0,0.0012731552,0.021275878,-0.022831917,0.55819345,0.034438986,-0.0120976865,False,0.0
265541.11421625,20000000,-0.00017464161,0.02186291,-0.024675429,0.3093254,0.0666447,-0.1207197,False,0.0
265541.13421625,0,0.002216041,0.0061680377,-0.018610239,0.04816681,0.10201017,-0.24374364,False,0.0
265541.15421625,20000000,-0.008804619,-0.015834779,-0.0005905032,-0.16987745,0.13226423,-0.36671454,False,0.0
265541.17421625,0,-0.017213792,-0.03948182,0.019599438,-0.335746,0.12177886,-0.46779647,False,0.0
265541.19421625,20000000,-0.014987409,-0.05607602,0.02991128,-0.4529884,0.09426341,-0.5736642,False,0.0
265541.21421625,0,-0.009230435,-0.059189767,0.032832086,-0.54424465,0.065257505,-0.6628697,False,0.0
265541.23421625,0,-0.008379012,-0.048534453,0.030311644,-0.5678298,0.037047233,-0.6820592,False,0.0
265541.25421625,20000000,-0.0072894394,-0.037960514,0.027590036,-0.5914149,0.008836964,-0.7012487,False,0.0
265541.27421625,40000000,-0.005960673,-0.027461931,0.024666369,-0.61500007,-0.019373309,-0.72043824,False,0.0
265541.29421625,60000000,0.009436995,-0.025094852,0.01601857,-0.5870561,-0.024934206,-0.709796,False,0.0
265541.31421625,0,0.016287476,-0.012973577,0.00982672,-0.53797865,-0.016286545,-0.671481,False,0.0
265541.33421625,20000000,0.0205729,-0.004912123,0.0020822287,-0.47827289,0.008233722,-0.6189307,False,0.0
265541.35421625,0,0.019818395,0.0029047653,-0.0036768317,-0.4161924,0.023067886,-0.544924,False,0.0
265541.37421625,0,0.031105995,0.0058040917,-0.009833753,-0.352108,0.05118808,-0.4774942,False,0.0
265541.39421625,20000000,0.026688755,0.036042742,-0.009149551,-0.3297245,0.09814952,-0.4172692,False,0.0
265541.41421625,0,0.008274406,0.046241842,0.006758809,-0.33495575,0.07392403,-0.28137127,False,0.0
265541.43421625,20000000,0.022120118,0.013570391,0.008182585,-0.288208,0.060769226,-0.17640245,False,0.0
265541.45421625,0,0.031255573,-0.00061225146,0.0069152713,-0.23389865,0.06617385,-0.11189766,False,0.0
265541.47421625,0,0.021861583,0.010767333,0.012270093,-0.21116717,0.06031428,-0.047815368,False,0.0
265541.49421625,20000000,0.009642422,0.022587985,0.016995251,-0.21927768,0.035423066,0.031328686,False,0.0
265541.51421625,0,0.012961894,0.020071931,0.013814509,-0.23120454,0.023773585,0.10758344,False,0.0
265541.53421625,0,0.01422292,0.012789,0.011356592,-0.23517208,0.036054086,0.16759166,False,0.0
265541.55421625,20000000,0.015470684,0.0055087917,0.008883119,-0.23913963,0.048334584,0.22759986,False,0.0
265541.57421625,40000000,0.016705155,-0.0017685853,0.006393969,-0.24310717,0.060615085,0.2876081,False,0.0
265541.59421625,60000000,0.015337139,-0.0047184303,0.0030149221,-0.23362291,0.07710605,0.33244386,False,0.0
265541.614216251,0,0.01434955,-0.0050363243,0.00223881,-0.17904691,0.08482819,0.40679157,False,0.0
265541.634216251,20000000,0.010337681,-0.0023058578,0.0004056096,-0.05103661,0.10085258,0.51125556,False,0.0
265541.654216251,0,0.0124951005,0.012287155,-0.01457876,0.12673962,0.12119059,0.62340087,False,0.0
265541.674216251,20000000,0.01351279,0.026891697,-0.022954702,0.31553632,0.14009574,0.72930384,False,0.0
265541.694216251,0,0.007003486,0.040447433,-0.021374524,0.48143417,0.1523187,0.8400225,False,0.0
265541.714216251,0,-0.0022891462,0.07176222,-0.021740317,0.5822292,0.15462174,0.9413533,False,0.0
265541.734216251,20000000,-0.0020923615,0.089019455,-0.026817024,0.5707851,0.16476752,1.0341659,False,0.0
265541.754216251,0,3.6627054e-05,0.07996506,-0.022010624,0.48935187,0.19281422,1.0844012,False,0.0
265541.774216251,0,-0.005479187,0.072307214,-0.008371174,0.3514412,0.22276114,1.0922256,False,0.0
265541.794216251,20000000,-0.01039204,0.06137666,0.0013203025,0.1582412,0.23635314,1.0684667,False,0.0
265541.814216251,0,-0.019633144,0.04670716,0.00587517,-0.06764212,0.23699412,1.0196221,False,0.0
265541.834216251,0,-0.018952608,0.021792307,0.0076277256,-0.29127738,0.21836765,0.9822261,False,0.0
265541.854216251,0,-0.012598991,-0.0027190894,0.0012094975,-0.48715585,0.2407898,0.8705791,False,0.0
265541.874216251,20000000,-0.0063004196,-0.02721268,-0.005245924,-0.6830343,0.26321194,0.7589322,False,0.0
265541.894216251,40000000,-0.005438566,-0.05323954,-0.00032681227,-0.83950007,0.26832545,0.6499427,False,0.0
265541.914216251,0,-0.014865696,-0.076264694,0.011096299,-0.93561137,0.2776762,0.52679294,False,0.0
265541.934216251,0,-0.016186893,-0.103507325,0.01896131,-0.9341316,0.27392256,0.3972101,False,0.0
265541.954216251,0,-0.017745197,-0.11495447,0.022296488,-0.8572764,0.24531023,0.28056955,False,0.0
265541.974216251,0,-0.016488224,-0.107627414,0.020188928,-0.74164987,0.2093255,0.17729771,False,0.0
265541.994216251,0,-0.011247218,-0.09043408,0.011915207,-0.61509484,0.16449323,0.08235822,False,0.0
265542.014216251,0,-0.0059894025,-0.06579208,0.0057579875,-0.5078243,0.12594256,0.007709831,False,0.0
265542.034216251,20000000,-0.004721731,-0.045809373,0.0014894009,-0.3969322,0.097197786,-0.038472757,False,0.0
265542.054216251,0,-0.004042089,-0.03483195,-0.0020219088,-0.2771183,0.069546424,-0.05312185,False,0.0
265542.074216251,0,-0.00031667948,-0.022650987,-0.0076705813,-0.17267072,0.061611105,-0.05817701,False,0.0
265542.094216251,0,0.002074957,-0.009219281,-0.00999707,-0.111300044,0.053629287,-0.051573366,False,0.0
265542.114216251,0,0.0060572326,-0.007366024,-0.011108518,-0.08391776,0.055548918,-0.040440124,False,0.0
265542.134216251,20000000,0.004196137,-0.007534992,-0.0019196868,-0.073607445,0.056005534,-0.032749236,False,0.0
265542.154216251,0,0.00074213743,-0.008998387,0.0030540824,-0.07886103,0.05543434,-0.024220698,False,0.0
265542.174216251,20000000,-0.0027101934,-0.010461904,0.008023381,-0.08411461,0.054863144,-0.01569216,False,0.0
265542.194216251,40000000,-0.006160885,-0.011925466,0.01298815,-0.089368194,0.054291952,-0.0071636206,False,0.0
265542.214216251,60000000,0.00019732118,-0.019296084,0.01010114,-0.080401026,0.05924903,-8.45585e-05,False,0.0
265542.234216251,0,0.005937785,-0.01759084,0.004319489,-0.07947797,0.07137967,-0.006063883,False,0.0
265542.254216251,0,0.006482959,-0.009696197,-5.5611134e-05,-0.08975622,0.070095085,-0.014122234,False,0.0
265542.274216251,0,0.008624673,-0.0067764446,-0.0040495396,-0.115344256,0.06919199,-0.020147657,False,0.0
265542.294216251,0,0.013904989,-0.006866481,-0.005061984,-0.12163006,0.081165686,-0.034810763,False,0.0
265542.314216251,20000000,0.012568414,0.0015939772,0.0038058758,-0.12220233,0.08750341,-0.03460179,False,0.0
265542.334216251,0,0.013895273,0.0036792941,0.007867932,-0.11252877,0.09525337,-0.030413494,False,0.0
265542.354216251,0,0.008754402,0.0071929023,0.009108841,-0.1083823,0.07302089,-0.01605185,False,0.0
265542.374216251,20000000,0.012983173,0.008373667,0.0054938793,-0.10710154,0.061087273,-0.0045413002,False,0.0
265542.394216251,0,0.012771308,0.007178854,0.010138452,-0.09782042,0.04426331,0.0068717794,False,0.0
265542.414216251,0,0.013836533,0.009525891,0.014532149,-0.086178735,0.02803519,0.0141856335,False,0.0
265542.434216251,0,0.012334853,0.013927918,0.016359568,-0.08183273,0.0043168925,0.01742959,False,0.0
265542.454216251,0,0.006764263,0.016149564,0.014905095,-0.088193215,-0.023569288,0.03856321,False,0.0
265542.474216251,20000000,0.0011927783,0.01837051,0.013448119,-0.094553694,-0.051455468,0.05969683,False,0.0
265542.494216251,40000000,0.0029844046,0.012091475,0.0063076615,-0.09664373,-0.06979331,0.082339264,False,0.0
265542.514216251,0,0.011680722,0.0017909221,-0.002647996,-0.08583821,-0.0659726,0.08383314,False,0.0
265542.534216251,0,0.010964125,0.0016013831,-0.004171133,-0.067302085,-0.046654284,0.073429056,False,0.0
265542.554216251,0,0.0049834847,0.009915888,-0.0038262606,-0.05624801,-0.03918856,0.075567015,False,0.0
265542.574216251,20000000,0.006252557,0.010090413,-0.006307006,-0.051790092,-0.042050257,0.08490637,False,0.0
265542.594216251,0,0.012388229,0.016890641,-0.009529173,-0.066020176,-0.019197566,0.08692723,False,0.0
265542.614216251,0,0.014450431,0.027751524,-0.009157181,-0.10777681,0.00041450374,0.11765608,False,0.0
265542.634216251,20000000,0.015113056,0.049119525,-0.005744815,-0.18470083,0.024153637,0.16389185,False,0.0
265542.654216252,0,0.007879972,0.072893515,-0.0043043494,-0.3127634,0.03973501,0.25799143,False,0.0
265542.674216252,20000000,0.010856152,0.0787338,-0.008049846,-0.44589338,0.05185976,0.37268487,False,0.0
265542.694216252,0,0.0138914585,0.076539814,-0.015422106,-0.5836712,0.085549235,0.48794585,False,0.0
265542.714216252,0,0.017607957,0.060315207,-0.0180341,-0.6904452,0.1284492,0.58697253,False,0.0
265542.734216252,20000000,0.0075944066,0.056302436,-0.013146937,-0.77806336,0.14896551,0.6787484,False,0.0
265542.754216252,0,0.00092461705,0.052451875,-0.008182168,-0.86346775,0.13887413,0.8165523,False,0.0
265542.774216252,20000000,-0.0058902204,0.04867535,-0.0033869743,-0.9488721,0.12878276,0.9543562,False,0.0
265542.794216252,40000000,0.0013966262,0.018252078,-0.0040385127,-0.98094386,0.15459397,1.0532022,False,0.0
265542.814216252,60000000,-0.004704058,-0.0029570982,0.001036346,-1.0045103,0.16899583,1.102802,False,0.0
265542.834216252,0,-0.023468256,-0.00013051927,0.014839768,-0.9894657,0.12988673,1.1426282,False,0.0
265542.854216252,0,-0.017213106,-0.012353398,0.009381175,-0.9657442,0.0774398,1.1693982,False,0.0
265542.874216252,20000000,-0.0060679615,-0.03169246,0.006726742,-0.8882892,0.014694825,1.1239792,False,0.0
265542.894216252,0,-0.0012111366,-0.05117933,0.013833344,-0.74392676,-0.047166266,0.9695737,False,0.0
265542.914216252,20000000,0.00059717894,-0.047652576,0.0230214,-0.5832713,-0.13088292,0.8401099,False,0.0
265542.934216252,0,-0.0076131523,-0.035675883,0.025043786,-0.47886118,-0.16590843,0.79592246,False,0.0
265542.954216252,0,-0.005967766,-0.035328977,0.025322258,-0.36440384,-0.21141425,0.7277448,False,0.0
265542.974216252,20000000,-0.004962027,-0.0410897,0.025176764,-0.25801855,-0.2727314,0.6643343,False,0.0
265542.994216252,0,-0.0088970065,-0.029994287,0.01495111,-0.16507441,-0.29761192,0.60266167,False,0.0
265543.014216252,20000000,-0.022740811,-0.02269255,0.0075269938,-0.100491114,-0.33955464,0.55642873,False,0.0
265543.034216252,0,-0.022326887,-0.023900688,0.0012490749,-0.07362206,-0.31496865,0.46587026,False,0.0
265543.054216252,20000000,-0.021873474,-0.025156189,-0.0050601363,-0.04675301,-0.29038265,0.3753118,False,0.0
265543.074216252,40000000,-0.021380931,-0.026459321,-0.011400938,-0.019883966,-0.26579666,0.28475332,False,0.0
265543.094216252,60000000,-0.020849973,-0.027810343,-0.017773688,0.0069850795,-0.24121068,0.19419487,False,0.0
265543.114216252,0,-0.022397637,-0.016365245,-0.013690054,0.023058906,-0.19836049,0.07634204,False,0.0
265543.134216252,20000000,-0.019099385,-0.009083811,-0.016179442,0.07831703,-0.1590637,-0.02804181,False,0.0
265543.154216252,0,-0.020018369,-0.0053020194,-0.0142303705,0.12996328,-0.122867316,-0.10155929,False,0.0
265543.174216252,20000000,-0.018604249,-0.006111156,-0.019523323,0.1805396,-0.0707923,-0.14729036,False,0.0
265543.194216252,0,-0.011983216,-0.0070057437,-0.020226836,0.25031117,-0.030349858,-0.21649046,False,0.0
265543.214216252,20000000,-0.017413974,-0.003072407,-0.011643052,0.31464648,-0.029144436,-0.28689003,False,0.0
265543.234216252,0,-0.026222259,5.155802e-06,-0.00198102,0.34636635,-0.02577444,-0.34162387,False,0.0
265543.254216252,0,-0.02709943,-0.031324133,0.008084834,0.4351565,-0.05718977,-0.39625552,False,0.0
265543.274216252,20000000,-0.016955376,-0.040637307,0.0039353967,0.5409815,-0.12301197,-0.45255142,False,0.0
265543.294216252,0,-0.008069038,-0.05224723,-0.014554143,0.6362805,-0.13383923,-0.52965146,False,0.0
265543.334216252,0,-0.017038345,-0.06925398,0.0116763115,0.75763106,-0.2391319,-0.56183696,False,0.0
265543.354216252,0,-0.012335151,-0.07867681,0.008327603,0.8474073,-0.2897587,-0.65217,False,0.0
265543.374216252,20000000,-0.0077793,-0.08797235,0.0047138333,0.9371835,-0.34038553,-0.7425031,False,0.0
265543.394216252,40000000,-0.0033741593,-0.09714756,0.00083351135,1.0269598,-0.39101234,-0.83283615,False,0.0
265543.414050083,0,-0.012333831,-0.05994988,0.0038960727,1.0000073,-0.40671575,-0.8767745,False,0.0
265543.434050083,0,-0.0044778585,-0.01835524,-0.004543841,0.8753457,-0.37448043,-0.8349777,False,0.0
265543.454050083,20000000,0.0032162368,0.02338498,-0.013207197,0.7506841,-0.3422451,-0.7931808,False,0.0
265543.474050083,40000000,0.009245962,0.05223107,-0.01475662,0.59960485,-0.28551286,-0.6665447,False,0.0
265543.494050083,0,0.014129311,0.07365271,-0.015969932,0.44134983,-0.21043482,-0.47062755,False,0.0
265543.514050083,0,0.022378802,0.08710126,-0.023366988,0.26472366,-0.09744603,-0.22254825,False,0.0
265543.534050083,20000000,0.022014529,0.09627522,-0.024559796,0.07278116,0.049855493,0.03655523,False,0.0
265543.554050084,0,-0.00069078803,0.0980668,-0.012181342,-0.1553168,0.19945416,0.30754697,False,0.0
265543.574050084,0,-0.048726678,0.080603406,0.016323745,-0.41810244,0.26890963,0.53126526,False,0.0
265543.594050084,0,0.0040391684,0.04578583,-0.029593468,-0.55124605,0.296991,0.60198045,False,0.0
265543.614050084,0,-0.007815719,0.04715801,-0.025592506,-0.69356346,0.31907684,0.63153607,False,0.0
265543.634050084,20000000,-0.018625468,0.04762504,-0.029230893,-0.78170025,0.28196588,0.60590404,False,0.0
265543.654050084,0,-0.0035185218,0.029473573,-0.033777,-0.78527707,0.2820932,0.6121604,False,0.0
265543.674050084,20000000,0.011458904,0.011391316,-0.038520396,-0.7888539,0.2822205,0.6184167,False,0.0
265543.694050084,40000000,0.016198814,0.00013951957,-0.03911215,-0.74585253,0.37819943,0.8347196,False,0.0
265543.714050084,0,-0.012639463,0.025875561,-0.022846937,-0.60955673,0.37922218,0.72583157,False,0.0
265543.734050084,0,-0.008953035,-0.0011516185,-0.011090755,-0.47996736,0.3443425,0.65918154,False,0.0
265543.754050084,20000000,-0.0024639368,-0.030237325,-0.0033362508,-0.341707,0.30606073,0.60279167,False,0.0
265543.774050084,0,0.00046607852,-0.04008055,0.0042220354,-0.20916681,0.26236498,0.5278417,False,0.0
265543.794050084,20000000,0.002627045,-0.030970763,0.012854993,-0.111487694,0.21022037,0.44803584,False,0.0
265543.814050084,0,-0.0044806898,-0.019729666,0.027848005,-0.04699459,0.1479085,0.3736413,False,0.0
265543.834050084,20000000,-0.014382809,-0.02120949,0.03395635,0.0051711276,0.06227132,0.34932157,False,0.0
265543.854050084,0,-0.014597267,-0.012810249,0.026082039,0.05087889,-0.011199936,0.36359945,False,0.0
265543.874050084,0,-0.0033254325,-0.0018874481,0.007221937,0.03629821,-0.035742655,0.39529598,False,0.0
265543.894050084,20000000,0.013901919,0.0054299626,-0.0064771175,-0.026537541,-0.0067692455,0.40817603,False,0.0
265543.914050084,0,0.0089558065,0.023887847,-0.0015173554,-0.13447359,0.019715505,0.422893,False,0.0
265543.934050084,20000000,0.0018127561,0.014391238,0.009068191,-0.2020948,0.03801992,0.47013715,False,0.0
265543.954050084,0,0.004342109,0.011529244,0.0094483495,-0.20811184,0.048317928,0.49731243,False,0.0
265543.974050084,20000000,0.006875068,0.00867391,0.009829402,-0.21412888,0.058615934,0.52448773,False,0.0
265543.994050084,40000000,0.007859081,-0.013757156,0.014634311,-0.21734369,0.054998912,0.5029737,False,0.0
265544.014050084,0,0.011856109,-0.047594942,0.011626244,-0.1649729,0.026404997,0.42053893,False,0.0
265544.034050084,0,0.014004797,-0.059288837,0.013150036,-0.079605594,-0.014001345,0.2581381,False,0.0
265544.054050084,20000000,0.016157538,-0.07098566,0.014674723,0.0057617053,-0.054407686,0.09573725,False,0.0
265544.074050084,0,0.007642895,-0.077030376,0.022082806,0.098196395,-0.14359093,-0.08855668,False,0.0
265544.094050084,0,0.0026653707,-0.10383237,0.025367737,0.24955773,-0.21662073,-0.33029664,False,0.0
265544.114050084,0,0.002297908,-0.08555303,0.013181865,0.3391449,-0.30379605,-0.49647725,False,0.0
265544.134050084,20000000,-0.0017051101,-0.062939666,0.005979955,0.42044017,-0.3639456,-0.6622813,False,0.0
265544.154050084,0,-0.006588459,-0.03223855,-0.0014489293,0.49891558,-0.39063194,-0.78070045,False,0.0
265544.174050084,0,-0.014039427,0.012981333,-0.010706067,0.53530276,-0.3951494,-0.8277564,False,0.0
265544.194050084,20000000,-0.016098619,0.054573644,-0.022187531,0.5095538,-0.38095546,-0.7689491,False,0.0
265544.214050084,0,-0.0031429231,0.07020388,-0.032230794,0.4630051,-0.33075544,-0.67459285,False,0.0
265544.234050084,20000000,0.011755735,0.063919336,-0.036240518,0.42215654,-0.264537,-0.5714376,False,0.0
265544.254050084,0,0.010772467,0.05782444,-0.03025502,0.41079855,-0.19582695,-0.5148138,False,0.0
265544.274050084,0,0.00974977,0.05176367,-0.02431357,0.39944053,-0.12711689,-0.45818996,False,0.0
265544.294050084,20000000,0.0035137534,0.043276653,-0.014836967,0.3961073,-0.1007952,-0.39804974,False,0.0
265544.314050084,0,0.0072287023,0.023535058,-0.011149824,0.40889934,-0.08003467,-0.35328132,False,0.0
265544.334050084,0,0.014818341,-0.0019429699,-0.0048473477,0.44516176,-0.0644361,-0.3299725,False,0.0
265544.354050084,0,0.023943692,-0.025084063,-0.00038349628,0.4917098,-0.04302212,-0.329998,False,0.0
265544.374050084,0,0.032761514,-0.02367168,-0.0027794838,0.5263129,-0.015918078,-0.34681487,False,0.0
265544.394050084,0,0.035241365,0.02271694,-0.013606608,0.47075504,0.031695493,-0.30353788,False,0.0
265544.414050084,0,0.052544594,0.087182425,-0.040584564,0.32427615,0.088390015,-0.17986654,False,0.0
265544.434050084,20000000,0.07489598,0.154315,-0.063149154,0.10201278,0.21826872,0.0048783123,False,0.0
265544.454050084,0,0.06993428,0.22042494,-0.058340907,-0.17858875,0.3823369,0.287078,False,0.0
265544.474050084,0,0.057007432,0.25775948,-0.059440553,-0.47211337,0.5400648,0.62964964,False,0.0
265544.494050084,20000000,0.038500935,0.2392397,-0.05626768,-0.7243738,0.6519234,0.90145576,False,0.0
265544.514050084,0,0.015683293,0.20056242,-0.058309913,-0.9198682,0.7893295,1.255575,False,0.0
265544.534050084,20000000,-0.010561615,0.17975686,-0.062364697,-1.1002911,0.91074455,1.5952089,False,0.0
265544.554050084,0,-0.051662087,0.116515934,-0.053173065,-1.2057205,0.9991388,1.8311285,False,0.0
265544.574050084,20000000,-0.09291577,0.054038767,-0.044494092,-1.3111498,1.087533,2.067048,False,0.0
265544.594050084,40000000,-0.096508384,-0.012380399,-0.015297294,-1.3066816,1.0321091,2.1122925,False,0.0
265544.614050084,0,-0.10885525,-0.10516888,0.015978634,-1.1805098,0.92142683,1.9218924,False,0.0
265544.634050085,20000000,-0.11242029,-0.17429705,0.03866899,-0.9601326,0.6997171,1.6046613,False,0.0
265544.654050085,0,-0.083952814,-0.19032368,0.013684928,-0.76186085,0.51040965,1.2203603,False,0.0
265544.694050085,0,-0.056762427,-0.096483916,-0.026456118,-0.46657014,0.3754326,0.8161133,False,0.0
265544.714050085,0,-0.03072375,-0.106398225,-0.030051589,-0.44391593,0.37142906,0.64288473,False,0.0
265544.734050085,0,-0.033941954,-0.16596112,0.005408287,-0.3312899,0.30587527,0.38773957,False,0.0
265544.754050085,20000000,-0.06495708,-0.21648666,0.04800266,-0.110238254,0.1881693,0.11900148,False,0.0
265544.774050085,0,-0.09829149,-0.24480678,0.08983666,0.2013861,-0.1028606,-0.20323741,False,0.0
265544.794050085,0,-0.09903079,-0.2578729,0.095555246,0.4699103,-0.3581405,-0.5599818,False,0.0
265544.814050085,20000000,-0.095380306,-0.27027458,0.08831662,0.732177,-0.60388994,-0.9250175,False,0.0
265544.834050085,0,-0.08040139,-0.27850983,0.0525254,1.0223134,-0.8151083,-1.2897844,False,0.0
265544.854050085,0,-0.08592489,-0.24716452,0.015964627,1.3000981,-1.0365702,-1.6987038,False,0.0
265544.874050085,0,-0.10471356,-0.19883059,-0.007275641,1.5172346,-1.0847739,-2.1003084,False,0.0
265544.894050085,20000000,-0.12368637,-0.14952971,-0.031125128,1.7343711,-1.1329775,-2.5019133,False,0.0
265544.914050085,0,-0.12944353,-0.103315115,-0.04600489,1.8660821,-1.1317006,-2.7218966,False,0.0
265544.934050085,20000000,-0.10029405,-0.05326598,-0.083842695,1.8939651,-1.0653915,-2.8254616,False,0.0
265544.954050085,0,-0.09645948,0.033194825,-0.100655615,1.8251125,-0.9089806,-2.797484,False,0.0
265544.974050085,20000000,-0.07636589,0.14124295,-0.12258357,1.6589525,-0.7398669,-2.5735393,False,0.0
265544.994050085,0,-0.057430297,0.17719497,-0.119095206,1.4501694,-0.6088389,-2.2687316,False,0.0
265545.014050085,0,-0.05637154,0.20276636,-0.078305006,1.1680737,-0.49876955,-1.8770566,False,0.0
265545.034050085,20000000,-0.03306657,0.20744005,-0.08554977,0.8622315,-0.4563998,-1.563751,False,0.0
265545.054050085,0,-0.01468277,0.16908392,-0.084965706,0.57384205,-0.42615145,-1.2566628,False,0.0
265545.074050085,20000000,-0.0058285,0.12315327,-0.075267315,0.38899636,-0.38579684,-0.9980671,False,0.0
265545.094050085,0,0.0057762265,0.07773607,-0.06439787,0.2810294,-0.28356624,-0.7806021,False,0.0
265545.114050085,0,0.010705054,0.04797081,-0.046945214,0.24484389,-0.180491,-0.6096413,False,0.0
265545.134050085,20000000,0.0013367236,0.038022593,-0.012601495,0.22739351,-0.07916718,-0.4872431,False,0.0
265545.154050085,0,0.0064433217,0.032313347,0.0028336048,0.22302623,-0.033068415,-0.40868637,False,0.0
265545.174050085,20000000,0.011536747,0.026596457,0.018259883,0.21865895,0.0130303465,-0.33012968,False,0.0
265545.194050085,40000000,0.016617179,0.020871654,0.0336774,0.21429166,0.059129104,-0.25157297,False,0.0
265545.214050085,0,0.00039175153,0.024282977,0.057623982,0.17769839,0.08717976,-0.19719635,False,0.0
265545.234050085,0,-0.009093523,0.03180483,0.06318468,0.12089242,0.06048226,-0.13694392,False,0.0
265545.254050085,0,-0.0055383444,0.012338936,0.052310705,0.041874804,0.03890406,-0.11816203,False,0.0
265545.274050085,20000000,0.011224419,0.011279792,0.031318307,-0.025660805,0.03473743,-0.12639056,False,0.0
265545.294050085,0,0.007411003,0.012147725,0.018405199,-0.05147504,0.036282293,-0.15336421,False,0.0
265545.314050085,20000000,-0.0034447014,0.02974245,0.0026476383,-0.09564847,0.012017336,-0.1569621,False,0.0
265545.334050085,0,-0.003649503,0.035791144,-0.008107185,-0.1254649,-0.026202861,-0.1333477,False,0.0
265545.354050085,0,0.003606975,0.044847727,-0.02631998,-0.16135141,-0.040387347,-0.118557915,False,0.0
265545.374050085,20000000,0.003653556,0.037850253,-0.028823197,-0.17494072,-0.037332788,-0.110645846,False,0.0
265545.394050085,0,-0.0050823092,0.029078163,-0.024716914,-0.12123747,-0.030385002,-0.09644877,False,0.0
265545.414050085,0,-0.01947242,0.024029009,-0.018083394,-0.04626499,-0.027949698,-0.073251836,False,0.0
265545.434050085,0,-0.01896751,0.021924406,-0.023489475,0.014815692,-0.052357044,-0.043959327,False,0.0
265545.454050085,0,-0.014919698,0.01627399,-0.017007709,0.05242506,-0.028227676,-0.024621114,False,0.0
265545.474050085,20000000,-0.010872006,0.01062353,-0.0105288625,0.09003443,-0.0040983055,-0.0052828994,False,0.0
265545.494050085,40000000,-0.006824523,0.004973188,-0.004052818,0.1276438,0.020031065,0.014055312,False,0.0
265545.514050085,0,-0.007465929,-0.005122572,0.0064001083,0.08516231,0.08794033,0.030927135,False,0.0
265545.534050085,0,0.0008866489,-0.00033845007,0.0027295947,0.023346722,0.13768554,0.054648668,False,0.0
265545.554050085,20000000,-0.0037456453,-0.014752373,0.010620296,-0.0312887,0.19591078,0.056904238,False,0.0
265545.574050085,0,-0.0071492195,0.009193584,-0.0007404685,-0.10403683,0.20743397,0.10823585,False,0.0
265545.594050085,0,-0.012907296,0.016293019,-0.004686475,-0.15624778,0.14401895,0.12263934,False,0.0
265545.614050085,20000000,-0.0032810569,0.023004577,-0.011597991,-0.13260007,0.13576682,0.16212088,False,0.0
265545.634050085,0,-0.022322804,0.011416182,0.004689634,-0.04628388,0.07802182,0.21353589,False,0.0
265545.654050085,0,-0.0233213,0.021860048,-0.025549352,0.10315787,0.09996383,0.20942385,False,0.0
265545.694050085,0,-0.00092947483,0.007765427,0.013324201,0.1358066,-0.0705755,0.34639016,False,0.0
265545.714050086,0,-0.012892187,0.0065798163,0.028727114,0.18995962,-0.17528258,0.43605593,False,0.0
265545.734050086,0,-0.0097644925,0.024023741,0.019144952,0.18084385,-0.21742506,0.48268983,False,0.0
265545.754050086,0,-0.002727598,0.010650739,0.014366746,0.14042506,-0.2523965,0.5004695,False,0.0
265545.774050086,20000000,0.0043856204,-0.0028004795,0.0095309615,0.10000627,-0.2873679,0.51824915,False,0.0
265545.794050086,0,0.003795743,-0.015483424,0.007475078,0.06887211,-0.29457435,0.5002681,False,0.0
265545.814050086,0,0.00026917458,-0.023665905,0.0032113194,0.03994013,-0.2951303,0.47068676,False,0.0
265545.834050086,0,-0.0010251999,-0.032311723,-0.004298866,0.010331508,-0.27546597,0.4228068,False,0.0
265545.854050086,20000000,-0.0038425624,-0.040691912,-0.0063562393,-0.01249489,-0.24661297,0.35980946,False,0.0
265545.874050086,0,-0.0043229163,-0.046995282,-0.007485807,-0.023480602,-0.21374027,0.28837302,False,0.0
265545.894050086,20000000,-0.0052815676,-0.049835324,-0.009608567,-0.031733565,-0.18314397,0.21045017,False,0.0
265545.914050086,0,-0.0074061453,-0.046145275,-0.0068022013,-0.04696299,-0.1448566,0.13197663,False,0.0
265545.934050086,0,-0.0076911747,-0.041958556,-0.005088091,-0.06057162,-0.115114056,0.06335968,False,0.0
265545.954050086,0,-0.0031985939,-0.041154757,-0.00718379,-0.06907852,-0.08819032,0.0034703724,False,0.0
265545.974050086,20000000,0.0012956262,-0.040352046,-0.0092846155,-0.07758543,-0.06126658,-0.056418933,False,0.0
265545.994050086,40000000,-0.004070103,-0.034014314,-0.006202936,-0.080209404,-0.036583383,-0.108970344,False,0.0
265546.014050086,0,-0.0054463446,-0.031784266,-0.0034098625,-0.082229145,-0.018418323,-0.14917822,False,0.0
265546.034050086,20000000,-0.0027512312,-0.03223443,-0.0018738508,-0.08635725,-0.0009929761,-0.19739047,False,0.0
265546.054050086,0,-0.0064243674,-0.029092148,0.0014157891,-0.0845654,0.01458839,-0.25720772,False,0.0
265546.074050086,20000000,-0.010080487,-0.025957644,0.004699528,-0.08277355,0.030169755,-0.31702498,False,0.0
265546.094050086,40000000,-0.015882492,-0.025094584,0.006004274,-0.07101484,0.019640137,-0.3513344,False,0.0
265546.114050086,0,-0.00841102,-0.023732603,-0.0013596416,-0.047882967,0.014405948,-0.37887776,False,0.0
265546.134050086,20000000,-0.0030614138,-0.014624834,-0.006020725,-0.027253184,0.02373989,-0.40050545,False,0.0
265546.154050086,0,-0.0027041733,-0.0013915747,-0.011605859,-0.018800985,0.040283307,-0.4073403,False,0.0
265546.174050086,0,-0.0060909092,0.0078099966,-0.010622859,-0.01459987,0.029243473,-0.37487203,False,0.0
265546.194050086,20000000,-0.0045575798,0.006932467,-0.01100117,-0.00430735,0.032656513,-0.32532293,False,0.0
265546.214050086,0,-0.0064298213,0.0041570663,-0.007566452,0.028239453,0.040979806,-0.2633826,False,0.0
265546.234050086,20000000,-0.0075758696,0.007076025,-0.0062853694,0.055437874,0.04530824,-0.19945417,False,0.0
265546.254050086,0,-0.00614658,0.012622714,-0.008763671,0.07321414,0.046109896,-0.1379752,False,0.0
265546.274050086,0,0.00060647726,0.012217879,-0.013499558,0.08093691,0.0612254,-0.08793804,False,0.0
265546.294050086,20000000,0.0081603825,0.012159094,-0.018045306,0.09347497,0.082081266,-0.050229218,False,0.0
265546.314050086,0,0.015948892,0.013524741,-0.015833259,0.10674998,0.108435355,-0.03183444,False,0.0
265546.334050086,20000000,0.020271987,0.018779859,-0.0077728033,0.11709005,0.133296,-0.017429695,False,0.0
265546.354050086,0,0.023314625,0.015605643,0.0013623238,0.12087534,0.14620128,-0.011581986,False,0.0
265546.374050086,20000000,0.026361078,0.012427688,0.010483682,0.12466064,0.15910657,-0.005734279,False,0.0
265546.394050086,40000000,0.019739509,0.009064123,0.025001585,0.13625741,0.15197106,0.012694157,False,0.0
265546.414050086,0,0.01257211,0.007821396,0.03575313,0.14071973,0.12026378,0.03813668,False,0.0
265546.434050086,0,0.0098643005,0.009384632,0.031145632,0.11153948,0.06533182,0.073116355,False,0.0
265546.454050086,20000000,0.0071617365,0.010947168,0.026530504,0.08235923,0.010399841,0.108096026,False,0.0
265546.474050086,0,0.016432106,0.005562663,0.013288498,0.036886595,-0.027888048,0.1289782,False,0.0
265546.494050086,0,0.02869749,-0.0033554286,0.0032447577,-0.0022763498,-0.023826146,0.12928095,False,0.0
265546.514050086,0,0.029308379,-0.009009898,0.0027441382,-0.019141106,-0.010548988,0.10614718,False,0.0
265546.534050086,20000000,0.015455037,-0.0061665475,0.007252693,-0.02737664,-0.02826094,0.0817662,False,0.0
265546.554050086,0,0.00608173,-0.0041908473,0.007175863,-0.0366984,-0.042176507,0.086558335,False,0.0
265546.574050086,0,0.0018239319,-0.00763911,0.0055819154,-0.025498902,-0.05712685,0.093774155,False,0.0
265546.594050086,20000000,0.0009831786,-0.00795269,0.0020456314,-0.010330007,-0.051548317,0.09344527,False,0.0
265546.614050086,0,-0.00616768,-0.009815961,0.0035503507,0.022776254,-0.047707535,0.08712297,False,0.0
265546.634050086,20000000,-0.009861112,-0.005759001,0.0037593246,0.05551999,-0.05551954,0.08558696,False,0.0
265546.654050086,0,-0.007391304,-0.0014316738,-0.002278626,0.041992616,-0.039072968,0.06814871,False,0.0
265546.674050086,20000000,-0.0049191117,0.002894193,-0.00831902,0.028465245,-0.022626402,0.05071047,False,0.0
265546.694050086,40000000,-0.012039274,0.00312227,-0.0043469667,0.0083013475,-0.025919832,0.03700451,False,0.0
265546.714050086,0,-0.009012818,-0.0105896,-0.005682349,0.01477349,-0.016276533,0.016750205,False,0.0
265546.734050086,0,-0.00988096,-0.015045062,-0.0047528744,0.040993705,-0.008645399,0.0011476222,False,0.0
265546.754050086,0,-0.013496727,-0.012357742,-0.00379771,0.06634803,6.999634e-05,-0.014959898,False,0.0
265546.774050087,0,-0.01787442,-0.012683988,0.00017088652,0.09276989,0.0077894367,-0.026504476,False,0.0
265546.794050087,0,-0.016041577,-0.0101995915,-0.001585722,0.116654634,0.0076998295,-0.033749636,False,0.0
265546.814050087,0,-0.0110322535,-0.0046397746,-0.00675112,0.12369023,0.012903733,-0.048600413,False,0.0
265546.834050087,20000000,-0.0121358335,0.0058642924,-0.006734669,0.10249213,0.023624243,-0.064330235,False,0.0
265546.854050087,0,-0.014853418,0.015086725,0.0017718673,0.06985308,0.018695775,-0.07513274,False,0.0
265546.874050087,0,-0.011922389,0.014618292,0.0068975687,0.044086322,0.011256132,-0.078069106,False,0.0
265546.894050087,0,-0.0076271296,0.012403905,0.0055796504,0.020478414,0.0049344203,-0.07284162,False,0.0
265546.914050087,0,-0.013599068,0.01702714,0.006505072,-0.01271292,-0.010141531,-0.046404175,False,0.0
265546.934050087,20000000,-0.011019498,0.02435635,-0.0007035136,-0.05864398,-0.016321918,-0.015656328,False,0.0
265546.954050087,0,-0.009763807,0.019437388,-0.0042392015,-0.08992809,-0.0043848576,0.028028509,False,0.0
265546.974050087,20000000,-0.008509219,0.014517382,-0.0077782273,-0.1212122,0.0075522037,0.07171334,False,0.0
265546.994050087,40000000,-0.011717558,0.008202523,-0.009269357,-0.1326827,0.019720338,0.10067458,False,0.0
265547.014050087,0,-0.0072908998,0.0008600652,-0.014827669,-0.121274635,0.032465454,0.121522136,False,0.0
265547.034050087,20000000,-0.003775686,-0.0076812506,-0.011693895,-0.10036102,0.054713808,0.112793,False,0.0
265547.054050087,0,-0.0094509125,-0.00064870715,-0.0021352768,-0.09560468,0.061465163,0.095319234,False,0.0
265547.074050087,20000000,0.009662062,-0.03711191,0.0180946,-0.015987411,0.066769436,0.03496726,False,0.0
265547.094050087,0,0.01122421,-0.017120227,0.0051377416,-0.05348135,0.068930976,0.033834703,False,0.0
265547.114050087,0,-0.0016051829,-0.0116485655,0.013817012,-0.06417246,0.07849691,0.02045772,False,0.0
265547.134050087,20000000,-0.0046773553,-0.0056560785,0.015862167,-0.06194792,0.050886936,0.036470063,False,0.0
265547.154050087,0,-0.0044418275,0.0019320995,0.012403548,-0.06999435,0.023905668,0.055689976,False,0.0
265547.174050087,0,0.004599035,0.016206712,-0.00027763844,-0.10711574,-0.00041956082,0.0677799,False,0.0
265547.194050087,0,0.004391551,0.019206285,0.0016691089,-0.14312561,-0.024061112,0.06423994,False,0.0
265547.214050087,0,-0.0084322095,0.0206476,0.0077907443,-0.15135586,-0.048305858,0.078516886,False,0.0
265547.234050087,20000000,-0.018046767,0.019902065,0.0025732517,-0.15202148,-0.085240565,0.10253396,False,0.0
265547.254050087,0,0.0037472546,-0.002330184,-0.0061039925,-0.12263255,-0.071913734,0.09431766,False,0.0
265547.274050087,20000000,0.025539339,-0.024571255,-0.014790773,-0.09324361,-0.058586903,0.08610135,False,0.0
265547.294050087,40000000,0.047329456,-0.046821177,-0.02348721,-0.063854665,-0.045260068,0.077885054,False,0.0
265547.314050087,60000000,0.061493456,-0.0706394,-0.019444764,0.032145277,0.046707895,-0.0054816827,False,0.0
265547.334050087,0,0.02919507,-0.033857033,0.0026678443,0.09515581,0.076398276,-0.07482991,False,0.0
265547.354050087,0,-0.011117458,0.023961946,0.01094538,0.06412922,0.03401795,-0.0888243,False,0.0
265547.374050087,20000000,-0.036981374,0.05468963,0.017184973,0.006482579,-0.04808335,-0.04140219,False,0.0
265547.394050087,0,-0.035254717,0.044033617,0.010216415,-0.012131533,-0.08563165,0.018323764,False,0.0
265547.414050087,0,-0.020064056,0.021506041,-0.00480175,0.020674149,-0.08371843,0.060364842,False,0.0
265547.434050087,0,-0.0025597215,0.004272014,-0.01908654,0.065105334,-0.042759918,0.06633484,False,0.0
265547.454050087,0,0.0072755516,-0.006162539,-0.016827226,0.08872259,0.019885287,0.026951928,False,0.0
265547.474050087,20000000,0.003558457,-0.003141448,-0.0043877363,0.10111274,0.049906716,-0.020970799,False,0.0
265547.494050087,0,-0.003155768,-0.0050993115,0.008577347,0.0929218,0.044187102,-0.058990788,False,0.0
265547.514050087,0,0.0027263165,-0.011994377,0.008944213,0.09104089,0.03036711,-0.10088324,False,0.0
265547.534050087,20000000,0.01204738,-0.013815895,0.004710138,0.08511729,0.02934917,-0.14182846,False,0.0
265547.554050087,0,0.014774293,-0.01079002,0.006472647,0.065374985,0.0348187,-0.16129497,False,0.0
265547.614050087,0,0.01295051,0.0007891059,0.015749335,-0.020678649,0.034865946,-0.19614771,False,0.0
265547.634050087,20000000,0.0078023374,0.004279956,0.013788521,-0.08765636,0.023571862,-0.1831669,False,0.0
265547.654050087,0,0.008296162,0.0026213527,0.010869861,-0.17969382,0.004843276,-0.19001539,False,0.0
265547.674050087,20000000,0.0056557953,0.00508222,0.0010514855,-0.33139253,0.0019968522,-0.21090679,False,0.0
265547.694050087,0,0.0016079545,0.007932916,-0.010662198,-0.5494807,0.038971927,-0.23409466,False,0.0
265547.714050087,20000000,-0.004983872,-0.0056634545,-0.0103670955,-0.79752666,0.08396206,-0.25826168,False,0.0
265547.734050087,0,-0.015286446,-0.018957913,0.0013584495,-1.0663816,0.14431553,-0.31796792,False,0.0
265547.754050087,0,-0.009317368,-0.044072777,0.008422554,-1.3412983,0.19928104,-0.41328406,False,0.0
265547.774050087,20000000,-0.005240947,-0.07582534,0.02527225,-1.5651543,0.22229512,-0.55159444,False,0.0
265547.794050087,0,0.00010043383,-0.10140847,0.032419145,-1.7378148,0.24515909,-0.71025044,False,0.0
265547.814050087,0,-0.00037789345,-0.11714131,0.05345112,-1.8164028,0.24914771,-0.8500058,False,0.0
265547.834050087,0,-0.0001527667,-0.123672925,0.050735474,-1.8182485,0.25873554,-0.94933,False,0.0
265547.854050088,0,-0.0048571825,-0.101635784,0.042064607,-1.6589022,0.22374132,-0.93356323,False,0.0
265547.874050088,20000000,-0.008808792,-0.07951116,0.03214532,-1.4995558,0.18874712,-0.91779643,False,0.0
265547.894050087,40000000,-0.012004554,-0.057243273,0.020984411,-1.3402095,0.15375291,-0.9020297,False,0.0
265547.914050088,0,0.0013169944,-0.017138064,-0.0079782605,-1.0856613,0.12089024,-0.8112994,False,0.0
265547.934050088,20000000,0.0092128515,0.008283883,-0.018345594,-0.8276845,0.09553721,-0.7325592,False,0.0
265547.954050088,0,0.011081487,0.03424044,-0.030570507,-0.60500234,0.074636295,-0.6424192,False,0.0
265547.974050088,20000000,0.007604778,0.055048347,-0.030378819,-0.42360026,0.06419103,-0.5577321,False,0.0
265547.994050088,0,0.0059015453,0.061046496,-0.024247348,-0.2514113,0.033278793,-0.45623052,False,0.0
265548.014050088,20000000,0.002661705,0.061068147,-0.017715931,-0.09809515,0.009819265,-0.35682833,False,0.0
265548.034050088,0,0.00086683035,0.06717849,-0.019262314,0.019161157,-0.022380598,-0.2691097,False,0.0
265548.054050088,0,0.0035353005,0.070747465,-0.023116589,0.103988364,-0.03787473,-0.17006417,False,0.0
265548.074050088,0,0.002539754,0.07689166,-0.016935647,0.16895282,-0.029509524,-0.07176326,False,0.0
265548.094050088,0,-0.013965726,0.0960969,-0.0085936785,0.19631216,-0.040777855,0.05884573,False,0.0
265548.114050088,20000000,-0.021120012,0.1210359,0.0010514855,0.17424396,-0.07826244,0.25469446,False,0.0
265548.134050088,0,-0.01006943,0.12271802,-0.000659585,0.109349705,-0.079174876,0.44088036,False,0.0
265548.154050088,0,0.0019806921,0.093496636,0.0005376339,0.05265518,-0.059472814,0.5573322,False,0.0
265548.174050088,20000000,0.014095634,0.06429969,0.0017367005,-0.0040393434,-0.039770752,0.6737841,False,0.0
265548.194050088,40000000,0.01324138,0.0313849,0.012838542,-0.019670106,-0.035644464,0.7338663,False,0.0
265548.214050088,0,0.0020537972,0.0049624294,0.021105409,-0.0015762281,-0.06223359,0.7554522,False,0.0
265548.234050088,0,-0.015017122,-0.009778395,0.023849607,0.02873336,-0.12714168,0.7519184,False,0.0
265548.254050088,0,-0.01737839,-0.02834189,0.01482892,0.06143435,-0.19780204,0.72036076,False,0.0
265548.274050088,0,-0.0060703456,-0.051689938,0.00403291,0.12014768,-0.2389654,0.6367725,False,0.0
265548.294050088,20000000,0.0044843853,-0.077924974,-0.002951026,0.20450586,-0.24352033,0.5017191,False,0.0
265548.314050088,0,0.010256112,-0.094632655,-0.0052917004,0.31623885,-0.23514773,0.33386952,False,0.0
265548.334050088,20000000,0.009169936,-0.097972445,-0.0032151341,0.43793198,-0.22396162,0.16290969,False,0.0
265548.354050088,0,0.0034549832,-0.09096869,0.00023788214,0.5507127,-0.21603216,0.010598496,False,0.0
265548.374050088,0,-0.00042787194,-0.06919993,-0.00030875206,0.6267589,-0.2073209,-0.11200746,False,0.0
265548.394050088,0,-0.0016104877,-0.039030775,-0.0044181943,0.6427308,-0.19103608,-0.19688225,False,0.0
265548.414050088,0,0.005426973,-0.0125833005,-0.013996661,0.60418195,-0.15090126,-0.25460374,False,0.0
265548.434050088,0,0.0057053566,-0.010267928,-0.016870141,0.5292517,-0.09284647,-0.27928063,False,0.0
265548.454050088,20000000,0.0059444904,-0.007926591,-0.0198102,0.45432144,-0.03479167,-0.30395752,False,0.0
265548.474050088,40000000,0.0061444044,-0.0055600554,-0.022817194,0.37939122,0.023263123,-0.32863444,False,0.0
265548.494050088,0,-0.0014849901,-0.01528994,-0.02335161,0.32126486,0.076150626,-0.38360068,False,0.0
265548.514050088,0,-0.015112877,-0.036200583,-0.019769251,0.28589493,0.12247214,-0.4752671,False,0.0
265548.534050088,0,-0.03687191,-0.056120344,-0.014262199,0.2712429,0.14883618,-0.5899124,False,0.0
265548.554050088,0,-0.052333325,-0.057926625,-0.014725447,0.2764145,0.1436986,-0.69174623,False,0.0
265548.574050088,20000000,-0.06779793,-0.05975178,-0.01519388,0.28158614,0.13856103,-0.79358,False,0.0
265548.594050088,0,-0.07599074,-0.050873473,-0.026545405,0.26898408,0.13723692,-0.8720259,False,0.0
265548.614050088,20000000,-0.07567769,-0.038082525,-0.041195333,0.23822549,0.16208224,-0.9348742,False,0.0
265548.634050088,0,-0.07483363,-0.030588813,-0.04496032,0.21651393,0.20190655,-0.9827411,False,0.0
265548.654050088,20000000,-0.07586065,-0.022301361,-0.04590887,0.20950349,0.2358388,-0.9941245,False,0.0
265548.674050088,0,-0.06645355,-0.014947638,-0.04855013,0.22040062,0.28224993,-0.97801954,False,0.0
265548.694050088,0,-0.060367614,1.8775463e-06,-0.045223176,0.23116419,0.3219944,-0.94721407,False,0.0
265548.714050088,20000000,-0.055229485,0.013973251,-0.043763816,0.22197215,0.36793277,-0.9078769,False,0.0
265548.734050088,0,-0.052892596,0.024550296,-0.03492415,0.20941466,0.40978348,-0.8604461,False,0.0
265548.754050088,20000000,-0.045280784,0.029819444,-0.029744089,0.18982928,0.44919798,-0.80629957,False,0.0
265548.774050088,0,-0.034018636,0.033600688,-0.025566638,0.15765102,0.4899042,-0.74517816,False,0.0
265548.794050088,20000000,-0.024042249,0.03218858,-0.017558992,0.13226031,0.5161033,-0.6825075,False,0.0
265548.814050088,0,-0.021121293,0.032431528,-0.005029142,0.11424245,0.5227208,-0.61455446,False,0.0
265548.834050088,0,-0.01871264,0.032910824,0.0036159158,0.12430901,0.4759669,-0.5392804,False,0.0
265548.854050088,20000000,-0.01625666,0.033312395,0.0121997,0.13437557,0.429213,-0.46400636,False,0.0
265548.874050088,40000000,-0.013752073,0.033636585,0.020722866,0.14444213,0.38245904,-0.3887323,False,0.0
265548.894050088,60000000,-0.0041742623,0.030910864,0.02316004,0.1570403,0.32659426,-0.29729298,False,0.0
265548.914050088,0,0.0022120178,0.025482535,0.023070216,0.1737934,0.27902412,-0.20853344,False,0.0
265548.934050089,0,0.004709214,0.025503278,0.02417159,0.18326074,0.23608427,-0.11726313,False,0.0
265548.954050089,20000000,0.010081768,0.029774204,0.022109449,0.17679323,0.1852609,-0.019711554,False,0.0
265548.974050089,0,0.021662265,0.026996553,0.01658684,0.16736707,0.1513595,0.06969206,False,0.0
265548.994050089,0,0.02922386,0.030685127,0.009930611,0.15986812,0.13650991,0.1616858,False,0.0
265549.014050089,0,0.02493772,0.039001644,0.014459312,0.15982369,0.101908475,0.28973278,False,0.0
265549.034050089,0,0.020792663,0.049796514,0.01157558,0.17291297,0.06239701,0.45323193,False,0.0
265549.054050089,20000000,0.021194845,0.064570054,0.008077264,0.19952264,0.019010574,0.67620575,False,0.0
265549.074050089,0,0.02737838,0.07137285,0.00020372868,0.22364315,0.009368687,0.92970896,False,0.0
265549.094050089,0,0.03273329,0.06150776,0.004894674,0.25183356,0.010147979,1.1529938,False,0.0
265549.114050089,0,0.031323105,0.045620196,0.0142425895,0.27636635,0.009349574,1.314738,False,0.0
265549.134050089,20000000,0.017434895,0.03077769,0.028086722,0.2910584,-0.0113283815,1.4263602,False,0.0
265549.154050089,0,0.010226995,-0.00043270364,0.04172927,0.31154978,-0.06202259,1.4817305,False,0.0
265549.174050089,0,0.005666524,-0.027956255,0.049907506,0.33245775,-0.102680445,1.4737377,False,0.0
265549.194050089,0,0.012280583,-0.056583054,0.050563097,0.37041384,-0.14055476,1.4046022,False,0.0
265549.214050089,0,0.023231864,-0.08429786,0.0534451,0.44473922,-0.16764826,1.2820716,False,0.0
265549.234050089,20000000,0.032367736,-0.10391182,0.044385195,0.5481039,-0.16582674,1.1196618,False,0.0
265549.254050089,0,0.017321825,-0.102323554,0.044857264,0.6543865,-0.18270436,0.96990585,False,0.0
265549.274050089,0,0.0059601665,-0.094936386,0.0501979,0.7862649,-0.22399741,0.85505134,False,0.0
265549.294050089,0,0.01519379,-0.07267513,0.041972995,0.87332594,-0.26455757,0.7538595,False,0.0
265549.314050089,0,0.037785977,-0.041534275,0.024227977,0.8716504,-0.2600555,0.6373871,False,0.0
265549.334050089,20000000,0.05170104,-0.014634639,0.005281031,0.7702217,-0.21892343,0.5058495,False,0.0
265549.354050089,0,0.040901065,-0.0012134314,0.0053201914,0.61568856,-0.20579764,0.42260373,False,0.0
265549.374050089,20000000,0.030212104,0.0121652335,0.005171418,0.46115535,-0.19267184,0.33935797,False,0.0
265549.394050089,40000000,0.014794946,0.019006208,0.009331465,0.32908994,-0.20965594,0.309365,False,0.0
265549.414050089,0,0.012758762,0.017235547,0.015133858,0.22871163,-0.22368717,0.30466756,False,0.0
265549.434050089,20000000,0.024304718,0.0050967187,0.011233032,0.1758234,-0.21810038,0.29462972,False,0.0
265549.454050089,0,0.029373884,0.0008213669,0.00056648254,0.14385596,-0.19607215,0.27745238,False,0.0
265549.474050089,20000000,0.026755959,0.009018034,-0.010673344,0.10647519,-0.1810984,0.27043405,False,0.0
265549.494050089,0,0.01201722,0.025343254,-0.008115053,0.065051585,-0.18795685,0.28483638,False,0.0
265549.514050089,0,0.001714021,0.031689197,0.0040068626,0.030074757,-0.2102598,0.32123455,False,0.0
265549.534050089,20000000,0.0018426776,0.02839236,0.00042200089,0.015337728,-0.2133894,0.34707183,False,0.0
265549.554050089,0,0.0041902363,0.025106058,-0.005644202,0.015668849,-0.21379073,0.36330608,False,0.0
265549.574050089,20000000,0.00755018,0.019083679,-0.006730497,0.010521717,-0.18291588,0.37166142,False,0.0
265549.594050089,0,0.010578096,0.0051103085,0.00095808506,0.029071508,-0.173447,0.3639486,False,0.0
265549.614050089,0,0.019801915,-0.009532511,0.008486986,0.06259647,-0.14956672,0.3437479,False,0.0
265549.634050089,0,0.024895221,-0.01921326,0.015834212,0.10622668,-0.14377977,0.30466378,False,0.0
265549.654050089,0,0.024482489,-0.02094467,0.020990431,0.13009319,-0.15347582,0.27669823,False,0.0
265549.674050089,20000000,0.024094045,-0.02269651,0.026123941,0.1539597,-0.16317187,0.2487327,False,0.0
265549.694050089,40000000,0.021817237,-0.014841661,0.024638355,0.13984925,-0.19358057,0.23342364,False,0.0
265549.714050089,0,0.021551222,-0.0020184815,0.02062279,0.07378272,-0.21764311,0.22489819,False,0.0
265549.734050089,20000000,0.020452142,-0.0006249249,0.017432988,0.003799446,-0.24545896,0.23462354,False,0.0
265549.754050089,0,0.023097217,0.0040160418,0.014484525,-0.05140871,-0.25071332,0.2714985,False,0.0
265549.774050089,20000000,0.025755256,0.008622512,0.011505306,-0.10661687,-0.25596768,0.30837345,False,0.0
265549.794050089,40000000,0.027010262,0.0184744,0.0007826686,-0.1732975,-0.23383638,0.36687654,False,0.0
265549.814050089,0,0.023755997,0.03941104,-0.005898416,-0.2734537,-0.19602454,0.43945748,False,0.0
265549.834050089,20000000,0.014994562,0.0678311,-0.009289622,-0.41420785,-0.16518372,0.55330163,False,0.0
265549.854050089,0,0.015335351,0.0796915,-0.0127058625,-0.55839086,-0.1367775,0.6786795,False,0.0
265549.874050089,0,0.019524306,0.06886764,-0.020418227,-0.7049651,-0.069312654,0.7779478,False,0.0
265549.894050089,0,0.016451895,0.041876614,-0.013106406,-0.79579806,-0.013157323,0.8422583,False,0.0
265549.914050089,20000000,0.012496769,0.00072316825,-0.0030566454,-0.80690056,0.030827608,0.8440186,False,0.0
265549.934050089,0,0.0041876137,-0.026194394,0.0066265464,-0.7411988,0.044042807,0.8084574,False,0.0
265549.954050089,20000000,-0.006619364,-0.044950813,0.011192203,-0.67824614,0.05718888,0.7168445,False,0.0
265549.974050089,0,-0.017230198,-0.036841914,0.010081351,-0.63129413,0.020311799,0.62189734,False,0.0
265549.99405009,20000000,-0.027947277,-0.028780818,0.008866727,-0.5843422,-0.016565286,0.5269502,False,0.0
265550.01405009,0,-0.021262258,-0.039832294,0.00943768,-0.54695195,-0.03270959,0.3921719,False,0.0
265550.03405009,20000000,-0.010566682,-0.04796365,0.0025756955,-0.50668025,-0.029655166,0.24310754,False,0.0
265550.05405009,0,-0.009049639,-0.049251363,0.008403361,-0.46643314,-0.032857094,0.1271132,False,0.0
265550.07405009,0,0.005068451,-0.049163103,0.000839293,-0.43150795,-0.020589437,0.00800956,False,0.0
265550.09405009,0,0.0077989697,-0.025183499,-0.003249526,-0.43508476,-0.0031550527,-0.09372293,False,0.0
265550.11405009,20000000,0.0008868277,0.0026859194,0.0027825236,-0.46172413,-0.00048109773,-0.15501434,False,0.0
265550.13405009,0,-0.0049982965,0.014000274,0.004353285,-0.48672628,-0.014385191,-0.1628048,False,0.0
265550.15405009,0,-0.007364556,0.0103894025,0.008844316,-0.47738093,-0.023125406,-0.15671706,False,0.0
265550.17405009,20000000,-0.015651718,0.0068263113,0.01265806,-0.44585592,-0.039513644,-0.13824254,False,0.0
265550.19405009,0,-0.033382684,0.0119512975,0.013995409,-0.41594577,-0.06694875,-0.12203883,False,0.0
265550.21405009,0,-0.05772248,0.019334838,0.011020899,-0.3817765,-0.12188792,-0.0854706,False,0.0
265550.23405009,0,-0.043547794,-0.0030470788,-0.018775284,-0.35395184,-0.15818463,-0.09499996,False,0.0
265550.25405009,0,-0.033759058,-0.021596238,-0.017992973,-0.2932808,-0.12324094,-0.20795274,False,0.0
265550.27405009,20000000,-0.023934245,-0.040142056,-0.017253816,-0.2326098,-0.08829725,-0.3209055,False,0.0
265550.29405009,40000000,-0.014073536,-0.05868407,-0.016558051,-0.17193878,-0.053353556,-0.4338583,False,0.0
265550.31405009,0,-0.031925127,-0.06478292,-0.0062194467,-0.07180813,-0.06714607,-0.5817059,False,0.0
265550.33405009,0,-0.038507134,-0.06960431,-0.011869073,0.042455733,-0.11167617,-0.7568651,False,0.0
265550.35405009,0,-0.05913405,-0.05502024,-0.008227646,0.14714998,-0.17963201,-0.9242342,False,0.0
265550.37405009,0,-0.06982082,-0.025512844,-0.000949502,0.25747618,-0.23629268,-1.0100198,False,0.0
265550.39405009,0,-0.06804007,0.016963765,-0.010229588,0.33638358,-0.2637687,-0.9649621,False,0.0
265550.41405009,20000000,-0.054525465,0.06768117,-0.03523469,0.33152586,-0.22743359,-0.80336225,False,0.0
265550.43405009,0,-0.03484723,0.10068062,-0.046346128,0.23878711,-0.14465049,-0.5686002,False,0.0
265550.45405009,0,-0.026107818,0.11322221,-0.041922987,0.11047126,-0.0763277,-0.34189868,False,0.0
265550.47405009,0,-0.022286952,0.09580673,-0.03142512,-0.016048238,-0.010826774,-0.14932926,False,0.0
265550.49405009,0,-0.03711666,0.07735415,-0.01597172,-0.12850581,0.010923417,0.020382255,False,0.0
265550.514022,0,-0.039842855,0.04751058,-0.0035921764,-0.21218729,0.0036032035,0.16309433,False,0.0
265550.534022,20000000,-0.035060927,0.022804236,-0.00902164,-0.26308787,-0.030164437,0.23526374,False,0.0
265550.554022,0,-0.032985717,0.0007223636,-0.011922002,-0.26536912,-0.030009357,0.24529499,False,0.0
265550.574022,20000000,-0.030935347,-0.021367159,-0.014849901,-0.26765037,-0.029854277,0.25532624,False,0.0
265550.594022,0,-0.028237432,-0.03952303,-0.018534243,-0.2385217,-0.014552255,0.23129715,False,0.0
265550.614022,0,-0.029286832,-0.050646372,-0.017015398,-0.1780483,-0.0022231704,0.18400086,False,0.0
265550.634022,0,-0.031521127,-0.051135916,-0.016018748,-0.0809065,-0.0017092873,0.12400612,False,0.0
265550.654022,20000000,-0.033757553,-0.051625505,-0.01502341,0.0162353,-0.0011954043,0.06401138,False,0.0
265550.674022,0,-0.032245517,-0.045161292,-0.016657531,0.10625288,-0.005392203,0.003216464,False,0.0
265550.694022,0,-0.029099807,-0.029168494,-0.019175291,0.17148241,0.004327611,-0.04160853,False,0.0
265550.714022,0,-0.029596165,-0.0067028776,-0.01812756,0.20028272,0.022772286,-0.034140486,False,0.0
265550.734022,20000000,-0.027842388,0.009498399,-0.015383065,0.18865319,0.04306839,0.012097366,False,0.0
265550.754022,0,-0.018093139,0.013460185,-0.015482545,0.13804585,0.074642114,0.06972411,False,0.0
265550.774022,0,-0.013336211,0.012574233,-0.012027681,0.066818215,0.10764168,0.123762436,False,0.0
265550.794022,20000000,-0.013014257,0.01007143,-0.0064870715,-0.016612701,0.11416146,0.1696186,False,0.0
265550.814022,0,-0.007979646,0.0057109073,-0.0059819818,-0.09976199,0.12331272,0.20577733,False,0.0
265550.834022,0,-0.0061439723,0.002397824,-0.007988095,-0.15932567,0.13708039,0.22783889,False,0.0
265550.854022,20000000,-0.0043224394,-0.0008993335,-0.010014713,-0.21888936,0.15084805,0.24990045,False,0.0
265550.874022,40000000,-0.0025149137,-0.0041803755,-0.012061894,-0.27845305,0.1646157,0.271962,False,0.0
265550.914022,0,-0.004002422,-0.0178743,-0.008523524,-0.30640748,0.19735527,0.2616494,False,0.0
265550.934022,0,0.00059495866,-0.026874403,-0.0075139403,-0.28294626,0.2219653,0.24729858,False,0.0
265550.954022,0,0.0034273714,-0.031597808,-0.0026512742,-0.2463522,0.2381087,0.22675811,False,0.0
265550.974022,0,0.0036138892,-0.030525316,0.0019260049,-0.21428365,0.24580924,0.20825472,False,0.0
265550.994022,20000000,0.004631281,-0.02913769,0.003673613,-0.19406268,0.24404013,0.18241368,False,0.0
265551.014022,0,0.0014868081,-0.02405646,0.006813824,-0.18729718,0.23910818,0.15512024,False,0.0
265551.034022001,20000000,-0.0009850562,-0.021044001,0.009175777,-0.19051965,0.23080733,0.13297471,False,0.0
265551.054022001,0,0.003483355,-0.027341604,0.004309118,-0.19736695,0.21828654,0.103064574,False,0.0
265551.074022001,0,0.010322988,-0.03503545,0.005577445,-0.18636946,0.21650225,0.05695929,False,0.0
265551.094022001,20000000,0.009758681,-0.0321971,0.010878801,-0.17570285,0.2054755,0.003214784,False,0.0
265551.114022001,0,0.004914105,-0.022393677,0.012709975,-0.17385763,0.16552404,-0.028267138,False,0.0
265551.134022001,20000000,7.537007e-05,-0.012589267,0.014518619,-0.17201242,0.12557258,-0.059749052,False,0.0
265551.154022001,0,0.0035517216,-0.0085923225,0.014391601,-0.158717,0.09552217,-0.06839537,False,0.0
265551.174022001,20000000,0.007034272,-0.0045960937,0.01425004,-0.1454216,0.06547177,-0.07704169,False,0.0
265551.194022001,40000000,0.015077651,-0.0017007124,0.010219693,-0.13259941,0.054737166,-0.08374103,False,0.0
265551.214022001,0,0.014568895,0.009784905,0.015265644,-0.12563537,0.033414863,-0.0714279,False,0.0
265551.234022001,0,0.015331894,0.011659756,0.015992522,-0.122768454,-0.007266868,-0.024599187,False,0.0
265551.254022001,20000000,0.016095996,0.013534706,0.016712666,-0.11990154,-0.047948603,0.022229519,False,0.0
265551.274022001,0,0.024923086,0.0027704462,0.013876855,-0.10455759,-0.06582544,0.065288484,False,0.0
265551.294022001,0,0.01998213,0.0012428574,0.020513594,-0.08424911,-0.088276386,0.10243705,False,0.0
265551.314022001,0,0.007798463,0.012371212,0.024826765,-0.090625785,-0.12672108,0.13769773,False,0.0
265551.334022001,20000000,-0.00065660477,0.021550037,0.019824505,-0.12484383,-0.17475554,0.16973126,False,0.0
265551.354022001,0,0.0010756254,0.01241624,0.0077573657,-0.1537746,-0.19661435,0.17763475,False,0.0
265551.374022001,0,0.0055250525,-0.010249669,-0.0040171742,-0.15176432,-0.18557595,0.17067608,False,0.0
265551.394022001,20000000,0.0030311048,-0.024843592,-0.006384492,-0.12468157,-0.1712313,0.16891819,False,0.0
265551.414022001,0,-0.004122466,-0.025722152,-0.0032952428,-0.10099097,-0.17009555,0.16529611,False,0.0
265551.434022001,0,-0.015534043,-0.010046214,0.0040234327,-0.11163996,-0.17575061,0.16118258,False,0.0
265551.454022001,0,-0.016829893,-0.0040042773,-9.286404e-05,-0.14125133,-0.17195146,0.14986014,False,0.0
265551.474022001,20000000,-0.018129155,0.002025932,-0.0042260885,-0.17086267,-0.1681523,0.1385377,False,0.0
265551.494022001,40000000,-0.014013246,-0.00276763,-0.011781871,-0.18737108,-0.15479977,0.13552785,False,0.0
265551.514022001,0,-0.012099832,-0.007907521,-0.015684426,-0.18067646,-0.12915888,0.13090445,False,0.0
265551.534022001,20000000,-0.015827611,-0.0050673783,-0.013120174,-0.16372395,-0.1208688,0.1279169,False,0.0
265551.554022001,0,-0.020513594,0.0026867092,-0.014831841,-0.16082093,-0.11208451,0.11796072,False,0.0
265551.574022001,0,-0.019064918,0.0030269697,-0.018907368,-0.15174538,-0.09844299,0.11147507,False,0.0
265551.594022001,0,-0.016580254,-0.0012871698,-0.020745516,-0.13886224,-0.07222597,0.102316074,False,0.0
265551.614022001,0,-0.017301604,-0.0070386305,-0.012302697,-0.11359301,-0.057526264,0.09195285,False,0.0
265551.634022001,20000000,-0.018230975,-0.0054841265,-0.0064224005,-0.090489395,-0.05904918,0.07984207,False,0.0
265551.654022001,0,-0.018436149,0.006541595,-0.0067896843,-0.09223148,-0.052453406,0.049811363,False,0.0
265551.674022001,0,-0.016360447,0.012357153,-0.008062243,-0.10468064,-0.04911521,0.021885255,False,0.0
265551.694022001,0,-0.010658577,0.0044097602,-0.012362421,-0.10108689,-0.02921548,0.0033605564,False,0.0
265551.714022001,0,-0.0069636106,-0.011055119,-0.0124207735,-0.06949234,-0.008275092,-0.0054574534,False,0.0
265551.734022001,20000000,-0.008499458,-0.017233118,-0.0024322271,-0.02927908,0.0024740724,-0.0021131223,False,0.0
265551.754022001,0,-0.006726727,-0.0023099855,0.001589179,-0.05399902,-0.005774623,-0.024100047,False,0.0
265551.774022001,20000000,-0.004953712,0.012613259,0.00560987,-0.07871896,-0.014023316,-0.04608697,False,0.0
265551.794022001,0,0.0074346513,0.002963595,-0.002566874,-0.10879834,-0.00024165958,-0.07557544,False,0.0
265551.814022001,0,0.0085093975,-0.020236842,-0.002647221,-0.09270472,0.019673472,-0.07787207,False,0.0
265551.834022001,20000000,0.013363913,-0.042617597,-0.0036503673,-0.048541017,0.011748554,-0.030122358,False,0.0
265551.854022001,0,0.0034499317,-0.027933337,0.011278987,-0.02451089,-0.007407749,0.0016578846,False,0.0
265551.874022001,0,-0.0019558072,0.013106614,0.015584469,-0.075603895,-0.04792747,0.010952385,False,0.0
265551.894022001,0,-0.0046384484,0.043239772,0.014833748,-0.16439322,-0.061208837,-0.024167774,False,0.0
265551.914022001,0,0.014595583,0.032035604,-0.0031751394,-0.23156635,-0.048317526,-0.074470475,False,0.0
265551.934022001,20000000,0.025423706,-0.008867778,-0.012236953,-0.20252064,0.014173485,-0.11058468,False,0.0
265551.954022001,0,0.014033601,-0.025202803,-0.0047650337,-0.101173796,0.014601582,-0.05851532,False,0.0
265551.974022001,0,0.0075208843,-0.026099592,0.006267786,-0.013829127,-0.016505893,0.0021938495,False,0.0
265551.994022001,0,-0.010822564,0.005110711,0.021010876,0.007417403,-0.07717514,0.059903182,False,0.0
265552.014022001,0,-0.0107501,0.02263005,0.017188728,-0.032342654,-0.12869439,0.077623025,False,0.0
265552.034022001,20000000,-0.00039196014,0.010508813,0.0036424994,-0.062496673,-0.11888564,0.053492397,False,0.0
265552.054022001,0,0.0062663257,-0.0138617605,-0.0069804788,-0.025825527,-0.08074927,0.031007355,False,0.0
265552.074022001,20000000,0.012924716,-0.038233146,-0.017606199,0.010845616,-0.042612918,0.008522313,False,0.0
265552.094022001,40000000,0.014894426,-0.0374595,-0.012755811,0.042753488,-0.03275116,0.017779082,False,0.0
265552.114022002,0,0.0028112978,-0.010544695,0.003689468,0.015113346,-0.033778373,0.019030554,False,0.0
265552.134022002,20000000,-0.013554782,0.017132618,0.020582616,-0.046493825,-0.084375724,0.028324666,False,0.0
265552.154022002,0,-0.008627191,0.014743902,0.01095885,-0.10090576,-0.10231353,0.017291237,False,0.0
265552.174022002,20000000,-0.00230439,-0.0009824261,0.0005374551,-0.10000407,-0.09207477,-8.325651e-05,False,0.0
265552.194022002,0,-0.00297229,-0.016877979,-0.008638144,-0.07456864,-0.07330954,0.0032850325,False,0.0
265552.214022002,0,-0.0077555925,-0.024045438,-0.009613812,-0.034065038,-0.07613356,0.025011448,False,0.0
265552.234022002,20000000,-0.016625583,-0.01788789,-0.0064735413,-0.020239897,-0.08981344,0.033416547,False,0.0
265552.254022002,0,-0.029709727,0.00039176643,0.0010433793,-0.025480583,-0.116479635,0.0274152,False,0.0
265552.274022002,20000000,-0.0282996,0.015030675,-0.005613625,-0.055563528,-0.1193529,-0.0029220302,False,0.0
265552.294022002,0,-0.011421666,0.0037884116,-0.024451613,-0.0711491,-0.0864746,-0.025723208,False,0.0
265552.314022002,0,0.00088475645,-0.028487764,-0.03554195,-0.02703216,-0.014459603,-0.04100684,False,0.0
265552.334022002,20000000,-0.0090752095,-0.03951931,-0.019429982,0.035851166,0.0002442263,-0.012898942,False,0.0
265552.354022002,0,-0.0073776394,-0.020671308,-0.014956355,-0.0087989755,-0.0086351605,-0.028415866,False,0.0
265552.374022002,20000000,-0.005679995,-0.0018232688,-0.010483265,-0.05344912,-0.01751455,-0.04393279,False,0.0
265552.394022002,40000000,-0.0039821565,0.017024845,-0.006010711,-0.09809926,-0.026393935,-0.059449717,False,0.0
265552.414022002,0,0.011724666,-0.002537407,-0.017535865,-0.11552102,0.027761113,-0.100309104,False,0.0
265552.434022002,20000000,0.010308549,-0.031406365,-0.015237212,-0.051146656,0.06820886,-0.11007593,False,0.0
265552.454022002,0,0.0013928711,-0.033115886,0.0002618432,0.024115548,0.054118816,-0.06620936,False,0.0
265552.474022002,0,-0.0041527003,0.0009940118,0.009126186,0.012622064,0.010364581,-0.04764568,False,0.0
265552.494022002,20000000,-0.009698734,0.035103805,0.017990053,0.0011285804,-0.033389654,-0.029081997,False,0.0
265552.514022002,0,0.008890241,0.028414764,-0.0002542138,-0.04497917,-0.019597149,-0.06582372,False,0.0
265552.534022002,0,0.018727913,-0.0067050904,-0.0059755445,-0.025384108,0.0054557323,-0.09116141,False,0.0
265552.554022002,0,0.0099821985,-0.027713075,-0.0018820763,0.041802227,0.030593548,-0.075722404,False,0.0
265552.574022002,20000000,0.0015957952,-0.02846837,0.0017389059,0.105190866,-0.019690685,-0.014364015,False,0.0
265552.594022002,0,-0.020883724,0.00849209,0.020730913,0.08993652,-0.081676014,0.02574572,False,0.0
265552.614022002,0,-0.013753414,0.030270621,0.007006347,0.00598187,-0.12246123,0.027953032,False,0.0
265552.634022002,0,-0.006663695,0.033661112,-0.0017066002,-0.07087517,-0.0944931,-0.01815164,False,0.0
265552.654022002,0,-0.007537499,0.014044307,-0.0023200512,-0.03340633,-0.0648415,-0.0036222115,False,0.0
265552.674022002,20000000,-0.008410528,-0.0055721328,-0.0029349327,0.0040625073,-0.035189904,0.010907217,False,0.0
265552.694022002,40000000,-0.009282798,-0.025188163,-0.0035513043,0.041531347,-0.0055383015,0.025436645,False,0.0
265552.714022002,60000000,-0.026188225,0.0007444173,0.017298162,0.049356114,-0.037768587,0.055149734,False,0.0
265552.734022002,0,-0.02297762,0.028445221,0.015399337,-0.012460917,-0.09454121,0.06212281,False,0.0
265552.754022002,0,0.007608995,0.008205205,-0.014160275,-0.06669383,-0.040775795,-0.005220715,False,0.0
265552.774022002,20000000,0.004764989,-0.013665892,-0.007258594,-0.040381804,0.0052531026,-0.035797846,False,0.0
265552.794022002,0,0.0035860837,-0.02760104,-0.008500516,0.022940993,0.021621473,-0.04313466,False,0.0
265552.814022002,20000000,-0.0055241883,-0.01658021,0.0017390251,0.052139934,-0.0038526412,-0.0025623143,False,0.0
265552.834022002,0,-0.011237487,-0.0030363873,0.0060073733,0.030202381,-0.02984232,0.022389552,False,0.0
265552.854022002,0,-0.023498043,0.022870108,0.012630165,-0.027667828,-0.09183474,0.033721954,False,0.0
265552.874022002,20000000,-0.0096355975,0.024317503,-0.006136298,-0.07433827,-0.06692914,-0.012173142,False,0.0
265552.893905292,0,0.00017657643,0.013076308,-0.024407642,-0.08173032,-0.029456478,-0.043254547,False,0.0
265552.913905292,0,-0.006299868,-0.006426744,-0.018432617,-0.0041535944,0.0018884465,-0.01738934,False,0.0
265552.933905292,0,-0.006628707,0.0004393682,-0.016981244,-0.005446315,-0.005173305,-0.005957882,False,0.0
265552.953905292,20000000,-0.0069569796,0.007305667,-0.015530884,-0.006739035,-0.012235057,0.0054735746,False,0.0
265552.973905292,40000000,-0.007284701,0.014172107,-0.014081657,-0.008031755,-0.019296808,0.016905032,False,0.0
265552.993905292,0,0.0024419576,0.0015627965,-0.021100044,-0.018649891,0.020185592,-0.010573791,False,0.0
265553.013905292,0,0.0045321137,-0.017223738,-0.017826736,0.0041867755,0.07591189,-0.035221636,False,0.0
265553.033905292,20000000,-0.003804192,-0.019879833,-0.0024305582,0.03889929,0.080088474,-0.027980672,False,0.0
265553.053905292,0,-0.0069859773,-0.018051043,0.0060989857,0.0562627,0.054681055,-0.011388149,False,0.0
265553.073905292,0,-0.010295868,-0.009362541,0.013567388,0.04432148,0.015771419,-0.006632551,False,0.0
265553.093905292,0,-0.003308162,0.0045565963,0.005149722,-0.0036634766,-0.0063667,-0.0069970204,False,0.0
265553.113905292,0,0.010757506,0.0018899068,-0.00596869,-0.04632669,0.022642171,-0.039430887,False,0.0
265553.133905292,20000000,0.011346862,-0.0050501227,-0.0059897304,-0.050477955,0.060325302,-0.063927636,False,0.0
265553.153905292,0,0.008615345,-0.01352264,-0.0017440319,-0.019357998,0.058576334,-0.04791127,False,0.0
265553.173905292,20000000,0.013426229,-0.028870046,0.0010112524,0.016249184,0.04140284,-0.012448102,False,0.0
265553.193905292,0,0.008524403,-0.034469478,0.014621258,0.04217039,0.019344658,0.00778326,False,0.0
265553.213905292,0,-0.006908223,-0.0072290525,0.03139168,0.023591556,-0.04657293,0.028840726,False,0.0
265553.233905292,20000000,-0.00041222572,0.013470173,0.021187246,-0.037107665,-0.08335096,0.014270002,False,0.0
265553.253905292,0,0.0029498488,0.004559666,0.010459304,-0.05503504,-0.057427485,-0.005731743,False,0.0
265553.273905292,20000000,0.0063127875,-0.0043503568,-0.00027304888,-0.07296242,-0.031504013,-0.025733488,False,0.0
265553.293905292,40000000,-0.0028686821,-0.0068434626,0.00039362907,-0.04502446,-0.03897145,0.010773106,False,0.0
265553.313905292,0,-0.005537033,-0.0040610135,-0.00042569637,-0.016988605,-0.0611646,0.06223142,False,0.0
265553.333905292,0,-0.003641352,-0.005176887,-0.0026513338,-0.023421064,-0.084575,0.07281488,False,0.0
265553.353905292,20000000,-0.0017448813,-0.0062961727,-0.0048805475,-0.02985352,-0.10798539,0.08339834,False,0.0
265553.373905292,40000000,0.0029653013,-0.017009169,-0.011015236,-0.020112626,-0.094208434,0.061552234,False,0.0
265553.393905292,0,0.004729271,-0.023295395,-0.011365354,0.008417951,-0.0635179,0.040225632,False,0.0
265553.413905292,20000000,0.008194104,-0.018367961,-0.00873667,0.027746396,-0.037448328,0.029636074,False,0.0
265553.433905292,0,0.006727189,-0.008626312,-0.0028813481,0.018680103,-0.026745047,0.036568247,False,0.0
265553.453905292,0,-0.00417386,0.00027224422,0.013367832,-0.0084460415,-0.05988761,0.07369472,False,0.0
265553.473905292,20000000,-0.015738547,0.013061672,0.022118032,-0.041879635,-0.116968855,0.133334,False,0.0
265553.493905292,0,-0.017856434,0.024730735,0.017599225,-0.08613892,-0.16924304,0.18874696,False,0.0
265553.513905292,0,-0.014291823,0.02322334,0.0013554096,-0.11804162,-0.1772559,0.21784419,False,0.0
265553.533905292,20000000,-0.021182805,0.011895046,-0.005506158,-0.11570523,-0.1632052,0.2277503,False,0.0
265553.553905292,0,-0.02505666,0.0020215586,-0.008859158,-0.071579546,-0.15404652,0.21151966,False,0.0
265553.573905292,20000000,-0.028931975,-0.007864177,-0.012221515,-0.027453858,-0.14488783,0.19528902,False,0.0
265553.593905292,40000000,-0.025790825,-0.01613456,-0.02090919,0.013820965,-0.13153476,0.1520884,False,0.0
265553.613905292,0,-0.02148576,-0.020991445,-0.026868284,0.04827846,-0.11714023,0.10749471,False,0.0
265553.633905292,0,-0.016325772,-0.018705942,-0.026919425,0.06335064,-0.08007829,0.074841216,False,0.0
265553.653905292,20000000,-0.011162937,-0.016421564,-0.026974916,0.078422815,-0.043016337,0.042187724,False,0.0
265553.673905292,0,-0.010330066,-0.007226683,-0.02173394,0.06652633,-0.009752173,0.023593016,False,0.0
265553.693905292,0,-0.015999526,0.0028541759,-0.012436748,0.03786748,0.0063410923,0.013993822,False,0.0
265553.713905292,20000000,-0.019627571,0.009542555,-0.010335386,0.00210689,0.010316014,-0.00022809673,False,0.0
265553.733905292,0,-0.017572701,0.0057171285,-0.012899637,-0.02091399,0.0193025,-0.028879493,False,0.0
265553.753905292,0,-0.018937051,-0.0035250336,-0.01257211,-0.017402848,0.03826535,-0.061240207,False,0.0
265553.773905293,20000000,-0.012885138,-0.012010127,-0.015490472,0.012754014,0.067430824,-0.10236213,False,0.0
265553.793905293,0,-0.008412957,-0.01241146,-0.012113988,0.05256422,0.09638041,-0.1580714,False,0.0
265553.813905293,0,-0.0057688057,-0.0015697107,-0.009919643,0.07741414,0.12785135,-0.20334215,False,0.0
265553.833905293,0,-0.001183778,0.005456902,-0.009115338,0.10036142,0.14622256,-0.20310418,False,0.0
265553.853905293,0,0.0035166293,0.003457822,-0.0046103597,0.11833315,0.15273541,-0.15853523,False,0.0
265553.873905293,0,0.012510896,0.0039618164,0.0034214854,0.120475106,0.15480988,-0.100167535,False,0.0
265553.893905293,20000000,0.019709095,0.009320177,0.009397566,0.08225109,0.15102494,-0.060320567,False,0.0
265553.913905293,0,0.021368504,0.015324235,0.01748532,0.02800991,0.13517179,-0.033279724,False,0.0
265553.933905293,20000000,0.024087086,0.014474958,0.017767191,-0.027584173,0.11426322,-0.007548712,False,0.0
265553.953905293,0,0.026902482,0.006988421,0.016705096,-0.0595395,0.09752432,0.022008391,False,0.0
265553.973905293,0,0.029569969,-0.005204253,0.015695453,-0.06866917,0.07469548,0.06549494,False,0.0
265553.993905293,0,0.030815497,-0.013890266,0.016969562,-0.06406499,0.051634423,0.10926725,False,0.0
265554.013905293,0,0.02196455,-0.010505259,0.024375677,-0.064401604,0.018428862,0.14296938,False,0.0
265554.033905293,0,0.0127456635,-0.0063223913,0.028613925,-0.07588046,-0.03150455,0.16220114,False,0.0
265554.053905293,0,0.009886697,-0.00835184,0.021484852,-0.08387226,-0.06366171,0.1550276,False,0.0
265554.073905293,20000000,0.0062468946,-0.020747192,0.011784673,-0.079051,-0.07899441,0.12415116,False,0.0
265554.093905293,0,-0.007562846,-0.030458003,0.005935073,-0.060892105,-0.0964676,0.09913497,False,0.0
265554.113905293,0,-0.019671112,-0.027738199,0.0020700693,-0.040406577,-0.11884645,0.08068338,False,0.0
265554.133905293,20000000,-0.015762568,-0.014172435,-0.01236093,-0.046208996,-0.114088684,0.047460306,False,0.0
265554.153905293,0,-0.0032921582,-0.01011847,-0.021389425,-0.0651681,-0.046790764,0.0019877888,False,0.0
265554.173905293,20000000,0.009178415,-0.006064452,-0.03042084,-0.084127195,0.020507157,-0.043484733,False,0.0
265554.193905293,40000000,0.0027473867,-0.0018401444,-0.017188907,-0.07975113,0.061417073,-0.04666762,False,0.0
265554.213905293,0,-0.0031578243,0.0022785366,-0.0016694069,-0.0712771,0.042527795,-0.007180419,False,0.0
265554.233905293,20000000,0.0011426061,0.0004858598,0.008116066,-0.06307478,0.027704295,0.022896135,False,0.0
265554.253905293,0,-0.0058175474,0.007791981,0.019244313,-0.061492667,0.0010300484,0.036948968,False,0.0
265554.273905293,20000000,-0.016107291,0.0142686665,0.018651009,-0.073486224,-0.034672193,0.051493287,False,0.0
265554.293905293,0,-0.022709534,0.010675862,0.0067920685,-0.08580253,-0.07435835,0.05889042,False,0.0
265554.313905293,20000000,-0.032680526,0.0019222647,0.00047916174,-0.072896145,-0.09560674,0.05009148,False,0.0
265554.333905293,0,-0.03502865,-0.009643167,-0.01336199,-0.04394505,-0.09755777,0.013057385,False,0.0
265554.353905293,0,-0.037140742,-0.01191362,-0.020088136,-0.0066316165,-0.09409771,-0.03663084,False,0.0
265554.373905293,20000000,-0.037138388,-0.009569749,-0.02405858,0.032994863,-0.06578526,-0.0972051,False,0.0
265554.393905293,0,-0.025361389,-0.0048673376,-0.028147638,0.075968914,-0.020756677,-0.14864105,False,0.0
265554.413905293,0,-0.014807731,-0.0012298077,-0.03184247,0.098878734,0.03907682,-0.17143646,False,0.0
265554.433905293,20000000,-0.011746377,0.0028748363,-0.023624837,0.10555187,0.0817031,-0.14665055,False,0.0
265554.453905293,0,-0.0049845725,0.010140017,-0.0121279955,0.07608715,0.08512274,-0.11196992,False,0.0
265554.473905293,20000000,0.001774773,0.01740218,-0.00063574314,0.046622425,0.08854239,-0.07728929,False,0.0
265554.493905293,40000000,0.006495431,0.023708247,0.00245744,-0.0055567957,0.097733736,-0.0675045,False,0.0
265554.513905293,0,0.0144660175,0.016866222,-0.0065366626,-0.044152558,0.10415269,-0.05436255,False,0.0
265554.533905293,0,0.015896633,-0.0102176145,0.00032001734,-0.008699812,0.100301124,-0.02292296,False,0.0
265554.553905293,20000000,0.017328545,-0.037302136,0.0071719885,0.02675293,0.09644956,0.008516625,False,0.0
265554.573905293,40000000,0.011703908,-0.03131908,0.024637222,0.072565295,0.050103977,0.029196544,False,0.0
265554.593905293,0,0.018933296,-0.00256975,0.018054247,0.04487447,0.036497712,-0.009117728,False,0.0
265554.613905293,0,0.00979884,0.02047465,0.015793145,-0.030470561,0.023365002,-0.02649645,False,0.0
265554.633905293,20000000,-0.0028177947,0.0011878163,0.01599145,-0.048305236,-0.012393486,0.003391033,False,0.0
265554.653905293,0,-0.004315287,-0.034591116,0.0010135174,-0.005734671,-0.058592636,0.06336454,False,0.0
265554.673905293,20000000,0.009831786,-0.05482216,-0.0137809515,0.051512204,-0.059536465,0.07238875,False,0.0
265554.693905293,0,0.0040149093,-0.019948855,-0.00917387,0.043111015,-0.05312767,0.04360409,False,0.0
265554.713905293,0,-0.0022970885,0.021117285,-0.010240197,-0.035019625,-0.028691014,-0.006763354,False,0.0
265554.733905293,0,-0.0069607794,0.03348492,-0.015810013,-0.114145264,-0.0049674436,-0.031575125,False,0.0
265554.753905293,0,-0.006451249,0.015121311,-0.018389225,-0.0656068,-0.0022237818,-0.002246324,False,0.0
265554.773905293,0,-0.0059423596,-0.0032420903,-0.020970047,-0.017068338,0.00051987986,0.027082477,False,0.0
265554.793905293,20000000,-0.005434081,-0.02160529,-0.023552597,0.03147013,0.0032635415,0.056411278,False,0.0
265554.813905293,40000000,0.012089208,-0.01070223,-0.026715457,0.04086842,0.042636767,0.014516417,False,0.0
265554.833905293,0,0.021110728,-0.006157659,-0.016855776,0.028882587,0.10912139,-0.05544975,False,0.0
265554.853905294,0,0.014832899,0.00015713274,0.008962333,0.020972002,0.12612605,-0.07921171,False,0.0
265554.873905294,20000000,0.016270593,0.0015226007,0.026295304,0.024430742,0.10563518,-0.069894,False,0.0
265554.893905294,0,0.025071248,-0.0005248934,0.027061164,0.039772242,0.08391001,-0.054432955,False,0.0
265554.913905294,0,0.0103613585,-0.0012604818,0.038853586,0.056929,0.015970066,-0.011268675,False,0.0
265554.933905294,0,0.0044306368,-0.003196247,0.039162636,0.07023015,-0.06956414,0.047845006,False,0.0
265554.953905294,0,0.0053962767,-0.008501723,0.03037113,0.07269535,-0.14216134,0.090425506,False,0.0
265554.973905294,0,0.005246371,-0.010945477,0.01627779,0.07243502,-0.16571055,0.10085845,False,0.0
265554.993905294,20000000,-0.00038044155,-0.01063709,0.0101290345,0.07307135,-0.17891788,0.110167205,False,0.0
265555.013905294,0,-0.011778906,-0.018245645,0.0025143027,0.08572009,-0.1790774,0.09511551,False,0.0
265555.033905294,20000000,-0.030893236,-0.020914823,0.003000915,0.1232689,-0.20860277,0.09183559,False,0.0
265555.053905294,0,-0.023847416,-0.029373914,-0.018508494,0.17432266,-0.20949054,0.050977804,False,0.0
265555.073905294,0,-0.025533333,-0.046679027,-0.02624315,0.28991467,-0.1887765,-0.031134017,False,0.0
265555.093905294,20000000,-0.02721709,-0.06397575,-0.034019828,0.4055066,-0.16806245,-0.11324582,False,0.0
265555.113905294,40000000,-0.035597146,-0.06709273,-0.03632343,0.56049156,-0.13050063,-0.24309075,False,0.0
265555.133905294,0,-0.045071892,-0.05451998,-0.034460366,0.7080653,-0.12618995,-0.35028476,False,0.0
265555.153905294,0,-0.06510393,-0.024987794,-0.03344333,0.8075557,-0.1302522,-0.40131572,False,0.0
265555.193905294,0,-0.01913996,-0.008435022,-0.059573352,0.8509681,-0.0143217,-0.4999839,False,0.0
265555.213905294,20000000,-0.03201066,0.014124293,-0.040197253,0.80544394,0.067377195,-0.51338875,False,0.0
265555.233905294,0,-0.060058087,0.041797318,-0.01148051,0.7105168,0.057826936,-0.43147647,False,0.0
265555.253837292,0,-0.058385935,0.038402952,0.0017095038,0.5951506,0.03190295,-0.32150507,False,0.0
265555.273837292,0,-0.040928558,0.026360698,-0.0037814379,0.5124043,0.08003327,-0.2971062,False,0.0
265555.293837292,20000000,-0.042266928,0.034402475,-0.0069972277,0.403058,0.10457325,-0.2557773,False,0.0
265555.313837292,0,-0.047111757,0.04792582,-0.009011447,0.2739305,0.106121466,-0.18364882,False,0.0
265555.333837292,0,-0.036925226,0.048181225,-0.006178558,0.17483696,0.12559032,-0.10236715,False,0.0
265555.353837292,20000000,-0.026738703,0.048432995,-0.0033572912,0.07574345,0.14505917,-0.02108547,False,0.0
265555.373837292,40000000,-0.016551986,0.048681118,-0.0005476475,-0.023350045,0.16452801,0.060196206,False,0.0
265555.393837292,0,-0.009097084,0.05889227,-0.0003873706,-0.13706085,0.15809193,0.16146272,False,0.0
265555.413837292,0,0.0046806782,0.06045104,-0.0029405355,-0.24172515,0.14039215,0.2756481,False,0.0
265555.433837292,0,0.02730076,0.038761094,0.0019612908,-0.2888285,0.14513929,0.35613874,False,0.0
265555.453837292,20000000,0.03299126,0.023575164,0.009263277,-0.28562066,0.1662822,0.4021983,False,0.0
265555.473837292,0,0.02497238,0.019894514,0.018292487,-0.2714207,0.14758176,0.44821748,False,0.0
265555.493837292,0,0.025676712,0.01625609,0.021518528,-0.25810304,0.116468996,0.47220922,False,0.0
265555.513837292,0,0.019925877,0.013876276,0.021765172,-0.23990543,0.07623769,0.4866216,False,0.0
265555.533837292,20000000,0.02152814,0.0047375844,0.016617417,-0.21717088,0.04320085,0.5067203,False,0.0
265555.553837292,0,0.02590999,-0.011272337,0.015710711,-0.16826867,0.035171524,0.49624854,False,0.0
265555.573837292,0,0.01826568,-0.018659247,0.01979822,-0.11643742,0.020211834,0.47683334,False,0.0
265555.593837292,0,0.00865899,-0.025575142,0.023961484,-0.06364365,-0.020642813,0.46408737,False,0.0
265555.613837292,0,0.0014832914,-0.027464768,0.021238327,-0.01606778,-0.055141125,0.4443338,False,0.0
265555.633837292,20000000,-0.003118828,-0.030268328,0.01379472,0.0258739,-0.08958246,0.42782214,False,0.0
265555.653837292,0,0.0014229864,-0.038478196,0.0056828856,0.09100795,-0.096215926,0.41148835,False,0.0
265555.673837292,20000000,0.005994305,-0.046705056,-0.002439797,0.156142,-0.10284939,0.3951546,False,0.0
265555.693837292,40000000,0.005539611,-0.0495916,-0.006545067,0.2291747,-0.093873076,0.3853509,False,0.0
265555.713837292,0,0.0061558336,-0.054397486,-0.0065351725,0.33376804,-0.08066844,0.37830678,False,0.0
265555.733837292,0,0.00036922097,-0.051694598,-0.0057433844,0.45343173,-0.06823007,0.36264262,False,0.0
265555.753837292,20000000,-0.009984791,-0.05645567,0.0011648536,0.59459555,-0.070844255,0.3648682,False,0.0
265555.773837292,0,-0.009782553,-0.060569007,0.0031238198,0.750829,-0.07382568,0.36933067,False,0.0
265555.793837292,0,0.0016062856,-0.056687117,-0.0028184652,0.89962786,-0.06480455,0.33647126,False,0.0
265555.813837292,0,-0.0040696263,-0.0415262,0.00023949146,1.0083392,-0.050577782,0.28066808,False,0.0
265555.833837292,20000000,-0.018455192,-0.013527565,0.0018797517,1.0591416,-0.062971726,0.24112846,False,0.0
265555.853837292,0,-0.022785947,0.005463138,-0.0054728985,1.0583594,-0.08823031,0.2063221,False,0.0
265555.873837292,0,-0.017241672,0.0132582635,-0.017548561,1.0088567,-0.09520255,0.16351025,False,0.0
265555.893837292,0,-0.011089072,0.015326813,-0.02612704,0.92276406,-0.07139872,0.10481522,False,0.0
265555.913837292,0,-0.004850045,0.012037694,-0.034312606,0.81306493,-0.045276932,0.0288833,False,0.0
265555.933837292,20000000,-0.0026659071,0.0065476,-0.0360204,0.69921356,-0.00057935715,-0.061710864,False,0.0
265555.953837292,0,-0.010575697,0.0071326047,-0.025625467,0.6120714,0.023847627,-0.13033491,False,0.0
265555.973837292,20000000,-0.018516004,0.007680297,-0.015361786,0.5249292,0.048274614,-0.19895896,False,0.0
265555.993837292,40000000,-0.019274294,0.00750798,-0.019438386,0.46034113,0.0575944,-0.25648993,False,0.0
265556.013837292,0,-0.016894698,0.0039453954,-0.025527298,0.41026613,0.06587992,-0.32221833,False,0.0
265556.033837292,0,-0.023854837,0.00477615,-0.022786021,0.4211644,0.07381642,-0.379251,False,0.0
265556.053837292,20000000,-0.030859977,0.0055600107,-0.020099103,0.43206266,0.08175291,-0.43628368,False,0.0
265556.073837292,0,-0.030883715,0.013316423,-0.02445811,0.50695753,0.076335266,-0.43857628,False,0.0
265556.093837292,0,-0.021319106,0.026485473,-0.032863677,0.5885832,0.08957586,-0.4161495,False,0.0
265556.113837292,0,-0.0039242953,0.04137501,-0.044813037,0.63481617,0.118571915,-0.4131666,False,0.0
265556.133837292,20000000,0.005753666,0.056072474,-0.045197606,0.61848164,0.15662001,-0.42806166,False,0.0
265556.153837293,0,0.0013905615,0.06492753,-0.03683114,0.5729844,0.17998986,-0.45150414,False,0.0
265556.173837293,0,-0.010599047,0.06679484,-0.021675646,0.5228747,0.18089417,-0.45212126,False,0.0
265556.193837293,0,-0.01633516,0.05563715,-0.013298452,0.47705144,0.18196826,-0.44689953,False,0.0
265556.213837293,0,-0.017152593,0.039556265,-0.01064533,0.43351793,0.17926909,-0.4584276,False,0.0
265556.233837293,20000000,-0.011239782,0.02136463,-0.016020834,0.3882416,0.1998734,-0.49735248,False,0.0
265556.253837293,0,-0.014132634,0.011059344,-0.021095335,0.33807066,0.22587849,-0.5689262,False,0.0
265556.273837293,20000000,-0.017048284,0.00063979626,-0.026228964,0.28789973,0.25188357,-0.6404999,False,0.0
265556.293837293,40000000,-0.01917179,-0.013056129,-0.029564321,0.24858297,0.27405033,-0.7224317,False,0.0
265556.313837293,0,-0.018221036,-0.029355586,-0.02768898,0.23884858,0.31251067,-0.8213205,False,0.0
265556.333837293,20000000,-0.018174648,-0.041689813,-0.022209167,0.25028557,0.34778014,-0.9261383,False,0.0
265556.353837293,0,-0.02104783,-0.046048075,-0.015244603,0.27131924,0.37555417,-1.0252008,False,0.0
265556.373837293,20000000,-0.024528533,-0.0458017,-0.006857455,0.28796458,0.3937274,-1.1139121,False,0.0
265556.393837293,0,-0.02108702,-0.044392765,-0.00052785873,0.30227697,0.4173752,-1.1930914,False,0.0
265556.413837293,0,-0.022055447,-0.048960596,0.0043500066,0.3261344,0.42888245,-1.2601659,False,0.0
265556.433837293,20000000,-0.030241787,-0.04258594,0.018824399,0.35382438,0.41564605,-1.293114,False,0.0
265556.453837293,0,-0.033145905,-0.032616526,0.031704247,0.38136527,0.38173217,-1.2887349,False,0.0
265556.473837293,20000000,-0.022788346,-0.021333218,0.03451258,0.38112077,0.34321818,-1.2770202,False,0.0
265556.493837293,0,-0.014920622,-0.0061333477,0.035365403,0.3433551,0.3122298,-1.2527225,False,0.0
265556.513837293,20000000,-0.006923735,0.008694172,0.03616172,0.3055894,0.28124148,-1.2284247,False,0.0
265556.533837293,0,-0.008544892,0.030282587,0.035407484,0.22135273,0.22954834,-1.1721967,False,0.0
265556.553837293,0,-0.010363936,0.03704524,0.03349334,0.11837403,0.16400224,-1.1010488,False,0.0
265556.573837293,20000000,-0.012008369,0.0435915,0.031565428,0.015395321,0.09845615,-1.0299009,False,0.0
265556.593837293,40000000,-0.007443011,0.034249187,0.025969625,-0.08912837,0.04054359,-0.97921443,False,0.0
265556.613837293,0,-0.009230018,0.031437382,0.0257501,-0.18932655,-0.008412104,-0.95017093,False,0.0
265556.633837293,0,-0.009145826,0.025753811,0.025532067,-0.28262168,-0.06165173,-0.9136856,False,0.0
265556.653837293,0,-0.012570113,0.020043492,0.029121041,-0.35378665,-0.100132555,-0.8567734,False,0.0
265556.673837293,20000000,-0.012384027,0.008095816,0.029362738,-0.39424273,-0.13607587,-0.76398647,False,0.0
265556.693837293,0,-0.012288362,0.013034195,0.028014243,-0.4208439,-0.18025902,-0.6363584,False,0.0
265556.733837293,0,-0.0012359619,0.04551412,0.024812937,-0.5742187,-0.25647634,-0.35600317,False,0.0
265556.753837293,0,0.010744214,0.048998654,0.013710797,-0.7331785,-0.2739213,-0.24362497,False,0.0
265556.793837293,0,0.03145349,0.012306631,0.015838206,-1.0928787,-0.24016368,-0.091628514,False,0.0
265556.813837293,0,0.020877153,-0.012620419,0.034544706,-1.2246603,-0.22183564,-0.040594436,False,0.0
265556.833837293,20000000,-0.0015766919,-0.017859548,0.042546153,-1.3387619,-0.2264426,0.0036183186,False,0.0
265556.853837293,0,-0.0018398464,-0.026417919,0.029866159,-1.4202843,-0.24877548,0.02217389,False,0.0
265556.893837293,0,-0.00039625168,-0.03612005,0.009671509,-1.5605036,-0.25896376,0.027607832,False,0.0
265556.913837293,0,0.005030751,-0.044774387,0.0092749,-1.5797338,-0.23629002,-0.018277135,False,0.0
265556.933837293,20000000,0.0047670007,-0.037810437,0.016640604,-1.5565385,-0.23910114,-0.064376816,False,0.0
265556.953837293,0,0.017923743,-0.033250757,0.008701026,-1.4862032,-0.22388677,-0.110368416,False,0.0
265556.973837293,0,0.018803567,-0.033855997,0.0012021065,-1.3355834,-0.2152698,-0.104426175,False,0.0
265556.993837293,0,0.015596986,-0.035716645,-0.008054316,-1.0904973,-0.19938178,-0.05793279,False,0.0
265557.013837293,20000000,0.008972317,-0.019067317,-0.019595265,-0.8144206,-0.18292746,0.014592681,False,0.0
265557.033837293,0,0.009494394,0.004734531,-0.037280977,-0.57658416,-0.17119966,0.091621906,False,0.0
265557.053837293,0,0.011961311,0.012251526,-0.03949684,-0.37416768,-0.1559847,0.1719093,False,0.0
265557.073837293,20000000,0.020177007,0.0028710067,-0.03707367,-0.17022687,-0.1110414,0.228913,False,0.0
265557.093837293,0,0.032364905,-0.002459079,-0.035949588,0.00384067,-0.04301948,0.26212448,False,0.0
265557.113837293,0,0.035983354,0.0074638575,-0.02744627,0.11087309,0.027187176,0.24350975,False,0.0
265557.133837293,20000000,0.022610873,0.025961563,-0.01732564,0.12973505,0.06156982,0.21355979,False,0.0
265557.153837293,0,0.015598446,0.020275503,-0.009561121,0.12544034,0.05240227,0.19857964,False,0.0
265557.173837293,20000000,0.008597851,0.0145943165,-0.0018048882,0.121145636,0.043234717,0.18359949,False,0.0
265557.193837293,40000000,0.0016092062,0.008917928,0.005942881,0.11685093,0.034067165,0.16861933,False,0.0
265557.213837294,0,0.006147951,-0.0031385347,0.004394233,0.16378051,0.057689793,0.17592925,False,0.0
265557.233837294,20000000,0.008488089,-0.0017375499,0.0006583929,0.24183269,0.083715126,0.19280887,False,0.0
265557.253837294,0,0.006942451,0.0022326186,0.0026729703,0.3180129,0.09215411,0.20375945,False,0.0
265557.273837294,0,0.005132079,0.009659097,-0.00616765,0.3802805,0.11022567,0.21115544,False,0.0
265557.293837294,0,0.0035587847,0.008533344,-0.019690573,0.4545625,0.10704919,0.25323737,False,0.0
265557.313837294,20000000,-0.0002822876,-0.0026068091,-0.026934981,0.55450827,0.12390283,0.3222082,False,0.0
265557.333837294,0,-0.007955134,-0.009279333,-0.028619826,0.70815015,0.16005515,0.43632257,False,0.0
265557.353837294,0,-0.011833906,-0.005738549,-0.030106425,0.8490591,0.19832858,0.54656947,False,0.0
265557.373837294,20000000,0.003582567,-0.002090035,-0.033682644,0.92485034,0.25288486,0.6078584,False,0.0
265557.393837294,0,0.009944379,0.005249162,-0.026619434,0.91858864,0.32638332,0.59299904,False,0.0
265557.413837294,20000000,0.0072838664,0.007632926,-0.009233117,0.8209562,0.3961959,0.5209486,False,0.0
265557.433837294,0,-0.0018484592,0.011452341,0.012003958,0.65147734,0.42229682,0.3921244,False,0.0
265557.453837294,0,-0.0061730742,-0.003543865,0.020800829,0.41918892,0.38771385,0.2181463,False,0.0
265557.473837294,0,-0.01045233,-0.018544462,0.029506266,0.18690047,0.3531309,0.04416816,False,0.0
265557.493837294,20000000,-0.014685303,-0.03355016,0.038120568,-0.045387983,0.31854793,-0.12980998,False,0.0
265557.513837294,40000000,-0.0039902925,-0.040767852,0.037900448,-0.2509904,0.2451362,-0.29072553,False,0.0
265557.533837294,0,-0.0019823909,-0.044402067,0.034249187,-0.4038181,0.20993713,-0.41409618,False,0.0
265557.553837294,0,-0.020844966,-0.058728546,0.046171665,-0.3963825,0.15902969,-0.43866614,False,0.0
265557.573837294,0,-0.031329095,-0.046568166,0.03957808,-0.19043228,0.08019011,-0.3245287,False,0.0
265557.593837294,20000000,-0.01529631,3.2217242e-05,0.010626614,0.031980902,0.008459218,-0.18018985,False,0.0
265557.613837294,0,0.01425758,0.043055147,-0.017995477,0.16288246,-0.0034260312,-0.08569577,False,0.0
265557.633764958,0,0.026050752,0.051030252,-0.022329107,0.21286276,-0.014180904,-0.040754016,False,0.0
265557.653764958,0,0.0209122,0.03185354,-0.011242211,0.2274044,-0.028583642,-0.01879863,False,0.0
265557.673764958,20000000,0.014387727,0.016613696,-0.0028542876,0.21866874,-0.037795648,-0.0045429096,False,0.0
265557.693764958,0,0.005546063,0.0035142228,0.007825553,0.18264198,-0.05838608,-0.0043653976,False,0.0
265557.713764958,0,0.005650401,-0.008170817,0.014053285,0.1261157,-0.07343063,-0.029937191,False,0.0
265557.733764958,0,0.008464485,-0.019320477,0.01852727,0.049844757,-0.081754886,-0.0921609,False,0.0
265557.753764958,0,0.0012487471,-0.017020762,0.022970378,-0.08204536,-0.11257567,-0.17646897,False,0.0
265557.773764958,20000000,-0.0059521794,-0.01471612,0.027404606,-0.21393548,-0.14339647,-0.26077703,False,0.0
265557.793764958,40000000,-0.010201365,-0.020898562,0.02910316,-0.37591332,-0.19133212,-0.33761278,False,0.0
265557.813764959,0,-0.010297328,-0.031371083,0.029176235,-0.54131305,-0.23698968,-0.39867607,False,0.0
265557.833764959,0,-0.013171375,-0.03700328,0.03177613,-0.70003253,-0.27519888,-0.4437972,False,0.0
265557.853764959,20000000,-0.014337003,-0.02753729,0.02662015,-0.86614275,-0.3162207,-0.47002956,False,0.0
265557.873764959,0,-0.009064317,-0.009217896,0.013728917,-1.0509444,-0.3496999,-0.49067646,False,0.0
265557.893764959,0,0.0032758415,0.0042935982,-0.0017941594,-1.2292978,-0.35461524,-0.5112349,False,0.0
265557.913764959,0,0.012985438,0.007420711,-0.0056981444,-1.3461454,-0.32899538,-0.5288357,False,0.0
265557.933764959,20000000,0.019716829,-0.007415414,-0.006366372,-1.3246357,-0.29730117,-0.54131216,False,0.0
265557.953764959,0,0.017657429,-0.0114427805,-0.006548822,-1.1652197,-0.26592544,-0.4972428,False,0.0
265557.973764959,0,0.017080188,-0.01341553,-0.008936703,-0.9187273,-0.21630901,-0.3629852,False,0.0
265557.993764959,0,0.02693981,-0.006617829,-0.021102548,-0.6496805,-0.13946512,-0.21608463,False,0.0
265558.013764959,0,0.035574496,-8.3848834e-05,-0.024031281,-0.37864402,-0.07084998,-0.10773624,False,0.0
265558.033764959,0,0.029066324,0.009978592,-0.017040312,-0.14938447,-0.02999929,-0.021039434,False,0.0
265558.053764959,0,-0.002806604,0.070303395,-0.009762943,-0.050611787,-0.046222545,0.19279194,False,0.0
265558.073764959,20000000,-0.034674734,0.13062882,-0.0024859905,0.04816089,-0.062445804,0.40662333,False,0.0
265558.093764959,40000000,-0.0450463,0.17946325,-0.0039432645,0.004886903,-0.10138963,0.786512,False,0.0
265558.113764959,0,-0.023192197,0.17747459,-0.016091645,-0.12720269,-0.08555639,1.172145,False,0.0
265558.133764959,20000000,-0.004646182,0.13979767,-0.018706322,-0.2849187,-0.025308847,1.4738925,False,0.0
265558.153764959,0,0.00022777915,0.090216964,-0.009692669,-0.4303977,0.047006696,1.652499,False,0.0
265558.173764959,0,-0.00088590384,0.029988274,0.00042903423,-0.52811515,0.0925653,1.7070119,False,0.0
265558.193764959,0,-0.0040567815,-0.031408623,0.014530718,-0.5490854,0.12023058,1.632162,False,0.0
265558.213764959,0,-0.010292262,-0.11043539,0.040875196,-0.43258286,0.080620445,1.4172685,False,0.0
265558.233764959,20000000,-0.00878194,-0.17886722,0.05501002,-0.20950042,-0.018795207,1.0537143,False,0.0
265558.253764959,0,-0.009135455,-0.2279692,0.06352562,0.091505036,-0.1680385,0.5479368,False,0.0
265558.273764959,20000000,-0.0091510415,-0.28389916,0.075823486,0.4442842,-0.35572353,-0.06001818,False,0.0
265558.293764959,0,-0.014840275,-0.33450288,0.07259607,0.8498099,-0.5589764,-0.7827265,False,0.0
265558.313764959,0,-0.02941069,-0.37054458,0.057092488,1.2924919,-0.77719104,-1.5352736,False,0.0
265558.333764959,20000000,-0.060806572,-0.37773144,0.021378696,1.7615898,-0.9574209,-2.312476,False,0.0
265558.353764959,0,-0.11268243,-0.26198077,-0.02240467,2.0193648,-1.0454757,-2.791553,False,0.0
265558.373764959,20000000,-0.16531545,-0.14413628,-0.0674997,2.2771401,-1.1335305,-3.27063,False,0.0
265558.393764959,40000000,-0.19190624,-0.01619012,-0.088995636,2.256286,-1.1683114,-3.3718922,False,0.0
265558.413764959,0,-0.1630179,0.09717791,-0.11525655,2.0327115,-1.1048435,-3.2078207,False,0.0
265558.433764959,20000000,-0.10599455,0.20985797,-0.15138072,1.6221421,-0.90526897,-2.8501365,False,0.0
265558.453764959,0,-0.052898824,0.28903282,-0.15965182,1.073935,-0.62735057,-2.3459644,False,0.0
265558.473764959,0,0.017555267,0.26116624,-0.13846946,0.5608513,-0.28969193,-1.7822993,False,0.0
265558.493764959,0,0.02178505,0.30924124,-0.108937204,-0.08363581,-0.044308037,-1.152416,False,0.0
265558.513764959,0,0.026317447,0.28729075,-0.08156264,-0.6615904,0.20014247,-0.5434809,False,0.0
265558.533764959,20000000,0.014768839,0.23824856,-0.049295068,-1.1281935,0.366398,0.031870663,False,0.0
265558.553764959,0,-2.8908253e-06,0.18439186,-0.021443725,-1.5010469,0.45200646,0.54969096,False,0.0
265558.573764959,0,-0.009339541,0.13644049,-0.0077637434,-1.8053027,0.49210554,0.9723915,False,0.0
265558.593764959,0,-0.01887551,0.080550864,0.0015017986,-2.0298808,0.5080108,1.2776777,False,0.0
265558.613764959,0,-0.025455207,-0.0046244115,0.024499118,-2.1049006,0.45487726,1.4308828,False,0.0
265558.633764959,20000000,-0.01945138,-0.10184698,0.0411281,-2.0044131,0.36293316,1.3763674,False,0.0
265558.653764959,0,-0.021716803,-0.13894203,0.041387737,-1.7319939,0.22451258,1.1204374,False,0.0
265558.673764959,20000000,-0.024508476,-0.17553253,0.04075235,-1.4595747,0.08609201,0.8645073,False,0.0
265558.693764959,40000000,-0.03128007,-0.16098136,0.029608369,-1.186362,-0.045432493,0.5876037,False,0.0
265558.713764959,0,-0.022638828,-0.14184996,0.0033357143,-0.9353241,-0.12736288,0.30459023,False,0.0
265558.733764959,0,-0.01620105,-0.12624678,-0.012702346,-0.7253408,-0.14316776,0.020021856,False,0.0
265558.753764959,0,-0.02150011,-0.1130427,-0.019375622,-0.55580497,-0.13276125,-0.23606351,False,0.0
265558.773764959,0,-0.026194394,-0.11476497,-0.033383906,-0.4063005,-0.11026539,-0.48232594,False,0.0
265558.793764959,0,-0.026836663,-0.1350567,-0.041683257,-0.25298622,-0.028003246,-0.7607846,False,0.0
265558.813764959,20000000,-0.04409036,-0.1488819,-0.04019445,-0.09789328,0.047229074,-1.0413058,False,0.0
265558.833764959,0,-0.055371106,-0.15701734,-0.051214576,0.03143686,0.11712712,-1.3301928,False,0.0
265558.853764959,0,-0.056310892,-0.16358249,-0.058012486,0.12078673,0.22135773,-1.6322951,False,0.0
265558.87376496,20000000,-0.063323885,-0.15853818,-0.056849718,0.19767568,0.33764192,-1.9167582,False,0.0
265558.89376496,0,-0.09421229,-0.13393335,-0.040462375,0.24385542,0.43175766,-2.1321201,False,0.0
265558.91376496,20000000,-0.12228063,-0.093976825,-0.025226116,0.24087939,0.44540045,-2.2215185,False,0.0
265558.93376496,0,-0.11153017,-0.072353184,-0.028101206,0.21306597,0.45258838,-2.255688,False,0.0
265558.95376496,20000000,-0.09633799,-0.05138597,-0.015196979,0.17410064,0.48220944,-2.2732418,False,0.0
265558.97376496,0,-0.08830029,-0.017552406,-0.0032797456,0.108119786,0.5061815,-2.2493718,False,0.0
265558.99376496,0,-0.09137021,0.026788026,0.013057411,0.008663267,0.49153712,-2.1457376,False,0.0
265559.01376496,0,-0.075667396,0.062289476,0.016357124,-0.11715683,0.43441355,-1.9742688,False,0.0
265559.03376496,0,-0.0421243,0.07808694,0.011011839,-0.22755691,0.4161284,-1.7745858,False,0.0
265559.05376496,20000000,-0.018473327,0.08476511,0.015044332,-0.29851407,0.42484742,-1.6002449,False,0.0
265559.07376496,0,-0.019383878,0.12236631,0.0157696,-0.38375577,0.40990156,-1.397173,False,0.0
265559.09376496,0,-0.0039434284,0.13187638,0.0021499991,-0.44202325,0.37363857,-1.2007694,False,0.0
265559.11376496,20000000,0.016760543,0.12527284,-0.0042274594,-0.4365072,0.36064446,-1.0369624,False,0.0
265559.13376496,0,0.023304135,0.13390109,-0.0001398921,-0.39297462,0.33115065,-0.8665345,False,0.0
265559.15376496,0,0.031553686,0.14536083,-0.0011107922,-0.34973696,0.29529345,-0.6719872,False,0.0
265559.17376496,20000000,0.038433537,0.14405936,-0.00094884634,-0.2914841,0.24728513,-0.4796538,False,0.0
265559.19376496,0,0.041913047,0.14807957,-0.0024386048,-0.26725218,0.2043835,-0.28784066,False,0.0
265559.21376496,20000000,0.04439798,0.1386441,0.0042967796,-0.2555968,0.15856476,-0.091251984,False,0.0
265559.23376496,0,0.044599295,0.110984504,0.014601231,-0.22904623,0.11376651,0.0783845,False,0.0
265559.25376496,20000000,0.04502006,0.07744491,0.018482149,-0.19539508,0.09599933,0.19876748,False,0.0
265559.27376496,0,0.03644991,0.046623826,0.015975833,-0.1650405,0.0742034,0.24983354,False,0.0
265559.29376496,0,0.021928206,0.022224009,0.021927238,-0.13534328,0.035641775,0.25268623,False,0.0
265559.31376496,20000000,0.016235247,0.001599431,0.026931524,-0.1022104,0.0010965616,0.22918946,False,0.0
265559.33376496,0,0.019431293,-0.01415813,0.023232162,-0.06863639,-0.024372665,0.16955519,False,0.0
265559.35376496,0,0.0119289905,-0.007327974,0.017899513,-0.048526883,-0.039880674,0.12929177,False,0.0
265559.37376496,0,0.015687928,-0.0024401546,0.0068393946,-0.042544317,-0.040228218,0.10646567,False,0.0
265559.39376496,0,0.014590532,0.0038520098,0.0062668324,-0.038120054,-0.030844886,0.0917121,False,0.0
265559.41376496,20000000,0.013885692,0.018196046,0.0099436045,-0.05800917,-0.012672465,0.11413932,False,0.0
265559.43376496,0,0.012160391,0.013804615,0.01588887,-0.0552288,-0.013760173,0.14020944,False,0.0
265559.45376496,0,0.0070786625,0.013969302,0.016800761,-0.039827228,-0.012987982,0.1599509,False,0.0
265559.49376496,0,-0.010460541,0.030430973,0.0075508356,-0.064995006,-0.058306735,0.21837573,False,0.0
265559.51376496,20000000,-0.012823552,0.037913382,-0.002112925,-0.08193904,-0.08101215,0.2529936,False,0.0
265559.53376496,0,0.0016402304,0.037275195,-0.01723963,-0.065394565,-0.0655215,0.30666554,False,0.0
265559.55376496,20000000,0.0096331835,0.047011256,-0.02341324,-0.016680028,-0.021659888,0.3439382,False,0.0
265559.57376496,0,-0.0016075373,0.064466596,-0.019296527,0.01581183,0.015172381,0.40815756,False,0.0
265559.59376496,0,-0.018581226,0.08342153,-0.02306819,0.018684523,0.026089,0.51333934,False,0.0
265559.61376496,0,-0.03092423,0.08814752,-0.030082107,0.037672162,0.023790712,0.6451624,False,0.0
265559.63376496,0,-0.028866842,0.08500624,-0.03881681,0.101015314,0.039916433,0.7874197,False,0.0
265559.65376496,20000000,-0.013845667,0.08994347,-0.05147177,0.17668056,0.10127106,0.9237746,False,0.0
265559.67376496,0,0.0023761392,0.08379918,-0.05851239,0.26148707,0.20856413,1.0175872,False,0.0
265559.69376496,0,-0.006216675,0.0774501,-0.041884482,0.39310142,0.28673112,1.076223,False,0.0
265559.71376496,0,-0.03182894,0.1170899,-0.020078063,0.51305425,0.30285606,1.2482643,False,0.0
265559.73376496,0,-0.026994526,0.14368016,-0.011528492,0.6405768,0.30914828,1.5635415,False,0.0
265559.75376496,20000000,-0.014555663,0.16811758,-0.015734076,0.75423926,0.36322114,1.9180542,False,0.0
265559.77376496,0,-0.010438532,0.16918871,-0.007835746,0.8787918,0.41100925,2.2851334,False,0.0
265559.79376496,0,-0.002418071,0.13950178,0.007991433,1.0671337,0.43634316,2.6042695,False,0.0
265559.81376496,20000000,0.007601112,0.1113137,0.022758186,1.2554754,0.46167707,2.9234056,False,0.0
265559.83376496,0,-0.0029907823,0.080979735,0.051689625,1.3601276,0.45327303,3.0666118,False,0.0
265559.85376496,20000000,-0.013088167,0.040918574,0.0804044,1.4068305,0.380204,3.0682104,False,0.0
265559.87376496,0,-0.01053983,0.0037118793,0.076877,1.3297316,0.2947573,2.9215307,False,0.0
265559.89376496,0,-0.021760583,-0.03829991,0.07628822,1.1563369,0.22456425,2.687574,False,0.0
265559.91376496,0,-0.039657205,-0.07784576,0.08087844,0.951467,0.16135392,2.358294,False,0.0
265559.933764961,0,-0.06926137,-0.090743326,0.0853315,0.7504829,0.081055425,2.0445886,False,0.0
265559.953764961,20000000,-0.0873467,-0.10675173,0.09043276,0.60568523,-0.021399572,1.7575938,False,0.0
265559.973764961,0,-0.070755064,-0.111164995,0.06832439,0.4900643,-0.06866285,1.4657836,False,0.0
265559.993753208,0,-0.055601582,-0.10672338,0.04994933,0.36251122,-0.08174143,1.190091,False,0.0
265560.013753208,0,-0.05389577,-0.09923039,0.041439354,0.2999149,-0.10169352,0.98114264,False,0.0
265560.033753208,0,-0.054513067,-0.08836211,0.035191715,0.27349225,-0.12196787,0.8103527,False,0.0
265560.053753208,0,-0.04651633,-0.0798038,0.023955822,0.27079245,-0.13985378,0.6679168,False,0.0
265560.073753208,0,-0.037674576,-0.063817896,0.01285249,0.26277155,-0.14042702,0.54044515,False,0.0
265560.093753208,0,-0.03255272,-0.052485414,0.006616831,0.2481875,-0.13187058,0.43196264,False,0.0
265560.113753208,0,-0.03086397,-0.03916622,0.001604557,0.23443182,-0.12392882,0.34309965,False,0.0
265560.133753209,0,-0.033290267,-0.024436347,-0.003562212,0.2112671,-0.11302342,0.27088898,False,0.0
265560.153753209,0,-0.036898434,-0.013072178,-0.012108743,0.17077984,-0.10552168,0.22110623,False,0.0
265560.173753209,0,-0.030423522,-0.010318056,-0.02506131,0.1216944,-0.09353545,0.1760701,False,0.0
265560.193753209,20000000,-0.019771427,-0.011125602,-0.03478813,0.06868524,-0.058844086,0.12721369,False,0.0
265560.213753209,0,-0.0068885684,-0.0075965375,-0.03880775,0.028984174,-0.015193373,0.06716211,False,0.0
265560.233753209,20000000,-0.0013891459,0.0012140796,-0.03599441,0.004964061,0.030402817,0.020297613,False,0.0
265560.253753209,0,0.0006478131,0.0059490725,-0.026975274,0.013229629,0.07171518,0.006092782,False,0.0
265560.273753209,0,-0.00050002337,0.0014858097,-0.010400355,0.063818775,0.08409409,0.031558756,False,0.0
265560.293753209,20000000,-0.0048024952,-0.0020970851,0.009985089,0.14755175,0.060455244,0.07966913,False,0.0
265560.313753209,0,-0.0029009879,-0.006248936,0.02134484,0.21427462,0.01744226,0.120747164,False,0.0
265560.333753209,20000000,0.0040049553,-0.0074357986,0.03242308,0.2511736,-0.035200406,0.14007273,False,0.0
265560.353753209,0,0.01365453,-0.0042109936,0.040239334,0.24744998,-0.08023017,0.1369568,False,0.0
265560.373753209,0,0.012643546,-0.009434104,0.044528186,0.23150425,-0.11086802,0.14600554,False,0.0
265560.393753209,20000000,0.011648595,-0.014661953,0.048787475,0.21555853,-0.14150588,0.15505429,False,0.0
265560.413753209,0,0.008869708,-0.021463439,0.045575857,0.2057087,-0.16497546,0.16925408,False,0.0
265560.433753209,0,0.0065941215,-0.02941437,0.03376335,0.18376516,-0.19633439,0.19026864,False,0.0
265560.453753209,0,0.008102626,-0.0350191,0.01300776,0.13704322,-0.20779456,0.18301728,False,0.0
265560.473753209,20000000,-0.008015454,-0.030294836,0.0070585012,0.06820974,-0.22860032,0.17085297,False,0.0
265560.493753209,0,-0.015539885,-0.025613263,-0.0020483732,-0.020274952,-0.2642284,0.15159638,False,0.0
265560.513753209,20000000,-0.01238057,-0.024061024,-0.010564864,-0.108787626,-0.268306,0.11126138,False,0.0
265560.533753209,0,-0.0074557066,-0.0233251,-0.014152408,-0.15764023,-0.2353585,0.068115875,False,0.0
265560.553753209,0,0.006267756,-0.02312775,-0.024683177,-0.16840078,-0.1739032,0.0031977296,False,0.0
265560.573753209,20000000,0.015575677,-0.01001513,-0.026976883,-0.15574831,-0.08474057,-0.06697272,False,0.0
265560.593753209,0,0.022825778,0.0029006302,-0.022202551,-0.11809203,-0.030367378,-0.09300758,False,0.0
265560.613753209,0,0.04062271,0.0047748536,-0.018129766,-0.042316094,0.04861876,-0.097751595,False,0.0
265560.633753209,0,0.038844287,0.0035912693,0.002560079,0.06510494,0.114445046,-0.058974076,False,0.0
265560.653753209,0,0.029687494,-0.011097789,0.02212739,0.18399392,0.115845,0.045048703,False,0.0
265560.673753209,0,0.035277247,-0.027652264,0.033525765,0.26157957,0.1037039,0.12303689,False,0.0
265560.693753209,0,0.03935978,-0.046285197,0.048190117,0.28497133,0.07416567,0.16687337,False,0.0
265560.713753209,20000000,0.043386817,-0.06252642,0.060002506,0.28516218,0.033270486,0.16260628,False,0.0
265560.733753209,0,0.05282542,-0.07437225,0.0563159,0.2884905,-0.0027371496,0.13319181,False,0.0
265560.753753209,0,0.055338234,-0.07918273,0.05168301,0.31469283,-0.027405497,0.10211244,False,0.0
265560.773753209,0,0.051816136,-0.07260956,0.045328617,0.35184664,-0.0532521,0.10114239,False,0.0
265560.793753209,0,0.043108225,-0.06666066,0.044032574,0.40522042,-0.06858383,0.13140413,False,0.0
265560.813753209,20000000,0.02689591,-0.058273613,0.044662297,0.46099386,-0.0773991,0.16586985,False,0.0
265560.833753209,0,-0.005063385,-0.050000012,0.0552541,0.50124335,-0.100315005,0.20629445,False,0.0
265560.853753209,0,-0.03620848,-0.042782977,0.067907035,0.5277416,-0.156591,0.2612382,False,0.0
265560.873753209,20000000,-0.051040202,-0.039496362,0.05562389,0.53986526,-0.19436087,0.2863046,False,0.0
265560.893753209,0,-0.059156835,-0.04147181,0.043321192,0.5531155,-0.24608572,0.33204204,False,0.0
265560.913753209,0,-0.04863274,-0.04494512,0.021701574,0.54947126,-0.25214386,0.34407723,False,0.0
265560.933753209,20000000,-0.043933213,-0.038304925,0.009689331,0.5190304,-0.24198955,0.32171565,False,0.0
265560.953753209,0,-0.0433335,-0.032654136,-0.0048521757,0.4633728,-0.23345077,0.28956878,False,0.0
265560.973753209,0,-0.03696096,-0.028450489,-0.015200138,0.40370324,-0.21449903,0.2504797,False,0.0
265560.993753209,0,-0.035510093,-0.017810315,-0.019191265,0.34939215,-0.18377662,0.22276665,False,0.0
265561.013753209,20000000,-0.03530559,-0.011007965,-0.020857811,0.31287915,-0.14652646,0.21232337,False,0.0
265561.033753209,0,-0.032770157,-0.01355806,-0.022185564,0.28458294,-0.1223617,0.20748486,False,0.0
265561.053753209,0,-0.029867828,-0.012781978,-0.031020045,0.24994408,-0.09046246,0.19722123,False,0.0
265561.073753209,0,-0.035859883,-0.01111114,-0.02988094,0.19657192,-0.078611135,0.18905318,False,0.0
265561.093753209,0,-0.03251791,-0.018508643,-0.033262253,0.13532487,-0.06309804,0.16176102,False,0.0
265561.113753209,0,-0.016330957,-0.029442906,-0.038604975,0.07377739,-0.052819222,0.10820406,False,0.0
265561.133753209,0,0.0075042844,-0.031144947,-0.046523333,0.010446437,-0.022657372,0.00902167,False,0.0
265561.153753209,20000000,-0.001704216,-0.008582681,-0.031729937,-0.06528894,0.00483297,-0.09624636,False,0.0
265561.173753209,0,-0.027239561,0.024473786,-0.008575916,-0.13850608,-0.04179108,-0.14203322,False,0.0
265561.193753209,0,-0.04723707,0.04911533,0.010822535,-0.18917862,-0.11508945,-0.1416374,False,0.0
265561.21375321,20000000,-0.037920117,0.05100289,0.002100706,-0.20233923,-0.16415215,-0.14536975,False,0.0
265561.23375321,0,-0.02837634,0.05391416,-0.013626814,-0.1900315,-0.17194113,-0.16152546,False,0.0
265561.25375321,0,-0.018196821,0.053504527,-0.03378004,-0.1617873,-0.14778616,-0.19011661,False,0.0
265561.27375321,20000000,-0.024632633,0.060595185,-0.036325634,-0.13105614,-0.121350884,-0.18919699,False,0.0
265561.29375321,0,-0.020253569,0.05918926,-0.035482824,-0.097022444,-0.09905589,-0.16078602,False,0.0
265561.31375321,20000000,-0.014531732,0.0507271,-0.029785514,-0.06306848,-0.08376337,-0.11964075,False,0.0
265561.33375321,0,-0.014916956,0.046285063,-0.018997371,-0.044257022,-0.07881422,-0.087147675,False,0.0
265561.35375321,20000000,-0.01627338,0.043287665,-0.003063202,-0.04005099,-0.08600955,-0.0682287,False,0.0
265561.37375321,0,-0.019381374,0.04123336,0.0023485422,-0.04027146,-0.079475574,-0.045439348,False,0.0
265561.39375321,0,-0.027255476,0.027443409,0.0015534163,-0.032326315,-0.08023727,-0.02143925,False,0.0
265561.43375321,0,-0.018032819,0.008859247,-0.02141416,-0.02748848,-0.05774662,-0.0177408,False,0.0
265561.45375321,0,-0.009011865,0.006984681,-0.03104657,-0.042050704,-0.03816984,-0.023254585,False,0.0
265561.47375321,20000000,-0.0020445287,-0.00032371283,-0.028640747,-0.04050203,-0.015514074,-0.03292784,False,0.0
265561.49375321,0,0.0038551986,-0.004197985,-0.023692667,-0.024760462,0.004778797,-0.044168785,False,0.0
265561.51375321,0,-0.006050259,-0.0008891225,-0.009406626,-0.0032882355,0.006644034,-0.038200106,False,0.0
265561.53375321,0,-0.016057014,0.000821352,0.0030553937,0.0054200636,-0.012219324,-0.019644571,False,0.0
265561.55375321,0,-0.018963546,-0.0018890798,0.0064190626,0.020495825,-0.0518104,-0.0027661491,False,0.0
265561.57375321,20000000,-0.022038728,-0.00016862154,0.007327676,0.024651578,-0.06970023,0.0030402225,False,0.0
265561.59375321,0,-0.019120663,0.00069600344,-0.004039705,0.015896544,-0.07533854,0.013610766,False,0.0
265561.61375321,20000000,-0.016157836,-0.0014858842,-0.015412807,0.00094967056,-0.07579757,0.028022405,False,0.0
265561.63375321,0,-0.01000911,-0.0054873526,-0.024108887,-0.020470496,-0.05994872,0.026912164,False,0.0
265561.65375321,20000000,-0.0056803226,-0.0045954883,-0.025284827,-0.042449716,-0.030380167,0.016309645,False,0.0
265561.67375321,0,-0.009243876,-0.005688846,-0.020237982,-0.05349128,-0.01138996,0.015579587,False,0.0
265561.69375321,0,-0.010497421,-0.006930977,-0.013659179,-0.04457723,-0.0029415106,0.013691276,False,0.0
265561.71375321,20000000,-0.008085728,-0.009245694,-0.012779415,-0.025572501,0.0035523088,-0.0008031428,False,0.0
265561.73375321,0,-0.0047207475,-0.007831216,-0.006173551,0.000559913,0.011426428,-0.014146816,False,0.0
265561.75375321,0,-0.0026037097,-0.00221771,-0.0025997758,0.018770758,0.025080886,-0.028967857,False,0.0
265561.77375321,0,-0.002565533,0.0037321448,7.688999e-05,0.0298506,0.025460858,-0.030786118,False,0.0
265561.79375321,0,-0.0031582713,0.007477224,-0.0007300973,0.029478403,0.020535864,-0.025668895,False,0.0
265561.81375321,20000000,0.0011416078,0.009097785,-0.00025451183,0.015630458,0.020620456,-0.021162216,False,0.0
265561.83375321,0,0.0052883625,0.008298576,-0.0018817186,0.01040852,0.026244428,-0.014128514,False,0.0
265561.85375321,0,0.0039544106,0.012440771,-0.0015695095,0.0013649659,0.029963104,-0.00040345918,False,0.0
265561.87375321,0,-0.0013939142,0.017888516,0.0073083043,-0.015696775,0.026114203,0.023067277,False,0.0
265561.89375321,0,0.0022820532,0.011373788,0.0005284548,-0.02912232,0.031660937,0.039148763,False,0.0
265561.91375321,20000000,0.005957812,0.004859239,-0.0062517524,-0.042547867,0.037207674,0.05523025,False,0.0
265561.93375321,0,0.009408355,0.0040819943,-0.008100808,-0.053462833,0.055754863,0.050887495,False,0.0
265561.95375321,20000000,0.0061053336,0.0077091455,-0.004422486,-0.05836371,0.06469317,0.049413275,False,0.0
265561.97375321,0,-0.0017057955,0.006961733,-0.00013619661,-0.05588359,0.06248261,0.054645296,False,0.0
265561.99375321,20000000,-0.00013935566,0.0015620589,0.0005686879,-0.04574582,0.05639878,0.049973674,False,0.0
265562.01375321,0,-0.00076049566,-0.0008100569,0.0024383068,-0.027213719,0.048585642,0.041377604,False,0.0
265562.03375321,0,-0.0029762685,0.004031658,0.0039362907,-0.011421695,0.04183233,0.03644606,False,0.0
265562.05375321,20000000,-0.0044157803,0.004401326,-0.00034457445,0.0017268369,0.030851688,0.036799956,False,0.0
265562.07375321,0,-0.0020260513,0.0048850775,-0.004210472,0.015472137,0.026771737,0.025210561,False,0.0
265562.09375321,0,-0.0025875568,0.009115189,-0.0024935603,0.024300802,0.014787124,0.024319677,False,0.0
265562.11375321,20000000,-0.0010863245,0.004472941,-0.004958451,0.041485537,0.023784213,0.026201379,False,0.0
265562.13375321,0,0.0031386912,0.0026488304,-0.0095855,0.047162533,0.027336678,0.03066684,False,0.0
265562.15375321,0,0.008001208,0.010289937,-0.0097286105,0.03322454,0.041804224,0.031992987,False,0.0
265562.17375321,0,0.010850221,0.006129831,-0.0052680373,0.01642104,0.029513769,0.04068795,False,0.0
265562.19375321,0,0.014969617,0.008484483,-0.0029032826,-0.00023542158,0.026590046,0.035347514,False,0.0
265562.21375321,20000000,0.019089341,0.010839343,-0.0005386472,-0.016891887,0.02366632,0.030007077,False,0.0
265562.23375321,0,0.024299651,0.0031798482,0.0014250278,-0.01909918,0.0073964987,0.027651764,False,0.0
265562.25375321,20000000,0.026751041,0.01237002,0.0020526648,-0.0313408,0.009114657,0.010919988,False,0.0
265562.27375321,0,0.020462066,0.023315638,0.019304931,-0.038435936,-0.020647924,0.0011887578,False,0.0
265562.293753211,20000000,0.021777302,0.027487695,0.012037158,-0.06762647,-0.044595804,-0.0038933908,False,0.0
265562.313753211,0,0.018085808,0.030297488,0.015142918,-0.0844709,-0.07838786,-0.011654805,False,0.0
265562.333753211,0,0.0106886625,0.027106017,0.015645862,-0.09458718,-0.1160806,-0.0033020573,False,0.0
265562.353753211,20000000,0.017947912,0.020990133,0.00259161,-0.11380746,-0.1478844,-0.012788157,False,0.0
265562.373753211,0,0.02481842,0.0077863038,-0.0021451712,-0.14450803,-0.1525556,-0.061940048,False,0.0
265562.39367575,0,0.010511046,0.005215896,0.009747248,-0.18981744,-0.16801816,-0.108892985,False,0.0
265562.41367575,0,0.010592878,-0.0076563656,0.008661151,-0.266374,-0.19526285,-0.15737408,False,0.0
265562.43367575,20000000,0.012684971,-0.019176722,0.010825038,-0.35645193,-0.21428303,-0.2281743,False,0.0
265562.45367575,0,0.008367419,-0.027184755,0.02009809,-0.46513408,-0.23929393,-0.3164258,False,0.0
265562.47367575,0,0.009724736,-0.037416816,0.028629303,-0.59948134,-0.28548393,-0.44206274,False,0.0
265562.49367575,20000000,0.011241734,-0.04768713,0.036966443,-0.7338286,-0.33167392,-0.5676997,False,0.0
265562.51367575,40000000,0.008631974,-0.054989487,0.049711168,-0.8702659,-0.36956036,-0.71707034,False,0.0
265562.53367575,0,0.00038093328,-0.059627473,0.05967164,-0.9954357,-0.42405537,-0.8578192,False,0.0
265562.55367575,0,-0.011684656,-0.058076188,0.064961374,-1.1133498,-0.48652196,-0.97883296,False,0.0
265562.57367575,20000000,-0.022912562,-0.05479704,0.06882322,-1.2263156,-0.55943483,-1.079477,False,0.0
265562.59367575,0,-0.030862749,-0.05240611,0.07105774,-1.3296227,-0.64977634,-1.1472589,False,0.0
265562.61367575,20000000,-0.03286746,-0.051515535,0.07064843,-1.4188623,-0.7302276,-1.1927634,False,0.0
265562.63367575,0,-0.028784782,-0.041785456,0.060857296,-1.4895678,-0.74964184,-1.2075305,False,0.0
265562.65367575,20000000,-0.023729682,-0.03190983,0.049770534,-1.5602733,-0.76905614,-1.2222975,False,0.0
265562.67367575,40000000,-0.024592385,-0.013772711,0.04117024,-1.6070085,-0.7613497,-1.202327,False,0.0
265562.69367575,0,-0.023692593,0.00599733,0.025545001,-1.62998,-0.7512414,-1.1215365,False,0.0
265562.71367575,0,-0.019531146,0.019472621,0.014825404,-1.6093509,-0.72658277,-0.9784432,False,0.0
265562.73367575,20000000,-0.0051974654,0.018098772,0.00185889,-1.5268816,-0.66410655,-0.79000473,False,0.0
265562.75367575,0,0.00022175908,0.022656083,-0.0031613111,-1.4090394,-0.5893428,-0.5761148,False,0.0
265562.77367575,0,0.0055007637,0.02426377,-0.010134697,-1.294944,-0.5250176,-0.4038043,False,0.0
265562.79367575,20000000,0.010935172,0.02602376,-0.017885327,-1.1808488,-0.46069244,-0.23149386,False,0.0
265562.81367575,40000000,0.017676607,0.0138192475,-0.021337807,-1.064636,-0.41292575,-0.12422035,False,0.0
265562.83367575,0,0.0326235,-0.008916467,-0.028394341,-0.917696,-0.3488048,-0.08655386,False,0.0
265562.85367575,0,0.037878573,-0.013363689,-0.045731664,-0.72945863,-0.24758178,-0.080881245,False,0.0
265562.87367575,20000000,0.026730672,-0.006768048,-0.05993837,-0.49268407,-0.15264279,-0.03710357,False,0.0
265562.89367575,0,0.03264031,-0.018027455,-0.085867286,-0.18714777,-0.024000198,0.032306306,False,0.0
265562.91367575,0,0.02330491,-0.02024582,-0.09419352,0.20857713,0.1350552,0.13176318,False,0.0
265562.933675751,0,0.005667448,-0.006853491,-0.08715969,0.6381223,0.27753323,0.2775426,False,0.0
265562.953675751,0,-0.012142584,0.011410594,-0.073444724,1.0584843,0.39258996,0.45536834,False,0.0
265562.973675751,20000000,-0.02496627,0.047993228,-0.07235032,1.4173682,0.52226067,0.6522717,False,0.0
265562.993675751,0,-0.023071364,0.07714081,-0.08248633,1.659639,0.6517749,0.8538568,False,0.0
265563.013675751,0,-0.015684262,0.07140371,-0.08718604,1.7955285,0.80470735,1.0055634,False,0.0
265563.033675751,0,-0.028525501,0.06032589,-0.0728668,1.8211436,0.93193144,1.061189,False,0.0
265563.053675751,20000000,-0.063448206,0.052765846,-0.049203157,1.7339272,0.9522733,1.0240177,False,0.0
265563.073675751,0,-0.0802726,0.029607598,-0.027525902,1.5002501,0.8404476,0.85917187,False,0.0
265563.093675751,20000000,-0.0964755,0.0066594593,-0.007143259,1.2665731,0.72862196,0.6943261,False,0.0
265563.113675751,0,-0.100240156,-0.016235484,0.0051214695,1.0390195,0.5884613,0.50816363,False,0.0
265563.133675751,0,-0.09624845,-0.027868057,-0.0010520816,0.8303201,0.45353636,0.33806574,False,0.0
265563.153675751,20000000,-0.09250143,-0.0328626,-0.0053961873,0.66301537,0.35385978,0.19564605,False,0.0
265563.173675751,0,-0.07552189,-0.040447693,-0.02427274,0.54268336,0.31802228,0.07343379,False,0.0
265563.193675751,0,-0.06827986,-0.03529335,-0.029274225,0.4480851,0.31380746,-0.0018561706,False,0.0
265563.213675751,20000000,-0.07281637,-0.010450199,-0.03949517,0.33455026,0.32952374,-0.0723802,False,0.0
265563.233675751,0,-0.069906026,0.0058015436,-0.047411323,0.22261602,0.32795227,-0.11019564,False,0.0
265563.253675751,0,-0.049799055,0.0049852654,-0.063527346,0.14412747,0.37992734,-0.1792278,False,0.0
265563.273675751,20000000,-0.032755017,0.005182728,-0.07013589,0.09954689,0.47750288,-0.2663751,False,0.0
265563.293675751,0,-0.029227883,0.011235554,-0.06955361,0.081237294,0.58321273,-0.365064,False,0.0
265563.313675751,0,-0.024965316,0.009858098,-0.05563861,0.075013034,0.65883553,-0.44541144,False,0.0
265563.333675751,20000000,-0.024378657,0.015129317,-0.03679496,0.0918458,0.7222178,-0.54381233,False,0.0
265563.353675751,0,-0.028761387,0.025041226,-0.014089644,0.11169783,0.7297384,-0.599987,False,0.0
265563.373675751,20000000,-0.025589466,0.030358348,-0.003623724,0.12495206,0.71496934,-0.6200898,False,0.0
265563.393675751,0,-0.033147663,0.041223772,0.018445551,0.13096069,0.6665882,-0.6092374,False,0.0
265563.413675751,20000000,-0.027618319,0.036853038,0.03179753,0.12973776,0.5923157,-0.5708156,False,0.0
265563.433675751,0,-0.019673258,0.03281115,0.036330283,0.12208568,0.5321865,-0.54013807,False,0.0
265563.453675751,0,-0.0049245954,0.031139566,0.038888216,0.11349048,0.47391072,-0.48754397,False,0.0
265563.473675751,0,0.014260173,0.019755064,0.04020238,0.120570935,0.44116616,-0.41672006,False,0.0
265563.493675751,0,0.023410887,0.020160988,0.03943795,0.12247335,0.41074795,-0.3452355,False,0.0
265563.513675751,20000000,0.022259295,0.03605361,0.051471293,0.10055533,0.35600108,-0.24995032,False,0.0
265563.533675751,0,0.038298428,0.02694882,0.055657983,0.06772804,0.3185089,-0.15350771,False,0.0
265563.553675751,0,0.061817586,-4.3444335e-05,0.058730543,0.053306438,0.30570096,-0.0773691,False,0.0
265563.573675751,20000000,0.062164664,-0.012971062,0.06858057,0.0431738,0.29431984,-0.010049999,False,0.0
265563.593675751,0,0.04304397,-0.0021054372,0.07098174,0.0011216216,0.23306184,0.06946514,False,0.0
265563.613675751,0,0.020801485,0.016126256,0.0700168,-0.07827918,0.14029022,0.16483079,False,0.0
265563.633675751,0,0.016397238,0.011289213,0.056456804,-0.15142208,0.044611946,0.24521652,False,0.0
265563.653675751,0,0.017810047,-0.0031217188,0.04360354,-0.19913048,-0.030004278,0.28501004,False,0.0
265563.693675751,0,0.030776978,-0.030290514,0.018425047,-0.20429565,-0.050609678,0.2521673,False,0.0
265563.713675751,20000000,0.019366741,-0.041384585,0.016051829,-0.18189159,-0.0516365,0.2227991,False,0.0
265563.733675751,0,0.007376969,-0.0501042,0.016235292,-0.16597234,-0.06305269,0.19031169,False,0.0
265563.753675751,0,-0.0012412071,-0.052635852,0.019938767,-0.16721006,-0.089985214,0.1443502,False,0.0
265563.773675751,0,-0.0026310086,-0.055333477,0.018864036,-0.19524023,-0.115461886,0.060044542,False,0.0
265563.793675751,0,-0.003924668,-0.053767167,0.0153157115,-0.25821412,-0.14288233,-0.05672861,False,0.0
265563.813675751,20000000,0.00061655045,-0.05235287,0.013494194,-0.33905613,-0.16315517,-0.21167025,False,0.0
265563.833675751,0,0.002326548,-0.053651456,0.011617839,-0.43035144,-0.17017938,-0.37816882,False,0.0
265563.853675751,0,-0.0036808848,-0.055021677,0.016214788,-0.49956006,-0.17861676,-0.52873033,False,0.0
265563.873675751,0,-0.001239568,-0.05783829,0.0152077675,-0.5325645,-0.18160054,-0.6429928,False,0.0
265563.893675751,0,0.0071485937,-0.06970429,0.010533333,-0.51641977,-0.15239963,-0.7456744,False,0.0
265563.913675751,20000000,0.003073275,-0.06866128,0.01425904,-0.4649764,-0.13658679,-0.81806064,False,0.0
265563.933675751,0,-0.0065212846,-0.05800322,0.017562568,-0.40306708,-0.14953358,-0.8549279,False,0.0
265563.953675751,20000000,-0.004618764,-0.047457315,0.0077660084,-0.34214982,-0.17869867,-0.85848415,False,0.0
265563.973675751,0,-0.004805386,-0.03456865,0.012359381,-0.23996073,-0.22544529,-0.79445165,False,0.0
265563.993675751,20000000,-0.004792452,-0.021605313,0.016872406,-0.13777162,-0.27219188,-0.73041916,False,0.0
265564.013675752,0,-0.0031200945,-0.0062248856,0.023485124,-0.05202491,-0.34997666,-0.6432661,False,0.0
265564.033675752,20000000,-0.001339227,0.009246305,0.030042171,0.033721805,-0.42776144,-0.556113,False,0.0
265564.053675752,0,0.007909745,0.023971833,0.029716969,0.074407645,-0.5023385,-0.4821661,False,0.0
265564.073675752,0,0.014535338,0.036074825,0.029898226,0.06600756,-0.5668848,-0.41433448,False,0.0
265564.093675752,0,0.014055222,0.039474487,0.028512895,0.024441797,-0.60352945,-0.35267204,False,0.0
265564.113675752,20000000,0.013332099,0.041601487,0.010459721,-0.038182836,-0.6110134,-0.29343086,False,0.0
265564.133675752,0,0.0023348331,0.03819929,0.0045385957,-0.12354967,-0.5967518,-0.25375098,False,0.0
265564.153675752,20000000,-0.011467397,0.02972956,0.0019156933,-0.23242813,-0.5982416,-0.20789939,False,0.0
265564.173675752,0,-0.017782569,0.011066541,0.0033709407,-0.35265267,-0.59742254,-0.18105558,False,0.0
265564.193675752,0,-0.012685776,-0.008294746,0.0048570633,-0.4728585,-0.5910088,-0.18173787,False,0.0
265564.213675752,20000000,-0.00594303,-0.026990205,0.006777823,-0.5804769,-0.57345635,-0.20243695,False,0.0
265564.233675752,0,0.0030076504,-0.04915174,0.0006700754,-0.6594976,-0.51238847,-0.25943017,False,0.0
265564.253675752,0,-0.0041774213,-0.05867417,0.0053799152,-0.69658184,-0.46479988,-0.32816237,False,0.0
265564.293675752,0,-0.009683013,-0.03864433,0.00088882446,-0.7134283,-0.40852442,-0.40391117,False,0.0
265564.313675752,20000000,-0.0058795214,-0.024905086,-0.0060284734,-0.70590645,-0.38841262,-0.43317252,False,0.0
265564.333675752,0,-0.005284369,-0.0035829842,-0.011058629,-0.68764496,-0.36872137,-0.41236973,False,0.0
265564.353675752,20000000,-0.0005289018,0.018661588,-0.028175771,-0.6626197,-0.3334489,-0.3405439,False,0.0
265564.373675752,0,0.0026301146,0.024897873,-0.03409207,-0.6195453,-0.27142638,-0.24978256,False,0.0
265564.393675752,20000000,0.00047889352,0.024760514,-0.032259583,-0.5521225,-0.20631778,-0.1685571,False,0.0
265564.413675752,0,0.004624665,0.019455135,-0.031069934,-0.4807202,-0.14851247,-0.11749838,False,0.0
265564.433675752,0,0.007360369,0.009080917,-0.025185227,-0.4038664,-0.090722784,-0.11898756,False,0.0
265564.453675752,20000000,-0.0016675293,0.008980006,-0.010494351,-0.32523093,-0.06805943,-0.12664618,False,0.0
265564.473675752,0,-0.008013189,0.010078579,-0.0027976632,-0.24957243,-0.07981779,-0.13156712,False,0.0
265564.493675752,0,-0.011541396,0.02421397,-0.0018319488,-0.1999433,-0.09882702,-0.12362236,False,0.0
265564.513675752,20000000,-0.003061682,0.039192915,-0.010540009,-0.19192603,-0.110982075,-0.11552227,False,0.0
265564.533675752,0,0.0014830828,0.044039726,-0.015437901,-0.20436206,-0.090506814,-0.10637603,False,0.0
265564.553675752,0,-0.0006071329,0.037948668,-0.014005899,-0.19600078,-0.07181103,-0.083104745,False,0.0
265564.573675752,0,0.008695662,0.01777348,-0.012206852,-0.1373516,-0.047052413,-0.070104845,False,0.0
265564.593675752,20000000,0.018000245,-0.0023993254,-0.010414541,-0.07870242,-0.022293797,-0.05710495,False,0.0
265564.613675752,40000000,0.027306616,-0.022569716,-0.008628786,-0.020053249,0.002464816,-0.044105053,False,0.0
265564.633675752,0,0.016514182,-0.0151976645,0.0111784935,-0.0035437495,-0.008631569,-0.051304907,False,0.0
265564.653675752,20000000,0.0054417253,-0.0050608814,0.022820354,-0.024314266,-0.057645794,-0.03121366,False,0.0
265564.673675752,0,0.007546395,-0.008268535,0.018542886,-0.068492234,-0.10434436,-0.005091736,False,0.0
265564.693675752,20000000,0.007996082,-0.01132834,0.0104388,-0.09623006,-0.13274768,0.013582187,False,0.0
265564.713675752,0,-0.0054281056,-0.0119225085,0.01021421,-0.110866435,-0.14894518,0.029207861,False,0.0
265564.733675752,0,-0.004540488,-0.0051386654,0.0045300126,-0.11384261,-0.15847568,0.039257057,False,0.0
265564.753675752,20000000,-0.0043308735,0.007930338,-0.0017308593,-0.14581439,-0.12910864,0.028842663,False,0.0
265564.77361175,0,0.0007643337,0.020137956,-0.007882413,-0.16600299,-0.09897202,0.021420006,False,0.0
265564.79361175,20000000,0.0012828559,0.021075666,-0.0152513385,-0.15406975,-0.07436847,0.055176567,False,0.0
265564.81361175,0,-0.0017481595,0.023008019,-0.018437445,-0.13723104,-0.055472728,0.10165894,False,0.0
265564.83361175,0,-0.00797914,0.027758807,-0.015953839,-0.12665312,-0.044655297,0.14560324,False,0.0
265564.85361175,0,-0.010979414,0.0337947,-0.014186919,-0.12919272,-0.03601069,0.18808387,False,0.0
265564.87361175,0,-0.010125846,0.03291756,-0.015328705,-0.11108927,-0.020269593,0.24936485,False,0.0
265564.89361175,20000000,-0.009277374,0.0320504,-0.01647234,-0.09298581,-0.0045284946,0.31064582,False,0.0
265564.91361175,0,0.0005374402,0.025100231,-0.018517256,-0.058087178,0.019258786,0.36467892,False,0.0
265564.93361175,0,0.012531072,0.014395058,-0.019120872,-0.021770567,0.052308626,0.3891438,False,0.0
265564.95361175,0,0.01991725,-0.0053669214,-0.015881062,0.020046607,0.0867642,0.38404548,False,0.0
265564.97361175,20000000,0.018838584,-0.023249745,-0.0036158562,0.07532734,0.099982254,0.36737096,False,0.0
265564.99361175,0,0.018164396,-0.036344975,0.0039248466,0.123091504,0.096145496,0.33667213,False,0.0
265565.01361175,20000000,0.016785592,-0.040683538,0.01095432,0.14223059,0.083233446,0.2954443,False,0.0
265565.03361175,0,0.009031594,-0.038051695,0.019643009,0.13705513,0.060265437,0.24189433,False,0.0
265565.05361175,0,-0.004896909,-0.0263924,0.026112318,0.098627105,0.020329483,0.1879724,False,0.0
265565.07361175,0,-0.0100673735,-0.01747039,0.024678886,0.039478872,-0.019729033,0.13271281,False,0.0
265565.09361175,0,-0.0076265633,-0.014138132,0.020277202,-0.013436988,-0.049502358,0.075751126,False,0.0
265565.11361175,0,-0.005544871,-0.0129035115,0.015367627,-0.044635523,-0.065032214,0.03853778,False,0.0
265565.13361175,20000000,-0.0057807565,-0.006784469,0.007701695,-0.0386964,-0.08215531,0.03564557,False,0.0
265565.15361175,0,-0.0070419908,0.0063522756,-0.0022351742,-0.025833711,-0.09660637,0.06217827,False,0.0
265565.17361175,20000000,-0.00499025,0.019455373,-0.008253038,-0.016801095,-0.11148349,0.10664183,False,0.0
265565.19361175,0,0.0053099096,0.010724664,-0.010891378,0.018002277,-0.08975683,0.13478255,False,0.0
265565.21361175,20000000,0.015613854,0.0019921064,-0.013531148,0.052805647,-0.06803016,0.16292328,False,0.0
265565.23361175,40000000,0.018643051,-0.0139552355,-0.008521736,0.102029614,-0.046022695,0.17931323,False,0.0
265565.25361175,0,0.012069374,-0.029009223,0.0007112026,0.13533688,-0.05789293,0.18006518,False,0.0
265565.27361175,20000000,0.016508788,-0.04467097,0.002454698,0.14080712,-0.086977154,0.14010093,False,0.0
265565.29361175,0,0.021244973,-0.059888154,0.001697123,0.13386922,-0.08917134,0.039237626,False,0.0
265565.31361175,0,-0.013094455,-0.060620427,0.022042394,0.11729877,-0.13589846,-0.049925096,False,0.0
265565.333611751,0,-0.04186824,-0.05093363,0.027082145,0.076179415,-0.22364663,-0.12642756,False,0.0
265565.353611751,0,-0.03963092,-0.04037577,0.01158911,-0.0012689456,-0.2749413,-0.22084953,False,0.0
265565.373611751,20000000,-0.022145435,-0.039248794,-0.0072413087,-0.08940148,-0.26184058,-0.34239924,False,0.0
265565.393611751,0,-0.0045557767,-0.044671476,-0.019090474,-0.13258609,-0.20636351,-0.45503736,False,0.0
265565.413611751,0,0.005776927,-0.044981748,-0.019310594,-0.1164798,-0.14441197,-0.5230095,False,0.0
265565.433611751,20000000,0.010234788,-0.03241697,-0.009414732,-0.07292496,-0.09575148,-0.5446858,False,0.0
265565.453611751,0,0.014962554,-0.009762794,0.001267314,-0.028667059,-0.07557303,-0.5202237,False,0.0
265565.473611751,0,0.005311042,0.0065644383,0.003959954,-0.022757245,-0.12162283,-0.40852666,False,0.0
265565.493611751,20000000,-0.0043269247,0.02292642,0.0066412687,-0.016847432,-0.16767263,-0.29682964,False,0.0
265565.513611751,40000000,-0.013951525,0.03932339,0.00931102,-0.010937618,-0.21372244,-0.18513262,False,0.0
265565.533611751,0,-0.00877583,0.022948205,-0.0061739683,-0.01942486,-0.22934705,-0.087039135,False,0.0
265565.553611751,20000000,-0.0035948455,0.006581217,-0.021682799,-0.027912103,-0.24497166,0.011054352,False,0.0
265565.573611751,0,-0.014118135,0.0028952956,-0.018569231,-0.049610864,-0.22225338,0.04443246,False,0.0
265565.593611751,20000000,-0.02560328,0.0038606226,-0.014325678,-0.09665141,-0.20655194,0.028544974,False,0.0
265565.613611751,0,-0.018601462,-0.0018182099,-0.02124983,-0.16765769,-0.17389597,-0.03662352,False,0.0
265565.633611751,0,-0.003856361,-0.025462449,-0.02748549,-0.19294119,-0.1145218,-0.128453,False,0.0
265565.653611751,0,0.0041251928,-0.048879325,-0.021951675,-0.14087446,-0.057283543,-0.2037793,False,0.0
265565.673611751,0,0.004120663,-0.041998357,-0.008515358,-0.052223943,-0.030117033,-0.24594142,False,0.0
265565.693611751,0,0.00088724494,-0.016520321,-0.0006608963,0.002535779,-0.015816666,-0.26252803,False,0.0
265565.713611751,0,-0.004560232,0.009584069,0.005664766,0.014575016,-0.04217585,-0.24928361,False,0.0
265565.733611751,20000000,-0.009401768,0.02032715,0.0031599402,0.012976733,-0.072083324,-0.20901313,False,0.0
265565.753611751,0,-0.003006488,0.0068672,-0.01423943,0.014934152,-0.10071542,-0.150248,False,0.0
265565.773611751,0,0.01430735,-0.025780737,-0.026329577,0.054083847,-0.08239424,-0.1339039,False,0.0
265565.793611751,0,0.0072558224,-0.03467065,-0.012814701,0.10515128,-0.054381013,-0.16094564,False,0.0
265565.813611751,20000000,-0.01967828,-0.018543094,0.011669159,0.12444451,-0.076302215,-0.2068116,False,0.0
265565.833611751,0,-0.04128345,-0.0007754564,0.022995114,0.092990175,-0.14005738,-0.2580317,False,0.0
265565.853611751,0,-0.02768436,-0.007217139,0.004538238,0.050821763,-0.19773483,-0.33018124,False,0.0
265565.873611751,0,-0.0022204667,-0.026358336,-0.02034396,0.04920542,-0.17758256,-0.4259746,False,0.0
265565.893611751,20000000,0.004811436,-0.029069722,-0.022584379,0.08756469,-0.11648064,-0.5093838,False,0.0
265565.913611751,0,-0.011970542,-0.0058133006,-0.0048532486,0.1289075,-0.09329463,-0.5209485,False,0.0
265565.933611751,20000000,-0.029580891,0.023977995,0.008037686,0.1406165,-0.1117604,-0.4811546,False,0.0
265565.953611751,0,-0.04008817,0.033122003,0.00471133,0.13260429,-0.15397759,-0.4107295,False,0.0
265565.973611751,0,-0.03011942,0.015060157,-0.013966858,0.114604786,-0.17668039,-0.35531956,False,0.0
265565.993611751,0,-0.0115509555,-0.0053378046,-0.022257328,0.11336795,-0.13252532,-0.37107742,False,0.0
265566.013611751,0,-0.01786983,0.0059839487,-0.008728266,0.09287608,-0.10448241,-0.3980511,False,0.0
265566.033611751,20000000,-0.015408017,0.02257225,-0.009593427,0.043406587,-0.07514457,-0.43346363,False,0.0
265566.053611751,0,-0.003870733,0.026265055,-0.012950301,-0.013340212,-0.04413944,-0.43093145,False,0.0
265566.073611751,20000000,0.0122106075,0.016723812,-0.014945269,-0.018720169,0.008760344,-0.41005638,False,0.0
265566.093611751,0,0.013819598,0.024104983,-0.012229979,0.008157665,0.039667886,-0.35174125,False,0.0
265566.113611751,20000000,0.015431598,0.0314973,-0.009512961,0.0350355,0.07057543,-0.2934261,False,0.0
265566.133611751,0,0.0061650947,0.042603254,0.0056195855,0.043441225,0.058199454,-0.21658306,False,0.0
265566.153611751,20000000,0.0035994574,0.040692598,0.007441163,0.0363858,0.038045917,-0.14382268,False,0.0
265566.173611751,0,-0.0057968646,0.038348556,0.0072360635,0.01327092,0.016289473,-0.09102109,False,0.0
265566.213611751,0,-0.0003931746,0.024081588,-0.005994618,-0.02800813,0.019307472,-0.028140318,False,0.0
265566.233611751,0,-0.00700669,0.018977344,-0.007885516,-0.019724809,0.03351938,0.020333037,False,0.0
265566.253611751,20000000,-0.008858837,0.013849735,-0.0067017674,0.00030415505,0.05804889,0.032469828,False,0.0
265566.273611751,0,-0.010046698,0.008938998,-0.0047706366,0.011702506,0.063889824,0.017288912,False,0.0
265566.293611751,0,-0.009547465,-0.0006964803,-0.007315755,0.031502638,0.05240996,-0.011403913,False,0.0
265566.313611751,0,-0.0008230731,-0.018514305,-0.015758157,0.07963913,0.0653318,-0.06713092,False,0.0
265566.333611751,0,0.0070312247,-0.040761113,-0.016743183,0.16072485,0.087144956,-0.12837529,False,0.0
265566.353611751,0,-0.016010523,-0.02118799,0.00046628714,0.24016742,0.098373525,-0.22034377,False,0.0
265566.373611751,20000000,-0.019582503,-0.0016057193,-0.0072193146,0.2734243,0.048399527,-0.24933587,False,0.0
265566.393611751,0,-0.0009159744,0.0033653677,-0.030565977,0.30571002,0.06674455,-0.24474896,False,0.0
265566.413611752,20000000,0.009900793,0.0063611865,-0.036934674,0.33188006,0.09506538,-0.21099266,False,0.0
265566.433611752,0,-0.008070938,0.03070587,-0.022321224,0.32701883,0.12111348,-0.17551652,False,0.0
265566.453611752,20000000,-0.003603153,0.025573462,-0.014900923,0.3158276,0.10451026,-0.1146139,False,0.0
265566.473611752,0,0.023497358,-0.00017485023,-0.018888652,0.32415494,0.14361736,-0.08054209,False,0.0
265566.493611752,0,0.020185798,0.0006290972,-0.0050669312,0.33314973,0.18873554,-0.06272523,False,0.0
265566.513611752,0,0.025264792,0.009800643,-0.008809388,0.30964112,0.1828021,-0.007851575,False,0.0
265566.533611752,20000000,0.034276724,0.006199032,-0.008663118,0.29201797,0.17875649,0.053115956,False,0.0
265566.553611752,0,0.04133475,0.0031389296,-0.009398222,0.30679494,0.186836,0.13189286,False,0.0
265566.573611752,0,0.024795108,0.013194025,-0.0015655756,0.32684323,0.18617356,0.23048547,False,0.0
265566.593611752,20000000,0.0063858256,0.017265022,0.0037737489,0.31607696,0.14830394,0.35152477,False,0.0
265566.613611752,0,0.007514581,-0.0013310611,-0.00038701296,0.2828661,0.1443238,0.4038766,False,0.0
265566.633611752,0,0.009549797,-0.016753823,0.004897237,0.24182954,0.16005187,0.3889672,False,0.0
265566.653611752,0,0.012186661,-0.020274073,0.0062292814,0.17714658,0.20257765,0.3141407,False,0.0
265566.673611752,0,0.009277642,-0.012639627,0.0032741427,0.12877713,0.19359013,0.28372115,False,0.0
265566.693611752,20000000,0.0063803047,-0.0049815476,0.0002990365,0.08040767,0.18460262,0.2533016,False,0.0
265566.713611752,40000000,0.0034947842,0.0027000904,-0.0026960373,0.032038216,0.17561512,0.22288205,False,0.0
265566.733611752,0,0.00398013,0.012253135,0.0025168657,0.029735975,0.19228663,0.22280446,False,0.0
265566.753611752,20000000,0.02115035,0.0067451596,-0.005722046,0.036732547,0.20603697,0.24374464,False,0.0
265566.773611752,0,0.030059427,-0.005633995,0.0013033152,0.054899678,0.22111793,0.26685473,False,0.0
265566.793611752,0,0.040080637,-0.010259613,-0.0071825385,0.04377477,0.20487735,0.32481793,False,0.0
265566.813611752,0,0.044844985,-0.02477862,-0.0021719933,0.021493817,0.21091054,0.37416568,False,0.0
265566.833611752,0,0.031798095,-0.026565537,0.01919359,-0.018446537,0.19703333,0.41856086,False,0.0
265566.853611752,20000000,0.0226264,-0.015829593,0.028091252,-0.10242459,0.16875233,0.43412507,False,0.0
265566.873611752,0,0.0037033558,-0.0047577024,0.038374126,-0.22456531,0.119785085,0.4158319,False,0.0
265566.893611752,0,-0.027445883,-0.0043843836,0.048903406,-0.36181843,0.049740627,0.40940434,False,0.0
265566.913611752,20000000,-0.05133602,-0.011300191,0.052814424,-0.4729003,-0.07283929,0.40973848,False,0.0
265566.933611752,0,-0.0406726,-0.03485836,0.028101444,-0.56067234,-0.1501649,0.37680832,False,0.0
265566.953611752,0,-0.01407294,-0.061512172,-0.003676653,-0.61028624,-0.13850626,0.29561877,False,0.0
265566.973611752,20000000,0.008082718,-0.07094456,-0.01895535,-0.61431324,-0.0669964,0.18948022,False,0.0
265566.993611752,0,0.0036768317,-0.06568673,-0.013403177,-0.5857798,-0.03288211,0.120534435,False,0.0
265567.013611752,20000000,-0.0007548481,-0.060388684,-0.007973969,-0.5572463,0.0012321807,0.051588655,False,0.0
265567.033611752,0,-0.01246421,-0.04312423,-0.00029480457,-0.5344777,-0.037034683,0.0076787435,False,0.0
265567.053611752,20000000,-0.020591334,-0.030691534,0.0084043145,-0.52012897,-0.09355906,-0.0031534936,False,0.0
265567.073611752,0,-0.008190483,-0.02315867,0.0009173751,-0.5043988,-0.102381065,-0.010424305,False,0.0
265567.093611752,0,-0.0069776773,-0.00969106,-0.0019219518,-0.47879755,-0.1280959,0.018962128,False,0.0
265567.113611752,0,-0.0043711066,-0.0037480593,-0.01218152,-0.45367426,-0.10695831,0.051245607,False,0.0
265567.133611752,0,-0.010448232,-0.0052010417,-0.009771764,-0.4140689,-0.11243976,0.06506657,False,0.0
265567.153611752,20000000,-0.013648286,-0.0048886538,-0.015131772,-0.37601978,-0.117806286,0.07823393,False,0.0
265567.173486125,0,0.0012411352,-0.0098423865,-0.026597776,-0.34633407,-0.08979807,0.04503556,False,0.0
265567.193486125,0,-0.008576065,-0.00071400404,-0.015848577,-0.30424818,-0.07519093,0.030313324,False,0.0
265567.213486125,0,-0.015509233,0.004884869,-0.011928499,-0.2698279,-0.07241758,0.02810871,False,0.0
265567.233486125,20000000,-0.019254282,0.0055428147,-0.0092176795,-0.24227305,-0.08492023,0.037854582,False,0.0
265567.253486125,0,-0.01661925,0.004378259,-0.012119055,-0.21745628,-0.07996488,0.042403445,False,0.0
265567.273486125,20000000,-0.009726986,0.006803274,-0.015356302,-0.1962907,-0.05357167,0.039071113,False,0.0
265567.293486125,0,-0.007821009,0.014481485,-0.014598966,-0.18702434,-0.029071614,0.04752878,False,0.0
265567.313486125,20000000,-0.010817215,0.024045706,-0.011499584,-0.1898369,-0.023046456,0.07038578,False,0.0
265567.333486125,0,-0.009559542,0.02777195,-0.011724114,-0.19072726,-0.011205304,0.08980977,False,0.0
265567.353486125,0,-0.0111114085,0.038660616,-0.013349175,-0.18671666,0.0028734226,0.12795195,False,0.0
265567.373486125,20000000,-0.009548068,0.04846245,-0.015472889,-0.15900631,0.011669383,0.18535113,False,0.0
265567.393486125,0,-0.0024123788,0.06215167,-0.026655018,-0.118375525,0.042731293,0.27241212,False,0.0
265567.413486125,20000000,-0.0050585717,0.08994654,-0.03913933,-0.07577622,0.09815897,0.4123728,False,0.0
265567.433486125,0,-0.008921772,0.11826441,-0.048796535,-0.032799985,0.17228317,0.64039695,False,0.0
265567.453486125,0,-0.009440795,0.13225818,-0.049793243,0.018606625,0.2517141,0.9333271,False,0.0
265567.473486125,20000000,-0.0073797703,0.13326421,-0.04510069,0.088565506,0.3421079,1.2339253,False,0.0
265567.493486125,0,-0.014613211,0.13126191,-0.036099553,0.15194951,0.40901995,1.5123072,False,0.0
265567.513486125,0,-0.025624916,0.12174314,-0.020524383,0.1942545,0.44655502,1.7504239,False,0.0
265567.533486125,20000000,-0.022027016,0.100530475,-0.010783851,0.2089091,0.45665964,1.9076115,False,0.0
265567.553486125,0,-0.015671939,0.059754252,0.002074778,0.19766605,0.4553606,1.9595202,False,0.0
265567.573486125,0,-0.022659212,0.02343601,0.026536226,0.18387237,0.41931117,1.8357037,False,0.0
265567.593486125,20000000,-0.029065847,-0.012135774,0.05076456,0.17007868,0.3832617,1.7118872,False,0.0
265567.613486125,40000000,-0.03149137,-0.033056527,0.059635103,0.1651982,0.313472,1.5364729,False,0.0
265567.633486125,0,-0.03310916,-0.044602513,0.06594765,0.18591802,0.21955985,1.371085,False,0.0
265567.653486125,0,-0.023400098,-0.053959027,0.054115295,0.22090672,0.13912028,1.2211584,False,0.0
265567.673486125,20000000,-0.019638747,-0.045586675,0.03872651,0.23813902,0.06946644,1.0915056,False,0.0
265567.693486125,0,-0.016680658,-0.047838256,0.030201137,0.24719903,0.053706415,0.9645137,False,0.0
265567.713486126,20000000,-0.013523251,-0.049994722,0.02161628,0.25625902,0.037946388,0.8375218,False,0.0
265567.733486125,40000000,-0.010164857,-0.052059963,0.012971401,0.26531902,0.022186363,0.7105298,False,0.0
265567.753486125,60000000,-0.003987223,-0.06910765,0.009564936,0.30210233,-0.0021443497,0.56863064,False,0.0
265567.773486126,0,0.0015085638,-0.114250585,0.016066372,0.38399458,-0.025208194,0.34857294,False,0.0
265567.793486126,0,0.0021688938,-0.1809543,0.031475782,0.5532099,-0.083733976,0.008282363,False,0.0
265567.813486126,20000000,-0.00014862418,-0.25109255,0.04255539,0.830451,-0.17412752,-0.4678006,False,0.0
265567.833486126,0,-0.02613756,-0.28461263,0.03993261,1.2045527,-0.2771552,-1.0339501,False,0.0
265567.853486126,20000000,-0.058578253,-0.24702163,0.026435971,1.5771935,-0.39116985,-1.5368042,False,0.0
265567.873486126,0,-0.06464407,-0.15714893,0.0015913248,1.7837236,-0.46265393,-1.7746054,False,0.0
265567.893486126,20000000,-0.0713647,-0.06637913,-0.024137914,1.9902537,-0.534138,-2.0124066,False,0.0
265567.913486126,40000000,-0.06134525,0.018562399,-0.04837787,2.045351,-0.558876,-2.0377243,False,0.0
265567.933486126,0,-0.04070726,0.08725088,-0.06282228,1.9904711,-0.53023547,-1.9218798,False,0.0
265567.953486126,0,-0.011188865,0.12764592,-0.068997264,1.8596411,-0.4580766,-1.7298467,False,0.0
265567.973486126,0,0.00615412,0.14905006,-0.06076759,1.6969135,-0.36704206,-1.4978757,False,0.0
265567.993486126,0,0.017258465,0.15572281,-0.045320988,1.5268977,-0.2746718,-1.2648454,False,0.0
265568.013486126,20000000,0.020458877,0.16053373,-0.028452456,1.3528732,-0.20718819,-1.0448278,False,0.0
265568.033486126,0,0.0066697,0.17682865,-0.018482983,1.1581472,-0.15392232,-0.82408553,False,0.0
265568.053486126,20000000,0.0023507476,0.1729165,-0.018306196,0.9461107,-0.13557084,-0.5839913,False,0.0
265568.073486126,0,0.006507069,0.14642851,-0.021772206,0.77092713,-0.09652074,-0.3730632,False,0.0
265568.093486126,0,-0.0075663626,0.120194376,-0.01641947,0.63908,-0.051003788,-0.17148252,False,0.0
265568.113486126,0,-0.022556394,0.09706251,-0.014353931,0.53377455,-0.023684114,0.035215184,False,0.0
265568.133486126,0,-0.03444895,0.080377795,-0.0079756975,0.43693092,-0.018348882,0.24701324,False,0.0
265568.153486126,20000000,-0.010422319,0.04394579,-0.022350073,0.35190699,0.01927664,0.40415686,False,0.0
265568.173486126,0,0.0010249615,0.021184519,-0.022816658,0.28776968,0.101874225,0.45193842,False,0.0
265568.193486126,20000000,0.012553066,-0.0015727058,-0.02333033,0.22363238,0.18447182,0.49971998,False,0.0
265568.213486126,40000000,0.008160442,0.0014913157,-0.018187582,0.14548934,0.22982718,0.5230842,False,0.0
265568.233486126,0,0.0070800483,0.011371896,-0.009918809,0.066419154,0.24233076,0.5545878,False,0.0
265568.253486126,0,0.0110786855,0.0152970925,3.6418438e-05,0.016267415,0.242714,0.6081005,False,0.0
265568.273486126,0,0.016474813,0.027735151,0.0017559528,-0.008929122,0.2614856,0.7081253,False,0.0
265568.293486126,0,0.008594841,0.055434115,0.00061005354,-0.044707946,0.29313695,0.8783618,False,0.0
265568.313486126,20000000,-0.004953593,0.08784057,-0.0007390976,-0.1205448,0.3018582,1.103159,False,0.0
265568.333486126,0,-0.009955972,0.116448894,-0.013315439,-0.2556051,0.32457417,1.3545811,False,0.0
265568.353486126,0,-0.008547872,0.13046166,-0.027173162,-0.4086934,0.36005148,1.6151549,False,0.0
265568.373486126,20000000,-0.0084706545,0.12537894,-0.03604734,-0.5396143,0.43084472,1.8588393,False,0.0
265568.393486126,0,-0.005253613,0.102860495,-0.040260434,-0.6443832,0.5041764,2.0517697,False,0.0
265568.413486126,20000000,0.0061881244,0.061262846,-0.040215015,-0.68473333,0.6076348,2.1165805,False,0.0
265568.433486126,0,0.007187754,0.0083102435,-0.014088452,-0.66246325,0.6859709,2.0874183,False,0.0
265568.453486126,0,-0.011840552,-0.026088834,0.022035956,-0.58754665,0.69209045,1.9734944,False,0.0
265568.473486126,20000000,-0.030053854,-0.057471484,0.0435732,-0.48505154,0.6069461,1.8047848,False,0.0
265568.493486126,0,-0.039880693,-0.08449249,0.053801596,-0.38629574,0.45973712,1.6256173,False,0.0
265568.513486126,20000000,-0.029880732,-0.108733594,0.048351884,-0.29327905,0.33187062,1.42484,False,0.0
265568.533486126,0,-0.015438229,-0.12800223,0.038190603,-0.21733972,0.2541795,1.2208681,False,0.0
265568.553486126,20000000,-0.0019487143,-0.13880876,0.031902075,-0.14993733,0.23000573,1.0154871,False,0.0
265568.573486126,0,-0.0010761321,-0.13935685,0.030994892,-0.08956357,0.1938805,0.8344521,False,0.0
265568.593486126,20000000,-0.01391229,-0.12569697,0.03308344,-0.043662213,0.13947457,0.69565076,False,0.0
265568.613486126,0,-0.027337909,-0.10167883,0.033183277,-0.023889005,0.054352142,0.61254233,False,0.0
265568.633486126,0,-0.03615728,-0.078987435,0.03213483,-0.021517294,-0.014851771,0.5628118,False,0.0
265568.653486126,20000000,-0.043202013,-0.06751445,0.0200786,-0.028661981,-0.066305,0.5219931,False,0.0
265568.673486126,0,-0.059200794,-0.05380796,0.007439196,-0.05124452,-0.115106985,0.5003654,False,0.0
265568.693486126,20000000,-0.056676596,-0.05461146,-0.0029513836,-0.06269845,-0.13034746,0.45857498,False,0.0
265568.713486126,0,-0.056792617,-0.057837978,-0.002452314,-0.058157742,-0.13017184,0.40266672,False,0.0
265568.733486126,0,-0.05551219,-0.062928975,-0.0045475364,-0.031022727,-0.11569167,0.33803764,False,0.0
265568.753486126,20000000,-0.04957378,-0.06826532,-0.013549864,-0.002299469,-0.08959914,0.30198136,False,0.0
265568.773486127,0,-0.040214777,-0.07564157,-0.016797245,0.028959785,-0.057742562,0.2772807,False,0.0
265568.793486127,20000000,-0.030842066,-0.0830297,-0.020048797,0.060219042,-0.025885984,0.25258,False,0.0
265568.813486126,40000000,-0.0175457,-0.09015523,-0.01612705,0.084510945,0.008559208,0.2188715,False,0.0
265568.833486127,0,-0.011444002,-0.08997151,-0.015395939,0.09741279,0.041205917,0.1784038,False,0.0
265568.853486127,20000000,-0.027792394,-0.074344635,-0.00064241886,0.08397864,0.027693832,0.16681467,False,0.0
265568.873486127,0,-0.03859067,-0.057616264,0.0035543442,0.059531234,-0.0025575124,0.18883418,False,0.0
265568.893486127,20000000,-0.03585455,-0.048788846,-0.005043268,0.020705618,-0.017457655,0.21877095,False,0.0
265568.913486127,0,-0.031267375,-0.045976147,-0.0040200353,-0.010684047,0.0011937134,0.23820199,False,0.0
265568.933486127,0,-0.03227195,-0.04419656,0.009906352,-0.02591202,0.010238304,0.26527,False,0.0
265568.953486127,20000000,-0.019396037,-0.060605034,0.017185092,-0.009731809,0.017409552,0.2777942,False,0.0
265568.973486127,0,-0.004482478,-0.07086624,0.021413267,0.035925105,0.043815464,0.25920975,False,0.0
265568.993486127,0,0.005038917,-0.07202634,0.019173563,0.07910599,0.071839854,0.23810238,False,0.0
265569.013486127,20000000,0.009105772,-0.06458861,0.019910336,0.10992243,0.08005217,0.20643875,False,0.0
265569.033486127,0,-0.0044879615,-0.042767927,0.031975627,0.11971018,0.04604027,0.1870681,False,0.0
265569.053486127,20000000,-3.84748e-05,-0.03829497,0.03205645,0.12550052,0.007187523,0.17671624,False,0.0
265569.073486127,0,-0.0043917,-0.035267502,0.035315156,0.13991804,-0.026969142,0.16549253,False,0.0
265569.093486127,0,0.002091378,-0.033258796,0.032687604,0.14520119,-0.03590468,0.15707467,False,0.0
265569.113486127,20000000,0.0085867345,-0.031257033,0.03004688,0.15048435,-0.044840217,0.14865683,False,0.0
265569.133486127,40000000,0.002153635,-0.018456042,0.03395635,0.14106192,-0.07543242,0.14976738,False,0.0
265569.153486127,0,0.0029858053,-0.0045921504,0.026845157,0.10225093,-0.09119027,0.15569417,False,0.0
265569.173486127,0,0.006398678,-4.929304e-05,0.022607088,0.06403114,-0.11157619,0.1755999,False,0.0
265569.193486127,20000000,0.014008552,-0.0031612217,0.015952766,0.029492948,-0.095156245,0.17378493,False,0.0
265569.213486127,0,0.011813641,0.0013905466,0.015696406,0.00037683174,-0.08746672,0.17939804,False,0.0
265569.233486127,0,0.009538472,0.0012672842,0.0153871775,-0.03486915,-0.07331352,0.17443947,False,0.0
265569.253486127,20000000,0.0065638423,0.00021234155,0.0017116666,-0.08083175,-0.08536212,0.1744257,False,0.0
265569.273486127,0,0.01573065,-0.004359126,-0.008132458,-0.12616846,-0.07287738,0.16237043,False,0.0
265569.293486127,0,0.015925378,-0.003225565,-0.007908225,-0.15307344,-0.038701978,0.12403297,False,0.0
265569.313486127,20000000,0.007897556,0.010996848,-0.006594658,-0.19330195,-0.020460498,0.090961084,False,0.0
265569.333486127,0,0.007814556,0.022085577,-0.012783408,-0.24575046,-0.014771257,0.055879317,False,0.0
265569.353486127,0,0.0031636357,0.035337627,-0.013227701,-0.29386616,-0.014540098,0.026934672,False,0.0
265569.373486127,0,0.0012739003,0.038743526,-0.010318041,-0.33774337,-0.02151271,-0.0032913573,False,0.0
265569.393486127,0,0.0013929904,0.044139206,-0.012847543,-0.378382,-0.012084601,-0.023673056,False,0.0
265569.413486127,20000000,0.0015163124,0.049520046,-0.015431225,-0.41902062,-0.0026564933,-0.044054754,False,0.0
265569.433486127,40000000,0.0022716224,0.05653663,-0.018467605,-0.4683066,0.0094152,-0.062251747,False,0.0
265569.453486127,0,-0.001386404,0.059399202,-0.00970149,-0.5044619,0.0028463677,-0.05277251,False,0.0
265569.473486127,0,0.00505504,0.050857425,-0.02251947,-0.5148631,0.020194529,-0.0466211,False,0.0
265569.493486127,20000000,0.017131656,0.04022421,-0.022442222,-0.5048045,0.053180426,-0.04242138,False,0.0
265569.513466625,0,0.0022154471,0.040762667,-0.006590494,-0.4939101,0.05416922,-0.03097333,False,0.0
265569.533466625,0,-0.0024692416,0.036823988,-0.005310774,-0.4460304,0.038192447,-0.028468087,False,0.0
265569.553466625,0,-0.008864135,0.03731802,-0.0008212924,-0.3973873,0.004281614,-0.03770255,False,0.0
265569.573466625,20000000,-0.006327957,0.033072755,-0.0035492182,-0.34983024,-0.022536002,-0.06877463,False,0.0
265569.593466625,0,-0.0019067228,0.029549852,-0.007558167,-0.30279088,-0.025746053,-0.115289435,False,0.0
265569.613466625,0,-0.00535056,0.03603646,-0.0075751543,-0.2664116,-0.030228257,-0.15892646,False,0.0
265569.633466625,20000000,-0.015012085,0.04973977,-0.0032091737,-0.25425214,-0.056035075,-0.18716581,False,0.0
265569.653466625,0,-0.019309253,0.06268217,-0.0038664937,-0.26998174,-0.0854841,-0.20194915,False,0.0
265569.673466625,0,-0.02365768,0.07727933,-0.0063984394,-0.31668103,-0.10488421,-0.20613277,False,0.0
265569.693466625,0,-0.02349335,0.08661349,-0.013221085,-0.38853616,-0.11908113,-0.19649611,False,0.0
265569.713466625,20000000,-0.018595934,0.08186109,-0.021152437,-0.4684161,-0.115359776,-0.17442454,False,0.0
265569.733466625,0,-0.022156745,0.07120699,-0.022839487,-0.5392514,-0.098111644,-0.14166929,False,0.0
265569.753466625,0,-0.025643528,0.05712032,-0.027527034,-0.6014465,-0.07890127,-0.092540875,False,0.0
265569.773466625,20000000,-0.019927293,0.032146975,-0.0340122,-0.6292199,-0.05414522,-0.048268847,False,0.0
265569.793466625,0,-0.008785844,0.008636087,-0.037795186,-0.6217882,-0.0042524263,-0.03365566,False,0.0
265569.813466625,20000000,-0.005217433,-0.006906431,-0.035475135,-0.5835948,0.052056547,-0.047878634,False,0.0
265569.833466625,0,-0.018097878,-0.0061736405,-0.025730133,-0.5370764,0.075797334,-0.07634382,False,0.0
265569.853466625,0,-0.025497109,-0.012843747,-0.019956172,-0.48346347,0.07693296,-0.11818543,False,0.0
265569.873466625,20000000,-0.027289182,-0.02595735,-0.016553521,-0.41260135,0.075578414,-0.18580619,False,0.0
265569.893466625,0,-0.033438623,-0.031393573,-0.009357154,-0.31984875,0.06682548,-0.25222582,False,0.0
265569.913466625,0,-0.038693488,-0.027464494,-0.006014347,-0.21955861,0.051517874,-0.31602377,False,0.0
265569.933466625,20000000,-0.05145043,-0.0061750766,-0.003217578,-0.1426117,0.02606165,-0.34999764,False,0.0
265569.953466625,0,-0.05416642,0.006449356,-0.007068038,-0.08739807,-0.00113561,-0.36060953,False,0.0
265569.973466625,20000000,-0.05030456,0.009605618,-0.0094486475,-0.05102453,-0.018021544,-0.3610152,False,0.0
265569.993466625,0,-0.042373776,0.008944789,-0.013363957,-0.036213797,-0.022666726,-0.34044394,False,0.0
265570.013466625,20000000,-0.03739752,0.0032485565,-0.0067495108,-0.028647736,-0.015283454,-0.30493417,False,0.0
265570.033466625,0,-0.03820464,0.003385522,-0.00521785,-0.04084846,-0.012644807,-0.25454542,False,0.0
265570.053466626,0,-0.039641947,0.007946605,-0.013662338,-0.08479378,-0.016002852,-0.18821838,False,0.0
265570.073466626,0,-0.0423965,0.012723945,-0.023778558,-0.14884704,-0.020774662,-0.118274584,False,0.0
265570.093466626,0,-0.03624572,0.008598816,-0.034321547,-0.21828997,-0.00061564334,-0.05871322,False,0.0
265570.113466626,20000000,-0.032087058,0.0038051344,-0.03605032,-0.28407538,0.034244858,-0.010176867,False,0.0
265570.133466626,0,-0.01776272,-0.008326333,-0.031119525,-0.33628076,0.09755377,0.020594353,False,0.0
265570.153466626,0,-0.010123879,-0.0034285188,-0.02562648,-0.40584257,0.16727316,0.040473342,False,0.0
265570.173466626,20000000,-0.008912176,0.019696556,-0.023843467,-0.5105827,0.2260477,0.05621037,False,0.0
265570.193466626,0,-0.0035600662,0.03373109,-0.025015712,-0.6189601,0.29094568,0.075488165,False,0.0
265570.213466626,0,0.0015016794,0.029589057,-0.018368065,-0.67301136,0.34493417,0.09560756,False,0.0
265570.233466626,0,-1.8268824e-05,0.025616601,-0.0061139464,-0.6694882,0.39221472,0.11739958,False,0.0
265570.253466626,0,-0.005717665,0.023062468,0.012328267,-0.62411845,0.396881,0.1604584,False,0.0
265570.273466626,20000000,-0.003244698,0.020853221,0.026051402,-0.56872207,0.3759748,0.1948239,False,0.0
265570.293466626,0,-0.0072859824,0.018780857,0.029708982,-0.5078161,0.33332098,0.20506847,False,0.0
265570.313466626,20000000,-0.011336535,0.01675842,0.033269405,-0.44691008,0.29066715,0.21531303,False,0.0
265570.333466626,40000000,-0.015395492,0.014786847,0.03673303,-0.38600406,0.24801333,0.2255576,False,0.0
265570.373466626,0,-0.0143736005,0.009004787,0.03742993,-0.2710883,0.14372733,0.25269902,False,0.0
265570.393466626,0,0.0040048957,0.009690389,0.023688853,-0.24077648,0.11853134,0.22449744,False,0.0
265570.413466626,0,0.013028204,0.008406714,0.015303671,-0.22611596,0.11059283,0.17669868,False,0.0
265570.433466626,20000000,0.013846964,0.0074332654,0.011287272,-0.21587618,0.08697612,0.13664083,False,0.0
265570.453466626,0,0.01084584,0.010458574,0.005142629,-0.21716411,0.05056653,0.11329219,False,0.0
265570.473466626,0,0.011233896,0.009714335,0.0018408895,-0.20456581,0.0105110295,0.114913866,False,0.0
265570.493466626,0,0.01747331,0.0032800138,-0.004758477,-0.16876289,-0.025745668,0.13019049,False,0.0
265570.513466626,0,0.026132524,-0.003988236,-0.011314213,-0.119561896,-0.029025465,0.13909137,False,0.0
265570.533466626,20000000,0.032301694,-0.0048691332,-0.016032875,-0.06890653,-0.022524128,0.13806005,False,0.0
265570.553466626,0,0.029052287,-0.0010249317,-0.01656264,-0.03370372,-0.015483864,0.14271247,False,0.0
265570.573466626,0,0.01752466,-0.003701061,-0.0073230863,-0.0014966577,-0.024157066,0.15786186,False,0.0
265570.593466626,0,0.01565069,-0.02239576,0.003555119,0.045417354,-0.037205804,0.18189825,False,0.0
265570.613466626,20000000,0.025661737,-0.05297301,0.013431728,0.11980812,-0.036433287,0.180786,False,0.0
265570.633466626,0,0.029983133,-0.065873645,0.019877851,0.1748094,-0.024799988,0.15311994,False,0.0
265570.653466626,0,0.025870025,-0.060812086,0.025384009,0.1875576,-0.03779696,0.123130396,False,0.0
265570.673466626,0,0.014880002,-0.050095625,0.028134286,0.16282177,-0.06820203,0.10317367,False,0.0
265570.693466626,0,0.0058407485,-0.040798232,0.022382438,0.110869154,-0.10569279,0.103170924,False,0.0
265570.713466626,20000000,-0.0022518933,-0.032076478,0.011900723,0.056916054,-0.1490238,0.11783214,False,0.0
265570.733466626,0,-0.008237451,-0.030028306,0.0013608932,0.013482641,-0.17846924,0.14402738,False,0.0
265570.753466626,0,-0.0065618157,-0.03893899,-0.009115756,-0.004972497,-0.18182687,0.15641387,False,0.0
265570.773466626,0,-0.0027443767,-0.049856327,-0.018283248,-0.0021393606,-0.16403507,0.14561005,False,0.0
265570.793466626,0,-0.00452888,-0.05535449,-0.015841365,0.015468164,-0.13793287,0.10920421,False,0.0
265570.813466626,20000000,-0.0012397766,-0.05537349,-0.017452061,0.016408194,-0.10399203,0.05713215,False,0.0
265570.833466626,0,0.01006946,-0.05881026,-0.017176569,0.01868202,-0.07076304,-0.011350546,False,0.0
265570.853466626,0,0.017964274,-0.0659166,-0.007831275,0.026651654,-0.031401426,-0.086460754,False,0.0
265570.873466626,20000000,0.023407042,-0.07064819,0.010807157,0.0414046,-0.014272118,-0.14597169,False,0.0
265570.893466626,0,0.028904766,-0.07799524,0.029631078,0.065429375,-0.031002121,-0.19232598,False,0.0
265570.913466626,20000000,0.032320887,-0.08026543,0.041945815,0.083409704,-0.063298844,-0.22785592,False,0.0
265570.933466626,0,0.035643876,-0.08222141,0.042481482,0.06588798,-0.11808191,-0.2544598,False,0.0
265570.953466626,0,0.029475361,-0.070499346,0.05146706,0.024472866,-0.1875521,-0.2680524,False,0.0
265570.973466626,0,0.020261735,-0.056796066,0.051856816,-0.02736342,-0.26646796,-0.24987519,False,0.0
265570.993466626,20000000,0.0120308995,-0.043666795,0.045559764,-0.07578467,-0.34814608,-0.18912378,False,0.0
265571.013466626,0,0.002215892,-0.033799082,0.037758887,-0.122755416,-0.41692483,-0.12822795,False,0.0
265571.033466626,0,-0.003036946,-0.014188416,0.021039546,-0.19176278,-0.46073496,-0.06460825,False,0.0
265571.053466626,20000000,-0.016866267,0.00057816505,0.0131652355,-0.2796224,-0.50634825,-0.014199391,False,0.0
265571.073466626,0,-0.013843775,-0.0009983033,-0.0021746755,-0.3495479,-0.49943176,0.01065282,False,0.0
265571.093466626,0,-0.01907441,-0.010297805,-0.0066055655,-0.36864245,-0.46348932,0.007852399,False,0.0
265571.113466626,20000000,-0.025119588,-0.011067435,-0.01380229,-0.36035812,-0.42254928,-0.0166701,False,0.0
265571.133466627,0,-0.031475514,-0.0068747103,-0.020267308,-0.34602904,-0.38112533,-0.052126627,False,0.0
265571.153466627,0,-0.04055381,-9.998679e-06,-0.022224963,-0.3284644,-0.35128036,-0.07665968,False,0.0
265571.173466627,20000000,-0.044158503,0.007143125,-0.026949406,-0.30951974,-0.3255895,-0.095139,False,0.0
265571.193466627,0,-0.041890875,0.020158306,-0.033548594,-0.30470476,-0.29043797,-0.12031026,False,0.0
265571.213466627,20000000,-0.041020706,0.028115943,-0.03688705,-0.2966792,-0.23712915,-0.14467186,False,0.0
265571.233466627,0,-0.036269814,0.03579101,-0.043252766,-0.28075114,-0.18773824,-0.15967827,False,0.0
265571.253466627,20000000,-0.028193966,0.03799209,-0.046348095,-0.26050228,-0.12517071,-0.16958252,False,0.0
265571.273466627,0,-0.02048412,0.034726158,-0.040913463,-0.23244642,-0.057375416,-0.17520824,False,0.0
265571.293466627,20000000,-0.010953009,0.0313932,-0.03284937,-0.19467796,0.0042215623,-0.1827824,False,0.0
265571.313466627,0,-0.010132879,0.031073123,-0.019035757,-0.15238298,0.05197199,-0.18076284,False,0.0
265571.333466627,0,-0.012415588,0.027686715,-0.0034997463,-0.117607504,0.061991155,-0.1559653,False,0.0
265571.353466627,20000000,-0.010494038,0.024468288,0.0005475879,-0.101366594,0.06901274,-0.13745093,False,0.0
265571.373466627,0,0.002095133,0.020990312,-0.00585258,-0.10057965,0.06986377,-0.121695824,False,0.0
265571.393466627,0,-0.00016874075,0.02247025,-0.0014627576,-0.098453894,0.069346815,-0.111572206,False,0.0
265571.413466627,0,-0.001503259,0.027877063,0.0047221184,-0.09509484,0.060975,-0.09264085,False,0.0
265571.433466627,0,-0.0006751865,0.02721645,0.0118685365,-0.09492452,0.04261036,-0.0792731,False,0.0
265571.453466627,0,0.0009405017,0.023546338,0.012855828,-0.09517546,0.028631132,-0.06596246,False,0.0
265571.473466627,20000000,0.0010027289,0.021796152,0.01185292,-0.08527584,0.013204998,-0.054546602,False,0.0
265571.493466627,0,-0.0011235774,0.018327892,0.006431997,-0.073167816,-0.00061921123,-0.031180713,False,0.0
265571.513466627,20000000,-0.003248781,0.014860332,0.001008749,-0.061059788,-0.014443421,-0.007814825,False,0.0
265571.533466627,0,-0.005976334,0.01645261,-0.0026534796,-0.047198407,-0.021745209,0.030349702,False,0.0
265571.553466627,0,-0.008911923,0.013695821,-0.0046177506,-0.045320045,-0.03810903,0.08039884,False,0.0
265571.573466627,0,-0.00083224475,0.0063077956,-0.012668848,-0.066929504,-0.020982036,0.091320746,False,0.0
265571.593466627,20000000,0.0072457045,-0.0010800809,-0.020721018,-0.08853897,-0.003855044,0.10224265,False,0.0
265571.613466627,0,0.0089484155,-0.006740704,-0.019367158,-0.09925999,0.0269499,0.08819021,False,0.0
265571.633466627,20000000,0.011020258,-0.009279788,-0.017574072,-0.09605629,0.0523827,0.09386379,False,0.0
265571.653466627,0,0.0077716857,-0.008383602,-0.011618972,-0.08493889,0.07772492,0.12040323,False,0.0
265571.673466627,20000000,0.0034252852,-0.006963223,-0.0015038252,-0.073618636,0.077861734,0.1591413,False,0.0
265571.693466627,0,-0.0024639666,-0.008367136,0.00050634146,-0.07607722,0.06685294,0.19472727,False,0.0
265571.713466627,20000000,-0.012212023,-0.0053764135,0.0042901635,-0.10168643,0.044604633,0.23630896,False,0.0
265571.733466627,0,-0.024491549,-0.0033519417,0.0072755814,-0.1251709,0.014723878,0.27666283,False,0.0
265571.753466627,0,-0.027359828,0.000246346,-0.0023068786,-0.15575738,-0.015986305,0.28935093,False,0.0
265571.773466627,20000000,-0.028989583,0.002336204,-0.013822019,-0.19244532,-0.017031744,0.2632722,False,0.0
265571.793466627,0,-0.029694498,-0.0016884208,-0.018121421,-0.19280602,-0.008557224,0.20997044,False,0.0
265571.813466627,20000000,-0.030411988,-0.005705327,-0.022432387,-0.19316672,-8.270424e-05,0.15666868,False,0.0
265571.833466627,0,-0.030954733,-0.0063692927,-0.02056694,-0.13352998,0.033024106,0.084607475,False,0.0
265571.853466627,20000000,-0.028603524,-0.0035904944,-0.016854227,-0.074013785,0.061800443,0.025698248,False,0.0
265571.873466627,0,-0.01575528,-0.002768308,-0.01139617,-0.020248324,0.077928334,-0.0359426,False,0.0
265571.8934245,0,0.002724967,-0.0045321924,-0.012645458,0.0070172036,0.11718148,-0.10549515,False,0.0
265571.9134245,0,0.007987499,-0.0015333295,0.0024760962,0.04497583,0.12951122,-0.13131931,False,0.0
265571.9334245,20000000,0.010249585,0.0041244924,0.017180145,0.06673117,0.11475366,-0.11506813,False,0.0
265571.9534245,0,0.020421714,0.0009506345,0.021888256,0.06792701,0.08912284,-0.07413376,False,0.0
265571.9734245,0,0.034272313,-0.010997638,0.023942053,0.05976926,0.07414898,-0.02586424,False,0.0
265571.9934245,0,0.03256935,-0.015904024,0.029695332,0.04100723,0.050764665,0.02796086,False,0.0
265572.0134245,0,0.021153241,-0.009899184,0.03226614,-0.00020034611,0.0034659766,0.09007762,False,0.0
265572.0734245,20000000,0.014002144,-0.0011608303,0.02574557,-0.072799996,-0.049522784,0.14198285,False,0.0
265572.0534245,0,0.00435254,0.0024909973,0.02275604,-0.14575219,-0.08455134,0.16690184,False,0.0
265572.0734245,0,-0.0032486022,-0.002831161,0.014709055,-0.1764245,-0.1182172,0.16614085,False,0.0
265572.0934245,20000000,-0.010860458,-0.008156925,0.006647706,-0.20709682,-0.15188307,0.16537987,False,0.0
265572.1134245,40000000,-0.01489675,-0.015923828,-0.005105436,-0.20355651,-0.15868191,0.14083143,False,0.0
265572.1334245,0,-0.023819238,-0.01805064,-0.011849105,-0.17275193,-0.15773688,0.102347076,False,0.0
265572.1534245,0,-0.032791704,-0.01553461,-0.019290864,-0.13616781,-0.15067759,0.058944628,False,0.0
265572.1734245,20000000,-0.032578155,-0.01427421,-0.02585113,-0.09745032,-0.13428713,0.0098022185,False,0.0
265572.1934245,0,-0.031347156,-0.012111247,-0.029205978,-0.05903549,-0.10836132,-0.04401064,False,0.0
265572.2134245,20000000,-0.031074196,-0.007084161,-0.03101796,-0.026196547,-0.07615567,-0.08437555,False,0.0
265572.2334245,0,-0.03721778,0.0063858926,-0.02619046,-0.0003065709,-0.049032453,-0.10206441,False,0.0
265572.2534245,0,-0.037872404,0.01780811,-0.026549757,0.00726231,-0.026369154,-0.10456165,False,0.0
265572.2734245,20000000,-0.03567919,0.024206787,-0.029062092,0.003591722,0.00071296096,-0.1045828,False,0.0
265572.2934245,0,-0.031263426,0.026388854,-0.03156519,-0.0029717803,0.041845772,-0.10677906,False,0.0
265572.3134245,20000000,-0.02340962,0.019408256,-0.028707623,0.0046868604,0.08664935,-0.11900547,False,0.0
265572.3334245,0,-0.012903199,0.009094387,-0.021345854,0.022597358,0.1367232,-0.15088843,False,0.0
265572.3534245,0,-0.0076600164,0.007112533,-0.00914824,0.050124988,0.17214255,-0.18618064,False,0.0
265572.3734245,20000000,-0.007328585,0.0052598715,0.0061925054,0.08160204,0.18073165,-0.20565066,False,0.0
265572.3934245,0,-0.0005442649,0.00508821,0.00966543,0.10304823,0.18040599,-0.21136029,False,0.0
265572.4134245,20000000,0.01315558,0.0022690594,0.0050901175,0.11315007,0.18003425,-0.20430164,False,0.0
265572.433424501,0,0.016658157,-0.001435101,0.005994618,0.10855962,0.17955725,-0.18355633,False,0.0
265572.453424501,20000000,0.01564753,-0.0038642883,0.009224653,0.09216034,0.15925969,-0.15024707,False,0.0
265572.473424501,0,0.0122437775,-0.0010134876,0.011171758,0.06752204,0.12716103,-0.12055628,False,0.0
265572.493424501,0,0.004517168,0.0022981167,0.014158189,0.03339468,0.08353157,-0.09141877,False,0.0
265572.513424501,20000000,-0.005485177,0.0059461594,0.016717136,-0.0026122183,0.033337507,-0.0645231,False,0.0
265572.533424501,0,-0.008849382,0.0084763765,0.010989189,-0.025444005,-0.005744789,-0.043634064,False,0.0
265572.553424501,0,-0.009257361,0.008363247,0.0038930774,-0.03719782,-0.03255468,-0.03545094,False,0.0
265572.573424501,20000000,-0.002717942,0.0039506257,-0.0039796233,-0.033340354,-0.028778683,-0.046999834,False,0.0
265572.593424501,0,-0.0013296604,-0.0004452467,-0.004448533,-0.00675516,-0.017520487,-0.064105555,False,0.0
265572.613424501,0,-0.0026151836,-0.0007826686,-0.0016928911,0.028294148,-0.015728956,-0.08056064,False,0.0
265572.633424501,20000000,0.0029565096,-0.00078979135,-0.0033714175,0.058351956,-0.012422523,-0.09418794,False,0.0
265572.653424501,0,0.006650269,3.6418438e-05,-0.0034612417,0.082909524,-0.00040692277,-0.09254165,False,0.0
265572.673424501,20000000,0.009221405,-0.00042891502,-0.00035357475,0.09738343,0.0020456167,-0.07174857,False,0.0
265572.693424501,0,0.01225701,-0.004799396,0.0030993223,0.10341686,-0.0041047363,-0.034313634,False,0.0
265572.713424501,20000000,0.019509703,-0.011646122,0.003538847,0.09696196,-0.009810483,0.0040128455,False,0.0
265572.733424501,0,0.022021621,-0.01601398,0.0062975287,0.0763488,-0.0060714483,0.039976638,False,0.0
265572.753424501,20000000,0.022170901,-0.021464199,0.008723557,0.05207271,-0.012605075,0.07343396,False,0.0
265572.773424501,0,0.01824084,-0.020915464,0.011936784,0.020984335,-0.025888652,0.10951726,False,0.0
265572.793424501,0,0.016190708,-0.019172743,0.011721611,-0.015062047,-0.03833523,0.13658147,False,0.0
265572.813424501,20000000,0.009160429,-0.01551652,0.012271404,-0.053413354,-0.052129865,0.1514667,False,0.0
265572.833424501,0,0.0030038059,-0.018426508,0.013034642,-0.08336216,-0.07134984,0.15108642,False,0.0
265572.853424501,0,-0.00281699,-0.02101408,0.011552334,-0.08792994,-0.092915416,0.12242643,False,0.0
265572.873424501,20000000,-0.008640736,-0.023604289,0.010066092,-0.09249773,-0.114481,0.093766436,False,0.0
265572.893424501,0,-0.015686154,-0.022466421,0.007328391,-0.0852586,-0.13095132,0.05296307,False,0.0
265572.913424501,20000000,-0.022191688,-0.017014116,0.000111579895,-0.07050262,-0.15772985,0.012304399,False,0.0
265572.933424501,0,-0.020538196,-0.010751009,-0.01378262,-0.056025553,-0.16392785,-0.025495417,False,0.0
265572.953424501,0,-0.016982436,-0.0075956285,-0.026501,-0.034490835,-0.13586769,-0.05977716,False,0.0
265572.973424501,0,-0.018871576,-0.00028073788,-0.027235389,-0.007481724,-0.09868947,-0.08908661,False,0.0
265572.993424501,20000000,-0.020759016,0.007038176,-0.02797395,0.019527387,-0.061511256,-0.11839605,False,0.0
265573.013424501,40000000,-0.02393128,0.012338966,-0.024166286,0.04592826,-0.041754242,-0.13463102,False,0.0
265573.033424501,0,-0.021684453,0.013053387,-0.020434737,0.07293374,-0.015899274,-0.15137035,False,0.0
265573.053424501,0,-0.018030763,0.008951515,-0.016178012,0.10159643,0.005783271,-0.15661278,False,0.0
265573.073424501,20000000,-0.0181752,0.0051009357,-0.007360518,0.12907529,0.025653107,-0.164682,False,0.0
265573.093424501,0,-0.01640752,0.0027129948,-0.00078988075,0.14788811,0.027136,-0.1600194,False,0.0
265573.113424501,20000000,-0.012554631,-0.002611488,0.006360173,0.15303631,0.028968442,-0.15776487,False,0.0
265573.133424501,0,-0.009911001,-0.004814625,0.007986426,0.1399215,0.019688852,-0.1559591,False,0.0
265573.153424501,0,-0.008562684,-0.0047023892,0.011410058,0.11749823,0.003871804,-0.14893688,False,0.0
265573.173424501,20000000,-0.0068393946,-0.0035975873,0.0112089515,0.095489725,-0.0042299544,-0.14114042,False,0.0
265573.193424501,0,-0.00820677,0.0029176474,0.009095848,0.06647192,-0.018532157,-0.12506944,False,0.0
265573.213424501,0,-0.00574483,0.012582868,0.0021877289,0.022793896,-0.024590056,-0.10684846,False,0.0
265573.233424501,0,-0.006333798,0.019058168,-0.0022725463,-0.016223378,-0.029123198,-0.08452598,False,0.0
265573.253424501,0,-0.0025097877,0.015604287,-0.0076538324,-0.03837047,-0.023003962,-0.05416017,False,0.0
265573.273424501,20000000,0.005814001,0.004976243,-0.00966084,-0.03850066,-0.0058682,-0.035937794,False,0.0
265573.293424501,0,0.007773623,-0.00058573484,-0.0077239275,-0.030803338,0.009015118,-0.021906067,False,0.0
265573.313424501,20000000,0.010399848,-0.0013330877,-0.004387796,-0.017178897,0.01163161,-0.017988073,False,0.0
265573.333424501,0,0.013068095,0.0020015836,-0.0033140182,-0.01384143,0.0062900833,-0.016647799,False,0.0
265573.353424501,20000000,0.01634103,0.0068412423,-0.0013002753,-0.010990828,-0.0032285214,-0.016588647,False,0.0
265573.373424501,0,0.014337629,0.011806607,0.0011777878,-0.010278097,-0.009033267,-0.013371975,False,0.0
265573.393424501,0,0.005819738,0.019555092,0.0028750896,-0.010788167,-0.031745907,0.0130438795,False,0.0
265573.413424501,20000000,-0.0011366904,0.02587983,0.0029202104,-0.008576881,-0.055852845,0.052341174,False,0.0
265573.433424501,0,-0.005562544,0.027873933,0.0051125884,0.00026985817,-0.07581845,0.08751066,False,0.0
265573.453424501,0,0.00053556263,0.022726238,-0.00231421,0.01697831,-0.07822,0.09977695,False,0.0
265573.473424501,0,0.005832225,0.011970907,-0.007892966,0.03916951,-0.06732483,0.1029882,False,0.0
265573.493424502,0,0.0071687847,-0.0006336868,-0.005626142,0.07939032,-0.037641533,0.09191651,False,0.0
265573.513424502,20000000,-0.0011892319,-0.0041694045,0.0031926036,0.12129839,-0.038814645,0.0987842,False,0.0
265573.533424502,0,-0.009177327,-0.008606225,0.009934545,0.15371984,-0.05547271,0.11538794,False,0.0
265573.553424502,0,-0.014349237,-0.01192376,0.012214959,0.16254762,-0.084476896,0.12936053,False,0.0
265573.573424502,20000000,-0.008282334,-0.015671328,0.0069592,0.15072806,-0.10576655,0.147457,False,0.0
265573.593424502,0,-0.0014968961,-0.022293791,0.0008857846,0.12682836,-0.10236714,0.14897676,False,0.0
265573.613424502,0,-0.009487644,-0.009157777,-0.002645433,0.08582033,-0.09086711,0.16855755,False,0.0
265573.633424502,0,-0.01389119,0.007815927,-0.008395851,0.02457947,-0.09858629,0.21833572,False,0.0
265573.653424502,20000000,-0.0031778514,0.0057834685,-0.015890181,-0.03348756,-0.074744195,0.24178341,False,0.0
265573.673424502,0,0.015861675,-0.007816017,-0.029316664,-0.07129954,-0.004024394,0.21357735,False,0.0
265573.693424502,20000000,0.010806456,-0.016993627,-0.017252862,-0.07116246,0.042818762,0.18717417,False,0.0
265573.713424502,0,-0.007326558,-0.019590095,0.0046574473,-0.037879337,0.043225434,0.17848071,False,0.0
265573.733424502,0,-0.016833052,-0.016873702,0.015717864,-0.010370567,0.0017039925,0.1810238,False,0.0
265573.753424502,20000000,-0.01315625,-0.01637733,0.01109755,0.0029478287,-0.035014156,0.1565743,False,0.0
265573.773424502,0,-0.011569858,-0.01659809,0.009273648,-0.003740237,-0.05295857,0.11197303,False,0.0
265573.793424502,0,-0.012743324,-0.016758367,0.0069919825,-0.0030414283,-0.072422355,0.07152735,False,0.0
265573.813424502,0,-0.009990752,-0.02082178,0.001974821,0.004076166,-0.07060165,0.023284968,False,0.0
265573.833424502,0,-0.012452185,-0.01927428,0.0017977357,0.02469834,-0.082923,-0.019920044,False,0.0
265573.853424502,20000000,-0.013696805,-0.015019834,-0.00094783306,0.045557402,-0.09566079,-0.047198832,False,0.0
265573.873424502,0,-0.009489,-0.0077182353,-0.008821547,0.05303928,-0.100252256,-0.06125408,False,0.0
265573.893424502,0,-0.010925934,-0.0025054663,-0.009925306,0.042239234,-0.092069946,-0.05864209,False,0.0
265573.913424502,20000000,-0.012362435,0.002710238,-0.011033356,0.031439185,-0.08388764,-0.0560301,False,0.0
265573.933424502,0,-0.016029373,0.008383945,-0.01318872,0.023682196,-0.0717974,-0.028981965,False,0.0
265573.953424502,0,-0.014933184,0.008573547,-0.01813823,0.010524858,-0.052105535,-0.0049294345,False,0.0
265573.973424502,0,-0.01753293,0.0056097656,-0.014003038,-0.0042258855,-0.023380868,0.018205531,False,0.0
265573.993424502,20000000,-0.016484976,0.0028804094,-0.015105188,-0.02490458,0.0031045768,0.035495013,False,0.0
265574.013424502,0,-0.006681815,3.029406e-05,-0.021823108,-0.05544488,0.04031132,0.050174765,False,0.0
265574.033424502,0,-0.0006453693,-0.0059265196,-0.018859029,-0.082223654,0.11553078,0.041813135,False,0.0
265574.053424502,20000000,-0.0069034547,-0.004880488,-0.0036639571,-0.082597226,0.11894014,0.03383625,False,0.0
265574.073424502,0,-0.011847377,0.0020626038,0.003041029,-0.07883736,0.09370682,0.04020822,False,0.0
265574.093424502,0,-0.00711976,-0.0038688928,0.006609142,-0.05757375,0.05359012,0.036688793,False,0.0
265574.113424502,20000000,-0.004595354,-0.0056868196,0.0026609302,-0.05593528,0.038495168,0.022635445,False,0.0
265574.133424502,0,-0.011296377,-0.0035161525,0.006553173,-0.03470488,0.00019475073,0.02158991,False,0.0
265574.153424502,20000000,-0.00991559,0.0029805452,-0.0026376247,-0.033591527,-0.01854017,0.03571688,False,0.0
265574.173424502,0,-0.010478064,0.00087052584,-0.0036873221,-0.025301598,-0.009070191,0.03487098,False,0.0
265574.233424502,0,-0.004062563,-0.009501994,-0.0077944994,0.007917105,0.0017411849,0.016791636,False,0.0
265574.253424502,0,-0.005223274,-0.010620713,-0.002402544,0.03344784,0.00044688082,-0.00035923906,False,0.0
265574.273374167,0,-0.0057073897,-0.00901183,-0.0025249813,0.05206992,0.00011464534,-0.011596289,False,0.0
265574.293374167,0,-0.004327491,-0.004701048,-0.0021750927,0.048707083,0.0019723736,-0.0129107125,False,0.0
265574.313374167,0,-0.0008622855,-0.003482312,-0.0015281439,0.04068411,0.0072238366,-0.011213984,False,0.0
265574.333374167,0,0.002144128,-0.0033091754,-0.00027686357,0.030211715,0.019388111,-0.0033107325,False,0.0
265574.353374167,0,0.00069089234,-0.0033608973,0.0016826987,0.02177921,0.022003563,0.013117647,False,0.0
265574.373374167,20000000,0.0023216158,-0.0041692406,0.0030447245,0.0107038375,0.020361613,0.031034779,False,0.0
265574.393374167,0,0.008014962,-0.005445406,0.0016243458,-0.004327872,0.020505477,0.047644384,False,0.0
265574.413374167,0,0.009072378,-0.004366055,0.0016698241,-0.021227878,0.025266452,0.06416069,False,0.0
265574.433374167,20000000,0.010367438,-0.00448294,0.0022075176,-0.038972877,0.020913076,0.08338948,False,0.0
265574.453374167,0,0.009908006,-0.0026588887,0.0029366612,-0.060356364,0.020798793,0.1015505,False,0.0
265574.473374167,0,0.0071961284,-0.0012300014,0.005143523,-0.07312037,0.010195037,0.12185107,False,0.0
265574.493374167,20000000,0.004481986,0.0002014488,0.0073488355,-0.08588438,-0.00040872023,0.14215165,False,0.0
265574.513374167,0,0.0020534694,-0.0002706051,0.0031032562,-0.09684561,-0.009988801,0.15868066,False,0.0
265574.533374167,0,0.0008828491,-9.290874e-05,-0.00450176,-0.10821722,-0.022522386,0.17412712,False,0.0
265574.553374167,0,0.0027334243,-0.005855456,-0.010781348,-0.11109277,-0.0059412345,0.17170624,False,0.0
265574.573374167,20000000,-0.0026358217,-0.006870836,-0.009893417,-0.103218555,0.005783136,0.16354454,False,0.0
265574.593374167,0,-0.009875923,-0.0065517277,-0.006481409,-0.09009438,0.008107684,0.15080555,False,0.0
265574.613374167,20000000,-0.012400508,-0.0066788495,-0.007026434,-0.07892349,0.011441901,0.1327061,False,0.0
265574.633374167,0,-0.012273163,-0.0059830993,-0.006737292,-0.067529604,0.021196686,0.11046641,False,0.0
265574.653374167,0,-0.015741557,-0.00051632524,-0.005876422,-0.05837687,0.029935665,0.09225319,False,0.0
265574.673374167,20000000,-0.02131842,0.008901864,-0.008742511,-0.05572077,0.032031618,0.08916763,False,0.0
265574.693374167,0,-0.020444721,0.016055256,-0.01428622,-0.05729724,0.04995071,0.08341157,False,0.0
265574.713374167,0,-0.021549657,0.02340886,-0.016837776,-0.057964284,0.05480333,0.08098146,False,0.0
265574.733374167,0,-0.019529,0.029514521,-0.020457685,-0.05362648,0.0546315,0.0752776,False,0.0
265574.753374167,0,-0.0042507946,0.02622518,-0.026185215,-0.037698083,0.08721259,0.054555926,False,0.0
265574.773374167,0,-0.00569053,0.027462602,-0.011452556,-0.0043057576,0.104231425,0.031020226,False,0.0
265574.793374167,20000000,-0.007128909,0.028701067,0.0032746196,0.029086564,0.12125026,0.0074845254,False,0.0
265574.813374167,40000000,-0.014056817,0.034213156,0.018414855,0.0603684,0.09686007,0.017073575,False,0.0
265574.833374167,0,-0.009666577,0.030018091,0.024121583,0.0914022,0.063038796,0.033819452,False,0.0
265574.853374167,0,0.003996119,0.019714564,0.021252692,0.12135496,0.044498138,0.048602343,False,0.0
265574.873374167,20000000,0.017116725,0.0040999353,0.01887536,0.14493668,0.041275464,0.05798533,False,0.0
265574.893374167,0,0.02782248,-0.016445115,0.017313004,0.16277313,0.04317969,0.06544854,False,0.0
265574.913374167,20000000,0.030093715,-0.034552842,0.022424877,0.1684423,0.042111196,0.06923668,False,0.0
265574.933374167,0,0.018685818,-0.045724154,0.03343427,0.15735093,0.0013099462,0.07810019,False,0.0
265574.953374167,0,0.0059171617,-0.045641154,0.03701353,0.12173192,-0.05994967,0.08418026,False,0.0
265574.973374167,20000000,-0.011857659,-0.034618974,0.03605151,0.062553376,-0.13485715,0.08484549,False,0.0
265574.993374167,0,-0.028755382,-0.024283677,0.030605137,-0.008925617,-0.21469632,0.08447643,False,0.0
265575.013374167,0,-0.03314452,-0.016972676,0.008298159,-0.083508514,-0.26791203,0.06266186,False,0.0
265575.033374167,20000000,-0.030075759,-0.017319173,-0.014079213,-0.14061844,-0.28598613,0.012812242,False,0.0
265575.053374167,0,-0.022807077,-0.025550231,-0.037753165,-0.14919943,-0.24849401,-0.05683519,False,0.0
265575.073374167,20000000,-0.019428015,-0.028582826,-0.04936081,-0.11097227,-0.17893289,-0.11995963,False,0.0
265575.093374167,0,-0.021199524,-0.021283895,-0.048579216,-0.0480368,-0.109730355,-0.16621026,False,0.0
265575.113374167,20000000,-0.017050982,-0.008070514,-0.04166794,0.0060413815,-0.04766344,-0.2056561,False,0.0
265575.133374167,0,-0.01259017,0.0024124235,-0.030231059,0.04347841,-0.002755195,-0.23087063,False,0.0
265575.153374168,20000000,-0.01147607,0.011182919,-0.016641617,0.07313801,0.019631358,-0.22923535,False,0.0
265575.173374168,0,-0.0054164976,0.015402928,-0.008814812,0.0909537,0.032478552,-0.20454583,False,0.0
265575.193374168,0,-0.001123935,0.01998356,-0.003911853,0.091893256,0.040263347,-0.1622648,False,0.0
265575.213374168,20000000,0.0019986033,0.022599265,-0.0014182329,0.07471896,0.043588042,-0.10349342,False,0.0
265575.233374168,0,0.00083501637,0.020260379,0.0067799687,0.056103833,0.039708514,-0.03551562,False,0.0
265575.253374168,0,0.001733765,0.011608064,0.0060487986,0.034202456,0.03584417,0.026602797,False,0.0
265575.273374168,20000000,0.0038183182,0.0050394684,0.0044412017,0.0045324694,0.023108868,0.08418078,False,0.0
265575.293374168,0,0.0055033267,-0.006490305,0.0039978623,-0.024889775,0.028262645,0.11634201,False,0.0
265575.313374168,0,0.0019081533,-0.014425635,0.005611658,-0.05213923,0.024475107,0.12764415,False,0.0
265575.333374168,20000000,-0.0016942918,-0.020277753,0.005991876,-0.07628523,0.012895641,0.12466013,False,0.0
265575.353374168,0,-0.0032173246,-0.027007043,0.006324291,-0.09698372,-0.006050908,0.10981932,False,0.0
265575.373374168,0,-0.0046227425,-0.032893047,0.00466609,-0.10956395,-0.018586107,0.08402938,False,0.0
265575.393374168,0,-0.005964637,-0.03420438,0.0025435686,-0.117174275,-0.033318732,0.049383342,False,0.0
265575.413374168,20000000,-0.008012801,-0.030305102,-0.0004940629,-0.12277954,-0.043174405,0.013196833,False,0.0
265575.433374168,0,-0.008396864,-0.024252951,-0.0063474774,-0.12620242,-0.044128586,-0.018117644,False,0.0
265575.453374168,0,-0.009303927,-0.01757373,-0.011017263,-0.122794315,-0.044023342,-0.04670757,False,0.0
265575.473374168,20000000,-0.007780656,-0.013494164,-0.015674531,-0.11587914,-0.032283448,-0.06727186,False,0.0
265575.493374168,0,-0.005725682,-0.009719491,-0.013355017,-0.10155773,-0.015731154,-0.08701851,False,0.0
265575.513374168,20000000,8.460879e-05,-0.0077270567,-0.012311101,-0.084644884,0.002392592,-0.09891423,False,0.0
265575.533374168,0,0.0010363162,-0.00429824,-0.0051288605,-0.06782433,0.016405957,-0.103367366,False,0.0
265575.553374168,0,-0.0011043698,0.0015931726,0.0042175055,-0.05906567,0.023768174,-0.0853257,False,0.0
265575.573374168,0,0.0005393177,0.006201118,0.0030941367,-0.06420958,0.009721638,-0.048263773,False,0.0
265575.593374168,0,0.006780714,0.0057528913,-0.0049835443,-0.084004804,0.0022665858,-0.0034751482,False,0.0
265575.613374168,20000000,0.014638931,0.0021263957,-0.010786474,-0.10423466,0.030922318,0.026185352,False,0.0
265575.633374168,0,0.008428603,0.0008275807,-0.005084038,-0.12777302,0.04444942,0.06074383,False,0.0
265575.653374168,0,0.0027864873,0.0006583035,0.0019547343,-0.14942697,0.02984988,0.076799914,False,0.0
265575.673374168,20000000,0.0017079115,-0.0011411011,0.0057228804,-0.1633978,0.0053496063,0.07749646,False,0.0
265575.693374168,0,-0.00072294474,-0.0020000935,0.0055307746,-0.15608731,-0.0015250086,0.06352204,False,0.0
265575.713374168,0,-0.007153839,0.0007018447,0.005448997,-0.1358888,-0.01683004,0.049891233,False,0.0
265575.733374168,0,-0.0036096275,0.00021281838,-0.0022416115,-0.11702775,-0.026601149,0.02913703,False,0.0
265575.753374168,20000000,0.0025183707,-5.0127506e-05,-0.008174777,-0.09462287,-0.019211836,-0.0039693713,False,0.0
265575.773374168,0,0.004070267,-0.0027300715,-0.005131185,-0.06438142,-0.013485651,-0.031055395,False,0.0
265575.793374168,20000000,0.0040450543,0.00041913986,-0.0030246973,-0.03106732,0.0032280367,-0.066120245,False,0.0
265575.813374168,0,0.0031530708,0.0031654239,0.0019515753,-0.0003633555,-0.0070399754,-0.07869375,False,0.0
265575.833374168,0,0.0028290302,0.007713288,0.006714523,0.025830945,-0.013623907,-0.07698575,False,0.0
265575.853374168,20000000,0.0031173527,0.008755386,0.010098457,0.056381784,-0.03092765,-0.054291368,False,0.0
265575.873374168,0,0.0058068037,0.004852593,0.010507345,0.08344644,-0.028604016,-0.029050335,False,0.0
265575.893374168,0,0.014542982,-0.0048766434,0.006446779,0.09716984,-0.023761064,-0.009197479,False,0.0
265575.913374168,20000000,0.019955873,-0.0144506395,0.004724145,0.095694005,-0.013198981,-0.004516764,False,0.0
265575.933374168,0,0.0077172965,-0.014464498,0.012876511,0.08882246,-0.018599655,0.009967906,False,0.0
265575.953374168,20000000,-0.02013649,-0.010647267,0.026978135,0.07285706,-0.07141611,0.0440097,False,0.0
265575.973374168,0,-0.038251773,-0.0018760562,0.024179459,0.040627833,-0.1566973,0.07608615,False,0.0
265575.993374168,0,-0.039210394,-0.0005425513,0.0030519366,-0.0022417195,-0.18458524,0.058348287,False,0.0
265576.013374168,20000000,-0.04016544,0.00078624487,-0.018089473,-0.04511127,-0.2124732,0.040610425,False,0.0
265576.033374168,40000000,-0.033890605,-0.007430941,-0.03838384,-0.060300346,-0.19318175,-0.014234107,False,0.0
265576.053374168,0,-0.02862963,-0.012775928,-0.04851079,-0.04059814,-0.13388205,-0.08077142,False,0.0
265576.073374168,0,-0.028365567,-0.01183629,-0.0468387,-0.0025202855,-0.060583033,-0.13481526,False,0.0
265576.093374168,20000000,-0.03660713,-5.891919e-05,-0.029658616,0.03496514,-0.008997012,-0.14948414,False,0.0
265576.113374168,0,-0.03265573,0.010445178,-0.027653098,0.052102797,0.040274978,-0.14359048,False,0.0
265576.133374168,20000000,-0.021300688,0.013632655,-0.02686119,0.044752367,0.07203831,-0.12685676,False,0.0
265576.153374168,0,-0.014152899,0.013093591,-0.018357873,0.029318444,0.1173683,-0.11526394,False,0.0
265576.173374168,0,-0.013844818,0.015118271,-0.007222891,0.011655606,0.13023412,-0.097150736,False,0.0
265576.193374168,20000000,-0.012274325,0.0155541,0.0013332367,-0.00012708455,0.12554568,-0.07633873,False,0.0
265576.213374168,0,-0.004663974,0.011939257,0.004035592,-0.0017174712,0.12589264,-0.062330075,False,0.0
265576.233374169,0,-0.0013305545,0.0063191354,0.008014798,0.0068255155,0.115567446,-0.04875035,False,0.0
265576.253374169,20000000,-0.0006813705,0.004797101,0.011666179,0.01243321,0.09758249,-0.03084094,False,0.0
265576.273374169,0,0.0016681105,0.0041793585,0.00890553,0.0011289576,0.08471922,-0.012375455,False,0.0
265576.293374169,20000000,0.004018143,0.0035614073,0.006142795,-0.010175296,0.07185594,0.006090034,False,0.0
265576.313374169,40000000,0.0063687116,0.0029434264,0.0033777952,-0.021479549,0.058992665,0.02455552,False,0.0
265576.333374169,0,0.002966717,0.003455311,0.0042855144,-0.032025147,0.04628662,0.03712683,False,0.0
265576.353374169,20000000,0.007980764,0.00042155385,-0.0008367896,-0.03834977,0.038697332,0.045604125,False,0.0
265576.373374169,0,0.00757277,-0.0022036731,-0.00019335747,-0.039565336,0.031495593,0.04804625,False,0.0
265576.393374169,0,0.0068770647,-0.0035710037,-0.00395751,-0.028150143,0.03346214,0.041105535,False,0.0
265576.413374169,0,9.471178e-05,-0.008087158,-0.0013258457,-0.01098053,0.016399905,0.03484414,False,0.0
265576.433374169,0,-0.0010855645,-0.008977383,-0.004350126,0.004446619,0.011559732,0.025027806,False,0.0
265576.453374169,0,-0.0024138093,-0.00894025,-0.005694568,0.028902233,0.0069468906,0.0062150527,False,0.0
265576.473374169,20000000,-0.0037421137,-0.008902997,-0.007039547,0.053357847,0.002334049,-0.012597702,False,0.0
265576.493374169,0,-0.008965775,-0.0024074614,-0.010213196,0.06217721,0.010563378,-0.015880177,False,0.0
265576.513374169,20000000,-0.002888143,-0.0013821125,-0.012104034,0.061573476,0.021094058,-0.012798593,False,0.0
265576.533374169,0,-9.872019e-05,-0.0049194098,-0.010320425,0.05353649,0.04793261,-0.019164382,False,0.0
265576.553374169,0,0.0012653172,-0.011096865,-0.0057165027,0.049992688,0.06565857,-0.027490878,False,0.0
265576.573374169,0,0.0057495087,-0.0163531,0.00013774633,0.06138291,0.07381976,-0.045384146,False,0.0
265576.593374169,0,-0.0025492162,-0.010760844,0.0028291345,0.06489922,0.06779028,-0.046940412,False,0.0
265576.613374169,20000000,-0.010849088,-0.0051693916,0.0055176616,0.06841554,0.061760806,-0.04849668,False,0.0
265576.633374169,0,-0.013931364,-0.005537331,0.0037437081,0.07181682,0.038870443,-0.039931584,False,0.0
265576.653366375,0,-0.0054138317,-0.020748574,-0.008888922,0.09267494,0.0419531,-0.057812084,False,0.0
265576.673366375,20000000,0.013922259,-0.070500344,-0.016129017,0.23270464,0.09602954,-0.2245301,False,0.0
265576.693366375,0,0.0062251687,-0.08655335,-0.009361148,0.40315688,0.13374189,-0.43144917,False,0.0
265576.713366375,20000000,-0.0071440786,-0.08467662,0.0041436553,0.5833465,0.106574476,-0.6315798,False,0.0
265576.733366375,0,-0.006781921,-0.07974899,-8.994341e-05,0.75319993,0.082678206,-0.84458286,False,0.0
265576.753366375,0,-0.015372261,-0.060217753,-0.007935524,0.89412856,0.070564084,-1.0487558,False,0.0
265576.773366375,20000000,-0.03392844,-0.040649414,-0.0022057295,1.0000095,0.017118905,-1.1874353,False,0.0
265576.793366375,0,-0.03430502,-0.02308701,-0.008962631,1.0585043,-0.008916248,-1.2893697,False,0.0
265576.813366375,20000000,-0.03174475,-0.008306906,-0.009578407,1.0755183,-0.023777854,-1.3593125,False,0.0
265576.833366375,0,-0.017580062,-0.005854115,-0.018243253,1.0696605,-0.015607401,-1.4018279,False,0.0
265576.853366375,0,-0.0036404282,-0.015432239,-0.024445415,1.052076,0.029914323,-1.4529868,False,0.0
265576.873366375,20000000,0.009155944,-0.035070658,-0.022039592,1.0594535,0.0932353,-1.5337993,False,0.0
265576.893366375,0,-0.003426507,-0.031628087,-0.00923425,1.0787942,0.14275308,-1.6077608,False,0.0
265576.913366375,0,-0.02620332,-0.0011792555,0.0024667978,1.0672396,0.14207822,-1.574898,False,0.0
265576.933366375,0,-0.04070708,0.034232683,0.0059657097,1.0018879,0.11497277,-1.4299536,False,0.0
265576.953366375,0,-0.03965123,0.061476953,-0.0014819503,0.8914999,0.0920196,-1.2155837,False,0.0
265576.973366375,20000000,-0.033896238,0.07791754,-0.015646935,0.76471424,0.09450134,-0.97047645,False,0.0
265576.993366375,0,-0.028693259,0.08587997,-0.02677828,0.6411568,0.12257224,-0.7084701,False,0.0
265577.013366375,0,-0.030440718,0.07868315,-0.03238982,0.57654244,0.16553183,-0.44386858,False,0.0
265577.033366375,0,-0.031240657,0.058696423,-0.031077683,0.6089491,0.21595494,-0.17931876,False,0.0
265577.053366375,0,-0.023550466,0.0321064,-0.02489233,0.76826584,0.26158655,0.06298636,False,0.0
265577.073366375,20000000,-0.0048339367,0.02374547,-0.026794136,0.9992225,0.30541766,0.25093532,False,0.0
265577.093366375,0,0.011750713,0.040588487,-0.03508669,1.1766135,0.35473305,0.37112555,False,0.0
265577.113366375,0,0.020135969,0.054703407,-0.03156048,1.2559174,0.38109332,0.40854827,False,0.0
265577.133366375,0,0.014616936,0.057191066,-0.020670712,1.2327145,0.38892952,0.38602456,False,0.0
265577.153366375,0,-0.0019550174,0.04544617,0.004170418,1.1458766,0.34372365,0.34552795,False,0.0
265577.193366376,0,-0.007266432,-0.004397571,0.017314851,0.8707336,0.24351469,0.23095647,False,0.0
265577.213366376,20000000,-0.006623432,-0.023090586,0.017647445,0.7139617,0.21729283,0.15076041,False,0.0
265577.233366376,0,-0.011867717,-0.03059636,0.016471982,0.5451808,0.19472632,0.056320667,False,0.0
265577.253366376,0,-0.017172575,-0.025708988,0.01465714,0.35022348,0.1732157,-0.041892327,False,0.0
265577.273366376,0,-0.019629106,-0.018518254,0.01438123,0.1459589,0.1472885,-0.14199163,False,0.0
265577.293366376,0,-0.016029537,-0.014899656,0.012913406,-0.06167452,0.12852211,-0.23596016,False,0.0
265577.313366376,20000000,-0.009255201,-0.018936187,0.009717822,-0.24254489,0.13560711,-0.3127098,False,0.0
265577.333366376,0,-0.003115952,-0.029817507,0.003214419,-0.36090815,0.14936751,-0.3683507,False,0.0
265577.353366376,0,-0.0056569874,-0.03779541,0.005662501,-0.4036259,0.1700322,-0.40114447,False,0.0
265577.373366376,20000000,-0.006286919,-0.050270364,0.004306197,-0.37283888,0.18476593,-0.39766383,False,0.0
265577.393366376,0,-0.0058672726,-0.0634093,0.005905926,-0.2583183,0.18793002,-0.36715356,False,0.0
265577.413366376,0,-0.000813365,-0.06387995,0.0057981014,-0.10117869,0.18274137,-0.30653006,False,0.0
265577.433366376,20000000,0.009742528,-0.062978,0.0057392716,0.052089393,0.17864634,-0.24629256,False,0.0
265577.453366376,0,0.0046426356,-0.058633752,0.016734123,0.18901967,0.16413115,-0.1946845,False,0.0
265577.473366376,20000000,0.0024386644,-0.059050173,0.021630585,0.3098926,0.13267662,-0.14568472,False,0.0
265577.493366376,0,0.009781212,-0.060621947,0.021073759,0.4206925,0.1071956,-0.11852457,False,0.0
265577.513366376,20000000,0.012999624,-0.054219663,0.021421194,0.5082409,0.086948134,-0.10144101,False,0.0
265577.533366376,0,0.022608012,-0.06256923,0.019084811,0.58914304,0.084107615,-0.1334793,False,0.0
265577.553366376,0,0.029494047,-0.079448715,0.010703206,0.65556264,0.11463484,-0.23723975,False,0.0
265577.573366376,0,0.012633324,-0.091636434,0.015660644,0.75609905,0.07976635,-0.42844707,False,0.0
265577.593366376,0,-0.0030486286,-0.0790548,0.013956606,0.85281074,0.0216811,-0.62633145,False,0.0
265577.613366376,20000000,-0.017237693,-0.031290457,0.011656344,0.8842865,-0.037870385,-0.7147447,False,0.0
265577.633366376,0,-0.020041883,-0.020262316,0.013727784,0.8686438,-0.08598803,-0.6994411,False,0.0
265577.653366376,0,7.289648e-05,0.00822182,-0.0074659586,0.82472503,-0.098483495,-0.69278675,False,0.0
265577.673366376,20000000,0.0051400065,0.04731606,-0.008107007,0.72575074,-0.08940479,-0.6617728,False,0.0
265577.693366376,0,0.011261195,0.061034307,-0.014855683,0.5903429,-0.08662743,-0.6100679,False,0.0
265577.713366376,0,0.014101416,0.071392596,-0.018373251,0.44643027,-0.07275472,-0.52906436,False,0.0
265577.733366376,0,0.021072507,0.07828389,-0.016610801,0.31587103,-0.061264284,-0.45911506,False,0.0
265577.753366376,0,0.016023546,0.097452015,-0.007029891,0.17931248,-0.07174137,-0.3791327,False,0.0
265577.773366376,20000000,0.00019821525,0.10882312,0.0076904893,0.0925971,-0.105554536,-0.21342051,False,0.0
265577.793366376,0,0.000592649,0.12329425,0.0030087829,0.043239582,-0.10233885,-0.013097823,False,0.0
265577.813366376,20000000,0.0004708171,0.11674331,0.0047246814,0.04126693,-0.0571718,0.2086605,False,0.0
265577.833366376,0,-0.0047555566,0.09586206,0.0073080063,0.0993025,0.0004899092,0.43060833,False,0.0
265577.853366376,20000000,-0.016659915,0.09226017,0.0045716166,0.15166795,0.040936995,0.58306736,False,0.0
265577.873366376,0,-0.024062604,0.07062292,0.00038272142,0.16826671,0.057489954,0.6606485,False,0.0
265577.893366376,0,-0.020321459,0.03681323,-0.014838576,0.18124376,0.059439357,0.65985924,False,0.0
265577.913366376,0,-0.024530888,0.013777107,-0.01999271,0.16150044,0.060179476,0.6082041,False,0.0
265577.933366376,0,-0.015428573,-0.011556178,-0.02154088,0.15324453,0.050232127,0.4738425,False,0.0
265577.953366376,20000000,-0.00984183,-0.01745227,-0.016892672,0.14830655,0.04401896,0.30378932,False,0.0
265577.973366376,0,-0.016222864,-0.015083253,-0.0018945336,0.146491,0.008044358,0.15186003,False,0.0
265577.993366376,20000000,-0.02250579,0.005328059,0.0069475174,0.12748119,-0.06477958,0.049560905,False,0.0
265578.013366376,0,-0.018598616,0.015737563,0.009354651,0.078896955,-0.11245777,-0.02911783,False,0.0
265578.033366376,20000000,-0.010557771,0.02479878,0.0029554963,0.016495213,-0.17138581,-0.066813186,False,0.0
265578.053366376,0,-0.0074651837,0.02571544,-0.0022190213,-0.043986,-0.20691358,-0.06670993,False,0.0
265578.073366376,20000000,0.00048214197,0.029353976,-0.012294471,-0.090113536,-0.21722017,-0.048112325,False,0.0
265578.093366376,0,-0.00029927492,0.020989686,-0.011196792,-0.10898293,-0.18290702,-0.0073355213,False,0.0
265578.113366376,20000000,-0.00054222345,0.027023613,-0.01635307,-0.12354203,-0.15435839,0.033207867,False,0.0
265578.133366376,0,-0.00010371208,0.017979085,-0.015155733,-0.09631646,-0.13146253,0.058790974,False,0.0
265578.153366376,0,0.0017600656,0.009586215,-0.014264047,-0.064279884,-0.11315894,0.08842381,False,0.0
265578.173366376,0,-0.0026699603,0.0057407618,-0.010592222,-0.03870839,-0.106334716,0.099997915,False,0.0
265578.193366376,0,-0.0075500607,-0.00051784515,-0.002681315,-0.010865722,-0.120128065,0.10296021,False,0.0
265578.213366376,0,-0.008840293,-0.0102746785,-0.0028003454,0.014234502,-0.124277405,0.10753579,False,0.0
265578.233366376,20000000,-0.0026476383,-0.013869464,-0.011195004,0.023525517,-0.117559284,0.09829355,False,0.0
265578.253366377,0,-0.0023607314,-0.0072215796,-0.018636405,-0.00598092,-0.0778189,0.09021432,False,0.0
265578.273366377,20000000,0.006616503,-0.010192364,-0.021538913,-0.024971332,-0.044162713,0.06403372,False,0.0
265578.293366377,0,0.0034115016,-0.0163472,-0.010540068,-0.02066188,-0.034491368,0.054680534,False,0.0
265578.313366377,0,-0.004109025,-0.012226075,0.00043416023,-0.008839456,-0.04136786,0.055632427,False,0.0
265578.333366377,20000000,-0.0028279126,-0.009465188,0.002842486,0.0013995282,-0.042092487,0.051557027,False,0.0
265578.353366377,0,-0.002970606,-0.0001951456,-0.0009084344,-0.004551868,-0.028175864,0.050819714,False,0.0
265578.373366377,20000000,-0.0042119026,0.0051357746,-0.0026448965,-0.012683344,-0.020510409,0.051572483,False,0.0
265578.393366377,0,0.0005122125,0.0012065172,-0.008612335,-0.032617968,-0.007048684,0.056072198,False,0.0
265578.413366377,20000000,-0.0030921847,-0.0009922683,8.34465e-07,-0.0426836,0.0012086127,0.07250654,False,0.0
265578.433366377,0,-0.0023247302,-0.0036962628,-0.0017601848,-0.048319343,0.01455889,0.08039702,False,0.0
265578.453366377,20000000,0.0053726137,-0.0061731637,-0.005920112,-0.051590078,0.03202557,0.07420144,False,0.0
265578.473366377,0,0.010025293,-0.0077065527,-0.0073438883,-0.054073,0.05729426,0.067079306,False,0.0
265578.493366377,20000000,0.0058054924,-0.003936112,0.0005015135,-0.04673277,0.055989288,0.077461615,False,0.0
265578.513366377,0,0.0076991916,-0.0035268962,0.0006791949,-0.04210709,0.0510789,0.081285484,False,0.0
265578.533366377,0,0.007870644,-0.0033963025,0.0018362999,-0.04761124,0.045099884,0.078951865,False,0.0
265578.553366377,20000000,0.0029157102,-0.0011096597,0.0052294135,-0.04759845,0.04250761,0.07993058,False,0.0
265578.573366377,0,0.0030420423,0.0013872981,0.009362221,-0.045446135,0.025494637,0.09646754,False,0.0
265578.593366377,0,0.0012219846,-0.0037193596,0.010035396,-0.047597587,0.023548841,0.08462177,False,0.0
265578.613366377,20000000,0.005247891,-0.0065826178,0.006753683,-0.051652797,0.018315157,0.074109815,False,0.0
265578.633366377,0,0.004253447,-0.008350849,0.007864237,-0.053640373,0.015506508,0.055662215,False,0.0
265578.653366377,0,0.003977865,-0.009824544,0.0116788745,-0.037273444,0.0007813433,0.042987037,False,0.0
265578.673366377,20000000,0.0037704706,-0.00555858,0.01135987,-0.019021144,-0.012905372,0.030898225,False,0.0
265578.693366377,0,0.0023534596,-0.0017153025,0.009309053,-0.020084834,-0.026721803,0.030302592,False,0.0
265578.713366377,0,0.0009364784,0.0021274388,0.007257879,-0.021148523,-0.040538233,0.029706959,False,0.0
265578.733366377,0,-0.00078752637,0.0031063557,0.011701047,-0.026528418,-0.05596074,0.044383347,False,0.0
265578.753366377,20000000,-0.0013236254,-0.0012062788,0.005516112,-0.02785571,-0.065294735,0.04634131,False,0.0
265578.773366377,0,0.006561488,-0.0023486316,-0.004591286,-0.039237786,-0.059928205,0.036964417,False,0.0
265578.793366377,0,0.005139172,-0.0017272532,-0.0021976829,-0.0454456,-0.04581629,0.02568827,False,0.0
265578.813366377,0,-0.0034450293,0.0024694204,0.0054623485,-0.03765674,-0.04462202,0.031017216,False,0.0
265578.833366377,0,-0.0008918047,0.0030765235,0.0040607452,-0.023374628,-0.049069207,0.0440924,False,0.0
265578.853366377,20000000,-0.005574882,0.0047599375,0.0018184781,-0.027116956,-0.055895407,0.049907997,False,0.0
265578.873366377,0,-0.0063465983,0.0023107827,-0.0008968711,-0.028635321,-0.061420728,0.047785487,False,0.0
265578.893366377,0,-0.008941829,0.00025615096,-0.0013742447,-0.029199893,-0.06710522,0.039938923,False,0.0
265578.913366377,20000000,-0.00815548,-0.0022453368,-0.0057837963,-0.02656491,-0.061423246,0.035601366,False,0.0
265578.933366377,0,-0.0048738867,-0.0020632744,-0.006868005,-0.022291662,-0.04439397,0.02046414,False,0.0
265578.953366377,0,-0.0042329878,-0.0029160082,-0.011515558,-0.017012523,-0.025701964,0.025072463,False,0.0
265578.973366377,20000000,-0.010413751,0.006185472,-0.0049399137,-0.011232125,-0.022648726,0.03277588,False,0.0
265578.993366377,0,-0.006726995,0.003976524,-0.007274747,-0.01721976,-0.0046463516,0.018549174,False,0.0
265579.013366377,20000000,-0.003040254,0.0017674565,-0.009609699,-0.023207396,0.013356024,0.00432247,False,0.0
265579.033366377,40000000,0.0045454353,-0.013095409,-0.009830654,-0.023941299,0.031194946,0.005947092,False,0.0
265579.053219167,0,-0.0052223294,0.0039320225,-0.004495439,-0.045318883,0.03839941,0.010710732,False,0.0
265579.073219167,20000000,-0.002066806,-0.0026297867,-0.0019196868,-0.037634015,0.037292875,0.018999632,False,0.0
265579.093219167,0,-0.0018068552,-0.0065654516,-0.00045096874,-0.03155751,0.04630468,0.028661694,False,0.0
265579.113219167,0,-0.0028825104,-0.0036741197,0.0012734532,-0.03223146,0.058665723,0.03320321,False,0.0
265579.133219167,0,-0.005999893,-0.0032440722,0.0028492212,-0.0350621,0.07674393,0.0423223,False,0.0
265579.153219167,0,-0.0076126903,-1.5079975e-05,0.00059074163,-0.038363155,0.081771605,0.056747608,False,0.0
265579.173219167,20000000,-0.011314943,0.0010358989,-0.00021398067,-0.057895724,0.11793805,0.07738617,False,0.0
265579.193219167,0,-0.009454742,-0.007961392,0.0004326105,-0.08413501,0.13358422,0.099441364,False,0.0
265579.213219167,20000000,0.004634738,0.0022062957,-0.013217092,-0.09110331,0.17406458,0.09629135,False,0.0
265579.233219167,0,0.00029860437,0.009618461,-0.010214269,-0.09922281,0.15580843,0.13634735,False,0.0
265579.253219167,20000000,-0.004039526,0.017037153,-0.007220626,-0.10734231,0.13755229,0.17640337,False,0.0
265579.273219167,0,-0.006824225,0.007407248,-0.0048745275,-0.10233374,0.122021474,0.20093572,False,0.0
265579.293219167,0,-0.0049122125,-0.003254503,-0.0055476427,-0.083083704,0.1221365,0.18005396,False,0.0
265579.313219167,0,-0.007645443,-0.012503892,-0.0025007725,-0.057775274,0.095974445,0.121212564,False,0.0
265579.333219167,20000000,-0.009841979,-0.010344952,0.0007082224,-0.049385965,0.072430275,0.072619155,False,0.0
265579.353219167,0,-0.0122588575,-0.010040313,0.0024086237,-0.045100737,0.049592458,0.037747372,False,0.0
265579.373219167,20000000,0.009301245,-0.024111688,-0.009550035,-0.006528884,0.07221306,0.010384217,False,0.0
265579.393219167,0,-0.0067119896,-0.0034775436,-0.0011562109,-0.016228778,0.017878633,0.019386262,False,0.0
265579.413219167,0,-0.011893466,0.0025381446,0.002849996,-0.016290795,0.009545028,0.010463689,False,0.0
265579.433219167,20000000,-0.007379532,0.0022135675,-0.0017331839,-0.015176931,0.0077178413,0.01026167,False,0.0
265579.453219167,0,-0.007050663,0.0006425679,0.00019788742,-0.014233595,0.011527454,0.010004501,False,0.0
265579.473219167,0,-0.005441934,0.00071567297,-0.0005245209,-0.006272873,0.0069704494,0.010395426,False,0.0
265579.493219167,20000000,-0.0038332045,0.00078877807,-0.0012469292,0.0016878489,0.0024134452,0.010786353,False,0.0
265579.513219167,40000000,-0.0017128587,-0.00045347214,-0.002070427,0.004644489,0.0022005928,0.004555278,False,0.0
265579.533219167,0,-0.0010558069,0.0015278459,-0.002608776,0.01506547,0.005571458,0.0029990566,False,0.0
265579.553219167,20000000,-0.0020665228,0.0007979274,-0.0017900467,0.02210369,0.007078707,0.0018939505,False,0.0
265579.573219167,0,-0.002116859,0.0023984313,-0.0034355521,0.021788163,0.017895509,0.013780587,False,0.0
265579.593219167,0,-0.0018978119,-0.0011087656,5.173683e-05,0.020118933,0.021499192,0.018813163,False,0.0
265579.613219167,20000000,0.0008748174,-0.0035254657,-0.0019538403,-0.001369033,0.04325885,0.015218558,False,0.0
265579.633219167,0,0.002388358,-0.0013433099,-0.0053347945,-0.029610047,0.06648366,0.018864496,False,0.0
265579.653219167,0,-0.0010410547,0.00011083484,0.00059586763,-0.04321777,0.064408,0.026438132,False,0.0
265579.673219167,0,-0.0009996593,-0.0010289252,0.0014321208,-0.0656489,0.07663278,0.025663286,False,0.0
265579.693219167,0,0.00027915835,-0.004042983,7.879734e-05,-0.079599336,0.08583672,0.023643376,False,0.0
265579.713219167,20000000,0.0002642572,-0.005557716,0.0022889972,-0.07486721,0.082789056,0.018243447,False,0.0
265579.733219167,0,-0.00081142783,-0.007971555,0.0060079694,-0.062927656,0.07393747,0.0072336486,False,0.0
265579.753219167,0,-0.0010948777,-0.0047412515,0.0040756464,-0.06898803,0.06537517,-0.0070345635,False,0.0
265579.773219167,20000000,-0.0024852157,-0.003412068,0.0034956932,-0.066387236,0.0747707,-0.010311367,False,0.0
265579.793219167,0,-0.003756851,-0.0039337873,0.0052827597,-0.0655467,0.08300822,0.0055565033,False,0.0
265579.813219167,0,-0.006254345,-0.0056579113,0.0036924481,-0.05100192,0.08857459,0.020779878,False,0.0
265579.833219167,0,-0.005019635,-0.010602266,0.0036055446,-0.029164623,0.07676564,0.023368431,False,0.0
265579.853219167,0,-0.0032715797,-0.012561172,-3.7789345e-05,-0.02565417,0.08873937,0.0067241266,False,0.0
265579.873219167,20000000,-0.0050746202,-0.008530945,-0.003386259,-0.026242597,0.092414215,-0.005250171,False,0.0
265579.893219167,0,-0.007155657,-0.008706003,-0.00014126301,-0.018813424,0.06557346,-0.013366943,False,0.0
265579.913219168,0,-0.007481426,-0.009383976,0.0008085966,-0.014890794,0.048466984,-0.020354707,False,0.0
265579.933219168,20000000,-0.0024819076,-0.00955978,-0.0023477077,-0.027529933,0.06357805,-0.02547378,False,0.0
265579.953219168,0,-0.00059759617,-0.010521859,0.0025349855,-0.032991067,0.059689965,-0.027920235,False,0.0
265579.973219168,0,0.0015933812,-0.010925889,0.0033257008,-0.049481947,0.06845535,-0.03854509,False,0.0
265579.993219168,0,-0.0009870827,-0.00448364,0.0097750425,-0.059335407,0.06569243,-0.041075435,False,0.0
265580.013219168,0,-0.0006970465,-0.006599456,0.011302471,-0.06507618,0.060746845,-0.037745528,False,0.0
265580.033219168,20000000,-0.0019843578,-0.008766472,0.0134958625,-0.073357396,0.059091825,-0.023302877,False,0.0
265580.053219168,0,-0.002436757,-0.009108543,0.011175275,-0.08630723,0.07287319,-0.009529597,False,0.0
265580.073219168,20000000,-0.0043908358,-0.010034323,0.011431575,-0.0884554,0.058445875,-0.0031140414,False,0.0
265580.093219168,0,-0.0073626935,-0.01195167,0.009907603,-0.08638035,0.031684536,-0.004666116,False,0.0
265580.113219168,0,-0.009043336,-0.01430878,0.0057395697,-0.0879814,0.00034721568,-0.02615813,False,0.0
265580.133219168,0,-0.005570054,-0.0122511685,-0.0020718575,-0.09064437,-0.02522401,-0.04976193,False,0.0
265580.153219168,0,-0.0014477968,-0.013911977,-0.0065487623,-0.08053043,-0.039819546,-0.07802118,False,0.0
265580.173219168,20000000,-0.0011307001,-0.0136407465,-0.007871389,-0.070760466,-0.03171667,-0.09861532,False,0.0
265580.193219168,0,-0.001272589,-0.011550382,-0.002934277,-0.047770787,-0.022008795,-0.11045775,False,0.0
265580.213219168,0,-0.00946942,-0.0032978058,0.004548788,-0.038019672,-0.024147864,-0.10375351,False,0.0
265580.233219168,20000000,-0.012906194,-0.0027063638,0.0066278577,-0.021690417,-0.01856577,-0.08394328,False,0.0
265580.253219168,0,-0.012335002,-0.004046932,-0.0017110109,-0.016993124,0.0020850934,-0.060541242,False,0.0
265580.273219168,0,-0.014529556,-0.009584054,-0.004587531,-0.031986915,0.031125553,-0.04417242,False,0.0
265580.293219168,0,-0.0173603,-0.019085616,-0.0040482283,-0.04866713,0.06331432,-0.033209734,False,0.0
265580.313219168,0,-0.018492758,-0.029039845,-0.0035630465,-0.05828649,0.08507748,-0.032779068,False,0.0
265580.333219168,20000000,-0.024364859,-0.032393232,0.0034285784,-0.0751389,0.10363322,-0.0382119,False,0.0
265580.353219168,0,-0.02485171,-0.039428324,0.002771914,-0.0941627,0.11911377,-0.05891165,False,0.0
265580.373219168,20000000,-0.018845141,-0.04670362,-0.0010846853,-0.10640367,0.13718551,-0.08737792,False,0.0
265580.393219168,0,-0.016822577,-0.04697542,0.00058323145,-0.11021737,0.15600517,-0.121216536,False,0.0
265580.413219168,0,-0.02225545,-0.03636338,0.006008625,-0.10576501,0.1598717,-0.14233427,False,0.0
265580.433219168,20000000,-0.026685119,-0.027628377,0.01334703,-0.08566829,0.13420896,-0.13852844,False,0.0
265580.453219168,0,-0.028535545,-0.026414454,0.016000211,-0.06526567,0.10938402,-0.1343228,False,0.0
265580.473219168,0,-0.024073213,-0.022005364,0.012843668,-0.057712607,0.10991733,-0.12724358,False,0.0
265580.493219168,0,-0.022133082,-0.020956993,0.012047648,-0.059203267,0.10396966,-0.12446082,False,0.0
265580.513219168,0,-0.01762849,-0.027234226,0.0066907406,-0.060044713,0.110841066,-0.122141734,False,0.0
265580.533219168,20000000,-0.01839894,-0.021961316,0.00860399,-0.059285905,0.1156141,-0.1306401,False,0.0
265580.553219168,0,-0.016227335,-0.021837205,0.0059788227,-0.057288412,0.103582375,-0.16068985,False,0.0
265580.573219168,0,-0.024980992,-0.016552895,0.011811435,-0.034317587,0.060714416,-0.17985919,False,0.0
265580.593219168,20000000,-0.020088732,-0.008921564,0.005868137,-0.033570867,0.047832683,-0.14736101,False,0.0
265580.613219168,0,-0.016047418,-0.0035059303,-0.00064212084,-0.045335818,0.06036998,-0.119616225,False,0.0
265580.633219168,0,-0.012097508,-0.0036272854,-0.00860697,-0.049678966,0.08583022,-0.08864038,False,0.0
265580.653219168,0,-0.012283623,-0.0016125143,-0.013533831,-0.050295025,0.11401097,-0.050188333,False,0.0
265580.673219168,20000000,-0.01277855,-0.00041164458,-0.015385509,-0.046849087,0.14629027,-0.030780112,False,0.0
265580.693219168,0,-0.011464179,0.008302808,-0.017102778,-0.057296343,0.17788473,-0.016170003,False,0.0
265580.713219168,0,-0.012290746,0.005150482,-0.016348243,-0.06511381,0.19721884,0.004177427,False,0.0
265580.733219168,20000000,-0.006905675,-0.00082941353,-0.011805832,-0.038019873,0.21911699,0.0059796004,False,0.0
265580.753219168,0,-0.0036838055,0.005086839,-0.013008714,-0.04020097,0.22689688,-0.005929867,False,0.0
265580.773219168,20000000,-0.008387238,0.0059185475,-0.0064053535,-0.025538217,0.22243845,-0.0136225745,False,0.0
265580.793219168,0,-0.0068089664,0.0069544762,-0.0040623546,-0.007250121,0.20725174,-0.025515918,False,0.0
265580.813219168,20000000,-0.0039353073,0.01153484,-0.005060792,-0.0012818552,0.20103107,-0.03646038,False,0.0
265580.833219168,0,-0.0014549196,0.017089307,-0.0024106503,-0.0032672505,0.18800184,-0.033037506,False,0.0
265580.853219168,0,0.002262354,0.021826789,-0.0038161874,-0.012692325,0.20008045,-0.009685606,False,0.0
265580.873219168,0,0.005584508,0.024247587,-0.0015000701,-0.0042219367,0.20133212,0.021483015,False,0.0
265580.893219168,0,0.012086481,0.013247862,-0.0030108094,0.020928236,0.19966273,0.025425268,False,0.0
265580.913219168,20000000,0.01461792,0.013763353,-0.0060878396,0.02326018,0.20612825,0.01281497,False,0.0
265580.933219168,0,0.010936916,0.023063123,-0.0048409104,0.019491367,0.2026557,0.015927175,False,0.0
265580.953219168,0,0.0076444447,0.029197916,-0.00059503317,0.01217822,0.19818057,0.037783742,False,0.0
265580.973219168,0,0.0071280897,0.024714157,0.004506767,0.025411762,0.17913759,0.06454186,False,0.0
265580.993219169,0,0.010888815,0.024557203,-0.0006047487,0.022605866,0.17399187,0.08358863,False,0.0
265581.013219169,20000000,0.012379676,0.030423686,-0.00036865473,0.028472694,0.14633168,0.069828495,False,0.0
265581.033219169,0,0.017598242,0.029647186,-0.006676495,-0.006560145,0.15043412,0.05344364,False,0.0
265581.053219169,0,0.012584746,0.025170654,-0.0034234524,-0.040066913,0.13288328,0.045203518,False,0.0
265581.073219169,0,0.013093561,0.015284598,0.0037526488,-0.050071523,0.10948965,0.034558132,False,0.0
265581.093219169,0,0.017347783,0.012586936,0.004184723,-0.036749076,0.10792519,0.014503041,False,0.0
265581.113219169,20000000,0.016736895,0.013275549,0.0021608472,-0.043575406,0.09900422,0.012356922,False,0.0
265581.133219169,0,0.016292334,0.013478294,0.004343748,-0.047395226,0.092485,0.008182991,False,0.0
265581.153219169,0,0.015953153,0.012945056,0.005198121,-0.047685646,0.0916944,0.01775847,False,0.0
265581.173219169,20000000,0.012128413,0.04698962,0.00048083067,-0.037288312,0.078878425,0.06517012,False,0.0
265581.193219169,0,0.012040049,0.012383476,0.0076996684,-0.036672965,0.07112954,0.048423067,False,0.0
265581.213219169,20000000,0.010826051,0.0057275295,0.008329034,-0.02998421,0.05350952,0.042381343,False,0.0
265581.233219169,0,0.014561713,0.0025604814,0.009099722,-0.02862051,0.036965884,0.041477676,False,0.0
265581.253219169,0,0.013981909,0.0026129931,0.009010911,-0.031574506,0.023189358,0.023269735,False,0.0
265581.273219169,20000000,0.017080545,0.004316762,0.0054494143,-0.03115456,0.012489574,0.010790647,False,0.0
265581.293219169,0,0.011688083,0.01249294,0.00730139,-0.03622012,-0.0002536876,0.0045690453,False,0.0
265581.313219169,20000000,0.019484907,0.013707221,0.002571702,-0.042566024,-0.0016598417,0.003353964,False,0.0
265581.333219169,0,0.024124503,0.011622727,0.0024585128,-0.04181421,-0.0006540279,-0.00064292783,False,0.0
265581.353219169,0,0.024807662,0.012086302,0.00046628714,-0.046573553,0.008061698,-0.0033138723,False,0.0
265581.373219169,0,0.019615352,0.0131204575,0.0029896498,-0.04151203,0.007991348,0.0015405912,False,0.0
265581.393219169,0,0.0037678182,0.01766017,0.0135371685,-0.03510907,-0.0056576272,0.022650667,False,0.0
265581.413219169,20000000,0.0005348027,0.012204498,0.008579969,-0.027471345,-0.0112629235,0.041061357,False,0.0
265581.433108958,0,0.0019427987,7.849041e-05,0.0009938527,-0.011752615,-0.01505783,0.039516572,False,0.0
265581.453108958,20000000,0.001357615,-0.0011916459,-0.0011488199,-0.013856147,-0.0062545883,0.01970816,False,0.0
265581.473108958,0,0.000833869,-0.00027371943,-0.00091183186,-0.01139223,-0.0037728136,0.004104389,False,0.0
265581.493108958,20000000,-0.00029620528,-0.001012817,0.0019774437,-0.0071452167,-0.007989745,-0.007163018,False,0.0
265581.513108958,0,0.00014582276,0.0012641251,0.0027106404,-0.0050078863,-0.013059342,-0.012568623,False,0.0
265581.533108958,0,-0.001982361,0.0031659156,0.0026717782,-0.00133547,-0.020904986,-0.015990103,False,0.0
265581.553108958,0,-0.0014643073,0.0054513365,0.0024641156,0.002288562,-0.027606029,-0.015078154,False,0.0
265581.573108958,0,0.00023773313,0.004202068,-0.0012776256,-0.0011533466,-0.02612125,-0.012775095,False,0.0
265581.593108959,20000000,-0.0036017299,0.0077958256,0.0007086396,-0.0047798418,-0.027020667,-0.009697663,False,0.0
265581.613108959,0,-0.0016930401,0.004858479,-0.0008084178,-0.0048807533,-0.02496699,-0.006623637,False,0.0
265581.633108959,0,-0.0007765889,0.0034481287,-0.0015368462,0.00032328162,-0.024207767,-0.0043298677,False,0.0
265581.653108959,0,0.0012762547,0.002618879,-0.0019976497,0.007138261,-0.018386662,-0.005051656,False,0.0
265581.673108959,0,0.003532499,0.0014117062,-0.0016097426,0.012550788,-0.01094796,-0.008994246,False,0.0
265581.693108959,20000000,0.0025454164,0.0015254319,-0.0010325909,0.009671683,-0.011806398,-0.00701697,False,0.0
265581.713108959,0,0.0010026991,0.002712965,0.0012568831,0.0089942105,-0.020215314,0.00039041042,False,0.0
265581.733108959,0,0.00090417266,0.0015007555,0.0017635226,0.007924683,-0.027810756,0.0076769954,False,0.0
265581.753108959,20000000,-0.00010496378,-0.00031076372,0.0019139051,0.003775252,-0.03170155,0.012036262,False,0.0
265581.773108959,0,-0.0002529621,-0.0016515255,0.0024362206,-0.0007033292,-0.033442885,0.015932102,False,0.0
265581.793108959,20000000,-0.0011694431,-0.0027789026,0.0033324957,-0.003039847,-0.030992173,0.01904503,False,0.0
265581.813108959,0,0.0010427535,-0.0057635605,0.0035071373,-0.0060003255,-0.03401105,0.023444537,False,0.0
265581.833108959,20000000,0.0043280423,-0.0058868825,0.0027235746,-0.009215828,-0.028374832,0.023280391,False,0.0
265581.853108959,0,0.0073077977,-0.004835546,0.0025414824,-0.014369626,-0.025381727,0.01876258,False,0.0
265581.873108959,20000000,0.011752307,-0.0049939156,0.0033541918,-0.021842094,-0.022304937,0.009652679,False,0.0
265581.893108959,0,0.012926817,-0.00074261427,0.0033773184,-0.03919756,-0.02030391,0.0072759753,False,0.0
265581.913108959,0,0.011866152,4.978478e-05,0.007108152,-0.051147785,-0.022893492,0.0104336655,False,0.0
265581.933108959,0,0.005162865,-0.00078880787,0.008649886,-0.052226722,-0.027921721,0.027597621,False,0.0
265581.953108959,0,-0.0017457306,-0.00024595857,0.006703675,-0.05000507,-0.04091648,0.053474076,False,0.0
265581.973108959,20000000,-0.0042513013,-0.0034783632,0.002932787,-0.049481742,-0.051409267,0.06497816,False,0.0
265581.993108959,0,-0.006218463,-0.007908478,0.0005109906,-0.045915816,-0.054589894,0.06007199,False,0.0
265582.013108959,0,-0.013466954,-0.00977698,0.002081275,-0.03802634,-0.062239073,0.05043105,False,0.0
265582.033108959,0,-0.019537091,-0.013780981,0.003266871,-0.027227204,-0.073844686,0.0357733,False,0.0
265582.053108959,0,-0.022702515,-0.01529555,0.00044226646,-0.014399013,-0.09077578,0.0143977925,False,0.0
265582.073108959,20000000,-0.026094735,-0.011871576,-0.0020856261,-0.0051697,-0.10681562,-0.005831491,False,0.0
265582.093108959,0,-0.024391383,-0.009771466,-0.005967438,-0.0011475203,-0.11530344,-0.025677685,False,0.0
265582.113108959,0,-0.021445274,-0.008781269,-0.009715974,0.0060879854,-0.108739644,-0.04676188,False,0.0
265582.133108959,20000000,-0.020549327,-0.003970057,-0.011544585,0.0071308403,-0.09076835,-0.057412814,False,0.0
265582.153108959,0,-0.015283525,-0.0031835735,-0.014387906,0.010054135,-0.06866183,-0.062159434,False,0.0
265582.173108959,20000000,-0.015112102,0.001698032,-0.01317203,0.013888807,-0.03709431,-0.057329435,False,0.0
265582.193108959,0,-0.0131287575,0.004785314,-0.010765076,0.014873554,-0.015358254,-0.049201876,False,0.0
265582.213108959,0,-0.009750962,0.005175352,-0.011877835,0.020115908,0.009296343,-0.035875324,False,0.0
265582.233108959,20000000,-0.011630416,0.0055247247,-0.0077578425,0.01728623,0.027849618,-0.021579571,False,0.0
265582.253108959,0,-0.012248874,0.0056219846,-0.006949663,0.008094118,0.03787697,-0.00034710765,False,0.0
265582.273108959,20000000,-0.007089108,-0.001014486,-0.006742835,-0.007466033,0.04405769,0.007837538,False,0.0
265582.293108959,0,0.0031005442,-0.011690199,-0.0067170262,-0.02427098,0.058979873,-0.0066031367,False,0.0
265582.313108959,0,0.007686496,-0.012490749,9.7215176e-05,-0.036078844,0.063000865,-0.03015418,False,0.0
265582.333108959,20000000,0.009235889,-0.007782802,0.006340742,-0.049138535,0.050310887,-0.047646724,False,0.0
265582.353108959,0,0.008964539,-0.0011686087,0.011841357,-0.055515368,0.028714076,-0.05634737,False,0.0
265582.373108959,0,0.0070546865,0.0010420084,0.016294777,-0.052530315,0.0013923924,-0.04477897,False,0.0
265582.393108959,0,0.007815212,0.0018408,0.016889334,-0.048545472,-0.021783004,-0.020894665,False,0.0
265582.413108959,0,0.013506889,0.00034190714,0.012737274,-0.05159381,-0.030787054,-0.00910199,False,0.0
265582.433108959,20000000,0.010703504,0.00050356984,0.0104056,-0.059506834,-0.038350068,0.01129906,False,0.0
265582.453108959,0,0.007015139,-0.0017976761,0.00881201,-0.066079155,-0.044570293,0.033572976,False,0.0
265582.473108959,0,0.0042046607,-0.00028286874,0.009681702,-0.0691996,-0.05314701,0.057135724,False,0.0
265582.493108959,0,0.0033625364,-0.0021309406,0.00428313,-0.07349689,-0.050493598,0.06396819,False,0.0
265582.513108959,0,0.0045197606,-0.007044092,-0.002648592,-0.07836892,-0.044656284,0.063843176,False,0.0
265582.533108959,20000000,0.0061971843,-0.012522012,-0.007911086,-0.08150032,-0.025024736,0.04266222,False,0.0
265582.553108959,0,0.004202515,-0.012156025,-0.006144762,-0.07424369,-0.018057037,0.02643753,False,0.0
265582.573108959,20000000,-0.00094148517,-0.011506468,-0.0025571585,-0.055321157,-0.019185688,0.014291337,False,0.0
265582.593108959,0,-0.00748837,-0.008731112,0.003370583,-0.029672595,-0.032697655,0.001674613,False,0.0
265582.613108959,0,-0.01292339,-0.0047791153,0.0056732297,-0.011284824,-0.054063205,-0.0189165,False,0.0
265582.633108959,20000000,-0.015785456,-0.00066803396,0.0056815147,0.0060230587,-0.075662635,-0.037457533,False,0.0
265582.653108959,0,-0.015481174,0.0007736236,0.0025776029,0.020444468,-0.08766983,-0.06276723,False,0.0
265582.67310896,0,-0.017086536,0.005269468,-0.0012727976,0.022758292,-0.08981214,-0.07817796,False,0.0
265582.69310896,0,-0.014965385,0.00932011,-0.0046280622,0.0276756,-0.07802208,-0.08316834,False,0.0
265582.71310896,0,-0.010947555,0.011508018,-0.010984182,0.033021346,-0.052583635,-0.07282159,False,0.0
265582.73310896,20000000,-0.00823167,0.013227969,-0.015238404,0.02523424,-0.023324361,-0.05664126,False,0.0
265582.75310896,0,-0.0038734674,0.015118733,-0.01755333,0.0068783294,0.00021053106,-0.040201165,False,0.0
265582.77310896,20000000,0.00026497245,0.009699553,-0.016566515,-0.012207549,0.02209655,-0.030109722,False,0.0
265582.79310896,0,0.0029432178,0.008077428,-0.011638939,-0.024707146,0.03303693,-0.022386398,False,0.0
265582.81310896,0,0.0060608685,0.00476259,-0.0076872706,-0.030003283,0.04093425,-0.010666819,False,0.0
265582.83310896,20000000,0.012623161,-0.0032694787,-0.0013297796,-0.017272886,0.052962385,-0.011423172,False,0.0
265582.85310896,0,0.007845908,0.00023752451,0.00769037,0.0031947661,0.04881204,-0.0027061524,False,0.0
265582.87310896,0,0.008477122,-0.000468418,0.012695134,0.015203559,0.039300073,0.00918968,False,0.0
265582.89310896,0,0.012504935,-0.0003771335,0.01418972,0.021188762,0.018923208,0.01586805,False,0.0
265582.91310896,0,0.013011605,-0.0012038946,0.016586721,0.021659397,-0.00013165921,0.025328793,False,0.0
265582.93310896,20000000,0.008642018,0.0011357069,0.017448843,0.019916264,-0.028168993,0.03900439,False,0.0
265582.95310896,0,0.0050764084,0.0025677085,0.015221417,0.018260803,-0.061071754,0.054075178,False,0.0
265582.97310896,20000000,0.0018603206,-0.001133725,0.0108632445,0.023461707,-0.08035582,0.0677611,False,0.0
265582.99310896,0,-0.0027346313,-0.006808728,0.00885886,0.028732775,-0.07914412,0.07892232,False,0.0
265583.01310896,0,-0.010945797,-0.010830179,0.00791508,0.041906945,-0.08825261,0.10397987,False,0.0
265583.03310896,20000000,-0.008713275,-0.020953983,0.0014159679,0.05412063,-0.07049634,0.115950376,False,0.0
265583.05310896,0,-0.010845542,-0.022019506,-0.00015223026,0.04694203,-0.040619344,0.12668797,False,0.0
265583.07310896,0,-0.018945813,-0.026412323,-0.0014922023,0.021941034,-0.023374042,0.13590655,False,0.0
265583.09310896,0,-0.016942978,-0.03156434,-0.004761994,-0.005031023,-0.0111180255,0.1269576,False,0.0
265583.11310896,20000000,-0.011250496,-0.033382326,-0.009017408,-0.027374057,0.020758066,0.09609489,False,0.0
265583.13310896,0,-0.011341304,-0.031074569,-0.0059895515,-0.043933146,0.03869842,0.062810585,False,0.0
265583.15310896,0,-0.008558989,-0.029789358,-0.0010874271,-0.04010777,0.05276813,0.030831836,False,0.0
265583.17310896,0,-0.008103609,-0.023731679,0.007388234,-0.029913455,0.059630536,0.0052457117,False,0.0
265583.19310896,20000000,-0.0077528954,-0.017331734,0.012865245,-0.015404989,0.052366305,-0.002326733,False,0.0
265583.21310896,0,-0.0027689636,-0.015314668,0.015842915,-0.0043493537,0.043527707,-0.0067724693,False,0.0
265583.23310896,0,0.0024370253,-0.015133724,0.015978456,-0.00065867114,0.03305524,-0.0036471891,False,0.0
265583.25310896,0,0.009367168,-0.015292779,0.010695934,-0.0052597364,0.029232249,-0.004892216,False,0.0
265583.27310896,0,0.013397753,-0.013263032,0.012840629,-0.017182853,0.021492328,0.006057651,False,0.0
265583.29310896,0,0.013322055,-0.012012705,0.014791369,-0.018626206,0.017397571,0.008354747,False,0.0
265583.31310896,20000000,0.010160685,-0.008931279,0.013941348,-0.013156302,0.011115963,0.024944175,False,0.0
265583.33310896,0,0.0035597682,-0.0039595664,0.017291248,-0.017127473,0.0067919283,0.050498858,False,0.0
265583.35310896,0,-0.008910328,-0.0011522025,0.016607642,-0.016360775,-0.00055511296,0.08466109,False,0.0
265583.37310896,20000000,-0.016046524,-0.0057313293,0.010663748,-0.022452477,-0.007069305,0.10609378,False,0.0
265583.39310896,0,-0.022818387,-0.007041335,0.005323291,-0.033656597,-0.014575904,0.1153684,False,0.0
265583.41310896,20000000,-0.019263536,-0.011248827,-0.0041486025,-0.054211646,-0.016876562,0.09960982,False,0.0
265583.43310896,0,-0.013607353,-0.01983738,-0.009167254,-0.06126701,-0.015818683,0.060499545,False,0.0
265583.45310896,0,-0.012452066,-0.016122237,-0.00763911,-0.05061181,-0.015736638,0.028908677,False,0.0
265583.47310896,20000000,-0.01223892,-0.0042065233,-0.006773591,-0.038312804,-0.011709236,0.011477578,False,0.0
265583.49310896,0,-0.012834549,0.0026435107,-0.0033342242,-0.027218636,-0.020769553,0.009953676,False,0.0
265583.51310896,0,-0.008825213,0.0027650744,-0.0065897107,-0.016754784,-0.02877833,0.007795262,False,0.0
265583.53310896,0,-0.008110821,0.0059431493,-0.007708013,-0.012907944,-0.017589409,0.0048514097,False,0.0
265583.55310896,0,-0.003527373,0.0008646101,-0.01189661,-0.0064422456,-0.0013717096,-0.0015756264,False,0.0
265583.57310896,0,-0.0068217516,0.003571391,-0.0060942173,-0.0043332027,-0.001519681,-0.0031850543,False,0.0
265583.59310896,0,-0.0069273114,0.0050863624,-0.00429672,-0.009111966,0.009433192,-0.008479393,False,0.0
265583.61310896,20000000,-0.0022768676,0.003660962,-0.000772357,-0.013531277,0.018418858,-0.0035295067,False,0.0
265583.63310896,0,0.0066070557,0.0013859272,-0.003608644,-0.026881019,0.022145107,-0.011752053,False,0.0
265583.65310896,0,0.016386658,0.0015820712,-0.010926783,-0.033569228,0.028431347,-0.03574146,False,0.0
265583.67310896,20000000,0.012751728,0.009866685,-0.0045888424,-0.038391225,0.030318948,-0.04335514,False,0.0
265583.69310896,0,0.0052526593,0.01691942,0.0049565434,-0.022990754,0.023787132,-0.021166805,False,0.0
265583.71310896,20000000,-0.0016567111,0.019459188,0.007018268,-0.008554556,0.007725889,0.0096108895,False,0.0
265583.73310896,0,-0.008584827,0.014067352,0.005694151,-0.0061790356,0.000789538,0.035818804,False,0.0
265583.753108961,0,-0.012574375,0.01087521,0.0038625598,-0.007747123,-0.008831937,0.051942177,False,0.0
265583.773108961,0,-0.011902362,0.004112467,-0.0019008517,-0.014546048,-0.0068520326,0.048519254,False,0.0
265583.793108961,0,-0.010568619,-0.0022086054,-0.009797156,-0.029126044,-0.013475183,0.035514865,False,0.0
265583.813108961,20000000,-0.0038214922,-0.0030802637,-0.014396131,-0.049353346,0.007647505,0.011717441,False,0.0
265583.833036167,0,0.0002863743,-0.004441483,-0.01652178,-0.057343364,0.01768572,-0.0082881,False,0.0
265583.853036167,0,0.00027233362,-0.002728507,-0.013081729,-0.04574462,0.016768506,-0.020568002,False,0.0
265583.873036167,20000000,0.00025880337,-0.0010157526,-0.00964272,-0.034145877,0.01585129,-0.032847904,False,0.0
265583.893036167,40000000,0.00010457635,0.0028428435,-0.00739938,-0.025624441,0.012994671,-0.04123584,False,0.0
265583.913036167,0,0.00063967705,0.006402567,-0.0066379905,-0.019336427,0.010891523,-0.04645093,False,0.0
265583.933036167,0,0.0007954538,0.008186966,-0.0055646896,-0.017669624,0.00808679,-0.04412302,False,0.0
265583.953036167,20000000,0.0020385683,0.0094203055,-0.004878342,-0.01773901,0.011497041,-0.034713786,False,0.0
265583.973036167,0,0.0012349486,0.011242628,-0.0033743978,-0.019858299,0.0115831625,-0.020966593,False,0.0
265583.993036167,20000000,0.0024590194,0.010453686,-0.002677083,-0.019680388,0.014241619,-0.009886196,False,0.0
265584.013036167,0,0.001860261,0.0070508122,-0.0012778044,-0.021701798,0.017741565,-0.00059350673,False,0.0
265584.033036167,0,0.0013436079,0.004729554,-0.00060629845,-0.023673419,0.022808284,0.0035485397,False,0.0
265584.053036167,20000000,0.0013768375,0.0039105415,-0.0013610125,-0.028481249,0.021155542,0.0073474655,False,0.0
265584.073036167,0,0.00082975626,0.0029362887,0.00044065714,-0.03215516,0.016214766,0.009149853,False,0.0
265584.093036167,20000000,0.00038933754,0.0013776124,0.00020694733,-0.039271813,0.011802581,0.011509101,False,0.0
265584.113036167,0,-0.0012495816,0.0003427118,0.001383841,-0.041752204,0.010205138,0.014968592,False,0.0
265584.133036167,0,-0.0018430352,-0.0017633736,0.0042910576,-0.036668755,0.0034769583,0.014102241,False,0.0
265584.153036167,20000000,-0.0018947124,-0.0028191358,0.0041804314,-0.03187905,-0.00046524685,0.011099266,False,0.0
265584.173036167,0,3.787875e-05,-0.0055318475,0.0015166998,-0.028338308,-0.0035166233,0.006189183,False,0.0
265584.193036167,20000000,0.004849255,-0.008877099,-0.003563106,-0.025327729,0.0041207685,-0.013023665,False,0.0
265584.213036167,0,0.0030160546,-0.0054968894,-0.0025669336,-0.023260199,0.007405849,-0.026308067,False,0.0
265584.233036167,20000000,0.0019573867,-0.0010882318,-0.0019057393,-0.022018123,0.003215745,-0.025150817,False,0.0
265584.253036167,0,0.0025535822,0.0037607253,-0.0023517609,-0.018410636,-0.0021184366,-0.015519499,False,0.0
265584.293036167,0,0.0019551814,0.0073574036,-0.0016959906,-0.018776732,0.0005679093,0.0053296313,False,0.0
265584.313036167,0,0.0021265745,0.005678132,-0.0034085512,-0.02402838,0.0046694693,0.014549323,False,0.0
265584.333036167,20000000,0.00086694956,0.0061982423,-0.007573724,-0.030547677,0.010329833,0.02329864,False,0.0
265584.353036167,0,0.0012433529,0.0065290183,-0.011244059,-0.031010995,0.02350067,0.027000632,False,0.0
265584.373036167,20000000,-0.0039395094,-0.0014318377,-0.007732153,-0.0018118042,0.018639766,0.03604551,False,0.0
265584.393036167,0,-0.0051787198,-0.01437144,-0.006363809,0.07308956,0.013175651,0.052095648,False,0.0
265584.413036167,0,-0.0009793937,-0.0023845136,-0.013122857,0.14942707,0.010351699,0.03139565,False,0.0
265584.433036167,20000000,-0.0025828183,-0.004051268,-0.009374499,0.21558028,-0.0011109086,-0.0032375194,False,0.0
265584.453036167,0,-0.007748902,0.0013579726,-0.008359969,0.26008767,-0.018137503,-0.031094976,False,0.0
265584.473036167,0,-0.0060400665,0.0048912317,-0.010637999,0.28183138,-0.026310364,-0.04730595,False,0.0
265584.493036167,20000000,-0.0030896664,0.010728404,-0.009025753,0.26244876,-0.021944797,-0.04259747,False,0.0
265584.513036167,0,0.005212009,0.012521714,-0.008055091,0.21432272,-0.01446029,-0.03147289,False,0.0
265584.533036167,20000000,0.005093932,0.019169867,-0.0039658546,0.1450492,0.0016683564,-0.03670516,False,0.0
265584.553036167,0,0.0031834543,-0.003759563,0.009066403,0.12224565,0.01585757,-0.029242005,False,0.0
265584.573036167,0,-0.0049882233,-0.011132956,0.014424503,0.14423443,0.019830642,0.012007084,False,0.0
265584.593036167,0,-0.014979124,0.0041852444,0.01843357,0.15664886,0.027229805,0.049117383,False,0.0
265584.613036167,0,-0.022685885,0.0011154115,0.0123900175,0.15919204,0.036288932,0.06847911,False,0.0
265584.633036167,20000000,-0.026992053,-0.008061305,0.008908331,0.16100667,0.054600403,0.07817154,False,0.0
265584.653036167,0,-0.021134704,-0.031899825,-0.002194047,0.13507405,0.067236565,0.09295306,False,0.0
265584.673036167,0,-0.0161044,-0.020920709,-0.0012099743,0.091288894,0.08785406,0.10225096,False,0.0
265584.693036167,20000000,-0.02119711,-0.01559639,-0.0023892522,0.06451777,0.10183855,0.091262355,False,0.0
265584.713036167,0,-0.022656411,-0.0033846498,-0.0011197329,0.0014654323,0.0907707,0.06938537,False,0.0
265584.733036168,0,-0.027192473,-0.00050507486,0.00015032291,-0.07477448,0.06146993,0.036027152,False,0.0
265584.753036168,0,-0.025506347,-0.021207392,0.005983293,-0.07495241,0.03517088,-0.0015435368,False,0.0
265584.773036168,20000000,-0.023819894,-0.041910127,0.01181227,-0.07513034,0.008871833,-0.03911422,False,0.0
265584.793036168,40000000,-0.00062933564,-0.043459952,-0.0022073984,-0.068107486,0.027811432,-0.09232196,False,0.0
265584.813036168,0,-0.0062026978,-0.021812364,0.0034314394,-0.08613069,0.025191266,-0.11838273,False,0.0
265584.833036168,0,-0.0012100339,-0.020784587,-0.0028387308,-0.10287724,0.04422469,-0.10743068,False,0.0
265584.853036168,20000000,-0.0060938895,-0.015380055,-0.002838552,-0.09474793,0.06966159,-0.072642565,False,0.0
265584.873036168,0,-0.00045531988,-0.0027888566,-0.0058282614,-0.047449637,0.096804835,-0.03343137,False,0.0
265584.893036168,0,0.00907442,0.0062859207,-0.0064293146,-0.02879533,0.12760821,0.0042669885,False,0.0
265584.913036168,0,0.0108059645,-0.005072832,-0.0016252995,0.016054472,0.13526629,0.025528146,False,0.0
265584.933036168,0,0.010451585,-0.00019700825,0.0031309724,0.05632639,0.11649773,0.023225315,False,0.0
265584.953036168,20000000,0.013773203,0.027607903,0.003556013,0.022719543,0.09905315,0.03953962,False,0.0
265584.973036168,0,0.011281133,0.011000708,0.014151692,0.047041755,0.06470348,0.04563142,False,0.0
265584.993036168,0,0.016315341,0.015460506,0.011200011,0.04150357,0.034351137,0.07624379,False,0.0
265585.013036168,0,0.014928043,0.014102638,0.014542699,0.04210479,0.020342562,0.09742762,False,0.0
265585.033036168,0,0.015413791,0.009423673,0.014137149,0.04594082,0.013462568,0.111748725,False,0.0
265585.053036168,20000000,0.011866361,0.011578351,0.009942651,0.02062626,0.027892623,0.13990626,False,0.0
265585.073036168,0,0.00535053,0.017025694,0.016064227,-0.0076783113,0.024423067,0.17588474,False,0.0
265585.093036168,20000000,0.0022239983,-0.0032491684,0.018504083,-0.017444558,-0.0003498979,0.18666698,False,0.0
265585.113036168,0,-0.0093328655,-0.0051995963,0.027045071,-0.03508508,-0.038394917,0.18265165,False,0.0
265585.133036168,0,-0.011256516,-0.013415933,0.021678686,-0.045608044,-0.061768718,0.16282916,False,0.0
265585.153036168,0,-0.008595675,-0.020595059,0.017339349,-0.018249743,-0.0812335,0.123092614,False,0.0
265585.173036168,0,-0.0005119145,-0.022668108,0.007828057,-0.0027794065,-0.08544643,0.07278441,False,0.0
265585.193036168,0,0.0019231737,-0.024313256,0.003029585,0.027317632,-0.091056876,0.020359728,False,0.0
265585.213036168,20000000,-0.0016218424,-0.02080907,0.004203856,0.07734439,-0.10845542,-0.015915662,False,0.0
265585.233036168,0,0.0032579899,0.0103686005,-0.0059977174,0.032007396,-0.08424121,-0.008425424,False,0.0
265585.253036168,0,-0.00084015727,-0.0042779148,-0.0011149049,0.039068166,-0.07041268,-0.0064888243,False,0.0
265585.273036168,20000000,0.010505408,0.009384498,-0.011780858,0.0017170422,-0.04285734,0.006986412,False,0.0
265585.293036168,0,0.010200977,0.010175899,-0.009091139,-0.024234373,-0.028887646,0.0070907874,False,0.0
265585.313036168,20000000,0.015314162,0.018747434,-0.0135707855,-0.09509611,-0.005908346,0.016780559,False,0.0
265585.333036168,0,0.02657324,0.014598399,-0.018082976,-0.15878451,0.04073242,0.05368073,False,0.0
265585.353036168,0,0.019809961,0.005464405,-0.013687432,-0.18936266,0.079238385,0.058155954,False,0.0
265585.373036168,0,0.010413408,-0.005233228,0.0022935867,-0.15994443,0.050999463,0.027549716,False,0.0
265585.393036168,20000000,0.01430738,-0.007949978,0.010540903,-0.10401574,0.01670998,0.0032970086,False,0.0
265585.413036168,0,0.010374486,-0.0064651817,0.022816122,-0.033467762,-0.018447846,-0.017099291,False,0.0
265585.433036168,20000000,-0.002211064,0.0021799654,0.02686423,0.009382695,-0.06542792,0.014264315,False,0.0
265585.453036168,0,-0.014023572,0.0005580634,0.02030325,0.08020208,-0.11266267,0.03728141,False,0.0
265585.473036168,20000000,-0.007893324,0.021253556,-0.0018895864,0.08211772,-0.12790756,0.06645557,False,0.0
265585.493036168,0,-0.008333117,0.008703053,-0.0064917207,0.068132125,-0.12776168,0.061134417,False,0.0
265585.513036168,0,-0.0034502447,-0.00035391748,-0.010823071,0.07800115,-0.1218813,0.05183653,False,0.0
265585.533036168,0,-9.825826e-05,0.0054237545,-0.014572322,0.0620111,-0.08825617,0.037683733,False,0.0
265585.553036168,0,-0.004760504,0.011923283,-0.0120690465,0.04578172,-0.07093809,0.042066913,False,0.0
265585.573036168,0,-0.0055847466,0.010359034,-0.008587122,0.02428209,-0.07394663,0.048336618,False,0.0
265585.593036168,0,-0.0098668635,0.013149232,-0.0069739223,-0.0004545059,-0.07246964,0.05536379,False,0.0
265585.613036168,20000000,-0.005720377,0.007950917,-0.012904584,-0.008225689,-0.06072046,0.06591764,False,0.0
265585.633036168,0,-0.0069529414,0.004659593,-0.011441827,-0.017298618,-0.040549077,0.058016308,False,0.0
265585.653036168,20000000,-0.0050267577,0.00092566013,-0.0049713254,-0.01673575,-0.041000362,0.044524014,False,0.0
265585.673036168,0,-0.007925242,0.0049066097,-0.005650699,-0.042496964,-0.042003613,0.031199194,False,0.0
265585.693036168,0,-0.010281771,-0.005198568,-0.006092787,-0.050831098,-0.036115512,0.011736073,False,0.0
265585.713036168,20000000,-0.008149147,-0.014484644,-0.00016283989,-0.028380645,-0.032111373,-0.024243183,False,0.0
265585.733036168,0,0.0010076463,-0.014709532,-0.0019843578,-0.017340377,-0.038731605,-0.03587003,False,0.0
265585.753036168,20000000,-0.0030249357,-0.004919857,0.0028777719,-0.03137128,-0.029650988,-0.0076244976,False,0.0
265585.773036168,0,-0.0025202334,-0.0068627894,0.005772412,0.034409776,-0.014962859,-0.032681383,False,0.0
265585.793036168,0,0.0014346242,-0.0028328747,0.0023943782,-0.005035717,-0.0076119765,0.043181896,False,0.0
265585.813036169,20000000,0.00404346,-0.0023002177,0.00041109324,-0.012262334,0.01530049,0.06368178,False,0.0
265585.833036169,0,0.0027027726,-0.0067216307,0.0013158321,-0.00252466,0.0097902715,0.092912965,False,0.0
265585.853036169,0,-0.0017438531,-0.005246058,0.0037386417,0.0032164059,0.02668445,0.10514655,False,0.0
265585.873036169,20000000,-0.0047569573,-0.0016730577,0.0034966469,0.02017705,0.0143755125,0.12346694,False,0.0
265585.893036169,0,-0.010607749,-0.011061341,0.0056004524,0.04608784,0.014005785,0.118072316,False,0.0
265585.913036169,0,-0.010735393,-0.014887661,-0.0027105212,0.047359888,0.010625229,0.09859577,False,0.0
265585.933036169,0,-0.013425559,-0.018998817,-0.00065904856,0.036475334,-0.010965326,0.06436032,False,0.0
265585.953036169,0,-0.011390954,-0.016859815,-0.0034092069,0.02507935,-0.014904285,0.028969027,False,0.0
265585.973036169,20000000,-0.009878755,-0.016436666,-0.0053915977,0.010456418,-0.013380262,0.008165445,False,0.0
265585.993036169,0,-0.0076622963,-0.010384753,-0.00037366152,0.008411251,-0.019676387,-0.012769714,False,0.0
265586.013036169,20000000,-0.008911699,-0.004702881,0.0014891624,0.0069749653,-0.017032197,-0.012141986,False,0.0
265586.033036169,0,-0.010752201,-0.0009882599,0.0011853576,0.00080634607,-0.02165208,-0.008854512,False,0.0
265586.053036169,0,-0.005775839,0.001676932,-0.0008175373,-0.00314932,-0.0138900615,0.004946133,False,0.0
265586.073036169,0,-0.0009100139,0.0009933859,-0.0061793923,-0.0029479002,0.0072002932,0.0087414365,False,0.0
265586.093036169,0,-0.003037572,0.0017432421,-0.0028060675,-0.009632645,0.009034059,0.014570929,False,0.0
265586.113036169,20000000,-0.0034354925,0.0011718571,-0.0020121336,-0.0022332324,0.016410429,0.019679803,False,0.0
265586.133036169,0,-0.0024195313,-0.006299764,0.0012744665,0.008221421,0.026036317,0.014115871,False,0.0
265586.153036169,0,-0.004910767,-0.0013423264,0.002087772,0.015261152,0.023997983,0.01789138,False,0.0
265586.173036169,20000000,-0.0019651651,-8.802116e-05,-0.00097054243,0.019834358,0.022483531,0.01315682,False,0.0
265586.193020167,0,-0.0068347435,-0.0028207086,0.003987702,0.01950866,-0.0050660023,0.010242911,False,0.0
265586.213020167,0,-0.005412549,-0.0043934733,0.0018157959,0.018745523,-0.01288064,0.005577875,False,0.0
265586.233020167,0,-0.003692776,-0.004038796,0.00012457371,0.01867069,-0.011714865,0.0051750336,False,0.0
265586.253020167,20000000,-0.0028682053,-0.004965663,0.0004040599,0.015028943,-0.009194069,0.0050363652,False,0.0
265586.273020167,0,-0.00021415949,-0.0057991296,-0.0008804798,0.012897726,-0.004858287,0.00047537033,False,0.0
265586.293020167,20000000,0.0015382767,-0.004864648,-0.0015100241,0.0043642484,0.001261313,-0.00024394272,False,0.0
265586.313020167,0,0.0049459636,-0.0037569255,-0.0029001832,-0.012138158,0.010614043,0.0022388422,False,0.0
265586.353020167,0,0.005548835,-0.0023387074,-0.0013136268,-0.030246023,0.017439116,-0.0030181496,False,0.0
265586.373020167,0,0.007513851,-0.0012199879,-0.00060641766,-0.029537283,0.017928295,-0.0027762214,False,0.0
265586.393020167,20000000,0.005690694,0.001379475,0.0039724708,-0.016651351,0.013967211,0.00534284,False,0.0
265586.413020167,0,0.0026419759,0.0041152835,0.0057514906,-0.0070436746,0.013977744,0.018497143,False,0.0
265586.433020167,0,0.00071036816,0.0025004596,0.0037093163,-0.0070864474,0.0139625715,0.038844023,False,0.0
265586.453020167,0,0.0015093386,-0.0026993304,0.00025433302,-0.005690136,0.013486401,0.045739815,False,0.0
265586.473020167,20000000,0.0048763454,-0.008862048,-0.0033407807,-0.006741838,0.010752235,0.027945224,False,0.0
265586.493020167,0,0.005551994,-0.0075462162,-0.0046230555,-0.008400028,0.008319263,0.0044893175,False,0.0
265586.513020167,0,0.0023590624,0.00010189414,-0.0004672408,-0.006932288,-0.0006122738,-0.0019320347,False,0.0
265586.533020167,20000000,0.0031400323,0.0032922179,0.0006944537,-0.0013903957,-0.0103136,-0.004645928,False,0.0
265586.553020167,0,0.0016794205,0.008137599,0.0019218922,0.008136504,-0.015544412,-0.0017558611,False,0.0
265586.573020167,20000000,-0.004963517,0.013149187,0.002955079,0.0127496775,-0.025975324,0.009159835,False,0.0
265586.593020167,0,-0.010897279,0.013615817,0.0034564137,0.015637912,-0.038991675,0.02693672,False,0.0
265586.613020167,0,-0.014335722,0.01007472,0.00067961216,0.014877586,-0.046621222,0.03709192,False,0.0
265586.633020167,20000000,-0.014339179,0.003935337,-0.0016570687,0.017205125,-0.04773632,0.037336335,False,0.0
265586.653020167,0,-0.015882343,-0.0019465238,-0.0031764507,0.027488597,-0.044028126,0.025449693,False,0.0
265586.673020167,20000000,-0.015742242,-0.0060685724,-0.0048239827,0.033251382,-0.042750727,0.012532804,False,0.0
265586.693020167,0,-0.017923206,-0.0051136166,-0.004079342,0.033201706,-0.037220646,-0.002478172,False,0.0
265586.713020167,0,-0.018102646,-0.0057733804,-0.0035762787,0.03485475,-0.037793994,-0.011062949,False,0.0
265586.733020167,0,-0.014636755,-0.0064163953,-0.007542312,0.03406792,-0.033419024,-0.017669022,False,0.0
265586.753020167,0,-0.0121077895,-0.0053810626,-0.009182513,0.02388788,-0.024084907,-0.024817906,False,0.0
265586.773020167,20000000,-0.006455183,-0.0027082562,-0.011302829,0.014372477,-0.0066942777,-0.027768947,False,0.0
265586.793020167,0,-0.0053872764,0.0009854138,-0.009743452,0.009960452,0.009253059,-0.024693256,False,0.0
265586.813020167,0,0.00038573146,0.001639396,-0.013860345,0.0018705828,0.025698151,-0.017547917,False,0.0
265586.833020167,20000000,0.0053761303,0.006137818,-0.018675447,-0.0051075467,0.038938716,-0.016984286,False,0.0
265586.853020167,0,0.011695683,0.012147456,-0.023119628,-0.013201615,0.04370732,-0.01668024,False,0.0
265586.873020167,0,0.021442086,0.019133657,-0.03639722,-0.022461548,0.043422572,-0.029617015,False,0.0
265586.893020167,20000000,0.026909292,0.031423733,-0.04259652,-0.01898879,0.030588627,-0.03818555,False,0.0
265586.913020167,0,0.0316754,0.045147285,-0.050170183,0.008000486,0.022757564,-0.030244567,False,0.0
265586.933020167,20000000,0.033526182,0.06033446,-0.05211544,0.061703045,0.007893876,-0.009057103,False,0.0
265586.953020167,0,0.033994496,0.070970014,-0.04983425,0.12988445,0.008958084,0.019696698,False,0.0
265586.973020167,0,0.03157738,0.07832405,-0.042327225,0.19937497,0.0093514975,0.06462851,False,0.0
265586.993020167,0,0.02062735,0.08196238,-0.027376533,0.25641644,0.020820763,0.11864929,False,0.0
265587.013020167,0,0.013771981,0.07012062,-0.014341652,0.29524788,0.03323947,0.16517349,False,0.0
265587.033020167,0,0.00964424,0.04907362,-0.006878972,0.3089443,0.042250916,0.18652897,False,0.0
265587.053020167,20000000,0.0025098622,0.027040452,0.0014597774,0.3133337,0.042591207,0.17954259,False,0.0
265587.073020167,0,-0.0070382357,0.01709427,0.019221544,0.31058243,0.03169943,0.16636072,False,0.0
265587.093020167,0,-0.011579692,0.009473711,0.02745533,0.30004108,0.014461167,0.15353523,False,0.0
265587.113020168,0,-0.012583971,-0.00048300624,0.031515896,0.28774384,-0.0074669123,0.12899224,False,0.0
265587.133020168,0,-0.012641907,-0.0071110725,0.033252418,0.26788607,-0.01890663,0.09563377,False,0.0
265587.153020168,20000000,-0.01127702,-0.0082478225,0.03229505,0.24766375,-0.021694759,0.060812555,False,0.0
265587.173020168,0,-0.0095021725,-0.010926783,0.027828455,0.21202523,-0.027133975,0.033977,False,0.0
265587.193020168,0,-0.0049157143,-0.014610082,0.021138966,0.17649117,-0.019834682,0.0023836158,False,0.0
265587.213020168,20000000,-0.0050503314,-0.014436662,0.02456534,0.1556309,-0.021973113,-0.011974301,False,0.0
265587.233020168,0,-0.0073239505,-0.0108321905,0.026191652,0.148181,-0.026545197,-0.009819285,False,0.0
265587.253020168,0,-0.004523456,-0.01073426,0.022886455,0.13783306,-0.026589844,-0.00038026087,False,0.0
265587.273020168,0,0.0014391243,-0.012348592,0.017110169,0.12921777,-0.020251015,0.004641231,False,0.0
265587.293020168,0,0.0018627346,-0.013780385,0.015305042,0.120005116,-0.0055240123,0.01122915,False,0.0
265587.313020168,20000000,-0.006354004,-0.021514267,0.02153802,0.10688407,-0.012357106,0.040109146,False,0.0
265587.333020168,0,-0.007665992,-0.034776658,0.022160769,0.13531896,-0.0036830166,0.055560835,False,0.0
265587.353020168,0,-0.002592653,-0.038275808,0.020391583,0.17376152,0.0022609183,0.060487382,False,0.0
265587.373020168,20000000,-0.0005737841,-0.028894871,0.018377542,0.1648212,0.00096126774,0.054290384,False,0.0
265587.393020168,0,-0.005026549,-0.037687004,0.020319223,0.1481031,-0.013420255,0.047988355,False,0.0
265587.413020168,0,-0.0077619553,-0.040682137,0.024073005,0.17206432,-0.029038928,0.057563305,False,0.0
265587.433020168,20000000,-0.0067174733,-0.03589827,0.021052599,0.17205098,-0.049309928,0.077308625,False,0.0
265587.453020168,0,-0.0041776,-0.046480447,0.016727924,0.17694998,-0.05553649,0.080639824,False,0.0
265587.473020168,0,-0.0030511618,-0.047985375,0.017211676,0.17509912,-0.05240836,0.08667724,False,0.0
265587.493020168,20000000,-0.00039681792,-0.049731255,0.018262923,0.17171954,-0.035445526,0.09411093,False,0.0
265587.513020168,0,-0.0047002137,-0.0505881,0.022666156,0.15938734,-0.02738116,0.09165857,False,0.0
265587.533020168,20000000,-0.010048121,-0.05459076,0.027495444,0.150485,-0.031299528,0.08263767,False,0.0
265587.553020168,0,-0.00923112,-0.058670342,0.030465722,0.13759574,-0.034186292,0.0676212,False,0.0
265587.573020168,20000000,-0.007977605,-0.06074217,0.028101683,0.1151593,-0.042187594,0.04581317,False,0.0
265587.593020168,0,-0.0023491383,-0.058449328,0.019620001,0.08832364,-0.040900297,0.017193045,False,0.0
265587.613020168,0,0.0006733537,-0.048359454,0.014388263,0.04539877,-0.04438658,-0.0113405585,False,0.0
265587.633020168,20000000,-1.4066696e-05,-0.031864434,0.013473749,0.0010331422,-0.043072633,-0.02055728,False,0.0
265587.653020168,0,-0.0027730763,-0.021606505,0.017092586,-0.037441876,-0.042478334,-0.021089751,False,0.0
265587.673020168,20000000,-0.0072307885,-0.013281792,0.0192976,-0.056338664,-0.04490296,-0.0050679035,False,0.0
265587.693020168,0,-0.012431055,-0.0038134456,0.02149278,-0.06301903,-0.053629935,0.028162729,False,0.0
265587.713020168,0,-0.012883157,0.00057169795,0.020080566,-0.07011133,-0.06710759,0.05541534,False,0.0
265587.733020168,20000000,-0.013261437,0.005608648,0.010664403,-0.09859558,-0.080146626,0.06421847,False,0.0
265587.753020168,0,-0.015087664,0.00044846535,0.00565958,-0.14021748,-0.08079361,0.044443086,False,0.0
265587.773020168,20000000,-0.020318508,0.005092174,-0.0018975139,-0.20285222,-0.08436366,0.034714933,False,0.0
265587.793020168,0,-0.015413851,-0.025484085,-0.005481243,-0.23966178,-0.07164595,0.034691565,False,0.0
265587.813020168,0,-0.010934025,-0.031364143,0.00096046925,-0.20236577,-0.06514803,0.010820895,False,0.0
265587.833020168,20000000,0.00032174587,-0.028371483,-0.011113346,-0.17379598,-0.04222493,-0.030450307,False,0.0
265587.853020168,0,-0.007152021,-0.0063651204,-0.0069081187,-0.1669169,-0.028955922,-0.06321112,False,0.0
265587.873020168,0,-0.015334249,0.0014560223,-0.005432427,-0.17522405,-0.03722725,-0.07285128,False,0.0
265587.893020168,0,-0.014856219,-0.0026588738,-0.0017187595,-0.1446528,-0.044259053,-0.07525168,False,0.0
265587.913020168,20000000,-0.016380697,0.00095796585,0.007957995,-0.07196609,-0.04495813,-0.07668546,False,0.0
265587.933020168,0,-0.010013133,0.014468193,0.0005046725,-0.016543783,-0.061772898,-0.09106794,False,0.0
265587.953020168,0,-0.0029894412,0.017188132,-0.015209436,-0.025839929,-0.061769117,-0.10975176,False,0.0
265587.973020168,20000000,-0.0059497356,0.022714466,-0.017136753,-0.054007825,-0.06465283,-0.12197171,False,0.0
265587.993020168,0,-0.0061867833,0.017253429,-0.017704546,-0.07387914,-0.06519001,-0.1198477,False,0.0
265588.013020168,20000000,0.00020855665,0.018758595,-0.015819848,-0.093007214,-0.055484466,-0.119992524,False,0.0
265588.033020168,0,0.005143523,0.016616732,-0.017054737,-0.10213117,-0.033984687,-0.10927401,False,0.0
265588.053020168,0,0.0008402467,0.013762504,-0.011632204,-0.08758736,-0.027052574,-0.10610446,False,0.0
265588.073020168,0,-0.0042509437,0.013487697,-0.0101796985,-0.07325314,-0.02609952,-0.11414905,False,0.0
265588.093020168,20000000,-0.00845179,0.013940632,-0.0098798275,-0.058852736,-0.03477408,-0.11093631,False,0.0
265588.113020168,0,-0.014699876,0.009741396,-0.0010688901,-0.037235864,-0.050001852,-0.08561438,False,0.0
265588.133020168,0,-0.003180623,-0.0074122846,-0.012283742,0.003432203,-0.05746025,-0.09213631,False,0.0
265588.153020168,20000000,0.0042366683,-0.010696471,-0.027430594,0.055405006,-0.027910415,-0.1341463,False,0.0
265588.173020168,0,0.0072943866,0.0019046664,-0.031245232,0.057339143,-0.014077231,-0.1297782,False,0.0
265588.193020169,0,8.6307526e-05,-0.0050731003,-0.025273204,0.088413596,-0.0021971911,-0.16360386,False,0.0
265588.213020169,20000000,-0.011561453,-0.022765875,-0.010644734,0.19958526,-0.084310874,-0.23531348,False,0.0
265588.233020169,0,0.008591741,-0.0010085702,-0.02439481,0.27864376,-0.08970651,-0.28041002,False,0.0
265588.253020169,20000000,0.014298648,0.03213966,-0.03392452,0.28960362,-0.05218351,-0.282793,False,0.0
265588.273020169,0,0.0026783943,0.08354452,-0.03868091,0.18004724,-0.044511158,-0.25792757,False,0.0
265588.293020169,0,-4.7534704e-05,0.06754379,-0.04587221,0.1018017,-0.034663126,-0.25573176,False,0.0
265588.313020169,0,0.0026968122,0.043815345,-0.041264415,0.07688027,-0.0531113,-0.1951809,False,0.0
265588.333020169,0,-0.0021007955,0.025284618,-0.026139557,0.1450448,-0.04929964,-0.19146071,False,0.0
265588.353020169,20000000,0.014635891,0.025901884,-0.031232178,0.1980552,-0.001755368,-0.23889829,False,0.0
265588.373020169,0,0.010423362,0.036583185,-0.040160656,0.1624514,0.03573991,-0.2364479,False,0.0
265588.393020169,20000000,-0.015568405,0.017430186,-0.0033860207,0.15381086,0.0011885948,-0.19490385,False,0.0
265588.413020169,0,-0.01771298,-0.012491405,0.008404136,0.23914388,-0.04072702,-0.24517396,False,0.0
265588.433020169,0,-0.025147647,-0.058050632,0.0068811774,0.37671095,-0.1615297,-0.49213085,False,0.0
265588.453020169,20000000,-0.009981126,-0.10459879,0.010054946,0.5287669,-0.22841069,-0.8072177,False,0.0
265588.473020169,0,-0.022212893,-0.12135282,0.016343057,0.6296553,-0.32955235,-1.1765329,False,0.0
265588.493020169,0,-0.05046138,-0.16214254,0.023817956,0.6968025,-0.44860712,-1.5862898,False,0.0
265588.513020169,20000000,-0.065763414,-0.20343241,0.04228854,0.8233021,-0.56289595,-2.0678854,False,0.0
265588.533020169,0,-0.09290841,-0.18683347,0.047370434,0.96203256,-0.7049296,-2.5225337,False,0.0
265588.553020169,0,-0.094861746,-0.179584,0.06423259,1.147821,-0.82280445,-2.898336,False,0.0
265588.572980667,0,-0.13310966,-0.02188119,0.034514144,1.0967548,-0.9342343,-2.908838,False,0.0
265588.592980667,20000000,-0.10255915,0.07480143,0.00084632635,1.0163157,-0.94200706,-2.828395,False,0.0
265588.612980667,0,-0.056821465,0.14185771,-0.037316322,0.8186089,-0.88397235,-2.578333,False,0.0
265588.632980667,0,-0.04702127,0.19417313,-0.04919797,0.6250223,-0.79919267,-2.2192588,False,0.0
265588.652980667,20000000,-0.018238157,0.22760582,-0.06175345,0.42291212,-0.70434433,-1.7438098,False,0.0
265588.672980667,0,0.009149224,0.23141798,-0.07601458,0.23398498,-0.54076755,-1.2822263,False,0.0
265588.692980667,20000000,0.026744038,0.20714726,-0.076716185,0.06878705,-0.37295234,-0.87957215,False,0.0
265588.712980667,0,0.027444541,0.17046349,-0.06363565,-0.03256371,-0.21662827,-0.5601494,False,0.0
265588.732980667,20000000,0.027659655,0.122085884,-0.049609542,-0.08605945,-0.10469888,-0.32783103,False,0.0
265588.752980667,0,0.019180834,0.12249203,-0.028918564,-0.14062497,-0.0693592,-0.10898031,False,0.0
265588.772980667,0,0.008623898,0.13972819,-0.01165992,-0.2500619,-0.10409754,0.075377166,False,0.0
265588.792980667,20000000,0.0052239,0.16851783,-0.008224249,-0.46547318,-0.1553644,0.28600872,False,0.0
265588.812980667,0,-0.0005930364,0.2036655,-0.0045771003,-0.72589964,-0.23665649,0.60003483,False,0.0
265588.832980667,0,0.008995175,0.22941506,-0.011769831,-1.0167832,-0.2806547,1.0196946,False,0.0
265588.852980667,0,0.021915555,0.25092137,-0.039281964,-1.3625042,-0.2321125,1.5072566,False,0.0
265588.872980667,0,0.023673087,0.25358915,-0.05726713,-1.7085495,-0.12572515,2.035416,False,0.0
265588.892980667,20000000,0.002144903,0.22397809,-0.059938192,-2.0202942,0.008163109,2.5721397,False,0.0
265588.912980667,0,-0.024037987,0.1727859,-0.058334887,-2.234035,0.18122914,3.0409145,False,0.0
265588.932980667,0,-0.065862656,0.12821901,-0.042844236,-2.38931,0.25831,3.4849474,False,0.0
265588.952980667,20000000,-0.09724249,0.0633101,-0.033841908,-2.4841666,0.33959627,3.7636776,False,0.0
265588.972980667,0,-0.111060575,-0.004871525,-0.023892045,-2.5062935,0.3528601,3.89453,False,0.0
265588.992980667,20000000,-0.107114196,-0.068119705,-0.044704497,-2.5380783,0.3221296,3.874574,False,0.0
265589.012980667,0,-0.116113916,-0.13829874,-0.035087228,-2.4997385,0.26994184,3.7114463,False,0.0
265589.032980667,20000000,-0.11898495,-0.19374546,-0.027088284,-2.3677306,0.23277678,3.4341216,False,0.0
265589.052980667,0,-0.114903614,-0.2292754,-0.02221787,-2.1567585,0.14868748,3.078475,False,0.0
265589.072980667,0,-0.106500715,-0.24479796,-0.021487892,-1.8888527,0.021687746,2.6764216,False,0.0
265589.092980667,20000000,-0.09586772,-0.25313222,-0.02089411,-1.5854793,-0.09662789,2.2696283,False,0.0
265589.112980667,0,-0.084374756,-0.23762543,-0.020609558,-1.2729067,-0.18585362,1.879082,False,0.0
265589.132980667,20000000,-0.06819117,-0.20559934,-0.023261487,-1.0274252,-0.23275596,1.511165,False,0.0
265589.152980667,0,-0.067040935,-0.17356612,-0.017839432,-0.83202904,-0.27509105,1.1914734,False,0.0
265589.172980667,0,-0.064774975,-0.14950795,-0.016567767,-0.6685977,-0.3045635,0.931654,False,0.0
265589.192980667,20000000,-0.06270838,-0.12741366,-0.013627291,-0.5287161,-0.33786407,0.7152654,False,0.0
265589.212980667,0,-0.04797253,-0.12603909,-0.01716441,-0.38889122,-0.34235963,0.5110565,False,0.0
265589.232980667,0,-0.034178898,-0.11652074,-0.03140545,-0.32619894,-0.31317383,0.37826955,False,0.0
265589.252980667,0,-0.023958907,-0.10420986,-0.039978385,-0.29100493,-0.26372322,0.24263796,False,0.0
265589.272980667,20000000,-0.03457871,-0.0872882,-0.034063816,-0.27875063,-0.21142834,0.13977659,False,0.0
265589.292980667,0,-0.045312732,-0.0678444,-0.031561553,-0.27788693,-0.18838175,0.06675796,False,0.0
265589.312980667,0,-0.05386579,-0.055896737,-0.023881257,-0.2769654,-0.21200857,0.026893556,False,0.0
265589.332980667,20000000,-0.04628198,-0.055154815,-0.02428329,-0.26933673,-0.21184605,-0.0054408386,False,0.0
265589.352980667,0,-0.034481913,-0.04639767,-0.026049197,-0.25501314,-0.19187923,-0.04551462,False,0.0
265589.372980667,0,-0.025936335,-0.03492742,-0.026149154,-0.23274925,-0.16471443,-0.09887014,False,0.0
265589.392980667,0,-0.015669897,-0.029115811,-0.026897311,-0.20427853,-0.1312462,-0.14625397,False,0.0
265589.412980667,0,-0.011351734,-0.018923372,-0.020723104,-0.1791076,-0.09423122,-0.17768031,False,0.0
265589.432980668,20000000,-0.010350198,-0.011131525,-0.014311671,-0.15615256,-0.060874976,-0.19236241,False,0.0
265589.452980668,0,-0.009208649,-0.0074600577,-0.0074255466,-0.13942617,-0.04964236,-0.17178588,False,0.0
265589.472980668,20000000,-0.011595264,-0.009616941,0.0010399818,-0.12180846,-0.046360083,-0.14041692,False,0.0
265589.492980668,0,-0.019040823,-0.01143758,0.006373048,-0.10722557,-0.059549913,-0.09600282,False,0.0
265589.512980668,0,-0.026109874,-0.010252744,0.00633651,-0.09769042,-0.086892195,-0.046778254,False,0.0
265589.532980668,0,-0.029368073,-0.009139344,-0.00040495396,-0.10459316,-0.10835429,-0.011715662,False,0.0
265589.552980668,0,-0.032586947,-0.003443405,-0.007913291,-0.11857816,-0.12546384,0.019524138,False,0.0
265589.572980668,0,-0.0313299,-0.00075915456,-0.01612246,-0.13964017,-0.12463585,0.037162013,False,0.0
265589.592980668,0,-0.03000316,-0.0028542876,-0.022418201,-0.14595276,-0.102450944,0.03916107,False,0.0
265589.612980668,20000000,-0.029548064,-0.0017335266,-0.024799109,-0.14496367,-0.05806073,0.036776505,False,0.0
265589.632980668,0,-0.033199295,-0.0024170429,-0.021213353,-0.14033557,-0.029420612,0.027804866,False,0.0
265589.652980668,0,-0.03607294,0.002119124,-0.017236948,-0.14422168,-0.0041429754,0.023011943,False,0.0
265589.672980668,20000000,-0.032805964,0.007043183,-0.014431715,-0.15478052,0.012582742,0.018608714,False,0.0
265589.692980668,0,-0.026959151,0.01128225,-0.013477504,-0.18469504,0.03520124,0.013032483,False,0.0
265589.712980668,20000000,-0.021112397,0.015524358,-0.012536228,-0.21460953,0.05781974,0.0074562514,False,0.0
265589.732980668,40000000,-0.018875837,0.01688224,-0.0056663156,-0.23373245,0.077203654,0.015684087,False,0.0
265589.752980668,0,-0.013269618,0.018660605,-0.004534781,-0.25155848,0.09339418,0.046322457,False,0.0
265589.772980668,0,-0.0072847903,0.015408263,-0.002861619,-0.26596004,0.09567763,0.059066776,False,0.0
265589.792980668,0,0.0026557595,0.010199428,-0.0032580495,-0.2668376,0.1050464,0.057680096,False,0.0
265589.812980668,0,0.010353282,0.006519437,-0.00020641088,-0.25494808,0.11993358,0.05086167,False,0.0
265589.832980668,20000000,0.008209959,0.005870551,0.0077260733,-0.23277844,0.12055221,0.042102274,False,0.0
265589.852980668,0,0.006296888,0.008088961,0.013777256,-0.20956075,0.092172354,0.040366363,False,0.0
265589.872980668,0,0.0058998913,0.011244774,0.01507467,-0.18919925,0.06480171,0.036935553,False,0.0
265589.892980668,0,0.0039772093,0.014851809,0.014084041,-0.17870298,0.028504122,0.041847214,False,0.0
265589.912980668,0,0.0024013668,0.018843368,0.008070707,-0.16618465,-0.0019905455,0.053618472,False,0.0
265589.932980668,20000000,0.0007825792,0.022999898,0.0014964342,-0.15429984,-0.021026704,0.067789845,False,0.0
265589.952980668,0,-0.0032718629,0.02074577,0.00068444014,-0.13630514,-0.040813714,0.089836046,False,0.0
265589.972980668,20000000,0.0009354204,0.015702352,-0.009034276,-0.11281361,-0.034903143,0.099444434,False,0.0
265589.992980668,0,0.0026983172,0.0125050545,-0.01415205,-0.09052402,-0.021624591,0.1039984,False,0.0
265590.012980668,0,0.0016202629,0.007904127,-0.013614416,-0.071281545,-0.014838597,0.10610246,False,0.0
265590.032980668,20000000,0.00409247,0.0030535012,-0.0143944025,-0.049262896,-0.0015247166,0.10254871,False,0.0
265590.052980668,0,0.0015445352,0.0033398569,-0.010555208,-0.03522144,-0.00060122914,0.10295602,False,0.0
265590.072980668,20000000,-0.0018077493,-0.00054074824,-0.006122887,-0.024570785,-0.0037314668,0.101190045,False,0.0
265590.092980668,0,-0.0100023,0.0019655526,-0.005218625,-0.014000469,-0.015831921,0.114974655,False,0.0
265590.112980668,0,-0.014665231,0.0012839735,-0.006358862,-0.0012345733,-0.020134792,0.13060196,False,0.0
265590.132980668,20000000,-0.023898289,0.0037963092,-0.004854858,0.01181803,-0.028902877,0.14487872,False,0.0
265590.152980668,0,-0.026003927,0.007682219,-0.013105333,-0.0012747599,-0.025622861,0.14351729,False,0.0
265590.172980668,20000000,-0.015317187,0.003792137,-0.02489835,-0.017769165,-0.0014554001,0.11754783,False,0.0
265590.192980668,0,-0.008990899,-0.003992364,-0.025708437,-0.02729496,0.044257004,0.07196008,False,0.0
265590.212980668,20000000,-0.0037240684,-0.012150094,-0.017964482,-0.011134515,0.09386755,0.029749095,False,0.0
265590.232980668,0,0.0033960342,-0.015990242,-0.011923015,0.016640184,0.12780209,-0.019787345,False,0.0
265590.252980668,20000000,0.002339989,-0.014266536,0.00040316582,0.046435382,0.14351305,-0.067084506,False,0.0
265590.272980668,0,0.007825434,-0.016958326,0.011843681,0.07521728,0.15100348,-0.09402708,False,0.0
265590.292980668,0,0.011394575,-0.013715595,0.02223134,0.10494952,0.12853363,-0.1104794,False,0.0
265590.312980668,20000000,0.01074712,0.0060552806,0.020976543,0.11319297,0.10104441,-0.10235169,False,0.0
265590.332980668,0,0.019309849,0.013599902,0.011176705,0.09824777,0.07053423,-0.08173686,False,0.0
265590.352980668,0,0.02111268,0.013264552,0.009933233,0.09153057,0.055162318,-0.05398582,False,0.0
265590.372980668,20000000,0.01067704,0.015004143,0.016519487,0.09833684,0.02569435,0.001843404,False,0.0
265590.392980668,0,0.009395793,0.010318771,0.019235373,0.112936,-0.008205781,0.059338093,False,0.0
265590.412980668,0,0.015327901,-0.004628226,0.016737461,0.1315883,-0.026900282,0.102839865,False,0.0
265590.432980668,20000000,0.020336017,-0.020688027,0.017589092,0.14569628,-0.04472017,0.13026893,False,0.0
265590.452980668,0,0.012025729,-0.028273925,0.02068472,0.15465614,-0.058478,0.14698152,False,0.0
265590.472980668,20000000,0.010074228,-0.030519053,0.017589808,0.14697619,-0.09585765,0.16541564,False,0.0
265590.492980668,0,-0.004368931,-0.02615416,0.020664752,0.12953478,-0.11980227,0.16549216,False,0.0
265590.512980669,20000000,-0.018950194,-0.020099431,0.0153410435,0.097667366,-0.15612668,0.18906513,False,0.0
265590.532980669,0,-0.021006629,-0.009148389,-0.0028544068,0.064457595,-0.19079107,0.20764245,False,0.0
265590.552980669,0,-0.019414812,-0.0063599944,-0.019126475,0.039181184,-0.18476321,0.19304463,False,0.0
265590.572980669,0,-0.02500026,0.0036095828,-0.027518928,-0.0010847524,-0.16911331,0.21174252,False,0.0
265590.592980669,0,-0.01670824,-0.00072054565,-0.03803128,-0.022212716,-0.12958393,0.19855352,False,0.0
265590.612980669,20000000,-0.00077342987,-0.0029635131,-0.048713803,-0.028750803,-0.036671676,0.17577864,False,0.0
265590.632980669,0,0.007405773,-0.02301751,-0.038490474,0.00683178,0.038598605,0.13164167,False,0.0
265590.652980669,20000000,0.0033260584,-0.030708298,-0.019559324,0.067742415,0.083928965,0.09730613,False,0.0
265590.672980669,0,-0.00291574,-0.030184552,0.002343595,0.13379058,0.07350671,0.09123664,False,0.0
265590.692980669,0,-0.00014255941,-0.031923816,0.009389639,0.16333157,0.056686938,0.06684171,False,0.0
265590.712980669,20000000,0.005254537,-0.03446366,0.008934855,0.1671521,0.054870613,0.04435572,False,0.0
265590.732980669,0,0.001928553,-0.042253375,0.015891612,0.18039647,0.030051442,0.021090183,False,0.0
265590.752980669,0,-0.004899144,-0.052912205,0.023748279,0.22069794,0.0015643854,0.000592554,False,0.0
265590.772980669,0,-0.0066913664,-0.060671486,0.018384933,0.24036549,-0.00036849175,0.0020401727,False,0.0
265590.792980669,0,-0.014697179,-0.0708581,0.02798891,0.27450264,-0.045972887,-0.026320303,False,0.0
265590.812980669,0,-0.023026943,-0.079883866,0.029042065,0.28941762,-0.073571876,-0.060625568,False,0.0
265590.832980669,20000000,-0.02418521,-0.08984047,0.026752293,0.30859205,-0.09779683,-0.07435263,False,0.0
265590.852980669,0,-0.019305915,-0.099612705,0.014991701,0.3176374,-0.11697808,-0.11205432,False,0.0
265590.872980669,20000000,-0.018525362,-0.104379706,0.008119583,0.31057453,-0.09367523,-0.15518716,True,0.0
265590.892980669,0,-0.029034376,-0.0995414,0.013009131,0.3069357,-0.110647246,-0.18200713,True,0.013333333333333334
265590.912980669,20000000,-0.03465645,-0.093304954,0.014708936,0.2896636,-0.134106,-0.1755045,True,0.02666666666666667
265590.9329185,0,-0.026613493,-0.0901358,0.010204819,0.26507726,-0.12463744,-0.14753434,True,0.04
265590.9529185,0,-0.024993584,-0.091054015,0.0143915415,0.2509153,-0.11696754,-0.1543237,True,0.05333333333333334
265590.9729185,0,-0.02274239,-0.08977892,0.014485598,0.23796558,-0.117081106,-0.15558007,True,0.06666666666666667
265590.9929185,0,-0.019019708,-0.091864266,0.0125771165,0.22342278,-0.10996862,-0.16918914,True,0.08
265591.0129185,0,-0.023754627,-0.09220386,0.023449719,0.23878911,-0.13700311,-0.19306605,True,0.09333333333333334
265591.0329185,20000000,-0.014169782,-0.08626145,0.024221838,0.2591142,-0.147085,-0.20443404,True,0.10666666666666667
265591.0529185,0,-0.0067522377,-0.09477274,0.03351617,0.31496927,-0.12612128,-0.18910895,True,0.12
265591.0729185,0,-0.008934334,-0.09472551,0.039120615,0.3932979,-0.100629106,-0.14778435,True,0.13333333333333333
265591.0929185,0,-0.00851433,-0.0880079,0.03992623,0.4968108,-0.07839733,-0.10509744,True,0.14666666666666667
265591.1129185,0,-0.02181536,-0.074198306,0.050867796,0.5704995,-0.088556804,-0.04112518,True,0.16
265591.1329185,0,-0.0288838,-0.050049968,0.0445922,0.66358006,-0.07388442,-0.0197653,True,0.17333333333333334
265591.1529185,20000000,-0.03595166,-0.025884628,0.038139343,0.75666064,-0.05921204,0.001594577,True,0.18666666666666668
265591.1729185,40000000,-0.0404014,0.0063852407,0.023901701,0.7963298,-0.101493,0.013506594,True,0.2
265591.1929185,0,-0.028698608,0.03203485,0.011868715,0.77614886,-0.11132141,-0.015687287,True,0.21333333333333335
265591.2129185,20000000,-0.016999304,0.057699606,-0.0004028678,0.7559679,-0.12114982,-0.04488117,True,0.22666666666666666
265591.2329185,40000000,-0.01588042,0.07118358,-0.0039061308,0.759182,-0.21262701,-0.08676007,True,0.24
265591.2529185,0,0.062018603,0.09559947,-0.058559418,0.63858247,-0.22005615,-0.091410734,True,0.25333333333333335
265591.2729185,20000000,0.03424701,0.1313674,-0.057944715,0.37961364,-0.19180502,-0.22312108,True,0.26666666666666666
265591.2929185,0,0.030008271,0.16795084,-0.06877464,0.056874037,-0.1576275,-0.27286202,True,0.28
265591.3129185,0,-0.0030609816,0.119189724,-0.0061941743,-0.15934823,-0.20182799,-0.2940003,True,0.29333333333333333
265591.3329185,20000000,-0.003334701,0.05927085,0.01581955,-0.32938784,-0.24839684,-0.36618137,True,0.30666666666666664
265591.3529185,0,-0.015569106,0.02165525,0.036044598,-0.34030116,-0.3124978,-0.40049687,True,0.32
265591.3729185,0,0.005511999,0.03895365,-0.020148098,-0.24777558,-0.3603034,-0.3884828,True,0.3333333333333333
265591.3929185,20000000,0.031829894,0.0512551,-0.07761556,-0.25497642,-0.27243128,-0.4201252,True,0.3466666666666667
265591.4129185,0,0.023497522,0.031717606,-0.07543844,-0.24639039,-0.18992531,-0.49394646,True,0.36
265591.432918501,20000000,-0.011859193,0.016815698,-0.03470093,-0.17359665,-0.22443165,-0.56984377,True,0.37333333333333335
265591.452918501,0,-0.02282229,0.03658888,-0.02678752,-0.11636008,-0.30706725,-0.627643,True,0.38666666666666666
265591.472918501,0,-0.017302856,0.07355851,-0.03541714,-0.10887206,-0.31354657,-0.6437224,True,0.4
265591.492918501,20000000,0.022753216,0.0995475,-0.091183126,-0.20236778,-0.18812902,-0.57650435,True,0.41333333333333333
265591.512918501,0,0.032291017,0.083859265,-0.090815246,-0.3196851,-0.03415291,-0.51697594,True,0.4266666666666667
265591.532918501,20000000,0.0020074397,0.034579784,-0.028338134,-0.32736826,0.029581197,-0.5087421,True,0.44
265591.552918501,0,-0.0064121857,0.030060615,-0.01344645,-0.30888063,0.000902731,-0.53782976,True,0.4533333333333333
265591.572918501,20000000,-0.009478755,0.0495117,-0.021488786,-0.3100977,-0.004099373,-0.5040903,True,0.4666666666666667
265591.592918501,0,0.012210704,0.03864284,-0.050970614,-0.2863762,0.051018476,-0.49142408,True,0.48
265591.612918501,0,-0.01407519,0.033478595,-0.021645784,-0.25238025,0.043064132,-0.45875505,True,0.49333333333333335
265591.632918501,20000000,-3.6627054e-05,0.02988337,-0.04009366,-0.22458816,0.061766982,-0.4532054,True,0.5066666666666667
265591.652918501,0,-0.0035655722,0.00610888,-0.04019314,-0.15649703,0.035179257,-0.4884794,True,0.52
265591.672918501,0,-0.03159949,0.006052032,-0.02153027,-0.07341896,-0.0070560127,-0.5386625,True,0.5333333333333333
265591.692918501,0,-0.024531335,0.022923283,-0.038236916,-0.05411841,-0.020283911,-0.5607332,True,0.5466666666666666
265591.712918501,0,-0.005379297,0.040926725,-0.04893458,-0.07950781,0.027330562,-0.5354345,True,0.56
265591.732918501,20000000,0.0032461807,0.031173632,-0.051396012,-0.16201651,0.2295446,-0.53959906,True,0.5733333333333334
265591.752918501,0,-0.021189407,0.0144959465,-0.028869629,-0.22605881,0.3214453,-0.52200854,True,0.5866666666666667
265591.772918501,20000000,-0.030890413,0.0034489706,-0.006100297,-0.1801704,0.2125827,-0.55396646,True,0.6
265591.792918501,0,-0.01576154,0.0030557588,-0.006874025,-0.16516535,0.24392699,-0.5535445,True,0.6133333333333333
265591.812918501,0,-0.010580249,0.0258364,-0.011154056,-0.20643166,0.25032112,-0.530868,True,0.6266666666666667
265591.832918501,20000000,-0.005343616,0.048587933,-0.015463233,-0.24769795,0.25671524,-0.50819147,True,0.64
265591.852918501,0,-0.0071732253,0.026482597,-0.0018339157,-0.35793808,0.268055,-0.4667449,True,0.6533333333333333
265591.872918501,20000000,-0.020797826,0.025966257,0.018441975,-0.43859708,0.2733649,-0.38276103,True,0.6666666666666666
265591.892918501,0,-0.0005106032,0.017756209,0.010699689,-0.45334998,0.26545474,-0.2787967,True,0.68
265591.912918501,0,0.03355153,0.0072725564,-0.026991308,-0.47108158,0.33623883,-0.22418703,True,0.6933333333333334
265591.932918501,0,0.025968358,0.0064350814,-0.03629166,-0.5118914,0.43485117,-0.21804954,True,0.7066666666666667
265591.952918501,0,-0.008437231,-0.0023727566,-0.007181704,-0.5297988,0.4553846,-0.14419195,True,0.72
265591.972918501,20000000,0.00013639033,0.05025947,-0.0072838664,-0.55770224,0.3786847,-0.101962715,True,0.7333333333333333
265591.992918501,0,0.04146801,0.101083815,-0.039475143,-0.6671735,0.4916867,-0.007256657,True,0.7466666666666667
265592.012918501,0,0.043232933,0.11753334,-0.05697471,-0.7866197,0.6971619,0.19526578,True,0.76
265592.032918501,0,0.011167839,0.073130116,-0.013376355,-0.74500513,0.72297454,0.40615588,True,0.7733333333333333
265592.052918501,0,-0.01629068,0.016373038,0.044299483,-0.56418425,0.45501992,0.5522224,True,0.7866666666666666
265592.072918501,20000000,-0.043795273,-0.0401828,0.101767,-0.3833634,0.1870653,0.6982889,True,0.8
265592.092918501,0,-0.038630158,-0.06351246,0.081074,-0.31587055,0.01041393,0.6658944,True,0.8133333333333334
265592.112918501,20000000,-0.033485502,-0.08683576,0.060375273,-0.24837771,-0.16623746,0.63349986,True,0.8266666666666667
265592.132918501,40000000,-0.028361142,-0.110152304,0.039670885,-0.18088487,-0.34288886,0.60110533,True,0.84
265592.172918501,0,-0.049927652,-0.10321851,0.020457149,-0.037690237,-0.43666333,0.38605785,True,0.8533333333333334
265592.192918501,0,-0.041330025,-0.094356954,-0.0023365617,0.04819616,-0.45303833,0.23797436,True,0.8666666666666667
265592.212918501,20000000,-0.019792289,-0.060935825,-0.026487112,0.115129955,-0.43946493,0.10547064,True,0.88
265592.232918501,0,-0.008147478,-0.023875758,-0.035727203,0.114204966,-0.3766876,0.0559752,True,0.8933333333333333
265592.252918501,0,0.0047897696,-0.018833697,-0.03833568,0.1205499,-0.3027266,-0.019292489,True,0.9066666666666666
265592.272918501,0,0.010720715,-0.0052500963,-0.043833256,0.08085202,-0.1919181,-0.08554528,True,0.92
265592.292918501,20000000,0.0095730275,0.029940248,-0.05290377,0.07888055,-0.16033769,-0.09341932,True,0.9333333333333333
265592.312918501,0,0.008079395,0.03635168,-0.044302583,0.097507454,-0.1458981,-0.121621326,True,0.9466666666666667
265592.332918501,0,0.014568582,0.008139536,-0.0332309,0.15117142,-0.05771117,-0.16147235,True,0.96
265592.352918501,20000000,-0.010888845,-0.0014013201,-0.024159014,0.21290073,-0.010892171,-0.1144472,True,0.9733333333333334
265592.372918501,0,0.011479408,0.020329565,-0.05622065,0.24689549,0.08278039,-0.10833191,True,0.9866666666666667
265592.392918501,0,0.01255098,0.021451995,-0.051589668,0.3327707,0.08378471,-0.11776952,True,1.0
265592.412918501,20000000,0.013604522,0.022586018,-0.047024906,0.41864592,0.08478903,-0.12720712,True,1.0
265592.432918501,40000000,0.014640123,0.023731038,-0.04252678,0.50452113,0.085793346,-0.13664472,True,1.0
265592.452918501,60000000,0.010139808,0.0458512,0.0071267486,0.4427524,0.13899168,-0.10060161,True,1.0
265592.472918501,0,-0.0034169406,0.06774694,0.00230062,0.48828694,0.14639328,0.00046459585,True,1.0
265592.492918501,0,-0.003965929,0.042262495,0.008241475,0.47569197,0.094914064,0.08521341,True,1.0
265592.512918502,20000000,0.028938323,0.045827225,0.00024932623,0.44266316,0.029503249,0.12508632,True,1.0
265592.532918502,0,0.013390452,0.037210837,0.009719729,0.3936331,0.0909063,0.12197214,True,1.0
265592.552918502,0,0.021412924,0.019527674,0.00887531,0.28139576,0.10767262,0.1554724,True,1.0
265592.572918502,0,0.0076340735,-0.0066544265,-0.020859897,0.20883772,0.19664496,0.1004243,True,1.0
265592.592918502,20000000,0.0042450577,-0.010191113,0.001271069,0.1605351,0.1301651,0.18961059,True,1.0
265592.612918502,0,0.00011189282,-0.026181199,0.010511935,0.119547665,0.16135779,0.20270659,True,1.0
265592.632918502,0,-0.010594621,-0.01930362,0.02417922,0.14359097,0.09413463,0.2427922,True,1.0
265592.652918502,20000000,-0.005868092,-0.041131012,0.015891552,0.1636886,0.021843694,0.2067525,True,1.0
265592.672918502,0,-0.0020758212,-0.020566769,0.0044243336,0.16819772,-0.005559467,0.16640228,True,1.0
265592.692918502,0,-0.009744883,-0.025146142,0.0115991235,0.14094491,-0.042487353,0.10278732,True,1.0
265592.712918502,20000000,-0.017410114,-0.029725008,0.018766165,0.1136921,-0.07941524,0.03917236,True,1.0
265592.732918502,40000000,-0.025071576,-0.03430342,0.025925457,0.08643928,-0.116343126,-0.024442606,True,1.0
265592.752918502,60000000,-0.008119449,-0.03901901,0.01008755,0.0658343,-0.13037544,-0.07979101,True,1.0
265592.772918502,0,-0.015611425,-0.048149854,0.0046141148,0.09015409,-0.17908275,-0.17818248,True,1.0
265592.792918502,0,-0.00620465,-0.027305588,-0.010746479,0.130547,-0.26679146,-0.26059017,True,1.0
265592.812918502,20000000,0.010045439,0.0034435093,-0.025922418,0.15136954,-0.2790768,-0.2359256,True,1.0
265592.832918502,0,0.0019778758,-0.0018912852,-0.015873969,0.10011774,-0.2015836,-0.117642835,True,1.0
265592.852918502,0,-0.005308062,-0.046385523,-0.008783221,0.17229514,-0.19335602,-0.10315276,True,1.0
265592.872918502,20000000,-0.014118627,-0.037848637,-0.0036866665,0.19497766,-0.21880248,-0.0613442,True,1.0
265592.892918502,0,-0.008492917,-0.008642867,-0.015591383,0.27494407,-0.13387945,-0.04850744,True,1.0
265592.912918502,0,-0.012762427,0.021168336,-0.015918732,0.2962347,-0.07901034,-0.037700668,True,1.0
265592.932918502,0,0.008373648,-0.031082917,-0.012802303,0.28325227,0.014678493,0.005288817,True,1.0
265592.952918502,0,-0.0064211637,-0.019311681,0.007579565,0.29224074,-0.0022666287,0.06904526,True,1.0
265592.972918502,20000000,-0.0136849135,-0.05600122,0.030346632,0.341801,0.036515705,0.045184918,True,1.0
265592.992918502,0,-0.0050010383,-0.053684387,0.028252304,0.31620827,0.045708045,0.08740355,True,1.0
265593.012918502,20000000,-0.03735611,-0.069371775,0.06824678,0.45271856,0.047938302,0.087937176,True,1.0
265593.032918502,0,-0.02345626,-0.047162224,0.038201034,0.45782182,-0.015818596,0.13446766,True,1.0
265593.052918502,20000000,-0.024722189,-0.030094247,0.046964884,0.3935107,-0.06515226,0.08518852,True,1.0
265593.072918502,0,-0.038432673,-0.02716206,0.085608065,0.471909,-0.10266602,0.20499243,True,1.0
265593.092918502,0,-0.03524925,0.0015184004,0.07389575,0.44357684,-0.11025042,0.22899474,True,1.0
265593.112918502,20000000,-0.014390454,-0.010808321,0.05232805,0.26596013,-0.18492426,0.19121234,True,1.0
265593.132918502,0,-0.024568379,-0.0847677,0.09643662,0.15098631,-0.13847461,0.08716033,True,1.0
265593.152918502,0,-0.00090773404,-0.0059031025,0.013082027,0.019211128,0.031167239,0.031312287,True,1.0
265593.172918502,20000000,0.056792304,0.034172006,-0.058013976,0.006273403,-0.017621413,-0.03191133,True,1.0
265593.192918502,0,0.051650822,0.035974134,-0.05360967,-0.099249326,-0.043567628,-0.03471171,True,1.0
265593.212918502,20000000,0.03143233,-0.00461315,-0.027674615,-0.19612557,0.009342525,-0.14116183,True,1.0
265593.232918502,0,-0.008988425,-0.00031545386,0.016973674,-0.24669902,-0.03314589,-0.16291396,True,1.0
265593.252918502,0,-0.00019337237,-0.031186435,0.040094674,-0.16572955,-0.16975276,-0.20131616,True,1.0
265593.272918502,20000000,0.018461123,-0.015329516,-0.02845776,-0.14963232,-0.1582534,-0.2887506,True,1.0
265593.292918502,0,0.031062394,0.018352438,-0.07250571,-0.16214414,-0.12777846,-0.3493179,True,1.0
265593.312918502,20000000,-0.022323862,0.032273047,-0.042995512,-0.26488543,-0.07436949,-0.31420988,True,1.0
265593.332918502,0,-0.020169005,0.034443732,-0.025317132,-0.24471602,-0.05031596,-0.29203948,True,1.0
265593.372918502,0,-0.0089760125,0.036900442,0.0027284622,-0.16757336,-0.061582744,-0.36636174,True,1.0
265593.392918502,0,-0.023081705,0.06693599,0.032026708,-0.0542538,-0.025512192,-0.13507336,True,1.0
265593.412918502,20000000,-0.0046400577,0.08378575,-0.023450434,-0.035570614,0.036076702,-0.13062067,True,1.0
265593.432918502,0,-0.014061436,0.061553586,-0.03975016,-0.04873011,0.32129353,-0.12662403,True,1.0
265593.452918502,0,0.026031524,0.112080075,-0.09189826,-0.056730203,0.43317968,-0.017449938,True,1.0
265593.472918502,20000000,0.014925018,0.10752162,-0.04220605,0.021482185,0.42167354,0.065294325,True,1.0
265593.492918502,0,0.04542771,0.10094826,-0.043005824,0.013794929,0.4737356,0.09692614,True,1.0
265593.512918502,20000000,0.030504674,0.055471055,0.0027971864,0.114072755,0.46101275,0.16364817,True,1.0
265593.532918502,0,0.002034098,0.0063694715,0.03532505,0.16506639,0.36065426,0.231632,True,1.0
265593.552918502,0,0.011709526,-0.03823075,0.037394106,0.18520847,0.33577937,0.17229462,True,1.0
265593.572918502,0,-0.04221672,-0.038839325,0.0323869,0.1878173,0.1742727,0.15950531,True,1.0
265593.592918503,20000000,-0.09613203,-0.039445918,0.027367592,0.19042614,0.0127660185,0.146716,True,1.0
265593.612918502,40000000,-0.1500364,-0.040050555,0.022336364,0.19303498,-0.14874065,0.13392669,True,1.0
265593.632918502,60000000,-0.08318354,-0.083954275,0.03141409,0.1763835,-0.21194938,0.0269854,True,1.0
265593.652918503,0,-0.09738194,-0.12067635,0.0453279,0.09988794,-0.26617524,-0.12335355,True,1.0
265593.672918503,20000000,-0.044389516,-0.058183707,0.023619294,0.018526033,-0.1476024,-0.079165965,True,1.0
265593.692918503,0,-0.033446804,-0.062136456,0.018513322,0.05582273,-0.17394403,-0.223635,True,1.0
265593.712918503,0,-0.06032653,0.009149697,0.008775473,-0.13034342,-0.24256538,-0.09041877,True,1.0
265593.732918503,20000000,-0.002090618,-0.0022519268,-0.0014618039,-0.067942746,-0.1493853,-0.14616553,True,1.0
265593.752918503,0,0.023197502,0.034293156,-0.00565207,-0.104325905,-0.04638131,-0.07099246,True,1.0
265593.772918503,0,0.011862218,0.018010613,0.0006791949,-0.097684845,-0.059997454,-0.09335476,True,1.0
265593.792918503,20000000,0.0062029064,0.0064583384,-0.0014211535,-0.08815617,-0.06265232,-0.07373479,True,1.0
265593.812918503,0,0.011354402,0.0077179745,-0.01088506,-0.08834646,-0.07705295,-0.030598957,True,1.0
265593.832918503,20000000,0.0126445,0.016796473,-0.023513138,-0.09972711,-0.05188985,0.013489265,True,1.0
265593.852918503,0,-0.00015996397,0.02319656,-0.025326014,-0.093578875,-0.038809262,0.054254267,True,1.0
265593.872918503,0,0.0036590695,0.018314987,-0.027065873,-0.08665225,-0.039428722,0.05561192,True,1.0
265593.892918503,20000000,0.0074550062,0.019220494,-0.03442067,-0.11670208,-0.022875851,0.06702383,True,1.0
265593.912918503,0,0.009371743,0.015356664,-0.040548444,-0.13636151,0.007339947,0.07218531,True,1.0
265593.932918503,20000000,-0.005626738,0.006811425,-0.027161717,-0.14109416,0.0040240763,0.06291185,True,1.0
265593.952918503,0,-0.008605391,0.0028625205,-0.020906627,-0.1563376,-0.00644657,0.062226027,True,1.0
265593.972918503,20000000,-0.006959498,0.0010622218,-0.017799973,-0.18582779,-0.014197743,0.062627114,True,1.0
265593.992918503,0,-0.00600037,-0.012103587,-0.013790071,-0.19544661,-0.018410968,0.07306711,True,1.0
265594.012918503,0,0.0038630366,-0.025883906,-0.0192675,-0.17286645,0.018773166,0.05497632,True,1.0
265594.032918503,20000000,-0.0014020056,-0.019492935,-0.01493597,-0.12561578,0.056764364,0.049670625,True,1.0
265594.052918503,0,-0.0033153296,-0.006584719,-0.023558736,-0.11343597,0.0697627,0.01998685,True,1.0
265594.072918503,0,0.00083296,-0.0046849474,-0.015349627,-0.050608918,0.008204311,-0.025741193,True,1.0
265594.092918503,20000000,-0.0052140206,-0.009625904,0.007581055,0.022461742,-0.01970298,0.00071592256,True,1.0
265594.112918503,0,-0.013181895,-0.044345982,0.02561897,0.12616895,-0.031201966,-0.01249644,True,1.0
265594.132918503,0,-0.019125506,-0.05999251,0.030833721,0.28031397,-0.087398924,-0.040182352,True,1.0
265594.152918503,0,-0.022224322,-0.030172735,0.018695652,0.3728694,-0.1148457,-0.073332824,True,1.0
265594.172918503,20000000,-0.014181033,-0.02857545,0.0030391216,0.45274925,-0.1045706,-0.120087974,True,1.0
265594.192918503,0,-0.004172221,-0.031973653,0.0022776723,0.48401824,-0.08267371,-0.14221033,True,1.0
265594.212918503,20000000,0.0058116466,-0.035355564,0.0014129281,0.5152872,-0.060776826,-0.16433269,True,1.0
265594.232918503,40000000,0.01577039,-0.03872227,0.00044471025,0.54655623,-0.038879942,-0.18645506,True,1.0
265594.252918503,0,0.0075841993,-0.04372795,0.0136531,0.4406895,0.03509829,-0.19799191,True,1.0
265594.272918503,20000000,-0.0039592534,-0.015031584,0.028529465,0.37205538,0.051654287,-0.1650151,True,1.0
265594.292918503,0,0.0035690665,0.0133367665,0.02582103,0.20534489,0.06550746,-0.15790403,True,1.0
265594.312918503,0,-0.004463479,-0.00841756,0.052182615,0.094737515,0.11445258,-0.14895198,True,1.0
265594.332918503,20000000,0.0162251,-0.0057776496,0.017881274,0.010704465,0.16641662,-0.17619818,True,1.0
265594.352918503,0,0.020223826,-0.007356589,0.017418146,-0.02396267,0.09276011,-0.18840654,True,1.0
265594.372918503,20000000,0.027443737,0.0126203885,3.0398369e-05,-0.11392062,0.07224863,-0.22210607,True,1.0
265594.392918503,0,0.015331835,0.019528134,-0.0034870505,-0.23483709,0.1668251,-0.21042854,True,1.0
265594.412918503,0,0.050587013,0.040995114,-0.048679113,-0.17410548,0.08071764,-0.17527753,True,1.0
265594.432918503,20000000,0.03740506,0.068467766,-0.031157196,-0.22992013,0.17863815,-0.025838733,True,1.0
265594.452918503,0,0.06557001,0.05808918,-0.06356794,-0.18771997,0.276413,-0.02620195,True,1.0
265594.472918503,0,0.04261227,0.034600817,-0.039062023,-0.30282274,0.2964826,0.15855746,True,1.0
265594.492918503,0,0.015170544,0.045190457,-0.029516459,-0.34775326,0.31683567,0.19972134,True,1.0
265594.512918503,0,-0.0041219145,0.00977179,-0.013157964,-0.30656287,0.28072402,0.26165658,True,1.0
265594.532918503,20000000,-0.023432463,-0.025600929,0.0031291842,-0.26537246,0.24461238,0.32359183,True,1.0
265594.552918503,0,-0.0339707,-0.057019934,-0.0057854652,-0.16392817,0.18757403,0.40135276,True,1.0
265594.572918503,20000000,-0.0370764,-0.041203044,-0.009480953,-0.04666686,0.031246915,0.36963043,True,1.0
265594.592918503,0,-0.068255484,-0.05239982,0.017499924,0.08440885,-0.11082581,0.2512449,True,1.0
265594.612918503,0,-0.06454584,-0.021999402,-0.008542895,0.048827983,-0.20126125,0.1759751,True,1.0
265594.632918503,0,-0.0251569,-0.046787918,-0.012547433,0.13634276,-0.2514191,-0.02181442,True,1.0
265594.652918504,0,-0.05395475,-0.028716147,0.018449366,0.15546218,-0.2663531,-0.07688826,True,1.0
265594.672918504,0,-0.006541267,-0.061219554,-0.0005771518,0.13897794,-0.20744476,-0.17174985,True,1.0
265594.692918504,20000000,-0.030610949,-0.045503605,0.024313927,0.09454566,-0.2500441,-0.2251739,True,1.0
265594.712918504,0,-0.023012817,-0.0323629,0.030644596,-0.010584712,-0.21770437,-0.2713479,True,1.0
265594.732918504,20000000,-0.010323837,-0.007124055,0.026089728,-0.08635425,-0.20573,-0.22632469,True,1.0
265594.752918504,0,0.0035351664,0.0056801476,0.019551694,-0.11979838,-0.20781642,-0.20970285,True,1.0
265594.772918504,0,0.011571974,-0.0030100532,0.022442281,-0.18842754,-0.19702406,-0.25885567,True,1.0
265594.792918504,0,0.013957262,-0.0007560663,0.018488348,-0.30318928,-0.1694438,-0.33821192,True,1.0
265594.812918504,0,0.011692122,-0.0023270473,0.032090366,-0.34410447,-0.21175185,-0.30598754,True,1.0
265594.832918504,20000000,0.009486854,-0.0038685203,0.045606256,-0.38501966,-0.2540599,-0.27376315,True,1.0
265594.872918504,0,0.016133249,0.008022606,0.006432593,-0.4565006,-0.20502451,-0.26626316,True,1.0
265594.892918504,0,0.010372505,0.014056854,0.0020185113,-0.53410274,-0.18930662,-0.23872884,True,1.0
265594.912918504,20000000,0.0042198002,-0.012360595,0.0057709217,-0.53137594,-0.15132093,-0.19631767,True,1.0
265594.932918504,0,0.008115441,-0.0026044697,-0.025512755,-0.48176685,-0.096564144,-0.15294941,True,1.0
265594.952918504,0,0.0030519217,-0.004815474,-0.04879874,-0.41129938,-0.13008586,-0.23203444,True,1.0
265594.972918504,20000000,0.00047564507,0.032410607,-0.047412336,-0.37965643,-0.1876594,-0.21856248,True,1.0
265594.992918504,0,0.00369218,0.027605414,-0.04905224,-0.3531423,-0.09455196,-0.08958846,True,1.0
265595.012918504,20000000,-0.0010204464,-0.011194959,-0.034299552,-0.17703162,-0.041803613,0.01901137,True,1.0
265595.032918504,0,-0.00218077,0.0039123,-0.040899694,-0.025144875,-0.00820462,0.0684506,True,1.0
265595.052918504,0,-0.0028867424,-0.01263845,-0.03538704,0.086356625,0.006553958,0.041478097,True,1.0
265595.072918504,20000000,-0.0047397763,-0.019089714,-0.029888272,0.12504184,0.017530723,0.0032178313,True,1.0
265595.092918504,0,-0.00860922,-0.032062456,-0.016423404,0.17970234,0.06457078,0.05364372,True,1.0
265595.112918504,20000000,-0.0046114326,-0.057943523,0.0011334419,0.3037547,0.071578376,0.05446127,True,1.0
265595.132918504,0,-0.01497446,-0.00054982305,-0.00020843744,0.26477164,0.050642703,0.08778349,True,1.0
265595.152918504,20000000,-0.009519681,0.003309369,0.011277616,0.19714902,0.058339942,0.101484366,True,1.0
265595.172918504,0,-0.0047138184,0.013521731,-0.00020587444,0.10971043,0.13355999,0.13587464,True,1.0
265595.192918504,0,-0.0057300776,0.028005183,0.008315504,0.00020063668,0.20478675,0.22872718,True,1.0
265595.212918504,20000000,-0.023346007,0.009134635,0.04480207,-0.050826725,0.17109081,0.26928893,True,1.0
265595.232918504,0,0.05779624,-0.011154592,0.009833276,-0.13382399,0.2715784,0.34723917,True,1.0
265595.252918504,0,0.026177898,0.009655416,0.04247868,-0.4166708,0.28497127,0.2223498,True,1.0
265595.272918504,0,-0.01147227,-0.010129929,0.06932747,-0.54411256,0.23812498,0.15430409,True,1.0
265595.292918504,20000000,-0.0031536818,0.002099827,0.025853276,-0.51706314,0.17562315,0.14901663,True,1.0
265595.312918504,0,0.0072936118,-0.0022775084,-0.0046885014,-0.4455536,0.1101484,0.10486062,True,1.0
265595.332918504,0,0.01395458,0.025041685,-0.027164578,-0.38913962,0.13216342,0.078744784,True,1.0
265595.352918504,20000000,-0.012851909,0.024591073,-0.009208202,-0.3561607,0.23341337,0.05468858,True,1.0
265595.372918504,0,0.07758117,0.10664314,-0.12265414,-0.3445237,0.33728036,0.11092904,True,1.0
265595.392918504,0,0.020416602,0.088971466,-0.045199573,-0.3038968,0.27606863,0.2526137,True,1.0
265595.412918504,20000000,0.040325016,0.098267585,-0.06584817,-0.32059777,0.3084269,0.41721612,True,1.0
265595.432918504,0,0.000877589,0.034732863,-0.01819241,-0.11456624,0.1829355,0.5565561,True,1.0
265595.452918504,20000000,-0.038563922,-0.028712124,0.029426992,0.09146531,0.05744414,0.695896,True,1.0
265595.472918504,40000000,-0.0070505887,-0.018522888,-0.024004698,0.20813212,0.14067641,0.71673816,True,1.0
265595.492918504,0,-0.0415591,-0.02597177,-0.006354034,0.3170133,0.17521891,0.8237004,True,1.0
265595.512918504,20000000,-0.07984936,-0.06942448,0.028715849,0.44439167,0.11684111,0.8562109,True,1.0
265595.532918504,0,-0.027880147,-0.08339274,0.0030158162,0.565306,-0.029173568,0.70379317,True,1.0
265595.552918504,0,-0.066676006,-0.105225384,0.041295707,0.55859846,-0.02953418,0.45256191,True,1.0
265595.572918504,20000000,-0.03804636,-0.086412564,0.023408234,0.540338,-0.10348135,0.25813833,True,1.0
265595.592918504,0,-0.04604797,-0.071165875,0.04172343,0.4734961,-0.14773953,0.07544738,True,1.0
265595.612918504,20000000,0.0070946813,-0.037754476,-0.0007953644,0.36481917,-0.06513709,-0.043403998,True,1.0
265595.632918504,0,-0.006943777,-0.0241744,0.020430088,0.28457066,-0.012550361,-0.10948748,True,1.0
265595.652918504,0,-0.0027887076,-0.021743834,0.02231288,0.17438205,0.046353288,-0.12119706,True,1.0
265595.672918504,0,0.03103292,-0.021429442,0.012314081,0.17172655,0.0377371,-0.21084869,True,1.0
265595.692918504,0,-0.011315852,-0.0021193027,0.038808823,-0.003001824,0.2987747,-0.06504084,True,1.0
265595.712827292,0,0.11089924,0.08399056,-0.11306992,0.20114064,0.016282886,-0.30427897,True,1.0
265595.732827292,20000000,0.07785913,0.06010796,-0.086262345,0.25934365,-0.07665033,-0.22298877,True,1.0
265595.752827292,0,0.04869342,0.057601653,-0.060454607,0.29233465,-0.1361359,-0.12032121,True,1.0
265595.772827292,0,0.03673227,0.0551736,-0.06462878,0.43979254,-0.21519446,-0.13929904,True,1.0
265595.792827292,0,0.030034646,0.062788665,-0.06971997,0.6373823,-0.26843113,-0.08378747,True,1.0
265595.812827292,0,0.028780028,0.0688477,-0.08273816,0.8290443,-0.27389926,-0.037281744,True,1.0
265595.832827292,20000000,0.016864821,0.06807141,-0.08051211,1.0022547,-0.2461159,0.007676825,True,1.0
265595.852827292,0,0.003878504,0.0840098,-0.06862956,1.1060121,-0.1947613,0.13559465,True,1.0
265595.872827292,0,-0.004701689,0.08796061,-0.060079217,1.2051412,-0.17706607,0.18947694,True,1.0
265595.892827292,0,-0.0022751093,0.08083956,-0.05154884,1.2463784,-0.10939265,0.24874277,True,1.0
265595.912827292,0,0.00016978383,0.03309901,-0.02634561,1.2237784,-0.0671914,0.17929938,True,1.0
265595.932827292,0,-0.016372815,0.030001715,-0.023170173,1.1988678,0.00513757,0.19582956,True,1.0
265595.952827292,0,-0.023386613,0.012834363,-0.008935094,1.1444587,0.06761489,0.19131961,True,1.0
265595.972827292,20000000,-0.01778549,0.0048255026,-0.0023561716,1.0282835,0.1466546,0.21220909,True,1.0
265595.992827292,0,-0.035716265,-0.0104108155,0.032176375,0.9648176,0.10863853,0.20335327,True,1.0
265596.012827292,20000000,-0.053550035,-0.025705352,0.06632024,0.9013517,0.07062246,0.19449745,True,1.0
265596.032827292,40000000,-0.030879885,-0.025910556,0.06553441,0.8192544,0.042258855,0.14820187,True,1.0
265596.052827292,0,-0.03409864,-0.037202403,0.09080893,0.67879885,0.049107112,0.1115231,True,1.0
265596.072827292,20000000,-0.04654458,-0.04982175,0.09579569,0.46533722,0.0687627,0.008648805,True,1.0
265596.092827292,0,-0.020893916,-0.08908737,0.075528026,0.27168536,0.018518034,-0.16097209,True,1.0
265596.112827292,0,-0.019980162,-0.086672455,0.0789212,0.10587467,-0.011249291,-0.27370226,True,1.0
265596.152827292,0,-0.030385062,-0.07659118,0.06033647,-0.028790342,-0.15596943,-0.44212186,True,1.0
265596.172827292,0,-0.03234297,-0.09571706,0.030110657,0.09372263,-0.28148246,-0.5915976,True,1.0
265596.192827292,0,-0.057279766,-0.12915242,0.016904533,0.318898,-0.44538015,-0.81809175,True,1.0
265596.212827292,0,-0.07313053,-0.12971924,-0.015096247,0.57099533,-0.6127704,-1.0772665,True,1.0
265596.232827292,20000000,-0.07313663,-0.104807615,-0.044734478,0.7943861,-0.746066,-1.2904662,True,1.0
265596.252827292,0,-0.06556788,-0.059712827,-0.06260157,0.96716124,-0.77334744,-1.450078,True,1.0
265596.272827292,0,-0.037906766,-0.019151568,-0.08518398,1.0631782,-0.74159956,-1.5417341,True,1.0
265596.292827292,0,-0.030268446,0.067733675,-0.10509777,1.0326841,-0.65491104,-1.4210482,True,1.0
265596.312827292,0,-0.010288045,0.15853187,-0.114183426,0.95407426,-0.52482927,-1.252821,True,1.0
265596.332827292,20000000,0.019048795,0.18711507,-0.14748651,0.8273158,-0.3711697,-0.97885823,True,1.0
265596.352827292,0,0.05508177,0.17275655,-0.10724771,0.6613973,-0.23650555,-0.7857483,True,1.0
265596.372827292,20000000,0.043116957,0.16809599,-0.070884645,0.49844718,-0.06660193,-0.5293076,True,1.0
265596.392827292,0,0.019984365,0.16321121,-0.04476261,0.37940475,0.04359503,-0.32009983,True,1.0
265596.412827292,0,0.027138323,0.12514447,-0.026628613,0.31597495,0.1890826,-0.14374888,True,1.0
265596.432827292,0,0.029332355,0.12513958,-0.020032346,0.19336343,0.26920557,0.04906498,True,1.0
265596.452827292,0,0.033535704,0.10886592,-0.0031192899,0.069244735,0.38101667,0.28673926,True,1.0
265596.472827292,0,0.018848076,0.038093984,0.032870054,0.11766881,0.49770805,0.5340041,True,1.0
265596.492827292,0,0.01566504,0.018562675,0.045318663,0.19622293,0.57586366,0.7087825,True,1.0
265596.512827292,20000000,-0.015631124,0.010173798,0.059244573,0.17416145,0.5110006,0.77220863,True,1.0
265596.532827292,0,-0.05117522,-0.039786965,0.09029424,0.22819933,0.37340426,0.6846576,True,1.0
265596.552827292,0,-0.054893717,-0.07362628,0.09634066,0.31835458,0.08591309,0.5281341,True,1.0
265596.572827292,20000000,-0.045854762,-0.0778968,0.08103126,0.38567078,-0.08294904,0.35698602,True,1.0
265596.592827293,0,-0.016011223,-0.017909765,0.018762708,0.32848504,-0.06619904,0.2708145,True,1.0
265596.612827293,0,-0.003990948,-0.016050786,-0.0047031045,0.1765469,0.047055595,0.2240392,True,1.0
265596.632827293,20000000,0.008047953,-0.014200419,-0.028180122,0.024608761,0.16031024,0.17726387,True,1.0
265596.652827293,0,0.014951631,-0.00016877055,-0.036099076,-0.16730924,0.22812161,0.13065371,True,1.0
265596.672827293,20000000,0.009037122,-0.01129508,-0.009666681,-0.31161886,0.25221533,0.0018716007,True,1.0
265596.692827293,0,-0.003222987,-0.025451928,0.016409516,-0.42324743,0.25566414,-0.066298306,True,1.0
265596.712827293,0,-0.00616993,-0.023815691,0.02241844,-0.50372136,0.2126327,-0.06511593,True,1.0
265596.732827293,20000000,-0.012608618,0.03673604,-0.018060148,-0.51745075,0.17112447,-0.059188265,True,1.0
265596.752827293,0,0.033543006,-0.0107263625,-0.029048502,-0.35229874,0.14515275,-0.11030421,True,1.0
265596.772827293,20000000,0.025070816,0.014349997,-0.0046542883,-0.20232072,0.16271302,0.032853037,True,1.0
265596.792827293,0,0.014228761,0.01882255,-0.006478131,-0.08122016,0.15022145,0.05525309,True,1.0
265596.812827293,0,0.011865616,0.02087748,-0.018790305,-0.023434259,0.1160243,0.116248,True,1.0
265596.832827293,20000000,0.013604999,0.00067538023,-0.018901467,0.019786004,0.09064148,0.15277995,True,1.0
265596.852827293,0,-0.011930883,-0.03172773,0.012001812,0.14978051,0.053007647,0.22512461,True,1.0
265596.872827293,20000000,-0.030060649,-0.008770555,0.01851201,0.2152659,-0.0682695,0.23902662,True,1.0
265596.892827293,0,-0.0041062534,-0.039830446,-0.00694257,0.24688809,0.01286038,0.19896,True,1.0
265596.912827293,0,-0.016252682,-0.03120771,0.00060510635,0.23503795,0.057560142,0.17091237,True,1.0
265596.932827293,20000000,-0.028382838,-0.022594064,0.008130431,0.22318782,0.102259904,0.14286473,True,1.0
265596.952827293,0,-0.044831783,-0.021050096,0.01490885,0.21154976,0.05137156,0.10064924,True,1.0
265596.972827293,20000000,-0.04152891,-0.030866235,0.008917034,0.17794001,0.073740005,0.037526496,True,1.0
265596.992827293,0,-0.036382005,-0.0038748682,-0.012591898,0.1050026,0.13263366,-0.0034173466,True,1.0
265597.012827293,0,-0.02694349,-0.0029887557,-0.01683569,0.0649834,0.16096783,-0.05805448,True,1.0
265597.032827293,0,-0.023596913,-0.028630883,-0.0075776577,0.0729961,0.21849954,-0.040383365,True,1.0
265597.052827293,0,-0.025192246,-0.030042946,-0.010816753,0.034902595,0.4101205,-0.079119265,True,1.0
265597.072827293,20000000,-0.004870832,-0.050670624,-0.023296475,0.11556986,0.36733443,-0.13546558,True,1.0
265597.092827293,0,-0.027637646,-0.04061541,0.014578342,0.13595483,0.31464612,-0.12140449,True,1.0
265597.112827293,0,-0.030327931,-0.028117746,0.007588804,0.16214815,0.20862326,-0.10863823,True,1.0
265597.132827293,0,-0.010867208,-0.031736463,0.0035250783,0.017728835,0.31475183,-0.20199855,True,1.0
265597.152827293,0,-0.034745455,0.020952731,0.008203149,0.04926031,0.21619579,-0.08465211,True,1.0
265597.172827293,20000000,-0.047212362,0.053030193,0.023463726,-0.02020637,0.20081869,-0.123648174,True,1.0
265597.192827293,0,-0.03465849,0.0074840486,-0.0041992664,0.058290824,0.22640222,-0.22368228,True,1.0
265597.212827293,0,-0.038826674,0.01551789,0.01606685,0.028472658,0.24941319,-0.15106487,True,1.0
265597.232827293,20000000,-0.042986393,0.023539215,0.036311448,-0.0013455097,0.27242416,-0.078447446,True,1.0
265597.252827293,0,-0.032547385,0.014885187,-0.0020023584,-0.0416675,0.29362854,-0.029627137,True,1.0
265597.272827293,0,-0.0511854,0.0067489743,-0.0119192,-0.11129183,0.19208507,0.04710231,True,1.0
265597.292827293,0,-0.048666626,0.01473853,-0.010190129,-0.027431749,0.10482406,-0.01812052,True,1.0
265597.312827293,20000000,-0.04770106,-0.020080715,-0.014713705,0.027800865,0.039749913,-0.1526533,True,1.0
265597.332827293,0,-0.028710276,-0.044365227,-0.0127078295,0.07805425,0.023652762,-0.27058163,True,1.0
265597.352827293,20000000,-0.014190197,-0.0480479,0.0041282773,0.12875739,0.011452032,-0.3826226,True,1.0
265597.372827293,0,-0.00968352,-0.030844867,0.01868105,0.13483857,-0.0061381627,-0.4686275,True,1.0
265597.392827293,20000000,-0.0020192862,-0.016074896,0.009051323,0.10050206,-0.02298778,-0.549796,True,1.0
265597.412827293,0,-0.0064151883,0.010293454,0.011826813,0.046697274,-0.09081693,-0.5287198,True,1.0
265597.432827293,0,0.0037157238,0.03814742,-0.005007148,-0.018225223,-0.115736395,-0.5009769,True,1.0
265597.452827293,20000000,0.002821505,0.06879157,-0.00984019,-0.06895143,-0.10220989,-0.42651913,True,1.0
265597.472827293,0,0.030585468,0.09432921,-0.035817623,-0.11200851,-0.08182266,-0.27443367,True,1.0
265597.492827293,0,0.034196764,0.082356274,-0.037908733,-0.13583118,-0.032122497,-0.105464175,True,1.0
265597.512827293,20000000,0.03264427,0.07131359,-0.027012587,-0.16560586,0.027099166,0.03385973,True,1.0
265597.532827293,0,0.0045144856,0.028315783,0.004030764,-0.1453064,-0.047567103,-0.014014415,True,1.0
265597.552827293,20000000,0.028728783,0.02619037,-0.0022806525,-0.077270195,-0.1355593,0.02448627,True,1.0
265597.572827293,0,0.023250848,-0.02582091,0.019378066,0.04356099,-0.058322802,0.33385518,True,1.0
265597.592827293,0,0.0050800145,0.028195053,0.020965695,0.13725969,-0.09135664,0.56383705,True,1.0
265597.612827293,20000000,0.010457009,-0.047502518,0.027975082,0.15801641,-0.028341837,0.5711846,True,1.0
265597.632827293,0,-0.0023990273,-0.08626449,0.054110765,0.15068531,-0.040864155,0.5906638,True,1.0
265597.652827293,0,-0.015027314,-0.086662024,0.06473923,0.21614663,-0.1301248,0.5270616,True,1.0
265597.672827294,20000000,-0.0008107126,-0.11993387,0.0569067,0.2652995,-0.15954146,0.4358379,True,1.0
265597.692827294,0,0.038272858,-0.112986505,0.019517124,0.21729979,-0.17530157,0.3589924,True,1.0
265597.712827294,0,0.09150571,-0.10398048,-0.006755471,0.08863266,-0.10667061,0.15688598,True,1.0
265597.732827294,20000000,0.10881072,-0.16098109,0.014013708,0.03942842,0.022222675,-0.081126526,True,1.0
265597.752827294,0,0.082120895,-0.104883164,0.039102137,0.014306957,0.17292109,-0.18109143,True,1.0
265597.772827294,0,0.038287282,-0.015749991,0.07939696,0.09143627,0.14866947,-0.22240043,True,1.0
265597.792827294,0,0.031063527,-0.019188493,0.08405423,0.13634744,0.19193822,-0.21554528,True,1.0
265597.812827294,20000000,0.042461306,-0.03339079,0.067783415,0.108128466,0.2767391,-0.07016787,True,1.0
265597.832827294,0,0.053262025,-0.032832384,0.035925746,0.25726563,0.2809643,-0.064913996,True,1.0
265597.852827294,20000000,0.03895977,-0.021079898,0.06274754,0.36545968,0.12235387,-0.13474217,True,1.0
265597.872827294,0,-0.00992161,-0.021403283,0.061875165,0.361972,0.12634765,0.076760024,True,1.0
265597.892827294,0,0.05304557,-0.03239298,0.0063424706,0.4068234,0.08755513,0.057700697,True,1.0
265597.912827294,20000000,0.053340375,0.026384443,0.0046818256,0.39908713,0.06792467,0.090302184,True,1.0
265597.932827294,0,0.04649988,-0.018030077,-0.039186478,0.31094003,0.09020911,0.13821058,True,1.0
265597.952827294,0,0.028770804,0.03701794,-0.09242785,0.31099355,0.11031381,0.13209099,True,1.0
265597.972827294,0,-0.018347949,-0.021907091,-0.039714813,0.36268067,-0.20030695,0.15921652,True,1.0
265597.992827294,0,-0.030256301,-0.0042535067,-0.06966621,0.34148446,-0.24996775,0.19880316,True,1.0
265598.012827294,20000000,-0.020275056,0.009934396,-0.12401301,0.30233935,-0.26452953,0.11696034,True,1.0
265598.032827294,0,-0.070093974,0.043410122,-0.08833295,0.24323305,-0.25439623,0.19993424,True,1.0
265598.052827294,20000000,-0.050476238,0.02947846,-0.08956307,0.2129324,-0.26174396,0.24758138,True,1.0
265598.072827294,0,-0.026123554,0.037018806,-0.06969792,0.13764115,-0.15771219,0.18896021,True,1.0
265598.092827294,20000000,-0.03613627,0.045539558,-0.010803461,0.11309289,-0.07739429,0.1039988,True,1.0
265598.112827294,0,-0.073752135,0.047056705,0.024992585,0.13683975,-0.06740869,-0.05354529,True,1.0
265598.132827294,20000000,-0.08382191,0.06257668,0.04556346,0.21499577,-0.16397816,-0.18192267,True,1.0
265598.152827294,0,-0.084085256,0.09087545,0.059030414,0.2597112,-0.16957426,-0.22840823,True,1.0
265598.172827294,0,-0.08713031,0.09803021,0.078777194,0.27262986,-0.106993,-0.20043087,True,1.0
265598.192827294,0,-0.100706786,0.1324225,0.08510274,0.22918494,-0.11396897,-0.20029889,True,1.0
265598.212827294,0,-0.07799406,0.07402992,0.042153776,0.11107639,-0.165218,-0.17890364,True,1.0
265598.232827294,0,-0.040387392,0.020582259,-0.022248685,0.055815607,-0.16231981,-0.26052025,True,1.0
265598.252827294,0,-0.0036830604,-0.036347955,-0.083165646,0.0027480908,-0.09551362,-0.36030424,True,1.0
265598.272827294,20000000,0.0024566054,-0.07253057,-0.102728724,0.0036348412,-0.014482856,-0.4055031,True,1.0
265598.292827294,0,0.0032062232,-0.0743953,-0.10705608,0.046603348,0.09930069,-0.37697238,True,1.0
265598.312827294,20000000,0.006018281,-0.04976791,-0.09276962,0.027228914,0.22444865,-0.317894,True,1.0
265598.332827294,0,0.0016713142,-0.038834184,-0.060597718,-0.0042883083,0.34760723,-0.27342203,True,1.0
265598.352827294,0,0.01134184,-0.07149944,-0.023103714,-0.10680627,0.35514787,-0.23357475,True,1.0
265598.372827294,20000000,0.019717187,-0.10913089,0.013425946,-0.1568798,0.39579493,-0.3410414,True,1.0
265598.392827294,0,0.02294898,-0.13993281,0.019195199,-0.08590769,0.4274832,-0.5444495,True,1.0
265598.412827294,20000000,0.026229262,-0.17081013,0.024876595,-0.014935583,0.45917147,-0.7478577,True,1.0
265598.432827294,40000000,-0.030920833,-0.12256998,0.11862332,0.06428396,0.008384019,-0.9177805,True,1.0
265598.452827294,0,-0.020723999,-0.08800623,0.13298577,0.14553872,-0.21291995,-1.0306834,True,1.0
265598.472827294,20000000,-0.0068571866,-0.05021584,0.1319322,0.13614732,-0.4394518,-1.0251367,True,1.0
265598.492827294,0,0.016349971,0.004045218,0.09820241,0.09403879,-0.49893665,-0.9878319,True,1.0
265598.512827294,0,-0.0018984079,0.061958045,0.078665376,0.048438955,-0.5509084,-0.8846185,True,1.0
265598.532827294,0,-0.009081095,0.10876438,0.02270782,0.02843996,-0.51224864,-0.7467623,True,1.0
265598.552827294,20000000,0.0313344,0.11650127,0.009886265,-0.06679838,-0.54127187,-0.47944292,True,1.0
265598.572827294,0,0.018114895,0.103357315,-0.02824068,-0.16298121,-0.547004,-0.33778667,True,1.0
265598.592827294,0,-0.0066260397,0.10950896,-0.058112502,-0.25158507,-0.43283814,-0.1194202,True,1.0
265598.612827294,20000000,-0.014974296,0.09545216,-0.078362525,-0.30750668,-0.33345193,0.047001287,True,1.0
265598.632827294,0,-0.023102015,0.078841,-0.08153993,-0.3432002,-0.239262,0.19424191,True,1.0
265598.652827294,0,-0.022859871,0.04925534,-0.07609236,-0.3345212,-0.11039814,0.23909244,True,1.0
265598.672827294,20000000,-0.02627182,0.039172113,-0.05450028,-0.33575296,0.027818948,0.22588608,True,1.0
265598.692827294,0,-0.023364812,0.043328673,-0.03729105,-0.35742283,0.1406202,0.19430798,True,1.0
265598.712827294,20000000,-0.020481378,0.047476143,-0.020122528,-0.37909272,0.25342146,0.16272989,True,1.0
265598.732827294,40000000,-0.010280639,0.0445593,-0.0038963556,-0.3993752,0.37249482,0.19731484,True,1.0
265598.752827295,0,-0.0008892715,0.032318205,0.015692115,-0.3971203,0.490369,0.22329648,True,1.0
265598.772827295,20000000,0.0069417655,0.016934663,0.031186402,-0.373838,0.5768021,0.21791264,True,1.0
265598.792827295,0,0.001244098,0.0015338361,0.04412824,-0.30307943,0.5288971,0.07269965,True,1.0
265598.812827295,0,0.0038268268,0.036325842,0.050678194,-0.23690781,0.445204,0.07542611,True,1.0
265598.832827295,20000000,0.02454564,0.014885157,0.041630864,-0.17110354,0.44416043,0.1701511,True,1.0
265598.852827295,0,0.03847301,0.011650562,0.020586371,-0.007946968,0.42942554,0.24063224,True,1.0
265598.872827295,0,0.04636863,0.012644559,0.0034620166,0.066882186,0.45368552,0.27247047,True,1.0
265598.892827295,0,0.0472717,0.02694112,-0.017947912,0.09668543,0.48205084,0.2583201,True,1.0
265598.912827295,0,0.065046996,0.027326435,-0.035846412,0.07915966,0.47519022,0.24226621,True,1.0
265598.932827295,0,0.07360026,0.044644862,-0.04022211,0.091813244,0.4341089,0.24588501,True,1.0
265598.952827295,0,0.078978986,0.04017973,-0.03852552,0.068176165,0.44338986,0.24164459,True,1.0
265598.972827295,20000000,0.088377714,0.030198246,-0.036759138,0.024916481,0.456605,0.2257162,True,1.0
265598.992827295,0,0.09363189,0.030705154,-0.033030808,-0.0068662986,0.47756165,0.16475785,True,1.0
265599.012827295,0,0.07654312,0.04041511,-0.018118262,-0.08761943,0.51931506,0.13940075,True,1.0
265599.032827295,20000000,0.07295284,0.05444601,0.0018914938,-0.15753204,0.5282114,0.2684896,True,1.0
265599.052827295,0,0.06777796,0.04693228,0.014353037,-0.14010854,0.47677457,0.38825482,True,1.0
265599.072827295,20000000,0.015427232,0.015993416,0.094463766,-0.008588836,0.1110512,0.42149672,True,1.0
265599.092827295,0,-0.025024652,-0.0065275133,0.13276619,0.04204128,-0.13532728,0.3026427,True,1.0
265599.112827295,0,-0.015176326,-0.014769554,0.10633719,0.027494945,-0.23751533,0.1758987,True,1.0
265599.132827295,0,-0.018171728,-0.0146410465,0.08297163,0.003199717,-0.31794468,0.13309652,True,1.0
265599.152827295,0,-0.020472765,-0.0029595792,0.061149,-0.05838795,-0.4315052,0.17559272,True,1.0
265599.172827295,20000000,-0.03742549,-0.032361507,0.058365643,-0.0610585,-0.5229153,0.079978146,True,1.0
265599.192827295,0,-0.017146379,-0.02041787,0.022190273,-0.0548538,-0.5080811,0.21611136,True,1.0
265599.212827295,0,-0.03838113,0.021286577,0.010023117,-0.08048938,-0.5230391,0.30016464,True,1.0
265599.232827295,0,-0.050038934,0.033465147,0.0098263025,-0.10688472,-0.5206265,0.39071354,True,1.0
265599.252827295,0,-0.049790025,0.014677405,3.7372112e-05,-0.16811344,-0.49865848,0.48679125,True,1.0
265599.272827295,20000000,-0.052408755,-0.0057985485,-0.010914445,-0.2217951,-0.47161406,0.57955366,True,1.0
265599.292827295,0,-0.042537957,-0.035719097,-0.024885893,-0.24643175,-0.406914,0.6025716,True,1.0
265599.312827295,0,-0.042328715,-0.042254955,-0.030733883,-0.27384552,-0.34168416,0.58423334,True,1.0
265599.332827295,20000000,-0.04209885,-0.048938364,-0.036656737,-0.30125928,-0.27645433,0.56589514,True,1.0
265599.352827295,0,-0.05198306,-0.05374387,-0.035227418,-0.3141892,-0.23798054,0.50895435,True,1.0
265599.372827295,20000000,-0.04717505,-0.065431744,-0.034473717,-0.2643044,-0.24750797,0.39856356,True,1.0
265599.392827295,0,-0.03493905,-0.070709705,-0.041180015,-0.1965406,-0.25370595,0.27150726,True,1.0
265599.412827295,20000000,-0.025186807,-0.06879267,-0.049820006,-0.12517115,-0.1796318,0.22201635,True,1.0
265599.432827295,0,-0.03135112,-0.05755636,-0.037392437,-0.05215673,-0.12501553,0.19150633,True,1.0
265599.452827295,0,-0.016805232,-0.06571448,-0.041274786,-0.02715047,-0.057169467,0.13791534,True,1.0
265599.472827295,0,-0.026778996,-0.06443483,-0.024138987,0.014048293,-0.0591678,0.06990202,True,1.0
265599.492827295,0,-0.019171625,-0.06430873,-0.015046954,0.08342226,-0.078337364,-0.022898816,True,1.0
265599.512827295,20000000,-0.011565298,-0.06418237,-0.0059592724,0.15279622,-0.09750693,-0.11569965,True,1.0
265599.532827295,0,-0.012920737,-0.042090178,0.008063555,0.19976076,-0.09634615,-0.15575394,True,1.0
265599.552827295,0,-0.008878827,-0.018894643,0.010375619,0.27255675,-0.115799814,-0.20145154,True,1.0
265599.572827295,0,-0.0038876832,0.0027126372,0.00019848347,0.26269525,-0.1301468,-0.24079584,True,1.0
265599.592827295,0,-0.003376782,-0.021903753,0.014112711,0.27107114,-0.14640504,-0.17984176,True,1.0
265599.612827295,0,-0.011394203,0.0024930835,0.018682778,0.26175368,-0.13953032,-0.10910449,True,1.0
265599.632827295,0,-0.019239545,-0.0057890117,0.024419606,0.29168877,-0.16578467,-0.05489162,True,1.0
265599.652827295,0,-0.023597106,0.016103,0.022809744,0.28002435,-0.18571472,0.0027772225,True,1.0
265599.672827295,0,-0.013322085,0.014139384,0.009334326,0.18887573,-0.17885832,-0.00069379946,True,1.0
265599.692827295,0,-0.007597685,0.015342981,0.0047385693,0.077693954,-0.15208945,-0.016353238,True,1.0
265599.712827295,20000000,0.0031427443,0.005375117,-0.010902107,-0.041229464,-0.06086296,-0.033179823,True,1.0
265599.732827295,0,-0.008291602,0.013179868,-0.0056307316,-0.14535868,-0.12683034,-0.09566222,True,1.0
265599.752827295,0,0.014741033,0.010380566,-0.01898551,-0.32404464,-0.11239019,-0.17329308,True,1.0
265599.772827295,20000000,-0.008863628,-0.029063493,0.029456139,-0.3154736,-0.06726752,-0.19659424,True,1.0
265599.792827295,0,-0.0006134808,-0.016433418,-0.0067388415,-0.3012777,0.0614278,-0.19696318,True,1.0
265599.812827296,20000000,0.007658541,-0.003825575,-0.042974412,-0.28708178,0.19012313,-0.19733211,True,1.0
265599.832827295,40000000,-0.006847441,-0.0060044825,-0.017848432,-0.2611039,0.26565036,-0.18082723,True,1.0
265599.852827296,0,-0.011014938,0.021032363,-0.0057060122,-0.2670398,0.3166628,-0.09977031,True,1.0
265599.872827296,0,-0.012540102,0.016390264,0.005051732,-0.3041484,0.38446254,0.014880359,True,1.0
265599.892827296,0,0.012179315,0.014737546,-0.0130826235,-0.30038574,0.34647235,-0.0014731474,True,1.0
265599.912827296,20000000,0.006793916,-0.020502418,-6.234646e-05,-0.30706057,0.35678685,-0.0055900873,True,1.0
265599.932827296,0,-0.032256633,0.0055906177,0.01548326,-0.36251074,0.2970239,0.21078654,True,1.0
265599.952827296,0,0.018490791,0.034172267,-0.024434984,-0.29927012,0.30564266,0.20966502,True,1.0
265599.972827296,20000000,-0.011371195,0.014365077,0.02201587,-0.2907254,0.2250798,0.23740467,True,1.0
265599.992827296,0,0.00895983,0.018161416,0.011562109,-0.25456834,0.21749835,0.33690718,True,1.0
265600.012827296,20000000,-0.0032586753,-0.032132298,0.027523518,-0.17420621,0.16105962,0.2611583,True,1.0
265600.032827296,0,0.0035594404,-0.026025325,0.0012415648,-0.15986834,0.1540045,0.17332144,True,1.0
265600.052827296,0,0.004245609,-0.028665394,0.007938683,-0.10930646,0.09974852,0.08397232,True,1.0
265600.072827296,20000000,-0.00063177943,-0.018064529,0.017817378,-0.108026795,0.035116255,0.049567077,True,1.0
265600.092827296,0,0.0032482445,-0.020687282,0.018116891,-0.113974996,-0.015217248,-0.006414674,True,1.0
265600.112827296,20000000,0.007128954,-0.023312002,0.018411636,-0.1199232,-0.06555076,-0.062396422,True,1.0
265600.132827296,40000000,0.008416593,-0.0137168765,0.011952579,-0.111024156,-0.10089794,-0.08646889,True,1.0
265600.152827296,0,0.014008224,-0.0008329153,0.002141416,-0.09269391,-0.13032681,-0.099174835,True,1.0
265600.172827296,20000000,-0.002134651,-0.001455009,0.008436501,-0.04164389,-0.2082539,-0.15283594,True,1.0
265600.192827296,0,0.008617669,0.024249792,0.0022809505,0.019124325,-0.3513518,-0.14248599,True,1.0
265600.212827296,20000000,0.03020972,0.045754373,-0.0043653846,0.08781946,-0.38476753,-0.067862034,True,1.0
265600.232827296,0,0.023131669,0.050285965,0.009324312,0.09793381,-0.34719288,0.18962228,True,1.0
265600.252827296,0,0.007507056,0.023035467,0.021836877,0.24069676,-0.40048388,0.30075034,True,1.0
265600.292827296,0,0.005040884,0.009156138,0.005523801,0.29866576,-0.36505744,0.4893323,True,1.0
265600.312827296,20000000,0.0023729801,-0.0055671036,0.004907489,0.29612893,-0.37258965,0.494584,True,1.0
265600.332827296,0,0.005384341,-0.004117638,-0.0033502579,0.21348321,-0.3784847,0.44817668,True,1.0
265600.352827296,0,-0.0023468733,-0.029136539,0.010871768,0.17547564,-0.27617574,0.41135728,True,1.0
265600.372827296,20000000,-0.013892457,-0.025915712,0.0035841465,0.10601855,-0.0852073,0.4073563,True,1.0
265600.392827296,0,-0.01921457,-0.02917555,0.0055786967,-0.04528842,0.006178096,0.36471465,True,1.0
265600.412827296,20000000,-0.024535418,-0.032455146,0.0075748563,-0.19659537,0.09756349,0.32207304,True,1.0
265600.452827296,0,0.0010152012,-0.002102226,-0.032129467,-0.42465928,0.30689815,0.27347007,True,1.0
265600.472827296,20000000,0.014976934,-0.030325025,-0.08633107,-0.42687848,0.56547296,0.16239423,True,1.0
265600.4926905,0,-0.11399194,-0.10187128,0.10229583,-0.26222223,0.013426628,-0.1486505,True,1.0
265600.5126905,0,-0.06807357,-0.10062364,0.06662089,-0.21466504,-0.006000804,-0.23137271,True,1.0
265600.5326905,0,-0.02911079,-0.06700486,0.02205646,-0.21222365,0.008377636,-0.28056133,True,1.0
265600.5526905,0,-0.025450796,-0.04662922,0.024407327,-0.1792643,-0.08453851,-0.40107098,True,1.0
265600.5726905,0,-0.032063007,-0.10332754,0.062969804,-0.08987475,-0.14577207,-0.53857553,True,1.0
265600.6126905,0,-0.02563405,-0.039400995,0.0048435926,-0.05143958,-0.07857918,-0.58398974,True,1.0
265600.6326905,0,-0.014326513,-0.03415203,-0.016017556,-0.060820073,-0.037585083,-0.57690585,True,1.0
265600.6526905,20000000,-0.015461355,-0.024481267,-0.024230242,-0.06591694,-0.0038771257,-0.6004119,True,1.0
265600.6726905,0,-0.015611678,-0.017937094,-0.02792424,-0.07338901,0.051859546,-0.61584234,True,1.0
265600.6926905,20000000,-0.015702814,-0.011455804,-0.031631768,-0.08086108,0.10759621,-0.6312728,True,1.0
265600.7126905,40000000,-0.015235245,-0.0062295496,-0.029010594,-0.05191537,0.14483538,-0.6282936,True,1.0
265600.7326905,0,-0.01027751,0.00892964,-0.03395444,-0.025857732,0.18998407,-0.60638785,True,1.0
265600.7526905,20000000,-0.0063495636,0.017503887,-0.029804707,-0.0038135536,0.21890281,-0.5666722,True,1.0
265600.7726905,0,-0.0067314506,0.023054928,-0.02155143,0.01919418,0.23060706,-0.52130467,True,1.0
265600.7926905,20000000,-0.012677908,0.01782474,-0.015555918,0.043212343,0.21302037,-0.55083185,True,1.0
265600.8126905,0,-0.00817728,0.014123023,-0.005189538,0.11323339,0.09509538,-0.57795197,True,1.0
265600.8326905,0,0.010875016,0.0146228075,-0.006210506,0.16751902,0.11644772,-0.50323856,True,1.0
265600.8526905,20000000,0.008670151,0.024835616,0.0010104179,0.24249,0.11507826,-0.39139676,True,1.0
265600.8726905,0,0.010322154,0.032592773,0.0114519,0.29048333,0.07651146,-0.30708247,True,1.0
265600.9126905,0,0.0026789904,0.012989253,0.041535437,0.2633184,-0.019775055,-0.18489863,True,1.0
265600.9326905,20000000,0.0011670887,0.014645249,0.042881787,0.18897612,-0.0397999,-0.14209035,True,1.0
265600.9526905,0,-0.0048308372,-0.0039000213,0.06073469,0.16357142,-0.10570962,-0.083823636,True,1.0
265600.9726905,0,0.0045191944,0.00426659,0.0501855,0.0925643,-0.13214883,-0.038311906,True,1.0
265600.9926905,20000000,0.013872445,0.012434602,0.039617836,0.021557182,-0.15858805,0.0071998276,True,1.0
265601.0126905,40000000,0.023228884,0.020604163,0.029031694,-0.049449928,-0.18502726,0.05271156,True,1.0
265601.0326905,60000000,0.01082778,0.013604403,0.034662426,-0.12153746,-0.20769523,0.07643792,True,1.0
265601.052690501,0,0.007965952,0.012270004,0.029453874,-0.20092201,-0.27733025,0.053186946,True,1.0
265601.072690501,20000000,0.005114943,0.0109191835,0.0242064,-0.28030655,-0.34696525,0.029935973,True,1.0
265601.092690501,0,0.0043706596,0.003498882,0.012727141,-0.33540446,-0.3071703,-0.022927469,True,1.0
265601.112690501,0,0.0076343417,-0.0016855896,-0.010100603,-0.35788333,-0.20733973,-0.030928573,True,1.0
265601.132690501,0,0.0014375448,0.009610504,-0.012716591,-0.33869416,-0.14505053,0.034815043,True,1.0
265601.152690501,20000000,0.009327412,0.012581319,-0.02190876,-0.28973266,-0.0696481,0.09736821,True,1.0
265601.172690501,0,0.018505186,-0.000500232,-0.023743331,-0.20415622,0.030621536,0.14162374,True,1.0
265601.192690501,0,0.023420751,0.0125493705,-0.034323156,-0.1807978,0.12438203,0.21155927,True,1.0
265601.212690501,0,0.004142761,0.017271638,-0.016284883,-0.1563252,0.1547175,0.27461404,True,1.0
265601.232690501,0,-0.0056936145,0.01422888,-0.0110061765,-0.16122866,0.1036886,0.38036937,True,1.0
265601.252690501,0,-0.010483712,0.016123116,-0.014074028,-0.12468323,0.12009286,0.39025745,True,1.0
265601.272690501,20000000,-0.015270233,0.018020451,-0.017142057,-0.088137805,0.13649713,0.40014553,True,1.0
265601.292690501,0,-0.0046383142,0.01785788,-0.023986816,-0.0667922,0.1513644,0.43089575,True,1.0
265601.312690501,20000000,0.0060029924,0.017689407,-0.030828834,-0.04544659,0.16623168,0.461646,True,1.0
265601.332690501,0,0.0021421015,0.0065307617,-0.011622906,-0.03749769,0.09326748,0.49387008,True,1.0
265601.352690501,0,-0.003071934,0.0011449158,0.0043964386,-0.0042230897,0.061703194,0.51129216,True,1.0
265601.372690501,0,-0.019627541,-0.023912877,0.020749211,0.06848839,0.012593504,0.40416995,True,1.0
265601.392690501,0,-0.01866576,-0.032873392,0.015602469,0.077225596,-0.007965138,0.31401634,True,1.0
265601.412690501,0,-0.014495045,-0.03168297,0.011808455,0.08396274,-0.026880093,0.23790845,True,1.0
265601.432690501,20000000,-0.010400504,-0.025235325,0.007390678,0.05784811,-0.03080923,0.16156572,True,1.0
265601.452690501,0,-0.014235407,-0.0201073,0.01180321,0.01618569,-0.039027583,0.10628235,True,1.0
265601.472690501,0,-0.013314128,-0.023578495,0.012310803,-0.020719625,-0.04964572,0.04914637,True,1.0
265601.492690501,0,-0.0124335885,-0.020426393,0.014134169,-0.05427464,-0.0514849,-0.006152969,True,1.0
265601.512690501,0,-0.023455441,-0.02708909,0.019250154,-0.039952427,-0.09903854,-0.079809636,True,1.0
265601.532690501,20000000,-0.027494356,-0.016923398,0.026312709,0.060467638,-0.27777427,-0.14225729,True,1.0
265601.552690501,0,0.008074969,0.020872384,-0.00726068,0.07511029,-0.22738805,-0.04136353,True,1.0
265601.572690501,0,-0.004685372,0.014094681,0.0072823763,0.13327366,-0.19598982,0.059266284,True,1.0
265601.592690501,0,-0.0046093464,-0.0070239007,0.0110061765,0.12649086,-0.16435099,0.07339307,True,1.0
265601.612690501,20000000,-0.0045271814,-0.02815032,0.014713407,0.11970806,-0.13271216,0.087519854,True,1.0
265601.632690501,40000000,-0.008258313,-0.024627,0.0029075742,0.14452621,-0.10491885,0.09483539,True,1.0
265601.652690501,0,-0.002664581,-0.029080272,-0.003977537,0.13158937,-0.092059225,0.092035666,True,1.0
265601.672690501,20000000,-0.003768772,-0.010699153,-0.0026519895,0.10631059,-0.07679886,0.055673778,True,1.0
265601.692690501,0,-0.0058016777,-0.016139776,-0.00703305,0.059391603,0.023015767,0.036569446,True,1.0
265601.712690501,0,-0.009348437,-0.03318125,0.007366419,0.13278176,0.09996774,0.063353606,True,1.0
265601.732690501,20000000,6.657839e-05,-0.008287013,-0.010993123,0.11721217,0.18970263,0.108297765,True,1.0
265601.752690501,0,8.34465e-06,0.007284224,-0.017332733,0.049173266,0.2815292,0.09868017,True,1.0
265601.772690501,20000000,0.0066310763,0.0035975873,-0.025092602,-0.04342901,0.45227295,0.058526147,True,1.0
265601.792690501,0,-0.0043832064,0.008289486,-0.014920831,-0.1862072,0.50821006,0.032139935,True,1.0
265601.812690501,0,0.011500269,0.020478904,-0.036415994,-0.29427794,0.60732085,0.046885274,True,1.0
265601.832690501,20000000,0.027703673,0.044795573,-0.030658364,-0.35709372,0.6454094,0.31545934,True,1.0
265601.852690501,0,0.0034750402,-0.08028111,-0.06154394,-0.31280655,0.80662954,0.0518744,True,1.0
265601.872690501,20000000,-0.04792279,-0.041805804,0.018101752,-0.17625861,0.33607525,-0.008337915,True,1.0
265601.892690501,0,-0.026773185,-0.050558627,0.008287251,-0.06255371,0.2688495,-0.053534545,True,1.0
265601.912690501,20000000,-0.0056180656,-0.059311777,-0.0015459061,0.051151194,0.20162377,-0.098731175,True,1.0
265601.932690501,40000000,-0.00064894557,0.0017162561,-0.009239018,0.11904568,0.13088307,-0.14597732,True,1.0
265601.952690501,0,0.005536586,-0.018237919,0.0022684336,0.19927299,0.11679795,-0.2401946,True,1.0
265601.972690501,20000000,-0.008863717,-0.021085411,0.0033871531,0.20439376,0.119665004,-0.2401603,True,1.0
265601.992690501,0,0.0009635091,-0.027534276,0.0009896755,0.21251476,0.07675955,-0.24000448,True,1.0
265602.012690501,0,-0.020117372,-0.017109036,0.01972127,0.21906221,0.01982047,-0.24628423,True,1.0
265602.032690501,0,-0.018503457,-0.0049027503,0.02329731,0.2836349,0.029908247,-0.23233938,True,1.0
265602.052690501,0,-0.0064561367,-0.015849978,0.014763534,0.2739779,0.07501781,-0.24424666,True,1.0
265602.072690501,0,0.0014742911,-0.008837402,0.0081015825,0.28304067,0.081665464,-0.2149364,True,1.0
265602.092690501,0,-0.0027840734,-0.0055349767,0.018543243,0.26116076,0.081523545,-0.18901262,True,1.0
265602.112690501,0,0.0013217628,-0.0036733449,0.016049087,0.23450777,0.11946019,-0.1877213,True,1.0
265602.132690502,20000000,-0.002987057,-0.009780437,0.019752145,0.20679228,0.073600486,-0.17084654,True,1.0
265602.152690502,0,0.001599431,-0.017579079,0.017521143,0.16727972,0.06691496,-0.17207614,True,1.0
265602.172690502,20000000,-0.0023951828,-0.0070419014,0.0237059,0.12288141,0.059066646,-0.15800011,True,1.0
265602.192690502,0,-0.0048591793,-0.0056693256,0.027891755,0.085023046,0.028495247,-0.14919493,True,1.0
265602.212690502,20000000,-0.00732404,-0.0043023527,0.03207612,0.047164682,-0.0020761508,-0.14038974,True,1.0
265602.232690502,40000000,-0.0032779276,-0.0009458661,0.031341195,-0.0020495988,-0.037539653,-0.13779998,True,1.0
265602.252690502,0,-0.0017779768,-0.001015842,0.030766487,-0.052058466,-0.064255804,-0.14678758,True,1.0
265602.272690502,20000000,-0.0011662245,0.0041052103,0.024297774,-0.103996634,-0.08854189,-0.1273147,True,1.0
265602.292690502,0,-0.0059177876,0.0015033782,0.02971828,-0.12874353,-0.123800874,-0.14873403,True,1.0
265602.312690502,0,-0.031775266,-0.01839006,0.049992025,-0.050720558,-0.33957446,-0.27687222,True,1.0
265602.332690502,0,0.008158356,0.0043230653,0.011645138,-0.005242016,-0.35231137,-0.22431627,True,1.0
265602.352690502,20000000,0.02526322,0.012542635,-0.009160221,0.037677336,-0.2517773,-0.10426813,True,1.0
265602.372690502,0,0.012120366,0.016457349,-0.01382643,0.020275677,-0.22521143,0.0009919703,True,1.0
265602.392690502,20000000,0.003203094,0.0042191446,-0.006299436,0.07201301,-0.23404224,0.06813094,True,1.0
265602.412690502,0,-0.0047529936,0.0018445551,-0.0036498308,0.14625825,-0.2342975,0.12817384,True,1.0
265602.432690502,0,-0.0035868883,0.0147455335,-0.0123353,0.1914498,-0.25517032,0.15122706,True,1.0
265602.452690502,0,0.0031288564,0.0121509135,-0.019599915,0.19862026,-0.21771681,0.15166323,True,1.0
265602.472690502,0,-0.0004900992,-0.00038307905,-0.01723057,0.24280308,-0.21267287,0.13806012,True,1.0
265602.492690502,20000000,-0.0012297928,-0.0077900887,-0.016034782,0.26924813,-0.25993496,0.13550724,True,1.0
265602.512690502,0,-0.013085097,-0.0080809295,-0.0037654638,0.24359673,-0.32745355,0.14580214,True,1.0
265602.532690502,20000000,0.009525418,-0.004098356,-0.018752754,0.22064167,-0.26642936,0.12115118,True,1.0
265602.552690502,0,0.013984144,0.010674119,-0.018065095,0.13258672,-0.26245362,0.21009889,True,1.0
265602.572690502,20000000,0.010946631,0.02008316,-0.020159543,0.094460204,-0.19568911,0.17569104,True,1.0
265602.592690502,0,0.01476267,0.032808036,-0.032875717,-0.047014445,-0.14766009,0.14625737,True,1.0
265602.612690502,20000000,0.008082062,0.027298331,-0.033689022,-0.17851059,-0.068182565,0.12280831,True,1.0
265602.632690502,0,-0.06652585,-0.012894064,0.027497828,-0.15889739,-0.1082968,0.09225144,True,1.0
265602.652690502,0,0.018327743,-0.039019674,-0.032558918,-0.09776628,0.15387972,0.11610481,True,1.0
265602.672690502,20000000,0.012330115,-0.01802361,-0.022664785,-0.082060955,0.291986,0.1591725,True,1.0
265602.692690502,0,-0.030888408,-0.032032996,0.021810293,-0.092398524,0.17898884,0.15905249,True,1.0
265602.712690502,20000000,-0.005848348,-0.051217854,0.008446097,-0.06402225,0.034396097,0.14539155,True,1.0
265602.732690502,0,-0.010474026,0.023981392,0.037261546,-0.13941838,0.3854519,0.42305726,True,1.0
265602.752690502,0,0.045165956,0.045606762,-0.021489084,-0.067696445,0.3099132,0.41454607,True,1.0
265602.772690502,20000000,-0.04723987,-0.0015673339,0.06845474,0.055414326,0.111218065,0.31722072,True,1.0
265602.792690502,0,-0.03509873,-0.025846422,0.04521787,0.03036814,0.06760966,0.23560642,True,1.0
265602.812690502,20000000,-0.022947878,-0.050130755,0.021982849,0.0053219553,0.02400126,0.15399212,True,1.0
265602.852690502,0,-0.01097995,-0.045224726,0.012482166,-0.0019455203,-0.04857052,-0.058823258,True,1.0
265602.872660125,0,-0.007591935,-0.03242409,0.011644123,-0.009777372,-0.0475023,-0.14602035,True,1.0
265602.892660125,20000000,-0.008078247,-0.01574698,0.013207138,-0.04123284,-0.059009194,-0.16297281,True,1.0
265602.912660125,0,-0.0045159757,-0.0020749867,0.0114687085,-0.06564562,-0.069206044,-0.15978274,True,1.0
265602.932660125,0,-0.0040873587,0.005518645,0.010717154,-0.08619635,-0.06701842,-0.14420927,True,1.0
265602.952660125,20000000,-0.011174291,0.00054752827,0.011090279,-0.089764744,-0.100789085,-0.18092714,True,1.0
265602.972660125,0,-0.010936111,-0.003149867,0.01836723,-0.036024313,-0.24483234,-0.26588696,True,1.0
265602.992660125,20000000,0.007591456,0.008049548,-0.0007547736,-0.01261894,-0.2117492,-0.1883927,True,1.0
265603.012660125,0,0.0015869439,0.012472838,0.006493211,0.061000768,-0.21423331,-0.07720606,True,1.0
265603.032660125,0,0.0060625374,0.008769035,-0.0034681559,0.04153861,-0.18040146,-0.018986147,True,1.0
265603.052660125,20000000,0.0022435486,-0.011169285,0.00083887577,0.0322975,-0.18686168,-0.03646078,True,1.0
265603.072660125,0,0.005218357,-0.013597518,-0.008621395,0.0141387135,-0.1631679,-0.07988168,True,1.0
265603.092660125,20000000,0.008199811,-0.016020834,-0.018089533,-0.0040200725,-0.1394741,-0.12330258,True,1.0
265603.112660125,40000000,0.01118806,-0.018439323,-0.027565658,-0.022178859,-0.1157803,-0.16672349,True,1.0
265603.132660125,0,0.008427292,-0.01295197,-0.030943036,0.009666529,-0.068102166,-0.18199083,True,1.0
265603.152660125,20000000,0.00567165,-0.007462889,-0.03432089,0.04151192,-0.02042403,-0.19725817,True,1.0
265603.172660125,40000000,0.0029211342,-0.0019719899,-0.037699282,0.07335731,0.0272541,-0.21252552,True,1.0
265603.192660125,60000000,0.005778581,0.02077189,-0.043788373,0.11286256,0.094521046,-0.19701608,True,1.0
265603.212660125,0,0.0033051968,0.015650004,-0.038466573,0.094491005,0.15919325,-0.17367482,True,1.0
265603.232660125,0,0.002310872,0.024697393,-0.027814865,0.078698345,0.20492083,-0.1686247,True,1.0
265603.252660125,20000000,-0.004718542,-0.007907301,-0.012936354,0.04647888,0.2588771,-0.17560512,True,1.0
265603.272660125,0,-0.0009957254,-0.0055431128,-0.0063260794,-0.025495943,0.27937895,-0.119116984,True,1.0
265603.292660125,20000000,-0.0018852949,0.009604633,0.009060562,-0.11740169,0.24592498,-0.11277112,True,1.0
265603.312660125,0,-0.010631472,0.0014885366,0.025533378,-0.1842778,0.19584331,-0.14457351,True,1.0
265603.332660125,0,-0.008365989,-0.016021192,0.033836603,-0.2906631,0.16655049,-0.14133094,True,1.0
265603.352660125,20000000,-0.0060884655,-0.0335463,0.04208827,-0.39704838,0.13725767,-0.13808838,True,1.0
265603.372660125,0,-0.012813389,-0.031331986,0.04849702,-0.42099458,0.008442447,-0.24485338,True,1.0
265603.392660126,20000000,-0.01948449,-0.029149443,0.05481291,-0.44494078,-0.12037276,-0.3516184,True,1.0
265603.412660125,40000000,-0.026101768,-0.026997536,0.061035693,-0.46888694,-0.24918796,-0.4583834,True,1.0
265603.432660126,0,-0.015574753,-0.024691701,0.04638797,-0.519724,-0.2660844,-0.48565918,True,1.0
265603.452660126,20000000,-0.00491035,-0.02241829,0.03158635,-0.5705611,-0.28298083,-0.512935,True,1.0
265603.472660126,0,-0.004280269,-0.008822396,0.02037108,-0.58574635,-0.2933384,-0.50660443,True,1.0
265603.492660126,0,-0.0033124983,0.0005466789,0.007835031,-0.5927664,-0.29673553,-0.51291794,True,1.0
265603.512660126,0,-0.019519746,-0.0077004135,0.019246638,-0.578935,-0.39489788,-0.6120949,True,1.0
265603.532660126,20000000,0.0032390654,-0.015103996,0.006780982,-0.514297,-0.48728043,-0.6921136,True,1.0
265603.552660126,0,0.011406034,0.0031594038,-0.0058814287,-0.4132371,-0.4169283,-0.57298833,True,1.0
265603.572660126,0,0.005510628,0.02802445,-0.016346276,-0.3353234,-0.4126711,-0.37909502,True,1.0
265603.592660126,0,0.0057005286,0.018048912,-0.021339715,-0.29055846,-0.33246183,-0.24798255,True,1.0
265603.612660126,20000000,-0.0014646053,0.021148413,-0.028618515,-0.16840614,-0.26759714,-0.12910348,True,1.0
265603.632660126,0,0.0064383447,0.04024513,-0.04553634,-0.050517768,-0.20346242,-0.015617199,True,1.0
265603.652660126,0,0.009638846,0.03295687,-0.04482889,0.06802472,-0.110959515,0.038396813,True,1.0
265603.672660126,0,0.010142595,0.02589415,-0.04445839,0.13415223,-0.053078536,0.10166396,True,1.0
265603.692660126,0,-0.00030380487,0.0049698204,-0.026942194,0.16959871,-0.033094414,0.16031429,True,1.0
265603.712660126,20000000,-0.010734886,-0.015959188,-0.00944078,0.2050452,-0.013110291,0.21896462,True,1.0
265603.732660126,40000000,0.0052863955,0.00959824,-0.016751409,0.13259086,0.070990056,0.24110605,True,1.0
265603.752660126,0,-0.001927793,-0.0036178827,0.002489388,0.073225446,0.13201448,0.20179215,True,1.0
265603.772660126,0,-0.014495432,-0.0063187927,0.018679261,-0.041941047,0.1272473,0.19400373,True,1.0
265603.792660126,0,-0.0031895638,-0.027740493,0.020857573,-0.1794134,0.12587039,0.09077715,True,1.0
265603.812660126,0,-0.005344689,-0.03274323,0.026711047,-0.28546333,0.109650515,0.0012610331,True,1.0
265603.832660126,20000000,0.0044650137,-0.014621556,0.009608388,-0.4039771,0.17328756,-0.036176942,True,1.0
265603.852660126,0,0.028271228,0.0015583932,-0.0069750547,-0.48821327,0.24811134,0.07031444,True,1.0
265603.872660126,0,-0.017006606,-0.07743657,-0.030948937,-0.53070617,0.3867712,-0.09771401,True,1.0
265603.892660126,20000000,-0.041152358,-0.03373961,0.013607979,-0.4963406,0.08314133,-0.12786306,True,1.0
265603.912660126,0,-0.023886025,-0.03849353,0.031412423,-0.38697177,0.0002927184,-0.15041396,True,1.0
265603.932660126,20000000,-0.012585729,-0.032433003,0.03449303,-0.2607317,-0.08664757,-0.19491073,True,1.0
265603.952660126,0,-0.008131981,-0.029021248,0.02322805,-0.18371542,-0.13568684,-0.23023462,True,1.0
265603.972660126,20000000,-0.005997926,-0.008386731,0.00968492,-0.12777402,-0.17298129,-0.2600404,True,1.0
265603.992660126,0,-0.0028981566,0.015385576,-0.012129784,-0.0545967,-0.18388793,-0.21303476,True,1.0
265604.012660126,20000000,0.00021284819,0.039173692,-0.033958495,0.018580616,-0.19479457,-0.16602913,True,1.0
265604.032660126,40000000,0.014973909,0.048448183,-0.03739357,0.116794795,-0.15683177,-0.10728976,True,1.0
265604.052660126,0,0.004725963,0.05072145,-0.041766167,0.13373317,-0.07537709,-0.00039687753,True,1.0
265604.072660126,20000000,0.005474597,0.040729143,-0.03872186,0.16318679,-0.017195798,0.08041954,True,1.0
265604.092660126,0,0.004426092,0.030470058,-0.03139007,0.16432858,0.05402728,0.15040168,True,1.0
265604.112660126,0,-0.0049699843,0.023197636,-0.012985826,0.17435607,0.07162933,0.21485281,True,1.0
265604.132660126,0,-0.0010821521,0.008574113,-0.008368492,0.21814272,0.08371636,0.23735085,True,1.0
265604.152660126,0,-0.0030899048,-0.0060341507,0.0008380413,0.2779458,0.06707671,0.2476461,True,1.0
265604.172660126,0,-0.0038903952,-0.003378138,-0.0025488734,0.3182025,0.08511477,0.24521501,True,1.0
265604.192660126,0,-0.005399883,-0.0062404424,0.005236089,0.35546806,0.10266118,0.2673241,True,1.0
265604.212660126,0,-0.008500665,-0.008277908,0.012166262,0.4203435,0.09101876,0.30575055,True,1.0
265604.232660126,20000000,-0.011006534,-0.006276205,0.0069047213,0.5009887,0.04439022,0.2890234,True,1.0
265604.252660126,0,-0.022306174,0.004064083,0.0122516155,0.60078204,-0.10677381,0.17886892,True,1.0
265604.272660126,20000000,0.007780701,0.035160244,-0.008110642,0.5703372,-0.096177086,0.24890834,True,1.0
265604.292660126,0,-0.00050520897,0.027553424,-0.0027554035,0.59122956,-0.044324048,0.33027673,True,1.0
265604.312660126,20000000,-0.008695573,0.019900128,0.0024362206,0.61212194,0.007528994,0.4116451,True,1.0
265604.332660126,40000000,-0.014383122,0.012014762,0.008225024,0.5331659,0.043661837,0.4096546,True,1.0
265604.352660126,0,-0.0018297136,-0.00069370866,-0.0034959316,0.41763318,0.05594393,0.38113555,True,1.0
265604.372660126,20000000,-0.0025288165,-0.0032716691,0.0005005002,0.31619003,0.0850181,0.3406803,True,1.0
265604.392660126,0,-0.0021949708,-0.0052014887,0.0006355047,0.19447668,0.1266169,0.28042987,True,1.0
265604.412660126,0,-0.012286484,0.00042665005,0.0035226345,0.09304782,0.1782423,0.22487721,True,1.0
265604.432660126,0,-0.0021192431,-0.016685575,-0.0002747178,-0.02388484,0.21737681,0.17021753,True,1.0
265604.452660126,0,0.026169747,0.052424565,-0.027493834,-0.22135538,0.33401084,0.29565725,True,1.0
265604.472660127,20000000,0.067019016,0.07506283,-0.06285232,-0.2570986,0.4905537,0.470144,True,1.0
265604.492660127,0,-0.098217964,-0.013834685,0.01653117,-0.26446286,0.29335415,0.14942363,True,1.0
265604.512660127,20000000,-0.028755367,-0.01725614,0.010448039,-0.2066081,0.02127102,0.10757516,True,1.0
265604.532660127,0,-0.018613458,-0.029255033,0.02460444,-0.17131571,-0.040845655,0.062239666,True,1.0
265604.552660127,0,-0.009280294,-0.05426559,0.009607315,-0.11091605,-0.063969254,-0.06342752,True,1.0
265604.572660127,20000000,-0.009766638,-0.041548103,-0.0015566349,-0.10938106,-0.09633285,0.0008784011,True,1.0
265604.592660127,0,-0.00053206086,-0.013666004,-0.011163175,-0.056762323,-0.053480733,-0.0063754236,True,1.0
265604.612660127,20000000,0.008703887,0.014217019,-0.020771503,-0.0041435845,-0.010628611,-0.013629248,True,1.0
265604.632660127,40000000,-0.008700788,0.0044406652,-0.003989041,0.053978737,-0.053285822,0.039958693,True,1.0
265604.652660127,0,0.0012100935,0.00878717,-0.021743417,0.091740794,-0.023104742,0.079797655,True,1.0
265604.672660127,20000000,-0.0022637546,0.0054132044,-0.011960506,0.11596922,0.00064920075,0.13254367,True,1.0
265604.692660127,0,0.0069114864,0.0074890256,-0.02251935,0.13966435,0.04364276,0.15454166,True,1.0
265604.712660127,20000000,0.0006124079,0.009928852,-0.013734102,0.1532368,0.078405485,0.18742377,True,1.0
265604.732660127,0,0.0008058548,0.008721501,-0.013028502,0.16459456,0.08645949,0.21543992,True,1.0
265604.752660127,0,0.007153988,0.008226812,-0.014835477,0.17797555,0.11073965,0.21858932,True,1.0
265604.772660127,20000000,-0.023191094,-0.004622519,0.01588142,0.21519026,0.010401994,0.1686739,True,1.0
265604.792660127,0,0.01595679,0.02842632,0.0016527176,0.24462906,0.07824837,0.39514512,True,1.0
265604.812660127,0,0.0020039082,-0.08798343,0.061323524,0.25364947,0.116132416,0.22873914,True,1.0
265604.832660127,0,0.0002914071,0.02045542,0.0053391457,0.15507728,0.087732226,0.26199156,True,1.0
265604.852660127,0,-0.006655544,-0.010056347,0.014833212,0.16320464,0.04727277,0.27565613,True,1.0
265604.872660127,20000000,-0.0091661215,-0.021337658,0.011395335,0.2007722,-0.0008007847,0.24635074,True,1.0
265604.892660127,0,-0.0055198967,-0.014189988,0.0070987344,0.22071521,-0.010569232,0.18760069,True,1.0
265604.912660127,20000000,-0.001858145,-0.007053882,0.0027744174,0.24065822,-0.020337678,0.12885062,True,1.0
265604.932660127,40000000,-0.006429285,-0.0039032996,0.014425218,0.29106155,-0.11234802,-0.02282247,True,1.0
265604.952660127,0,0.0021579564,-0.004615724,0.0040394664,0.19184837,-0.092954464,-0.012397224,True,1.0
265604.972660127,20000000,-0.007391393,-0.024198472,0.020597994,0.18572025,-0.104165204,-0.01879076,True,1.0
265604.992660127,0,-0.0054475963,-0.0059261024,0.011505902,0.15207496,-0.12332665,-0.038847,True,1.0
265605.012660127,20000000,-0.0045057535,-0.021156043,0.012268722,0.041538507,-0.15459794,-0.005778484,True,1.0
265605.032660127,0,-0.013567969,-0.010688186,0.021310568,0.03577569,-0.13693711,-0.05244275,True,1.0
265605.052660127,0,-0.009416193,-0.024339318,0.016334593,0.0360623,-0.13171597,-0.0756765,True,1.0
265605.072660127,20000000,-0.012437671,-0.02693671,0.02079475,0.015138641,-0.1271222,-0.049303196,True,1.0
265605.092660127,0,-0.02382943,-0.028877616,0.0313347,0.04537717,-0.118156716,-0.019433634,True,1.0
265605.112660127,20000000,-0.018436193,-0.02961281,0.030224323,0.04931062,-0.13368294,0.019333785,True,1.0
265605.132660127,0,-0.01970853,-0.027741343,0.031180859,0.109177865,-0.15157734,0.036611468,True,1.0
265605.152660127,0,-0.00757125,-0.005676836,0.020498574,0.14944439,-0.2648715,0.04468716,True,1.0
265605.172660127,0,-0.011692047,0.0064062476,0.015657663,0.035482712,-0.2391139,0.041201614,True,1.0
265605.192660127,20000000,-0.015809864,0.018485546,0.010805428,-0.07847895,-0.21335629,0.03771607,True,1.0
265605.252516792,0,0.003643459,0.011199212,-0.030076941,-0.28711095,-0.13715385,-0.00366292,True,1.0
265605.272516792,0,0.011573553,0.008568615,-0.038589537,-0.25969678,-0.05084332,-0.02633205,True,1.0
265605.292516792,20000000,0.0027563274,-0.002509296,-0.02730465,-0.1973994,0.009796593,-0.028198017,True,1.0
265605.312516792,0,0.0050340295,-0.013920844,-0.02252996,-0.15849906,0.100069374,-0.0017346852,True,1.0
265605.352516792,0,0.013667762,0.0062412024,-0.030513346,-0.09112765,0.2796446,0.08136246,True,1.0
265605.372516792,0,-0.0073844045,0.00018793344,-0.007427335,-0.105291225,0.32455495,0.1568137,True,1.0
265605.392516792,20000000,0.0054281205,-0.0055372417,-0.01674211,-0.058912758,0.33319572,0.1778086,True,1.0
265605.412516792,0,0.014231354,-0.004668027,-0.0006991029,-0.021053836,0.3118576,0.17491058,True,1.0
265605.432516792,0,0.011417955,-0.0060755014,0.01298058,0.015806004,0.24520165,0.19669242,True,1.0
265605.452516792,20000000,0.014229089,0.00026538968,0.0088454485,0.036443837,0.24576099,0.20891249,True,1.0
265605.472516792,0,0.0040450394,-0.008535445,0.01970768,0.07920744,0.18412876,0.21167336,True,1.0
265605.492516792,20000000,-0.006117344,-0.017329961,0.030560851,0.12197105,0.12249654,0.21443424,True,1.0
265605.512516792,40000000,-0.016258016,-0.026118338,0.041405022,0.16473466,0.060864314,0.21719511,True,1.0
265605.552516792,0,-0.012054458,-0.02408284,0.023931623,0.12579982,0.0045280084,0.13079691,True,1.0
265605.572516792,20000000,-0.008776903,-0.026120484,0.016959786,0.0878029,-0.00390861,0.07206211,True,1.0
265605.592516792,0,-0.011298552,-0.026118606,0.019480467,0.05014332,-0.019198459,0.014324971,True,1.0
265605.612516792,0,-0.015926778,-0.02417314,0.02153325,0.02693147,-0.038508564,-0.03539478,True,1.0
265605.632516792,20000000,-0.014047191,-0.020240009,0.014929831,0.01502931,-0.05725814,-0.07699691,True,1.0
265605.652516792,0,-0.011388317,-0.013854325,0.006980121,0.014963267,-0.07718423,-0.09614174,True,1.0
265605.672516792,0,0.0032706857,-0.017042845,0.0034282804,0.05892384,-0.064782105,-0.16612697,True,1.0
265605.692516792,20000000,-0.006989062,-0.023721129,0.0060657263,0.05492708,-0.07462258,-0.14882727,True,1.0
265605.712516792,0,-0.0115484595,-0.009750634,-0.00057947636,0.09795649,-0.18763933,-0.24994399,True,1.0
265605.732516792,20000000,0.0073188692,0.030555904,-0.021937966,0.09512172,-0.19997591,-0.2410924,True,1.0
265605.752516792,0,-0.004422307,-0.030097127,0.008194089,0.15439656,-0.17360322,-0.1323148,True,1.0
265605.772516792,0,-0.0048186183,-0.02079454,0.006474197,0.14688024,-0.16182342,-0.1237456,True,1.0
265605.792516792,20000000,-0.0052212775,-0.01149106,0.004737973,0.13936391,-0.1500436,-0.115176395,True,1.0
265605.812516792,40000000,-0.0056303293,-0.0021866858,0.002985239,0.13184759,-0.13826379,-0.10660719,True,1.0
265605.832516792,0,-0.0031951815,-0.0009779036,-0.0062125325,0.10662012,-0.1262292,-0.09394899,True,1.0
265605.852516792,20000000,-0.00076396763,0.00023368001,-0.015420079,0.08139264,-0.11419459,-0.0812908,True,1.0
265605.872516792,40000000,0.014460087,0.0019109249,-0.03336692,0.045187403,-0.05356897,-0.100258216,True,1.0
265605.892516792,0,-0.004615903,0.0031223893,-0.021077156,0.017273067,-0.044619612,-0.12479816,True,1.0
265605.912516792,0,0.009018183,0.0014963746,-0.033588886,-0.018624088,-0.015814349,-0.17267324,True,1.0
265605.932516792,20000000,-0.0056759715,-0.0055965483,-0.010191023,-0.047002558,-0.011170838,-0.20101026,True,1.0
265605.952516792,0,-0.004366085,-0.008463502,-0.011602759,-0.020022359,0.023947757,-0.1888231,True,1.0
265605.972516792,0,-0.0036610514,-0.0011017919,-0.021670341,0.032259364,0.09952812,-0.16812135,True,1.0
265605.992516792,20000000,-0.008296415,0.0048672557,-0.02381432,0.06406284,0.18329607,-0.11667766,True,1.0
265606.012516792,0,-0.004279524,0.020525336,-0.029858112,0.07421337,0.24798483,-0.07758674,True,1.0
265606.032516792,0,-0.004963994,0.012384027,-0.021467447,0.06884886,0.32713872,-0.07837369,True,1.0
265606.052516792,0,-0.014863849,-0.011368811,-0.0016961694,0.056285087,0.38526946,-0.054654475,True,1.0
265606.072516792,0,-0.01694882,-0.004773289,0.008241951,-0.02672546,0.41332448,0.022162888,True,1.0
265606.092516792,0,-0.016535163,-0.015600324,0.010975242,-0.0057230704,0.38381773,0.0043007173,True,1.0
265606.112516792,20000000,-0.016103238,-0.026428431,0.013649702,0.015279319,0.354311,-0.013561452,True,1.0
265606.132516793,0,-0.005667329,0.0012386441,0.0056555867,0.048966542,0.34941456,0.023408765,True,1.0
265606.152516793,0,0.0057920814,-0.0093868375,0.011665106,0.049100384,0.3491496,0.026184814,True,1.0
265606.172516793,0,0.0010769665,-0.008055329,0.024394631,0.046924166,0.25640914,0.05101248,True,1.0
265606.192516793,20000000,-0.0036282837,-0.006718993,0.037104964,0.044747945,0.16366866,0.075840145,True,1.0
265606.212516793,40000000,-0.0057436824,-0.033029526,0.04889673,0.071749315,0.06920132,0.012675919,True,1.0
265606.232516793,0,-0.0026414692,-0.023538351,0.037525833,0.05650863,0.03307139,-0.025458433,True,1.0
265606.252516793,0,0.00010854006,-0.009930074,0.02816534,0.031170947,-0.002391316,-0.037130225,True,1.0
265606.272516793,20000000,-0.0020954013,0.00078994036,0.027499497,-0.004030401,-0.032810625,-0.024941118,True,1.0
265606.292516793,0,0.00038832426,0.006879002,0.020041704,-0.042895548,-0.049243875,-0.0036218334,True,1.0
265606.312516793,0,0.0027049482,0.0128317475,0.012423098,-0.080906585,-0.0500326,0.020861926,True,1.0
265606.332516793,20000000,-0.007847607,0.013107151,0.013468146,-0.106534675,-0.083020255,0.012231507,True,1.0
265606.352516793,0,-0.013479799,-0.0017826259,0.0074750185,-0.06523776,-0.20710085,-0.05300778,True,1.0
265606.372516793,20000000,0.022757173,-0.0021298528,-0.013248265,0.03125546,-0.21240442,-0.049711272,True,1.0
265606.392516793,0,0.014401436,-0.00093233585,-0.008989036,0.056893256,-0.18068233,0.067078695,True,1.0
265606.412516793,20000000,0.00605011,0.00025966763,-0.004742086,0.08253105,-0.14896023,0.18386868,True,1.0
265606.452516793,0,0.003965378,-0.020170748,0.0031736493,0.19257815,-0.1409798,0.1861852,True,1.0
265606.472516793,0,-0.0013820827,-0.018443465,0.0059282184,0.23958802,-0.12085885,0.14639787,True,1.0
265606.492516793,0,-0.006622404,-0.06494987,0.021890342,0.30655432,-0.12347124,0.094366685,True,1.0
265606.512516793,0,0.014356196,-0.014386356,-0.023097038,0.2032723,-0.057965748,0.1680338,True,1.0
265606.532516793,0,0.01492238,-0.0025050938,-0.034979343,0.09085865,0.053231716,0.1885051,True,1.0
265606.552516793,0,0.0006611943,0.0060788393,-0.028718948,-0.0047259554,0.19163422,0.20089236,True,1.0
265606.572516793,0,-0.0011325777,0.019971162,-0.03753364,-0.08448405,0.28796762,0.20225586,True,1.0
265606.592516793,0,-0.006190121,0.011077791,-0.018414617,-0.14525345,0.30759943,0.21517116,True,1.0
265606.612516793,0,0.006898761,0.03963843,-0.032901764,-0.23726326,0.38265875,0.4000795,True,1.0
265606.632516793,20000000,0.03254786,0.022639126,-0.064162135,-0.18423043,0.5247794,0.49099296,True,1.0
265606.652516793,0,-0.06617367,-0.0037086904,0.011208296,-0.07185853,0.21493655,0.27436984,True,1.0
265606.672516793,20000000,-0.0334107,-0.026880115,0.023724735,-0.022036795,-0.02482739,0.23058432,True,1.0
265606.692516793,0,-0.018661797,-0.021066964,0.019162416,-0.011591283,-0.06907216,0.12232064,True,1.0
265606.712516793,20000000,-0.0039111376,-0.015256643,0.014595389,-0.0011457698,-0.11331692,0.014056958,True,1.0
265606.732516793,40000000,-0.012998372,-0.021340817,0.018250167,-0.012471932,-0.13257985,-0.043610357,True,1.0
265606.752516793,0,-0.023536831,-0.026735246,0.023323476,0.024311733,-0.186309,-0.058216132,True,1.0
265606.772516793,20000000,-0.015931547,-0.026333809,0.011838138,0.06532763,-0.20162748,-0.07485113,True,1.0
265606.792516793,0,-0.0049336553,-0.010928214,0.004212737,0.080392405,-0.19843814,-0.11623658,True,1.0
265606.812516793,0,-0.012608945,-0.018493861,-0.004034579,0.044270992,-0.16263774,-0.08718618,True,1.0
265606.832516793,0,-0.002925545,0.014332533,-0.020234704,0.049421553,-0.08746764,-0.062961526,True,1.0
265606.852516793,0,-0.024244174,0.018530816,-0.017261446,-0.011702187,-0.06625959,-0.008603718,True,1.0
265606.872516793,20000000,-0.0039927363,2.1368265e-05,-0.014799237,-0.029351916,-0.04915517,0.014561882,True,1.0
265606.892516793,0,0.0034243464,-0.0097595155,-0.0156883,-0.05825723,0.00096151605,0.012018209,True,1.0
265606.912516793,20000000,-0.0033426583,-0.012616336,-0.0043121576,-0.06842853,0.019648096,-0.0033714846,True,1.0
265606.932516793,0,-0.0048277676,-0.011638343,0.0009891987,-0.07507224,0.014231339,-0.02010351,True,1.0
265606.952516793,0,-0.0070034266,-0.01136893,0.0035527945,-0.08322264,0.0050380593,-0.03869389,True,1.0
265606.972516793,20000000,-0.0034260154,-0.012661576,0.0015388727,-0.082072645,-0.0048207967,-0.066087306,True,1.0
265606.992516793,0,-0.004049927,-0.009889007,-0.00025457144,-0.06305776,-0.007163873,-0.08506155,True,1.0
265607.012516793,20000000,-0.004670888,-0.007118255,-0.0020501614,-0.04404287,-0.009506948,-0.104035795,True,1.0
265607.032516793,40000000,-0.008323967,-0.0071047544,-0.002380848,-0.029083125,-0.037999954,-0.1395042,True,1.0
265607.052516793,0,-0.022130594,-0.040736467,0.0034013987,0.070811875,-0.21955088,-0.39149785,True,1.0
265607.072516793,20000000,-0.012705028,-0.0027412474,0.005878091,0.13088337,-0.22697912,-0.22685277,True,1.0
265607.092516793,0,0.007871479,0.021492124,-0.016017139,0.115127906,-0.15791345,-0.11390761,True,1.0
265607.112516793,20000000,0.006780803,-0.022238404,-0.010518432,0.10812168,-0.06963247,-0.15175429,True,1.0
265607.132516793,0,-0.00924325,-0.014836907,0.0028336048,0.12689295,-0.08053134,-0.09787469,True,1.0
265607.152516793,0,-0.0032278001,-0.02009058,0.0011097789,0.13011278,-0.08242014,-0.09756115,True,1.0
265607.172516793,20000000,-0.008497626,-0.0012730658,-0.0052257776,0.09298316,-0.044679802,-0.087686434,True,1.0
265607.192516793,0,-0.013024211,0.0012430847,-0.0015235543,0.052688103,-0.012347601,-0.07141855,True,1.0
265607.212516794,0,-0.0052848756,-0.06650248,0.03336233,0.18632606,-0.06248604,-0.08831257,True,1.0
265607.252516794,0,0.004063666,0.017363548,-0.010067761,-0.027126834,-0.094782256,-0.054774333,True,1.0
265607.272516794,20000000,-0.00060003996,0.023501396,-0.0007853508,-0.045663394,-0.101965286,-0.0626324,True,1.0
265607.292516794,0,-0.0036922991,0.020112008,-0.0029457808,-0.109693676,-0.0706736,-0.08487646,True,1.0
265607.312516794,20000000,-0.006779343,0.01672095,-0.005110979,-0.17372397,-0.03938192,-0.10712053,True,1.0
265607.332516794,0,-0.008338124,-0.048275203,0.0155797005,-0.07491369,-0.04021198,-0.14020881,True,1.0
265607.352516794,0,0.0013637543,-0.04300928,0.0070610046,-0.07889939,0.023192037,-0.14593078,True,1.0
265607.372516794,20000000,0.008015513,-0.012286931,-0.01146245,-0.053055782,0.13755503,-0.10148795,True,1.0
265607.392516794,0,-0.017612234,0.0009906888,0.006066203,-0.09624632,0.30272377,0.008484386,True,1.0
265607.412516794,20000000,0.022398978,-0.0012685359,-0.014796853,-0.09221481,0.28556713,0.06160806,True,1.0
265607.432516794,0,0.009822488,0.043323517,-0.024619877,-0.11736544,0.36853814,0.12370913,True,1.0
265607.452516794,20000000,0.02784869,0.027186334,0.015960574,-0.092015214,0.32862324,0.15872835,True,1.0
265607.472516794,0,0.0016874969,0.0066810846,0.011896849,-0.1185706,0.23327324,0.2619369,True,1.0
265607.492516794,20000000,-0.022416502,-0.017362952,0.01194638,-0.14117582,0.18024047,0.3115543,True,1.0
265607.512516794,0,-0.025235325,-0.052874446,0.039904118,-0.04434984,-0.049687088,0.10421416,True,1.0
265607.532516794,0,-0.006786138,-0.029074103,0.01766938,-0.06476061,-0.05786573,0.10070241,True,1.0
265607.552516794,20000000,-0.0073234737,-0.010666788,-0.0059633255,-0.064960964,-0.05011268,0.10024765,True,1.0
265607.572516794,0,-0.002236843,-0.006012559,0.00046497583,-0.04930368,-0.033863865,0.086935274,True,1.0
265607.592516794,0,-0.0039382875,-0.007873952,0.004208803,-0.04515979,-0.03488269,0.07350266,True,1.0
265607.612516794,20000000,-0.0056399703,-0.009737492,0.007951617,-0.0410159,-0.035901517,0.060070045,True,1.0
265607.632516794,40000000,-0.0038881898,-0.013243288,0.002903521,-0.06269573,-0.030083058,0.040956255,True,1.0
265607.652516794,0,-0.0062167943,-0.01138261,0.0048931837,-0.09422955,-0.04073093,0.0077782534,True,1.0
265607.672516794,0,-0.0033689141,-0.0073782206,0.00070649385,-0.1192304,-0.048111748,-0.0080038905,True,1.0
265607.692516794,20000000,-0.0013153851,-0.0044924915,-0.00026082993,-0.12336226,-0.04204833,0.0040626368,True,1.0
265607.712516794,0,0.001888454,0.00065883994,-0.0062832236,-0.116719715,-0.02345211,0.026964266,True,1.0
265607.732516794,20000000,-0.0061899424,-0.009574294,-0.002598226,-0.07984168,-0.07375565,-0.012916673,True,1.0
265607.752516794,0,-0.008389324,-0.005855441,-0.0034635663,-0.009363465,-0.17785284,-0.08724764,True,1.0
265607.772516794,0,0.007502675,0.01544103,-0.014862359,0.052891158,-0.20588775,-0.046248924,True,1.0
265607.792516794,20000000,-0.0019439161,-0.007655978,0.005400121,0.12128862,-0.2217656,0.024546456,True,1.0
265607.812516794,0,0.008664906,-0.009515345,-0.0047243834,0.13696659,-0.1880638,0.07086501,True,1.0
265607.832516794,20000000,0.0025437772,-0.014276147,-0.0023708344,0.1486373,-0.1701107,0.06597866,True,1.0
265607.852516794,0,-0.0066687167,-0.012185693,0.0056447983,0.11165643,-0.13353959,0.060103808,True,1.0
265607.872516794,0,-0.010625973,-0.03813058,0.011019886,0.11009437,-0.11282404,0.059824966,True,1.0
265607.892516794,20000000,-0.014581695,-0.064077616,0.016387224,0.1085323,-0.09210849,0.059546128,True,1.0
265607.912516794,40000000,-0.0034464896,-0.011399746,-0.0049983263,0.033493772,-0.029690962,0.07809647,True,1.0
265607.932516794,0,-0.0016769916,0.005213827,-0.010707974,-0.09368639,0.08787435,0.06682545,True,1.0
265607.952516794,20000000,-0.0044324696,0.0016803741,-0.0013593435,-0.19223972,0.20747814,0.049336597,True,1.0
265607.972516794,0,-0.004988089,0.0025399923,0.0003542304,-0.26975963,0.2611502,0.071101815,True,1.0
265607.992516794,20000000,0.0044929087,0.018608212,-0.008728027,-0.3133142,0.33102924,0.14135543,True,1.0
265608.012516794,0,0.02706337,0.032999605,-0.016170025,-0.3331078,0.42139286,0.41268826,True,1.0
265608.032516794,20000000,-0.013409078,-0.015044451,0.011248827,-0.2287927,0.39745468,0.32479945,True,1.0
265608.052516794,0,-0.050379276,-0.020829558,0.056536317,-0.13239768,0.11554104,0.2527902,True,1.0
265608.072516794,0,-0.022715151,-0.032188594,0.028436482,-0.07854237,0.055806402,0.13888869,True,1.0
265608.092516794,0,-0.0051923096,-0.03134042,0.018173575,-0.03319782,-0.014403541,0.06889859,True,1.0
265608.112516794,20000000,-0.019429147,-0.028462678,0.025614023,-0.02375601,-0.06895733,0.02220412,True,1.0
265608.132516794,0,-0.026876643,-0.050416023,0.037741005,0.03823705,-0.18247324,-0.03375721,True,1.0
265608.152516794,0,-0.0036416352,-0.023199826,0.014724493,0.12234677,-0.22951922,-0.13720156,True,1.0
265608.172516794,20000000,-0.00012624264,-0.0229235,0.0072878003,0.14051878,-0.20861354,-0.20434037,True,1.0
265608.192516794,0,-0.0001193583,-0.0034976006,2.849102e-05,0.1278561,-0.15200469,-0.16600497,True,1.0
265608.212516794,20000000,-0.00011789799,0.015931755,-0.007237792,0.11519342,-0.09539585,-0.12766959,True,1.0
265608.232516794,40000000,0.005970001,0.01231876,-0.0136499405,0.09560877,-0.053753555,-0.07168785,True,1.0
265608.252516794,0,0.004166633,0.00846982,-0.01254946,0.07296461,-0.013558086,-0.025985878,True,1.0
265608.272516795,0,-0.0019050539,0.0060648024,-0.0071997643,0.047266822,0.013995655,0.0018744208,True,1.0
265608.292516795,0,-0.004529625,-0.0055033863,-0.004004061,0.029772261,0.020303903,-0.00084355054,True,1.0
265608.312516795,0,-0.0061226487,-0.013615638,-0.0025697947,0.012260232,0.027208338,-0.012731787,True,1.0
265608.332516795,20000000,-0.005870968,-0.02201128,-0.0028082728,0.022056907,0.038932372,-0.050773107,True,1.0
265608.352516795,0,-0.025663838,-0.03774035,0.0070056915,0.07227123,-0.034021337,-0.18002942,True,1.0
265608.372516795,0,-0.023378223,-0.031784087,0.006664157,0.1798779,-0.17574309,-0.31718436,True,1.0
265608.392516795,0,-0.010691762,-0.02762711,0.0028387308,0.28452948,-0.17887083,-0.2712227,True,1.0
265608.412516795,0,0.005654037,-0.013538152,-0.018102467,0.2865559,-0.1701327,-0.21408518,True,1.0
265608.432516795,20000000,0.0025753677,-0.010739565,-0.019512236,0.24078022,-0.10464345,-0.23736292,True,1.0
265608.452516795,0,-0.007483095,-0.0031732917,-0.007398963,0.2421018,-0.089319885,-0.25073546,True,1.0
265608.472516795,0,-0.00543046,0.010187179,-0.0030092597,0.24120694,-0.059826076,-0.21670315,True,1.0
265608.492516795,0,-0.0077533424,-0.008545756,0.006449759,0.22246602,-0.060786292,-0.19480586,True,1.0
265608.512516795,20000000,-0.010086834,-0.027284145,0.015898824,0.2037251,-0.06174651,-0.17290856,True,1.0
265608.532516795,40000000,-0.016881704,0.0059634447,0.016647756,0.15787657,-0.11658892,-0.120186836,True,1.0
265608.552516795,0,0.0011332035,0.01959315,-0.00029492378,0.10127503,-0.10128375,-0.13362752,True,1.0
265608.572516795,20000000,0.01067996,0.026643753,-0.0073356032,0.013695747,-0.0018551722,-0.12482368,True,1.0
265608.592516795,0,0.016815782,0.028037697,-0.019623816,-0.052260272,0.073153175,-0.07847139,True,1.0
265608.612516795,0,-0.007297009,0.010771692,0.0113042,-0.086788,0.031273413,-0.0027071014,True,1.0
265608.632516795,20000000,-0.015444517,-0.016189396,0.01249218,-0.10391896,0.01901687,-0.05135014,True,1.0
265608.652516795,0,0.022931904,-0.03807822,-0.012134552,-0.07789673,0.027848922,-0.13973022,True,1.0
265608.672516795,20000000,0.007093698,-0.026855588,0.008164406,-0.057142418,0.027353143,-0.18270628,True,1.0
265608.692516795,0,-0.00074115396,-0.01366058,0.010259926,-0.04418858,0.07585432,-0.18191995,True,1.0
265608.712516795,20000000,0.0035574436,0.00094404817,0.0043861866,-0.082304105,0.17241262,-0.15510306,True,1.0
265608.732516795,0,-0.003349334,-0.008070201,0.008073509,-0.10660368,0.27272618,-0.1123365,True,1.0
265608.772516795,0,0.01592952,0.0119095445,-0.003690362,-0.11063352,0.30367693,-0.0012298524,True,1.0
265608.792516795,0,0.0068724155,0.017503917,-0.0076972246,-0.10328837,0.2576754,0.057517257,True,1.0
265608.812516795,0,-0.0030310452,0.015865445,0.0077081323,-0.14053771,0.20293161,0.15329988,True,1.0
265608.832516795,0,0.00321275,0.041274488,0.007487476,-0.13115768,0.24010904,0.3048706,True,1.0
265608.852516795,0,-0.009874463,0.018647373,0.027293503,-0.042196117,0.11746512,0.29376665,True,1.0
265608.872516795,20000000,-0.00676319,-0.01881522,0.022313595,-0.037134487,0.070335686,0.26307732,True,1.0
265608.892516795,0,-0.008478552,-0.023703247,0.013741493,-0.0083903745,-0.0033686832,0.22031699,True,1.0
265608.912516795,0,-0.004598826,-0.02130267,0.0052484274,0.0065878583,-0.040985715,0.15462013,True,1.0
265608.932516795,20000000,0.002335757,-0.02142778,-0.0032652617,-0.0018292796,-0.02163409,0.096422866,True,1.0
265608.952516795,0,-0.004003465,-0.019634098,0.0013177991,-0.01685627,-0.020412486,0.07346319,True,1.0
265608.992516795,0,-0.008505255,-0.005103439,0.0012818575,-0.038155615,-0.00795317,0.06797926,True,1.0
265609.012516795,0,-0.009989172,-0.006701559,0.0039126277,-0.030333206,-0.033890568,0.061157078,True,1.0
265609.032516795,20000000,0.013196707,-0.009399176,-0.008827269,0.010804355,-0.025858052,0.052431364,True,1.0
265609.052516795,0,-0.015511334,-0.027805924,0.01408124,0.0580793,-0.08462544,-0.058846522,True,1.0
265609.072516795,0,-0.010025799,0.005867213,-0.0060031414,0.050724927,-0.18414442,-0.05854571,True,1.0
265609.092516795,0,-0.0020853877,0.005517632,-0.003296554,0.10632465,-0.18087326,0.021982014,True,1.0
265609.112516795,20000000,0.005856037,0.005168557,-0.00061023235,0.16192438,-0.17760211,0.10250974,True,1.0
265609.132516795,40000000,0.0063500702,0.014643073,-0.0021256208,0.1522933,-0.16410065,0.1550784,True,1.0
265609.152516795,0,0.0010352135,-0.0075603724,0.012175679,0.12454669,-0.16787107,0.08730813,True,1.0
265609.172516795,20000000,-0.0017211437,-0.030259073,0.0135881305,0.110966876,-0.14010966,0.07997734,True,1.0
265609.192516795,0,-0.0035403073,0.0007018745,0.006774068,0.09795472,-0.16614345,0.022349864,True,1.0
265609.212516795,0,0.0022759438,0.011597663,-0.008245349,0.02439151,-0.07258026,0.0050333105,True,1.0
265609.232516795,20000000,0.014361262,0.009239703,-0.020179749,-0.07316318,-0.009250358,0.034758564,True,1.0
265609.252516795,0,0.0014669895,0.0029648542,-0.005317867,-0.17281327,0.08546639,0.101690546,True,1.0
265609.272516795,20000000,0.003774047,0.0062140524,-0.010581851,-0.23520394,0.224208,0.1290111,True,1.0
265609.292516795,0,0.009575456,0.018589646,-0.01056391,-0.2534811,0.28996274,0.21686852,True,1.0
265609.312516795,0,0.00028130412,-0.014104158,0.02934879,-0.27734712,0.28624117,0.36150643,True,1.0
265609.332516795,20000000,-0.013209581,-0.043172956,-0.045838892,-0.338904,0.5788393,0.30493405,True,1.0
265609.352516796,0,-0.103672236,-0.040457457,-0.07961136,-0.2626746,0.32109946,0.17402312,True,1.0
265609.372516796,20000000,-0.021827817,-0.034646153,-0.01422435,-0.13658835,0.028799564,0.118475944,True,1.0
265609.392516796,0,-0.019958884,-0.03669685,0.0010291934,-0.12678267,-0.0340204,0.04840499,True,1.0
265609.412516796,20000000,-0.01808986,-0.038751423,0.016275942,-0.11697699,-0.09684037,-0.021665953,True,1.0
265609.452516796,0,-0.021632552,-0.030276656,-0.00045877695,0.057709284,-0.16592894,-0.13206187,True,1.0
265609.472516796,20000000,0.00090533495,-0.011543453,-0.021108806,0.06861287,-0.14130957,-0.23166086,True,1.0
265609.492516796,0,0.00018548965,0.012111068,-0.016015053,0.05084966,-0.10745188,-0.22676614,True,1.0
265609.512516796,20000000,-0.0037000477,0.017770886,-0.015704691,0.013990525,-0.06378858,-0.1364521,True,1.0
265609.532516796,0,0.007020235,0.01859352,-0.017351747,-0.006322397,-0.008128472,-0.057582058,True,1.0
265609.552516796,0,-0.008013874,0.011041731,-0.0047255754,-0.033034902,0.00082390755,-0.011213724,True,1.0
265609.572516796,20000000,-0.0012526512,-0.001262933,-0.0070518255,-0.034815043,0.04046294,-0.016557716,True,1.0
265609.592516796,0,-0.005025387,-0.009018213,-0.0055350065,-0.04112135,0.06120412,0.0045311414,True,1.0
265609.612516796,0,-0.009875059,-0.008214116,0.0028613806,-0.027548421,0.060809027,0.039981514,True,1.0
265609.632516796,0,-0.0025438666,-0.014502436,-0.008665681,0.016818695,0.071605206,-0.003730107,True,1.0
265609.652516796,0,-0.03670509,-0.027535021,0.019800067,0.09567936,-0.086305484,-0.10430707,True,1.0
265609.672516796,20000000,0.00074502826,-0.0036165714,0.0016585588,0.11124108,-0.036741376,-0.0046866685,True,1.0
265609.692516796,0,-0.0202865,-0.0066308677,0.015627563,0.12364218,-0.015811682,-0.018321238,True,1.0
265609.712516796,20000000,-0.04131502,-0.009644747,0.029592514,0.13604327,0.0051180143,-0.03195581,True,1.0
265609.732516796,40000000,-0.035226747,-0.02706176,0.012361765,0.09440455,-0.056618623,-0.112689696,True,1.0
265609.752516796,0,-0.012792259,-0.0037619472,-0.0075235367,0.09744304,-0.11430597,-0.1794129,True,1.0
265609.772516796,20000000,-0.008051664,-0.017786473,0.010408878,0.2054654,-0.15890595,-0.29907486,True,1.0
265609.792516796,0,0.0012114346,0.008244932,0.0033150315,0.17177013,-0.116972,-0.2137352,True,1.0
265609.812516796,20000000,0.00029939413,-0.002682507,0.0036811233,0.09086823,-0.06855834,-0.1431852,True,1.0
265609.832516796,0,-0.0069210827,-0.017354727,0.018755734,0.091405675,-0.12445546,-0.17538102,True,1.0
265609.852516796,0,-0.00025230646,-0.024977773,0.0045250654,0.06936643,-0.03783957,-0.16512884,True,1.0
265609.872516796,0,-0.0043867826,0.0073269904,-0.008015871,0.021301348,-0.033803515,-0.10208855,True,1.0
265609.892516796,0,-0.005810052,0.036584854,-0.012347579,-0.05950593,0.0074026696,-0.057875644,True,1.0
265609.912516796,20000000,0.007920533,0.044733018,-0.0054870844,-0.14958616,0.12117453,-0.010199897,True,1.0
265609.932516796,0,0.021662116,0.0032042563,-0.029159904,-0.20454916,0.17303032,-0.008438798,True,1.0
265609.972516796,0,0.0075944066,-0.0018493235,-0.00560683,-0.21742392,0.38683257,0.13322291,True,1.0
265609.992516796,0,-0.019759595,-0.044929773,0.004594326,-0.25049525,0.42792377,0.13449298,True,1.0
265610.012516796,0,-0.061591327,-0.012984991,0.08586192,-0.087105066,0.14883187,0.10714786,True,1.0
265610.032516796,20000000,-0.10342306,0.01898712,0.16708744,0.07628514,-0.13026002,0.07980274,True,1.0
265610.052360458,0,-0.0061593046,-0.023790656,-0.2739527,-0.22714227,0.6714285,-0.14252813,True,1.0
265610.072360458,0,-0.013147265,-0.019110918,-0.106322885,-0.1454444,0.2587224,-0.09739645,True,1.0
265610.092360458,0,-0.0018137097,-0.021330237,-0.041257977,-0.09739037,0.060390502,-0.091858365,True,1.0
265610.112360458,0,0.0025348961,-0.024942964,-0.028276265,-0.06492393,-0.020078577,-0.09863564,True,1.0
265610.132360458,20000000,-0.008331925,-0.010142595,-0.0036203861,-0.04145716,-0.09723453,-0.09396976,True,1.0
265610.152360458,0,-0.0033167899,0.004521996,-0.0064244866,-0.047013532,-0.08542097,-0.0759771,True,1.0
265610.172360458,0,0.002505362,-0.006670058,-0.00996542,-0.027136521,-0.08262264,-0.111108705,True,1.0
265610.192360458,20000000,0.007324606,-0.003743887,-0.013251185,-0.06064084,-0.05333601,-0.09861705,True,1.0
265610.212360459,0,-0.0074430406,-0.0049458146,-0.008618474,-0.11026922,-0.03332355,-0.069633335,True,1.0
265610.232360459,0,-0.005602658,-0.011518478,-0.0029385686,-0.13784051,-0.03450101,-0.0902292,True,1.0
265610.252360459,20000000,-0.0037568212,-0.018093765,0.0027330518,-0.1654118,-0.035678472,-0.110825054,True,1.0
265610.272360459,0,-0.0043097436,-0.013234377,0.003520608,-0.15596338,-0.047625456,-0.11925786,True,1.0
265610.292360459,20000000,-0.0048529804,-0.008378625,0.0042969584,-0.14651495,-0.05957244,-0.12769067,True,1.0
265610.312360459,40000000,-0.004899442,-0.004983574,-0.00092995167,-0.12589109,-0.07911395,-0.13668156,True,1.0
265610.332360459,0,-0.0033213794,0.0022946596,-0.0049234033,-0.07468086,-0.13085921,-0.16749184,True,1.0
265610.352360459,20000000,0.00081816316,0.015104771,-0.01161325,0.0026604086,-0.20486379,-0.19899073,True,1.0
265610.372360459,0,-0.0030022264,0.013198167,-0.009576261,0.0041639325,-0.17165127,-0.049217165,True,1.0
265610.392360459,20000000,-0.0021087825,0.0035471022,-0.0017334223,0.11565082,-0.20024924,-0.008165609,True,1.0
265610.412360459,0,0.0067518055,-0.0013340414,-0.011988342,0.109163985,-0.13085867,0.00080124196,True,1.0
265610.432360459,20000000,0.0013056099,-0.0051775575,-0.0073953867,0.08776365,-0.106377214,0.018481802,True,1.0
265610.452360459,0,0.0039668083,-0.01024574,-0.005110979,0.049013276,-0.063959576,0.0029149745,True,1.0
265610.472360459,0,-0.00094643235,-0.012120873,0.0057451725,0.019161057,-0.034185912,-0.012721153,True,1.0
265610.492360459,20000000,0.00010690093,-0.009221584,0.005547166,-0.010937918,-0.021656804,-0.0052674226,True,1.0
265610.512360459,0,-0.0008238852,-0.011501789,0.010084689,-0.021387877,0.015306797,-0.0061226957,True,1.0
265610.532360459,0,0.0006418526,-0.005928755,0.0068235397,-0.0864145,0.059167657,0.00054473523,True,1.0
265610.552360459,20000000,0.0021069348,-0.00035589933,0.003558755,-0.15144113,0.10302852,0.0072121657,True,1.0
265610.572360459,40000000,0.00028938055,-0.0020000339,0.005101621,-0.20125408,0.14911962,0.0071540796,True,1.0
265610.592360459,0,-0.0004414618,0.0028892457,0.006269157,-0.21867254,0.17001952,0.047297787,True,1.0
265610.612360459,20000000,-0.001178205,0.0077799857,0.0074080825,-0.236091,0.19091943,0.08744149,True,1.0
265610.632360459,0,0.0077883303,0.010337323,-0.0057135224,-0.25702077,0.22322415,0.1692476,True,1.0
265610.652360459,20000000,0.016741753,0.012901187,-0.018860936,-0.27795053,0.25552887,0.25105372,True,1.0
265610.672360459,0,-0.0018018186,-0.008390218,-0.00057142973,-0.21832067,0.20040062,0.18621758,True,1.0
265610.692360459,20000000,-0.0070089996,0.0044644177,0.0024617314,-0.20669898,0.107257865,0.16651626,True,1.0
265610.712360459,0,-0.022649705,-0.028873533,-0.0004633069,-0.2237431,0.06259507,0.105377704,True,1.0
265610.732360459,20000000,-0.0051676035,-0.007819861,-0.013262153,-0.18394154,0.0068565905,0.104348056,True,1.0
265610.752360459,0,-0.0025971234,-0.0026330948,-0.0051478148,-0.17795959,-0.0222118,0.0754254,True,1.0
265610.772360459,0,-0.0059349835,-0.0129674375,0.002162099,-0.19548272,-0.048901707,0.04661382,True,1.0
265610.792360459,20000000,-0.009273499,-0.023308814,0.009456515,-0.21300584,-0.07559161,0.017802242,True,1.0
265610.812360459,40000000,-0.012301415,-0.037400693,0.010163486,-0.15399279,-0.11982219,-0.016374458,True,1.0
265610.832360459,0,-0.0046200156,-0.024895608,0.0037398338,-0.13180444,-0.11807299,-0.06037914,True,1.0
265610.852360459,20000000,0.003069371,-0.012390822,-0.0026952624,-0.10961609,-0.116323784,-0.10438382,True,1.0
265610.872360459,0,-0.0031005442,-0.0060718358,-0.015227616,-0.12755524,-0.035262235,-0.08173067,True,1.0
265610.892360459,0,-0.0027130842,-0.004604876,-0.011111319,-0.13856572,-0.025819985,-0.044215936,True,1.0
265610.912360459,20000000,-0.0023231804,-0.0031400323,-0.007002592,-0.14957622,-0.016377736,-0.006701201,True,1.0
265610.932360459,0,-0.00054973364,-0.008629888,-0.006255865,-0.13822943,-0.004290794,-0.004515347,True,1.0
265610.952360459,20000000,0.0012236834,-0.014122099,-0.005517125,-0.12688263,0.007796147,-0.0023294927,True,1.0
265610.972360459,0,0.001131773,-0.014155954,-0.008066237,-0.11516548,0.009081971,-0.013242128,True,1.0
265610.992360459,0,-0.0020597577,-0.010848522,-0.0031276345,-0.10396722,0.0009543365,-0.020296922,True,1.0
265611.012360459,0,-0.010038078,-0.0068879277,0.0015133619,-0.0872305,-0.03098527,-0.022230143,True,1.0
265611.032360459,20000000,-0.0057997108,-0.007352203,-0.00040775537,-0.06338863,-0.046922937,-0.04125981,True,1.0
265611.052360459,0,-0.0026473105,-0.0047961622,-0.005031407,-0.03740123,-0.049256764,-0.063730314,True,1.0
265611.072360459,0,-0.0014638305,-0.0024749786,-0.008125067,-0.023636179,-0.053397533,-0.08006001,True,1.0
265611.092360459,0,-0.0011977851,0.00029221177,-0.008460462,-0.01903932,-0.054761026,-0.09142598,True,1.0
265611.112360459,0,0.00083491206,0.0025179833,-0.0056239367,-0.049826093,-0.04536701,-0.100052126,True,1.0
265611.132360459,20000000,-0.00035208464,-0.003657654,0.000905931,-0.09872967,-0.03980612,-0.099021345,True,1.0
265611.152360459,0,-0.0047253966,-0.0045068115,0.008938551,-0.17511302,-0.04766842,-0.09901789,True,1.0
265611.192360459,0,-0.0044857264,-0.004095882,0.013489842,-0.3217068,-0.098677784,-0.20695302,True,1.0
265611.212360459,20000000,-0.009196192,-0.00075632334,0.01821959,-0.37383157,-0.16009969,-0.27982095,True,1.0
265611.232360459,40000000,-0.0026640296,0.0035166442,0.015273511,-0.3886348,-0.20407467,-0.27548787,True,1.0
265611.252360459,0,0.0033331215,0.0026791245,0.012168705,-0.42454332,-0.15252268,-0.16045818,True,1.0
265611.272360459,20000000,0.008751363,-0.0007068217,0.0014012456,-0.41225442,-0.11604254,-0.10106981,True,1.0
265611.29236046,0,-0.001236856,0.0045936257,8.195639e-05,-0.40445784,-0.0966006,-0.055874825,True,1.0
265611.31236046,20000000,0.00033938885,0.0022045672,-0.0027634501,-0.39460233,-0.050876327,-0.057606522,True,1.0
265611.33236046,0,0.0006687641,-0.017072707,-0.0051792264,-0.3555116,-0.037390795,-0.051616825,True,1.0
265611.35236046,0,0.00019356608,-0.010264412,-0.0071492195,-0.33818328,-0.002584625,-0.03689666,True,1.0
265611.37236046,0,-0.0067836344,-0.009450853,-0.004348457,-0.31043825,0.018912535,-0.0060267113,True,1.0
265611.39236046,0,-0.0076085925,-0.00605613,-0.0049310327,-0.27605233,0.009620385,0.009108988,True,1.0
265611.41236046,20000000,0.008965105,0.037708208,-0.024421036,-0.29359412,0.03465698,-0.0019011032,True,1.0
265611.43236046,0,-0.0077893734,0.016954064,0.0004875064,-0.28609875,0.0056802444,0.049307525,True,1.0
265611.45236046,0,0.007707268,0.0005007833,-0.014117241,-0.24615127,0.0075199697,0.08150288,True,1.0
265611.47236046,0,0.007392347,-0.01154393,-0.009114802,-0.19308916,-0.012100652,0.08001981,True,1.0
265611.49236046,20000000,-0.0021533668,-0.011802629,0.00081169605,-0.12422464,-0.07143157,0.074359454,True,1.0
265611.51236046,0,-0.006669551,-0.025567308,0.005496323,-0.023581356,-0.10447703,0.043342456,True,1.0
265611.53236046,20000000,0.0018587112,-0.042725563,0.008432984,0.087483115,-0.095464125,-0.0075374953,True,1.0
265611.55236046,0,-0.010268748,-0.043606415,0.010948122,0.14769843,-0.114876404,-0.08870232,True,1.0
265611.57236046,20000000,-0.013867587,-0.04695615,0.016898096,0.1812436,-0.151747,-0.15776676,True,1.0
265611.59236046,0,-0.005827725,-0.018185467,-0.0035889745,0.16554205,-0.10856997,-0.21237765,True,1.0
265611.61236046,0,-0.0052310824,0.001662463,-0.0033574104,0.12078039,-0.087255485,-0.21521264,True,1.0
265611.63236046,20000000,-0.011096463,0.020187803,0.0030325651,0.07382741,-0.068922475,-0.19350147,True,1.0
265611.65236046,0,0.010080427,0.0299512,-0.010815978,0.02277897,-0.03799703,-0.14658973,True,1.0
265611.67236046,20000000,-0.0024612844,0.018087953,0.005282223,-0.044960376,-0.022170395,-0.07459215,True,1.0
265611.69236046,0,-0.0012664497,-0.00010485947,-0.0029987693,-0.065655135,-0.009017122,-0.049118817,True,1.0
265611.71236046,20000000,0.00026264787,-0.017165452,0.010037422,-0.020190433,-0.11647201,-0.07017951,True,1.0
265611.73236046,0,0.008628219,-0.00831452,-0.0044541955,-0.008940787,-0.015863411,-0.14219777,True,1.0
265611.75236046,0,0.0013350248,-0.006165847,-0.016210198,-0.05904484,0.0719258,-0.15401821,True,1.0
265611.77236046,20000000,0.010905474,0.010203168,-0.043290377,-0.11363602,0.18143724,-0.11908938,True,1.0
265611.79236046,0,-0.009078294,-0.0016091242,-0.020335853,-0.19357315,0.31012768,-0.066678405,True,1.0
265611.81236046,20000000,-0.029046252,-0.013428189,0.0025586486,-0.27351028,0.4388181,-0.014267437,True,1.0
265611.83236046,40000000,0.0128471255,-0.006943688,-0.017356575,-0.23827751,0.4626315,0.01879907,True,1.0
265611.85236046,0,0.018302113,0.0005138591,-0.013392925,-0.19029261,0.44281098,0.05435641,True,1.0
265611.87236046,20000000,-0.0036679208,0.07097979,-0.0030157566,-0.15231985,0.46264425,0.18804514,True,1.0
265611.89236046,0,-0.010584265,0.012137815,0.011810005,-0.060831137,0.3431947,0.21192914,True,1.0
265611.91236046,20000000,-0.043536395,-0.01789894,0.019827783,-0.0061287917,0.22454095,0.26643604,True,1.0
265611.93236046,0,-0.02753365,-0.015634075,0.026486397,0.08211379,0.030728698,0.19940531,True,1.0
265611.95236046,0,-0.011680663,-0.03253463,0.019280255,0.12062575,-0.015256621,0.12321457,True,1.0
265611.97236046,20000000,-0.00089645386,-0.029924884,0.00074499846,0.12812512,-0.026650447,0.053375915,True,1.0
265611.99236046,0,-0.00052011013,-0.027238362,-0.0006018281,0.12965316,-0.030927766,-0.016873263,True,1.0
265612.01236046,0,0.0008378625,-0.017241098,-0.01071161,0.11283927,-0.012032261,-0.06808745,True,1.0
265612.03236046,0,-0.00820598,-0.010242,-0.0053365827,0.10456393,-0.006129354,-0.08726,True,1.0
265612.05236046,0,-0.007855028,-0.0072825775,-0.0044777393,0.10729912,0.015003063,-0.093918696,True,1.0
265612.07236046,20000000,-0.007674545,-0.008873209,-0.0036336184,0.14026836,0.011921698,-0.08208466,True,1.0
265612.09236046,0,-0.0051478148,-0.0019343048,-0.0045274496,0.15247865,0.0035771588,-0.093190454,True,1.0
265612.11236046,20000000,-0.0026260316,0.005003184,-0.005430162,0.16468894,-0.004767379,-0.10429624,True,1.0
265612.13236046,40000000,-0.021463305,-0.002843544,0.00761652,0.17841363,-0.074916795,-0.16030245,True,1.0
265612.15236046,0,-0.014798105,-0.002607897,-0.0010843277,0.21416275,-0.15673009,-0.21527547,True,1.0
265612.17236046,20000000,-0.01580438,0.0012849867,-0.0068425536,0.22995822,-0.1994627,-0.12684055,True,1.0
265612.19236046,0,-0.005591482,0.048873276,-0.014550149,0.42246294,-0.26845837,-0.12327411,True,1.0
265612.23236046,0,-0.00033462048,-0.0010243058,0.010823369,0.47579604,-0.09120459,0.16944975,True,1.0
265612.25236046,0,-0.006555289,-0.02177094,0.007974863,0.53739774,-0.07974021,0.1683027,True,1.0
265612.27236046,20000000,0.009129703,-0.020180166,-0.0057386756,0.5514582,0.00010407716,0.17112692,True,1.0
265612.29236046,0,0.006846875,0.03225915,-0.013599098,0.51060516,-0.050767746,0.10904876,True,1.0
265612.31236046,20000000,0.0041707456,0.019584134,-0.016971469,0.4377707,0.045973156,0.023092903,True,1.0
265612.33236046,0,0.0047230422,0.020968929,-0.023193061,0.33177388,0.09975326,0.035126034,True,1.0
265612.35236046,0,0.025383413,-0.009300098,-0.024855554,0.2599797,0.13428156,0.011117071,True,1.0
265612.372360461,20000000,-0.01003769,0.014786974,-1.5616417e-05,0.05052179,0.31744027,0.06995422,True,1.0
265612.392360461,0,0.080902755,0.09955755,-0.020758867,-0.06564999,0.5043806,0.47515818,True,1.0
265612.412360461,20000000,0.17185369,0.18437055,-0.041563153,-0.18182176,0.6913209,0.88036215,True,1.0
265612.432198417,0,-0.25167653,-0.07269928,0.11677226,-0.27020058,0.28543976,-0.15645596,True,1.0
265612.452198417,20000000,-0.12580505,-0.046368286,0.077658,-0.2597312,0.10050729,-0.061681874,True,1.0
265612.472198417,0,-0.06534332,-0.048729092,0.05011964,-0.2637601,0.03292013,-0.03626063,True,1.0
265612.492198417,0,-0.04641375,-0.06955437,0.050334334,-0.1972445,-0.048502386,-0.108913854,True,1.0
265612.512198417,0,-0.024479955,-0.059091285,0.020261884,-0.20564502,-0.077861615,-0.18165001,True,1.0
265612.532198417,0,-0.020950854,-0.03885609,0.017964303,-0.15227588,-0.10027073,-0.21893138,True,1.0
265612.552198417,0,-0.01322934,-0.0193194,0.006830275,-0.14689864,-0.059354443,-0.21556431,True,1.0
265612.572198417,0,-0.01114437,-0.0062327385,0.00241822,-0.14731152,-0.033950333,-0.17269194,True,1.0
265612.592198417,0,-0.008734822,-0.0014903545,0.0016632676,-0.13984942,-0.021199096,-0.12604222,True,1.0
265612.612198417,20000000,-0.0007252097,0.0026984662,-0.0032203197,-0.12879774,-0.008433684,-0.08957675,True,1.0
265612.632198417,0,-0.0011283755,0.0045998096,-0.0032814145,-0.11625662,-0.0062679457,-0.0516917,True,1.0
265612.652198417,0,-0.002263397,0.0062099844,-0.006068468,-0.10065808,-0.001559861,-0.018300086,True,1.0
265612.672198417,20000000,0.0020259619,-0.0015542358,-0.013624251,-0.059911117,0.004955291,-0.0019484796,True,1.0
265612.692198417,0,0.0024380684,-0.005458012,-0.021153688,-0.01260329,0.029632699,-0.0058409004,True,1.0
265612.712198417,20000000,0.0015664697,-0.008495435,-0.024058342,0.029917609,0.040730465,-0.016480327,True,1.0
265612.732198417,0,-0.008733392,-0.0050613433,-0.02343285,0.047240842,0.031235512,-0.04811608,True,1.0
265612.752198417,20000000,-0.021675676,-0.027394354,-0.015667617,0.0912111,-0.046910588,-0.18091717,True,1.0
265612.772198417,0,-0.00011956692,0.0058061033,-0.028914452,0.10351724,-0.04121042,-0.1656931,True,1.0
265612.792198417,0,0.008802265,-0.026389241,-0.015719533,0.19202298,-0.024992114,-0.23931557,True,1.0
265612.812198417,0,0.01170212,0.0005493164,-0.02108413,0.2052835,0.00017471798,-0.1644814,True,1.0
265612.832198417,20000000,0.007306874,0.00037419796,-0.007685244,0.26256114,0.03199529,-0.06903206,True,1.0
265612.852198417,0,0.0025587976,0.0044135153,0.0023966432,0.29268074,0.054620616,0.026903443,True,1.0
265612.872198417,0,-0.00071546435,-0.01756166,0.021120608,0.3334011,0.049390703,0.036467288,True,1.0
265612.892198417,20000000,-0.004171431,-0.03202699,0.032174468,0.3406646,0.05562666,-0.00022573397,True,1.0
265612.912198417,0,-0.008491904,-0.03267686,0.034047127,0.2997941,0.034169737,-0.0580938,True,1.0
265612.932198417,0,-0.007575989,-0.023337156,0.029651225,0.24127015,-0.016618367,-0.103261255,True,1.0
265612.952198417,20000000,-0.0066687167,-0.014001116,0.025236785,0.18274622,-0.067406476,-0.14842871,True,1.0
265612.972198417,0,-0.0040429533,-0.0031813532,0.020896971,0.09808431,-0.08243731,-0.145544,True,1.0
265612.992198417,20000000,-0.0014163256,0.0076424032,0.01655531,0.013422415,-0.09746813,-0.1426593,True,1.0
265613.032198417,0,0.007792115,0.010435283,0.004288435,-0.11128703,-0.08707587,-0.10772073,True,1.0
265613.052198417,20000000,0.014382571,0.0024007559,-0.0036448836,-0.15133457,-0.06165278,-0.075666875,True,1.0
265613.072198417,0,0.005702108,0.008730635,-0.009266138,-0.15694182,0.02130203,-0.044424206,True,1.0
265613.092198417,0,-0.008318633,0.01696898,-0.0041306615,-0.19074816,0.14390904,0.04679005,True,1.0
265613.112198417,20000000,-0.0066335797,0.015780613,-0.012458205,-0.23087935,0.21760824,0.09468631,True,1.0
265613.132198417,0,0.0064611137,0.005155474,-0.018453062,-0.2593759,0.25810578,0.21029356,True,1.0
265613.152198417,0,0.00972271,0.026891872,-0.0113915205,-0.17752385,0.26689985,0.26549774,True,1.0
265613.172198417,20000000,0.0056817234,0.055782676,-0.006993234,-0.13092849,0.2910754,0.44144168,True,1.0
265613.192198417,0,-0.03680387,-0.04995674,0.059223592,-0.019445881,0.053423256,0.37813318,True,1.0
265613.212198417,0,-0.011092126,-0.025928184,0.01649034,0.020610973,-0.061894618,0.3292123,True,1.0
265613.232198417,20000000,-0.002332449,-0.01710838,0.010570824,0.045111377,-0.13466859,0.2893986,True,1.0
265613.252198417,0,-0.0052085817,-0.01015912,0.015139103,0.063395336,-0.19564237,0.27221847,True,1.0
265613.272198417,0,-0.0059610307,-0.0075397342,0.01444906,0.07046603,-0.24097763,0.2545206,True,1.0
265613.292198417,0,-0.002946794,-0.0071191043,0.01134187,0.07101957,-0.26494467,0.24107131,True,1.0
265613.312198417,20000000,8.8721514e-05,-0.0067255646,0.008198142,0.0715731,-0.28891173,0.22762203,True,1.0
265613.332198417,40000000,-0.0007032752,-0.0036612004,0.0052402616,0.06066431,-0.29534352,0.22492664,True,1.0
265613.352198418,0,-0.0037678182,-0.0061060637,0.005609691,0.06672383,-0.2957778,0.22885256,True,1.0
265613.372198418,0,-0.006076783,-0.004365325,0.0023735166,0.06589608,-0.29582646,0.24124569,True,1.0
265613.392198418,0,-0.007899046,-0.00980635,-0.0013277531,0.06394811,-0.2897861,0.23653874,True,1.0
265613.412198418,0,-0.004677862,-0.0034487396,-0.009168565,0.032890577,-0.25988716,0.21900836,True,1.0
265613.432198418,20000000,-0.020399868,-0.009376973,0.00088846684,0.023556689,-0.31158456,0.17059389,True,1.0
265613.452198418,0,-0.014648199,-0.006534174,0.0056366324,0.037597414,-0.36148936,0.17770769,True,1.0
265613.472198418,0,0.004591912,-0.032281578,-0.008018136,0.14996126,-0.35989088,0.022101343,True,1.0
265613.492198418,0,0.015269607,-0.0022790283,-0.021534503,0.13027535,-0.29614848,0.086014725,True,1.0
265613.512198418,0,0.005198404,-0.013999864,-0.008703589,0.11844099,-0.21515068,0.15600367,True,1.0
265613.532198418,0,0.001199007,-0.04129663,-1.001358e-05,0.1395603,-0.16412237,0.12737836,True,1.0
265613.552198418,20000000,-0.0027918369,-0.06860311,0.0086657405,0.1606796,-0.11309408,0.09875305,True,1.0
265613.572198418,40000000,-0.020246267,-0.040886074,0.012880325,0.18309505,-0.09081648,-0.0070491433,True,1.0
265613.592198418,0,-0.009445757,-0.02217649,-0.0034652352,0.1690801,-0.060692217,-0.09513024,True,1.0
265613.612198418,20000000,0.001346454,-0.0034671426,-0.01982367,0.15506515,-0.03056795,-0.18321134,True,1.0
265613.652198418,0,-0.006998658,0.0359734,-0.025284767,0.024758652,0.09850106,-0.1649237,True,1.0
265613.672198418,20000000,0.0029435456,0.018721849,-0.028581142,-0.07341614,0.20130862,-0.12511113,True,1.0
265613.692198418,0,7.70092e-05,-0.0042509884,-0.0072166324,-0.14924704,0.27500272,-0.08284766,True,1.0
265613.712198418,0,0.03030762,0.061218336,-0.04064101,-0.26606548,0.45828646,0.12294858,True,1.0
265613.732198418,20000000,0.0529702,0.10811809,-0.06832874,-0.2447693,0.59088135,0.40951416,True,1.0
265613.752198418,0,-0.04872006,0.01691325,0.06450486,-0.110054806,0.30396965,0.19369504,True,1.0
265613.772198418,20000000,-0.048803985,-0.01669775,0.06171125,-0.037837133,0.14781262,0.08589543,True,1.0
265613.792198418,0,0.005680144,-0.038797423,0.0018674731,-0.029870301,0.106453404,-0.052476086,True,1.0
265613.812198418,0,0.0048300624,-0.017521337,-0.0085657835,-0.04766253,0.073028326,-0.09472215,True,1.0
265613.832198418,20000000,-0.009432018,-0.031523526,0.009158611,0.0024819523,0.056178182,-0.12318629,True,1.0
265613.852198418,0,-0.01914236,-0.018556833,-0.0029633641,0.06842813,0.04044783,-0.16509362,True,1.0
265613.872198418,20000000,-0.011374086,-0.034120277,-0.008882523,0.16077918,0.02827597,-0.21781436,True,1.0
265613.892198418,0,-0.005622834,-0.0154134035,-0.01257515,0.18301947,0.047848497,-0.221081,True,1.0
265613.912198418,20000000,0.00011625886,0.0032816827,-0.016278923,0.20525977,0.06742102,-0.22434765,True,1.0
265613.932198418,40000000,-0.001987487,0.0069045126,-0.012123942,0.18852313,0.090986654,-0.19060165,True,1.0
265613.952198418,0,-0.0052726567,-0.001449123,-0.0042468905,0.17623422,0.09017854,-0.15865189,True,1.0
265613.972198418,0,0.0032717586,-0.0094845,-0.005123377,0.1538694,0.11259886,-0.15744919,True,1.0
265613.992198418,20000000,-0.0026961267,-0.0012172163,0.0033471584,0.12455885,0.114251755,-0.15531303,True,1.0
265614.012198418,0,-0.0049660206,-0.0010699332,0.01074028,0.09282489,0.09646222,-0.14916827,True,1.0
265614.032198418,20000000,-0.007202983,-0.0026847124,0.014523149,0.07184538,0.07653741,-0.1382765,True,1.0
265614.052198418,0,-0.008185297,-0.0012694001,0.016888022,0.057499178,0.06365525,-0.13450433,True,1.0
265614.072198418,0,-0.005558789,0.003705129,0.014439523,0.043207515,0.046312645,-0.1259693,True,1.0
265614.092198418,20000000,-0.0063883364,0.0076004565,0.013508499,0.02203502,0.040309165,-0.10824047,True,1.0
265614.112198418,0,-0.0070468187,0.00072820485,0.010347545,0.01133858,0.012620775,-0.13095938,True,1.0
265614.132198418,20000000,-0.023362786,-0.005683556,0.01834917,0.0143739395,-0.08423275,-0.16353543,True,1.0
265614.152198418,0,0.002241224,-0.013372019,0.014973938,0.03098069,-0.09936764,-0.09798019,True,1.0
265614.172198418,0,0.0044386685,-0.04393871,0.010756195,0.11443436,-0.08295283,-0.17476344,True,1.0
265614.192198418,0,0.004220307,-0.004723415,-0.0092538,0.07897386,-0.13051546,-0.16617018,True,1.0
265614.212198418,0,0.0014013052,0.012328133,0.006044805,0.11084667,-0.17084326,-0.099550046,True,1.0
265614.232198418,20000000,0.0061995685,0.0062532723,0.0086628795,0.102035284,-0.1184863,-0.018133253,True,1.0
265614.252198418,0,0.008942485,-0.008916259,0.008751512,0.036832042,-0.12949963,-0.03996008,True,1.0
265614.272198418,20000000,0.0116870105,-0.024085522,0.00883323,-0.028371207,-0.14051296,-0.061786905,True,1.0
265614.292198418,0,0.004979998,-0.030445635,0.013701022,-0.04428027,-0.116998985,-0.12311347,True,1.0
265614.312198418,0,-0.007993579,-0.017328382,0.014941096,-0.05352542,-0.15557444,-0.10827187,True,1.0
265614.332198418,0,0.008476973,0.0030874163,-0.0075019,-0.0657966,-0.14024124,-0.10263489,True,1.0
265614.352198418,20000000,0.003577441,0.015098527,-0.011587799,-0.11828163,-0.10005197,-0.072396174,True,1.0
265614.372198418,0,-0.011021525,0.00674586,-0.0031443238,-0.15318231,-0.09473245,-0.069297716,True,1.0
265614.392198418,0,0.007081419,-0.0025219023,-0.016305923,-0.15934423,-0.047564264,-0.04613629,True,1.0
265614.412198419,20000000,-0.0024799407,-0.010482863,-0.007098198,-0.13945138,0.043948587,-0.030540582,True,1.0
265614.432198419,0,-0.023180932,0.0005415678,0.009429932,-0.12945817,0.1438711,0.078921184,True,1.0
265614.452198419,0,0.0010294914,-0.0101237,-0.02584672,-0.16801938,0.29017788,0.06355091,True,1.0
265614.472198419,0,0.015629351,0.011632547,-0.042006075,-0.23506251,0.3434162,0.12798423,True,1.0
265614.492198419,0,0.02619636,0.0067382306,-0.017997324,-0.13213047,0.46650773,0.18044366,True,1.0
265614.512198419,0,-0.0076985657,-0.017262474,-0.019497335,-0.1340086,0.46783513,0.32881546,True,1.0
265614.532198419,20000000,-0.07155295,-0.033955112,0.08020437,0.0525856,-0.046845913,0.26914155,True,1.0
265614.552198419,0,-0.0011174977,-0.029411107,0.012708545,0.05168952,-0.04918952,0.15106124,True,1.0
265614.572198419,20000000,0.0055158734,-0.023036495,0.011927128,0.07994008,-0.04555087,0.14938824,True,1.0
265614.592198419,0,-0.0028618574,-0.012791172,0.010002553,0.110481,-0.050451294,0.04160153,True,1.0
265614.612198419,0,-0.0028439164,0.004038498,-0.002543807,0.09449367,-0.032506395,0.017696705,True,1.0
265614.632198419,0,-0.00605163,0.0042574406,0.0020128489,0.09182567,-0.038904466,0.021380372,True,1.0
265614.652198419,0,-0.0044056475,0.0036621243,-0.0039836764,0.08632338,-0.026538773,0.02015989,True,1.0
265614.672198419,20000000,0.007616818,-0.0045012683,-0.008740306,0.07273445,-0.010317864,0.011953388,True,1.0
265614.692198419,0,0.0059964657,-0.0062642545,-0.004547894,0.07219002,0.02256375,0.0032600462,True,1.0
265614.712198419,0,-0.0017301142,-0.005906701,0.0059250593,0.06733818,0.03115139,0.009915549,True,1.0
265614.732198419,0,-0.004368454,-0.0001348257,0.0076669455,0.067219295,0.027145494,0.025359748,True,1.0
265614.752198419,0,0.0014954507,0.0037611127,0.0043096542,0.06803927,0.026776433,0.020391084,True,1.0
265614.772198419,0,-0.00021579862,0.004433617,0.0039430857,0.038542293,0.013527336,0.021980759,True,1.0
265614.792198419,0,0.0016331971,0.0045512468,-0.00067287683,-0.00029139593,0.016106764,0.008948389,True,1.0
265614.812043667,0,-0.013842039,-0.0026810332,0.014795921,-0.008389195,-0.048098348,-0.045053013,True,1.0
265614.832043667,0,-0.016566694,-0.029681057,0.024190009,0.026874451,-0.025332334,-0.06546406,True,1.0
265614.852043667,20000000,-0.02383995,-0.00095774233,0.019124448,0.01414161,-0.1129733,-0.09800542,True,1.0
265614.872043667,0,-0.0120202005,-0.009259984,0.01263845,0.012595597,-0.16168635,-0.13377398,True,1.0
265614.892043667,20000000,0.0025675595,0.011239797,0.003125608,0.028526045,-0.18167064,-0.122632265,True,1.0
265614.912043667,0,9.8347664e-05,0.017420456,0.009722829,-0.013749536,-0.16368559,-0.03223808,True,1.0
265614.932043667,0,0.0006226301,-0.012382388,0.014134705,-0.010327903,-0.18693297,0.015838787,True,1.0
265614.952043667,20000000,0.0058433414,-0.027407095,0.00512743,-0.00093427114,-0.12474257,0.03025487,True,1.0
265614.972043667,0,0.005384207,-0.03293468,-0.00051420927,0.016707243,-0.08076594,0.006576741,True,1.0
265614.992043667,0,-0.0069753528,-0.03269665,0.00022989511,0.031693365,-0.05711458,-0.031718686,True,1.0
265615.012043667,20000000,-0.0056597292,-0.023165688,-0.0042696,0.05568107,-0.049793676,-0.079595394,True,1.0
265615.032043667,0,-0.0044001937,-0.0169041,-0.0067766905,0.07643047,-0.048607886,-0.11640294,True,1.0
265615.052043667,20000000,0.0004298985,-0.0014728755,-0.0116401315,0.087957606,-0.03394892,-0.14841394,True,1.0
265615.072043667,0,0.004040271,0.018543497,-0.01957506,0.05205445,0.027751144,-0.14514959,True,1.0
265615.092043667,0,0.014146239,0.029846862,-0.024630189,-0.010785833,0.13170207,-0.06660489,True,1.0
265615.112043667,20000000,0.024256855,0.041146636,-0.029700756,-0.07362612,0.23565298,0.011939809,True,1.0
265615.132043667,40000000,0.034372002,0.052442983,-0.034786522,-0.13646641,0.3396039,0.090484515,True,1.0
265615.152043667,0,0.03212771,0.07291195,0.013625264,-0.13097627,0.33029944,0.34089547,True,1.0
265615.172043667,0,-0.009774148,0.004199758,0.04954797,-0.12319658,0.29682738,0.26179433,True,1.0
265615.192043667,0,-0.02105838,-0.031906366,0.030429482,-0.123157345,0.1983822,0.2504901,True,1.0
265615.212043667,0,-0.014558941,-0.035895437,0.024781585,-0.089930505,0.06023456,0.18988271,True,1.0
265615.232043667,20000000,-0.011893988,-0.035201073,0.022049248,-0.071151376,-0.025271863,0.109373465,True,1.0
265615.252043667,0,-0.014795601,-0.04559487,0.013753176,-0.043575644,-0.033202477,0.102320306,True,1.0
265615.272043667,0,-0.013095558,-0.018459827,-0.0031502247,0.07543758,-0.095660925,-0.016092405,True,1.0
265615.292043667,20000000,-0.008394271,-0.026389316,-0.0012706518,0.085569225,-0.11155257,-0.12846628,True,1.0
265615.312043667,0,-0.0049160123,-0.011174962,-0.006257534,0.0779331,-0.08849562,-0.123571046,True,1.0
265615.332043667,0,-0.0061166286,-0.004375577,-0.0025780797,0.050425567,-0.05388558,-0.104267865,True,1.0
265615.352043667,20000000,-0.006495863,0.0030899346,2.2292137e-05,0.022999827,-0.024550132,-0.06798045,True,1.0
265615.372043667,0,-0.0021975338,0.005270466,0.00070148706,-0.0024808124,-0.004776664,-0.042648785,True,1.0
265615.392043667,0,-0.0011295378,0.0090997815,0.0012205839,-0.037673537,-0.0021545775,-0.018900529,True,1.0
265615.432043667,0,-0.00081181526,0.012455732,-0.0021541715,-0.12804987,-0.0051984126,0.02532967,True,1.0
265615.452043667,0,0.0079256,0.008825257,-0.014006376,-0.20180985,0.008349954,0.019838033,True,1.0
265615.472043667,0,0.005756557,0.0083887875,-0.010995269,-0.28347635,0.027539548,0.012350148,True,1.0
265615.492043667,20000000,-0.00091552734,0.005861655,-0.005580604,-0.34171313,0.048692215,0.01797789,True,1.0
265615.512043667,0,-0.010996014,0.00038084388,0.005654812,-0.35039023,0.018900182,0.01887982,True,1.0
265615.532043667,0,-0.008949727,-0.0035250485,0.0067893267,-0.3425887,-0.019584022,0.0024556238,True,1.0
265615.552043667,0,-0.007375747,-0.020095244,0.01725769,-0.24826907,-0.13313329,-0.1051233,True,1.0
265615.572043667,0,-0.010124117,-0.010509506,0.022275269,-0.21778074,-0.16215517,-0.031621486,True,1.0
265615.592043667,20000000,0.0075407624,-0.0045573413,-0.0010431409,-0.21585315,-0.11718145,0.03820552,True,1.0
265615.612043667,0,0.0075913966,-0.0085950345,-0.011175752,-0.2442212,-0.035768956,0.029094785,True,1.0
265615.632043667,0,0.00039815903,-0.011783734,-0.005644262,-0.25275657,-0.009543378,0.041465506,True,1.0
265615.652043667,0,-0.0048565865,-0.01978977,0.0012000799,-0.23425673,0.013063917,0.03888077,True,1.0
265615.672043667,0,-0.004570186,-0.03129202,-4.8279762e-05,-0.20263267,0.03528867,-0.019035727,True,1.0
265615.692043667,20000000,-0.005866438,-0.035757616,0.003984332,-0.17051767,0.027549218,-0.09199538,True,1.0
265615.712043668,0,-0.0024348497,-0.034737855,0.0029785633,-0.14522836,0.0031891577,-0.15436548,True,1.0
265615.732043668,20000000,-0.0073119104,-0.024592072,0.008551896,-0.13068192,-0.039438542,-0.19587174,True,1.0
265615.752043668,0,-0.0060608387,-0.01676315,0.007885873,-0.1208657,-0.061598748,-0.22555554,True,1.0
265615.772043668,0,-0.003318429,-0.010450497,0.0047382116,-0.114961155,-0.075258024,-0.23701291,True,1.0
265615.792043668,20000000,-0.0024895072,-0.0052672923,0.0025079846,-0.11833994,-0.08125567,-0.24121965,True,1.0
265615.812043668,0,-0.006657243,-0.0050977767,0.0050819516,-0.12311324,-0.092497475,-0.22420512,True,1.0
265615.832043668,20000000,-0.009076029,-0.0014794767,0.002584517,-0.12407052,-0.07647526,-0.18311252,True,1.0
265615.852043668,0,-0.008302957,-0.00024552643,-0.00031131506,-0.1100722,-0.08388437,-0.14466104,True,1.0
265615.872043668,0,-0.0026041567,0.002624303,-0.0047064424,-0.108666204,-0.058123514,-0.10119349,True,1.0
265615.892043668,20000000,-0.0017329156,0.0021449178,-0.0063766837,-0.09239948,-0.033446766,-0.060447022,True,1.0
265615.912043668,0,-0.00594002,-0.007928237,0.0001372695,-0.019136041,-0.036808535,-0.050618127,True,1.0
265615.932043668,0,0.00010955334,0.007558599,-0.012527704,-0.0269959,-0.02301276,-0.038380884,True,1.0
265615.952043668,0,0.009128243,-0.006695986,-0.011172175,-0.012135964,-0.006764088,-0.0744819,True,1.0
265615.972043668,0,0.005425483,-0.0073806196,-0.0073192716,-0.018606143,0.0017044228,-0.10267367,True,1.0
265615.992043668,20000000,0.010025382,-0.0032442957,-0.011400938,-0.03489852,0.028745169,-0.14545256,True,1.0
265616.012043668,0,0.021595627,0.027050748,-0.031439602,-0.102971725,0.10252952,-0.07594831,True,1.0
265616.032043668,20000000,0.039683163,0.04264804,-0.048899293,-0.1839612,0.24256212,0.06255959,True,1.0
265616.052043668,0,0.009266943,0.02970992,-0.030335426,-0.17683505,0.2387384,0.029139727,True,1.0
265616.072043668,0,-0.030732363,0.030599117,-0.004403174,-0.15943415,0.027878836,-0.029979866,True,1.0
265616.092043668,20000000,-0.00460127,-0.016571105,0.005980253,-0.034189925,-0.057378,-0.08912207,True,1.0
265616.112043668,0,0.01024124,0.031719677,-0.032474935,-0.06960102,-0.054278944,-0.09085036,True,1.0
265616.132043668,20000000,0.0187307,0.042937674,-0.03638673,-0.06239127,-0.0038487688,-0.059005387,True,1.0
265616.152043668,0,-0.007894278,0.05761952,-0.002097845,-0.08519979,0.00050403737,0.093059175,True,1.0
265616.172043668,0,-0.012978971,0.030393884,0.010348678,-0.13376212,0.032971457,0.23836663,True,1.0
265616.192043668,20000000,-0.008556485,-0.006496288,0.022352219,-0.13246961,0.051727973,0.3451277,True,1.0
265616.212043668,0,-0.0047564507,-0.02339127,0.025583506,-0.13182154,0.072636545,0.4226461,True,1.0
265616.232043668,0,-0.0098567605,-0.035081543,0.023408115,-0.12241614,0.06626473,0.45424074,True,1.0
265616.252043668,0,-0.013738543,-0.030276515,0.008923948,-0.1495876,0.06394371,0.45269996,True,1.0
265616.272043668,0,-0.026266873,-0.020357944,0.00012075901,-0.18704776,0.047947936,0.44643217,True,1.0
265616.292043668,0,-0.034169436,-0.022483319,-0.0037799478,-0.18958013,0.03557016,0.4452771,True,1.0
265616.312043668,20000000,-0.032393306,-0.029173225,-0.008549273,-0.16442381,0.05343728,0.4335221,True,1.0
265616.332043668,40000000,-0.031034559,-0.04469359,-0.0012795925,-0.09680159,0.07873511,0.42011923,True,1.0
265616.352043668,0,-0.01671061,-0.062643334,0.0050350428,-0.0041083023,0.11667301,0.3746248,True,1.0
265616.372043668,0,-0.016432732,-0.058036156,0.017667115,0.043481864,0.12851831,0.29235142,True,1.0
265616.392043668,20000000,-0.018666774,-0.045177095,0.025216222,0.0290224,0.096901625,0.20385394,True,1.0
265616.412043668,0,-0.040552765,-0.04364349,0.056635976,0.0049400497,-0.01838284,0.13734168,True,1.0
265616.432043668,0,-0.0208731,-0.049937643,0.03408909,0.03399039,-0.04422323,0.12506713,True,1.0
265616.452043668,20000000,0.0062674284,-0.08558662,0.008113027,0.086389326,-0.03651955,-0.023367122,True,1.0
265616.472043668,0,-0.03472984,-0.023441106,0.033064187,0.16066182,-0.2733094,-0.221127,True,1.0
265616.492043668,0,-0.0012123287,0.003185153,-0.0054389834,0.18759456,-0.31015146,-0.35426998,True,1.0
265616.512043668,20000000,0.011253953,0.03768286,-0.015435219,0.21368071,-0.27549666,-0.25517046,True,1.0
265616.532043668,0,0.016833037,0.051859118,-0.021394908,0.20867383,-0.20486823,-0.20938417,True,1.0
265616.552043668,0,0.011172414,0.053127922,-0.023683667,0.19609906,-0.18002412,-0.18847969,True,1.0
265616.572043668,20000000,0.005502492,0.054408483,-0.025992572,0.1835243,-0.15517999,-0.16757521,True,1.0
265616.592043668,0,0.0028790236,0.054237373,-0.026230693,0.12954012,-0.10688862,-0.14991552,True,1.0
265616.612043668,20000000,0.00025078654,0.054071963,-0.026477158,0.07555595,-0.058597244,-0.13225581,True,1.0
265616.632043668,40000000,0.0011077821,0.051815733,-0.029037714,0.024942894,0.0007843077,-0.11361476,True,1.0
265616.652043668,0,-0.0093021095,0.028766617,-0.011767328,0.005715577,0.035455827,-0.068183556,True,1.0
265616.672043668,20000000,0.0129648745,0.032571837,-0.024201155,-0.0058444357,0.124511495,0.048622422,True,1.0
265616.692043668,0,0.04782462,0.04586619,-0.051246524,-0.07531008,0.37582147,0.2684841,True,1.0
265616.712043668,0,-0.020225823,-0.027205318,0.042979717,0.06001921,0.22166087,0.102942705,True,1.0
265616.732043668,20000000,-0.011668861,-0.085831955,0.02497238,0.08234609,0.14478874,-0.093730986,True,1.0
265616.752043668,0,-0.036915213,-0.112939954,0.040671766,0.15365756,-0.036202297,-0.39865714,True,1.0
265616.772043668,0,-0.0353795,-0.11158289,0.027049303,0.18620908,-0.18158737,-0.67644507,True,1.0
265616.792043669,0,0.05365637,-0.12792106,0.026878953,0.49638653,-0.21657482,-0.942734,True,1.0
265616.812043669,0,0.022375792,-0.07281087,-0.012955546,0.41694346,-0.23168166,-0.9359711,True,1.0
265616.832043669,20000000,0.013297319,-0.050955817,-0.0053371787,0.37848932,-0.13986436,-0.96215856,True,1.0
265616.852043669,0,0.015687197,-0.03843683,-0.0011978149,0.36114374,-0.09940249,-0.9774875,True,1.0
265616.872043669,0,0.013417691,-0.012270272,0.0032494664,0.29346344,-0.09043453,-0.96501136,True,1.0
265616.892043669,20000000,0.0076444745,-0.00021252036,0.01553148,0.23053959,-0.1124802,-0.9260728,True,1.0
265616.912043669,0,0.007953435,0.013839304,0.025193036,0.14822441,-0.1316442,-0.852307,True,1.0
265616.932043669,20000000,0.00858438,0.015800461,0.01809609,0.052565858,-0.13099729,-0.79238707,True,1.0
265616.952043669,0,0.008596361,0.014027059,0.019384742,-0.06280004,-0.15518858,-0.7239776,True,1.0
265616.972043669,20000000,0.004417032,0.01192189,0.023439467,-0.19086862,-0.15428579,-0.68333423,True,1.0
265616.992043669,0,-0.0063286424,0.0057917386,0.039254725,-0.3070323,-0.18225414,-0.6365642,True,1.0
265617.012043669,0,-0.009328514,-0.023060806,0.048734486,-0.30058476,-0.21679297,-0.5716899,True,1.0
265617.032043669,20000000,-0.00088492036,-0.04161919,0.02930075,-0.129667,-0.21482326,-0.55026025,True,1.0
265617.052043669,0,0.0014035702,-0.025500678,-0.0002645254,0.112583116,-0.19570526,-0.54072034,True,1.0
265617.072043669,20000000,-0.0023261309,0.021053597,-0.03541696,0.32788497,-0.17051715,-0.49979892,True,1.0
265617.092043669,0,-0.0054093897,0.0507828,-0.048328042,0.48752838,-0.17037643,-0.41464904,True,1.0
265617.112043669,0,0.0002849698,0.06068274,-0.054498672,0.6017804,-0.14588208,-0.34306344,True,1.0
265617.132043669,20000000,0.005462587,0.0473565,-0.05123794,0.67376226,-0.10967071,-0.30054325,True,1.0
265617.152043669,0,-0.014820248,0.032350227,-0.013811886,0.7056428,-0.17133832,-0.30943382,True,1.0
265617.172043669,0,-0.028056905,0.021204248,-0.0013430119,0.6935027,-0.19863066,-0.23705658,True,1.0
265617.192043669,0,-0.014753908,0.011530161,-0.025808334,0.5544162,-0.069899485,-0.30153838,True,1.0
265617.211962167,0,-0.019016333,0.015054922,0.01871213,0.6582841,-0.23202804,-0.5238708,True,1.0
265617.231962167,0,-0.00035345554,0.015065268,0.020550251,0.4846828,-0.21967949,-0.48060828,True,1.0
265617.251962167,20000000,0.013618022,-0.024111852,0.041125894,0.38095692,-0.20040417,-0.44962785,True,1.0
265617.271962167,0,0.027173609,-0.045375094,0.04923016,0.31020847,-0.19699627,-0.4262589,True,1.0
265617.291962167,0,0.032907754,-0.054064974,0.05299014,0.27996624,-0.1945946,-0.45332807,True,1.0
265617.311962167,0,0.027995795,-0.04529597,0.04725802,0.22663897,-0.19621935,-0.49750558,True,1.0
265617.331962167,20000000,0.018950164,-0.032796532,0.045903325,0.16923241,-0.21879435,-0.52932656,True,1.0
265617.351962167,0,0.011215329,-0.0101555735,0.03703338,0.12662122,-0.25958502,-0.5108591,True,1.0
265617.371962167,0,0.008123815,0.012711689,0.023522198,0.08822958,-0.273476,-0.48166722,True,1.0
265617.391962167,20000000,0.0064896494,0.034824282,0.0043863654,0.054762863,-0.28056973,-0.42533273,True,1.0
265617.411962167,0,0.000648126,0.05095911,-0.012453139,0.0140540935,-0.29490885,-0.33920085,True,1.0
265617.431962167,20000000,-0.0031513274,0.051353827,-0.022502184,-0.015385138,-0.2739831,-0.24940488,True,1.0
265617.451962167,0,0.0018805414,0.047348946,-0.036781132,-0.028350713,-0.18188512,-0.18162462,True,1.0
265617.471962167,0,0.009734586,0.056692168,-0.044656813,-0.06838596,-0.0871613,-0.13490584,True,1.0
265617.491962167,20000000,0.017594114,0.06603725,-0.05253613,-0.1084212,0.007562503,-0.08818707,True,1.0
265617.511962167,40000000,0.008111432,0.037256777,-0.034056544,-0.144798,0.06863697,-0.021821924,True,1.0
265617.531962167,0,0.0068056434,0.04481609,-0.029045403,-0.12799832,0.05122964,0.031609602,True,1.0
265617.551962167,20000000,-0.009428903,0.028648168,0.0033034086,-0.11014582,-0.01621291,0.079795614,True,1.0
265617.571962167,0,-0.00203681,0.012303516,0.0034151673,-0.11984429,-0.034952305,0.10470555,True,1.0
265617.591962167,20000000,0.00042627752,-0.013981864,0.008851886,-0.10705595,-0.045985166,0.030169763,True,1.0
265617.611962167,0,0.024784163,-0.091658294,0.0016566515,-0.0037280172,-0.01053061,-0.19441256,True,1.0
265617.631962167,20000000,0.016231373,-0.07572192,-0.006003022,0.013049375,-0.09144655,-0.17472625,True,1.0
265617.651962167,0,0.0024212599,-0.050297216,-0.006852925,-0.017248133,-0.072515234,-0.14729612,True,1.0
265617.671962167,20000000,-0.007133439,-0.040633544,-0.0010434389,-0.020033443,-0.07088454,-0.12989995,True,1.0
265617.691962167,0,-0.009351209,-0.03782347,0.00036484003,-0.01704912,-0.07483542,-0.11501129,True,1.0
265617.711962167,0,-0.009003237,-0.03988239,-0.002968073,-0.015843658,-0.06753132,-0.117541164,True,1.0
265617.731962167,20000000,-0.0078151375,-0.043193027,-0.001390338,-0.005784559,-0.06337811,-0.12434883,True,1.0
265617.751962167,0,-0.0027479976,-0.042021498,-0.004896164,-0.0041695586,-0.042436786,-0.14299712,True,1.0
265617.771962167,20000000,0.0025635958,-0.04504785,-0.00018250942,-0.0022822106,-0.022929449,-0.15861803,True,1.0
265617.791962167,0,0.0016858429,-0.04351431,0.008305192,-0.009563783,-0.026121456,-0.16522397,True,1.0
265617.811962167,20000000,0.0008110255,-0.04198125,0.016792774,-0.016845355,-0.029313462,-0.1718299,True,1.0
265617.831962167,0,0.0040934086,-0.034715578,0.0208354,-0.03936127,-0.032938354,-0.18897867,True,1.0
265617.851962167,20000000,0.007381737,-0.02745016,0.024877071,-0.061877176,-0.036563244,-0.20612746,True,1.0
265617.871962167,0,0.007702112,-0.01893039,0.02205664,-0.09591432,-0.040943466,-0.2177888,True,1.0
265617.891962167,0,0.0030400455,-0.002663523,0.023615241,-0.14166233,-0.04765424,-0.2124768,True,1.0
265617.911962167,0,-0.0011227727,0.0065532774,0.020498216,-0.19631128,-0.07294354,-0.17501083,True,1.0
265617.931962167,20000000,-0.007031843,0.015636653,0.017895162,-0.25858134,-0.10294021,-0.13152239,True,1.0
265617.951962167,0,-0.006637424,0.020165943,0.0055571795,-0.33355856,-0.11693097,-0.103737645,True,1.0
265617.971962167,0,-0.02033098,0.016600825,0.0016263127,-0.3703326,-0.18241626,-0.084572606,True,1.0
265617.991962167,20000000,-0.00066673756,0.026492156,-0.011388421,-0.35583287,-0.16267134,0.03312151,True,1.0
265618.011962167,0,-0.017261714,-0.025691822,-0.001478076,-0.30971414,-0.15057872,0.05912415,True,1.0
265618.031962167,0,-0.03169793,-0.009709522,-0.006116092,-0.1923903,-0.17265882,0.105556086,True,1.0
265618.051962167,0,-0.026434481,0.008522958,-0.022677422,-0.08769019,-0.16802324,0.18089128,True,1.0
265618.071962168,0,-0.022350043,0.009168655,-0.03496474,0.003478378,-0.106089026,0.22880332,True,1.0
265618.091962168,0,-0.02156511,0.0021435916,-0.039190054,0.10112241,-0.065148145,0.2313659,True,1.0
265618.111962168,20000000,-0.020763636,-0.0048898235,-0.0434258,0.19876644,-0.024207257,0.23392847,True,1.0
265618.151962168,0,-0.02340886,-0.0158633,-0.024123251,0.26824316,0.025577575,0.16865857,True,1.0
265618.171962168,20000000,-0.019311443,-0.016069517,-0.012678385,0.2518475,0.046534702,0.12625867,True,1.0
265618.191962168,0,-0.01821804,-0.019703314,-0.0012233257,0.21860555,0.066182114,0.08357909,True,1.0
265618.211962168,0,-0.020753264,-0.030747414,0.016842544,0.20491607,0.025718179,0.021887045,True,1.0
265618.231962168,20000000,-0.017158926,-0.037685752,0.026510417,0.21565358,-0.015695103,-0.035406798,True,1.0
265618.251962168,0,-0.0043481737,-0.031358987,0.019165277,0.20700084,-0.015162814,-0.10205434,True,1.0
265618.271962168,20000000,0.0025107116,-0.019009098,0.015022695,0.18217559,-0.023729773,-0.14239214,True,1.0
265618.291962168,0,0.010350555,-0.0022137463,0.010120809,0.14989114,-0.02746253,-0.15570192,True,1.0
265618.311962168,0,0.018373162,0.006204501,0.010458171,0.14696762,-0.050675027,-0.13234238,True,1.0
265618.331962168,0,0.023236096,0.030481994,0.007986844,0.14290111,-0.07017051,-0.12873444,True,1.0
265618.351962168,0,0.030480862,0.036001593,0.0053555965,0.10837144,-0.078351125,-0.122321,True,1.0
265618.371962168,20000000,0.03577374,0.03402005,0.008813143,0.107665785,-0.07612437,-0.093554,True,1.0
265618.391962168,0,0.032462075,0.03361219,0.013065755,0.12269527,-0.08897338,-0.059981924,True,1.0
265618.411962168,20000000,0.029147625,0.033205554,0.01731044,0.13772476,-0.10182239,-0.02640985,True,1.0
265618.431962168,40000000,0.027837455,0.06471208,-0.0009022951,0.0595347,-0.12658706,-0.031850345,True,1.0
265618.451962168,0,0.023384735,0.048538223,-0.009929657,-0.06528762,-0.11537941,-0.004122928,True,1.0
265618.491962168,0,0.020095125,-0.014069274,0.0001770258,-0.009130664,-0.09511327,0.05362001,True,1.0
265618.511962168,0,0.024545908,-0.01598835,-0.007683158,0.04709648,-0.05903567,0.038232725,True,1.0
265618.531962168,20000000,0.0108436495,-0.019171193,0.0008531809,0.087946475,-0.051644225,0.033364765,True,1.0
265618.551962168,0,0.002892077,0.0050850064,0.0021119714,0.099444084,-0.07350978,0.007451698,True,1.0
265618.591962168,0,-0.0038563907,-0.0069241077,0.009863555,0.10075916,-0.13753797,-0.0025303133,True,1.0
265618.611962168,0,-0.004493028,-0.011770368,0.012278259,0.13225357,-0.1673738,-0.0024169688,True,1.0
265618.651962168,0,-0.0024565011,-0.0071894526,-0.006580949,0.14163505,-0.14465076,0.0007648319,True,1.0
265618.671962168,20000000,-0.0022571832,-0.010949656,-0.005657673,0.14098375,-0.13083659,0.030610647,True,1.0
265618.691962168,0,-0.004405439,0.00028021634,-0.0058381557,0.097028226,-0.09982343,0.043211624,True,1.0
265618.711962168,20000000,-0.0065528005,0.011508942,-0.006027639,0.0530727,-0.06881027,0.055812597,True,1.0
265618.731962168,40000000,-0.011132032,0.0066691935,0.0066301823,0.0399598,-0.07195168,0.08125474,True,1.0
265618.751962168,0,0.0016517043,0.011051163,-0.0064086914,0.0019929036,-0.03093069,0.09927136,True,1.0
265618.771962168,0,0.00019793212,0.023574933,-0.010014296,-0.064024545,0.01034208,0.1366948,True,1.0
265618.791962168,0,-0.00043147802,0.03231457,-0.0122977495,-0.14296159,0.05466026,0.1812885,True,1.0
265618.811962168,20000000,0.0037728548,0.037451133,-0.018706858,-0.24997,0.12792689,0.20552012,True,1.0
265618.831962168,0,-0.0043981224,0.012857452,-0.007570207,-0.33193126,0.23658367,0.25060958,True,1.0
265618.851962168,0,-0.0064454675,-0.011431009,0.0019000173,-0.34459743,0.2511931,0.29305756,True,1.0
265618.871962168,20000000,0.01793912,-0.0073728412,-0.004455328,-0.33131,0.31780842,0.3315049,True,1.0
265618.891962168,0,-0.008665487,0.010488972,0.016068816,-0.2853515,0.22121865,0.3742271,True,1.0
265618.911962168,0,0.0017189234,0.006764367,0.010389745,-0.2732667,0.2253233,0.34660384,True,1.0
265618.931962168,20000000,0.009416714,-0.009057522,0.0057703257,-0.2818822,0.2620492,0.39000663,True,1.0
265618.951962168,0,-0.025619105,-0.027380496,0.030435503,-0.19189273,0.11922203,0.27429843,True,1.0
265618.971962168,20000000,0.0035427213,-0.06714885,0.005497694,-0.05981569,0.041464537,0.096818775,True,1.0
265618.991962168,0,-0.0073911548,-0.04441598,0.010732532,-0.077611834,0.015582714,0.08708226,True,1.0
265619.011962168,20000000,-0.01832883,-0.021682724,0.015964508,-0.09540797,-0.010299107,0.077345744,True,1.0
265619.031962168,0,-0.010438934,-0.016497016,0.00990212,-0.050446026,-0.031356435,0.049490727,True,1.0
265619.051962168,0,-0.006819755,-0.010861516,0.00025880337,-0.017938294,-0.046908252,0.0405628,True,1.0
265619.071962168,20000000,-0.0041877776,-0.0044868886,-0.0025994778,0.0048930272,-0.049345493,0.031132638,True,1.0
265619.091962168,0,-0.015706927,-0.010306805,0.012876868,0.04638342,-0.08529149,0.014891414,True,1.0
265619.111962168,20000000,-0.00851281,-0.00088889897,-0.0023911595,0.04243673,-0.060828693,-0.0074709356,True,1.0
265619.131962168,0,-0.008906618,0.007930368,-0.007253349,0.054058928,-0.0707878,0.0032759486,True,1.0
265619.151962169,0,-0.009377331,0.013788924,-0.012465537,0.029853566,-0.038936652,0.0254657,True,1.0
265619.171962169,20000000,-0.0059449077,0.017872304,-0.01706636,-0.0028743353,-0.009511288,0.059057474,True,1.0
265619.191962169,0,-0.0043079257,0.010543093,-0.013542116,-0.031152276,0.022661183,0.08787015,True,1.0
265619.211962169,0,-0.0020902902,0.0031686127,-0.010607779,-0.0624253,0.055212904,0.09476601,True,1.0
265619.231962169,0,0.0015872121,0.0010656714,-0.010868251,-0.10080655,0.07476948,0.090882,True,1.0
265619.251962169,0,-0.0005145371,-0.0041263252,-0.0054986477,-0.13821301,0.08040712,0.08276616,True,1.0
265619.271962169,20000000,0.00083296,-0.014336288,-0.00040644407,-0.15425426,0.09013108,0.06962839,True,1.0
265619.291962169,0,0.0006288141,-0.018651113,0.0030274987,-0.13002007,0.06233561,0.0336687,True,1.0
265619.331962169,0,0.015245751,-0.0005591661,-0.0022346377,-0.10070597,0.06525655,0.010675292,True,1.0
265619.351962169,0,-0.0038277805,-0.05101517,0.025259614,-0.040868767,0.0098169,-0.12593222,True,1.0
265619.371962169,20000000,-0.01679565,0.00085631013,0.017897248,-0.058697622,-0.10812109,-0.14577582,True,1.0
265619.391962169,0,0.009562716,-0.017742082,0.0057480335,-0.02928058,-0.12756059,-0.18890549,True,1.0
265619.431962169,0,0.006103575,-0.00019361079,0.012625873,0.043672368,-0.11559625,-0.12120435,True,1.0
265619.451962169,0,0.009633362,-0.0008447021,0.0026883483,0.008086592,-0.10555004,-0.08774203,True,1.0
265619.471962169,20000000,0.013164073,-0.0014923215,-0.0072531104,-0.027499184,-0.095503844,-0.054279715,True,1.0
265619.491962169,0,0.01414679,0.010171711,-0.0074370503,-0.042940836,-0.07066348,-0.08875799,True,1.0
265619.511962169,20000000,0.0106049925,0.020977974,-0.007829785,-0.12111868,-0.024097946,-0.05771736,True,1.0
265619.531962169,0,0.0060857683,0.014121577,0.0042149425,-0.13466358,-0.036315754,-0.0030349344,True,1.0
265619.551962169,0,0.007931784,0.017699547,0.00036883354,-0.12879005,-0.011168875,0.02391356,True,1.0
265619.571962169,20000000,0.001805678,0.031429343,-0.004088342,-0.16233312,0.0045814756,0.05597502,True,1.0
265619.591826875,0,0.004896053,0.023119234,-0.0018010181,-0.19578546,0.0040805135,0.06766228,True,1.0
265619.611826875,0,0.0022569895,0.023629412,0.0023636222,-0.23504758,-0.021696499,0.043875292,True,1.0
265619.631826875,0,0.0030955076,0.01985053,0.0024908185,-0.2322205,-0.036826845,0.026373938,True,1.0
265619.651826875,20000000,0.0021463037,0.017690413,0.0037798882,-0.21339118,-0.02946436,0.056622315,True,1.0
265619.671826875,0,0.016183496,0.057539247,-0.019336045,-0.18275325,0.010968182,0.03084402,True,1.0
265619.691826875,20000000,0.016231865,0.046534665,-0.015870273,-0.19916208,0.05176344,0.036693886,True,1.0
265619.711826875,0,0.013251916,0.034038864,-0.010464549,-0.16053328,0.041841894,0.06509048,True,1.0
265619.731826875,20000000,0.010267198,0.0215424,-0.0050694346,-0.12190446,0.031920344,0.09348707,True,1.0
265619.751826875,40000000,0.0144596845,0.015117973,-0.0044798255,-0.075252585,-0.0018654875,0.102812365,True,1.0
265619.771826875,0,0.021476105,0.0054148585,-0.004925072,-0.059177734,0.0067635383,0.110919334,True,1.0
265619.811826875,0,0.018463403,-0.014032073,0.0049251914,-0.059851255,0.045049746,0.17933165,True,1.0
265619.831826875,0,0.011712223,-0.016096324,0.011392832,-0.059302256,0.022194028,0.217267,True,1.0
265619.851826875,20000000,0.00072680414,-0.014862753,0.015748382,-0.07879923,0.0055771265,0.24882533,True,1.0
265619.871826875,0,-0.01046513,-0.022755563,0.01692605,-0.09670457,-0.015689861,0.2951088,True,1.0
265619.891826875,20000000,-0.013752684,-0.039188832,0.010544181,-0.09739068,-0.017286675,0.30107656,True,1.0
265619.911826875,0,-0.014425933,-0.045959085,0.0042675138,-0.093788736,-0.005976256,0.27148402,True,1.0
265619.931826875,0,-0.018683583,-0.046998158,0.0021578074,-0.07974042,-0.0071864286,0.23199612,True,1.0
265619.951826875,20000000,-0.022027045,-0.0450363,-0.0025681257,-0.06620513,-0.01164075,0.18466139,True,1.0
265619.971826875,0,-0.025804073,-0.033856414,-0.0048314333,-0.05468315,-0.03052501,0.14550987,True,1.0
265619.991826875,0,-0.030024365,-0.027123697,-0.00479573,-0.047148895,-0.041476797,0.10970175,True,1.0
265620.011826875,0,-0.028423369,-0.026111647,-0.009164989,-0.039885852,-0.022357082,0.10135317,True,1.0
265620.031826875,20000000,-0.026823252,-0.02510082,-0.013534784,-0.03262281,-0.0032373667,0.09300459,True,1.0
265620.051826875,40000000,-0.025223956,-0.024091274,-0.017905235,-0.025359768,0.01588235,0.084656015,True,1.0
265620.071826875,0,-0.020885244,-0.023220465,-0.023225784,-0.0230726,0.042661898,0.047070213,True,1.0
265620.091826875,20000000,-0.025794715,-0.024237186,-0.019111812,-0.033547506,0.06904136,-0.0042690225,True,1.0
265620.111826875,0,-0.02770421,-0.0231321,-0.015757978,-0.03410837,0.06952134,-0.05884808,True,1.0
265620.131826875,0,-0.019756585,-0.018979445,-0.01708138,-0.02170733,0.07711351,-0.12873451,True,1.0
265620.151826876,0,-0.016334713,-0.005556941,-0.019039214,-0.025707457,0.10512345,-0.18097323,True,1.0
265620.171826876,0,-0.001642704,0.006676823,-0.025375128,-0.032746624,0.13320212,-0.22520232,True,1.0
265620.191826876,20000000,-0.0004891157,0.009885721,-0.012321055,-0.02921258,0.14726087,-0.22967312,True,1.0
265620.211826876,0,-0.0051543266,0.016338713,-0.005359888,-0.041086987,0.18626735,-0.20137854,True,1.0
265620.231826876,0,-0.010401055,0.02902488,0.004308164,-0.057092562,0.18954423,-0.13683243,True,1.0
265620.251826876,0,-0.0026493669,0.020026043,0.007376075,-0.06594208,0.20684873,-0.07320078,True,1.0
265620.271826876,0,0.0052315444,0.013007753,0.0038016438,-0.06999231,0.22611952,-0.0209577,True,1.0
265620.291826876,0,0.020428509,0.022393417,-0.0038787723,-0.09098127,0.27480793,0.035321284,True,1.0
265620.311826876,20000000,0.0184239,0.027312703,-0.0034136176,-0.074907534,0.31944507,0.026430575,True,1.0
265620.331826876,0,0.011589929,0.0001065135,0.062152386,0.16758639,0.18114743,0.07014036,True,1.0
265620.351826876,20000000,0.003572613,0.032577645,0.02575183,0.045270257,0.1819819,0.1238354,True,1.0
265620.371826876,0,0.0024703443,0.026643015,0.019854188,0.002900917,0.1354094,0.11457934,True,1.0
265620.391826876,20000000,0.0014249533,0.002496846,0.022696316,0.013553621,0.067990825,0.07450048,True,1.0
265620.411826876,0,0.006675184,-0.0059156343,0.011491001,0.02820508,0.052673865,0.034940887,True,1.0
265620.431826876,0,0.0025981516,-0.0040923133,0.012248993,0.05722912,0.027343364,0.0093223285,True,1.0
265620.451826876,20000000,0.0015641898,-0.012924582,0.009254336,0.07668974,-0.0022506565,0.010909663,True,1.0
265620.471826876,0,0.0035288632,-0.015802912,0.0028253794,0.09331391,-0.0042400225,0.0072729113,True,1.0
265620.491826876,0,0.0042560697,-0.02185712,-0.0015805364,0.10569556,-0.00157351,-0.007240438,True,1.0
265620.511826876,0,-0.0015762597,-0.025768429,0.0028346777,0.11975987,-0.014511436,-0.026337057,True,1.0
265620.531826876,0,-0.005426869,-0.023065738,0.0031773448,0.122255236,-0.03394792,-0.03767874,True,1.0
265620.551826876,20000000,-0.0057898015,-0.019662894,0.001595676,0.11029462,-0.048861377,-0.042673137,True,1.0
265620.571826876,0,-0.0048068017,-0.01784359,-0.00061899424,0.08452949,-0.057447337,-0.041469503,True,1.0
265620.591826876,0,-0.0051127076,-0.012319811,-0.0035614371,0.046312686,-0.0510563,-0.04057326,True,1.0
265620.611826876,20000000,-0.003583178,-0.010374509,-0.006618321,0.008422002,-0.034233678,-0.04373982,True,1.0
265620.631826876,0,-0.0035192966,-0.011280723,-0.005900085,-0.011080129,-0.025096815,-0.03598735,True,1.0
265620.651826876,20000000,-0.0034549534,-0.012186736,-0.005182147,-0.03058226,-0.015959954,-0.028234879,True,1.0
265620.671826876,0,-0.0048790276,-0.0110860765,-0.0015872717,-0.029845208,-0.005828698,-0.01737094,True,1.0
265620.691826876,20000000,-0.00013463199,-0.012919031,-0.00351125,-0.022212075,0.011439378,-0.014002641,True,1.0
265620.711826876,0,0.0014741868,-0.01450704,0.002282977,-0.0121324845,0.031239614,-0.013293131,True,1.0
265620.731826876,20000000,-0.00047291815,-0.011820272,0.0051246285,-0.0068841595,0.032687742,-0.009738413,True,1.0
265620.751826876,0,-0.0035804063,-0.007190563,0.007392943,-0.015191917,0.027838184,0.00782865,True,1.0
265620.771826876,20000000,-8.076429e-06,-0.004247129,0.004134774,-0.032460283,0.021304253,0.015531076,True,1.0
265620.791826876,0,0.004624918,-0.0044009835,-0.0029412508,-0.05173777,0.023623815,0.015811453,True,1.0
265620.811826876,0,0.0056177974,-0.0037810057,-0.0049269795,-0.065272704,0.03759267,0.009427236,True,1.0
265620.831826876,0,0.0054766536,-0.0024359375,-0.004755676,-0.07200307,0.042943586,-0.0025462909,True,1.0
265620.851826876,0,0.005240321,-0.006910421,-0.0006657839,-0.06994337,0.04525674,-0.013433385,True,1.0
265620.871826876,20000000,0.0064854473,-0.009278104,-0.0005502701,-0.054152094,0.04597136,-0.038588956,True,1.0
265620.891826876,0,0.0062976927,-0.0073192343,-0.0002552271,-0.043719765,0.033343412,-0.06146355,True,1.0
265620.911826876,20000000,0.003036663,-0.003618203,-0.0008093715,-0.044937298,0.0248462,-0.076817274,True,1.0
265620.931826876,0,0.0025788695,-0.0056990907,0.003001392,-0.05485068,0.017518308,-0.0744571,True,1.0
265620.951826876,20000000,0.002123654,-0.007780805,0.0068101883,-0.06476406,0.010190416,-0.07209693,True,1.0
265620.971826876,40000000,0.007548213,-0.012827709,0.0055652857,-0.055327557,0.012093978,-0.075621165,True,1.0
265620.991826876,0,0.012138441,-0.011171833,0.002516687,-0.047707405,0.025545776,-0.08849436,True,1.0
265621.011826876,0,0.0010480583,-0.00083090365,0.010733008,-0.04951858,0.02249718,-0.108515464,True,1.0
265621.031826876,20000000,-0.0051639527,0.008382246,0.012310803,-0.038109027,-0.0273888,-0.11299649,True,1.0
265621.051826876,0,-0.012869015,0.007692311,0.019093812,-0.014116498,-0.13478224,-0.12666346,True,1.0
265621.071826876,20000000,0.0025161505,0.004852038,0.0064881444,-0.014155776,-0.0935037,-0.12995107,True,1.0
265621.091826876,0,0.0082217455,0.02009385,0.012204647,0.001645525,-0.11751063,-0.005742371,True,1.0
265621.111826876,0,-0.00023047626,0.014659397,0.008560836,0.024056848,-0.05910649,-0.0511213,True,1.0
265621.131826876,20000000,-0.0066124946,0.004344102,0.00999707,0.05960753,-0.09996879,-0.056808118,True,1.0
265621.151826876,0,0.0008404702,0.01385244,-0.005540669,0.034512993,-0.100275464,-0.01918637,True,1.0
265621.171826876,20000000,0.0012931377,0.0063756555,-0.006611526,0.02994126,-0.06819058,0.0059063435,True,1.0
265621.191826876,0,0.0018144101,-0.0022331253,-0.008595645,0.053754732,-0.06517508,0.013108604,True,1.0
265621.211826877,20000000,-0.0016541928,0.0029351413,-0.0062761903,0.054438993,-0.044986777,0.008859974,True,1.0
265621.231826877,0,-8.432567e-05,0.005495578,-0.006344795,0.039295018,-0.03396718,0.0073521817,True,1.0
265621.251826877,20000000,0.0014856011,0.008056067,-0.006414473,0.024151042,-0.022947578,0.005844389,True,1.0
265621.271826877,40000000,0.0035482496,0.0063885152,-0.006599188,0.003926106,-0.008047271,0.0044805775,True,1.0
265621.291826877,0,0.0017254502,0.007907279,-0.003812611,-0.01988932,0.00855185,0.009290196,True,1.0
265621.311826877,0,0.0053488463,0.004045263,-0.006213844,-0.054012075,0.031004503,0.004986392,True,1.0
265621.331826877,0,0.0032745898,-0.0010200366,-0.00308913,-0.079186775,0.04523836,0.010808324,True,1.0
265621.351826877,0,-0.00052675605,-0.002131015,0.0026219487,-0.08960399,0.031397182,0.01877176,True,1.0
265621.371826877,20000000,-0.00096976757,-0.005390562,0.005680263,-0.09881837,0.02157028,0.028636869,True,1.0
265621.391826877,0,0.0015067309,-0.005725257,0.006670475,-0.09758301,0.009179996,0.0316052,True,1.0
265621.411826877,20000000,-6.863475e-05,-0.0051019713,0.005377233,-0.11531298,0.004497351,0.023857664,True,1.0
265621.431826877,0,-0.0044471025,-0.0036247969,0.0067257285,-0.15150997,-0.0139959175,0.020514967,True,1.0
265621.451826877,0,-0.0083684325,-0.0053219646,0.01638192,-0.18415412,-0.05905672,0.020292165,True,1.0
265621.471826877,20000000,0.0003272444,-0.00934609,0.00639534,-0.24367724,-0.06963079,-0.014536632,True,1.0
265621.491826877,0,0.010006562,-0.0042549297,-0.001362145,-0.33538383,-0.07949507,-0.038480468,True,1.0
265621.511826877,0,0.0048665553,-0.008582491,0.0040525794,-0.38205457,-0.09624075,-0.05090588,True,0.9866666666666667
265621.531826877,20000000,-0.00025825202,-0.012915339,0.009359181,-0.4287253,-0.11298643,-0.06333129,True,0.9733333333333334
265621.551826877,40000000,-0.005368054,-0.017252345,0.014557898,-0.47539604,-0.12973212,-0.07575671,True,0.96
265621.571826877,60000000,-0.010463029,-0.021592347,0.019648373,-0.5220668,-0.14647779,-0.08818212,True,0.9466666666666667
265621.591826877,80000000,-0.015543342,-0.025934268,0.024630845,-0.56873757,-0.16322348,-0.10060753,True,0.9333333333333333
265621.611826877,0,0.026639387,0.0036002453,-0.007388711,-0.41804856,-0.07460908,-0.08881636,True,0.92
265621.631826877,20000000,-0.0031783432,-0.00955579,0.00658983,-0.47206283,-0.1254326,-0.07828692,True,0.9066666666666666
265621.651826877,0,0.0059901923,0.002571743,-0.0077109337,-0.49646172,-0.103921875,-0.069966696,True,0.8933333333333333
265621.671826877,0,-0.003998846,-0.012430375,0.0015731454,-0.4743672,-0.116239704,-0.048228413,True,0.88
265621.691826877,20000000,-0.005219221,-0.016001008,-0.0004643798,-0.42807966,-0.116578326,-0.026597282,True,0.8666666666666667
265621.711826877,0,-0.0014147162,-0.022293888,0.0033838153,-0.3490247,-0.13746761,-0.003061667,True,0.8533333333333334
265621.731826877,0,0.0049345344,-0.01892414,-0.0012593865,-0.2807763,-0.12652996,-0.0188854,True,0.84
265621.751826877,0,0.0016650558,-0.009357378,-0.00016927719,-0.22351412,-0.114664234,-0.019386288,True,0.8266666666666667
265621.771826877,0,-0.0027142316,0.003561914,0.0025582314,-0.21743295,-0.1301216,-0.013277416,True,0.8133333333333334
265621.791826877,20000000,-0.004244834,0.0036237687,0.007835865,-0.23039754,-0.1606794,0.008684323,True,0.8
265621.811826877,0,0.0014201701,0.00033971667,0.007959187,-0.23057829,-0.17673239,-0.009862768,True,0.7866666666666666
265621.831826877,0,0.00089520216,-0.0005958602,0.0075725913,-0.23302191,-0.19348368,-0.010050643,True,0.7733333333333333
265621.851826877,20000000,0.00037248433,-0.0015314445,0.0071498156,-0.23546554,-0.21023497,-0.010238518,True,0.76
265621.871826877,40000000,0.004247278,0.00061531365,0.00024861097,-0.25682,-0.21236491,-0.0054041534,True,0.7466666666666667
265621.891826877,0,0.0036816746,-0.006774105,-0.0045109987,-0.2592035,-0.20495111,0.0063555646,True,0.7333333333333333
265621.911826877,0,0.0032972395,-0.015408255,-0.007038057,-0.2435884,-0.1759405,0.018632662,True,0.72
265621.931826877,0,0.0015680492,-0.017204225,-0.012096345,-0.21268983,-0.1481936,0.02504321,True,0.7066666666666667
265621.951826877,0,-0.000669837,-0.0150695145,-0.007104814,-0.17798366,-0.123053536,0.030559119,True,0.6933333333333334
265621.991715375,0,0.0049025957,-0.014711162,-0.02089629,-0.13665834,-0.066542804,0.022908162,True,0.68
265622.011715375,0,0.00019595027,-0.011314705,-0.014379919,-0.115864255,-0.038956687,0.004270237,True,0.6666666666666666
265622.031715375,0,-0.0012905002,-0.008068323,-0.010019779,-0.09459297,-0.029595105,-0.00948927,True,0.6533333333333333
265622.051715375,0,-0.0010399222,-0.006418854,-0.007353246,-0.07821721,-0.026150936,-0.021757703,True,0.64
265622.071715375,20000000,-0.0011506826,-0.0040414482,-0.004722774,-0.062782615,-0.02392346,-0.032426044,True,0.6266666666666667
265622.091715375,0,-0.002933666,-0.0022986978,-0.0015724897,-0.049137007,-0.028586892,-0.034300122,True,0.6133333333333333
265622.111715375,0,-0.0019679666,-1.4230609e-05,-0.0020691156,-0.042533442,-0.0313296,-0.029265326,True,0.6
265622.131715375,20000000,-0.0010017753,0.0022706687,-0.0025669932,-0.035929874,-0.034072302,-0.024230527,True,0.5866666666666667
265622.151715375,40000000,-0.0011549294,0.0016955584,-0.002456665,-0.034093026,-0.033441875,-0.016284289,True,0.5733333333333334
265622.171715375,0,-0.0030849576,-0.0002424717,-0.0011463165,-0.03332502,-0.03159253,-0.0023283754,True,0.56
265622.191715375,20000000,-0.0007379502,-0.004169166,-0.0031622052,-0.032024674,-0.02262215,0.0019186786,True,0.5466666666666666
265622.211715375,0,-0.0010782331,-0.0059451163,-0.0017800331,-0.032867372,-0.01631133,0.003624002,True,0.5333333333333333
265622.231715375,0,-0.0017982274,-0.0068009943,-0.0004569292,-0.036785226,-0.019681156,0.0024068477,True,0.52
265622.251715375,20000000,-0.0025182515,-0.0076567978,0.00086534023,-0.04070308,-0.02305098,0.0011896933,True,0.5066666666666667
265622.271715375,0,-0.0023898333,-0.009764805,-0.0013373494,-0.038042873,-0.024581665,-0.0061523356,True,0.49333333333333335
265622.291715375,20000000,-0.0021781325,-0.008854479,-0.002816558,-0.03659076,-0.026921097,-0.01397775,True,0.48
265622.311715375,0,-0.0033494383,-0.008398816,-0.0025748014,-0.029110732,-0.03027573,-0.02249087,True,0.4666666666666667
265622.331715375,20000000,-0.0017227232,-0.008121356,-0.0051555634,-0.02041217,-0.031213097,-0.029450428,True,0.4533333333333333
265622.351715375,0,-0.0003516227,-0.0074110925,-0.0055223107,-0.013939364,-0.026928017,-0.037837163,True,0.44
265622.371715375,0,0.00019621849,-0.007854059,-0.0033774376,-0.0075424328,-0.021340385,-0.041345023,True,0.4266666666666667
265622.391715375,20000000,0.0017938763,-0.01049988,-0.0016855001,0.0004848498,-0.010921851,-0.044088908,True,0.41333333333333333
265622.411715375,0,-0.00093242526,-0.007559389,-0.0021486878,0.018508384,-0.0148607865,-0.03966825,True,0.4
265622.431715375,20000000,-0.0036590695,-0.004618481,-0.0026122928,0.036531918,-0.018799722,-0.035247594,True,0.38666666666666666
265622.451715375,40000000,-0.006386049,-0.0016771257,-0.003076315,0.054555446,-0.02273866,-0.03082694,True,0.37333333333333335
265622.471715375,60000000,-0.0049381405,-0.002462104,-0.009400427,0.08625859,-0.029143713,-0.026548877,True,0.36
265622.491715376,0,-0.00021408498,0.004400715,-0.018605292,0.116696306,-0.012128504,-0.047425695,True,0.3466666666666667
265622.511715376,0,-0.0033190623,0.01366581,-0.017873704,0.1450151,0.0027429843,-0.074418396,True,0.3333333333333333
265622.531715376,20000000,-0.009199031,0.024175718,-0.013028502,0.16542314,0.005807465,-0.09832522,True,0.32
265622.551715376,0,-0.0155104995,0.030837744,-0.009206712,0.18050784,-0.0040110704,-0.11123017,True,0.30666666666666664
265622.571715376,0,-0.014950931,0.02930358,-0.0076194406,0.19247007,-0.013393767,-0.12372791,True,0.29333333333333333
265622.591715376,20000000,-0.0145658925,0.026924998,-0.0076295137,0.1936639,-0.0077482793,-0.14304683,True,0.28
265622.611715376,0,-0.010326713,0.022870846,-0.009275734,0.18569697,0.0008574999,-0.1529353,True,0.26666666666666666
265622.631715376,20000000,-0.0069653913,0.01935932,-0.008434355,0.16297004,0.020251416,-0.16170904,True,0.25333333333333335
265622.651715376,0,-0.0052216053,0.0169155,-0.00472641,0.13387385,0.033247255,-0.15562735,True,0.24
265622.671715376,0,-0.007059999,0.014186837,0.0014284253,0.10276535,0.038175873,-0.1363148,True,0.22666666666666666
265622.691715376,0,-0.00021608174,0.007948235,-0.000333488,0.06552108,0.045738842,-0.11170686,True,0.21333333333333335
265622.711715376,0,0.0021717995,0.00560382,0.0006968379,0.014282461,0.04882277,-0.09446357,True,0.2
265622.731715376,20000000,0.0045610815,0.0032578781,0.0017257929,-0.036956154,0.0519067,-0.07722028,True,0.18666666666666668
265622.771715376,0,0.008772984,-0.008183442,0.007899165,-0.11265318,0.047853544,-0.040551398,True,0.17333333333333334
265622.791715376,0,0.012642726,-0.018589236,0.007842064,-0.1010775,0.04044221,-0.019942224,True,0.16
265622.811715376,0,0.01680845,-0.025382653,0.0058119893,-0.04618884,0.033895727,0.012278929,True,0.14666666666666667
265622.831715376,20000000,0.013817564,-0.029189333,0.007751584,0.051758632,0.024432734,0.063479245,True,0.13333333333333333
265622.851715376,0,0.0143046975,-0.018772729,-0.00037384033,0.16205248,0.022536151,0.122782625,True,0.12
265622.871715376,0,0.012639731,-0.009616256,-0.0015034676,0.2590917,0.02253027,0.18428037,True,0.10666666666666667
265622.891715376,0,0.01028502,-0.006396033,-0.0039085746,0.3406418,0.029420255,0.22834045,True,0.09333333333333334
265622.911715376,0,0.006513059,-0.0023955107,-0.005404949,0.38607973,0.040900514,0.26349938,True,0.08
265622.931715376,20000000,0.0007445514,0.003747277,-0.0020676851,0.38705456,0.04253662,0.2911135,True,0.06666666666666667
265622.951715376,0,0.0009341836,-0.00020041317,-0.00013160706,0.34706423,0.05025149,0.28359577,True,0.05333333333333334
265622.971715376,20000000,-0.0017871857,-0.005338095,0.002106309,0.28053123,0.030885642,0.26956502,True,0.04
265622.991715376,0,0.0014435947,-0.010039292,-0.0002670884,0.19972807,0.027687246,0.2289446,True,0.02666666666666667
265623.011715376,0,-9.357929e-05,-0.01086168,0.0010637045,0.1109961,0.031391084,0.17973377,True,0.013333333333333334
265623.031715376,0,-0.0013982505,-0.0107265785,0.0028392673,0.04445637,0.022762552,0.13684382,False,0.0
265623.051715376,20000000,-0.0027003437,-0.01058998,0.0046141148,-0.022083357,0.01413402,0.09395386,False,0.0
265623.091715376,0,0.00025983155,-0.017132286,0.0021009445,-0.053652104,0.01191395,0.03200156,False,0.0
265623.111715376,0,0.0020289868,-0.01656622,-0.0034793615,-0.020400375,0.017126326,0.00738154,False,0.0
265623.131715376,0,0.0022500753,-0.009532608,-0.005820453,0.019363493,0.03157369,-0.013121281,False,0.0
265623.171715376,0,-0.0010127723,-0.0019415207,-0.005771041,0.11273305,0.039333474,-0.015757294,False,0.0
265623.191715376,0,0.005189106,0.0028817132,-0.01106137,0.1494568,0.05059214,-0.00017010048,False,0.0
265623.211715376,20000000,0.0047421157,0.0067908615,-0.010029733,0.17146719,0.0657357,0.027593318,False,0.0
265623.231715376,0,-0.0018634647,0.015147373,-0.0034647584,0.17565492,0.070713125,0.071273185,False,0.0
265623.251715376,20000000,-0.003352642,0.016653385,0.00073713064,0.16659214,0.061895452,0.12627433,False,0.0
265623.271715376,0,-0.00035357475,0.015482619,-0.00064367056,0.15398568,0.0652324,0.17948909,False,0.0
265623.291715376,0,6.3329935e-05,0.012786999,-0.0024926066,0.14741233,0.072110616,0.23132314,False,0.0
265623.311715376,20000000,-0.0012701601,0.012432598,-0.0062254667,0.14876893,0.0891981,0.28221476,False,0.0
265623.331715376,0,-0.0018035918,0.014849316,-0.0105186105,0.1736943,0.112809666,0.3380887,False,0.0
265623.351715376,20000000,-0.0023058355,0.01728223,-0.014832258,0.19861965,0.13642123,0.3939626,False,0.0
265623.371715376,0,-0.0016821474,0.01673467,-0.018903136,0.23820043,0.16255765,0.42366737,False,0.0
265623.391715376,20000000,-0.0076146424,0.009328191,-0.015737891,0.29709622,0.18348858,0.43314877,False,0.0
265623.411715376,0,-0.007303834,-0.0028634556,-0.015981495,0.37472117,0.19752732,0.41989386,False,0.0
265623.431715376,20000000,-0.011180595,-0.013414589,-0.015303254,0.45621368,0.20592001,0.39383364,False,0.0
265623.451715376,0,-0.015662476,-0.03576333,-0.011127174,0.5717671,0.22269835,0.3403691,False,0.0
265623.471715376,20000000,-0.02376926,-0.043447107,-0.0124461055,0.6991948,0.23065937,0.25355464,False,0.0
265623.491715376,0,-0.025028989,-0.02199329,-0.02147919,0.7935907,0.23761223,0.18634042,False,0.0
265623.511715376,0,-0.017571315,0.004220739,-0.025292993,0.819836,0.24793586,0.11842729,False,0.0
265623.531715376,20000000,-0.011177644,0.024276327,-0.017512918,0.7979716,0.2571607,0.06552969,False,0.0
265623.551715376,0,-0.012705848,0.034402076,-0.0052936077,0.7437734,0.25843439,0.060847737,False,0.0
265623.571715377,20000000,-0.02093625,0.027646795,0.011764884,0.69193834,0.22997738,0.09709287,False,0.0
265623.591715377,0,-0.016071647,0.013201676,0.019374847,0.6432119,0.19405097,0.13910088,False,0.0
265623.611715377,20000000,-0.02466841,-0.01139082,0.03774768,0.60831255,0.09139841,0.08088909,False,0.0
265623.631715377,0,-0.016202092,-0.014241919,0.035145283,0.5304065,0.07171731,0.1085627,False,0.0
265623.651715377,20000000,-0.007714927,-0.01710938,0.03243494,0.4525004,0.052036203,0.13623631,False,0.0
265623.671715377,40000000,-0.003191799,-0.0012076646,0.021104276,0.42888194,0.059324592,0.11220071,False,0.0
265623.691715377,0,0.006290138,0.0013424605,0.009526968,0.3089194,0.07658342,0.12522736,False,0.0
265623.711715377,0,0.0027104914,-0.013250053,0.015537858,0.18950012,0.0794301,0.14244257,False,0.0
265623.731715377,0,-7.44462e-05,0.008831993,0.005939245,0.08226997,0.072778665,0.09676653,False,0.0
265623.751715377,0,0.0040645897,-0.030638486,0.0057007074,0.013115756,0.09372416,0.023387812,False,0.0
265623.771715377,20000000,-0.007998735,-0.012577012,0.011266649,-0.08527712,0.047250323,-0.0090409815,False,0.0
265623.791715377,0,-0.007192418,-0.017560497,0.010537565,-0.1873272,0.042961907,-0.07451408,False,0.0
265623.811715377,20000000,-0.007578552,-0.027781129,0.015288472,-0.26728,0.038580503,-0.15979114,False,0.0
265623.831715377,0,-0.0037566721,-0.028682515,0.0053856373,-0.31565195,0.03817002,-0.27122614,False,0.0
265623.851715377,0,0.0016094893,-0.015476495,-0.01761949,-0.39449686,0.099613234,-0.383887,False,0.0
265623.871715377,20000000,-0.008828387,-0.009260237,-0.017995,-0.4424888,0.13772395,-0.46746022,False,0.0
265623.891715377,0,-0.012793854,-0.011682108,-0.017627358,-0.47434044,0.20552841,-0.56086683,False,0.0
265623.911715377,20000000,-0.016203135,-0.0026741177,-0.013776064,-0.4746084,0.25075293,-0.6233366,False,0.0
265623.931715377,0,-0.017442465,0.011485644,-0.013188422,-0.43910456,0.24499567,-0.6377861,False,0.0
265623.951715377,20000000,-0.018528387,0.025568068,-0.012735426,-0.40360072,0.23923841,-0.65223557,False,0.0
265623.971715377,40000000,-0.024910584,0.04036043,-0.008881807,-0.37516698,0.1746814,-0.5797037,False,0.0
265623.991715377,0,-0.019505888,0.031037595,-0.0049637556,-0.314709,0.11875361,-0.49551734,False,0.0
265624.011715377,0,-0.013549894,0.014755588,-0.0058959126,-0.23431328,0.09558882,-0.40520906,False,0.0
265624.031715377,0,-0.009721637,0.015986282,-0.0063414574,-0.18478791,0.08833424,-0.3075651,False,0.0
265624.051715377,0,-0.020134002,0.02105026,0.002737701,-0.14467205,0.055593524,-0.22185302,False,0.0
265624.071715377,20000000,-0.022609219,0.025928766,0.008404613,-0.12817942,0.0038402043,-0.14530179,False,0.0
265624.091715377,0,-0.019263089,0.019554362,0.0069824457,-0.1313143,0.0012565181,-0.0744034,False,0.0
265624.111715377,20000000,-0.015912682,0.013179414,0.00555104,-0.13444915,-0.0013271684,-0.0035050064,False,0.0
265624.131715377,0,-0.014883518,-0.004161589,0.001912415,-0.119616926,0.014365815,0.04581623,False,0.0
265624.151715377,20000000,-0.0088067055,-0.013139967,0.0079446435,-0.09511484,0.039961636,0.096250415,False,0.0
265624.171715377,0,0.007832319,-0.02530747,-0.0071050525,-0.06396981,0.09276755,0.08597914,False,0.0
265624.191715377,0,-0.0063447654,-0.019121341,0.006385386,-0.06363388,0.112651505,0.10602205,False,0.0
265624.211715377,20000000,0.004868984,-0.030215278,0.003992617,-0.05894355,0.14517526,0.10669804,False,0.0
265624.231715377,0,0.0133315325,-0.031525165,-0.000585258,-0.043728724,0.18593693,0.090043485,False,0.0
265624.251715377,20000000,0.02179709,-0.03282811,-0.005174339,-0.028513901,0.22669859,0.07338893,False,0.0
265624.271715377,0,0.013556749,-0.021127254,0.0013982654,-0.039832484,0.2124342,0.087676786,False,0.0
265624.291715377,20000000,0.005321443,-0.009417869,0.007952154,-0.051151067,0.19816983,0.101964645,False,0.0
265624.311715377,40000000,0.007494509,8.7462366e-05,0.0054175854,-0.065625496,0.15990415,0.13480152,False,0.0
265624.331715377,0,0.013930261,-0.024531387,0.00892961,-0.035583764,0.1428752,0.14126787,False,0.0
265624.351715377,0,0.026434213,-0.033505738,0.0044309497,0.019988615,0.13427314,0.10474279,False,0.0
265624.371715377,20000000,0.022459656,-0.022124875,0.008716047,0.035020687,0.12511268,0.06375228,False,0.0
265624.391672542,0,0.024202,-0.015368795,0.011477697,0.041986965,0.092246644,0.020029267,False,0.0
265624.411672542,0,0.017258108,-0.00094621256,0.015688539,0.016611302,0.0742833,0.022672271,False,0.0
265624.431672542,0,0.014871895,0.0047751516,0.014834642,-0.012991801,0.066549875,0.045403924,False,0.0
265624.451672542,20000000,0.012266219,0.006974522,0.015291333,-0.034984708,0.06068835,0.07699007,False,0.0
265624.471672542,0,0.011021286,0.0039646067,0.010370493,-0.05688584,0.055527322,0.0967138,False,0.0
265624.491672542,20000000,0.014690071,-0.0026660413,0.00097566843,-0.07793984,0.050436176,0.117867455,False,0.0
265624.511672542,0,0.0112609565,0.0054009706,0.0012469888,-0.070823155,0.08478564,0.15939602,False,0.0
265624.531672542,20000000,0.007832378,0.013474539,0.0015143752,-0.06370647,0.1191351,0.20092458,False,0.0
265624.551672542,40000000,0.0047252774,0.005012084,0.004946828,-0.06647775,0.11373098,0.17616183,False,0.0
265624.571672542,0,0.006838262,-0.0074923933,0.0072128773,-0.048345394,0.08866918,0.1719673,False,0.0
265624.591672542,0,0.0064639747,-0.010368902,0.009763777,-0.027177567,0.07019557,0.16119224,False,0.0
265624.611672542,0,0.0059812963,-0.0085761435,0.00930649,0.0022106823,0.05417428,0.1512594,False,0.0
265624.631672542,0,0.0038621128,-0.0038253479,0.0076833367,0.014647151,0.03696755,0.15605839,False,0.0
265624.651672542,20000000,0.0017476976,0.0009267628,0.0060590506,0.027083622,0.019760815,0.16085736,False,0.0
265624.691672542,0,-0.012851924,0.004701052,0.0055437684,0.021882972,-0.011919038,0.1807909,False,0.0
265624.711672542,0,-0.013049483,-0.0005460121,0.0027353764,0.025528358,-0.018632624,0.19793437,False,0.0
265624.731672542,20000000,-0.009599894,-0.006516762,-0.0031386614,0.034808353,-0.014050633,0.20289364,False,0.0
265624.751672542,0,-0.010478526,-0.0076610297,-0.0047926307,0.036419086,-0.0031318655,0.19825989,False,0.0
265624.771672542,20000000,-0.008959591,-0.010016918,-0.007072687,0.03313881,0.01356993,0.17586404,False,0.0
265624.791672542,0,-0.010045081,-0.015286595,-0.0058802366,0.030739157,0.024700958,0.1576576,False,0.0
265624.811672542,0,-0.011214554,-0.017849736,-0.0029310584,0.035234068,0.0258713,0.1217788,False,0.0
265624.831672542,20000000,-0.012381047,-0.020411849,1.6570091e-05,0.03972898,0.02704164,0.08590001,False,0.0
265624.851672542,40000000,-0.01354444,-0.022972956,0.0029626489,0.044223893,0.02821198,0.05002121,False,0.0
265624.871672542,0,-0.011474162,-0.0209179,0.0021760464,0.04075472,0.019220829,0.013334502,False,0.0
265624.891672542,20000000,-0.008934259,-0.016467154,0.0026823878,0.033920355,0.010491176,-0.02235452,False,0.0
265624.911672542,0,-0.0056908727,-0.01274728,0.0007812977,0.025348036,0.0019546086,-0.056064114,False,0.0
265624.931672542,0,-0.0042066276,-0.005370386,0.00046038628,0.013889924,-4.1265273e-05,-0.077673085,False,0.0
265624.951672542,0,-0.0028568208,-0.0019740164,2.2172928e-05,0.0029163472,0.0068762703,-0.092374936,False,0.0
265624.971672542,0,-0.0048562884,-5.941093e-05,0.005398929,0.004118765,-0.0029310249,-0.08203835,False,0.0
265624.991672542,20000000,-0.0038873553,0.0026685894,0.0006881356,0.0023049824,-0.008078866,-0.05864422,False,0.0
265625.011672542,0,0.0035718381,0.0014932603,-0.0049676895,0.0003768619,0.0035066213,-0.043032236,False,0.0
265625.031672542,20000000,0.0021083355,0.0037991405,-0.0029679537,-0.0042404225,0.015596632,-0.028414596,False,0.0
265625.051672542,0,-0.0024661124,0.0069378614,0.00041729212,-0.011482637,0.015687333,-0.008145552,False,0.0
265625.071672542,0,-0.007982016,0.0056260303,0.0034641623,-0.012133835,0.0021447698,0.016954431,False,0.0
265625.091672542,0,-0.0068707764,-0.0011902228,0.004752815,-0.009020684,-0.0131954085,0.03172791,False,0.0
265625.111672542,0,-0.007881492,-0.0016849339,0.0021093488,-0.01564012,-0.020055477,0.035922237,False,0.0
265625.131672542,20000000,-0.008892179,-0.002180189,-0.00053441525,-0.022259554,-0.026915545,0.040116567,False,0.0
265625.151672542,40000000,-0.009902626,-0.0026759803,-0.0031785965,-0.028878989,-0.033775613,0.044310898,False,0.0
265625.171672542,0,-0.008749604,-0.004704155,-0.0060154796,-0.046612583,-0.01932627,0.03614371,False,0.0
265625.191672542,20000000,-0.005588621,-0.009485729,-0.008651972,-0.065117985,-0.0053140232,0.019755257,False,0.0
265625.211672542,0,-0.005935818,-0.01086583,-0.00659734,-0.08063557,0.0012523723,0.0034428183,False,0.0
265625.251672542,0,-0.002385527,-0.01154257,-0.007355273,-0.10553611,0.038862776,-0.040197678,False,0.0
265625.271672542,0,-0.0033523142,-0.0067715757,-0.004383743,-0.11125738,0.045717463,-0.045055512,False,0.0
265625.291672543,0,-0.002095908,-0.0027673654,-0.004813552,-0.13064598,0.060399123,-0.05103981,False,0.0
265625.311672543,0,-0.0008084774,-0.0019477494,-0.0035176873,-0.14145266,0.051816255,-0.054013874,False,0.0
265625.331672543,0,-0.0015258491,-0.0039578266,-0.0004759431,-0.14418137,0.055327985,-0.05004084,False,0.0
265625.351672543,20000000,-0.00065356493,-0.0028156005,-0.002311945,-0.15125768,0.0623221,-0.04799418,False,0.0
265625.371672543,0,0.00077950954,-0.005048305,-0.0031392574,-0.14402623,0.06256681,-0.048232812,False,0.0
265625.391672543,0,0.0012173057,-0.006772533,-0.0007600188,-0.12990382,0.06253843,-0.053646848,False,0.0
265625.411672543,0,0.002325356,-0.009112652,-0.000988245,-0.11944588,0.07561023,-0.06083255,False,0.0
265625.431672543,0,0.0016322136,-0.01084169,-0.00029695034,-0.092184134,0.076968335,-0.051319003,False,0.0
265625.451672543,20000000,0.00094151497,-0.012571648,0.00038951635,-0.064922385,0.07832645,-0.04180546,False,0.0
265625.471672543,40000000,0.00025331974,-0.014302429,0.0010712743,-0.037660643,0.079684556,-0.032291915,False,0.0
265625.491672543,0,-0.0049552023,-0.014693759,0.010999739,-0.0028476566,0.06606149,0.0029373728,False,0.0
265625.511672543,0,-0.0049431324,-0.01828924,0.0048873425,0.016790554,0.06544869,0.028142914,False,0.0
265625.531672543,0,0.000318259,-0.0198554,-0.0005555153,0.036309626,0.051410235,0.056105886,False,0.0
265625.551672543,20000000,0.012242019,-0.027125597,-0.010249972,0.043260433,0.08497056,0.07495457,False,0.0
265625.571672543,0,0.006021768,-0.030544799,0.0002501011,0.081800774,0.09691298,0.089699365,False,0.0
265625.591672543,0,0.0040845275,-0.027374193,0.0031356215,0.13880567,0.10571134,0.099322714,False,0.0
265625.611672543,0,-0.0006980896,-0.022982743,0.006118536,0.19390714,0.08778286,0.12133342,False,0.0
265625.631672543,20000000,0.00051420927,-0.020985518,0.0041977167,0.23005256,0.08372434,0.14260311,False,0.0
265625.651672543,0,-0.002919048,-0.022526361,0.009272397,0.27131146,0.06463447,0.1663582,False,0.0
265625.671672543,20000000,-0.0040795207,-0.023000281,0.007077694,0.29359645,0.054479867,0.1803748,False,0.0
265625.691672543,0,-0.004843205,-0.021521032,0.0076788664,0.29386288,0.05551666,0.19126771,False,0.0
265625.711672543,0,-0.0070765615,-0.026349753,0.00671041,0.28526115,0.05513166,0.19956936,False,0.0
265625.731672543,20000000,-0.009281933,-0.031180039,0.0057033896,0.27665943,0.054746658,0.20787099,False,0.0
265625.751672543,40000000,-0.01145947,-0.036012165,0.004657924,0.2680577,0.05436166,0.21617264,False,0.0
265625.771672543,60000000,-0.00746873,-0.04311554,0.00041866302,0.27045262,0.06385048,0.20815516,False,0.0
265625.791672543,0,-0.007099241,-0.042904496,-0.00010180473,0.25373605,0.067375556,0.18821013,False,0.0
265625.811672543,0,-0.007558644,-0.04213509,0.00011843443,0.22756264,0.070362106,0.15409736,False,0.0
265625.831672543,0,-0.003042221,-0.043982476,-0.00050342083,0.20548871,0.06982637,0.13002807,False,0.0
265625.851672543,0,0.00073572993,-0.04796669,0.0044034123,0.20382951,0.07023796,0.105702005,False,0.0
265625.871672543,20000000,0.0031388998,-0.0484846,0.007987499,0.20763788,0.065786265,0.082508445,False,0.0
265625.891672543,0,0.0029608905,-0.048882365,0.013450861,0.2166297,0.062982455,0.06208176,False,0.0
265625.911672543,20000000,0.0011954904,-0.047888935,0.018213034,0.21869864,0.055957105,0.046501525,False,0.0
265625.931672543,0,0.0028144717,-0.04885541,0.018328547,0.21987729,0.045289293,0.030470457,False,0.0
265625.951672543,0,0.0014609396,-0.04689789,0.019531548,0.22440077,0.039987598,0.023890555,False,0.0
265625.971672543,20000000,0.00430578,-0.04473056,0.01346451,0.20700094,0.046996046,0.01055725,False,0.0
265625.991672543,0,-0.0021091104,-0.038524225,0.018942714,0.19782253,0.036146585,0.010210394,False,0.0
265626.011672543,20000000,-0.008800775,-0.03142716,0.02401495,0.1790866,0.032308098,0.011884716,False,0.0
265626.031672543,0,-0.01054284,-0.022886232,0.020284772,0.15939099,0.012112446,0.057867136,False,0.0
265626.051672543,20000000,-0.01228109,-0.01434724,0.01654309,0.13969538,-0.008083206,0.10384956,False,0.0
265626.071672543,40000000,0.008069992,-0.009698123,0.0030508041,0.110183164,0.005585038,0.1455281,False,0.0
265626.091672543,0,0.008027494,0.00028333068,0.0069538355,0.09993849,0.010951955,0.19901918,False,0.0
265626.111672543,20000000,0.008183837,-0.00038984418,0.010735631,0.11005613,0.010228652,0.25898203,False,0.0
265626.131672543,0,0.010274112,-0.0012307316,0.017423868,0.109312594,-0.0004586447,0.30743724,False,0.0
265626.151672543,0,0.0102543235,-0.0035679638,0.022216916,0.105367295,-0.024592685,0.33604786,False,0.0
265626.171672543,20000000,0.009358704,-0.00958012,0.03228873,0.09380275,-0.056269772,0.3528582,False,0.0
265626.191672543,0,0.013727784,-0.0175827,0.03368503,0.092397854,-0.100428894,0.33581594,False,0.0
265626.211672543,20000000,0.014811844,-0.023367628,0.039297998,0.097372636,-0.13325468,0.3038969,False,0.0
265626.231672543,0,0.010210782,-0.022877172,0.04183805,0.092339575,-0.18613875,0.26156315,False,0.0
265626.251672543,0,0.0015094578,-0.018390998,0.05178821,0.08867601,-0.23685087,0.21971153,False,0.0
265626.271672543,0,0.0066652596,-0.019819692,0.050117016,0.09320886,-0.3030312,0.18111694,False,0.0
265626.291672543,0,0.004018992,-0.016455024,0.04212022,0.0773562,-0.34049034,0.119574696,False,0.0
265626.311672543,20000000,-0.016287297,-0.006843254,0.05717492,0.08196319,-0.4200068,0.1279542,False,0.0
265626.331672543,0,-0.02000311,-0.015015617,0.037860453,0.13797703,-0.5110578,0.042502195,False,0.0
265626.351672544,20000000,-0.023687154,-0.023201197,0.01844281,0.19399089,-0.6021088,-0.04294981,True,0.0
265626.371672543,40000000,-0.0019134581,0.009829313,-0.0013276339,0.28725561,-0.6566297,-0.088747844,True,0.013333333333333334
265626.391672544,0,-0.006568253,0.003465116,-0.0012406111,0.36471182,-0.647177,0.02796556,True,0.02666666666666667
265626.411672544,20000000,-0.00557518,0.011512548,-0.009307921,0.48037896,-0.65571684,0.15309791,True,0.04
265626.431672544,0,-0.011369318,0.03619875,-0.014918685,0.5449719,-0.5562198,0.17476958,True,0.05333333333333334
265626.451672544,0,-0.0039209276,0.028951004,-0.040947318,0.614894,-0.48086202,0.17524998,True,0.06666666666666667
265626.471672544,20000000,-0.0076263845,0.044445828,-0.03382927,0.7037375,-0.44439223,0.191249,True,0.08
265626.491672544,0,0.0047655553,0.05758685,-0.06410819,0.7157788,-0.43437737,0.20432197,True,0.09333333333333334
265626.511672544,20000000,0.0013979822,0.064491406,-0.062066138,0.6606393,-0.3384733,0.20492077,True,0.10666666666666667
265626.531672544,0,0.0015515238,0.055764854,-0.049899876,0.66524297,-0.29124737,0.18563694,True,0.12
265626.551672544,0,-0.015372917,0.045273334,-0.029787242,0.6487753,-0.31835473,0.13167669,True,0.13333333333333333
265626.571672544,20000000,0.06606573,0.034869105,-0.08245808,0.6014395,-0.17945719,0.1772901,True,0.14666666666666667
265626.591672544,0,0.0070593655,0.07271734,-0.04090023,0.39593586,-0.059115604,0.12503946,True,0.16
265626.611672544,20000000,-0.0020750612,0.07300031,-0.03719127,0.27547702,-0.079193994,0.15749434,True,0.17333333333333334
265626.631672544,0,-0.00058847666,0.058810204,-0.032685935,0.17830333,-0.066795394,0.15458265,True,0.18666666666666668
265626.651672544,20000000,0.00090385973,0.044614285,-0.028185546,0.08112965,-0.054396793,0.15167096,True,0.2
265626.671672544,40000000,0.002401948,0.030412376,-0.023690045,-0.016044028,-0.041998196,0.14875926,True,0.21333333333333335
265626.691672544,60000000,-0.018166453,0.023296475,0.008088529,-0.018395681,-0.006972339,0.17014447,True,0.22666666666666666
265626.711672544,0,0.013195232,0.02305752,-0.060050428,-0.026046483,0.001051642,0.15714508,True,0.24
265626.731672544,0,0.0071901977,0.0046179593,-0.051748574,-0.09971925,-0.019770736,0.042267613,True,0.25333333333333335
265626.751672544,0,0.015904292,-0.008794814,-0.026061118,-0.19873708,0.044215836,-0.072220616,True,0.26666666666666666
265626.771672544,20000000,-0.008896098,-0.0072070956,0.0017037988,-0.3271259,0.07587099,-0.14480215,True,0.28
265626.791562083,0,-0.007723634,-0.008364512,0.016718451,-0.4133262,0.053648036,-0.15007594,True,0.29333333333333333
265626.811562083,0,-0.00829725,-0.013329804,0.038077056,-0.38372743,0.06586303,-0.20115954,True,0.30666666666666664
265626.831562083,0,0.011794239,0.013566017,0.011404157,-0.30047154,0.034323823,-0.2127781,True,0.32
265626.851562083,0,0.011931151,0.048688293,-0.0072731376,-0.18582177,-0.028796654,-0.17573778,True,0.3333333333333333
265626.871562083,0,0.011091024,0.052569747,-0.015612364,-0.07529223,-0.10105577,-0.11068964,True,0.3466666666666667
265626.891562083,20000000,0.010004416,0.03156057,-0.022977173,-0.03864837,-0.11572228,-0.09108448,True,0.36
265626.911562083,0,0.0072567314,0.022666454,-0.02547735,-0.07891332,-0.07393091,-0.09899748,True,0.37333333333333335
265626.931562083,20000000,0.0045150816,0.013772488,-0.027983129,-0.11917827,-0.032139543,-0.10691048,True,0.38666666666666666
265626.951562083,40000000,0.001779452,0.0048787296,-0.03049463,-0.15944321,0.009651821,-0.114823475,True,0.4
265626.971562084,0,-0.016685411,-0.0066221952,-0.018649757,-0.16808353,0.025487753,-0.13939539,True,0.41333333333333333
265627.011562084,0,-0.01358749,-0.010941505,-0.025618017,-0.1722111,0.026743932,-0.27207342,True,0.4266666666666667
265627.031562084,0,-0.016724512,0.00028043985,-0.019978523,-0.23110671,0.03041023,-0.27565682,True,0.44
265627.051562084,20000000,-0.019830912,0.011484355,-0.014363825,-0.29000235,0.034076527,-0.2792402,True,0.4533333333333333
265627.071562084,0,-0.018526897,-0.0066865087,-0.008619547,-0.3474802,0.07061729,-0.31260568,True,0.4666666666666667
265627.091562084,20000000,-0.014078483,-0.013734877,-0.012522757,-0.3630748,0.0714872,-0.3346614,True,0.48
265627.111562084,0,-0.003780812,-0.0076211393,-0.024456203,-0.3723924,0.079651855,-0.37047943,True,0.49333333333333335
265627.131562084,20000000,-0.009936005,0.0004132837,-0.008510113,-0.37763554,0.10024606,-0.37524825,True,0.5066666666666667
265627.151562084,0,-0.0047238767,-0.0036971867,-0.0006521344,-0.40146938,0.112159036,-0.37326884,True,0.52
265627.171562084,0,-0.012666792,-0.0029518157,0.01877606,-0.38357598,0.10562,-0.36504346,True,0.5333333333333333
265627.211562084,0,-0.005245164,0.006776497,0.008806288,-0.34925118,0.09276415,-0.29107147,True,0.5466666666666666
265627.231562084,20000000,-0.0018529147,0.005934,0.008376598,-0.34781253,0.09358634,-0.26271585,True,0.56
265627.251562084,40000000,0.0015794039,0.005068779,0.007885158,-0.3463739,0.09440854,-0.23436022,True,0.5733333333333334
265627.271562084,0,0.0030574799,0.00022752583,0.0129464865,-0.31338757,0.08153747,-0.21215889,True,0.5866666666666667
265627.291562084,20000000,0.0048691332,0.01074928,0.009248912,-0.2970125,0.06788316,-0.18674074,True,0.6
265627.311562084,0,0.008077174,0.009673417,0.0098436475,-0.30494502,0.040694892,-0.18308428,True,0.6133333333333333
265627.331562084,0,0.0034617037,0.00049102306,0.021484196,-0.3219506,0.018449571,-0.18462285,True,0.6266666666666667
265627.351562084,0,0.004331976,0.002558753,0.021536946,-0.31115448,-0.004819393,-0.15876646,True,0.64
265627.371562084,0,0.009918064,0.003812328,0.009159565,-0.28328803,-0.011024985,-0.13619736,True,0.6533333333333333
265627.391562084,20000000,0.011853278,0.00827831,-0.0032690167,-0.27666864,-0.021074032,-0.1373613,True,0.6666666666666666
265627.411562084,0,0.008751988,0.009399101,-0.0047201514,-0.30218115,-0.030163223,-0.15729596,True,0.68
265627.431562084,0,0.008570984,0.005276501,-0.003310442,-0.3303929,-0.01980212,-0.17077506,True,0.6933333333333334
265627.451562084,0,-0.001538381,-0.0088143945,0.01061213,-0.31207016,-0.05939121,-0.19080605,True,0.7066666666666667
265627.471562084,0,0.0043952763,-0.014705785,0.0032917857,-0.2984382,-0.09161218,-0.20734748,True,0.72
265627.491562084,0,0.0055999905,-0.012882069,-0.00551486,-0.32229805,-0.08832813,-0.23113053,True,0.7333333333333333
265627.511562084,0,0.0038993508,-0.012296848,-0.005542457,-0.31424278,-0.0808402,-0.21961452,True,0.7466666666666667
265627.531562084,20000000,0.0022282302,-0.011714235,-0.005614817,-0.30618754,-0.07335227,-0.2080985,True,0.76
265627.551562084,40000000,0.0005865693,-0.011133857,-0.0057321787,-0.29813227,-0.06586434,-0.1965825,True,0.7733333333333333
265627.571562084,0,0.0006084442,-0.012442201,-0.001824975,-0.296821,-0.05165898,-0.2246408,True,0.7866666666666666
265627.591562084,0,0.002395928,-0.013561748,-0.00079250336,-0.28126338,-0.04043361,-0.2322158,True,0.8
265627.611562084,0,-0.0024110377,-0.015702255,0.006479442,-0.25803897,-0.042532906,-0.21451087,True,0.8133333333333334
265627.631562084,20000000,0.008255899,0.004980363,-0.011072397,-0.23025574,0.022139318,-0.15086088,True,0.8266666666666667
265627.651562084,0,0.01668042,0.019708112,-0.007389128,-0.20345153,0.049347963,-0.080683365,True,0.84
265627.671562084,0,0.0060839504,0.02246783,0.001955986,-0.15980539,0.039009996,-0.025652356,True,0.8533333333333334
265627.691562084,0,0.009697631,0.034017835,-0.00025224686,-0.12980853,0.014285864,0.11282923,True,0.8666666666666667
265627.711562084,0,0.015270546,0.04428885,0.0009877682,-0.095721036,0.036913633,0.27910691,True,0.88
265627.731562084,20000000,0.015183225,0.026199076,0.00571239,-0.030181266,0.029793974,0.35475695,True,0.8933333333333333
265627.751562084,0,0.020523146,0.011166602,0.017513216,0.0320095,0.01265531,0.48112065,True,0.9066666666666666
265627.771562084,0,-0.011573613,-0.018928945,0.031159103,0.10646191,-0.050216235,0.43401965,True,0.92
265627.791562084,0,-0.008414611,-0.015233889,0.019600987,0.20002246,-0.08068878,0.36490637,True,0.9333333333333333
265627.811562084,0,-0.005491033,-0.009279951,0.010396361,0.23065075,-0.07681898,0.33198723,True,0.9466666666666667
265627.831562084,20000000,-0.0025323033,-0.0033368692,0.001154244,0.26127905,-0.07294917,0.2990681,True,0.96
265627.851562084,40000000,0.00046147406,0.0025949404,-0.008125186,0.29190734,-0.06907937,0.26614895,True,0.9733333333333334
265627.871562084,60000000,-0.0051914454,-0.00060450286,-0.0022317767,0.3080099,-0.06566169,0.26777342,True,0.9866666666666667
265627.891562084,0,-0.009903759,0.0053382143,-0.0022818446,0.3362037,-0.07008216,0.2848464,True,1.0
265627.911562084,0,-0.011080727,0.006789781,-0.006320238,0.30927557,-0.050788417,0.30705062,True,1.0
265627.931562084,0,-0.008200318,-0.00820104,-0.00091433525,0.29237196,-0.028128998,0.30172923,True,1.0
265627.951562084,20000000,-0.008576542,-0.025914557,0.004600525,0.29052445,-0.011036284,0.2787294,True,1.0
265627.971562084,0,-0.0126169175,-0.02382946,0.0045351386,0.2942326,-0.005676993,0.24458581,True,1.0
265627.991562084,0,-0.016192779,-0.022381008,-0.0014895797,0.2732034,0.018234033,0.1939258,True,1.0
265628.011562084,20000000,-0.017125607,-0.017564297,-0.008851945,0.24618788,0.013271252,0.15394375,True,1.0
265628.031562085,0,-0.009729713,-0.013125196,-0.013547778,0.19580688,0.034382463,0.13046895,True,1.0
265628.051562085,20000000,-0.0077371746,-0.019495368,-0.0071212053,0.14420846,0.049072623,0.086549774,True,1.0
265628.071562085,0,-0.009377345,-0.025273621,0.0010040402,0.09238548,0.04464189,0.04354818,True,1.0
265628.091562085,0,-0.013358355,-0.028969005,0.011813819,0.026208878,0.03478563,0.010180447,True,1.0
265628.111562085,20000000,-0.011660174,-0.029084504,0.012684047,-0.046308026,0.02080296,-0.048389662,True,1.0
265628.131562085,0,-0.016606793,-0.045068473,0.02753514,-0.09603834,-0.02584552,-0.14317206,True,1.0
265628.151562085,20000000,-0.021545753,-0.061052725,0.04238051,-0.14576866,-0.072494,-0.23795445,True,1.0
265628.171562085,40000000,-0.030202568,-0.066556126,0.04874277,-0.076802626,-0.22320583,-0.3453787,True,1.0
265628.191562085,0,-0.013169095,-0.036503598,0.019333363,0.027781568,-0.36199626,-0.43901637,True,1.0
265628.211562085,0,0.002396509,0.00928244,-0.0094486475,0.11311359,-0.34420976,-0.34121853,True,1.0
265628.231562085,0,-0.009766817,-0.0069657564,0.0047456026,0.23585771,-0.3573902,-0.16052133,True,1.0
265628.251562085,0,-0.0115816295,-0.01790762,0.008848608,0.41880322,-0.29915276,-0.105674535,True,1.0
265628.271562085,20000000,-0.008782774,0.007035151,-0.016788304,0.48970878,-0.30638903,-0.04752214,True,1.0
265628.291562085,0,-0.0054599196,0.0214777,-0.02238971,0.43361792,-0.23820287,-0.020039972,True,1.0
265628.311562085,20000000,-0.0021440685,0.035916746,-0.028094769,0.37752706,-0.17001669,0.007442195,True,1.0
265628.331562085,40000000,0.0123838335,0.04436475,-0.028276026,0.2547474,-0.124510445,0.040302932,True,1.0
265628.351562085,0,0.007139772,0.023587644,-0.020246983,0.06601372,0.016553037,0.05486613,True,1.0
265628.371562085,0,0.008096829,0.021829903,-0.020100772,-0.11407982,0.18176404,0.06551314,True,1.0
265628.391562085,20000000,0.006681606,0.015882164,-0.0026474,-0.27857798,0.21283308,0.016744994,True,1.0
265628.411562085,0,0.03242357,-0.0031321198,0.0044478774,-0.3506388,0.20346642,-0.06824295,True,1.0
265628.431562085,0,0.02693972,0.0010394454,0.013458192,-0.32912734,0.16813332,0.01948478,True,1.0
265628.451562085,20000000,0.021449119,0.005208552,0.022405922,-0.30761585,0.13280022,0.10721251,True,1.0
265628.471562085,40000000,0.016057357,-0.008761033,0.02406764,-0.28742272,0.11834379,0.14007688,True,1.0
265628.491562085,0,-0.0010322481,-0.024214208,0.022078753,-0.26414168,0.078237906,0.14685291,True,1.0
265628.511562085,0,0.026376173,-0.0061277896,-0.014074981,-0.2580252,0.122568846,0.12284851,True,1.0
265628.531562085,0,7.613003e-05,-0.0052274466,0.02172494,-0.23750854,0.031680062,0.1939165,True,1.0
265628.551562085,0,-0.0601459,-0.06421763,0.049454153,-0.24962,-0.017894626,0.120390765,True,1.0
265628.571562085,20000000,0.0024380088,-0.023564622,-0.02301383,-0.1783526,-0.046889268,0.0067577884,True,1.0
265628.591562085,0,0.0041564107,0.022863463,-0.036243618,-0.1708761,-0.096077204,-0.020824937,True,1.0
265628.611562085,20000000,-0.005912751,0.0048299283,-0.0062666535,-0.12085511,-0.14550361,-0.06212122,True,1.0
265628.631562085,0,0.0016660988,0.017198004,-0.020355761,-0.10619098,-0.11868766,-0.09844265,True,1.0
265628.651562085,0,0.0014739633,0.015262023,-0.02187109,-0.08661555,-0.11332291,-0.1129774,True,1.0
265628.671562085,20000000,-0.0012968928,0.014614888,-0.016773403,-0.08312822,-0.119570635,-0.099079154,True,1.0
265628.691562085,0,0.0046222806,0.006918341,-0.017427087,-0.087305136,-0.07305725,-0.09742769,True,1.0
265628.711562085,0,0.008350328,-0.011148721,-0.015111566,-0.09786095,-0.045972727,-0.1453085,True,1.0
265628.731562085,0,-0.008233294,-0.018167779,-0.0021291375,-0.10242311,-0.12385404,-0.20137762,True,1.0
265628.751562085,20000000,-0.024806902,-0.025184885,0.010845184,-0.10698527,-0.20173535,-0.25744674,True,1.0
265628.771562085,40000000,-0.011898369,-0.003980316,-0.002679646,-0.0039406046,-0.31554627,-0.16357192,True,1.0
265628.791562085,0,0.019656807,0.023741588,-0.03567022,0.0758695,-0.14954557,0.028096184,True,1.0
265628.811562085,20000000,0.00097231567,0.0106565505,-0.022944748,0.07444494,-0.12219986,0.062416337,True,1.0
265628.831562085,0,-0.0035308152,-0.011430129,-0.0064817667,0.20489919,-0.12904918,0.060674157,True,1.0
265628.851562085,0,-0.013129488,0.010597281,-0.026722968,0.20488016,-0.06545064,0.07932287,True,1.0
265628.871562085,20000000,-0.00611718,0.0008365959,-0.025426269,0.278297,-0.056507446,0.12007506,True,1.0
265628.891562085,0,-0.007537082,0.005678773,-0.03341514,0.38304365,0.0072373375,0.18513355,True,1.0
265628.911562085,20000000,-0.0014877766,0.028409429,-0.060243428,0.4469381,0.09211518,0.24541895,True,1.0
265628.931562085,0,0.0020582825,0.04953204,-0.0710426,0.4293489,0.20105787,0.27830926,True,1.0
265628.951562085,0,0.001966536,0.017698064,-0.05189401,0.48125535,0.2904905,0.31250966,True,1.0
265628.971562085,0,-0.013194129,-0.004849717,-0.02258426,0.47614762,0.3027718,0.33567718,True,1.0
265628.991562085,0,-0.00512518,-0.023272201,-0.00501287,0.42508185,0.29908854,0.2962245,True,1.0
265629.011562085,20000000,0.0047010034,-0.03859742,0.0062273145,0.23800306,0.32345712,0.123983756,True,1.0
265629.031562085,0,-0.007918656,-0.051863372,0.042768598,-0.0938326,0.34228474,-0.029485852,True,1.0
265629.051562085,20000000,-0.020529091,-0.06513342,0.0792529,-0.42566824,0.36111233,-0.18295547,True,1.0
265629.071562085,0,-0.01905559,-0.079070926,0.09547514,-0.7065295,0.26496676,-0.3429415,True,1.0
265629.091562085,0,-0.023957416,-0.09842488,0.12402791,-0.96547216,0.20852342,-0.50391936,True,1.0
265629.111562086,0,-0.03662452,-0.11268933,0.15986335,-1.1008319,0.08452432,-0.6508217,True,1.0
265629.131562086,0,-0.018513128,-0.09273577,0.10432416,-1.1605709,0.02008409,-0.8058401,True,1.0
265629.151562086,0,-0.028510377,-0.044234194,0.082665145,-1.1691681,-0.00019117817,-0.8629651,True,1.0
265629.171562086,20000000,-0.020606637,0.008098371,0.06363016,-1.2304729,0.022844417,-0.8127622,True,1.0
265629.19144925,0,-0.0051367846,0.055503756,0.059394084,-1.1340443,-0.07654455,-0.6193626,True,1.0
265629.21144925,20000000,0.004265502,0.043918226,0.02742958,-1.0525087,-0.119348764,-0.48961276,True,1.0
265629.23144925,0,0.028985187,0.04665251,-0.027332842,-0.99352527,-0.102513626,-0.42131594,True,1.0
265629.25144925,0,0.038966924,0.049884584,-0.062384486,-0.9939611,-0.044280577,-0.37744588,True,1.0
265629.27144925,0,0.033686608,0.05190125,-0.07839513,-1.0133741,0.030297365,-0.36605752,True,1.0
265629.29144925,20000000,0.03755428,0.039912075,-0.09933585,-1.0094919,0.14617047,-0.37816477,True,1.0
265629.31144925,0,0.017159253,0.043157756,-0.084605575,-0.98822993,0.24402666,-0.38536277,True,1.0
265629.33144925,20000000,-0.0030320287,0.046432532,-0.07036883,-0.9669679,0.34188288,-0.39256075,True,1.0
265629.35144925,40000000,-0.005202383,0.04508713,-0.050183058,-0.90688354,0.3620505,-0.39140904,True,1.0
265629.37144925,0,-0.0032376945,0.027825117,-0.023485422,-0.82726026,0.34422138,-0.3904697,True,1.0
265629.39144925,0,0.0049161315,0.024023354,-0.012042463,-0.710375,0.32151318,-0.29502523,True,1.0
265629.41144925,0,-0.0140168965,0.015231386,0.013805151,-0.49993873,0.2023054,-0.24684653,True,1.0
265629.43144925,0,-0.011801347,0.016115874,0.011018574,-0.3294719,0.1357342,-0.23805465,True,1.0
265629.45144925,20000000,-0.009549558,0.017005384,0.008184671,-0.15900502,0.069162995,-0.22926275,True,1.0
265629.47144925,0,-0.0025585145,0.0251908,-0.009452999,-0.064168274,0.05697214,-0.15584663,True,1.0
265629.49144925,20000000,-0.00084760785,0.03305839,-0.017028749,0.032496504,0.018955398,-0.09758757,True,1.0
265629.51144925,0,-0.020069614,0.019858599,-0.015250266,0.06770614,0.019419162,-0.063070565,True,1.0
265629.53144925,20000000,-0.020138055,0.022242516,-0.029772818,0.081917726,0.06040342,0.04521568,True,1.0
265629.55144925,0,-0.029307336,0.015680626,-0.02112925,0.09684165,0.071733,0.10438438,True,1.0
265629.57144925,0,-0.058129966,-0.0013468117,-0.043934345,0.08031267,0.1547541,0.09346485,True,1.0
265629.61144925,0,-0.050542817,-0.018394753,-0.01910466,0.084980875,0.09948467,-0.011779562,True,1.0
265629.63144925,20000000,-0.04949215,-0.016281992,-0.01741147,0.055819824,0.089652605,-0.09568546,True,1.0
265629.65144925,40000000,-0.04844317,-0.014170587,-0.015723169,0.026658773,0.07982054,-0.17959136,True,1.0
265629.67144925,0,-0.054027125,-0.007966563,-0.006780088,-0.03250871,0.05100386,-0.24709702,True,1.0
265629.691449251,20000000,-0.052800834,0.0029555857,-0.008548617,-0.1017017,0.02889709,-0.30435368,True,1.0
265629.711449251,0,-0.05298628,0.022792876,-0.0101848245,-0.1865381,0.0002932921,-0.3030331,True,1.0
265629.731449251,20000000,-0.047394305,0.032905936,-0.02754432,-0.26608548,-0.021215353,-0.2863097,True,1.0
265629.751449251,0,-0.03645894,0.050655976,-0.0484007,-0.23896542,-0.09094256,-0.3063879,True,1.0
265629.771449251,0,-0.012763023,0.07577905,-0.07499784,-0.24543715,-0.047677383,-0.19741596,True,1.0
265629.791449251,20000000,0.01320684,0.073370546,-0.09581655,-0.2998188,0.2040313,-0.05267982,True,1.0
265629.811449251,0,-0.0055503547,0.02247724,-0.041309297,-0.17691824,0.24585341,0.055840157,True,1.0
265629.831449251,0,0.0062452555,0.0031849742,-0.022992253,0.010810107,0.31897968,0.089866325,True,1.0
265629.851449251,0,0.0019363463,0.009596705,0.0033966303,0.19655731,0.32267654,0.12519616,True,1.0
265629.871449251,20000000,0.017947525,0.052874625,0.007364452,0.26418954,0.3327307,0.12980245,True,1.0
265629.891449251,0,0.02162236,0.052941054,0.038306892,0.26921558,0.32739264,0.17646322,True,1.0
265629.911449251,0,0.027292788,0.033003166,0.052494645,0.27821994,0.2721445,0.18850014,True,1.0
265629.931449251,20000000,0.03299439,0.013088927,0.06661755,0.2872243,0.21689636,0.20053706,True,1.0
265629.951449251,40000000,0.03872776,-0.006802067,0.08067554,0.29622862,0.1616482,0.21257398,True,1.0
265629.971449251,0,0.041292965,-0.000890851,0.06803113,0.28115198,0.12016856,0.23822516,True,1.0
265629.991449251,0,0.038881958,0.0017348081,0.07256192,0.2846757,0.081003115,0.24433981,True,1.0
265630.011449251,0,0.028646827,-0.010494068,0.08422053,0.30397215,0.052345265,0.27225983,True,1.0
265630.031449251,20000000,0.02565676,-0.014753073,0.06505239,0.36418098,0.011038169,0.28943783,True,1.0
265630.051449251,0,0.002676487,-0.011839151,0.06684959,0.47571492,-0.020244233,0.3361702,True,1.0
265630.071449251,0,-0.0018233061,-0.00947836,0.05523914,0.5478725,-0.065366775,0.36212307,True,1.0
265630.091449251,0,0.0047673285,-0.0072719753,0.03854865,0.60540885,0.011952177,0.41358352,True,1.0
265630.111449251,0,0.016537547,-0.00132633,0.010683835,0.6063115,-0.0023046304,0.46357724,True,1.0
265630.131449251,20000000,0.03016904,0.01019828,-0.012518227,0.5365475,-0.010649849,0.3974264,True,1.0
265630.151449251,0,0.009663373,0.013907246,-0.014582396,0.45326585,-0.06526011,0.32146087,True,1.0
265630.191449251,0,0.016159564,0.0098919645,-0.05660373,0.17932688,0.046841227,0.18844911,True,1.0
265630.211449251,0,0.01503697,0.020928346,-0.044130743,0.16655101,0.10792571,0.23523378,True,1.0
265630.231449251,20000000,0.013929158,0.031973563,-0.0316779,0.15377514,0.1690102,0.28201845,True,1.0
265630.251449251,40000000,0.012836248,0.04302752,-0.019245088,0.14099926,0.2300947,0.32880312,True,1.0
265630.271449251,60000000,-0.010486126,-0.016420223,0.007555604,0.20793864,0.18646666,0.21959096,True,1.0
265630.291449251,0,0.017773986,0.024572037,0.0039664507,0.27609026,0.114586905,0.15091588,True,1.0
265630.311449251,0,0.004716575,0.002750948,0.0064842105,0.30659026,-0.08431901,0.052244954,True,1.0
265630.331449251,20000000,-0.012535244,-0.0077841952,0.019827724,0.27847576,-0.16239148,-0.05472421,True,1.0
265630.351449251,0,-0.027249813,-0.025823468,0.02748543,0.2581117,-0.1683009,-0.08489764,True,1.0
265630.391449251,0,-0.012082964,-0.036984257,0.029060364,0.26232523,-0.202466,-0.028687557,True,1.0
265630.411449251,0,-0.0043080747,-0.029631011,0.022570431,0.22808802,-0.1342659,-0.0057901666,True,1.0
265630.431449251,20000000,0.0011565387,-0.019323647,0.027114213,0.17438789,-0.12727396,0.030076135,True,1.0
265630.451449251,0,0.017956853,-0.019977221,0.0158633,0.15402237,-0.100151025,-0.03421202,True,1.0
265630.471449251,0,0.0041564107,-0.018298078,0.03649187,0.116357595,-0.12494018,-0.021588754,True,1.0
265630.491449251,0,0.0036256313,-0.015023889,0.030013382,0.08754709,-0.13122818,0.008637518,True,1.0
265630.511449251,20000000,0.008520484,-0.01466548,0.018141866,0.11055097,-0.17307456,-0.010807391,True,1.0
265630.531449251,0,0.007336676,-0.0067048003,0.008354127,0.12937713,-0.19220543,-0.016737454,True,1.0
265630.551449251,20000000,0.006156504,0.0012610815,-0.0014545918,0.14820327,-0.21133631,-0.022667516,True,1.0
265630.571449251,40000000,0.00047767162,0.016216874,-0.013244867,0.15345089,-0.212886,-0.005026955,True,1.0
265630.591449251,0,-0.007781625,0.017194938,-0.02402836,0.17390557,-0.20632003,0.059259575,True,1.0
265630.611449251,0,-0.006671995,0.011637647,-0.02884841,0.19356015,-0.2037852,0.095133394,True,1.0
265630.631449251,0,-0.014628291,-0.0013074686,-0.021420956,0.18267912,-0.21527122,0.108586274,True,1.0
265630.651449251,20000000,-0.02004376,-0.0170715,-0.015655935,0.17559138,-0.21091835,0.11546078,True,1.0
265630.671449251,0,-0.03615983,-0.03140466,-0.018828034,0.22490507,-0.24680632,0.06318863,True,1.0
265630.691449251,0,-0.05115974,-0.036625646,-0.022784472,0.38084954,-0.4315167,-0.08401497,True,1.0
265630.711449251,0,-0.025267169,-0.015412787,-0.04759735,0.3991293,-0.3276177,0.14905941,True,1.0
265630.731449251,0,-0.022789985,-0.043769985,-0.031517327,0.52116245,-0.29260528,0.16185588,True,1.0
265630.751449251,20000000,-0.018474832,-0.04703969,-0.026940346,0.4086944,-0.14970607,0.17482081,True,1.0
265630.771449252,0,-0.03785701,-0.07212125,0.010483146,0.42467418,-0.13212383,0.1504854,True,1.0
265630.791449252,0,-0.036828145,-0.058567975,0.024107397,0.38376668,-0.09949972,0.13179,True,1.0
265630.811449252,0,-0.028324068,-0.07172459,0.030118942,0.34206006,-0.06760556,0.10839725,True,1.0
265630.831449252,0,-0.015361324,-0.034813285,0.011119604,0.2653349,0.029968493,0.12481582,True,1.0
265630.851449252,20000000,-0.0023836046,0.0020951703,-0.00791502,0.18860975,0.12754256,0.1412344,True,1.0
265630.871449252,40000000,0.011944011,-0.0014282838,-0.012745142,0.094061315,0.23437268,0.16369012,True,1.0
265630.891449252,0,-0.011842817,0.0028158128,0.0029186606,-0.016692758,0.2840571,0.20824718,True,1.0
265630.911449252,20000000,0.0045695603,-0.016569301,0.0015054941,-0.035576314,0.30353764,0.16083312,True,1.0
265630.931449252,0,-0.002257973,0.03018007,-0.0013016462,-0.14126503,0.3519024,0.22615385,True,1.0
265630.951449252,0,0.018924177,0.021144263,-0.0074438453,-0.116994396,0.3511888,0.27231848,True,1.0
265630.971449252,20000000,0.001684308,-0.029240653,0.013772786,-0.08349438,0.28949523,0.17013562,True,1.0
265630.991449252,0,0.046628505,0.05527152,0.0028594136,-0.035822976,0.28866392,0.37489915,True,1.0
265631.011449252,20000000,-0.004428327,0.016853042,0.012305081,0.050170008,0.0667624,0.31307223,True,1.0
265631.031449252,0,-0.015331596,-0.0026818365,0.016288757,0.082534134,0.006772049,0.24521235,True,1.0
265631.051449252,0,-0.00043943524,0.009467803,-0.00633955,0.09788593,0.032932423,0.2113796,True,1.0
265631.071449252,0,0.00393185,0.010534078,-0.0072820187,0.12827368,-0.0038003474,0.14348662,True,1.0
265631.091449252,0,-0.00018242002,-0.017883338,0.021086454,0.23544501,-0.061262593,0.19606054,True,1.0
265631.111449252,20000000,0.014944047,0.0103263855,-0.012420237,0.24737763,-0.010587335,0.20807683,True,1.0
265631.131449252,0,0.01734218,-0.00017045438,-0.0049965978,0.25442168,0.0046904627,0.20633662,True,1.0
265631.151449252,20000000,0.01976037,-0.010671414,0.00239712,0.26146573,0.019968262,0.2045964,True,1.0
265631.171449252,40000000,0.012265414,-0.0078043714,0.0062808394,0.23883328,0.020270294,0.22465776,True,1.0
265631.191449252,0,0.006887734,-0.009707719,0.006315291,0.16547799,0.028666217,0.22367154,True,1.0
265631.211449252,20000000,0.0064876676,-0.008217901,0.012944341,0.070012845,0.016638838,0.24139352,True,1.0
265631.231449252,0,-0.003478825,-0.024381816,0.018624544,-0.009395175,0.0054445025,0.25236055,True,1.0
265631.251449252,0,-0.0071799457,-0.041651785,0.025272787,-0.053832226,-0.030507443,0.17166477,True,1.0
265631.271449252,20000000,-0.00093635917,-0.062097862,0.021230578,-0.06390664,-0.026816798,0.053001635,True,1.0
265631.291449252,0,0.003413111,-0.05401139,0.014562488,-0.09753812,-0.018036507,-0.048476666,True,1.0
265631.311449252,0,0.0040597618,-0.04925938,0.014916956,-0.13419639,-0.035966933,-0.1779999,True,1.0
265631.331449252,0,-0.005790651,-0.046791658,0.027243674,-0.1358045,-0.07136449,-0.25894418,True,1.0
265631.351449252,0,-0.018995315,-0.050404787,0.020380497,-0.056526497,-0.17528124,-0.41760075,True,1.0
265631.371449252,20000000,-0.0023655295,-0.027295887,0.0059344172,0.08905193,-0.35893336,-0.496957,True,1.0
265631.391449252,0,0.03231436,0.022082955,-0.02419728,0.05264881,-0.23065417,-0.25328606,True,1.0
265631.411449252,20000000,0.0063985884,0.00080767274,0.00095939636,0.13596836,-0.21037625,-0.12681657,True,1.0
265631.431449252,0,0.010554999,0.013560623,-0.0044767857,0.13294977,-0.17019136,-0.08096119,True,1.0
265631.451449252,20000000,0.014708489,0.02632016,-0.009931564,0.12993118,-0.13000648,-0.035105813,True,1.0
265631.471449252,40000000,0.00613901,0.023700617,-8.612871e-05,0.12118506,-0.10691352,-0.022948071,True,1.0
265631.491449252,0,0.0066375285,-0.010995731,0.009635627,0.15281773,-0.10254936,-0.0041770395,True,1.0
265631.511449252,20000000,0.012552142,-0.006587848,0.0045453906,0.18644014,-0.0793582,0.005808779,True,1.0
265631.531449252,0,0.011806935,-0.021060258,0.011110306,0.21977735,-0.11493242,-0.0034866445,True,1.0
265631.551449252,0,0.018649489,-0.025848746,0.010480583,0.24867557,-0.09649981,-0.02238276,True,1.0
265631.571449252,0,0.01068069,-0.019213244,0.015566409,0.25728542,-0.04101514,0.06131991,True,1.0
265631.591449252,20000000,0.0027175695,-0.01258105,0.0206303,0.26589525,0.014469519,0.14502257,True,1.0
265631.611285458,0,0.009445971,0.004109942,0.0138357645,0.24871528,0.025960086,0.19497323,True,1.0
265631.631285458,0,-0.0008509606,-0.0016319305,0.013605118,0.16628084,0.015285786,0.20118643,True,1.0
265631.651285458,20000000,-0.0033218414,0.0031174421,0.00041294098,0.064406775,0.011133392,0.17930155,True,1.0
265631.671285458,0,-0.00091412663,-0.005727291,-0.0089249015,-0.012124509,0.044460967,0.12286313,True,1.0
265631.691285458,0,-0.0020332932,-0.0044845343,-0.020238876,-0.09027363,0.12274028,0.059291355,True,1.0
265631.711285458,0,-0.010082647,-0.035653263,-0.026480436,-0.07120857,0.18245298,-0.00073992833,True,1.0
265631.731285458,20000000,-0.018131882,-0.06680542,-0.03275788,-0.0521435,0.24216565,-0.06077121,True,1.0
265631.751285458,40000000,-0.026180834,-0.09794089,-0.03907132,-0.033078432,0.30187833,-0.12080249,True,1.0
265631.771285459,0,-0.057562202,-0.046023592,-0.05152297,-0.05757793,0.13115239,-0.12697428,True,1.0
265631.791285459,0,-0.016237393,-0.029202089,-0.031678617,0.037334226,0.042678922,-0.09794362,True,1.0
265631.811285459,20000000,-0.010250419,-0.019181728,-0.0042197704,0.09775664,-0.013145246,-0.1008362,True,1.0
265631.831285459,0,-0.008726567,-0.016622528,0.009189248,0.11027011,-0.041268747,-0.1054012,True,1.0
265631.851285459,0,-0.006661266,-0.031618178,0.014739573,0.0833955,-0.072131634,-0.13021922,True,1.0
265631.871285459,0,-0.012768477,-0.024769157,0.014842391,0.03850924,-0.11083039,-0.1108258,True,1.0
265631.891285459,0,-0.0020830631,-0.016358256,0.007396698,0.028624848,-0.11808868,-0.10720913,True,1.0
265631.911285459,20000000,0.0032379627,-0.029655963,0.0010668635,0.05115614,-0.09229758,-0.16195491,True,1.0
265631.931285459,0,0.014373064,-0.020739555,-0.006579578,0.058091667,-0.07986637,-0.17228417,True,1.0
265631.951285459,0,0.013051361,-0.01012215,0.0010141134,0.06552914,-0.0700179,-0.16077194,True,1.0
265631.971285459,20000000,0.012873381,-0.002599582,0.007114291,0.07872763,-0.0482036,-0.1457093,True,1.0
265631.991285459,0,0.012623876,0.0032952428,0.009008467,0.083572894,-0.037016194,-0.10930388,True,1.0
265632.011285459,0,0.011959195,-0.0009441376,0.011810541,0.061493985,-0.04482654,-0.081969984,True,1.0
265632.031285459,20000000,0.011294007,-0.005182758,0.014611006,0.039415076,-0.052636888,-0.054636087,True,1.0
265632.051285459,40000000,0.010628253,-0.009420544,0.01740992,0.017336166,-0.06044723,-0.027302189,True,1.0
265632.071285459,0,0.00803417,-0.009752482,0.01823771,-0.010321133,-0.07015792,-0.018198442,True,1.0
265632.091285459,20000000,-0.0036929697,-0.0035433322,0.02485615,-0.030587867,-0.096251786,0.016936257,True,1.0
265632.111285459,0,-0.004835695,0.00031617284,0.019753456,-0.05530773,-0.122192495,0.041830033,True,1.0
265632.131285459,0,-0.004909113,-0.0034362078,0.011148393,-0.09282537,-0.13708065,0.05757963,True,1.0
265632.151285459,0,-0.0070878416,-0.013829991,0.0062887073,-0.09665233,-0.14866011,0.056418147,True,1.0
265632.171285459,0,-0.025578469,-0.036495715,0.00555557,-0.05340302,-0.22973877,-0.050961543,True,1.0
265632.191285459,20000000,-0.018502757,-0.011083603,-0.0073646307,0.01610779,-0.33750904,-0.10453339,True,1.0
265632.211285459,0,-0.0022165328,-0.0028557628,-0.018788934,0.043137707,-0.28798017,-0.062337063,True,1.0
265632.231285459,0,0.0024231374,-0.014479712,-0.018461227,0.078084245,-0.25358096,-0.035672247,True,1.0
265632.251285459,0,0.001716882,-0.010959864,-0.014302075,0.060164347,-0.21872644,-0.011737589,True,1.0
265632.271285459,0,-0.0042662024,-0.016899183,-0.000844419,0.083864,-0.19156739,0.009901144,True,1.0
265632.291285459,0,-0.0052547455,-0.010542437,-0.0011125207,0.1225822,-0.17614162,0.029754892,True,1.0
265632.311285459,0,-0.007946059,-0.00867115,-0.005153775,0.1575882,-0.17207779,0.030171867,True,1.0
265632.331285459,20000000,-0.010633856,-0.006802514,-0.009219706,0.1925942,-0.16801396,0.030588843,True,1.0
265632.351285459,40000000,-0.013318226,-0.0049366057,-0.013310254,0.22760022,-0.16395013,0.031005818,True,1.0
265632.371285459,0,-0.004237592,0.0054510236,-0.023066163,0.25556526,-0.10698597,0.023010742,True,1.0
265632.391285459,0,-0.004774779,-0.009406865,-0.021286666,0.24742028,0.0010421351,0.06612633,True,1.0
265632.411285459,0,-0.013064861,-0.0065740794,-0.022246063,0.27257615,0.057044964,0.12520261,True,1.0
265632.431285459,20000000,-0.0033805221,-0.0027142167,-0.034317434,0.23232758,0.13410181,0.1510655,True,1.0
265632.451285459,0,-0.008267373,-0.0067108274,-0.021025002,0.14687881,0.18163013,0.17789504,True,1.0
265632.471285459,0,-0.0059750527,0.0072225183,-0.017630577,0.05287832,0.2640645,0.21107565,True,1.0
265632.491285459,0,0.009874254,0.000527665,-0.026297987,-0.007998183,0.3220914,0.3187589,True,1.0
265632.511285459,0,-0.0057599545,-0.013697863,-0.022910714,-0.05187252,0.35512364,0.22031921,True,1.0
265632.531285459,20000000,0.0197483,0.057088777,-0.015369296,-0.10183162,0.358943,0.20737651,True,1.0
265632.551285459,0,-0.013189554,0.0019679815,0.012111366,-0.097115934,0.14812034,0.15121053,True,1.0
265632.571285459,20000000,-0.031136498,-0.013835311,0.026226223,-0.079281986,0.05862643,0.054841332,True,1.0
265632.591285459,0,-0.016371772,-0.014053807,0.016887188,-0.08002888,0.0148422085,-0.07363435,True,1.0
265632.611285459,0,-0.014068484,-0.020596504,0.018798888,-0.013745531,-0.027977105,-0.117762156,True,1.0
265632.631285459,20000000,-0.011762634,-0.027137786,0.020710409,0.052537814,-0.070796415,-0.16188997,True,1.0
265632.651285459,40000000,-0.009454161,-0.033677638,0.022621632,0.11882116,-0.11361573,-0.20601776,True,1.0
265632.671285459,0,-0.010596931,-0.017080069,0.009000421,0.12644593,-0.10025817,-0.17996444,True,1.0
265632.691285459,20000000,-0.011393845,-0.019965366,0.0049594045,0.12625043,-0.097399056,-0.117556244,True,1.0
265632.711285459,0,-0.016326234,-0.005687192,-0.0029594898,0.04725141,-0.07861898,-0.06746201,True,1.0
265632.731285459,0,-0.01124686,-0.009135008,-0.010222554,0.0050811507,-0.029078063,-0.065227315,True,1.0
265632.751285459,0,-0.010608345,-0.011877522,-0.00916028,-0.0072560897,0.009391371,-0.06055362,True,1.0
265632.771285459,0,-0.002501592,-0.0125551075,-0.014075935,0.004980876,0.05567242,-0.07472556,True,1.0
265632.791285459,0,-0.0036080629,-0.010536268,-0.009008884,0.059321173,0.066306256,-0.08275586,True,1.0
265632.811285459,0,-0.0014865845,-0.0058154315,-0.009928703,0.112807676,0.06301253,-0.08439133,True,1.0
265632.83128546,20000000,0.00022292137,-0.008498192,-0.007985711,0.17629974,0.059406947,-0.086264886,True,1.0
265632.85128546,0,0.0023214817,0.0034074187,-0.012004852,0.2238418,0.062123105,-0.078254886,True,1.0
265632.87128546,20000000,0.0016153753,0.0102247,-0.016050458,0.25174308,0.07173059,-0.07322357,True,1.0
265632.89128546,0,-0.023514688,-0.011153385,-0.009471178,0.32039058,-0.034495234,-0.24263847,True,1.0
265632.93128546,0,0.008576512,0.023765102,-0.039034188,0.44232857,0.020177994,-0.06963254,True,1.0
265632.95128546,20000000,0.025165528,0.0332039,-0.059326887,0.49254104,0.09942886,-0.0059108734,True,1.0
265632.97128546,40000000,0.004803881,0.039462373,-0.05101031,0.41041198,0.18573594,0.021952648,True,1.0
265632.99128546,0,-0.01191549,0.016152471,-0.027195454,0.5738612,0.23093516,0.06618881,True,1.0
265633.01128546,0,0.0008716285,0.044563323,-0.050827563,0.63876104,0.29254004,0.11312945,True,1.0
265633.03128546,20000000,0.0027315468,0.061307207,-0.051995516,0.6378381,0.32970744,0.15079322,True,1.0
265633.05128546,0,0.0034706295,0.05459103,-0.036690235,0.6685574,0.3290756,0.16802242,True,1.0
265633.07128546,20000000,0.0056494176,0.06303257,-0.02799958,0.7160343,0.2959956,0.20774712,True,1.0
265633.09128546,0,0.0032465756,0.06798634,-0.020569324,0.74452245,0.27945083,0.28448343,True,1.0
265633.11128546,0,0.0053676367,0.05036798,-0.014068186,0.89539707,0.2939212,0.4236583,True,1.0
265633.13128546,0,0.022325248,0.035861135,-0.02877593,1.1326257,0.35193238,0.57519746,True,1.0
265633.15128546,20000000,0.018665463,0.039553136,-0.028631032,1.3355664,0.4176134,0.682192,True,1.0
265633.17128546,0,0.006212443,0.045963913,-0.0051338673,1.5057694,0.36029178,0.67900807,True,1.0
265633.19128546,0,-0.020785376,0.011974692,0.052419007,1.6162442,0.20257193,0.62127155,True,1.0
265633.21128546,20000000,0.0020060241,-0.011972338,0.03341925,1.5542972,0.08757988,0.47235623,True,1.0
265633.23128546,0,0.032653093,-0.00533551,-0.0074505806,1.431842,0.104983374,0.23664893,True,1.0
265633.25128546,20000000,0.06339148,0.00082588196,-0.049147367,1.3093866,0.12238686,0.0009416491,True,1.0
265633.27128546,40000000,0.016979918,0.020175219,-0.017949581,1.2241956,-0.09149757,0.032492578,True,1.0
265633.29128546,0,0.03362328,0.050385296,-0.046527505,1.1712987,-0.17133474,0.11834699,True,1.0
265633.31128546,0,0.049920768,0.098383725,-0.055418193,1.1528741,-0.061242968,0.2936303,True,1.0
265633.33128546,0,0.08096565,0.12908998,-0.07880515,1.1246443,0.1966132,0.4817226,True,1.0
265633.35128546,0,0.07665396,0.11720073,-0.059985936,1.0344617,0.44948837,0.6687584,True,1.0
265633.37128546,20000000,0.046512574,0.05747819,-0.011069477,0.8860065,0.8545355,0.76799524,True,1.0
265633.39128546,0,0.03924282,-0.007552922,0.018935144,0.8055718,0.7680968,0.7519086,True,1.0
265633.41128546,0,0.0048185885,0.0076017976,0.05336553,0.5626529,0.8026371,0.72694856,True,1.0
265633.43128546,20000000,-0.026557967,0.0152186155,0.094622254,0.21973768,1.1014163,0.9569866,True,1.0
265633.45128546,0,-0.040195093,-0.04469663,0.11133337,0.24350162,0.5651178,0.73012894,True,1.0
265633.47128546,0,-0.07060808,-0.06755823,0.12508959,-0.09840275,0.5450155,0.7251773,True,1.0
265633.49128546,0,-0.052500665,-0.09702963,0.08570659,-0.2510115,0.36350185,0.54946625,True,1.0
265633.51128546,20000000,-0.059524685,-0.04126233,0.07478714,-0.5112844,0.22926421,0.4565248,True,1.0
265633.53128546,0,-0.054418266,-0.041226268,0.052584052,-0.7410829,0.1903973,0.3094855,True,1.0
265633.55128546,20000000,-0.04941182,-0.041329563,0.03025341,-0.97088134,0.1515304,0.16244623,True,1.0
265633.57128546,40000000,-0.036431924,-0.037971616,0.0189479,-1.1943102,0.14621925,-0.008345321,True,1.0
265633.59128546,0,-0.01420103,-0.01058656,0.019018471,-1.3971318,0.18067925,-0.09425897,True,1.0
265633.61128546,0,-0.032896966,0.003857851,0.020576835,-1.6147639,0.21081506,-0.103149906,True,1.0
265633.63128546,0,-0.05793442,-0.013166249,0.019532025,-1.886633,0.15147555,-0.043604292,True,1.0
265633.65128546,0,-0.050561443,0.0007801056,-0.017051578,-2.1788988,0.25443777,-0.016938321,True,1.0
265633.67128546,20000000,-0.016385987,0.0036312342,-0.009839296,-2.4320335,0.29734233,-0.06670294,True,1.0
265633.69128546,0,-0.0007240772,-0.0063464046,0.0007852912,-2.6344113,0.430934,-0.10425538,True,1.0
265633.71128546,20000000,-0.011672407,-0.050092608,0.00967598,-2.6592848,0.59506804,-0.10124177,True,1.0
265633.73128546,0,-0.051921397,-0.033937603,0.043881953,-2.5496821,0.6157487,-0.037230007,True,1.0
265633.75128546,0,-0.069452435,-0.029835552,0.064765275,-2.3707192,0.57088757,0.0798171,True,1.0
265633.79128546,0,-0.047251463,-0.07723573,0.002119422,-1.7915719,0.41338903,-0.00821954,True,1.0
265633.81128546,20000000,0.01121062,-0.123178214,-0.054680288,-1.3132086,0.47471425,0.13163911,True,1.0
265633.83128546,0,-0.008042365,-0.05770038,-0.03950894,-0.9620604,0.3969591,0.12143539,True,1.0
265633.85128546,20000000,-0.027352065,0.0077623874,-0.02473414,-0.6109122,0.31920397,0.11123167,True,1.0
265633.87128546,40000000,-0.00038960576,-0.002628237,-0.0594216,-0.12818679,0.18117853,0.11254414,True,1.0
265633.891285461,0,0.0023693442,0.03684716,-0.07902205,0.25738674,0.12479277,0.13438326,True,1.0
265633.911285461,20000000,-4.515052e-05,0.05622661,-0.071670234,0.516232,0.038760632,0.08486183,True,1.0
265633.931285461,0,0.0011893809,0.011780873,-0.042406082,0.7418593,-0.010891896,0.0070704445,True,1.0
265633.951285461,0,0.002992481,0.019989237,-0.033581197,0.91530246,-0.012351335,0.007353906,True,1.0
265633.971285461,0,0.005571127,0.030165762,-0.028529346,0.96226263,-0.07176592,-0.04490148,True,1.0
265633.991285461,20000000,0.008111358,0.040248558,-0.02385676,1.0092229,-0.1311805,-0.09715685,True,1.0
265634.011165708,0,0.0010130561,-0.026564507,0.015470792,1.0469471,-0.20035768,-0.31888682,True,1.0
265634.031165708,0,-0.0028406084,-0.019347519,0.012533069,0.9143312,-0.19418083,-0.3988061,True,1.0
265634.051165708,20000000,-0.008867532,-0.04906735,0.031897843,0.8035418,-0.24166936,-0.52298826,True,1.0
265634.071165708,0,-0.009938985,-0.06518307,0.036845148,0.65494186,-0.2508459,-0.69141245,True,1.0
265634.091165708,20000000,-0.033120334,-0.06078911,0.061946988,0.49376813,-0.32116157,-0.83189946,True,1.0
265634.111165708,0,-0.039500147,-0.08476749,0.073702276,0.45371437,-0.4183293,-1.0090108,True,1.0
265634.131165708,20000000,-0.04589066,-0.108739495,0.08545083,0.41366062,-0.5154971,-1.1861222,True,1.0
265634.151165708,40000000,-0.03996542,-0.06579679,0.06269914,0.34198695,-0.50709635,-1.2115431,True,1.0
265634.171165709,0,-0.028732061,-0.0140782595,0.024883628,0.26957247,-0.427777,-1.1541944,True,1.0
265634.191165709,0,-0.013918817,0.027880192,0.003943324,0.19369747,-0.37602586,-0.9875001,True,1.0
265634.211165709,0,0.010566026,0.07050359,-0.028761208,0.097385086,-0.26197335,-0.7531971,True,1.0
265634.231165709,0,0.021001428,0.091557726,-0.04866928,0.012163088,-0.118446946,-0.48441774,True,1.0
265634.251165709,20000000,0.03146389,0.11260168,-0.06857544,-0.07305892,0.025079474,-0.2156384,True,1.0
265634.271165709,0,0.012306184,0.087688684,-0.06324679,-0.11121611,0.08840557,-0.06478977,True,1.0
265634.291165709,20000000,0.019347101,0.07136415,-0.059534192,-0.0916342,0.12185845,0.12601797,True,1.0
265634.311165709,0,0.016107261,0.053365678,-0.04584819,-0.035490926,0.19312781,0.31388634,True,1.0
265634.331165709,20000000,0.012885034,0.035375953,-0.032165766,0.020652343,0.2643972,0.5017547,True,1.0
265634.351165709,40000000,0.0065524876,0.02075532,-0.01641184,0.080448866,0.27515927,0.61185366,True,1.0
265634.371165709,0,0.0037643611,-0.001855731,-0.0045248866,0.1598101,0.28265482,0.6363095,True,1.0
265634.391165709,0,0.0011012256,-0.0078089535,0.0043222904,0.23319235,0.27143884,0.60892236,True,1.0
265634.411165709,20000000,0.0012089014,-0.026526958,0.012819886,0.31353447,0.25555977,0.53515816,True,1.0
265634.431165709,0,0.0050776005,-0.037201464,0.021461546,0.40564802,0.22754747,0.49279296,True,1.0
265634.451165709,20000000,0.0090636015,-0.047908038,0.030028224,0.4977616,0.19953515,0.45042777,True,1.0
265634.471165709,0,0.01319176,-0.038110852,0.024971724,0.55575854,0.182285,0.37900877,True,1.0
265634.491165709,20000000,0.0050629973,-0.036105156,0.03223574,0.55994487,0.14934692,0.3294289,True,1.0
265634.511165709,0,0.0056701005,-0.04968518,0.040752828,0.5971937,0.09930025,0.26363155,True,1.0
265634.531165709,0,0.0032640696,-0.030172914,0.04125333,0.5995013,0.03436809,0.22668053,True,1.0
265634.551165709,0,0.018815756,-0.020110011,0.037196398,0.54995847,0.02599335,0.20642537,True,1.0
265634.571165709,0,0.031020403,-0.0017675459,0.020408452,0.45596156,0.05153869,0.17068456,True,1.0
265634.591165709,0,0.03309983,0.009722918,0.0108680725,0.32409704,0.074704506,0.13261336,True,1.0
265634.611165709,0,0.022191107,0.018574476,0.016825974,0.16631639,0.026238374,0.11653124,True,1.0
265634.631165709,20000000,0.022621721,0.017294377,0.011493206,0.013058752,-0.0036181528,0.086415455,True,1.0
265634.651165709,0,0.032482743,-0.0038055778,-0.0024827719,-0.13675094,0.08736156,0.056264386,True,1.0
265634.671165709,0,0.0008262694,-0.00033694506,0.007989109,-0.20393243,0.13890712,0.06515275,True,1.0
265634.691165709,0,0.01063934,-0.0056854486,-0.014128983,-0.2331159,0.15911925,0.06548381,True,1.0
265634.711165709,0,0.008936554,-0.0053226054,-0.011149645,-0.25991952,0.211988,0.08646262,True,1.0
265634.731165709,20000000,0.0072238445,-0.004959941,-0.008200109,-0.28672317,0.26485676,0.107441425,True,1.0
265634.751165709,40000000,0.005501181,-0.0045971274,-0.0052804947,-0.3135268,0.3177255,0.12842023,True,1.0
265634.771165709,0,0.00054204464,-0.0069630146,0.0050117373,-0.3052451,0.2638968,0.18468522,True,1.0
265634.791165709,0,-0.009534806,0.019295812,0.014139712,-0.2707784,0.27033553,0.21243846,True,1.0
265634.811165709,0,0.016676426,0.011366874,0.0077020526,-0.17978898,0.2462736,0.22911704,True,1.0
265634.831165709,20000000,0.012184918,0.015383303,0.017376244,-0.14155623,0.22439624,0.32595927,True,1.0
265634.851165709,0,-0.00736776,0.013137221,0.0058267117,-0.16925508,0.19791281,0.44563654,True,1.0
265634.871165709,0,-0.005003631,0.004412949,0.032445908,-0.08636157,0.010739818,0.3550058,True,1.0
265634.891165709,0,-0.007366389,-0.014496833,0.039158583,-0.07885207,-0.06437598,0.278193,True,1.0
265634.911165709,0,-0.009254992,-0.02594313,0.027911782,-0.087357104,-0.09846088,0.21416661,True,1.0
265634.931165709,20000000,-0.016712576,-0.029871821,0.01820314,-0.089108884,-0.14009905,0.1783094,True,1.0
265634.951165709,0,-0.014336407,-0.038090676,-0.0023158789,-0.08267448,-0.16730033,0.1313214,True,1.0
265634.971165709,20000000,-0.014878362,-0.03701642,-0.016610026,-0.07703898,-0.16199967,0.0710962,True,1.0
265634.991165709,0,-0.017409474,-0.036761373,-0.024046183,-0.031651866,-0.14861098,0.026424754,True,1.0
265635.011165709,0,-0.013947457,-0.025106639,-0.023455799,0.080581754,-0.16044226,-0.0345285,True,1.0
265635.031165709,20000000,-0.01049003,-0.013450354,-0.022877693,0.1928154,-0.17227353,-0.09548175,True,1.0
265635.091165709,0,-0.01676014,-0.013383418,0.012343466,0.43493336,-0.11318562,-0.085548475,True,1.0
265635.111165709,0,0.003913969,-0.019757837,-0.0021796227,0.3621263,-0.09633799,-0.11137374,True,1.0
265635.131165709,0,-0.015420914,-0.017474353,0.02024597,0.32717827,-0.047943976,-0.14144517,True,1.0
265635.151165709,0,-0.027056664,-0.00393489,0.021454751,0.2596355,-0.045569826,-0.13737111,True,1.0
265635.171165709,20000000,-0.025406063,-0.0045982897,0.02345258,0.18453662,-0.061324134,-0.10684993,True,1.0
265635.191165709,0,-0.015191197,-0.00219509,0.021729171,0.11517641,-0.0411739,-0.107437156,True,1.0
265635.231165709,0,-0.0013678968,0.0065229535,0.0012522936,-0.07789666,0.16300628,-0.07616323,True,1.0
265635.25116571,0,-0.0024955869,-0.0021912456,0.0041112304,-0.1559937,0.26233417,-0.051128857,True,1.0
265635.27116571,20000000,0.009544015,0.012818158,-0.003530085,-0.2845052,0.21706872,-0.039797336,True,1.0
265635.29116571,0,-0.00047805905,-0.009415656,0.013988316,-0.34938473,0.27888927,0.010242529,True,1.0
265635.31116571,20000000,-0.0032887459,0.004198611,0.011223912,-0.28831586,0.2094386,0.12908706,True,1.0
265635.33116571,0,0.010584086,-0.004085958,-0.009007871,-0.23056193,0.2514056,0.14082392,True,1.0
265635.35116571,20000000,0.024438858,-0.012365699,-0.029263198,-0.17280799,0.29337257,0.15256077,True,1.0
265635.37116571,40000000,-0.033088923,-0.028735787,0.023420274,-0.1270032,-0.047244072,0.082416035,True,1.0
265635.39116571,0,-0.028927714,-0.0029551685,0.013499439,-0.08664481,-0.14585014,0.030861184,True,1.0
265635.41116571,0,-0.009581834,0.0037169755,0.020412028,-0.035133705,-0.2574633,-0.038868956,True,1.0
265635.43116571,0,-0.02106759,-0.008028388,0.04306066,-0.054243684,-0.28461042,-0.03430974,True,1.0
265635.45116571,0,-0.0017922521,-0.008847415,0.014941335,-0.032259986,-0.1616421,-0.026236456,True,1.0
265635.47116571,20000000,-0.0035855174,0.010245085,0.0070452094,0.0009856559,-0.11526329,0.06292792,True,1.0
265635.49116571,0,-0.0018639266,0.013168573,0.0007266998,-0.0051431027,-0.08249936,0.08207105,True,1.0
265635.51116571,20000000,0.0051092505,0.0037629902,-0.005134821,-0.025007794,-0.042935356,0.09218523,True,1.0
265635.53116571,0,0.0042852163,0.0026981235,-0.010802209,-0.0651512,-0.015405033,0.106277965,True,1.0
265635.55116571,0,0.008259892,-0.0060198307,-0.016949892,-0.078706294,0.014537163,0.08127094,True,1.0
265635.57116571,20000000,-0.0040816367,-0.0027252734,-0.007227361,-0.08096094,0.013147551,0.03145509,True,1.0
265635.59116571,0,-0.01586321,-0.009438217,-0.0009827018,-0.08822767,-0.034283724,-0.052582692,True,1.0
265635.61116571,0,-0.013917536,0.0016503632,0.0022813678,-0.005837925,-0.10485087,-0.0054171123,True,1.0
265635.63116571,20000000,-0.011964828,0.012743205,0.005540371,0.076551825,-0.17541802,0.04174847,True,1.0
265635.65116571,0,-0.016145289,0.03259644,0.01550895,0.20325887,-0.18316959,0.12922764,True,1.0
265635.67116571,20000000,0.0037546456,-0.033468038,0.0034195185,0.16997096,-0.1865125,0.06843541,True,1.0
265635.69116571,0,0.015950173,-0.030591577,0.009691179,0.11757988,-0.14380845,-0.036223307,True,1.0
265635.71116571,20000000,-0.0059077144,-0.030343562,0.019956946,0.074007004,-0.22193116,-0.081919126,True,1.0
265635.73116571,0,0.0074252486,-0.020767123,0.007344067,0.075978406,-0.24946162,-0.16027862,True,1.0
265635.75116571,0,0.014760524,-0.006922722,-0.003563404,-0.013221361,-0.19986412,-0.20448267,True,1.0
265635.77116571,20000000,0.0026818812,-0.006535381,-0.004412234,-0.1065941,-0.116855554,-0.18952191,True,1.0
265635.79116571,0,0.0033670068,0.0077667832,-0.0048154593,-0.08080858,-0.058751505,-0.1591992,True,1.0
265635.81116571,0,-0.0052312016,0.007552892,0.0007287264,-0.016780958,0.014355037,-0.08030378,True,1.0
265635.83116571,0,0.0015633702,0.0035280585,-0.010450423,-0.02384829,0.07021482,0.009644948,True,1.0
265635.85116571,0,-0.00039088726,0.03022334,-0.015518427,-0.040491156,0.10353464,0.06067662,True,1.0
265635.87116571,0,-0.00034993887,0.0016617775,-0.012959361,-0.07767446,0.14741804,0.081172034,True,1.0
265635.89116571,20000000,-0.015154332,0.0132140815,-0.0056892633,-0.11954352,0.21416828,0.11250435,True,1.0
265635.91116571,0,-0.0125511885,-0.01715359,0.00026357174,-0.1481106,0.2839059,0.10207317,True,1.0
265635.93116571,0,-0.0046038926,-0.016017586,-0.0004593134,-0.14978,0.28039208,0.06056294,True,1.0
265635.95116571,20000000,0.0033420622,-0.014873117,-0.001209259,-0.15144941,0.27687824,0.019052703,True,1.0
265635.97116571,40000000,0.024317086,0.0030710697,0.0014324188,-0.19288886,0.31366232,0.15969104,True,1.0
265635.99116571,0,0.035042673,0.031983733,0.018623829,-0.13355823,0.30316642,0.38048795,True,1.0
265636.01116571,0,-0.07725993,-0.031544685,0.103167355,0.04499869,-0.03636062,0.080509305,True,1.0
265636.03116571,0,0.010975599,0.00086820126,-0.006611645,-0.059776627,-0.04790168,0.049875014,True,1.0
265636.05116571,0,0.005376935,-0.015462041,0.020439804,-0.052546993,-0.10493489,0.024751214,True,1.0
265636.07116571,20000000,0.007487178,-0.013732642,0.014483511,-0.0808568,-0.08492023,-0.027611056,True,1.0
265636.09116571,0,-0.004197359,0.0048162043,0.009828031,-0.11906674,-0.103719875,-0.011323065,True,1.0
265636.11116571,0,-0.009616464,0.020000309,-0.0008201599,-0.16476503,-0.10361304,0.01801094,True,1.0
265636.13116571,0,-0.0013519228,0.019868612,-0.01189214,-0.21624663,-0.09322427,0.038586058,True,1.0
265636.15116571,20000000,-0.0007611811,0.005185157,-0.0070275664,-0.23883587,-0.08752976,-0.03583943,True,1.0
265636.17116571,0,-0.011825174,0.011036485,0.010093212,-0.17322351,-0.24289638,-0.13130426,True,1.0
265636.19116571,20000000,0.008427471,0.009199232,0.008848548,-0.0569676,-0.22517765,-0.07189661,True,1.0
265636.21116571,0,0.018926471,0.053984135,-0.014441907,-0.12028535,-0.12795597,0.14664242,True,1.0
265636.23116571,0,0.006975293,0.007519394,-0.0009786487,-0.090430774,-0.14766905,0.16146618,True,1.0
265636.25116571,20000000,-0.004973829,-0.038964838,0.012470901,-0.0605762,-0.16738212,0.17628995,True,1.0
265636.27116571,40000000,0.0068977773,-0.024804354,-0.016159296,-0.01330594,-0.11339626,0.13274612,True,1.0
265636.29116571,0,0.0009958148,-0.052594185,0.00021004677,0.0031119566,-0.10070842,0.101608016,True,1.0
265636.311165711,20000000,-0.015100867,-0.033115625,0.002021253,0.047654785,-0.07222116,0.064968154,True,1.0
265636.331165711,0,-0.009811223,-0.036729068,-0.008618951,0.086678214,0.03072203,0.029029276,True,1.0
265636.351165711,0,-0.0018666983,-0.021998882,-0.01385355,0.07128766,0.17645252,0.063506454,True,1.0
265636.37108225,0,0.002896568,-0.05120154,0.005098451,0.14673139,0.19855979,-0.0069658076,True,1.0
265636.39108225,20000000,-0.0025289357,-0.020751774,-0.0021810532,0.012784228,0.23664409,-0.010386158,True,1.0
265636.41108225,0,-0.0045741796,-0.0043347776,-0.007181883,-0.106068596,0.26267293,-0.0020315722,True,1.0
265636.43108225,20000000,-0.008199334,0.01319021,-0.010168135,-0.22577587,0.30545992,0.019031754,True,1.0
265636.45108225,0,-0.004677832,0.013744205,-0.008630395,-0.28112844,0.3104572,0.032233637,True,1.0
265636.47108225,20000000,-0.0029410124,0.022597045,-0.0036290288,-0.35382128,0.35938302,0.09543674,True,1.0
265636.49108225,0,0.018233657,0.02841723,-0.019758642,-0.3811162,0.46960145,0.29124856,True,1.0
265636.51108225,0,-0.0037374198,0.009728402,0.005395651,-0.27092016,0.25845826,0.1982533,True,1.0
265636.53108225,20000000,-0.025719732,-0.0089503825,0.030513763,-0.1607241,0.04731503,0.10525805,True,1.0
265636.55108225,0,-0.017347425,-0.009720534,0.021583676,-0.1131064,0.006109923,0.027256444,True,1.0
265636.57108225,20000000,-0.008975834,-0.010491729,0.012650609,-0.065488696,-0.03509518,-0.050745152,True,1.0
265636.59108225,40000000,-0.012555391,-0.016388923,0.013020217,-0.061432797,-0.08304323,-0.091684215,True,1.0
265636.61108225,0,-0.023619622,-0.029943585,0.021176219,-0.06951359,-0.12017107,-0.14527296,True,1.0
265636.63108225,0,-0.024346441,-0.021615654,0.017415762,-0.08097434,-0.13780458,-0.16392118,True,1.0
265636.65108225,20000000,-0.02505827,-0.013286442,0.013647139,-0.092435084,-0.1554381,-0.1825694,True,1.0
265636.67108225,0,-0.021615565,0.0049708486,0.007995963,-0.11237018,-0.17760436,-0.16584428,True,1.0
265636.69108225,20000000,-0.023300052,-0.008137971,-0.014407337,-0.09324517,-0.10800781,-0.16822563,True,1.0
265636.71108225,0,-0.009144902,-0.00073960423,-0.01672411,-0.040133197,-0.09931933,-0.1319428,True,1.0
265636.73108225,0,-0.005630642,0.009174645,-0.015209794,-0.043446112,-0.0693071,-0.061763965,True,1.0
265636.75108225,20000000,-0.0021145642,0.019088984,-0.013697445,-0.046759024,-0.03929486,0.008414865,True,1.0
265636.77108225,0,-0.0060446262,0.0047780275,-0.00068342686,-0.037462883,-0.0076973103,0.058915466,True,1.0
265636.79108225,0,-0.003266573,0.010333538,-0.004639089,-0.034042083,0.0061660632,0.08566472,True,1.0
265636.81108225,0,-0.0037234426,0.0042170584,-0.0023444295,-0.026372211,-0.0011901357,0.085296705,True,1.0
265636.83108225,20000000,-0.0041797757,-0.0019009411,-4.976988e-05,-0.018702341,-0.008546335,0.08492869,True,1.0
265636.85108225,40000000,-0.0046357214,-0.008020312,0.0022448301,-0.0110324705,-0.015902532,0.084560685,True,1.0
265636.87108225,60000000,-0.005582541,-0.013752669,0.0017386079,0.018136293,-0.020440174,0.08137336,True,1.0
265636.891082251,0,-0.0032063425,-0.0078099966,-0.0051594377,0.04165546,-0.00797572,0.06672108,True,1.0
265636.911082251,0,-0.0070725977,-0.0047899485,-0.0062074065,0.047516864,-0.0042599794,0.0486141,True,1.0
265636.931082251,0,-0.013339907,-0.008545905,-0.0071151853,0.047511972,-0.010810833,0.0050053336,True,1.0
265636.951082251,0,-0.022947967,-0.020744205,-0.0052497387,0.06806115,-0.055263974,-0.083655745,True,1.0
265636.971082251,20000000,-0.008952796,-0.020393878,-0.012347639,0.12104358,-0.091649376,-0.15519767,True,1.0
265636.991082251,0,-0.00290066,-0.011471033,-0.008987546,0.20319462,-0.09027701,-0.16317756,True,1.0
265637.011082251,0,0.0021861792,0.0167405,-0.0027250648,0.21119754,-0.058095086,-0.051845513,True,1.0
265637.031082251,0,0.00040078163,-0.008890808,0.013390422,0.25377604,-0.047409423,0.022657074,True,1.0
265637.051082251,0,-0.00640738,-0.009594172,0.018340528,0.24466687,-0.042430922,0.092317894,True,1.0
265637.071082251,20000000,-0.011942297,-0.016258419,0.027290583,0.23956656,-0.0620407,0.064929694,True,1.0
265637.091082251,0,0.012280315,0.003041327,0.005125165,0.17136875,0.008503497,0.03287905,True,1.0
265637.111082251,0,0.0023961365,0.010929465,0.0059090257,0.06559962,0.045707684,0.03876504,True,1.0
265637.131082251,20000000,-0.0074870884,0.018817842,0.0066918135,-0.040169507,0.082911864,0.044651028,True,1.0
265637.151082251,40000000,-0.01736927,0.026706427,0.007473409,-0.14593863,0.120116055,0.050537016,True,1.0
265637.171082251,0,-0.0035455823,0.013053,-0.004994273,-0.2664751,0.21789946,0.0393811,True,1.0
265637.191082251,0,0.010054469,0.0062096715,-0.019240737,-0.35783544,0.28010747,0.18406256,True,1.0
265637.211082251,0,0.04557696,0.0045104623,-0.062319875,-0.31230992,0.4732617,0.3799259,True,1.0
265637.231082251,20000000,-0.06518108,0.023109645,0.076013744,-0.12887602,0.039925367,0.2620823,True,1.0
265637.251082251,0,-0.032547295,-0.010916114,0.04819882,-0.119262144,-0.10225353,0.12771453,True,1.0
265637.271082251,0,-0.006597817,-0.04112351,0.028184056,-0.040997654,-0.17977393,0.016433872,True,1.0
265637.291082251,0,0.0020143092,-0.030252546,0.0048270226,0.06126552,-0.21380225,-0.14684561,True,1.0
265637.311082251,0,0.028979868,-0.034422517,-0.010950327,0.17849527,-0.18582708,-0.26737136,True,1.0
265637.331082251,0,0.008952975,-0.010453254,-0.0071401596,0.16966975,-0.24670362,-0.17797244,True,1.0
265637.351082251,0,0.004619628,0.012611181,-0.01249969,0.14211519,-0.24062344,-0.08352422,True,1.0
265637.371082251,20000000,0.0035556853,0.016912341,-0.0146451,0.12024446,-0.19501956,-0.003574796,True,1.0
265637.391082251,0,0.0077559054,0.015600443,-0.02480334,0.09482076,-0.13170964,0.047712874,True,1.0
265637.411082251,20000000,0.0052317083,0.009038031,-0.024392784,0.07213804,-0.068728395,0.08215071,True,1.0
265637.431082251,0,0.0028761625,-0.00039088726,-0.019791365,0.050017625,-0.0107616,0.07457032,True,1.0
265637.451082251,20000000,0.00052288175,-0.009821087,-0.015191078,0.027897207,0.047205195,0.06698993,True,1.0
265637.471082251,40000000,-0.003351003,-0.01737535,-0.007909596,0.0031929482,0.07825629,0.04032202,True,1.0
265637.491082251,0,-0.010011733,-0.032052904,0.002203524,-0.011247296,0.070342824,-0.03652881,True,1.0
265637.511082251,0,-0.029799312,-0.044285923,0.034136593,0.012638627,-0.054546982,-0.17576629,True,1.0
265637.531082251,20000000,-0.015720725,-0.045884192,0.024306536,0.03360503,-0.11643596,-0.22203766,True,1.0
265637.551082251,0,-0.0011522472,-0.027955204,0.00806725,0.1413877,-0.068912834,-0.2555524,True,1.0
265637.571082251,20000000,-0.005094558,-0.021825433,0.0058552623,0.13008085,-0.011768825,-0.14207183,True,1.0
265637.591082251,0,-0.018469274,-0.027966678,0.022890031,0.14923915,0.009456823,-0.07058192,True,1.0
265637.611082251,0,-0.0013284683,0.007483095,-0.008195221,0.04453867,0.07315326,-0.03469397,True,1.0
265637.631082251,20000000,-0.0023150444,0.0035449266,-0.010096848,-0.10824459,0.17794952,-0.017803619,True,1.0
265637.651082251,0,0.009430736,-0.007711619,-0.009311438,-0.22123557,0.29764128,-0.055904277,True,1.0
265637.671082251,20000000,-0.004700601,0.008105457,0.0040129423,-0.40237412,0.3592185,0.06476026,True,1.0
265637.691082251,0,0.040409088,0.1155518,-0.039891303,-0.5345005,0.39635667,0.3152498,True,1.0
265637.731082251,0,-0.024654001,0.00043076277,0.05067867,-0.52327704,-0.0047017336,-0.2017245,True,1.0
265637.751082251,20000000,-0.0089864135,-0.022823542,0.026854455,-0.5437674,-0.13718244,-0.38768432,True,1.0
265637.771082251,40000000,-0.0131109655,-0.024316639,0.030403495,-0.4538381,-0.2941453,-0.5463067,True,1.0
265637.791082251,0,-0.007926434,-0.025325596,0.010089576,-0.35247898,-0.41002348,-0.68885505,True,1.0
265637.811082251,0,0.01733026,0.030507177,-0.016486406,-0.29184484,-0.40121493,-0.5845971,True,1.0
265637.831082251,20000000,0.016150713,0.0184156,-0.016453028,-0.20771968,-0.32267046,-0.42749,True,1.0
265637.851082251,0,0.011716932,0.018494546,-0.025354624,-0.13170418,-0.2348564,-0.25993162,True,1.0
265637.871082251,20000000,0.003307581,0.017203778,-0.028360426,-0.037440874,-0.18722469,-0.15133908,True,1.0
265637.891082251,0,0.0053771436,0.01699835,-0.032108188,0.036894582,-0.121147804,-0.060463637,True,1.0
265637.911082251,20000000,-0.0012287498,0.0064329803,-0.016161501,0.10810344,-0.082965866,0.019296974,True,1.0
265637.931082251,0,-0.000110685825,0.005388379,-0.016259432,0.16374934,-0.029029336,0.06460881,True,1.0
265637.951082252,0,-0.0061826706,-0.00038331747,-0.003413558,0.1807901,0.002576828,0.09574192,True,1.0
265637.971082252,0,-0.001662612,-0.010978818,-0.0076776743,0.1570363,0.06810228,0.12382218,True,1.0
265637.991082252,0,-0.00046876073,-0.0015392601,-0.017797887,0.16975878,0.1256547,0.092554726,True,1.0
265638.011082252,20000000,-0.012719601,0.0032868981,-0.006909251,0.1348384,0.16129704,0.1268964,True,1.0
265638.031082252,0,-0.0065352023,0.0041783154,-0.011210859,0.10734627,0.19399136,0.15959823,True,1.0
265638.051082252,20000000,-0.0003349185,0.005072534,-0.015529931,0.07985412,0.22668567,0.19230005,True,1.0
265638.071082252,40000000,0.015318006,0.020314544,-0.037329435,-0.0165409,0.35112706,0.25504234,True,1.0
265638.091082252,0,0.03500253,0.055316776,-0.056093335,-0.069319464,0.40765703,0.3634926,True,1.0
265638.111082252,0,-0.0495719,-0.034344733,0.03536117,-0.028701685,0.22126304,0.09444058,True,1.0
265638.131082252,0,-0.05843857,-0.120189786,0.08751631,-0.084680244,-0.049335256,-0.07381362,True,1.0
265638.151082252,0,-0.006841749,-0.051130176,0.0138421655,0.001422815,-0.028898621,-0.13262096,True,1.0
265638.171082252,20000000,-0.01005581,-0.030030668,0.019781709,0.046011366,-0.045312323,-0.16644391,True,1.0
265638.191082252,0,-0.019269913,-0.027071208,0.029309332,0.029500846,-0.109365165,-0.2022958,True,1.0
265638.211082252,0,-0.011773407,-0.041406512,0.021973193,5.8684498e-05,-0.10117358,-0.27341062,True,1.0
265638.231082252,0,-0.013914436,-0.034003317,0.021250367,-0.023829926,-0.13872531,-0.30602646,True,1.0
265638.251082252,0,-0.022725582,-0.035235137,0.025137484,-0.029006805,-0.13337879,-0.3035317,True,1.0
265638.271082252,0,-0.018751651,-0.016168058,0.015859544,-0.06519623,-0.09413207,-0.28489944,True,1.0
265638.291082252,0,0.0068879426,-0.026067317,0.010577202,-0.06798723,-0.09218344,-0.27041307,True,1.0
265638.311082252,0,-0.0019976199,0.0005482137,0.003328383,-0.09991849,-0.094897225,-0.21270432,True,1.0
265638.331082252,0,-0.00027945638,0.01444599,-0.006186068,-0.109247446,-0.04550445,-0.11135707,True,1.0
265638.391082252,0,0.0055314004,0.02330777,-0.020164132,-0.0069912523,0.03632056,0.13375016,True,1.0
265638.411082252,0,-0.00027662516,0.012860447,-0.014818907,0.085856326,0.028814916,0.16340776,True,1.0
265638.431082252,0,0.0017093122,0.013149738,-0.016242146,0.15507922,0.01513364,0.18280704,True,1.0
265638.451082252,0,-0.0039848685,0.008076161,-0.007797718,0.21053618,-0.0034873653,0.17964312,True,1.0
265638.471082252,20000000,-0.002258569,0.007985741,-0.00896126,0.26227134,-0.005195854,0.17623125,True,1.0
265638.491082252,0,-0.0050082803,0.008301556,-0.007673502,0.29129437,-0.02231863,0.18153748,True,1.0
265638.511082252,20000000,-0.011807352,0.016425699,-0.0032525063,0.29076245,-0.043962955,0.17494635,True,1.0
265638.531082252,0,-0.028573811,0.006659478,0.0041486025,0.3057457,-0.10675221,0.15670717,True,1.0
265638.551082252,0,2.9802322e-05,-0.014955133,0.0066174865,0.35175478,-0.123285584,0.1637579,True,1.0
265638.571082252,0,0.010415405,-0.0032352507,-0.008150041,0.4781155,-0.17197952,-0.05907601,True,1.0
265638.591082252,0,0.009347349,0.0037042499,-0.015069544,0.3657337,-0.101204194,0.043831818,True,1.0
265638.611082252,20000000,0.0032562315,0.013691217,-0.0018240213,0.39808396,-0.0865354,0.09988162,True,1.0
265638.631082252,0,0.0012003779,-0.004935175,0.011237204,0.3528273,-0.06998747,0.1477085,True,1.0
265638.651082252,20000000,-0.00083351135,-0.02358529,0.024243653,0.30757064,-0.05343954,0.1955354,True,1.0
265638.671082252,40000000,-0.008754492,-0.020435154,0.03151381,0.27707154,-0.029173769,0.18680137,True,1.0
265638.691082252,0,-0.006208867,-0.022672951,0.028273284,0.21362308,-0.0073960163,0.129724,True,1.0
265638.711082252,20000000,0.010706812,-0.020536482,0.035439134,0.06291823,-0.063885644,0.1230589,True,1.0
265638.731082252,0,0.017459631,0.007570982,0.0048291683,-0.20186152,-0.043946944,0.1175779,True,1.0
265638.751082252,0,-0.029608697,0.0012371242,0.024616241,-0.37051806,-0.058095973,0.09567929,True,1.0
265638.771031042,0,-0.01742291,-0.00800349,-0.011368842,-0.5172704,-0.06481599,0.05671409,True,1.0
265638.791031042,0,-0.0035855174,-0.01441735,-0.021903515,-0.61348385,-0.053851094,-0.06088387,True,1.0
265638.811031042,0,-0.008562475,-0.017730772,-0.007342458,-0.6950965,-0.033432435,-0.14023098,True,1.0
265638.831031042,0,-0.00220114,-0.009347141,-0.0074201226,-0.8462603,0.058058348,-0.19209015,True,1.0
265638.851031042,0,-0.01041019,-0.015528262,0.007764101,-1.0651975,0.15202132,-0.1959462,True,1.0
265638.871031042,20000000,0.006261617,-0.012052357,0.000302732,-1.2663935,0.2161373,-0.26027188,True,1.0
265638.891031042,0,0.01200372,-0.009158194,0.0038452148,-1.4258949,0.24394546,-0.2880549,True,1.0
265638.911031042,0,0.02008912,0.004678458,0.02507627,-1.4517567,0.24666964,-0.16342509,True,1.0
265638.931031042,20000000,0.028279483,0.018314987,0.045380414,-1.4776186,0.24939379,-0.038795255,True,1.0
265638.951031042,40000000,-0.031146735,-0.04298097,0.10013431,-1.286206,0.018649235,-0.2040573,True,1.0
265638.971031042,0,-0.0045958757,-0.026562825,0.02992636,-1.1762959,-0.036211405,-0.18734165,True,1.0
265638.991031042,20000000,0.008797407,-0.0147100985,-0.009432852,-1.0299845,-0.05863773,-0.16221228,True,1.0
265639.011031042,0,0.013652325,-0.015455186,-0.02526033,-0.86191624,-0.0514897,-0.14339729,True,1.0
265639.031031042,20000000,0.00980112,-0.01877956,-0.02512139,-0.6970167,-0.057220493,-0.120204374,True,1.0
265639.051031042,0,0.010632634,-0.023534574,-0.01872027,-0.4994927,-0.078980505,-0.10852722,True,1.0
265639.071031042,20000000,0.0114867985,-0.028299846,-0.012415826,-0.3019687,-0.100740515,-0.09685006,True,1.0
265639.091031042,40000000,-0.0015898943,-0.027220614,0.0006478429,-0.09081502,-0.13260292,-0.062327716,True,1.0
265639.111031042,0,0.010161072,-0.004408084,-0.018023431,0.08168085,-0.12279458,-0.030819409,True,1.0
265639.131031042,0,0.012959182,0.010176256,-0.009872794,0.19842705,-0.11087637,0.014042143,True,1.0
265639.151031042,20000000,0.013547033,0.014748439,0.0037720203,0.21680182,-0.08489792,0.07007454,True,1.0
265639.171031042,0,0.014562368,0.0062538236,0.018309534,0.18701991,-0.0848932,0.109590665,True,1.0
265639.191031042,0,0.001838088,-0.0012136698,0.03153211,0.14163782,-0.108603254,0.12008229,True,1.0
265639.211031042,20000000,-0.007719785,-0.0077478215,0.036720634,0.10511444,-0.16376698,0.124611706,True,1.0
265639.231031042,0,-0.016057074,-0.00048656762,0.02093935,0.009075083,-0.20283413,0.11846526,True,1.0
265639.251031042,20000000,-0.02438724,0.006763868,0.005141735,-0.08696427,-0.24190126,0.11231882,True,1.0
265639.271031042,0,-0.012925535,-0.003998637,-0.009028614,-0.19233222,-0.27336937,0.059269868,True,1.0
265639.291031042,20000000,-0.0035024583,-0.010219768,-0.016140401,-0.26555458,-0.2596545,-0.0018885806,True,1.0
265639.311031042,0,-0.014560133,0.015075095,-0.009601891,-0.3104774,-0.274002,-0.03608901,True,1.0
265639.331031042,0,-0.01055631,0.016617544,-0.008062959,-0.3661418,-0.28482723,-0.015182117,True,1.0
265639.351031042,0,-0.0065483153,-0.03441786,-8.529425e-05,-0.3725926,-0.22832502,-0.053355,True,1.0
265639.371031042,20000000,-0.0128053725,-0.018470902,-0.008155286,-0.37319902,-0.222857,-0.09899065,True,1.0
265639.391031042,0,0.016317934,0.028849088,-0.059382856,-0.46675047,-0.069838434,-0.09146138,True,1.0
265639.411031042,0,0.018945485,0.017043479,-0.05455184,-0.53047353,0.06390707,-0.012945369,True,1.0
265639.431031042,20000000,0.0072993636,-0.02469718,-0.024645805,-0.3934306,0.13858755,0.022014659,True,1.0
265639.451031042,0,-0.018297344,-0.004458759,-0.012615204,-0.25271097,0.20693737,0.03624767,True,1.0
265639.471031042,0,-0.03819865,0.037335444,0.0004094243,-0.21550015,0.10211065,0.13808079,True,1.0
265639.491031042,0,-0.0025535226,0.03498725,-0.024293065,-0.24536888,0.1788369,0.250647,True,1.0
265639.511031042,20000000,-0.004408717,0.004653042,-0.0054097176,-0.2130963,0.2394273,0.4175862,True,1.0
265639.531031042,0,-0.0039129257,-0.024783598,0.0017569661,-0.1073795,0.23565099,0.4735269,True,1.0
265639.551031042,20000000,-0.0034011304,-0.05417051,0.008903503,-0.0016627014,0.23187467,0.5294676,True,1.0
265639.571031042,0,0.023925245,-0.025737317,-0.013325393,0.054267526,0.27586618,0.46877617,True,1.0
265639.591031042,0,0.03713718,0.014360633,-0.027140617,0.06906362,0.3830006,0.45812994,True,1.0
265639.611031042,0,0.0043396056,0.026255565,-0.002683282,0.100720115,0.4214727,0.53179675,True,1.0
265639.631031042,20000000,-0.027243465,0.023854673,0.016433656,0.18260087,0.37274605,0.59525675,True,1.0
265639.651031043,0,-0.03293839,-0.0033851527,0.022863746,0.22688605,0.28451312,0.61608475,True,1.0
265639.671031043,20000000,-0.019584537,-0.050087865,0.021386385,0.2988662,0.23287335,0.53277975,True,1.0
265639.691031043,0,0.006843537,-0.044614278,0.0064709187,0.32630014,0.19680998,0.5168658,True,1.0
265639.711031043,0,-0.0059886575,-0.0683353,0.008942723,0.37485427,0.18684746,0.30253464,True,1.0
265639.731031043,20000000,-0.019051135,-0.044624984,0.02271694,0.39207622,-0.031069353,0.1528266,True,1.0
265639.751031043,0,-0.061190963,-0.053489685,0.07315493,0.47038174,-0.17549372,-0.0089854,True,1.0
265639.771031043,20000000,-0.029227555,-0.047830857,0.026498199,0.45386285,-0.16913381,-0.12282322,True,1.0
265639.791031043,0,-0.03572905,-0.01697629,0.0062779784,0.3948849,-0.20271829,-0.1660234,True,1.0
265639.811031043,0,-0.029807806,-0.013279431,-0.0022984743,0.41688618,-0.18832281,-0.20226431,True,1.0
265639.831031043,20000000,-0.02391243,-0.009562746,-0.010939181,0.43888745,-0.17392734,-0.23850521,True,1.0
265639.851031043,40000000,-0.018043369,-0.0058269426,-0.019644082,0.4608887,-0.15953186,-0.27474612,True,1.0
265639.871031043,60000000,-0.017401457,-0.014398605,-0.009789228,0.52796936,-0.12599808,-0.30993605,True,1.0
265639.891031043,0,-0.02204293,0.008403286,-0.018815398,0.5686913,-0.06853032,-0.35669202,True,1.0
265639.911031043,0,-0.01898086,0.01053296,-0.016834617,0.68898404,-0.08089577,-0.3689375,True,1.0
265639.931031043,20000000,-0.019700617,0.021948025,-0.021100342,0.66759133,-0.06809583,-0.28413874,True,1.0
265639.951031043,0,-0.0047177374,0.016952798,-0.019770384,0.65226704,-0.026929416,-0.22991574,True,1.0
265639.971031043,20000000,0.0102202,0.011933923,-0.018581688,0.63694274,0.014237005,-0.17569274,True,1.0
265639.991031043,40000000,0.0081035495,0.017989516,-0.01451081,0.5995228,0.052474875,-0.15805113,True,1.0
265640.011031043,0,-0.0031006038,0.024470627,-0.0046330094,0.5346179,0.046316706,-0.10370515,True,1.0
265640.031031043,20000000,0.0025169551,0.018080518,-0.010445833,0.4715173,0.045400713,-0.07055034,True,1.0
265640.051031043,0,0.005881667,0.008986279,-0.007953227,0.42169034,0.058951348,-0.060355697,True,1.0
265640.071031043,20000000,0.009241015,-0.00012634695,-0.005521238,0.37186342,0.07250199,-0.050161056,True,1.0
265640.091031043,40000000,-0.0017908812,-0.009521246,0.0028715134,0.33425748,0.09413884,-0.07043146,True,1.0
265640.111031043,0,-0.020923227,-0.020880908,0.030168533,0.36070153,-0.009692416,-0.09350099,True,1.0
265640.131031043,0,-0.008481026,-0.025931716,0.030276835,0.40625983,-0.061289884,-0.12803493,True,1.0
265640.151031043,0,0.012932062,-0.039453357,0.0149819255,0.51008487,-0.097683504,-0.25219947,True,1.0
265640.171031043,20000000,0.016952902,-0.006272793,0.015554905,0.49554992,-0.10382433,-0.14093024,True,1.0
265640.191031043,0,0.014944881,-0.018613428,0.025768757,0.50851554,-0.104279235,-0.032909244,True,1.0
265640.211031043,0,0.009717077,-0.033146143,0.034579575,0.5385927,-0.14745687,-0.0041225534,True,1.0
265640.231031043,0,0.009021223,-0.028710097,0.02727604,0.5413274,-0.08062725,0.027420884,True,1.0
265640.251031043,0,0.0001167357,0.02802232,0.017054021,0.4291128,-0.1091628,0.08503297,True,1.0
265640.271031043,20000000,0.0059123635,0.007277727,0.01830399,0.36561117,-0.12755373,0.08250813,True,1.0
265640.291031043,0,0.011616737,0.011919916,0.0013782978,0.23356055,-0.053996183,0.10323308,True,1.0
265640.311031043,20000000,0.016666472,0.0098553,0.005721092,0.15180911,-0.07335802,0.13974628,True,1.0
265640.331031043,0,0.0052697957,0.020547211,0.013153255,0.042133756,-0.054603796,0.16893302,True,1.0
265640.351031043,0,-0.0052454174,0.009068549,0.013094068,-0.03604532,-0.07329349,0.18369846,True,1.0
265640.371031043,0,-0.003974229,0.008066654,0.00730747,-0.108512014,-0.1532644,0.15492769,True,1.0
265640.391031043,20000000,0.01958716,-0.0042933226,-0.020551503,-0.18149063,-0.057512686,0.077607594,True,1.0
265640.411031043,0,0.008542955,0.0037813187,-0.01788205,-0.1945119,0.0075997263,0.05396305,True,1.0
265640.431031043,20000000,0.004642278,-0.006054461,-0.028571606,-0.16079414,0.16669695,0.018971216,True,1.0
265640.451031043,0,0.016872317,-0.02175951,-0.012320936,-0.098450944,0.2311824,0.054160867,True,1.0
265640.471031043,20000000,0.013746411,-0.014445066,0.0008215308,-0.06699195,0.28452274,0.038201924,True,1.0
265640.491031043,0,0.018766463,-0.015821964,0.007036507,-0.026556771,0.28793752,0.0031026453,True,1.0
265640.511031043,20000000,0.0077066123,0.0073055327,0.010861397,-0.0094217565,0.24493706,0.024957523,True,1.0
265640.531031043,0,-0.002740413,0.013325512,0.0076596737,0.04682175,0.1491802,0.044310246,True,1.0
265640.551031043,0,0.03217241,0.04382938,-0.027610064,0.018326612,0.20434013,0.24036478,True,1.0
265640.571031043,20000000,-0.011808962,0.04166916,3.325939e-05,0.016984055,0.06570546,0.1553989,True,1.0
265640.591031043,0,-0.034201026,0.011793673,0.0072970986,0.098382704,-0.096136704,0.12475617,True,1.0
265640.611031043,0,-0.030462265,0.03911093,-0.013736427,0.12602,-0.13793825,0.16056436,True,1.0
265640.631031043,0,-0.02036491,0.029386759,-0.022429168,0.19470015,-0.12447352,0.1966142,True,1.0
265640.651031043,20000000,-0.013811052,0.009304583,-0.027012885,0.24942218,-0.091729805,0.17730518,True,1.0
265640.671031043,0,-0.021393627,-0.013668984,-0.009171188,0.30274633,-0.06058122,0.15033935,True,1.0
265640.691031043,0,-0.010961741,-0.040391594,-0.0025151968,0.3719959,-0.033881333,0.10024786,True,1.0
265640.711031043,0,-0.010985732,-0.046179175,0.011867344,0.4221636,-0.01648985,0.034934483,True,1.0
265640.731031044,0,-0.010397553,-0.044255286,0.011229694,0.43084818,-0.021067131,-0.034301624,True,1.0
265640.751031044,0,-0.0008223355,-0.03783089,-0.0013750196,0.40039518,-0.007407859,-0.09004766,True,1.0
265640.771031044,0,-0.015382826,-0.047103256,0.028830647,0.4400091,-0.12450071,-0.18384466,True,1.0
265640.791031044,0,0.02157405,-0.04140213,-0.0032434464,0.44868663,0.002721399,-0.16339442,True,1.0
265640.811031044,0,-0.021601707,-0.056705803,0.03232938,0.6017011,-0.13084064,-0.31885836,True,1.0
265640.831031044,0,-0.012420148,0.0004877448,0.0065132976,0.5771027,-0.15043744,-0.17430183,True,1.0
265640.851031044,20000000,0.0012454689,0.011943489,0.008002698,0.55104035,-0.075045794,-0.019279689,True,1.0
265640.871031044,0,-0.008221656,-0.045541704,0.02862376,0.53582,-0.037462693,0.07186483,True,1.0
265640.891031044,20000000,-0.0017667413,-0.044920385,0.033661187,0.43032634,-0.060874026,0.057801787,True,1.0
265640.911031044,0,-0.0006419122,-0.064628005,0.031483233,0.36628926,0.014492605,-0.04373667,True,1.0
265640.931031044,0,0.015166223,-0.059322387,0.019999206,0.3700826,0.038535498,-0.08243893,True,1.0
265640.951031044,20000000,-0.017997026,-0.011392444,0.030373693,0.31342453,0.04386947,-0.0694785,True,1.0
265640.971031044,0,-0.003849864,-0.034404397,0.008047819,0.24170867,0.13276032,-0.105024576,True,1.0
265640.991031044,20000000,0.0030972958,-0.034659326,-0.0025650263,0.18463232,0.1525599,-0.1437005,True,1.0
265641.011031044,0,-0.01489529,-0.028541714,0.0133472085,0.12571853,0.15172358,-0.16121069,True,1.0
265641.031031044,20000000,-0.0073753595,-0.04829669,1.0728836e-05,0.06830985,0.14069137,-0.19254676,True,1.0
265641.051031044,0,0.0043462217,-0.008493453,-0.022384644,0.010684639,0.14313889,-0.2656041,True,1.0
265641.071031044,0,0.008407563,0.011021912,-0.027077973,-0.0313132,0.11575711,-0.31531176,True,1.0
265641.091031044,20000000,-0.028254002,0.02680564,-0.007804692,-0.11404605,0.06544699,-0.32982206,True,1.0
265641.111031044,0,-0.026650429,0.03920549,0.00076776743,-0.08618745,-0.06025666,-0.2947034,True,1.0
265641.131031044,20000000,-0.044281274,0.046036273,0.020715237,-0.079051,-0.029133234,-0.15776324,True,1.0
265641.151031044,0,-0.0018130243,0.053694993,-0.013325214,-0.08171946,0.09230636,0.07304002,True,1.0
265641.170925208,0,-0.06757947,-0.009546593,0.04745736,0.065098494,-0.08555314,-0.1703967,True,1.0
265641.190925208,0,-0.04728362,-0.006016344,0.027825296,0.051756013,-0.15081206,-0.195289,True,1.0
265641.210925208,20000000,-0.04396972,-0.0020054579,0.028229833,0.0338952,-0.15824883,-0.15468815,True,1.0
265641.230925208,0,-0.032220364,-0.01149264,-0.0035948157,0.054795545,-0.14954907,-0.21029642,True,1.0
265641.250925208,0,-0.028373629,-0.012140363,-0.011296928,0.023479994,-0.16948153,-0.24841517,True,1.0
265641.270925208,20000000,-0.024518132,-0.012784332,-0.019000173,-0.00783556,-0.18941401,-0.28653392,True,1.0
265641.290925208,40000000,-0.009910911,-0.013959199,-0.029780447,-0.048360005,-0.17567615,-0.36355722,True,1.0
265641.310925208,0,-0.00027918816,-0.005200058,-0.03474468,-0.085843906,-0.13363723,-0.43667686,True,1.0
265641.330925209,0,0.0029574037,0.0025496483,-0.034635782,-0.0922302,-0.08844714,-0.4671826,True,1.0
265641.350925209,20000000,0.0049791634,0.0038518012,-0.029278934,-0.07586358,-0.037441958,-0.46211445,True,1.0
265641.370925209,0,0.0059351623,0.002188027,-0.02146107,-0.050202068,0.00399011,-0.44752473,True,1.0
265641.390925209,0,0.010164052,-0.008303136,-0.013715982,-0.026014516,0.03744064,-0.438667,True,1.0
265641.410925209,0,0.0020483732,-0.021093518,0.0017508268,0.00659859,0.02401949,-0.47341058,True,1.0
265641.430925209,20000000,0.012900114,-0.035139352,0.008004248,0.074163504,0.020408802,-0.5042813,True,1.0
265641.450925209,0,0.0036109686,-0.07154274,0.024037063,0.13256854,-0.025846865,-0.56626594,True,1.0
265641.470925209,0,-0.011738539,-0.018947542,0.019253373,0.15544532,-0.11629146,-0.57905287,True,1.0
265641.490925209,20000000,-0.013430983,0.008822858,0.021089435,0.22672074,-0.19361189,-0.5415504,True,1.0
265641.510925209,0,0.00045487285,0.03099361,0.0070804358,0.21772303,-0.18252097,-0.39066824,True,1.0
265641.530925209,20000000,0.012989283,0.023731679,0.003578782,0.19051984,-0.17219397,-0.24202555,True,1.0
265641.550925209,0,0.017301023,0.02189067,0.0041015744,0.16623598,-0.12561719,-0.1519134,True,1.0
265641.570925209,20000000,0.021606922,0.020051211,0.0046163797,0.14195214,-0.07904041,-0.061801262,True,1.0
265641.590925209,40000000,0.0131497085,0.029505342,0.008518994,0.07353555,-0.03880428,0.009392783,True,1.0
265641.610925209,0,0.017121911,0.024734527,0.0010809302,0.02053729,0.008469824,0.059109315,True,1.0
265641.630925209,0,0.002717197,0.03526938,0.008634329,-0.016717423,-0.0031304713,0.11676655,True,1.0
265641.650925209,20000000,-0.0040743947,0.03521377,0.008273125,-0.050383188,-0.0246163,0.1695948,True,1.0
265641.670925209,0,-0.007803887,0.037486374,-0.00035911798,-0.10373574,-0.06547955,0.20595366,True,1.0
265641.690925209,0,-0.011831135,0.03723511,-0.006437242,-0.1551731,-0.09550604,0.21039164,True,1.0
265641.710925209,0,-0.012645245,0.02688986,0.0034546256,-0.15776095,-0.1128473,0.22591454,True,1.0
265641.730925209,0,-0.015866667,0.012157381,0.0010557771,-0.17757024,-0.028768033,0.2499312,True,1.0
265641.750925209,20000000,-0.013359576,-0.0038496554,0.00029617548,-0.1984453,0.051700003,0.257828,True,1.0
265641.770925209,0,-0.012961984,-0.023483783,9.959936e-05,-0.19791897,0.11917937,0.21356818,True,1.0
265641.790925209,0,-0.013675928,-0.04251626,0.0020305514,-0.18668965,0.23269758,0.16868822,True,1.0
265641.810925209,20000000,-0.010538101,-0.054273337,0.0003167987,-0.17532724,0.29558736,0.12555638,True,1.0
265641.830925209,0,-0.0065939724,-0.030789793,0.00062322617,-0.1469557,0.29130027,0.0872329,True,1.0
265641.850925209,0,-0.00041604042,-0.017107397,-0.010268271,-0.08411302,0.3586218,0.08165404,True,1.0
265641.870925209,20000000,0.0057703257,-0.0034119189,-0.021198273,-0.021270327,0.42594334,0.07607518,True,1.0
265641.890925209,40000000,-0.037633777,-0.051513523,0.04449421,0.08247336,0.21742257,0.009673901,True,1.0
265641.910925209,0,-0.005806893,-0.026579916,0.009748995,0.11249632,0.14049765,-0.02236874,True,1.0
265641.930925209,0,-0.0031636357,-0.023862213,0.0144149065,0.15959361,0.1378242,-0.06789337,True,1.0
265641.950925209,20000000,-0.00051796436,-0.021156132,0.019065797,0.20669092,0.13515073,-0.113418,True,1.0
265641.970925209,0,-0.0032352805,-0.017924875,0.017707467,0.225553,0.1455214,-0.1313854,True,1.0
265641.990925209,0,-0.007635802,-0.01818183,0.0150357485,0.22636423,0.15011351,-0.14297962,True,1.0
265642.010925209,0,-0.001962632,-0.022957832,-0.0013055801,0.18853381,0.15842324,-0.14263047,True,1.0
265642.030925209,20000000,0.008701324,-0.03076613,-0.012549937,0.13069455,0.17160153,-0.17106298,True,1.0
265642.050925209,0,0.018904805,-0.032680005,-0.016459942,0.06958629,0.20401749,-0.22555804,True,1.0
265642.070925209,20000000,0.012250751,-0.03351,-0.0014101863,0.02293194,0.19724949,-0.28554904,True,1.0
265642.090925209,0,0.014549226,-0.021406353,0.004045248,0.0035796855,0.25213015,-0.24809626,True,1.0
265642.110925209,0,-0.0073031187,-0.041129798,0.034462273,0.15679692,0.21219373,-0.28491738,True,1.0
265642.130925209,0,0.0018450022,0.0065464973,0.017250955,0.21588305,0.11974907,-0.2507374,True,1.0
265642.150925209,0,0.0016484559,0.029678285,0.019285798,0.21261418,0.03108482,-0.2108721,True,1.0
265642.170925209,0,0.009404361,0.04998848,-0.0028995275,0.15216365,0.021584883,-0.074842155,True,1.0
265642.210925209,0,0.011861652,0.0433605,-0.0017601848,0.044252,0.017938387,0.14158219,True,1.0
265642.230925209,0,0.0065070093,0.024467647,-0.00027251244,-0.021717303,0.032732435,0.20297807,True,1.0
265642.250925209,20000000,-0.0052966774,0.012977421,0.021223545,-0.034912504,-0.027811114,0.22609064,True,1.0
265642.270925209,0,-0.014612317,-0.015494823,0.035170197,-0.041135952,-0.08283199,0.21742313,True,1.0
265642.290925209,0,-0.011351883,-0.014700949,0.030867875,-0.033554293,-0.14351761,0.21245496,True,1.0
265642.310925209,0,-0.0082938075,-0.009783566,0.027139366,-0.040443555,-0.18725276,0.20579791,True,1.0
265642.330925209,0,-0.0035194457,0.006601572,0.020599008,-0.09345807,-0.22205079,0.22643697,True,1.0
265642.350925209,20000000,-0.0018308759,0.016488075,0.022383094,-0.13241081,-0.27149868,0.23394032,True,1.0
265642.370925209,0,0.008529395,0.026796937,0.016158283,-0.20274955,-0.28555277,0.24911796,True,1.0
265642.39092521,0,0.002664417,0.017090887,0.02229637,-0.25389662,-0.30645573,0.26199862,True,1.0
265642.41092521,0,0.014771491,0.009244978,0.020048857,-0.27226698,-0.33544642,0.24902843,True,1.0
265642.43092521,0,0.00946635,0.008307636,0.009714246,-0.31264773,-0.3432905,0.2662039,True,1.0
265642.45092521,0,-0.00511989,-0.0051890314,0.014215529,-0.265312,-0.37087646,0.2639446,True,1.0
265642.47092521,0,0.0013722479,-0.009111524,0.0018705726,-0.17866246,-0.4074213,0.18485233,True,1.0
265642.49092521,0,0.012657315,-0.0002757907,-0.0068850517,-0.19741121,-0.3561567,0.25400436,True,1.0
265642.51092521,0,0.017258763,-0.00096836686,-0.022913218,-0.19041698,-0.32028046,0.2996692,True,1.0
265642.55092521,0,0.0022789538,-1.9520521e-05,-0.02322656,-0.20389123,-0.25751716,0.35216743,True,1.0
265642.57092521,20000000,0.0021305084,-0.00045493245,-0.029331446,-0.20131746,-0.21771097,0.34368673,True,1.0
265642.59092521,0,-0.0031858385,-0.013407826,-0.025276363,-0.1826408,-0.17877483,0.32459968,True,1.0
265642.61092521,0,-0.027196735,-0.03161955,-0.021813214,-0.120050065,-0.18132168,0.20279914,True,1.0
265642.63092521,0,-0.02136001,-0.022002906,-0.021660686,-0.052619323,-0.11346578,0.3032505,True,1.0
265642.65092521,0,7.861853e-05,-0.00048977137,-0.029702961,0.086397156,-0.14718994,0.1281472,True,1.0
265642.67092521,0,-0.003243208,-0.0062823594,-0.019964337,0.12256028,-0.123305336,0.1266489,True,1.0
265642.69092521,20000000,-0.006560445,-0.012081504,-0.010241032,0.15872341,-0.09942073,0.12515062,True,1.0
265642.71092521,0,-0.014145434,-0.031923056,0.014004588,0.17685188,-0.0863134,0.17864928,True,1.0
265642.73092521,20000000,-0.02059123,-0.060041517,0.024420083,0.22221442,-0.048599776,0.14905334,True,1.0
265642.75092521,0,-0.030965656,-0.054118395,0.032440186,0.23819987,-0.033620108,0.1083514,True,1.0
265642.77092521,20000000,-0.04133092,-0.048206657,0.040436506,0.25418532,-0.01864044,0.06764947,True,1.0
265642.79092521,40000000,-0.028242454,-0.02092281,0.010527134,0.18259257,-0.029622631,0.05316752,True,1.0
265642.81092521,0,0.0012596846,0.012014717,-0.034109294,0.041855708,0.03240799,-0.007848222,True,1.0
265642.83092521,20000000,-0.0009814203,-0.0063436627,-0.013499916,-0.048962325,0.03265587,-0.051930126,True,1.0
265642.85092521,0,-0.009080172,-0.0035492182,-0.0026583076,-0.13142738,0.039720282,-0.09577088,True,1.0
265642.87092521,0,0.0077164173,-0.010243326,-0.018817067,-0.21025413,0.08985396,-0.14463976,True,1.0
265642.89092521,20000000,0.0048892796,-0.011833757,-0.0178895,-0.25204244,0.099992774,-0.2162828,True,1.0
265642.91092521,0,-0.023872867,-0.006267071,0.004245162,-0.27268463,0.05083909,-0.26415464,True,1.0
265642.93092521,0,-0.0061359704,-0.014760941,0.0013502836,-0.25573936,0.185258,-0.31048888,True,1.0
265642.95092521,0,0.008165628,-0.008951992,-0.01760143,-0.26283032,0.3050428,-0.3127718,True,1.0
265642.97092521,0,-0.018901497,-0.018350124,-0.029403329,-0.31872782,0.47873473,-0.32229418,True,1.0
265642.99092521,20000000,-0.00983572,-0.02085951,-0.002758503,-0.27335238,0.4889348,-0.25297093,True,1.0
265643.01092521,0,0.012834042,-0.012820244,-0.018955767,-0.24426751,0.52683127,-0.19961578,True,1.0
265643.03092521,0,0.006989062,0.024968445,-0.028155923,-0.22403425,0.5538801,-0.106752574,True,1.0
265643.05092521,0,0.025253922,0.023442358,-0.037436962,-0.17483799,0.62907463,-0.0067202896,True,1.0
265643.07092521,0,0.012726963,0.058745146,2.5629997e-06,-0.07914745,0.52157885,0.13151509,True,1.0
265643.09092521,20000000,-0.01730442,-0.008713394,0.021466136,0.0004262179,0.33827728,-0.039208636,True,1.0
265643.11092521,0,-0.0077468455,-0.008586943,0.011420548,0.015345503,0.31904173,-0.0906002,True,1.0
265643.13092521,20000000,0.0018246174,-0.00846982,0.0013397932,0.030264787,0.29980615,-0.14199176,True,1.0
265643.15092521,0,-0.003437966,-0.0037364066,0.011733532,0.07204771,0.25754094,-0.15488228,True,1.0
265643.17092521,20000000,-0.007635623,0.0024837554,0.017861962,0.078932874,0.22602132,-0.1481098,True,1.0
265643.19092521,0,-0.0017495155,0.006246656,0.018342793,0.08153817,0.18441036,-0.13412195,True,1.0
265643.21092521,0,-0.0046185255,0.0054023266,0.026481688,0.08351439,0.13885905,-0.123902224,True,1.0
265643.23092521,0,-0.01644507,0.0059078336,0.03126359,0.08282971,0.07954295,-0.1250173,True,1.0
265643.25092521,0,-0.008635879,-0.021033913,0.038945496,0.13539168,-0.039453313,-0.14253719,True,1.0
265643.27092521,20000000,-0.018526852,-0.05956447,0.049941003,0.28351802,-0.1899143,-0.3498523,True,1.0
265643.29092521,0,0.021562457,0.04274392,-0.003987491,0.1819075,-0.19975308,-0.22252832,True,1.0
265643.31092521,0,-0.004951507,0.035282254,0.035111666,0.13525397,-0.19401194,-0.07099539,True,1.0
265643.33092521,20000000,0.0039334,0.0114993155,0.03331095,0.085614584,-0.19323261,0.10887179,True,1.0
265643.35092521,0,0.007496327,0.0023806691,0.025369108,0.019052498,-0.16473325,0.12584071,True,1.0
265643.37092521,20000000,0.011067569,-0.006747633,0.017410457,-0.04750958,-0.13623387,0.14280963,True,1.0
265643.39092521,0,-0.009420723,-0.018906116,0.03584081,-0.10275939,-0.14326921,0.15898953,True,1.0
265643.41092521,0,0.0076527,-0.00930661,0.012931764,-0.22060055,-0.14681153,0.16639504,True,1.0
265643.43092521,20000000,-0.010679483,-0.011339843,0.026753724,-0.3184368,-0.11937351,0.16208842,True,1.0
265643.45092521,0,0.018997103,0.000744313,-0.016751409,-0.35001314,-0.005779907,0.12803036,True,1.0
265643.470925211,0,0.0076849163,-0.019896835,-0.009978473,-0.44085842,0.030137245,0.2045778,True,1.0
265643.490925211,20000000,0.05815786,0.08303833,-0.057530165,-0.59796,0.2837172,0.5088794,True,1.0
265643.510925211,0,0.108376235,0.09392083,-0.20966244,-0.6059177,0.7532875,0.6291497,True,1.0
265643.530925211,20000000,-0.14576432,0.016685635,0.060460508,-0.5384344,-0.122256875,0.25923434,True,1.0
265643.550925211,0,0.028118312,-0.029011399,-0.033894956,-0.59565026,-0.13193892,0.16568656,True,1.0
265643.570793708,0,0.017003164,-0.042079877,0.0075086034,-0.5636729,-0.20946954,0.04561707,True,1.0
265643.590793708,0,0.0034132898,-0.033852667,0.010736942,-0.60856944,-0.26044545,-0.037729334,True,1.0
265643.610793708,20000000,-0.0029111803,-0.038015664,0.012123466,-0.60643435,-0.28072295,-0.08280441,True,1.0
265643.630793708,0,0.008523345,-0.084215224,0.040005982,-0.48514262,-0.3870178,-0.20280716,True,1.0
265643.650793708,0,0.009685218,-0.0631592,0.018825531,-0.52249724,-0.3369593,-0.20414995,True,1.0
265643.670793708,20000000,0.010908276,-0.042144835,-0.0025040507,-0.5598518,-0.28690085,-0.20549273,True,1.0
265643.690793708,0,-0.007753104,-0.022097602,0.012075961,-0.61834085,-0.26398584,-0.20648174,True,1.0
265643.710793708,20000000,-0.017528236,-0.01058808,0.013937116,-0.73490536,-0.2083933,-0.19810438,True,1.0
265643.730793708,0,-0.01475969,-0.016585201,0.018044949,-0.7980279,-0.18757935,-0.17367728,True,1.0
265643.750793708,0,-0.005450487,-0.023644015,0.009790838,-0.81080127,-0.14164609,-0.17628574,True,1.0
265643.770793709,0,-0.0035470426,-0.018557265,0.008667469,-0.7859286,-0.116182834,-0.18614003,True,1.0
265643.790793709,20000000,-0.009713978,-0.010329977,0.015948653,-0.7669512,-0.11328027,-0.17973183,True,1.0
265643.810793709,0,-0.008355677,-0.011308536,0.016983688,-0.74574643,-0.12904763,-0.1717392,True,1.0
265643.830793709,0,-0.0072699785,-0.01333788,0.014218688,-0.7059935,-0.116177626,-0.14607865,True,1.0
265643.850793709,20000000,-0.0061378777,-0.0154013485,0.0112448335,-0.66624045,-0.10330762,-0.12041809,True,1.0
265643.870793709,0,-0.007818699,-0.012899682,0.0066976547,-0.6174923,-0.09484062,-0.109878674,True,1.0
265643.890793709,20000000,-0.009622157,-0.015313111,0.0068452954,-0.5920907,-0.088621534,-0.12272839,True,1.0
265643.910793709,0,-0.010354966,-0.019223973,0.007443309,-0.5857153,-0.0878467,-0.14075702,True,1.0
265643.930793709,20000000,-0.009991288,-0.021662608,0.008995354,-0.5673661,-0.092609964,-0.16316602,True,1.0
265643.950793709,0,-0.009348035,-0.015355639,0.0048163533,-0.547631,-0.08434014,-0.18695173,True,1.0
265643.970793709,20000000,-0.008658409,-0.009056717,0.00050985813,-0.52789587,-0.07607031,-0.21073745,True,1.0
265643.990793709,0,-0.010218769,-0.0079841055,0.006046772,-0.4947934,-0.085981466,-0.21484727,True,1.0
265644.010793709,0,-0.009792179,-0.013107706,0.007833838,-0.43583402,-0.08662994,-0.21709861,True,1.0
265644.030793709,20000000,-0.0049987435,-0.014911894,-0.0004029274,-0.363786,-0.07786812,-0.21622838,True,1.0
265644.050793709,0,-0.0032294095,-0.011937557,-0.0047283173,-0.28988862,-0.06837394,-0.2175183,True,1.0
265644.070793709,0,-0.0022758245,-0.0037297215,-0.011288404,-0.2139858,-0.056499504,-0.21577965,True,1.0
265644.090793709,0,-0.0021431446,0.002451249,-0.01436311,-0.1357681,-0.07685058,-0.19663076,True,1.0
265644.110793709,0,0.001339674,0.010204231,-0.019003868,-0.07633368,-0.07604157,-0.18485747,True,1.0
265644.130793709,20000000,0.0011515021,0.012913612,-0.019271314,-0.028053451,-0.0773763,-0.16109702,True,1.0
265644.150793709,0,-0.00074857473,0.019269006,-0.019526482,0.032971438,-0.09469797,-0.118237294,True,1.0
265644.170793709,0,-0.002848208,-0.0022130064,-0.017419279,0.14030708,-0.16166532,-0.18630251,True,1.0
265644.190793709,0,0.0063154697,0.014634529,-0.031597257,0.2007599,-0.17510447,-0.15751924,True,1.0
265644.210793709,0,0.012728035,0.022232555,-0.040908217,0.21602654,-0.121808514,-0.02497527,True,1.0
265644.230793709,20000000,0.007558286,0.01576779,-0.035386026,0.2469564,-0.047330983,0.08188365,True,1.0
265644.250793709,0,0.0019418895,0.007902284,-0.023360133,0.26912922,-0.021416431,0.10381378,True,1.0
265644.270793709,20000000,-0.0036601722,3.614649e-05,-0.011369169,0.29130203,0.0044981185,0.12574391,True,1.0
265644.290793709,0,-0.006408125,-0.0039349776,-0.008913279,0.29947555,0.03535687,0.12953109,True,1.0
265644.310793709,0,-0.007134646,-0.013923977,-0.0011944771,0.2998784,0.041243706,0.13512686,True,1.0
265644.330793709,0,-0.004178673,-0.020820446,-0.0007428527,0.3074066,0.041214734,0.11862728,True,1.0
265644.350793709,0,-0.00527519,-0.025790289,-0.0007174611,0.3542092,0.047587518,0.1120646,True,1.0
265644.370793709,20000000,-0.0063557923,-0.030762516,-0.0007413626,0.40101182,0.0539603,0.10550192,True,1.0
265644.390793709,0,-0.0067364275,-0.02526205,-0.0049229264,0.45788968,0.08346195,0.09468832,True,1.0
265644.410793709,0,-0.0146356225,-0.0338049,0.002996087,0.5585594,0.09037522,0.07708705,True,1.0
265644.430793709,0,-0.017579526,-0.020270638,-0.0066804886,0.63577795,0.060115702,0.016810883,True,1.0
265644.450793709,20000000,0.0019853413,-0.0012987405,-0.014836252,0.6452654,0.09728414,-0.008008936,True,1.0
265644.470793709,0,0.0043738186,-0.0043870956,-0.011784375,0.6376288,0.08305202,-0.03002873,True,1.0
265644.490793709,0,0.0007992089,-0.009956948,-0.008048594,0.5853211,0.06968607,-0.0760916,True,1.0
265644.510793709,0,0.000109523535,-0.015019849,-0.012503028,0.52478015,0.082755096,-0.13309728,True,1.0
265644.530793709,0,-0.00074255466,-0.00011371076,-0.012115359,0.481009,0.11285416,-0.14414267,True,1.0
265644.550793709,20000000,-0.0016170442,0.014764637,-0.01180321,0.43723786,0.14295322,-0.15518807,True,1.0
265644.570793709,40000000,-0.0025136173,0.029614389,-0.0115664005,0.3934667,0.17305228,-0.16623347,True,1.0
265644.590793709,60000000,-0.0042179525,0.018797025,-0.0001733303,0.3419607,0.25345516,-0.13100457,True,1.0
265644.610793709,0,0.0012240112,0.01797618,-0.001977861,0.28043586,0.33329916,-0.03486701,True,1.0
265644.630793709,0,0.029383123,0.04791294,-0.022209048,0.22198975,0.4378319,0.14017424,True,1.0
265644.650793709,0,0.03655404,0.047763348,-0.029786766,0.16824737,0.52566975,0.28037322,True,1.0
265644.670793709,20000000,-0.036214113,0.018230006,0.00075113773,0.12312352,0.4224018,0.1639966,True,1.0
265644.690793709,0,-0.033403188,0.0065472126,0.02729112,0.1851326,0.104617625,0.1254106,True,1.0
265644.710793709,0,-0.014066726,-0.034784183,0.025039434,0.24679011,0.02227249,0.13248041,True,1.0
265644.730793709,0,-0.010581583,-0.008348018,0.008785963,0.29697147,0.03551932,0.086322114,True,1.0
265644.750793709,20000000,0.0035919845,-0.00078070164,-0.010507822,0.2749857,0.089938596,0.030488499,True,1.0
265644.770793709,0,-0.00059878826,-0.0050147325,-0.010526478,0.23987138,0.13795123,0.003189899,True,1.0
265644.790793709,0,-0.009241104,-0.0025369972,-0.0057151318,0.23199202,0.14867607,0.019466499,True,1.0
265644.810793709,20000000,-0.007978678,0.0018399358,-0.004631579,0.215918,0.17838392,0.030907495,True,1.0
265644.830793709,0,-0.003729701,0.002973497,-0.006534338,0.19928503,0.22257544,0.035907235,True,1.0
265644.85079371,20000000,0.0020425022,0.0023671538,-0.009773254,0.18475926,0.24877319,0.04795731,True,1.0
265644.87079371,0,0.005307585,0.00972262,-0.0128824115,0.1622188,0.2790874,0.06527007,True,1.0
265644.89079371,20000000,0.004722029,0.007507682,-0.009028256,0.13521595,0.3204355,0.08057337,True,1.0
265644.91079371,0,0.0014227331,0.004816726,-0.0062657595,0.11236948,0.35424796,0.109322146,True,1.0
265644.93079371,20000000,-0.007835507,0.00470376,-0.0028022528,0.102810815,0.37458226,0.13581967,True,1.0
265644.95079371,0,-0.015951961,-0.011010513,0.0031347275,0.092669405,0.3595417,0.11906615,True,1.0
265644.97079371,20000000,-0.013687223,-0.028586835,0.004270911,0.11223063,0.3290559,0.043447018,True,1.0
265644.99079371,0,-0.010987073,-0.036984324,-0.009393394,0.114629,0.37622702,0.080910146,True,1.0
265645.01079371,20000000,-0.0421665,-0.03139642,0.023031771,0.3414626,0.18198346,-0.14936543,True,1.0
265645.03079371,0,-0.019369453,-0.01827401,0.019349217,0.37120795,0.15823826,-0.117598295,True,1.0
265645.05079371,0,-0.004003525,-0.032412827,0.019575655,0.4083861,0.18639348,-0.11211854,True,1.0
265645.07079371,20000000,0.00069218874,-0.044451952,0.0277825,0.33569214,0.18563767,-0.11473901,True,1.0
265645.09079371,0,-0.011279017,-0.020267457,0.021972358,0.2800327,0.2412945,-0.09187202,True,1.0
265645.11079371,20000000,-0.0049738884,0.0051110983,0.0017888546,0.22198567,0.28238982,-0.088554256,True,1.0
265645.13079371,0,-0.0024685264,0.007121116,0.0051972866,0.15871263,0.2799002,-0.06837217,True,1.0
265645.15079371,0,0.00388515,-0.015538245,0.009679079,0.04352089,0.32095763,-0.042728312,True,1.0
265645.17079371,0,-0.01204434,-0.012681276,0.019819617,-0.06814313,0.41259784,-0.0013189055,True,1.0
265645.19079371,20000000,0.015217274,0.048320085,-0.0055919886,-0.13940221,0.52915466,0.16096872,True,1.0
265645.21079371,0,0.09282905,0.13562797,-0.043464124,-0.10305838,0.594739,0.51005185,True,1.0
265645.23079371,20000000,-0.091398925,-0.024406075,0.091982126,-0.04941673,0.28740585,0.053150177,True,1.0
265645.25079371,0,-0.024664074,-0.04927367,0.038674593,-0.022406576,0.004949212,-0.10669938,True,1.0
265645.27079371,0,-0.026652366,-0.035105497,0.0713011,0.037928715,-0.21799561,-0.20969921,True,1.0
265645.29079371,20000000,-0.020497948,-0.027277678,0.058558345,0.06921995,-0.3957026,-0.26193684,True,1.0
265645.31079371,0,-0.019529343,-0.011657536,0.041797042,0.12880486,-0.5060752,-0.2407172,True,1.0
265645.33079371,0,-0.0145787895,-0.008744538,0.028988302,0.24246447,-0.595585,-0.26845735,True,1.0
265645.35079371,0,0.0066311955,0.011913389,-0.0039758086,0.20157512,-0.63583094,-0.17243823,True,1.0
265645.37079371,20000000,-0.0009874701,0.04579705,0.014151335,0.17620352,-0.66419685,-0.033119097,True,1.0
265645.39079371,0,0.0123129785,0.044030756,0.0034375787,0.14978941,-0.59677696,0.08482212,True,1.0
265645.41079371,20000000,0.012607813,0.050976872,-0.0010383129,0.13035673,-0.568523,0.22189976,True,1.0
265645.43079371,0,0.012071133,0.048290476,-0.0011908412,0.11230189,-0.54902124,0.35011753,True,1.0
265645.45079371,0,0.0063771605,0.039364755,0.0035247207,0.072825536,-0.54253614,0.43180263,True,1.0
265645.47079371,20000000,0.00076293945,0.030337274,0.008104563,0.03334918,-0.536051,0.51348776,True,1.0
265645.49079371,0,-0.0015598834,0.029871374,0.013888538,-0.0142010525,-0.5360098,0.57031643,True,1.0
265645.51079371,0,-0.004696429,0.02211976,0.015974045,-0.0746499,-0.5479791,0.63819736,True,1.0
265645.53079371,20000000,0.007318139,-0.006143093,0.009472609,-0.07885169,-0.53065634,0.6760898,True,1.0
265645.55079371,0,0.01064232,-0.015900433,-0.0005850792,-0.06898255,-0.5004163,0.6952351,True,1.0
265645.57079371,0,0.013355225,-0.014912307,-0.01569122,-0.0812833,-0.4299507,0.68658984,True,1.0
265645.59079371,20000000,0.0058726966,-0.020370752,-0.0144789815,-0.105784036,-0.36952668,0.6526533,True,1.0
265645.61079371,0,-0.012184471,-0.045312464,-0.015119612,-0.08253717,-0.31161147,0.51521045,True,1.0
265645.63079371,0,-0.011794597,-0.06604296,-0.01144892,0.014185831,-0.36873877,0.39221537,True,1.0
265645.65079371,0,0.0011318922,-0.07672018,-0.004899144,0.25281373,-0.34004262,0.18962014,True,1.0
265645.67079371,20000000,0.013717622,-0.01591447,-0.029918134,0.16388783,-0.30859646,0.27981687,True,1.0
265645.69079371,0,-0.010396272,-0.019302994,0.009318531,0.16441666,-0.24041738,0.28024453,True,1.0
265645.71079371,20000000,-0.0030109435,-0.04138866,0.0018966794,0.15393685,-0.23011006,0.32671553,True,1.0
265645.73079371,0,-0.012095481,-0.02623552,0.00842917,0.20587844,-0.2107796,0.25773326,True,1.0
265645.75079371,0,-0.008519486,-0.037729114,0.005584955,0.19523913,-0.15155748,0.215357,True,1.0
265645.77079371,20000000,-0.004926443,-0.049243003,0.002712369,0.18459982,-0.09233535,0.17298076,True,1.0
265645.79079371,0,-0.0155456215,-0.030110806,0.0024527907,0.16526179,-0.036887337,0.15011126,True,1.0
265645.81079371,0,-0.007242352,-0.010585904,-0.0030286312,0.10281972,-0.036161546,0.13277571,True,1.0
265645.83079371,20000000,-0.0016955286,-0.007009059,0.006611824,0.092266604,-0.05590577,0.11043124,True,1.0
265645.85079371,0,0.013867915,0.010412604,-0.019545794,0.017414927,-0.033473,0.087347,True,1.0
265645.87079371,0,0.0027837008,0.019275784,-0.0066720843,0.0011734888,0.001313623,0.11102399,True,1.0
265645.89079371,0,-0.00058564544,0.014212936,-0.011173844,-0.07200915,0.015381131,0.14634569,True,1.0
265645.910793711,0,0.011923954,-0.0008224547,-0.024399042,-0.095441654,0.052930593,0.12980948,True,1.0
265645.930793711,0,-0.005204171,-0.019098252,-0.0063617826,-0.08007243,0.00089627877,0.10273272,True,1.0
265645.950793711,0,-0.019318596,-0.015387714,-0.0022165775,-0.08978338,-0.068809286,-0.023976326,True,1.0
265645.970684583,0,0.016077837,-0.03517203,-0.028651457,-0.18196058,0.0580107,-0.16513234,True,1.0
265645.990684583,0,0.0034280121,-0.03682372,-0.025564969,-0.13062966,0.16641153,-0.16759834,True,1.0
265646.010684583,20000000,-0.0017068684,-0.021068513,-0.03246343,-0.11005378,0.29346153,-0.10169839,True,1.0
265646.030684583,0,-0.0037078112,-0.00198403,-0.023192346,-0.11789531,0.35058904,-0.0430536,True,1.0
265646.050684583,0,0.006251082,0.003195405,-0.02646929,-0.08379932,0.42911023,-0.009809814,True,1.0
265646.070684583,20000000,0.016224816,0.008377135,-0.029825687,-0.049703322,0.5076314,0.023433976,True,1.0
265646.090684583,0,-0.011175603,0.025395691,-0.009043753,-0.029905368,0.4609603,0.10061768,True,1.0
265646.110684583,20000000,-0.040143117,-0.023653746,0.04059446,0.10120396,0.27884012,0.056290314,True,1.0
265646.130684584,0,-0.01884894,-0.01869747,0.015231311,0.122992724,0.19158427,0.059574183,True,1.0
265646.150684584,20000000,-0.0069205165,-0.024085492,0.016398966,0.14421183,0.15051818,0.0131236315,True,1.0
265646.170684584,0,-0.014474422,-0.021850646,0.011380076,0.15539461,0.13432331,-0.046597034,True,1.0
265646.190684584,0,-0.021787107,-0.013425648,0.01614207,0.16581583,0.094254225,-0.084537774,True,1.0
265646.210684584,20000000,-0.019007593,-0.0061120987,0.014027119,0.15855734,0.070032865,-0.10568977,True,1.0
265646.230684584,0,-0.011980414,-0.0006853044,0.009346962,0.13474222,0.051447526,-0.114023596,True,1.0
265646.250684584,0,-0.004839182,-0.0005696118,0.005985379,0.09681676,0.059370235,-0.124375015,True,1.0
265646.270684584,0,-0.0029985607,-0.003915131,0.0065944195,0.054448117,0.07048859,-0.11464108,True,1.0
265646.290684584,0,-0.0029802322,-0.005980313,0.0075270534,0.02896947,0.072870985,-0.10180615,True,1.0
265646.310684584,20000000,-0.0072033107,-0.0051365197,0.009866178,0.00620565,0.059526775,-0.09302837,True,1.0
265646.330684584,0,-0.016389519,-0.012606949,0.014780343,-0.01063914,0.040521566,-0.12346654,True,1.0
265646.350684584,0,-0.021538496,-0.027691454,0.024683893,0.046066806,-0.02530713,-0.20569006,True,1.0
265646.370684584,20000000,-0.026685953,-0.042778462,0.03458768,0.10277274,-0.09113583,-0.28791356,True,1.0
265646.390684584,40000000,-0.016729206,-0.02249071,0.023465216,0.1318978,-0.1694296,-0.31851515,True,1.0
265646.410684584,0,-0.002604127,-0.006067872,0.013371348,0.14754848,-0.16471155,-0.26826945,True,1.0
265646.430684584,0,-0.0042183995,-0.006134689,0.013806224,0.12834936,-0.12484039,-0.17394271,True,1.0
265646.450684584,20000000,-0.011277944,-0.006097108,0.027456224,0.13232452,-0.15011162,-0.18074709,True,1.0
265646.470684584,0,-0.0027433336,-0.010769606,0.017522633,0.07180638,-0.11282554,-0.18948597,True,1.0
265646.490684584,0,0.0009291768,0.001132369,0.010058701,0.018640496,-0.13099705,-0.16811763,True,1.0
265646.510684584,0,0.007867813,0.009537876,-0.0044264197,-0.04317838,-0.08252697,-0.1476796,True,1.0
265646.530684584,0,0.014654994,0.021066815,-0.020897508,-0.09722911,-0.009394325,-0.08669066,True,1.0
265646.550684584,0,0.008216053,0.021461904,-0.022258759,-0.114040025,0.06129928,-0.022622056,True,1.0
265646.570684584,20000000,0.0017771423,0.021855623,-0.02362758,-0.13085094,0.1319929,0.04144655,True,1.0
265646.590684584,0,0.003691703,0.011652559,-0.022574306,-0.14722672,0.18965665,0.084669255,True,1.0
265646.610684584,20000000,0.0037309825,0.01429975,-0.014489889,-0.17901877,0.26204592,0.1511457,True,1.0
265646.630684584,0,0.0035172403,-0.015005678,-0.008770049,-0.20654055,0.27779004,0.24703354,True,1.0
265646.650684584,0,0.0099928975,-0.046496958,-0.039568603,-0.22793125,0.44087893,0.3009077,True,1.0
265646.670684584,0,-0.050824106,-0.015481293,0.047390997,-0.061471954,0.12812358,0.2090605,True,1.0
265646.690684584,20000000,-0.029898256,-0.041579217,0.032579064,-0.040666714,0.015508853,0.10410063,True,1.0
265646.710684584,0,-0.022580385,-0.04195425,0.025350392,-0.0053431727,-0.078552336,-0.008141108,True,1.0
265646.730684584,0,-0.014934719,-0.055814654,0.022961676,0.06064288,-0.15061748,-0.108650886,True,1.0
265646.750684584,20000000,-0.0067160428,-0.036092103,0.012293756,0.18256041,-0.12773117,-0.2463966,True,1.0
265646.770684584,0,0.007662177,-0.02919355,-0.0037297606,0.17984495,-0.14864187,-0.24094908,True,1.0
265646.790684584,0,0.0009070337,-0.012141645,-0.0013420582,0.13981633,-0.11582331,-0.23325954,True,1.0
265646.810684584,0,-0.010405868,-0.002505362,0.0074957013,0.09836385,-0.10672777,-0.18458587,True,1.0
265646.830684584,0,-0.0040955544,0.004832357,-0.00037688017,0.059529066,-0.072531626,-0.13790807,True,1.0
265646.850684584,20000000,-0.0033052266,0.009150445,-0.0020632148,0.021039438,-0.041600585,-0.08373161,True,1.0
265646.870684584,0,-0.0026793778,0.008019865,-0.002527833,-0.02216497,-0.011211723,-0.042077743,True,1.0
265646.890684584,0,0.0010421574,0.001000464,-0.0018431544,-0.061769783,0.020784121,-0.018453889,True,1.0
265646.910684584,0,-0.0018335283,-0.009340405,0.008616269,-0.07684511,0.034786407,-0.0060428707,True,1.0
265646.930684584,0,-0.0033994615,-0.01217249,0.009810388,-0.08070511,0.04220382,-0.00029809866,True,1.0
265646.950684584,20000000,-0.006090939,-0.008404255,0.012780964,-0.09893034,0.03222736,-0.0018488503,True,1.0
265646.970684584,0,-0.006073743,-0.011952072,0.009854674,-0.12553155,0.03793285,-0.022785826,True,1.0
265647.010684584,0,0.00017336011,-0.038561046,0.0015271902,-0.048187755,0.012976009,-0.026368981,True,1.0
265647.030684584,0,-0.023907214,-0.0062200427,0.0140551925,0.027428254,-0.11598386,-0.16858527,True,1.0
265647.050684584,20000000,-0.009876132,0.001586318,0.004998982,0.062333174,-0.18925357,-0.23143049,True,1.0
265647.070684584,0,0.0023245811,0.0057325065,0.0019196868,0.06672341,-0.16623358,-0.17451738,True,1.0
265647.090684584,20000000,0.008051604,-0.005687177,0.0071955323,0.03112303,-0.11913554,-0.11641625,True,1.0
265647.110684584,0,0.006430924,-0.009877324,0.0015811324,-0.0272969,-0.09316451,-0.08904921,True,1.0
265647.130684584,0,0.005337298,-0.0019909143,-0.003207624,-0.036348067,-0.10908123,-0.087811634,True,1.0
265647.150684584,0,-0.0010164082,0.0075317323,-0.0051694512,-0.03598979,-0.08081033,-0.09040271,True,1.0
265647.170684584,20000000,0.0029592216,0.015531868,-0.020091772,-0.02389962,-0.07333641,-0.08372543,True,1.0
265647.190684584,0,0.007948339,0.015024483,-0.02810806,-0.037067924,-0.03969246,-0.059366256,True,1.0
265647.210684585,0,0.0070935786,0.0028887093,-0.02297318,-0.040975858,0.047989935,-0.036180094,True,1.0
265647.230684585,20000000,0.00271371,-0.0021847486,-0.011888862,-0.032298155,0.14245728,0.017159466,True,1.0
265647.250684585,0,0.042928964,0.050223917,-0.06139332,-0.09992553,0.31450647,0.24217486,True,1.0
265647.270684585,20000000,0.0831483,0.1026455,-0.110912085,-0.16755292,0.4865557,0.46719027,True,1.0
265647.290684585,0,-0.037151605,0.05657518,0.023569226,-0.069656715,0.2696953,0.28924328,True,1.0
265647.310684585,0,-0.019357145,0.005709797,0.031813502,-0.02249705,0.038937792,0.172759,True,1.0
265647.330684585,0,-0.008792907,-0.007997543,0.02084291,-0.07260369,-0.036660433,0.10391799,True,1.0
265647.350684585,0,-0.0014399588,-0.037085623,0.017442226,-0.082073666,-0.06952284,0.021491475,True,1.0
265647.370684585,20000000,-0.020492554,-0.054144263,0.029422939,-0.030039951,-0.1397628,-0.07975426,True,1.0
265647.390684585,0,-0.030326128,-0.04735419,0.006814182,-0.0075677056,-0.16905695,-0.0900781,True,1.0
265647.410684585,0,-0.035116732,0.003168404,0.023575902,0.09094845,-0.22386163,-0.10166706,True,1.0
265647.430684585,20000000,-0.0046935976,-0.009723276,-0.0046741366,0.08376502,-0.08297306,-0.17261869,True,1.0
265647.450684585,0,-0.011950582,0.005097389,-0.0033125877,0.06766371,-0.029151887,-0.16202372,True,1.0
265647.470684585,20000000,-0.009742141,0.007270366,-0.004739225,0.04916407,-0.02231928,-0.12821358,True,1.0
265647.490684585,0,0.00095534325,0.00876978,-0.008752286,0.026020478,-0.017660953,-0.088056296,True,1.0
265647.510684585,20000000,0.00389719,0.010214686,-0.0036789775,-0.0016101133,-0.004985865,-0.06462429,True,1.0
265647.530684585,0,0.006096661,0.016606301,-0.0034595728,-0.04361365,0.028287288,-0.041380845,True,1.0
265647.550684585,0,0.0035788417,0.010072976,-0.0013881922,-0.05960148,0.025199927,-0.0017960407,True,1.0
265647.570684585,20000000,0.0010606349,0.0035392344,0.0006812215,-0.07558931,0.022112565,0.037788767,True,1.0
265647.590684585,40000000,0.0024194121,0.0006915331,0.0010356307,-0.0703457,0.02705988,0.05093797,True,1.0
265647.610684585,0,-0.00046643615,0.0027272105,0.0020884871,-0.06876844,0.02596951,0.047937337,True,1.0
265647.630684585,20000000,-0.0023928285,-0.006408721,0.0047756433,-0.07214635,0.014721357,0.028975574,True,1.0
265647.650684585,0,-0.017782122,-0.013698876,0.02169925,-0.05259482,-0.04067366,-0.009626472,True,1.0
265647.670684585,20000000,-0.004598111,-0.03676477,0.01839298,0.013301596,-0.08183451,-0.026142571,True,1.0
265647.690684585,0,-0.013326764,-0.10968229,0.03014785,0.14263873,-0.07467743,-0.09611349,True,1.0
265647.710684585,0,-0.011219978,-0.02300921,0.008452237,0.22177991,-0.15630323,-0.11943077,True,1.0
265647.730684585,0,0.0050460994,0.00020441413,0.0021019578,0.20858714,-0.09479065,-0.08216678,True,1.0
265647.750684585,0,0.016285032,0.014664024,-0.006866157,0.12435122,-0.026837558,-0.082890995,True,1.0
265647.770684585,20000000,-0.0043515563,-0.010911316,0.016097188,0.04953175,-0.027558632,-0.058629975,True,1.0
265647.790684585,0,-0.0007021129,-0.0027469695,0.005986631,0.012698192,-0.03569261,-0.039809633,True,1.0
265647.810684585,20000000,0.0011355877,0.00024449825,0.00014567375,-0.04790821,0.039565988,0.040426042,True,1.0
265647.830684585,0,0.005497992,0.0024603903,-0.011290848,-0.08757481,0.1191279,0.07889879,True,1.0
265647.850684585,0,-0.027540356,-0.014244825,0.017833412,-0.095907815,0.213671,0.12789467,True,1.0
265647.870684585,20000000,-0.060582757,-0.030920953,0.04691738,-0.10424082,0.3082141,0.17689057,True,1.0
265647.890684585,0,-0.03634897,-0.01641488,0.03288859,-0.039995685,0.054809988,0.1294913,True,1.0
265647.910684585,0,-0.008772224,-0.030400604,0.019700348,0.013367925,0.019210976,0.079612195,True,1.0
265647.930684585,20000000,0.006526202,-0.018996865,-0.00392586,-0.010537069,0.03546071,0.035913862,True,1.0
265647.950684585,0,-0.014900386,-0.009950727,0.021184027,-0.004950495,-0.014721204,0.00697558,True,1.0
265647.970684585,0,-0.010087043,-0.023751825,0.011297524,0.035710625,-0.042919293,-0.040611163,True,1.0
265647.990684585,20000000,-0.014780998,-0.029586464,0.0074394345,0.07129092,-0.10469772,-0.04962334,True,1.0
265648.010684585,0,-0.0077001154,-0.050038934,-0.018326104,0.16677108,-0.050518755,-0.2897579,True,1.0
265648.030684585,20000000,0.031254083,-0.011740893,-0.04119736,0.1725296,-0.059287418,-0.18387152,True,1.0
265648.050684585,0,-0.0050911903,0.0041217506,-0.0076559186,0.11916284,-0.0012206435,-0.13751641,True,1.0
265648.070684585,0,-0.010505319,0.016731024,-0.0031820536,0.0944207,0.015568683,-0.06942231,True,1.0
265648.090684585,20000000,-2.348423e-05,0.016393274,-0.005287051,0.07472738,0.038706385,-0.030417677,True,1.0
265648.110684585,0,-0.0010071993,0.011779338,0.0032479167,0.06032718,0.039944075,-0.00038876012,True,1.0
265648.130684585,0,-0.0028678179,0.007938594,0.007797599,0.039171163,0.034708854,0.01886974,True,1.0
265648.150684585,20000000,-0.0026123226,0.0014383495,0.010506332,0.024610959,0.031774126,0.022646012,True,1.0
265648.170684585,0,-0.005657643,-0.0013333559,0.008930743,0.022462554,0.0146105625,0.01600934,True,1.0
265648.190684585,20000000,-0.008702666,-0.004105121,0.0073547363,0.02031415,-0.002553001,0.009372667,True,1.0
265648.210684585,0,-0.02705124,-0.027637422,0.022033513,0.04305172,-0.08910813,-0.097515486,True,1.0
265648.230684585,20000000,0.00313735,-0.04366207,0.0073165298,0.102366336,-0.09875169,-0.035526525,True,1.0
265648.250684585,0,-0.011225373,0.0121385455,0.01322335,0.3362101,-0.26190275,-0.29262286,True,1.0
265648.270684585,0,0.031875223,0.03799483,-0.033349752,0.1518146,-0.109501004,-0.14923257,True,1.0
265648.290684586,20000000,-0.016525805,-4.5210123e-05,0.034248233,0.13544056,-0.12601526,0.007909641,True,1.0
265648.310684586,0,-0.0027876794,-0.0027666092,0.0094611645,0.13988057,-0.13820362,0.056598905,True,1.0
265648.330684586,20000000,-0.020806342,-0.024697453,0.0436275,0.15745911,-0.1500023,0.016963579,True,1.0
265648.350684586,0,0.009128749,-0.0126796365,0.00030344725,0.10828572,-0.1799393,0.029657487,True,1.0
265648.370684586,0,0.008341461,0.004855156,-0.0033295155,0.081025995,-0.18198666,0.024944782,True,1.0
265648.390684586,20000000,0.011634976,0.0021128058,-0.006122589,0.056524258,-0.1566109,0.014663268,True,1.0
265648.410684586,0,0.009465188,-0.00092709064,-0.010140061,0.031852014,-0.15087374,0.007265502,True,1.0
265648.430684586,0,0.009517878,-0.0053775907,-0.015639067,0.0133219175,-0.103202954,-0.026433716,True,1.0
265648.450684586,20000000,0.009572446,-0.009826034,-0.02114278,-0.0052081794,-0.05553217,-0.06013293,True,1.0
265648.470684586,40000000,0.009628981,-0.014272302,-0.026651144,-0.023738276,-0.007861391,-0.093832135,True,1.0
265648.490684586,0,-0.010136992,-0.0105865,-0.031229317,-0.05908922,0.11661725,-0.1114304,True,1.0
265648.510684586,0,-0.0051312447,-0.0065092146,-0.025881112,-0.07322426,0.23565228,-0.07384928,True,1.0
265648.530684586,20000000,-0.0048489273,-0.008006036,-0.01433599,-0.09514761,0.32094315,-0.0083850175,True,1.0
265648.550684586,0,0.009528667,0.013943821,-0.022348285,-0.097459845,0.37367886,0.055271298,True,1.0
265648.570684586,0,0.012029588,0.03584653,-0.013466597,-0.10136459,0.40744305,0.15104878,True,1.0
265648.590684586,20000000,0.011487305,0.0042098165,0.012156904,0.010313846,0.37559375,0.26304114,True,1.0
265648.610684586,0,-0.023896217,-0.012608677,0.04531622,0.06663586,0.16738607,0.24257578,True,1.0
265648.630684586,0,-0.01529336,-0.017698526,0.032729566,0.0661138,0.11365023,0.17887202,True,1.0
265648.650684586,20000000,-0.006681919,-0.022788674,0.020140707,0.06559173,0.059914388,0.11516827,True,1.0
265648.670684586,0,-0.005562842,-0.019119263,0.016887128,0.06409293,0.014119878,0.07195197,True,1.0
265648.690684586,20000000,-0.004938334,-0.018229574,0.013166428,0.052500296,-0.002740847,0.038639195,True,1.0
265648.710684586,0,-0.00211367,-0.014319003,0.006732285,0.034269754,-0.00072080875,0.01848661,True,1.0
265648.730684586,20000000,-0.0014690757,-0.009131253,0.004262507,0.01656767,0.0025239578,0.008427742,True,1.0
265648.750684586,0,-0.0010627806,-0.0061139762,0.00299263,-0.008192509,0.0074184253,0.0017549768,True,1.0
265648.770684586,20000000,-0.00065651536,-0.0030966103,0.0017226934,-0.03295269,0.012312893,-0.0049177883,True,1.0
265648.790684586,0,-0.006615728,-0.008521944,0.0036318898,-0.06871058,0.0018678727,-0.037324194,True,1.0
265648.810684586,0,-0.0056240857,-0.011384994,0.0058528185,-0.08699606,0.014826878,-0.038395643,True,1.0
265648.830684586,0,0.00929752,0.00199005,-0.011920452,-0.117579974,0.08153308,0.027890481,True,1.0
265648.850684586,0,0.003410697,-0.0023308694,-0.008595765,-0.04792186,0.014833115,-0.026430584,True,1.0
265648.870684586,20000000,-0.0024757087,-0.006651938,-0.005271077,0.021736264,-0.05186685,-0.08075165,True,1.0
265648.890684586,0,-0.0015957057,0.0005637109,0.0006155968,0.050320767,-0.087973565,-0.06432042,True,1.0
265648.910684586,20000000,0.010732681,0.017097712,-0.0059660673,0.023737336,-0.053549334,-0.04896979,True,1.0
265648.930684586,0,0.0035064816,0.006460279,0.0056871176,0.0023977943,-0.015434254,-0.016238812,True,1.0
265648.950684586,20000000,0.0014867783,0.0019300878,0.0008651614,-0.011669438,-0.013235425,0.01950322,True,1.0
265648.970684586,0,0.009185821,-0.0036986768,-0.009369969,-0.028924499,0.0031893468,0.03234438,True,1.0
265648.990684586,0,0.008346349,-0.004306048,-0.010813534,-0.054373313,0.04316015,0.052818973,True,1.0
265649.010684586,20000000,0.01603201,0.019845396,-0.01791358,-0.12484759,0.13741037,0.17207883,True,1.0
265649.030684586,0,0.04855767,0.02919501,-0.047821224,-0.1706227,0.3940779,0.3274464,True,1.0
265649.050684586,0,0.025853902,0.011539102,-0.024998844,-0.11507882,0.25584173,0.2126644,True,1.0
265649.070684586,20000000,0.0031505823,-0.0061085224,-0.0021857023,-0.05953494,0.11760552,0.097882375,True,1.0
265649.090684586,40000000,-0.005913526,-0.010029823,0.012066424,0.00035420433,0.018089995,0.0476041,True,1.0
265649.110684586,0,-0.006191492,-0.01711303,0.016197622,0.024298262,-0.0631965,0.016467715,True,1.0
265649.130684586,0,-0.010100096,-0.021781117,0.021990478,0.04190638,-0.113658056,-0.0033149756,True,1.0
265649.150684586,20000000,0.006313771,-0.060776412,0.030205011,0.17656013,-0.1815905,-0.18296301,True,1.0
265649.170684586,0,-0.009537995,-0.05788344,0.023627222,0.1244517,-0.18766692,-0.13173354,True,1.0
265649.190684586,0,0.0010792911,-0.026504159,-0.00043344498,0.119769216,-0.14409445,-0.10782175,True,1.0
265649.210684586,0,-0.0037164986,-0.0031389594,-0.00671643,0.10591116,-0.062418856,-0.10346187,True,1.0
265649.230684586,0,-0.0067650974,0.009965599,-0.009552002,0.060741812,-0.018158115,-0.06981329,True,1.0
265649.250684586,20000000,-0.0041098893,0.008820295,-0.007593155,0.015401568,0.007373294,-0.043317065,True,1.0
265649.270684586,0,-0.0021612644,0.0021910965,-0.0016140342,-0.0041684695,0.024194235,-0.006890148,True,1.0
265649.290684586,0,-0.0027924478,-0.0039719343,0.0054364204,-0.0033364997,0.026917653,0.019806918,True,1.0
265649.310684586,0,-0.0022920668,-0.0051774085,0.005967438,-0.0010875491,0.027308896,0.024970286,True,1.0
265649.330684586,0,-0.0045143366,-0.00895986,0.00993073,0.0026444704,0.015492274,0.017365543,True,1.0
265649.350684587,20000000,-0.0033271909,-0.0078044534,0.008482337,-0.0052352822,0.0068230573,0.00623852,True,1.0
265649.370684587,0,-0.0029367805,-0.009681493,0.0076109767,-0.0170887,-0.00079938397,-0.00079532014,True,1.0
265649.390684587,0,-0.0034270585,-0.012485802,0.0068536997,-0.022787496,0.0043468187,-0.011135995,True,1.0
265649.410684587,0,0.00016027689,-0.013814092,0.0035706758,-0.008583501,0.001720937,-0.016656771,True,1.0
265649.430684587,0,-0.0011893213,-0.003985882,0.0023821592,-0.005176007,0.0050969664,-0.008239085,True,1.0
265649.450684587,0,-0.0026335418,-0.0025451183,-0.0003619194,-0.014060082,0.010592809,0.006639487,True,1.0
265649.470684587,20000000,0.0051154494,-0.009073257,-0.0074886084,-0.022153676,0.028489275,0.00023075705,True,1.0
265649.490684587,0,-0.008493036,-0.015020251,0.0019848943,-0.029093802,0.019825596,-0.023060024,True,1.0
265649.510684587,0,0.0015711188,-0.017154247,-0.0045232177,-0.0012873933,0.06929762,0.04037477,True,1.0
265649.530684587,0,-0.009114832,-0.02433598,0.010500491,0.049619645,0.060760844,-0.0030186959,True,1.0
265649.550684587,0,-0.02680257,-0.022055268,0.021568239,0.06304377,-0.07015705,-0.13240997,True,1.0
265649.570684587,20000000,-0.009319246,-0.01292482,0.007273495,0.08524937,-0.12853095,-0.1767989,True,1.0
265649.590684587,0,0.0008684099,-0.0025406778,0.0076009035,0.09673557,-0.13541895,-0.16682276,True,1.0
265649.610684587,0,0.005953163,-0.0046930313,0.007303536,0.070271865,-0.07912554,-0.13784716,True,1.0
265649.630684587,0,0.0011577308,-0.0032511055,0.015677154,0.033637367,-0.09947855,-0.06396279,True,1.0
265649.650684587,20000000,-0.0035016835,0.00026729703,0.0090507865,0.04105743,-0.08825782,-0.06726696,True,1.0
265649.670684587,0,0.0060089827,-0.006412983,0.00030821562,0.027814921,-0.08844176,-0.07690138,True,1.0
265649.690684587,20000000,0.015520662,-0.013091385,-0.008437216,0.014572414,-0.08862569,-0.0865358,True,1.0
265649.710684587,40000000,0.0032855272,0.0016223192,-0.0049806833,-0.040326856,-0.0086412355,-0.036694698,True,1.0
265649.730684587,0,-0.0022774935,0.00874722,-0.009278059,-0.09888552,0.08581507,0.026496649,True,1.0
265649.750684587,20000000,0.007414609,0.01224035,-0.013834059,-0.13250074,0.22329845,0.1552293,True,1.0
265649.770684587,0,0.062494963,0.09020409,-0.035895944,-0.13561228,0.2932847,0.42073795,True,1.0
265649.790684587,0,-0.017915577,-0.021500409,0.032297015,-0.15277481,0.3621001,0.22317922,True,1.0
265649.810684587,0,-0.038903534,-0.01626259,0.05120766,-0.06860905,0.06456581,0.17815161,True,1.0
265649.830684587,0,-0.012881666,-0.019601464,0.032760262,-0.055922482,-0.018493861,0.09785941,True,1.0
265649.850684587,20000000,0.006932497,-0.022071213,0.022017121,-0.05935984,-0.043374773,0.05018084,True,1.0
265649.870684587,0,-0.0029679537,-0.014433563,0.017354727,-0.07983443,-0.05429036,0.01797833,True,1.0
265649.890684587,0,-0.008776307,-0.022619456,0.014582992,-0.054033466,-0.077293254,-0.014793649,True,1.0
265649.910684587,0,-0.007757604,-0.02670601,0.0133013725,0.009932347,-0.10347849,-0.043777756,True,1.0
265649.930684587,0,-8.997321e-05,-0.030224383,0.005863726,0.04425583,-0.12592031,-0.094824046,True,1.0
265649.950684587,20000000,-0.007718712,-0.01917705,0.014535069,0.113085404,-0.2020581,-0.10136293,True,1.0
265649.970684587,0,0.011009067,-0.0039764345,-0.01517117,0.07047002,-0.056733355,-0.106606804,True,1.0
265649.990684587,20000000,0.000102996826,0.010994554,-0.012057185,0.02219652,0.0046965964,-0.06810558,True,1.0
265650.010684587,0,-0.0024081469,0.013424993,-0.004802227,-0.014159683,0.014247036,-0.017378632,True,1.0
265650.030684587,20000000,-0.005208373,0.0046125352,0.0056657195,-0.031326264,0.0013686037,0.0155553445,True,1.0
265650.050684587,0,-0.0019767582,0.0012951195,0.006559849,-0.051288858,0.017306194,0.03058941,True,1.0
265650.070684587,0,-0.0034685433,0.0018563867,0.007995129,-0.058305748,0.01603786,0.039292794,True,1.0
265650.090684587,20000000,-0.0030136108,-0.002863109,0.008672655,-0.05753164,0.003531578,0.042172257,True,1.0
265650.110684587,0,-0.004422426,-0.0062551796,0.008151591,-0.061593782,0.004584042,0.0264461,True,1.0
265650.130684587,20000000,-0.0053705573,-0.007326126,0.006287515,-0.050741054,-0.011873838,0.029125735,True,1.0
265650.150684587,0,-0.0072027147,-0.0040732324,0.0026754737,-0.046072923,-0.02422745,0.027130464,True,1.0
265650.170684587,0,0.00055933,-0.00789246,-0.0050485134,-0.052828327,-0.001754282,0.011877906,True,1.0
265650.190684587,20000000,0.00024476647,-0.0038809776,-0.006489575,-0.06216981,0.01475767,0.00025999174,True,1.0
265650.210684587,0,-0.0031374693,-0.0008313954,-0.0028030276,-0.07208766,0.005082147,0.00089759554,True,1.0
265650.230684587,0,-0.023012966,-0.0100726485,0.010972798,-0.058230355,-0.036682077,-0.028034057,True,1.0
265650.250684587,0,0.00257954,-0.030454755,-0.0061585307,-0.015870012,0.010208506,0.04227898,True,1.0
265650.270684587,0,-0.020745903,0.0069301724,0.0033311248,0.07739286,-0.102802426,-0.07380751,True,1.0
265650.290684587,0,-0.017147541,-0.0016370416,0.0044229627,0.10161954,-0.14392196,-0.16823238,True,1.0
265650.310684587,0,-0.004141897,-0.0015985966,0.007029295,0.16643369,-0.17450978,-0.18338743,True,1.0
265650.330684587,0,0.007199794,0.0021267533,0.0068867207,0.12191794,-0.10645127,-0.099757835,True,1.0
265650.350684587,0,-0.017211437,-0.04625395,0.037783265,0.12186203,-0.15494333,-0.08232424,True,1.0
265650.370684587,20000000,-0.000115543604,-0.019536555,0.008484006,0.102888875,-0.1768497,-0.114740014,True,1.0
265650.390684587,0,-0.0009281635,-0.02315569,0.0086865425,0.12083009,-0.18151127,-0.15737393,True,1.0
265650.430684588,0,0.00910303,0.020409405,-0.020669043,0.032922115,-0.15141112,-0.1351824,True,1.0
265650.450684588,0,0.014082998,0.017340034,-0.022189438,-0.0143114105,-0.07781051,-0.1066243,True,1.0
265650.470684588,20000000,0.0016102493,0.0082530975,-0.012603521,-0.04496023,-0.06131369,-0.08019665,True,1.0
265650.490684588,0,-0.0057261586,-0.0018653274,-0.0051298738,-0.10333189,-0.076730795,-0.11931816,True,1.0
265650.510684588,20000000,0.0059215724,-0.02154693,-0.013071597,-0.09835938,0.039145745,-0.13366896,True,1.0
265650.530684588,0,0.018062592,-0.010956407,0.001460731,-0.06685935,0.18490073,-0.13050304,True,1.0
265650.550684588,0,0.016476572,-0.00049316883,-0.004832387,-0.10269977,0.2344992,-0.04149299,True,1.0
265650.570684588,20000000,0.014894754,0.009970009,-0.011155367,-0.1385402,0.28409767,0.047517054,True,1.0
265650.590684588,40000000,0.013317198,0.020433396,-0.01750809,-0.17438063,0.33369613,0.13652709,True,1.0
265650.610684588,0,0.016326517,-0.007530898,-0.022602618,-0.1371867,0.53705615,0.17626269,True,1.0
265650.630684588,20000000,-0.079307705,-0.039039403,0.09535724,0.031494126,0.0202896,0.13959226,True,1.0
265650.650684588,0,0.004599333,-0.022249341,0.00049996376,-0.013519578,0.029383093,0.08911532,True,1.0
265650.670684588,0,0.007238537,-0.033407748,0.012907326,0.036303647,-0.018458225,0.04595628,True,1.0
265650.690684588,0,-0.0019949675,-0.01856333,0.019988894,0.030055784,-0.008754554,0.004588399,True,1.0
265650.710684588,20000000,-0.0069037676,-0.011632264,0.018413603,0.03413634,-0.04146891,-0.013366906,True,1.0
265650.730684588,0,0.0009596348,-0.0047570467,0.0032919645,-0.00019909814,-0.033378057,-0.013789195,True,1.0
265650.750656042,0,0.0009583945,-0.00687837,0.005386753,-0.03251036,-0.029899806,-0.0146910045,True,1.0
265650.770656042,0,-0.0013174415,-0.0068543255,0.006447315,-0.04075736,-0.016887967,-0.0025000647,True,1.0
265650.790656042,20000000,-0.0014406741,-0.0038581192,0.003794074,-0.041973844,-0.004748081,0.010105379,True,1.0
265650.810656042,0,-0.0007080436,-0.0018963814,0.001865387,-0.043140806,0.0051538907,0.021053676,True,1.0
265650.830656042,0,0.003222853,-0.0037716925,-0.00039720535,-0.03444163,0.025983177,0.041234802,True,1.0
265650.850656042,20000000,0.007153362,-0.0056473315,-0.0026606917,-0.025742454,0.046812464,0.06141593,True,1.0
265650.870656042,40000000,0.011083692,-0.007523477,-0.004925132,-0.017043278,0.06764175,0.08159706,True,1.0
265650.890656042,0,-0.010346323,-0.040213525,0.021273792,0.023131236,0.020022996,-0.023884363,True,1.0
265650.910656042,20000000,-0.014762104,-0.023629248,0.01474905,0.04603371,-0.08132058,-0.089497246,True,1.0
265650.930656042,0,-0.0044971406,-0.026589423,0.006753862,0.07836078,-0.122128814,-0.13436052,True,1.0
265650.950656042,20000000,0.0043260753,-0.014433026,0.00026726723,0.08631637,-0.09878366,-0.15555725,True,1.0
265650.970656042,0,0.0049763024,-0.017400116,0.007360339,0.09354186,-0.054280218,-0.17198478,True,1.0
265650.990656042,0,0.0044935346,-0.011613488,0.0036008358,0.058530904,-0.056460343,-0.16162138,True,1.0
265651.010656042,0,0.0033969283,0.0014636517,0.0011709929,0.016982663,-0.027572867,-0.12045649,True,1.0
265651.030656042,20000000,0.010443747,0.0070565045,-0.009599268,-0.006948339,0.019309781,-0.095180035,True,1.0
265651.050656042,0,0.016954184,0.018357545,-0.016462207,-0.0795856,0.10921008,0.016976722,True,1.0
265651.070656042,0,0.03573203,0.02741924,-0.048659027,-0.17635679,0.33097652,0.17183068,True,1.0
265651.090656042,20000000,-0.02399084,0.011867791,0.018340766,-0.10584357,0.21225165,0.13718924,True,1.0
265651.110656042,0,-0.010517836,-0.0046055913,0.009339392,-0.076936275,0.14601634,0.113609925,True,1.0
265651.130656042,20000000,-0.0063912272,-0.0023648143,0.013168156,-0.069701925,0.08429587,0.083582565,True,1.0
265651.150656042,0,-0.010869414,-0.015824556,0.020091414,-0.075183384,0.03504622,0.02392777,True,1.0
265651.170656042,20000000,-0.015348196,-0.029284656,0.027011454,-0.08066484,-0.014203429,-0.035727024,True,1.0
265651.190656042,40000000,-0.021416932,-0.04729542,0.0304991,-0.047851957,-0.077953964,-0.10081282,True,1.0
265651.210656042,0,-0.011045963,-0.038739175,0.028586924,0.029900387,-0.21478528,-0.23615925,True,1.0
265651.230656042,0,-0.016222775,-0.033679903,0.029677808,0.023251558,-0.29207453,-0.36539355,True,1.0
265651.250656042,0,-0.008774489,-0.03140858,0.01754886,-0.017657412,-0.3055374,-0.46103206,True,1.0
265651.270656042,0,-0.013107866,-0.02623725,0.020268321,-0.071116164,-0.34061363,-0.53875566,True,1.0
265651.290656042,0,-0.01146996,-0.02021268,0.02182573,-0.15377809,-0.39221215,-0.61498004,True,1.0
265651.310656042,0,-0.009382904,-0.023014903,0.024589777,-0.26411742,-0.43540323,-0.6912111,True,1.0
265651.330656042,0,-0.009558588,-0.018061489,0.030125737,-0.38718656,-0.46972352,-0.76779693,True,1.0
265651.350656042,20000000,-0.00615409,-0.011660725,0.030850291,-0.51415145,-0.48235592,-0.8403557,True,1.0
265651.370656042,0,-0.0072633326,-0.011426479,0.034144163,-0.62648064,-0.48856643,-0.87867755,True,1.0
265651.390656042,0,-0.008000135,-0.012084693,0.035559595,-0.6564157,-0.48705456,-0.8924501,True,1.0
265651.410656042,20000000,-0.0078804195,-0.007837862,0.028262317,-0.6253713,-0.4823908,-0.86896545,True,1.0
265651.430656042,0,-0.0069508553,-0.008473098,0.022570014,-0.49370483,-0.4877337,-0.7963408,True,1.0
265651.450656042,0,0.004023224,0.015602335,-0.00832206,-0.30002367,-0.42069077,-0.6715406,True,1.0
265651.470656042,20000000,0.0151510835,0.03972687,-0.03930956,-0.10634254,-0.3536479,-0.54674035,True,1.0
265651.490656042,0,0.02113083,0.06692393,-0.058961034,0.07614444,-0.27668077,-0.39157367,True,1.0
265651.510656042,0,0.021137685,0.07841864,-0.06279963,0.22349797,-0.21321228,-0.23266646,True,1.0
265651.530656042,0,0.007534504,0.07452135,-0.052597404,0.34067032,-0.18924445,-0.11235817,True,1.0
265651.550656042,0,0.0006738007,0.06289399,-0.049032867,0.4148155,-0.16069771,0.065684944,True,1.0
265651.570656042,0,0.0042796433,0.025715157,-0.04119104,0.48432848,-0.10529569,0.1297501,True,1.0
265651.590656042,0,0.0019358993,0.052087307,-0.032191336,0.50627804,-0.13458073,0.13982907,True,1.0
265651.610656042,0,0.0042692125,0.040444225,-0.019780457,0.4959601,-0.12552795,0.13814692,True,1.0
265651.630656042,20000000,0.0070978105,0.024950206,-0.0024930835,0.42047745,-0.08924867,0.16959834,True,1.0
265651.650656043,0,0.013996318,0.0017096996,0.011993706,0.31650662,-0.022397064,0.19446369,True,1.0
265651.670656043,20000000,0.008454323,-0.008114487,0.025891185,0.17907362,-0.014806287,0.19342451,True,1.0
265651.690656043,0,0.008784741,-0.014474183,0.030799866,0.04813443,-0.0010373322,0.16559316,True,1.0
265651.710656043,0,0.013751358,-0.016217798,0.028553665,-0.08105609,-0.0038762263,0.13097148,True,1.0
265651.730656043,20000000,0.008509532,-0.02275306,0.034832776,-0.19004819,-0.011345662,0.1133961,True,1.0
265651.750656043,0,0.022515252,-0.0075066686,0.017946482,-0.29144824,0.053650327,0.1796612,True,1.0
265651.770656043,20000000,0.036504686,0.007731557,0.0010319948,-0.39284825,0.118646316,0.24592629,True,1.0
265651.790656043,40000000,0.020782158,0.00397487,0.0050700307,-0.43644953,0.11953978,0.23190884,True,1.0
265651.810656043,0,0.0053744316,0.0048921704,0.024707079,-0.49058938,-0.017896742,0.20534757,True,1.0
265651.830656043,0,-0.0068005025,-0.00431931,0.036203623,-0.5975922,-0.09348585,0.12855646,True,1.0
265651.850656043,0,0.0056457967,-0.019314751,0.022134006,-0.75608945,-0.12649736,0.056689702,True,1.0
265651.870656043,20000000,-0.014330566,-0.044058204,0.038164675,-0.857615,-0.17036144,-0.019707091,True,1.0
265651.890656043,0,-0.02093856,-0.05185941,0.03920269,-0.9224472,-0.20167582,-0.041832928,True,1.0
265651.910656043,0,-0.024691895,-0.061763704,0.046156764,-0.8377654,-0.26826805,-0.14932328,True,1.0
265651.930656043,0,0.0066723526,-0.06586844,0.017856538,-0.8744322,-0.26037076,-0.25245366,True,1.0
265651.950656043,0,0.0058591366,-0.047916383,0.0111582875,-0.90929,-0.2103781,-0.2996995,True,1.0
265651.970656043,20000000,-0.010021672,-0.04258088,0.025318205,-0.88834006,-0.22113368,-0.3063236,True,1.0
265651.990656043,0,-0.011389002,-0.03866417,0.019637942,-0.8252641,-0.23263669,-0.29855773,True,1.0
265652.010656043,0,-0.0046097934,-0.026941098,0.004121363,-0.7238405,-0.25743577,-0.28825623,True,1.0
265652.030656043,20000000,-0.003327772,-0.015386082,-0.009552896,-0.60793066,-0.27533376,-0.26594853,True,1.0
265652.050656043,0,-0.0038541555,-0.0063965917,-0.019401371,-0.48562068,-0.2759956,-0.21504131,True,1.0
265652.070656043,20000000,-0.0043281466,0.002599664,-0.029374242,-0.3633107,-0.27665746,-0.16413409,True,1.0
265652.090656043,40000000,-0.005815074,0.0028231107,-0.029665291,-0.2572183,-0.26019543,-0.10662939,True,1.0
265652.110656043,0,-0.005117312,0.0055625755,-0.035572946,-0.18661837,-0.231256,-0.05109906,True,1.0
265652.130656043,20000000,-0.0076659173,0.0037283413,-0.026376486,-0.13946661,-0.20962033,0.0034454837,True,1.0
265652.150656043,0,-0.007084891,0.0027242266,-0.019440532,-0.11151255,-0.18105005,0.04255075,True,1.0
265652.170656043,20000000,-0.006088674,0.004215315,-0.01437211,-0.111250184,-0.15547696,0.07388887,True,1.0
265652.190656043,0,-0.0075622946,0.0015954915,-0.0085173845,-0.12233815,-0.12766865,0.09229216,True,1.0
265652.210656043,0,-0.008616358,0.0031381752,-0.0030255914,-0.14443421,-0.11545814,0.10251169,True,1.0
265652.230656043,20000000,-0.0065431446,-0.001957165,0.0047307014,-0.16572677,-0.11640243,0.06996914,True,1.0
265652.250656043,0,-0.010637999,-0.023749644,0.009027183,-0.15647288,-0.16563478,0.028321587,True,1.0
265652.270656043,20000000,-0.014734507,-0.045547858,0.013302028,-0.14721899,-0.21486712,-0.013325967,True,1.0
265652.290656043,0,-0.0033682883,-0.006877712,0.010549486,-0.090614066,-0.27826253,-0.09816255,True,1.0
265652.310656043,0,-0.0023393184,-0.0018690918,0.024786532,-0.107721694,-0.30928212,-0.0411121,True,1.0
265652.330656043,0,0.0031119436,-0.0093235085,0.021932483,-0.15599667,-0.2952557,0.019102957,True,1.0
265652.350656043,20000000,0.0042134076,-0.028050499,0.026708364,-0.19739102,-0.29183844,0.06681752,True,1.0
265652.370656043,0,-0.0055264533,-0.016818652,0.030325115,-0.24980143,-0.32081604,0.03594736,True,1.0
265652.390656043,20000000,0.0005699247,-0.016318295,0.027870417,-0.36083892,-0.30738667,-0.0058230422,True,1.0
265652.410656043,0,0.0011147708,-0.011423052,0.014084399,-0.500931,-0.29080796,-0.03614085,True,1.0
265652.430656043,20000000,0.0052465126,-0.024991324,-0.003961861,-0.60445184,-0.23438105,-0.046008382,True,1.0
265652.450656043,0,0.004830405,-0.017553441,-0.021887243,-0.7094678,-0.104180336,-0.073053814,True,1.0
265652.470656043,0,0.0027292743,-0.025393369,-0.0138421655,-0.7272378,-0.004034072,-0.07308569,True,1.0
265652.490656043,20000000,-0.0064055696,-0.045892064,-0.026677847,-0.70137805,0.030134346,-0.12933594,True,1.0
265652.510656043,0,0.021917202,0.010706738,-0.08299482,-0.716699,0.11338632,-0.11115335,True,1.0
265652.530656043,0,-0.01892706,0.02101504,-0.022250533,-0.6256126,-0.05384101,-0.14013363,True,1.0
265652.550656043,0,-0.0011091605,0.0080107525,-0.027693272,-0.60362864,-0.016406208,-0.18840127,True,1.0
265652.570656043,0,-0.0130668655,0.0012016594,-0.02423793,-0.5984385,0.0014866199,-0.20197675,True,1.0
265652.590656043,20000000,0.0024005398,-0.03257925,-0.033343196,-0.5893973,-0.009364997,-0.25024012,True,1.0
265652.610656043,0,0.0018549263,-0.040272713,-0.03671688,-0.57203424,0.035537012,-0.28908947,True,1.0
265652.630656043,0,0.041187294,-0.10136901,-0.06960797,-0.28917652,0.061710335,-0.3472002,True,1.0
265652.650656043,20000000,0.07181008,-0.05117929,-0.08831185,-0.23460297,0.15301663,-0.2980629,True,1.0
265652.670656043,0,0.029466152,-0.012600079,-0.02775979,-0.18092585,0.19183075,-0.2593779,True,1.0
265652.690656043,0,0.018236145,0.010507882,0.0027543306,-0.13411926,0.17600106,-0.15927675,True,1.0
265652.710656043,0,-0.0034736171,0.02088648,0.04446572,-0.06903376,0.09649859,-0.0629848,True,1.0
265652.730656044,20000000,-0.012191504,0.012550622,0.057296515,-0.0063816905,0.03427616,-0.015838832,True,1.0
265652.750656044,0,-0.030069463,0.0137298405,0.04861349,-0.00784794,-0.036504243,0.024511237,True,1.0
265652.770656044,20000000,-0.047946483,0.0149078965,0.039928198,-0.009314189,-0.10728465,0.0648613,True,1.0
265652.790656044,40000000,-0.065822504,0.016084835,0.031240642,-0.010780438,-0.17806506,0.10521136,True,1.0
265652.810656044,0,-0.036077417,-0.009727076,-0.005350709,-0.045764625,-0.1795,0.061866153,True,1.0
265652.830656044,0,-0.023596741,-0.011994958,-0.027135551,-0.06321534,-0.14050722,-0.027760286,True,1.0
265652.850656044,0,-0.0223687,0.0007711351,-0.035375893,-0.050270278,-0.067038335,-0.10043815,True,1.0
265652.870656044,20000000,-0.056759197,0.026080206,-0.017101884,-0.0132554695,-0.023809586,-0.062239952,True,1.0
265652.890656044,0,-0.0720573,0.047752693,-0.01981908,-0.008856455,-0.0011172667,-0.0035071038,True,1.0
265652.910656044,20000000,-0.052680377,0.05154699,-0.039223492,-0.015789792,0.036634456,0.026075684,True,1.0
265652.930656044,0,-0.007841222,0.046868786,-0.04566896,0.02782996,0.11344884,-0.04242239,True,1.0
265652.950656044,0,0.0043084174,0.07997349,-0.046601415,0.04490237,0.2123304,-0.11533758,True,1.0
265652.970656044,0,-0.0016491935,0.07261334,-0.01990658,0.10328235,0.21450163,-0.124964125,True,1.0
265652.990656044,20000000,3.97712e-05,0.07139626,-0.020296574,0.19148366,0.13737042,-0.059030958,True,1.0
265653.010656044,0,0.03932304,0.044514656,-0.036760867,0.29800934,0.122153044,-0.008457866,True,1.0
265653.030656044,20000000,0.048654944,0.04131952,-0.030497253,0.37287492,0.15371025,0.037961237,True,1.0
265653.050656044,0,0.050419055,0.024806157,-0.019536197,0.37119177,0.1536616,0.1155367,True,1.0
265653.070656044,20000000,0.052211486,0.0083106905,-0.008648574,0.36950862,0.15361294,0.19311216,True,1.0
265653.090656044,40000000,0.05403249,-0.00816752,0.0021653175,0.36782548,0.15356429,0.27068764,True,1.0
265653.110656044,60000000,0.03677328,-0.03075818,0.03046143,0.39190316,0.16268623,0.28135592,True,1.0
265653.130656044,0,0.0063764006,-0.044931434,0.047113,0.4147073,0.11776931,0.3288368,True,1.0
265653.150656044,0,0.021593273,-0.067656726,0.02838111,0.4319081,0.081194066,0.29309908,True,1.0
265653.170495333,0,0.029309433,-0.06803917,0.019087331,0.39381278,0.0721731,0.2051523,True,1.0
265653.190495333,20000000,0.0072776675,-0.04931993,0.021496058,0.33592474,0.018122636,0.17356977,True,1.0
265653.210495333,0,0.011763051,-0.039977577,0.009479046,0.2777448,0.00023777597,0.18051067,True,1.0
265653.230495333,0,0.0028791428,-0.028817639,0.008081973,0.20069417,0.0056927437,0.17281446,True,1.0
265653.250495333,20000000,-0.0059956163,-0.017655171,0.0066770315,0.12364355,0.011147711,0.16511825,True,1.0
265653.270495333,40000000,-0.0148613155,-0.006490238,0.005264342,0.04659292,0.01660268,0.15742204,True,1.0
265653.290495333,0,-0.012492359,-0.009255171,-0.0004735589,-0.0018422268,0.045377154,0.12909317,True,1.0
265653.310495333,20000000,-0.009270698,-0.008278072,-0.0045146346,-0.0126077235,0.054364815,0.11244988,True,1.0
265653.330495333,0,-0.006482303,-0.009054914,-0.003563583,0.0037942287,0.06913226,0.07264897,True,1.0
265653.350495333,20000000,-0.003693238,-0.009829655,-0.0026148558,0.020196185,0.083899714,0.03284807,True,1.0
265653.370495334,0,0.0012614578,-0.004710138,-0.0030703545,0.031052437,0.07833682,0.00558622,True,1.0
265653.390495334,20000000,0.0062160194,0.00040856004,-0.0035290122,0.04190869,0.072773926,-0.021675633,True,1.0
265653.410495333,40000000,0.011170447,0.005526431,-0.00399071,0.052764945,0.06721103,-0.04893749,True,1.0
265653.430495334,0,0.009333253,0.006633781,0.0015261173,0.05133607,0.06059648,-0.07008446,True,1.0
265653.450495334,0,0.0075277835,0.01445514,0.004362762,0.04723965,0.048509534,-0.0644634,True,1.0
265653.470495334,0,0.005386889,0.016991682,0.0077978373,0.041644454,0.026866782,-0.025632542,True,1.0
265653.490495334,20000000,0.0047551543,0.006307259,0.007038653,0.058616675,0.00083132833,-0.0022095852,True,1.0
265653.510495334,0,0.0030996203,0.004040692,0.0048128366,0.09070344,-0.010675954,0.030286156,True,1.0
265653.530495334,20000000,0.0014464408,0.0017740838,0.0025820136,0.12279021,-0.022183236,0.06278189,True,1.0
265653.550495334,40000000,-0.00020432472,-0.00049252063,0.00034612417,0.15487698,-0.033690516,0.09527763,True,1.0
265653.570495334,0,-1.4349818e-05,0.0025483035,-0.004946649,0.14393927,-0.041595444,0.12777904,True,1.0
265653.590495334,20000000,0.00066770613,0.0053343438,-0.008100033,0.11431236,-0.033754878,0.14126858,True,1.0
265653.610495334,0,-0.0030961484,0.003528379,-0.011931717,0.06965632,0.0035407506,0.1602097,True,1.0
265653.630495334,0,-0.01740858,-0.032375336,-0.0030706525,0.07374656,-0.035303254,0.1250681,True,1.0
265653.650495334,20000000,-0.031718366,-0.06827991,0.0057899356,0.07783681,-0.074147254,0.089926496,True,1.0
265653.670495334,40000000,-0.04602544,-0.10418534,0.014649868,0.08192706,-0.11299126,0.05478489,True,1.0
265653.690495334,60000000,-0.040715367,-0.039069023,0.01591438,0.069509566,-0.14594455,0.078045025,True,1.0
265653.710495334,0,-0.020540759,-0.015580827,-0.008237302,0.016157463,-0.059550047,0.05449903,True,1.0
265653.730495334,0,-0.017274141,-0.013419541,-0.016041756,-0.009074509,-0.013763931,0.050678186,True,1.0
265653.750495334,0,-0.012854144,-0.014315527,-0.019672513,-0.0111736115,0.02225386,0.056762557,True,1.0
265653.770495334,0,-0.0071771443,-0.016381573,-0.018567443,-0.00039475132,0.051421836,0.0596949,True,1.0
265653.790495334,20000000,-0.0051866174,-0.015025672,-0.014643729,0.011221344,0.06914416,0.051279,True,1.0
265653.810495334,0,-0.0037762672,-0.012108628,-0.008133531,0.018215137,0.08616478,0.032929268,True,1.0
265653.830495334,20000000,-0.0029692203,-0.01222064,-0.0056940913,0.019629778,0.09979985,0.025443004,True,1.0
265653.850495334,0,-0.004551828,-0.0148977265,0.0025864244,0.036060896,0.08943924,0.0152176125,True,1.0
265653.870495334,20000000,-0.0061337203,-0.017574426,0.010863066,0.052492015,0.07907864,0.0049922196,True,1.0
265653.890495334,40000000,8.72463e-05,-0.023554144,0.011446774,0.09781596,0.067978665,-0.007045747,True,1.0
265653.910495334,0,0.0063482076,-0.019445699,0.0027823448,0.15498775,0.05919285,0.00079623424,True,1.0
265653.930495334,0,0.0008021891,-0.025310334,0.012968063,0.36913624,-0.019450456,0.0047120056,True,1.0
265653.950495334,20000000,-0.004747495,-0.03117327,0.023107588,0.58328474,-0.09809377,0.008627778,True,1.0
265653.970495334,0,0.016338125,0.016276587,-0.008407474,0.72037613,-0.116959445,0.089999214,True,1.0
265653.990495334,0,0.020358637,0.037530586,-0.01664871,0.7591806,-0.12889948,0.117678896,True,1.0
265654.010495334,20000000,0.026437342,0.022678124,-0.0022791028,0.77967906,-0.13704665,0.07672537,True,1.0
265654.030495334,0,0.014852479,0.026417006,0.0028737783,0.70086074,-0.15854816,0.06965275,True,1.0
265654.050495334,0,0.009689152,0.027191758,0.007381797,0.5849029,-0.16085486,0.04402867,True,1.0
265654.070495334,20000000,0.009547025,0.030928744,0.008779407,0.4057075,-0.13398822,0.0060487688,True,1.0
265654.090495334,0,0.0045613796,0.023577891,0.017243922,0.19692825,-0.12310097,-0.037879102,True,1.0
265654.110495334,0,-0.0021102577,0.0082569495,0.027776778,0.010848597,-0.10700375,-0.06280695,True,1.0
265654.130495334,0,-0.003894776,-0.011031844,0.03560716,-0.14735967,-0.086182356,-0.07239161,True,1.0
265654.150495334,0,-0.004815921,-0.021504987,0.0332976,-0.20478827,-0.07492768,-0.07109205,True,1.0
265654.170495334,20000000,-0.005730048,-0.03197851,0.030964494,-0.26221687,-0.063673005,-0.06979249,True,1.0
265654.190495334,0,-0.0067479163,-0.035580993,0.022846758,-0.28211352,-0.07853507,-0.06640347,True,1.0
265654.210495334,0,-0.0054383725,-0.028551172,0.0067145824,-0.26597476,-0.090802185,-0.058547303,True,1.0
265654.230495334,0,-0.010512181,-0.02651627,-0.003079176,-0.2187435,-0.10905456,-0.041444756,True,1.0
265654.250495334,0,-0.007244356,-0.020853408,-0.0187518,-0.14393361,-0.113174625,-0.029291328,True,1.0
265654.270495334,20000000,-0.005055353,-0.009215247,-0.031453133,-0.07145409,-0.10815771,-0.0191634,True,1.0
265654.290495334,0,-0.0035624355,0.0056027398,-0.043200374,-0.030159831,-0.07452202,0.01736435,True,1.0
265654.310495334,20000000,-0.0041534826,0.013491696,-0.043416917,0.014794011,-0.050071545,0.028525256,True,1.0
265654.330495334,0,-0.0058518723,0.008466529,-0.033590198,0.042271998,-0.035117626,0.03108786,True,1.0
265654.350495334,20000000,-0.0039473176,0.0064121094,-0.021000147,0.049998574,-0.03245164,0.036499444,True,1.0
265654.370495334,0,-0.0020927042,0.003353348,-0.008034229,0.026026443,0.013431456,0.044188377,True,1.0
265654.390495334,0,0.0053321496,0.00056251884,-0.00591141,0.0020919368,0.04771861,0.037660886,True,1.0
265654.410495334,20000000,0.0021704435,-0.0029449798,0.005918443,-0.026331434,0.050009757,0.030910693,True,1.0
265654.430495334,0,0.0035361797,-0.0008976236,0.006133735,-0.060084745,0.051005524,0.023034919,True,1.0
265654.450495335,0,0.002860345,-0.005557444,0.014281988,-0.06833256,0.022681586,0.016395735,True,1.0
265654.470495335,20000000,0.0021839365,-0.010217017,0.022427917,-0.076580375,-0.0056423526,0.00975655,True,1.0
265654.490495335,0,0.0015370697,-0.013033681,0.020597696,-0.07088124,-0.042479753,-0.0022688154,True,1.0
265654.510495335,0,0.006897263,0.0005201511,0.011378229,-0.07051837,-0.081793085,-0.018459253,True,1.0
265654.530495335,20000000,0.003747806,0.0072468854,0.011646152,-0.080566056,-0.14043166,-0.029480621,True,1.0
265654.550495335,0,0.0045148283,0.004709307,0.005458653,-0.07473324,-0.14756563,-0.010843281,True,1.0
265654.570495335,20000000,0.0052833483,0.0021708403,-0.0007439852,-0.06890043,-0.15469961,0.007794058,True,1.0
265654.590495335,40000000,0.006053336,-0.0003684964,-0.006961882,-0.063067615,-0.16183358,0.026431398,True,1.0
265654.610495335,0,-2.9876828e-05,-0.012611259,-0.0031038523,-0.033441585,-0.14181186,0.043016396,True,1.0
265654.650495335,0,-0.005926341,-0.03404604,-0.00044202805,0.059349176,-0.09099783,-0.007416548,True,1.0
265654.670495335,20000000,-0.0045052245,-0.0411898,-0.0010141134,0.0933912,-0.008612223,-0.022629071,True,1.0
265654.690495335,0,-0.009108268,-0.0017517395,-0.008120775,0.066691235,0.008428846,-0.060837884,True,1.0
265654.710495335,20000000,-0.017115049,0.006084306,0.002048254,0.015507661,-0.01876001,-0.06473956,True,1.0
265654.730495335,0,-0.016328111,0.0060832575,0.0021070242,0.009083803,-0.04880347,-0.041635685,True,1.0
265654.750495335,0,-0.009387419,0.010610552,-0.005286753,-0.0039970772,-0.030645108,-0.020711178,True,1.0
265654.770495335,20000000,-0.0024466813,0.015137814,-0.012681007,-0.017077956,-0.012486745,0.00021332875,True,1.0
265654.790495335,40000000,0.004494123,0.019665051,-0.020075738,-0.030158836,0.0056716166,0.021137834,True,1.0
265654.810495335,60000000,-0.005197853,-0.008336002,0.0019243956,-0.018246945,0.008341933,0.046781637,True,1.0
265654.830495335,0,0.0010712147,-0.015555497,-0.0066060424,-0.019109575,0.06736012,0.05690729,True,1.0
265654.850495335,0,0.015209287,-0.011299532,-0.01451695,-0.040496588,0.15912658,0.090040594,True,1.0
265654.870495335,20000000,0.015093967,0.000413578,-0.0091712475,-0.06775771,0.24413663,0.1258167,True,1.0
265654.890495335,0,0.00077139586,0.0071975095,0.002269566,-0.093085244,0.18812114,0.12903535,True,1.0
265654.910495335,20000000,0.0050971285,-0.0024599507,0.0025373101,-0.12299118,0.1358474,0.11689799,True,1.0
265654.930495335,0,0.02697146,-0.002761241,-0.004869759,-0.10442126,0.13868898,0.10298124,True,1.0
265654.950495335,20000000,-0.021511547,0.011291314,0.0274539,-0.09475176,-0.03215657,0.11296822,True,1.0
265654.970495335,0,-0.018477738,-0.010113565,0.011025786,0.11509004,-0.0682226,-0.021467045,True,1.0
265654.990495335,0,0.008398205,-0.005832078,-0.00048285723,0.0338554,-0.023967054,0.00074219704,True,1.0
265655.010495335,20000000,-0.004941635,-0.018001702,0.014665246,0.02163792,-0.060767625,-0.021025753,True,1.0
265655.030495335,0,-0.0018415451,-0.03946983,0.012885869,0.09424873,-0.09958935,-0.06267136,True,1.0
265655.050495335,0,-0.0031187162,-0.037804134,0.008534849,0.17279656,-0.15369615,-0.12147235,True,1.0
265655.070495335,0,-0.006849937,-0.02912844,0.009723365,0.2123493,-0.18141048,-0.17588294,True,1.0
265655.090495335,20000000,-0.010595053,-0.020439241,0.010881901,0.251902,-0.2091248,-0.23029351,True,1.0
265655.110495335,0,-0.004748568,-0.011934828,0.002798617,0.251406,-0.23470205,-0.26146296,True,1.0
265655.130495335,20000000,-0.0022961497,-0.008041333,-0.0025095344,0.22418015,-0.23327157,-0.27424365,True,1.0
265655.150495335,0,-0.001519382,0.0036695674,-0.004984319,0.19041435,-0.22313465,-0.2715524,True,1.0
265655.170495335,0,0.00066191703,0.014095426,-0.010909975,0.1371871,-0.1992664,-0.23971938,True,1.0
265655.190495335,0,0.004566878,0.021429354,-0.014685094,0.06643763,-0.15827313,-0.17437623,True,1.0
265655.210495335,20000000,0.008468777,0.02877412,-0.018471181,-0.0043118373,-0.11727984,-0.10903309,True,1.0
265655.230495335,0,0.008625522,0.023318686,-0.018662393,-0.05444174,-0.055950783,-0.039639197,True,1.0
265655.250495335,20000000,0.0031345487,0.022575175,-0.013903379,-0.09478891,0.026219033,0.04544141,True,1.0
265655.270495335,0,0.00019259006,0.0036268532,-0.009033322,-0.08204225,0.03591544,0.06601732,True,1.0
265655.290495335,20000000,0.0050114244,-0.007250745,-0.0117461085,-0.09315639,0.048942268,0.075737484,True,1.0
265655.310495335,0,0.014995307,-0.047370564,-0.0047542453,-0.020592138,0.0150001235,0.05648823,True,1.0
265655.330495335,0,-0.003735736,-0.00011693686,0.0019020438,0.018116817,-0.013469886,0.028861186,True,1.0
265655.350495335,20000000,-0.0008700937,-0.0011605695,0.0014007688,0.006013044,0.005504029,0.044013314,True,1.0
265655.370495335,0,-2.7872622e-05,-0.018045098,0.00267452,0.00841625,0.010912751,0.048864495,True,1.0
265655.390495335,20000000,0.00081436336,-0.034929402,0.0039482117,0.010819456,0.016321473,0.053715676,True,1.0
265655.410495335,0,0.0038287416,-0.0133755915,-0.009934068,-0.005358232,0.011059208,0.022539858,True,1.0
265655.430495335,20000000,0.0039114654,0.007257011,-0.0129621625,-0.06010878,0.039984614,-0.015564013,True,1.0
265655.450495335,0,0.0046686754,0.011404306,-0.011917889,-0.08355072,0.08887321,0.04145788,True,1.0
265655.470495335,20000000,0.0054241344,0.015553765,-0.010880172,-0.10699266,0.1377618,0.09847978,True,1.0
265655.490495335,40000000,0.0061778873,0.019705378,-0.009849131,-0.1304346,0.1866504,0.15550166,True,1.0
265655.510495335,60000000,0.014118902,0.002732128,-0.0049936175,-0.090506546,0.16687965,0.18181247,True,1.0
265655.530495336,0,-0.0014188513,0.012840066,-0.0029693246,-0.07880246,0.17893508,0.13995779,True,1.0
265655.550495336,0,-0.0007897392,-0.002399616,0.0003617406,-0.08411584,0.10151735,0.16126817,True,1.0
265655.570495336,0,-0.004070975,-0.008794712,0.0007022023,-0.08924639,0.049081806,0.12833716,True,1.0
265655.590495336,0,-0.004710205,-0.016735366,0.0012608767,-0.088480674,0.00869415,0.070586324,True,1.0
265655.610495336,0,-0.009923957,-0.031655006,0.0056148767,-0.055718765,-0.03245705,0.035230786,True,1.0
265655.630495336,20000000,-0.018859543,-0.005159784,-0.00458467,-0.013440255,-0.044999987,-0.0014664233,True,1.0
265655.650495336,0,-0.014406331,-0.004479209,-0.0039863586,-0.0059039644,-0.030642327,-0.011902035,True,1.0
265655.670495336,20000000,-0.009953313,-0.00379825,-0.0033884048,0.0016323272,-0.016284667,-0.022337649,True,1.0
265655.690495336,40000000,-0.0061680228,-0.0074072853,-0.004467249,0.008740554,0.0046351776,-0.020310188,True,1.0
265655.710495336,0,-0.003684491,-0.0082326345,-0.0038400888,0.0071064383,0.02476613,-0.008213654,True,1.0
265655.730495336,0,-0.0030667484,-0.0109497085,-0.001134038,0.0077507854,0.02322173,-0.0014003366,True,1.0
265655.750495336,20000000,-0.0024489388,-0.013666732,0.0015715957,0.008395133,0.02167733,0.005412982,True,1.0
265655.770495336,0,-0.003723845,-0.015204942,0.0018926859,0.030251019,0.0153012965,0.00042687356,True,1.0
265655.790495336,20000000,-0.0035349652,-0.00963109,-3.0398369e-06,0.04812616,0.012095973,-0.0074521927,True,1.0
265655.810495336,0,-0.0016493127,-0.007599082,-0.0028276443,0.059069425,0.01441022,-0.018427752,True,1.0
265655.830495336,20000000,-0.0015821308,-0.0036464501,-0.0033048987,0.062077634,0.024771715,-0.019125808,True,1.0
265655.850495336,0,-0.0016949251,-0.0009692237,-0.00434345,0.060121335,0.03385027,-0.011153492,True,1.0
265655.870495336,0,-5.8934093e-06,-0.0042351056,-0.007355571,0.05202448,0.04754896,-0.012805561,True,1.0
265655.890495336,20000000,0.0040840283,-0.0096120685,-0.00918448,0.046518605,0.062382437,-0.02640841,True,1.0
265655.910495336,0,0.0021003485,-0.008817617,-0.004299581,0.053868964,0.069883525,-0.042614028,True,1.0
265655.930495336,0,0.0004100874,-0.004784394,-0.0043459535,0.052823387,0.068588376,-0.042753723,True,1.0
265655.950495336,20000000,-0.0012809411,-0.0007526092,-0.0043952465,0.05177781,0.06729322,-0.042893417,True,1.0
265655.970495336,40000000,-0.0029727146,0.0032777265,-0.00444746,0.05073223,0.06599807,-0.04303311,True,1.0
265655.990495336,0,-0.0007876232,0.0024941266,-0.003113687,0.052964225,0.06531418,-0.038799517,True,1.0
265656.010495336,20000000,0.0031210333,0.010492677,-0.0067669153,0.056286633,0.06253733,0.019656353,True,1.0
265656.030495336,0,-0.002002664,0.013546303,-0.0005016923,0.055940565,0.056410857,0.037976284,True,1.0
265656.050495336,20000000,-0.007125035,0.01660058,0.0057591796,0.055594496,0.050284382,0.056296214,True,1.0
265656.070495336,40000000,-0.0076998547,0.0013560839,0.0076248646,0.06157569,0.033268675,0.020991668,True,1.0
265656.090495336,0,-0.0029028282,-0.008646429,0.007001221,0.07950917,-0.00073668733,-0.011409014,True,1.0
265656.110495336,20000000,-0.00022441149,-0.007793717,0.0029736757,0.098551154,-0.013464326,-0.024668584,True,1.0
265656.130495336,0,0.003198482,-0.003176432,-0.00023251772,0.107014075,-0.014863336,-0.037776582,True,1.0
265656.150495336,0,0.0010097623,-0.0037467666,0.00077420473,0.10554163,-0.015447853,-0.034528855,True,1.0
265656.170495336,0,0.0016833767,-0.00410204,-0.0013753772,0.08597124,-0.01108923,-0.01201451,True,1.0
265656.190495336,0,-0.0027047172,-0.012853589,0.0047403574,0.09382144,-0.02224207,-0.0017835367,True,1.0
265656.210495336,20000000,-0.0022857785,-0.014316842,0.0055109262,0.12338542,-0.017846696,0.0020180936,True,1.0
265656.230495336,0,-0.0038494542,-0.006657921,0.0035125613,0.12993918,-0.014944116,0.018257428,True,1.0
265656.250495336,0,-0.008115202,-0.005807925,0.0074058175,0.16349164,-0.008615923,0.069803774,True,1.0
265656.270495336,20000000,-0.012377746,-0.0049586,0.011289954,0.19704407,-0.0022877315,0.12135012,True,1.0
265656.290495336,40000000,-0.009850688,-0.008627966,0.0054143667,0.35342383,-0.0075121983,0.22305882,True,1.0
265656.310495336,0,0.004171185,0.011279732,-0.024071336,0.56028986,0.015629688,0.35212335,True,1.0
265656.330495336,0,0.011050269,0.029422618,-0.04551035,0.7476656,0.07690731,0.47057572,True,1.0
265656.350495336,20000000,0.015893057,0.04874876,-0.05392009,0.86609936,0.14852537,0.5629246,True,1.0
265656.370495336,0,0.025142118,0.054419152,-0.05219668,0.871399,0.23425853,0.61501324,True,1.0
265656.390495336,0,0.02916149,0.06052202,-0.04611057,0.7549379,0.2987691,0.6141195,True,1.0
265656.410495336,0,0.009903051,0.04569646,-0.015193582,0.5491636,0.33015847,0.57427263,True,1.0
265656.430495336,0,0.0014444292,0.019146621,0.011036217,0.3147509,0.3104928,0.46676627,True,1.0
265656.450495336,0,-0.00064630806,0.011702701,0.019849002,0.044564843,0.22856596,0.325987,True,1.0
265656.470495336,20000000,-0.041624784,0.004061237,0.07046431,-0.19070517,0.12711233,0.19266504,True,1.0
265656.490495336,0,-0.021766707,-0.042522013,0.06481838,-0.30746275,0.10256186,0.07851121,True,1.0
265656.510495336,0,-0.021390706,-0.030129194,0.054839253,-0.4016702,0.08356053,0.034575988,True,1.0
265656.530495336,0,-0.0125670135,-0.031162754,0.03946513,-0.5075213,0.08538065,0.0015985034,True,1.0
265656.550495336,0,-0.014524803,-0.038872033,0.035022914,-0.5434819,0.06483256,-0.024126373,True,1.0
265656.570495336,20000000,-0.016477637,-0.046598285,0.03045237,-0.5794425,0.044284467,-0.049851246,True,1.0
265656.590495337,0,-0.021963224,-0.052010454,0.024144232,-0.5524263,0.013172943,-0.049136635,True,1.0
265656.610495337,0,-0.020961009,-0.056811757,0.010709822,-0.45213687,-0.008448929,-0.0389715,True,1.0
265656.630495337,0,-0.020847298,-0.049903907,-0.0036380887,-0.30643025,-0.027315557,-0.018809706,True,1.0
265656.650495337,20000000,-0.014414087,-0.039120503,-0.021848917,-0.12857255,-0.039089765,0.0034045707,True,1.0
265656.670495337,0,-0.0105445385,-0.022982955,-0.03361869,0.039484233,-0.031716302,0.022263762,True,1.0
265656.690495337,0,-0.0093720555,-0.0058211237,-0.03827548,0.18749043,-0.019813582,0.052301187,True,1.0
265656.710495337,0,-0.0027406216,0.0037374124,-0.03796327,0.2646706,0.0043450724,0.06681183,True,1.0
265656.730495337,20000000,0.0039003193,0.013291776,-0.037688613,0.34185082,0.028503727,0.08132247,True,1.0
265656.750495337,0,0.004769087,0.020336859,-0.026239872,0.34544644,0.061573815,0.07587176,True,1.0
265656.770495337,0,0.000979811,0.01908233,-0.009676278,0.2961917,0.07553423,0.06995969,True,1.0
265656.790495337,0,0.0025611967,0.011785932,0.0031514168,0.22060312,0.08610871,0.054787517,True,1.0
265656.810495337,20000000,0.0033476502,0.0073438585,0.0141204,0.119644366,0.09120841,0.034227934,True,1.0
265656.830495337,0,0.0013157874,-0.004326567,0.023540556,0.023147747,0.08730741,0.007498244,True,1.0
265656.850495337,0,-0.0020425767,-0.014647096,0.033670187,-0.038696807,0.06840967,-0.0029250411,True,1.0
265656.870495337,0,-0.0009493679,-0.022100672,0.032975018,-0.06865579,0.045880757,-0.0011433623,True,1.0
265656.890495337,0,0.0054333657,-0.025367364,0.021017551,-0.08547298,0.030323219,0.0015971587,True,1.0
265656.910495337,0,0.014517963,-0.027193084,0.0082086325,-0.083649874,0.03664936,-0.007892875,True,1.0
265656.930495337,0,0.013594717,-0.021372333,0.0035150647,-0.0673071,0.039441317,-0.006360882,True,1.0
265656.950495337,0,0.008883357,-0.011962965,0.0040574074,-0.03794437,0.023767252,0.000675485,True,1.0
265656.970495337,20000000,0.008252457,-0.0063495785,0.0011768937,-0.020205015,0.006749196,0.0117681995,True,1.0
265656.990495337,0,0.011610404,-0.0017292947,-0.0012687445,0.00086829625,-0.005567437,0.02986093,True,1.0
265657.010495337,0,0.008739516,0.0045407712,-0.005325496,0.027638994,-0.00019104779,0.06305998,True,1.0
265657.030495337,20000000,0.009056285,0.0048499405,-0.011307597,0.035734124,0.015912438,0.08794826,True,1.0
265657.050495337,0,0.000624001,0.0008420646,-0.0022712946,0.06926329,-0.013590369,0.095066756,True,1.0
265657.090495337,0,0.018177733,-0.023805842,-0.0152820945,0.16408503,0.04606522,0.11160619,True,1.0
265657.110495337,20000000,0.0010328293,-0.0010734946,-0.009391606,0.15386234,0.059945326,0.11308054,True,1.0
265657.130495337,0,-0.004816368,0.010151103,-0.0026041865,0.10520856,0.01449386,0.12246526,True,1.0
265657.150495337,0,-7.015467e-05,-0.013627157,0.0002015233,0.10858177,0.028962158,0.10929245,True,1.0
265657.170495337,20000000,0.0046818405,-0.037405416,0.0030026436,0.11195497,0.043430455,0.09611963,True,1.0
265657.190495337,0,-0.0016809851,-0.035718918,0.011220455,0.15092777,0.036494806,0.06303339,True,1.0
265657.210495337,0,0.0010857731,-0.030596495,0.0066373944,0.16925356,0.032974675,0.036202174,True,1.0
265657.230495337,20000000,-0.00059753656,-0.017373323,0.00028562546,0.16100092,0.02624122,0.016399752,True,1.0
265657.250495337,0,-0.0047921836,-0.0062807947,-0.0010737777,0.123892054,0.031903703,0.023471393,True,1.0
265657.270495337,0,-0.0034146905,-0.00057570636,-0.003917873,0.08612088,0.05095373,0.03168375,True,1.0
265657.290495337,0,-0.004259497,-0.0063952357,0.0027886033,0.084412314,0.063241914,0.039598417,True,1.0
265657.310495337,0,-0.0049527287,-0.008627668,0.005306363,0.10627298,0.071164384,0.027827013,True,1.0
265657.330495337,0,-0.012375772,-0.0026009083,0.002719462,0.117034025,0.08470458,0.012336303,True,1.0
265657.350495337,0,-0.025452211,0.006581843,-0.0027871728,0.09399907,0.07481274,0.044097528,True,1.0
265657.370495337,20000000,-0.026780352,0.013279691,-0.0067555904,0.07547918,0.031627882,0.051461842,True,1.0
265657.390495337,0,-0.020196438,-0.038037658,0.0035470128,0.13421774,0.0132102035,-0.004161205,True,1.0
265657.410495337,0,-0.0017496645,0.015735343,-0.021379828,0.056827113,-0.029906135,0.0058457796,True,1.0
265657.430495337,0,0.00215365,0.005556375,-0.012743413,0.05353632,0.025873315,-0.04226934,True,1.0
265657.450495337,0,0.0015137345,0.010549277,-0.016496956,0.056253426,0.055434465,-0.028573718,True,1.0
265657.470495337,20000000,0.0008722991,0.0155398995,-0.02025485,0.058970533,0.08499561,-0.014878093,True,1.0
265657.490495337,0,0.0031357855,0.00024847686,-0.009703457,0.0826519,0.08953426,-0.046692446,True,1.0
265657.510495337,0,0.0016209781,0.0039800406,-0.005651295,0.062431328,0.12537421,-0.02876432,True,1.0
265657.530495337,20000000,-0.014856294,0.00063066185,0.014755428,0.033514045,0.14439577,0.026649507,True,1.0
265657.550495337,0,-0.00333108,-0.0032585412,0.008064151,0.03541234,0.16764782,0.049194157,True,1.0
265657.570495337,0,-0.0063952208,-0.0016267598,0.01778698,0.040461477,0.17186101,0.05791993,True,1.0
265657.590495337,0,-0.008971155,0.0012233108,0.015593588,0.019826297,0.13765003,0.07341662,True,1.0
265657.610495337,20000000,-0.026154548,-0.0023867637,0.025817096,0.015067812,0.11472486,0.094446115,True,1.0
265657.630495337,0,-0.00819923,0.003381461,0.0026282668,-0.00029470213,0.103924744,0.12485211,True,1.0
265657.650495337,0,-0.008061722,-0.006962195,0.006210625,-0.019429335,0.052237157,0.07553966,True,1.0
265657.670495338,20000000,-0.007923365,-0.017303884,0.009791434,-0.038563967,0.00054957345,0.026227225,True,1.0
265657.690495338,0,-0.013406977,0.009139389,0.0022527575,-0.10380796,-0.017809678,-0.053701874,True,1.0
265657.710495338,20000000,-0.008661598,0.00729765,-0.010188699,-0.11643443,-0.017425925,-0.09818255,True,1.0
265657.730495338,0,-0.0026908666,0.0019464195,-0.014689684,-0.10875748,-0.017663687,-0.098242976,True,1.0
265657.750495338,20000000,-0.0003924966,0.015039653,-0.016108215,-0.088070005,-0.028408276,-0.10110259,True,1.0
265657.770495338,0,0.005027443,0.015183434,-0.012615144,-0.07125026,0.0011142623,-0.12464273,True,1.0
265657.790495338,20000000,0.010453075,0.015324548,-0.0091251135,-0.054430507,0.030636799,-0.14818287,True,1.0
265657.810495338,0,0.027640224,0.014535651,-0.010917425,-0.025313957,0.029978432,-0.15710811,True,1.0
265657.830495338,20000000,0.030526787,0.020774454,-0.0043551326,-0.004411664,0.02629195,-0.17312132,True,1.0
265657.850495338,0,0.026229799,0.02392444,0.009922087,0.001709349,0.045404565,-0.17807323,True,1.0
265657.870495338,20000000,0.0156416,0.016926378,0.022111714,0.029700508,0.018473355,-0.122461766,True,1.0
265657.890495338,0,0.024793193,0.014435038,0.017607093,0.015035951,-0.017407918,-0.09020178,True,1.0
265657.910495338,20000000,0.033944637,0.011944056,0.013102293,0.00037139282,-0.053289197,-0.057941794,True,1.0
265657.930495338,40000000,0.034901187,0.006578177,0.009952128,-0.031817555,-0.04750123,-0.06406206,True,1.0
265657.950473958,0,0.042858947,-0.005572104,0.006858586,-0.04303594,-0.029205834,-0.08628925,True,1.0
265657.970473958,20000000,0.023914933,0.0058764964,0.013958633,-0.04081018,-0.020444259,-0.057467684,True,1.0
265657.990473958,0,0.011316687,0.004155636,0.018440247,-0.04087739,-0.03197113,0.007071495,True,1.0
265658.010473958,0,0.002367422,0.017900407,0.018451989,-0.07566504,-0.03798915,0.08069018,True,1.0
265658.030473958,0,-0.0008108467,0.00569655,0.014596939,-0.088781215,-0.02969233,0.12780754,True,1.0
265658.050473958,0,-0.008255586,0.0026279837,0.011124849,-0.07058308,-0.06167344,0.12219185,True,1.0
265658.070473958,20000000,-0.015701547,-0.000445351,0.007649958,-0.05238495,-0.09365455,0.11657615,True,1.0
265658.090473958,0,-0.023308843,-0.010032073,0.0039402246,-0.05028145,-0.1310536,0.07913756,True,1.0
265658.110473958,20000000,-0.028732285,0.013913229,-0.011182308,-0.0070804358,-0.14432117,0.051961705,True,1.0
265658.130473959,0,-0.0128700435,-0.0236357,-0.018666327,-0.0019019865,-0.11505178,0.002539385,True,1.0
265658.150473959,20000000,-0.017650649,-0.032196805,-0.014369547,0.005112516,-0.09563686,-0.02442781,True,1.0
265658.170473959,0,-0.021578938,-0.03030181,-0.010956824,0.032311846,-0.11046926,-0.034301907,True,1.0
265658.190473959,20000000,-0.025506929,-0.028405413,-0.007550001,0.059511177,-0.12530166,-0.044175997,True,1.0
265658.210473959,40000000,-0.023413539,-0.023796558,-0.0088588,0.08494926,-0.1349656,-0.049759753,True,1.0
265658.230473959,0,-0.0173489,-0.019821033,-0.012890041,0.09670604,-0.11844209,-0.075117975,True,1.0
265658.250473959,0,-0.016173214,-0.013115123,-0.011903882,0.107717946,-0.09849863,-0.08226729,True,1.0
265658.270473959,0,-0.01361461,-0.011831343,-0.013679206,0.11680978,-0.06309699,-0.08403663,True,1.0
265658.290473959,0,-0.018062502,-0.0070007145,-0.009529054,0.12356045,-0.043609433,-0.06722618,True,1.0
265658.310473959,20000000,-0.010771334,-0.010651499,-0.010824084,0.12837528,-0.011467397,-0.057324544,True,1.0
265658.330473959,0,-0.009712726,-0.008788645,-0.0077490807,0.12667854,0.0045816842,-0.04733912,True,1.0
265658.350473959,0,-0.006603867,-0.009688392,-0.0043479204,0.11901057,0.021047108,-0.06196449,True,1.0
265658.370473959,20000000,-0.0034974068,-0.01059033,-0.0009522438,0.11134259,0.037512526,-0.07658986,True,1.0
265658.390473959,40000000,-0.0024520308,-0.011684284,0.001333952,0.10609269,0.04151348,-0.07942908,True,1.0
265658.410473959,0,0.0005452633,-0.011800364,-0.0015445352,0.102123514,0.047087703,-0.0842487,True,1.0
265658.430473959,0,0.0077190995,-0.012573585,-0.0077537894,0.09993737,0.060292155,-0.097149126,True,1.0
265658.450473959,0,0.005976185,-0.0059729517,-0.0057303905,0.09606739,0.06058277,-0.09676808,True,1.0
265658.470473959,0,0.005130425,-0.0009854585,-0.003770709,0.09446699,0.06230299,-0.08720639,True,1.0
265658.490473959,20000000,0.004792437,0.00036531687,-0.0012803674,0.102694094,0.06252071,-0.060236428,True,1.0
265658.510473959,0,0.0035125762,0.00037808716,0.0007341504,0.10484784,0.06625663,-0.03789893,True,1.0
265658.530473959,20000000,0.0022338629,0.0003888756,0.0027400851,0.10700159,0.06999254,-0.0155614335,True,1.0
265658.550473959,40000000,0.000956282,0.000397712,0.004737556,0.10915534,0.07372846,0.006776061,True,1.0
265658.570473959,60000000,-0.00032009184,0.00040452182,0.006726384,0.11130909,0.07746437,0.029113559,True,1.0
265658.590473959,0,-0.0022898465,-0.0033385307,0.0072034597,0.08592425,0.066237316,0.037433166,True,1.0
265658.610473959,20000000,-0.004257232,-0.007081911,0.0076755285,0.06053942,0.05501026,0.04575277,True,1.0
265658.630473959,0,-0.0037741065,-0.0154747665,0.004730344,0.03042883,0.04657676,0.04153157,True,1.0
265658.650473959,0,-0.003333196,-0.020495713,0.0057020783,0.014263572,0.043341246,0.02309911,True,1.0
265658.670473959,20000000,-0.002891928,-0.025516331,0.0066730976,-0.0019016862,0.04010573,0.004666647,True,1.0
265658.690473959,40000000,-0.005678028,-0.020973265,0.008363545,-0.017841905,0.03325063,-0.017353192,True,1.0
265658.710473959,0,-0.006180018,-0.01845856,0.006614089,-0.02982363,0.023605142,-0.036858223,True,1.0
265658.730473959,0,-0.0056656897,-0.015495554,0.0054989457,-0.040599838,0.021687169,-0.057516832,True,1.0
265658.750473959,0,-0.003670618,-0.01182656,0.0030936599,-0.043766968,0.023160957,-0.06829052,True,1.0
265658.770473959,0,-0.0026637316,-0.009150013,0.00063204765,-0.04412633,0.026135966,-0.068395846,True,1.0
265658.790473959,20000000,-0.00165537,-0.0064745992,-0.0018308163,-0.044485692,0.029110976,-0.068501174,True,1.0
265658.810473959,0,-0.0012025833,-0.002326399,-0.0008055568,-0.04611888,0.03166412,-0.06456142,True,1.0
265658.830473959,0,0.0011532754,-0.0018823296,-0.00044226646,-0.047044974,0.04260589,-0.064425066,True,1.0
265658.850473959,0,0.0017610639,-0.0038603097,0.0010558367,-0.039726935,0.046071503,-0.05796754,True,1.0
265658.870473959,20000000,-0.0020413697,-0.002821803,0.0022252202,-0.032067005,0.049393807,-0.049628787,True,1.0
265658.890473959,0,-0.00471358,-0.0020234734,0.006829798,-0.01946411,0.0446895,-0.038554043,True,1.0
265658.910473959,0,-0.0032834858,-0.0029858053,0.0032979846,-0.011829337,0.033724617,-0.03083837,True,1.0
265658.930473959,0,0.0016034245,-0.006170392,-0.0020694733,-0.011419011,0.022180397,-0.035898976,True,1.0
265658.950473959,0,0.0072690547,-0.006787494,-0.0061591864,-0.017564917,0.03480359,-0.06088189,True,1.0
265658.970473959,0,0.0037275404,-0.0032880157,-0.0024684668,-0.016668117,0.040250257,-0.071407326,True,1.0
265658.990473959,20000000,5.6028366e-06,0.0011301786,-0.0003091097,-0.014533501,0.041626267,-0.07134712,True,1.0
265659.010473959,0,-0.0018275976,0.0014803112,0.00090777874,-0.009848969,0.031410187,-0.052160356,True,1.0
265659.030473959,0,-0.0013456196,-0.0011319071,0.001200974,-0.0044289175,0.035937812,-0.043321207,True,1.0
265659.050473959,20000000,-0.0024763048,-0.0035202205,0.0020890832,0.0046615144,0.037038498,-0.035420883,True,1.0
265659.070473959,0,-0.0039813966,-0.0063691735,0.00095647573,0.011518122,0.034287337,-0.028266948,True,1.0
265659.090473959,0,-0.0028229952,-0.0083928555,-0.003271997,0.0111023635,0.046734877,-0.031488076,True,1.0
265659.110473959,0,-0.0038429797,-0.007220283,-0.008342981,0.006054698,0.0731388,-0.039709374,True,1.0
265659.130473959,20000000,-0.004862547,-0.0060490966,-0.013416171,0.0010070326,0.09954273,-0.047930673,True,1.0
265659.150473959,40000000,-0.0016958416,-0.009756103,-0.019064844,-0.0036679087,0.13576399,-0.053442754,True,1.0
265659.170473959,0,-0.0016029179,-0.010659397,-0.022980988,-0.00014574383,0.18243343,-0.06661091,True,1.0
265659.190473959,0,-0.004524052,-0.008980766,-0.023858845,0.0022219939,0.22792548,-0.076983556,True,1.0
265659.21047396,20000000,-0.006349951,-0.0101358,-0.022279918,0.001245259,0.27104247,-0.08966186,True,1.0
265659.23047396,0,-0.009929925,-0.008010268,-0.016112149,-0.003395692,0.29824013,-0.100805506,True,1.0
265659.25047396,0,-0.008818641,-0.008090675,-0.011855364,-0.008261953,0.3180088,-0.113128856,True,1.0
265659.27047396,0,-0.008856401,-0.007996485,-0.0037904382,-0.00815598,0.3195667,-0.118425876,True,1.0
265659.29047396,0,-0.009252995,-0.007848069,0.0054640174,0.001982198,0.3044533,-0.11576496,True,1.0
265659.31047396,0,-0.008179516,-0.008208334,0.013385713,0.010535473,0.27347475,-0.11279973,True,1.0
265659.33047396,20000000,-0.004247591,-0.0090048015,0.014853299,0.014070528,0.24845386,-0.11394541,True,1.0
265659.35047396,0,-0.0028285384,-0.01347512,0.018522203,0.02496858,0.21811308,-0.11261804,True,1.0
265659.37047396,20000000,-0.0045303106,-0.014067888,0.020227373,0.04163815,0.19646563,-0.11152083,True,1.0
265659.39047396,0,-0.005140692,-0.013668448,0.018147767,0.048719622,0.17377996,-0.11305061,True,1.0
265659.41047396,20000000,-0.008446902,-0.010403946,0.019963741,0.051675905,0.13647437,-0.1087496,True,1.0
265659.43047396,0,-0.005127728,-0.011964142,0.013081312,0.046894208,0.113160275,-0.11796793,True,1.0
265659.45047396,20000000,0.0036831498,-0.0128824115,0.004234135,0.03671198,0.09590182,-0.1346393,True,1.0
265659.47047396,0,0.0040597916,-0.006559208,0.0038090348,0.025047543,0.0803043,-0.15335627,True,1.0
265659.49047396,20000000,0.0042545795,-0.000598073,0.002458334,0.014227141,0.06797437,-0.16530278,True,1.0
265659.51047396,0,0.0018820465,0.006103769,0.0035694242,0.013141625,0.0522386,-0.16646266,True,1.0
265659.53047396,0,0.0034407377,0.008725345,0.006767869,0.018774742,0.038586628,-0.15590197,True,1.0
265659.55047396,20000000,0.005066812,0.012823418,0.007055104,0.030790925,0.036015183,-0.13050759,True,1.0
265659.57047396,0,0.002377689,0.011531457,0.006765902,0.047112245,0.03199555,-0.09756447,True,1.0
265659.59047396,0,0.00037279725,0.013350844,0.0047733784,0.051649585,0.029667106,-0.0584014,True,1.0
265659.61047396,0,0.001136452,0.012244567,0.0034920573,0.046609156,0.029997101,-0.021040801,True,1.0
265659.63047396,20000000,0.0023954213,0.005982414,-0.00068086386,0.04412041,0.031619724,0.007911809,True,1.0
265659.65047396,0,-0.0023060143,0.0045220405,0.0036290288,0.032849927,0.028708294,0.032626547,True,1.0
265659.67047396,0,0.0015008152,0.00029839575,0.0022144318,0.015147088,0.03200022,0.038831886,True,1.0
265659.69047396,0,0.0015948117,-0.00036749244,0.0017871857,0.0053125937,0.03240655,0.045899957,True,1.0
265659.71047396,0,-0.0012219846,-0.0030445158,0.0036186576,0.0018866328,0.030620288,0.051725857,True,1.0
265659.73047396,0,-0.002056837,-0.0040897876,0.0045392513,-0.001341936,0.020577678,0.058623414,True,1.0
265659.75047396,0,0.00053301454,-0.0075656027,0.0019183755,-7.376401e-05,0.015586648,0.06269851,True,1.0
265659.77047396,20000000,0.00421232,-0.011666045,0.00093245506,-0.0005152216,0.02077552,0.05966112,True,1.0
265659.79047396,0,0.0017851889,-0.012592465,0.0037127137,0.00014766463,0.022710696,0.04655554,True,1.0
265659.81047396,0,-0.00039860606,-0.015182123,0.0046499968,-0.00032507617,0.017269958,0.03628929,True,1.0
265659.83047396,0,-0.004074633,-0.013940692,0.007129431,-0.0013539953,0.010587461,0.02880801,True,1.0
265659.85047396,0,-0.0018933415,-0.014331877,0.00553596,-0.002615273,0.005046291,0.014107431,True,1.0
265659.87047396,20000000,0.00028789043,-0.014722973,0.003942549,-0.003876551,-0.00049488014,-0.0005931491,True,1.0
265659.91047396,0,-0.0012822151,-0.0057884753,0.0059713125,-0.010974503,-0.0017060046,-0.01869009,True,1.0
265659.93047396,20000000,-0.0028961003,-0.003042236,0.0071475506,-0.015219638,-0.014456779,-0.0028025527,True,1.0
265659.95047396,0,-0.0006830394,-0.002197504,-0.0008187294,-0.023173962,-0.018852558,0.0057079364,True,1.0
265659.97047396,20000000,0.008675605,-0.006366357,-0.010053277,-0.0420133,0.0017352141,0.0030685836,True,1.0
265659.99047396,0,0.004900545,-0.0026881844,-0.006062448,-0.046482265,0.016588539,-0.0043437597,True,1.0
265660.01047396,20000000,0.0005606115,-0.00030750036,-0.00069344044,-0.04834055,0.01753857,0.0007892363,True,1.0
265660.03047396,0,-0.0057822466,-0.0026401877,0.007271707,-0.0412345,0.0047884053,0.020621479,True,1.0
265660.05047396,0,-0.0044164658,-0.0040416718,0.0067281127,-0.031317417,-0.0011965712,0.025476608,True,1.0
265660.07047396,20000000,-0.003050834,-0.0054433346,0.0061841607,-0.021400334,-0.0071815476,0.03033174,True,1.0
265660.09047396,40000000,-0.005284339,-0.0067816675,0.0064682364,-0.021879792,-0.013914801,0.027051868,True,1.0
265660.11047396,0,-0.0031333864,-0.008344993,0.0011360645,-0.01985485,-0.015193888,0.02454173,True,1.0
265660.13047396,0,-0.0026426911,-0.006555587,0.002602458,-0.023503304,-0.01672016,0.021231126,True,1.0
265660.15047396,20000000,-0.001824379,-0.006677881,-0.002383709,-0.028307203,-0.00033263303,-0.00013404526,True,1.0
265660.17047396,0,-0.002456069,-0.004338607,-4.8458576e-05,-0.03262436,-0.0026387635,-6.159826e-08,True,1.0
265660.19047396,20000000,-0.003087759,-0.0019994825,0.0022863746,-0.03694152,-0.0049448945,0.00013392206,True,1.0
265660.21047396,0,-0.00013548136,-8.767843e-05,0.00010025501,-0.037269253,-0.009210089,0.00434431,True,1.0
265660.23047396,20000000,-0.00052165985,0.002979517,-0.0029212832,-0.044702873,-0.00412591,0.011218255,True,1.0
265660.25047396,0,0.001391083,0.00032521784,-0.0019179583,-0.030578926,0.0011477685,0.02022157,True,1.0
265660.27047396,20000000,-9.769201e-05,-0.0056580454,0.0015945435,-0.012676332,0.006848792,0.03659253,True,1.0
265660.290473961,0,0.0010214448,-0.009039462,0.00062423944,0.010719093,0.0078965025,0.048709173,True,1.0
265660.310473961,20000000,0.0015693307,-0.012163445,0.0036344528,0.034571107,0.00295102,0.047151733,True,1.0
265660.330389375,0,-0.00035280292,-0.01080862,0.0053815786,0.045606066,-0.0036251042,0.043555923,True,1.0
265660.350389375,0,-0.00094780326,-0.01171343,0.007099867,0.06418307,-0.00981758,0.03966348,True,1.0
265660.370389375,20000000,-0.0009354055,-0.012999505,0.0045030117,0.080026336,-0.01067304,0.034376673,True,1.0
265660.390389375,0,-0.0008228719,-0.013671607,0.002522707,0.09594103,-0.013052288,0.036647744,True,1.0
265660.410389375,20000000,-0.0031530857,-0.009866074,0.004902303,0.10916402,-0.0115630105,0.042746402,True,1.0
265660.430389375,0,-0.004132718,-0.007677287,0.005723059,0.11606115,-0.01919442,0.05841902,True,1.0
265660.450389375,0,-0.0021609068,-0.006293595,0.0018020272,0.11596614,-0.025531914,0.075051434,True,1.0
265660.470389375,20000000,0.0049566925,-0.0061603636,-0.0056486726,0.1088718,-0.013448831,0.07190459,True,1.0
265660.490389375,0,0.004020989,-0.0016105473,-0.006524563,0.09618611,-0.003739168,0.06222576,True,1.0
265660.510389375,20000000,0.00021028519,0.0013230741,-0.0049455166,0.07809833,0.001139407,0.05789824,True,1.0
265660.530389375,0,-0.0035348535,0.0014601648,-0.0018520951,0.06346734,-0.0029320335,0.05889332,True,1.0
265660.550389375,0,-0.0030553043,-0.0034459531,-0.0008817315,0.05875901,-0.005629358,0.05092035,True,1.0
265660.570389375,20000000,-0.0025939643,-0.007015839,0.0022659898,0.056433916,-0.0030201592,0.03582505,True,1.0
265660.590389375,0,-0.0039044023,-0.006263539,0.0045136213,0.052118894,-0.006884319,0.01803924,True,1.0
265660.610389375,20000000,-0.004137367,-0.003318578,0.0051286817,0.040557254,-0.011726827,0.00088714436,True,1.0
265660.630389375,0,-0.00065642595,-0.0045820028,0.003000319,0.030851584,-0.010073626,-0.013319295,True,1.0
265660.650389375,20000000,0.0028244257,-0.005845323,0.0008716583,0.021145916,-0.0084204255,-0.027525734,True,1.0
265660.670389375,40000000,0.006305158,-0.0071085393,-0.0012572408,0.011440247,-0.006767224,-0.041732173,True,1.0
265660.690389375,0,0.007270813,-0.008666277,-0.00038969517,0.010664182,-0.0064365626,-0.0575746,True,1.0
265660.710389375,0,0.0031112134,-0.009835079,0.0027592182,0.022258777,-0.007880161,-0.071327366,True,1.0
265660.730389375,0,0.00010031462,-0.0067430586,0.0034940839,0.03732267,-0.027707309,-0.068665594,True,1.0
265660.750389375,20000000,-0.0029111803,-0.00365071,0.0042285323,0.05238656,-0.047534455,-0.06600383,True,1.0
265660.770389375,0,-0.0032386482,-0.002193123,0.002007246,0.05429915,-0.057271026,-0.06473959,True,1.0
265660.790389375,0,-0.000166893,-0.003015548,-0.00036543608,0.052614626,-0.057560064,-0.06165637,True,1.0
265660.810389375,0,-0.0014247596,-0.00047415495,-0.00080156326,0.048737764,-0.056664318,-0.046751585,True,1.0
265660.830389376,20000000,0.00032445788,0.00029744208,-0.0049393177,0.041240864,-0.0453653,-0.032936297,True,1.0
265660.850389376,0,0.0008599758,0.0007146299,-0.005227864,0.031294007,-0.029975172,-0.015765933,True,1.0
265660.870389376,0,0.0013085604,-0.00032703578,-0.0026687384,0.018531298,-0.010722805,-0.0030742781,True,1.0
265660.890389376,20000000,0.0017571449,-0.0013687015,-0.00010985136,0.0057685906,0.0085295625,0.009617377,True,1.0
265660.910389376,0,0.00050476193,-0.0034205168,0.0028555393,-0.00032554148,0.01954219,0.023690782,True,1.0
265660.930389376,20000000,-0.0037620664,-0.0068316907,0.010516107,-0.000923282,0.011046418,0.04116567,True,1.0
265660.950389376,0,0.0024760365,-0.011552915,0.004424274,-0.0024582567,0.00973867,0.037954316,True,1.0
265660.970389376,20000000,0.008714408,-0.016274303,-0.0016675591,-0.0039932313,0.008430921,0.034742966,True,1.0
265660.990389376,0,0.004427284,-0.011720315,-0.0007356405,-0.009953533,0.015595864,0.029740833,True,1.0
265661.010389376,20000000,-0.0023814738,-0.0051584393,0.0023403168,-0.01922353,0.0088937245,0.048391074,True,1.0
265661.030389376,0,-0.0036126077,-0.0038163364,0.0022899508,-0.02760542,0.0007355213,0.07219761,True,1.0
265661.050389376,0,-0.00059601665,-0.0031426847,-9.149313e-05,-0.03634513,-1.6808335e-05,0.08192763,True,1.0
265661.070389376,20000000,0.0006774068,-0.003745377,0.0006431937,-0.044172548,0.0045622955,0.07671211,True,1.0
265661.090389376,0,-0.002340138,-0.0058585703,0.0034179091,-0.04542396,-0.001170225,0.07024884,True,1.0
265661.110389376,0,-0.0029195547,-0.008239567,0.0051351786,-0.03740167,-0.0045666024,0.05219891,True,1.0
265661.130389376,0,-0.0045995116,-0.00959681,0.009843349,-0.01706345,-0.026574476,0.04438702,True,1.0
265661.150389376,0,-0.005674571,-0.009556115,0.0078109503,0.005668236,-0.039327506,0.02929394,True,1.0
265661.170389376,20000000,-0.0024195611,-0.010760784,0.0016641021,0.027889784,-0.0407842,0.012385447,True,1.0
265661.190389376,0,-0.004287243,-0.01266773,0.0033026338,0.062033962,-0.0446199,0.010174938,True,1.0
265661.210389376,20000000,-0.006154865,-0.014574826,0.0049387813,0.096178144,-0.0484556,0.0079644285,True,1.0
265661.230389376,40000000,-0.007878602,-0.014975235,0.00453496,0.13243303,-0.059452485,0.019787647,True,1.0
265661.250389376,0,-0.0074163973,-0.014799342,0.0045689344,0.16055399,-0.07138493,0.030894667,True,1.0
265661.270389376,20000000,-0.0069524944,-0.014625609,0.004589975,0.18867494,-0.08331737,0.042001687,True,1.0
265661.290389376,0,-0.013248295,-0.018808097,0.0073344707,0.23173723,-0.102279365,0.027282845,True,1.0
265661.310389376,0,-0.009358078,-0.019688487,0.0039862394,0.29570955,-0.1133907,0.026685346,True,1.0
265661.330389376,20000000,-0.0096541345,-0.024064317,0.008905411,0.40596566,-0.15467711,0.005191019,True,1.0
265661.350389376,0,-0.0061821938,-0.018489242,0.0037670135,0.5145807,-0.15912347,0.009018497,True,1.0
265661.370389376,0,-0.0063265115,-0.016928375,0.0053111315,0.64371896,-0.14778517,0.09894241,True,1.0
265661.390389376,0,-0.0042731464,-0.0001385808,-0.006331384,0.7913733,-0.10988652,0.18849683,True,1.0
265661.410389376,0,-0.0035569519,0.012958318,-0.020347893,0.9169482,-0.06689055,0.24740799,True,1.0
265661.430389376,20000000,-0.005326301,0.018257856,-0.020146787,1.0258707,-0.04006752,0.31130862,True,1.0
265661.450389376,0,-0.005713105,0.012404263,-0.020548105,1.1572022,-0.042774033,0.38893878,True,1.0
265661.470389376,20000000,-0.002836287,0.017555714,-0.028395474,1.2752084,-0.02183931,0.42032033,True,1.0
265661.490389376,0,-0.0054466277,0.0060377717,-0.019814432,1.4010553,0.004099874,0.45345142,True,1.0
265661.510389376,0,-0.0052303076,0.0012947023,-0.00872612,1.6084907,-0.02165396,0.42548043,True,1.0
265661.530389376,0,-0.010928467,0.023130745,-0.003268361,1.7694231,-0.035461895,0.46041387,True,1.0
265661.550389376,0,-0.003499627,0.045343995,-0.013610423,1.8841609,-0.09640783,0.46600795,True,1.0
265661.570389376,20000000,0.004224688,0.06680724,-0.02528131,1.9988986,-0.15735376,0.47160202,True,1.0
265661.590389376,0,0.0046144724,0.07201421,-0.032616854,2.062906,-0.1731529,0.48210996,True,1.0
265661.610389376,0,0.0054781586,0.09194717,-0.04967153,2.069168,-0.24730375,0.45028043,True,1.0
265661.630389376,0,0.102084205,0.071710765,-0.098285556,2.0958865,-0.20778628,0.5113168,True,1.0
265661.650389376,20000000,0.062613875,0.09358609,-0.07419473,1.871573,-0.11060459,0.40597722,True,1.0
265661.670389376,0,0.0570475,0.100127935,-0.07167089,1.6782584,-0.0707487,0.3959329,True,1.0
265661.690389376,0,0.06632918,0.087688744,-0.06904256,1.4934638,-0.02272183,0.39530143,True,1.0
265661.710389376,20000000,0.0829829,0.10039532,-0.08723134,1.2966697,0.14364348,0.42507866,True,1.0
265661.730389376,0,0.06908205,0.065371394,-0.049391806,1.1189843,0.26057056,0.47673854,True,1.0
265661.750389376,0,0.027298987,0.045295775,0.010778964,0.94397813,0.31595102,0.530786,True,1.0
265661.770389376,20000000,-0.0049313456,0.01012522,0.05405432,0.7684472,0.3014679,0.5356394,True,1.0
265661.790389376,0,-0.023747623,-0.019253373,0.07638502,0.57819307,0.26327914,0.489823,True,1.0
265661.810389376,20000000,-0.043821536,-0.054293036,0.094885945,0.390359,0.21300639,0.38913828,True,1.0
265661.830389376,0,-0.06363973,-0.069273174,0.11081961,0.228705,0.14441329,0.30025443,True,1.0
265661.850389376,20000000,-0.057005025,-0.060670435,0.09211779,0.08135536,0.10157299,0.2605283,True,1.0
265661.870389376,0,-0.05030027,-0.04653579,0.0722931,-0.06363934,0.07158576,0.26367733,True,1.0
265661.890389376,20000000,-0.023025453,-0.04534769,0.0310179,-0.23756595,0.123295605,0.25835645,True,1.0
265661.910389377,0,-0.018405259,-0.048615694,0.018164396,-0.40836114,0.22127643,0.23652905,True,1.0
265661.930389377,0,-0.028581262,-0.045666814,0.028849125,-0.61596155,0.44589964,0.24013124,True,1.0
265661.950389377,20000000,-0.058792464,-0.04788232,0.058208346,-0.84146595,0.46199465,0.35011882,True,1.0
265661.970389377,0,-0.067380674,-0.053498447,0.030083656,-0.9638986,0.4129701,0.28766742,True,1.0
265661.990389377,0,-0.041153118,-0.07655668,0.012705982,-1.099026,0.3147989,0.16079319,True,1.0
265662.010389377,0,-0.019104376,-0.06071514,-0.0056271553,-1.2197992,0.30850276,-0.013196737,True,1.0
265662.030389377,0,-0.032428563,-0.037984967,0.020797372,-1.3111401,0.24902552,-0.09670033,True,1.0
265662.050389377,20000000,-0.0062372833,-0.0106498,0.004800558,-1.4458511,0.19982484,-0.16723178,True,1.0
265662.070389377,0,0.0119396895,-0.0077169538,-0.005420983,-1.608555,0.20267963,-0.21364635,True,1.0
265662.090389377,0,-0.004475996,-0.006261885,0.019934177,-1.6970599,0.20658094,-0.12672952,True,1.0
265662.110389377,20000000,-0.020907938,-0.0055983067,0.04434818,-1.7855648,0.21048224,-0.039812677,True,1.0
265662.130389377,0,-0.0032426715,-0.017707527,0.025485098,-1.8396835,0.23505263,0.020497289,True,1.0
265662.150389377,20000000,0.011119962,-0.01542598,0.001685679,-1.9265702,0.3491358,0.03896198,True,1.0
265662.170389377,0,-0.01011759,-0.0016479492,-0.00089383125,-2.0574114,0.4185112,0.027115716,True,1.0
265662.190389377,20000000,-0.010903835,0.014808983,0.0024600625,-2.2076666,0.39200473,0.023632612,True,1.0
265662.210389377,0,-0.0025079697,0.007688433,-0.0008877516,-2.4065127,0.41570505,0.013718816,True,1.0
265662.230389377,0,0.020368576,0.015105128,-0.018405497,-2.5934474,0.48040548,-0.005102859,True,1.0
265662.250389377,20000000,0.021375582,-0.0059428513,-0.012414575,-2.728919,0.576085,-0.0014741193,True,1.0
265662.270389377,0,0.027649432,-0.14935559,0.076874435,-2.3847673,0.5065177,-0.122539565,True,1.0
265662.290389377,0,-0.12552482,0.057812363,-0.11286986,-2.816375,1.0245905,0.6591809,True,1.0
265662.310389377,0,0.08717704,0.12433285,-0.07996589,-1.9058642,0.9722575,0.26565284,True,1.0
265662.330389377,0,0.09763467,-0.053821757,0.011680543,-1.6759473,0.51440215,0.12302217,True,1.0
265662.350389377,20000000,0.07829535,-0.14510073,0.037948728,-1.1961396,0.5926132,-0.06942892,True,1.0
265662.370389377,0,0.06770581,-0.099840075,0.031538427,-0.9481329,0.5144056,0.06296405,True,1.0
265662.390389377,20000000,0.05706966,-0.054552168,0.024822056,-0.7001262,0.43619803,0.19535702,True,1.0
265662.410389377,40000000,0.04638982,-0.009231925,0.017799675,-0.4521195,0.35799044,0.32774997,True,1.0
265662.430389377,0,-0.009438992,-0.07938752,0.042317867,-0.21675353,0.2462456,0.31493905,True,1.0
265662.450389377,20000000,-0.04728043,-0.02797512,0.06104064,0.06956692,-0.1878041,0.20109078,True,1.0
265662.470389377,0,-0.03528869,-0.03973195,0.03978747,0.13089788,-0.19074208,0.09764737,True,1.0
265662.490389377,20000000,-0.023291051,-0.05148977,0.018509388,0.19222884,-0.19368006,-0.005796045,True,1.0
265662.510389377,0,-0.011287719,-0.063248724,-0.0027934313,0.2535598,-0.19661804,-0.10923946,True,1.0
265662.530389377,0,-0.021328837,-0.05851467,0.0032263398,0.35684487,-0.22955713,-0.1916396,True,1.0
265662.550389377,20000000,-0.028579697,-0.057359844,0.009163976,0.45749164,-0.24524409,-0.27814913,True,1.0
265662.570389377,0,-0.029609233,-0.046143726,0.011554122,0.54731125,-0.27938852,-0.36429548,True,1.0
265662.590389377,20000000,-0.023198366,-0.030365333,0.0033127666,0.631997,-0.30506548,-0.41708818,True,1.0
265662.610389377,0,-0.03848198,-0.007642269,0.008753657,0.72407204,-0.35506833,-0.46813074,True,1.0
265662.630389377,0,-0.041858405,-0.009928778,0.0006597042,0.790386,-0.43406826,-0.53788674,True,1.0
265662.650389377,20000000,-0.05697015,-0.021312892,0.030551374,0.8905808,-0.6348171,-0.6935528,True,1.0
265662.670389377,0,0.0010517687,-0.03750977,-0.025239706,0.97845834,-0.6674788,-0.7699818,True,1.0
265662.690389377,0,-0.015430793,-0.011129618,-0.009069204,1.100107,-0.48994344,-0.5936408,True,1.0
265662.710389377,0,-0.0017496496,-0.04654655,-0.026518524,1.1240221,-0.4604349,-0.48624521,True,1.0
265662.730321458,0,-0.029278265,-0.01934928,-0.00073178636,1.1556426,-0.46785116,-0.5140792,True,1.0
265662.750321458,0,-0.009566739,0.029224306,-0.035933077,1.0031497,-0.38756406,-0.55419487,True,1.0
265662.770321458,20000000,0.0059729666,0.065883905,-0.062818766,0.8207047,-0.20597395,-0.5267656,True,1.0
265662.790321458,0,0.0057706684,0.08261572,-0.06702101,0.6627767,-0.026879534,-0.465383,True,1.0
265662.810321458,20000000,0.008274481,0.09445794,-0.06818986,0.45540792,0.0942602,-0.40515816,True,1.0
265662.830321458,0,0.021668345,0.09212351,-0.08407885,0.31554052,0.22392546,-0.36694956,True,1.0
265662.850321458,0,-0.0012652725,0.061737478,-0.026500463,0.15472285,0.18287838,-0.05469024,True,1.0
265662.870321458,0,-0.03997533,0.18672378,0.0066230893,-0.098052666,0.25780207,0.21854997,True,1.0
265662.890321459,0,0.0003309995,0.16943559,4.87566e-05,0.038159207,0.34566644,0.14704283,True,1.0
265662.910321459,0,0.03399183,0.026463449,0.023281455,0.06274844,0.32374528,0.010911807,True,1.0
265662.930321459,20000000,0.0014279187,-0.008072317,0.047604144,0.16831158,0.22320166,-0.043676548,True,1.0
265662.950321459,0,0.0025078058,-0.002909422,0.02648288,0.094884574,0.13528728,-0.083878554,True,1.0
265662.970321459,0,0.0014156401,-0.0020884275,0.026736021,0.08832942,0.069053195,-0.098775394,True,1.0
265662.990321459,20000000,0.0003232956,-0.001270324,0.026987433,0.08177427,0.002819106,-0.11367224,True,1.0
265663.010321459,0,0.001952529,0.008884221,0.020608723,0.0604599,-0.000668057,-0.06373121,True,1.0
265663.030321459,20000000,-0.0019259751,0.0035068095,0.015163124,0.032038957,-0.011786599,-0.0097079165,True,1.0
265663.050321459,0,-0.023769245,0.0138658285,0.016604185,0.084961616,-0.03365533,-0.004476655,True,1.0
265663.070321459,20000000,-0.045612305,0.02422443,0.018044353,0.13788427,-0.055524066,0.0007546074,True,1.0
265663.090321459,0,-0.039688066,-0.008237034,-0.048701882,0.09336133,0.050542146,0.044471316,True,1.0
265663.110321459,20000000,0.007611811,0.07619715,-0.04622388,-0.04712765,0.17638732,0.23976183,True,1.0
265663.130321459,0,0.017431349,0.0154569745,-0.01628679,-0.02930971,0.19702095,0.2913659,True,1.0
265663.150321459,0,0.0013830066,0.03715244,-0.02136761,0.008924192,0.14267975,0.32955438,True,1.0
265663.170321459,20000000,-0.024916187,0.014226437,0.034172297,0.07731464,0.04320383,0.30584666,True,1.0
265663.190321459,0,-0.009311259,0.012204677,0.012859404,0.11419849,0.068388924,0.26701862,True,1.0
265663.210321459,20000000,-0.0038784146,-0.011332363,0.012415469,0.12064847,0.09276071,0.23186557,True,1.0
265663.230321459,0,-0.0043147802,-0.018395543,0.011611044,0.11122141,0.1076973,0.21414888,True,1.0
265663.250321459,0,-0.006731212,-0.027745068,0.015554726,0.10562515,0.10413876,0.19479792,True,1.0
265663.270321459,20000000,-0.0046666265,-0.034541786,0.017900586,0.091301866,0.09585885,0.16661909,True,1.0
265663.290321459,0,-0.0038491786,-0.038311273,0.021335185,0.07832163,0.0812956,0.1236314,True,1.0
265663.310321459,0,-0.0025162697,-0.03860718,0.019714832,0.07115836,0.078851976,0.07261059,True,1.0
265663.330321459,0,-0.0047413707,-0.03195837,0.020654202,0.070233464,0.07042342,0.030447125,True,1.0
265663.350321459,0,-0.01641357,-0.03312576,0.02166903,0.0611173,0.02634633,-0.060345292,True,1.0
265663.370321459,20000000,-0.028085798,-0.034294367,0.022682011,0.052001137,-0.017730761,-0.15113771,True,1.0
265663.390321459,40000000,-0.019560203,-0.024453968,0.017745137,0.09769995,-0.18155059,-0.25933295,True,1.0
265663.410321459,0,0.002487272,-0.03328538,0.014248967,0.16589186,-0.20042399,-0.26543593,True,1.0
265663.430321459,0,-0.0022785366,-0.009669244,0.026123226,0.24594972,-0.12561189,-0.1713616,True,1.0
265663.450321459,0,0.0058134794,-0.026857257,0.031057477,0.31839913,-0.15915015,-0.18583307,True,1.0
265663.470321459,0,0.019710869,-0.014131397,0.017130911,0.23006134,-0.13704133,-0.15366253,True,1.0
265663.490321459,0,0.015256882,-0.005550176,0.015541375,0.19147892,-0.13667256,-0.17962876,True,1.0
265663.510321459,0,0.014727503,0.02106458,0.0013696551,0.13606974,-0.12764493,-0.1740991,True,1.0
265663.530321459,20000000,0.008516103,0.03335938,-0.0066067576,0.07578027,-0.13939391,-0.16345778,True,1.0
265663.550321459,0,0.014562994,0.037652016,-0.024111032,0.0061011612,-0.13419805,-0.14638081,True,1.0
265663.570321459,0,0.02536586,0.05471158,-0.04286903,-0.09763855,-0.09878061,-0.1486906,True,1.0
265663.590321459,0,0.013489634,0.05430579,-0.02711016,-0.13820146,-0.056317467,-0.096847765,True,1.0
265663.610321459,20000000,0.0016231239,0.053893775,-0.011364341,-0.17876437,-0.013854321,-0.045004927,True,1.0
265663.630321459,0,0.015879333,0.030393124,-0.021915138,-0.21169192,0.104497135,-0.026573846,True,1.0
265663.650321459,0,0.011149287,0.005391836,-0.0029311776,-0.17826343,0.14398532,0.053973258,True,1.0
265663.670321459,20000000,0.0064149797,-0.019610465,0.016025722,-0.14483494,0.1834735,0.13452035,True,1.0
265663.690321459,0,-0.0029593408,0.0022114217,0.013896346,-0.054948106,0.1582558,0.008770719,True,1.0
265663.710321459,20000000,-0.032515824,-0.037762314,-0.0017152429,-0.1317757,0.13691114,0.07828833,True,1.0
265663.730321459,0,-0.015553176,-0.0032595694,-0.018507123,-0.12154955,0.17644864,0.18491876,True,1.0
265663.750321459,20000000,0.0014116168,0.03125131,-0.03531015,-0.11132339,0.21598613,0.2915492,True,1.0
265663.770321459,40000000,-0.03991975,-0.0023335814,0.025629282,0.10007307,0.015138596,0.12334047,True,1.0
265663.790321459,0,-0.015619278,-0.020038247,0.007187426,0.14474781,-0.009358887,-0.018636376,True,1.0
265663.810321459,0,-0.001441747,-0.0187895,-0.0007739663,0.16420077,-0.005127927,-0.09590411,True,1.0
265663.830321459,0,0.008524567,-0.020939887,-0.0018044114,0.17607567,0.0051680473,-0.15121706,True,1.0
265663.850321459,0,0.012411088,-0.014693469,0.0053170323,0.17715824,0.010795284,-0.18861768,True,1.0
265663.870321459,20000000,0.01447621,-0.009414494,0.013727546,0.17508218,0.009754212,-0.20922032,True,1.0
265663.890321459,0,0.01725322,-0.008768678,0.018387377,0.16546322,-0.00015558396,-0.20703772,True,1.0
265663.930321459,0,0.008315474,-0.0026218593,0.020118058,0.13122804,-0.033637553,-0.14772622,True,1.0
265663.95032146,20000000,0.007025361,-0.003426522,0.013545811,0.10546631,-0.043180093,-0.120067,True,1.0
265663.970321459,40000000,0.0057311356,-0.004233241,0.0069702268,0.07970458,-0.052722633,-0.092407785,True,1.0
265663.99032146,0,-0.010846883,-0.011003941,0.02453196,0.08659785,-0.13898408,-0.16148713,True,1.0
265664.01032146,0,-0.002576828,-0.002281934,0.009275317,0.04967607,-0.17064986,-0.17905717,True,1.0
265664.03032146,0,-0.008102268,-0.024804175,0.011156082,0.14918457,-0.16983163,-0.18541723,True,1.0
265664.05032146,20000000,0.0059456527,0.0111685395,-0.009245455,0.14370792,-0.12533727,-0.011578411,True,1.0
265664.07032146,0,0.0049493015,-0.025498211,0.020013273,0.13550222,-0.1144579,0.08338745,True,1.0
265664.09032146,0,0.00026622415,-0.022062004,0.036384523,0.108336605,-0.17000976,0.064725205,True,1.0
265664.11032146,0,0.016737133,-0.019292325,0.025801599,0.07044895,-0.18499795,-0.030163452,True,1.0
265664.13032146,0,0.021928608,0.009259611,0.010415852,0.034580573,-0.1771333,-0.080691464,True,1.0
265664.15032146,20000000,0.015919447,0.0222584,0.0025076866,0.0045162383,-0.1838715,-0.077214025,True,1.0
265664.17032146,0,0.02555108,0.014226049,-0.014831305,-0.046301007,-0.18861501,-0.1074696,True,1.0
265664.19032146,20000000,0.035188347,0.0061980784,-0.032184005,-0.09711826,-0.19335853,-0.13772517,True,1.0
265664.21032146,40000000,-0.007674098,-0.030474901,0.012349963,-0.15940629,-0.19767116,-0.14536369,True,1.0
265664.23032146,0,0.0043211877,-0.025771886,-0.0105852485,-0.13522387,-0.06948084,-0.1730529,True,1.0
265664.25032146,20000000,-0.0019622445,-0.030869097,-0.04055679,-0.066183075,0.1709289,-0.18948229,True,1.0
265664.27032146,0,0.013081431,0.014261901,-0.060224175,-0.07822173,0.256356,-0.108856626,True,1.0
265664.29032146,20000000,0.021110386,-0.0027463734,-0.036887467,0.014708199,0.22432432,-0.19565564,True,1.0
265664.31032146,0,-0.03603387,0.021228462,0.016098022,-0.08592627,0.18234181,0.009734586,True,1.0
265664.33032146,0,-0.009506524,0.05140081,-0.0036281943,-0.054108847,0.27817145,0.089805335,True,1.0
265664.35032146,0,0.016385019,0.0008069873,0.00045973063,0.009127539,0.25282142,0.18847468,True,1.0
265664.37032146,0,-0.011162907,-0.044641405,0.028759837,0.016673934,0.2027799,0.19240397,True,1.0
265664.39032146,0,-0.010434568,-0.008985519,0.008687079,0.037996277,0.056190863,0.10562839,True,1.0
265664.41032146,20000000,-0.0057955086,-0.008230388,0.009863555,0.038873143,0.0028305762,0.0444894,True,1.0
265664.43032146,0,-0.008992404,-0.0032472908,0.011408746,0.017024506,-0.019065244,0.017680679,True,1.0
265664.45032146,0,-0.004188329,-0.0038243234,0.004029453,0.004425684,-0.003619792,-0.00047584623,True,1.0
265664.47032146,20000000,0.0006159842,-0.004401237,-0.0033499002,-0.008173139,0.011825658,-0.018632373,True,1.0
265664.49032146,40000000,0.0054204464,-0.004978001,-0.010729253,-0.020771962,0.02727111,-0.0367889,True,1.0
265664.51032146,0,0.0012474358,0.0041406155,-0.007445872,-0.029188264,0.02549951,-0.016836023,True,1.0
265664.53032146,0,-0.005188912,0.0067193806,-0.0020643473,-0.017858319,0.014911958,0.017771175,True,1.0
265664.55032146,0,-0.0019251108,0.008290917,-0.0059196353,-0.017521948,0.014026727,0.027761197,True,1.0
265664.57032146,20000000,0.0013386905,0.009862453,-0.009774923,-0.017185576,0.013141495,0.03775122,True,1.0
265664.59032146,40000000,-0.012072295,-0.0106983185,0.0060535073,-0.0045995144,-0.04102351,0.010060629,True,1.0
265664.61032146,0,-0.014071226,-0.027825952,0.00514251,0.03072448,-0.12758406,-0.17797434,True,1.0
265664.63032146,0,-0.010612786,-0.020769417,0.012573302,0.22075817,-0.17308965,-0.2862483,True,1.0
265664.65032146,0,0.019451201,-0.0014675558,-0.011606097,0.21941976,-0.059722565,0.033842504,True,1.0
265664.67032146,0,-0.011545986,0.01437524,0.036154687,0.26460046,-0.11184433,0.11255551,True,1.0
265664.69032146,0,0.0040210187,-0.0089274645,0.021861553,0.19005904,-0.0782012,0.05880331,True,1.0
265664.71032146,20000000,0.023716003,-0.012137562,-0.0027222633,0.12485466,0.014251776,0.004504878,True,1.0
265664.73032146,0,0.02132997,0.022800267,-0.0102389455,0.08347763,0.058627464,0.05215403,True,1.0
265664.75032146,0,0.02752465,-0.011285245,-0.02102828,0.0074652955,0.22391844,0.04282735,True,1.0
265664.77032146,20000000,0.003888309,-0.0003003776,-0.012512863,-0.16898993,0.3590594,0.108783856,True,1.0
265664.79032146,0,0.042762995,0.036191255,-0.06107354,-0.35444087,0.5148565,0.2789988,True,1.0
265664.81032146,0,-0.005567968,-0.0906288,-0.11995739,-0.5112194,0.8059851,0.24569002,True,1.0
265664.83032146,0,-0.10172188,0.04847774,0.092597485,-0.18065846,0.040367782,0.2683153,True,1.0
265664.85032146,20000000,-0.018429548,-0.05021,0.049611032,-0.118052155,0.082663484,0.10581842,True,1.0
265664.87032146,0,0.017449051,-0.0062406063,0.010515511,-0.1337791,0.05420848,0.012253255,True,1.0
265664.89032146,20000000,-0.023158073,-0.060319275,0.03502965,-0.011887856,0.03128005,-0.01781609,True,1.0
265664.91032146,0,-0.0048325956,-0.0808042,0.050453126,-0.0020926744,-0.043323748,-0.10800034,True,1.0
265664.93032146,0,-0.0092867315,-0.0035167933,0.028261006,0.14769168,-0.15440151,-0.15860093,True,1.0
265664.95032146,0,0.016956717,-0.035845667,0.010434449,0.2016482,-0.13684006,-0.15237443,True,1.0
265664.97032146,0,0.019745857,-0.006513834,-0.013889194,0.10968803,-0.057359084,-0.11042837,True,1.0
265664.99032146,20000000,0.0031898022,0.01333496,-0.0031612515,0.047927074,-0.03492486,-0.0814919,True,1.0
265665.01032146,0,0.0022440255,0.02071163,-0.0021692514,0.007394884,0.0021476448,-0.04873902,True,1.0
265665.030321461,20000000,0.0009238124,0.018026292,0.005197227,-0.026226383,-0.0035889884,0.006014377,True,1.0
265665.050321461,0,0.007332295,0.009445757,-0.0018267035,-0.042214416,0.005180155,0.028672999,True,1.0
265665.070321461,0,0.0049827993,0.0007942915,0.002693534,-0.037766844,0.008065992,0.028785063,True,1.0
265665.090321461,20000000,0.00062805414,-0.0030142367,0.003027618,-0.034647074,-0.007076556,0.0053469576,True,1.0
265665.110321461,0,-0.0027695,-0.0063037574,0.004068136,-0.02651886,-0.033046596,-0.020245593,True,1.0
265665.150321461,0,-0.00037255883,-0.0013486743,0.002776742,-0.0018609818,-0.015325882,-0.024742445,True,1.0
265665.170321461,20000000,0.0018465817,-0.002448082,0.0014218092,0.01637639,-0.019189058,-0.049989868,True,1.0
265665.190321461,0,-0.0031558275,-0.0016974807,0.0018746853,0.01841092,-0.05857539,-0.10715327,True,1.0
265665.230321461,0,-0.014023215,-0.020583034,0.03002429,0.094433606,-0.21637608,-0.090614624,True,1.0
265665.250321461,0,0.008111805,-0.020585954,0.000551641,0.14708927,-0.17564286,-0.040122543,True,1.0
265665.270321461,0,-0.00291422,0.0028145015,0.008687258,0.15887502,-0.17882481,-0.054683775,True,1.0
265665.290321461,0,0.0087658465,0.012686938,-0.011113286,0.08900124,-0.12722735,-0.07819943,True,1.0
265665.310321461,20000000,9.1820955e-05,0.011993945,0.0017463565,0.02375739,-0.105439395,-0.05786573,True,1.0
265665.330321461,0,-0.0027305186,0.0055003464,0.010285974,0.007843142,-0.100146346,-0.027884232,True,1.0
265665.350321461,0,0.00723511,0.002439618,0.0058428645,0.0018045241,-0.093554825,-0.014927279,True,1.0
265665.370321461,20000000,0.016622007,0.02054891,-0.010918379,-0.06445866,-0.039356038,-0.0011186963,True,1.0
265665.390321461,0,0.003997177,0.009020001,-0.00014197826,-0.119245104,0.0396159,0.013274666,True,1.0
265665.410321461,20000000,-0.015372694,-0.010929972,0.0129160285,-0.15314034,0.070303366,0.047441583,True,1.0
265665.430321461,0,-0.0032681525,-0.037084967,-0.0011150241,-0.14163399,0.10126316,0.03927819,True,1.0
265665.450321461,0,0.02008015,-0.009813696,-0.03449291,-0.07444458,0.22343242,0.09822701,True,1.0
265665.470321461,20000000,0.043428153,0.017463237,-0.06788951,-0.007255167,0.34560168,0.15717584,True,1.0
265665.490321461,0,0.0060685277,-0.002454549,0.0029975772,0.022748427,0.2945914,0.1996218,True,1.0
265665.510321461,20000000,-0.020139217,-0.024442285,0.02340281,0.04649553,0.14015914,0.19748147,True,1.0
265665.530321461,0,-0.004530132,-0.018974245,0.011696935,0.047379676,0.07452403,0.14419724,True,1.0
265665.550321461,0,0.00038468838,-0.016968817,0.01490438,0.0591962,0.03450291,0.08684619,True,1.0
265665.570321461,20000000,-0.0029581487,-0.011792988,0.01683271,0.07445494,0.0050771497,0.041358072,True,1.0
265665.590321461,0,-0.000579685,-0.002267331,0.009011865,0.07812393,-0.0054648556,0.010958314,True,1.0
265665.610321461,20000000,7.292628e-05,-0.0015195906,0.004456222,0.07384926,-0.019570101,4.0302984e-05,True,1.0
265665.630321461,0,0.0007869899,0.0019366145,-0.0007942319,0.062320177,-0.013670018,0.00014905485,True,1.0
265665.650321461,0,0.005054891,0.0041996837,-0.007660866,0.05073213,0.0140396785,-0.0020521937,True,1.0
265665.670321461,0,0.0022919774,0.0018084943,-0.00633049,0.049779456,0.023567205,-0.0035932153,True,1.0
265665.690321461,20000000,-0.00047039986,-0.00058311224,-0.005001545,0.048826784,0.03309473,-0.0051342365,True,1.0
265665.710321461,40000000,-0.0032322705,-0.0029753149,-0.0036738515,0.047874115,0.042622253,-0.006675258,True,1.0
265665.730321461,0,-0.012160242,-0.012000412,0.0043669343,0.05989466,-0.02583652,-0.07215048,True,1.0
265665.750321461,20000000,-0.021088898,-0.021026552,0.012407303,0.0719152,-0.09429528,-0.1376257,True,1.0
265665.770321461,40000000,-0.03001821,-0.030053765,0.020447195,0.08393574,-0.16275403,-0.20310089,True,1.0
265665.790321461,0,6.2674284e-05,-0.023125142,-0.0007767081,0.088810965,-0.15266302,-0.26696837,True,1.0
265665.810321461,20000000,-0.006383449,-0.0070650578,0.0136909485,0.15562165,-0.14455684,-0.25136912,True,1.0
265665.830321461,0,0.0028693378,-0.0017577112,0.004386246,0.14667971,-0.08627401,-0.13659492,True,1.0
265665.850321461,0,-0.008339524,-0.028081983,0.029361725,0.18974888,-0.11297098,-0.05862748,True,1.0
265665.870321461,20000000,0.00075238943,-0.022754341,0.023526847,0.20549394,-0.09389568,-0.06482459,True,1.0
265665.890321461,0,0.002513975,-0.014718503,0.022213757,0.17638814,-0.094186574,-0.07157903,True,1.0
265665.910321461,20000000,0.0077821314,0.010599911,-0.002183795,0.06579282,0.023177534,-0.034186676,True,1.0
265665.930321461,0,0.025597423,0.004201114,-0.029832482,0.0008382052,0.2026461,-0.053258277,True,1.0
265665.950321461,0,0.04023996,0.027748078,-0.033842802,-0.121757135,0.3004282,0.0016873255,True,1.0
265665.970321461,20000000,0.0941143,0.0728004,-0.005583048,-0.24510467,0.42035222,0.37543315,True,1.0
265665.990321461,0,-0.050703526,-0.018231839,0.022697866,-0.33602303,0.49301815,0.0498679,True,1.0
265666.010321461,20000000,-0.022087991,-0.016922712,0.008014619,-0.25953218,0.23968506,0.104230866,True,1.0
265666.030321461,0,-0.032996,-0.062621504,0.05608207,-0.11262767,0.0636608,0.14633097,True,1.0
265666.050321461,0,-0.03616461,-0.05791682,0.056717217,-0.025163345,-0.034785822,0.06190475,True,1.0
265666.070321461,20000000,-0.039333165,-0.05321279,0.057352245,0.06230098,-0.13323244,-0.022521451,True,1.0
265666.090321461,0,-0.025042355,-0.04014039,0.03484869,0.16610995,-0.16840492,-0.12789991,True,1.0
265666.110321462,0,-0.0023794472,-0.015286714,0.0025037527,0.18742792,-0.13629124,-0.1450417,True,1.0
265666.130321462,0,0.00032156706,-0.00092825294,0.0030858517,0.15719908,-0.121830724,-0.10864673,True,1.0
265666.150321462,20000000,0.003302008,0.007877767,-0.0014722347,0.12004763,-0.073527165,-0.08444943,True,1.0
265666.170321462,0,0.0059624314,0.01056999,-0.0055565834,0.07337238,-0.0308868,-0.05955588,True,1.0
265666.190321462,0,0.0047275126,0.0141477585,-0.004799545,0.026772298,-0.006524775,-0.024044469,True,1.0
265666.210321462,20000000,0.0053593814,0.013184547,-0.0033462048,-0.016225532,0.0090699615,0.0060220156,True,1.0
265666.230321462,0,0.0049452186,0.0059423745,0.003332913,-0.04324944,0.015666477,0.032122366,True,1.0
265666.250321462,0,0.0025725067,-0.00014686584,0.0078017116,-0.04613662,0.018644877,0.035862025,True,1.0
265666.270321462,20000000,-0.0002528429,-0.007344991,0.011142075,-0.038535204,0.004369717,0.029124547,True,1.0
265666.290321462,0,0.0017726421,-0.01033172,0.005837083,-0.026649863,-0.0007266975,0.012508227,True,1.0
265666.310321462,0,0.0013703108,-0.008080155,0.004630804,-0.02293604,-0.0013664189,-0.0053496137,True,1.0
265666.330321462,0,0.00062319636,-0.0071177483,0.004120469,-0.015314167,-0.0056489194,-0.015795797,True,1.0
265666.350321462,0,-0.00206846,-0.01136896,0.0052147508,0.0073882435,-0.01183852,-0.02346789,True,1.0
265666.370321462,20000000,-0.00016775727,-0.0018844306,0.006406069,0.015818704,-0.014197867,-0.023939881,True,1.0
265666.390321462,40000000,-0.0020469427,-0.0014308691,0.007968903,0.01595986,-0.033894345,-0.029257273,True,1.0
265666.410321462,0,-0.00052160025,-0.011446178,0.0011727214,0.010402711,-0.082122914,-0.07183876,True,1.0
265666.430321462,0,0.010862559,0.04030627,0.009012163,0.104829125,-0.263589,-0.2008839,True,1.0
265666.450321462,0,0.006340027,0.042651147,-0.0021407008,0.03445617,-0.16860494,-0.033982992,True,1.0
265666.470321462,0,0.0036511123,0.0074674487,0.012805223,0.090544716,-0.20662452,-0.03860103,True,1.0
265666.490321462,20000000,0.0009639859,-0.02771166,0.02771914,0.14663325,-0.2446441,-0.043219067,True,1.0
265666.510321462,40000000,-0.0017215908,-0.06288621,0.04260081,0.20272179,-0.2826637,-0.047837105,True,1.0
265666.530321462,60000000,0.017926157,-0.042221576,0.013207257,0.08453869,-0.20167637,-0.074881,True,1.0
265666.550321462,0,-0.0027684867,0.0015188158,0.010616839,0.0589781,-0.18385759,-0.030509595,True,1.0
265666.570321462,0,0.0048470795,0.002519846,0.005941212,0.020588491,-0.16555798,-0.021248883,True,1.0
265666.590321462,20000000,0.012465179,0.0035217702,0.0012568831,-0.017801117,-0.14725837,-0.01198817,True,1.0
265666.610321462,40000000,0.020085752,0.004524529,-0.0034360886,-0.056190725,-0.12895876,-0.0027274583,True,1.0
265666.630321462,0,0.011746198,0.0047515333,-0.001085043,-0.08057305,-0.17278533,-0.035118848,True,1.0
265666.650321462,20000000,0.003411293,0.004977256,0.0012571812,-0.104955375,-0.21661189,-0.06751023,True,1.0
265666.670321462,0,0.00619936,0.011481911,-0.013610005,-0.13768099,-0.07120335,-0.062991105,True,1.0
265666.690321462,20000000,0.008994967,0.017981976,-0.028487027,-0.17040661,0.07420519,-0.058471985,True,1.0
265666.710321462,0,0.0049702227,-0.0032737255,-0.0153476,-0.2292413,0.1995738,0.014946647,True,1.0
265666.730321462,20000000,0.0009429157,-0.024529964,-0.0022487044,-0.28807598,0.3249424,0.08836528,True,1.0
265666.750321462,0,-0.007820129,-0.012939721,0.0015260577,-0.19263056,0.31424895,0.061071888,True,1.0
265666.770321462,20000000,-0.016584784,-0.0013390481,0.0052417517,-0.097185135,0.3035555,0.033778496,True,1.0
265666.790321462,0,-0.014516294,0.020763934,0.0064335465,-0.074357875,0.296868,0.23580489,True,1.0
265666.810321462,20000000,-0.012435555,0.042888314,0.0076072216,-0.051530614,0.2901805,0.43783128,True,1.0
265666.830321462,0,-0.003042996,0.009803116,0.007183671,-0.018706553,0.17654267,0.24995002,True,1.0
265666.850321462,20000000,0.006357372,-0.02328074,0.0067581534,0.014117502,0.06290486,0.06206876,True,1.0
265666.870321462,0,0.006711364,-0.019675732,0.004832208,0.018732999,0.04357806,0.01856133,True,1.0
265666.890321462,20000000,0.0070652664,-0.016071022,0.0029061437,0.023348495,0.024251256,-0.024946105,True,1.0
265666.910321462,40000000,0.0074189603,-0.0124664605,0.0009801388,0.027963992,0.004924454,-0.068453535,True,1.0
265666.930321462,60000000,0.0077725947,-0.008862078,-0.0009460449,0.03257949,-0.014402349,-0.11196096,True,1.0
265666.950321462,0,0.0060242712,-0.0035616457,-0.0020208955,0.035808302,-0.00918093,-0.091346264,True,1.0
265666.970321462,20000000,0.004275292,0.0017377436,-0.0030964613,0.039037116,-0.0039595114,-0.070731565,True,1.0
265666.990321462,40000000,0.0025256574,0.0070362985,-0.0041724443,0.042265926,0.0012619067,-0.050116874,True,1.0
265667.010321462,60000000,0.0007752478,0.0123339,-0.0052491426,0.04549474,0.0064833253,-0.02950218,True,1.0
265667.030321462,0,0.0019570887,0.0104730725,-0.0070170164,0.010092277,0.020462634,-0.038366683,True,1.0
265667.050321462,20000000,0.0031389892,0.008611798,-0.008785009,-0.025310185,0.034441944,-0.04723119,True,1.0
265667.070321462,0,0.013277411,-0.000705868,-0.016486466,-0.049692895,0.07577212,-0.03465529,True,1.0
265667.090321462,20000000,0.023416251,-0.010024369,-0.024190247,-0.07407561,0.11710231,-0.022079393,True,1.0
265667.110321462,0,0.018526524,-0.00052931905,-0.011465788,0.011861764,0.03385052,-0.1081538,True,1.0
265667.130321462,20000000,0.013634503,0.00896287,0.0012581944,0.097799145,-0.04940127,-0.1942282,True,1.0
265667.150321462,40000000,0.01382494,0.019616067,0.0033056736,0.09537015,-0.053655505,-0.19591783,True,1.0
265667.170321462,60000000,0.016544074,0.018565536,0.0074234605,0.038746875,-0.008767944,-0.12528181,True,1.0
265667.190321462,80000000,0.011448383,0.023105979,0.013229132,-0.026921596,-0.0021884507,-0.025204398,True,1.0
265667.210321463,0,0.017583638,0.0035919845,0.0053292513,-0.046278015,0.034018114,0.0093203485,True,1.0
265667.230321463,0,-0.0010255277,0.0018042326,0.027329624,-0.06154265,0.033323295,0.023132993,True,1.0
265667.250321463,20000000,-0.019640267,2.3156404e-05,0.04931897,-0.07680728,0.032628477,0.036945634,True,1.0
265667.270321463,40000000,-0.03826049,-0.0017511249,0.07129717,-0.09207192,0.03193366,0.05075828,True,1.0
265667.290321463,60000000,-0.01287213,0.0021405518,0.036272883,-0.10463729,0.045188047,0.042894855,True,1.0
265667.310321463,0,-0.011695653,0.0007086992,0.027011275,-0.103067055,0.014615629,0.04009654,True,1.0
265667.330321463,0,-0.01592207,-0.016288549,0.027098358,-0.06653145,-0.057261165,0.026622929,True,1.0
265667.350321463,20000000,-0.034681886,-0.081985265,0.070647955,0.1456174,-0.19605663,-0.05061482,True,1.0
265667.370321463,40000000,0.018176287,-0.03888631,0.0005938411,0.13920483,-0.13556862,-0.12572098,True,1.0
265667.390321463,0,0.012841105,-0.014578372,-0.0019696355,0.13953379,-0.11392109,-0.095349,True,1.0
265667.410321463,0,0.012160063,-0.005750507,-0.0052532554,0.106671944,-0.080575496,-0.06521694,True,1.0
265667.430321463,20000000,0.011477292,0.003077358,-0.008539617,0.0738101,-0.047229905,-0.03508489,True,1.0
265667.450321463,40000000,0.010792822,0.011905104,-0.011828899,0.040948257,-0.013884313,-0.004952837,True,1.0
265667.470321463,60000000,0.0061773956,0.012764484,-0.0033153296,0.017981295,0.00018601213,0.021512834,True,1.0
265667.490321463,0,0.008580357,0.006505996,-1.180172e-05,0.007779983,0.02012797,0.037752856,True,1.0
265667.510321463,0,0.0058442354,0.00397411,0.003534615,0.010889836,0.012298365,0.04576528,True,1.0
265667.530321463,20000000,0.003108561,0.0014419854,0.0070812106,0.013999688,0.0044687595,0.053777706,True,1.0
265667.550321463,40000000,0.0003733337,-0.0010904074,0.010627627,0.017109541,-0.0033608451,0.06179013,True,1.0
265667.570321463,60000000,0.0029506683,-0.00501135,0.003946483,0.02160231,-0.007718024,0.04697354,True,1.0
265667.590321463,0,0.0035158694,-0.014141887,0.0051998496,0.031528763,-0.028009634,0.008910209,True,1.0
265667.610321463,0,0.0047820807,-0.0075680315,0.0026246905,0.010974687,-0.023303736,-0.011175629,True,1.0
265667.630321463,0,0.0039203763,-0.0075339377,0.003952205,-0.0006848257,-0.026000574,-0.02248404,True,1.0
265667.650321463,20000000,0.0030588508,-0.007499665,0.005279541,-0.012344339,-0.02869741,-0.03379245,True,1.0
265667.670321463,40000000,0.00013932586,-0.0060298443,0.005645752,-0.005417553,-0.037044384,-0.04320424,True,1.0
265667.690321463,0,0.0028629005,-0.0012132227,0.0038787127,-0.0009635221,-0.039957654,-0.044949412,True,1.0
265667.710321463,0,0.0065821707,0.01763004,0.006326139,0.026553534,-0.10835986,-0.09096523,True,1.0
265667.730321463,20000000,0.010302126,0.036476552,0.0087711215,0.054070592,-0.17676207,-0.13698104,True,1.0
265667.750321463,40000000,0.014022887,0.055326134,0.011213779,0.08158765,-0.24516429,-0.18299685,True,1.0
265667.770321463,60000000,-0.010332704,0.043634027,0.0075606704,0.035894725,-0.20504607,0.034125507,True,1.0
265667.790321463,0,-0.001036346,-0.025065988,0.021218956,0.1682195,-0.19984272,0.019520093,True,1.0
265667.810321463,0,0.011475682,-0.037463456,0.009319425,0.20712571,-0.14193153,-0.058484506,True,1.0
265667.830321463,0,0.0056558847,-0.024041831,0.008033991,0.14355378,-0.12850478,-0.055374112,True,1.0
265667.850321463,20000000,-0.00016734004,-0.01061967,0.0067386627,0.07998185,-0.11507803,-0.052263714,True,1.0
265667.870321463,0,0.010459274,0.0028954744,-0.00083082914,0.053309094,-0.07315659,-0.03873261,True,1.0
265667.890321463,20000000,0.006046355,0.009287983,0.007543981,0.059094746,-0.096614584,-0.008869076,True,1.0
265667.910321463,0,0.023994744,0.028942317,-0.013939023,-0.009684373,-0.043737646,0.01071091,True,1.0
265667.930321463,20000000,0.018963993,0.019224674,-0.00072443485,-0.038921725,-0.039811607,0.05487477,True,1.0
265667.950321463,0,0.0019211471,0.006478071,0.013065696,-0.06876463,-0.08342479,0.050027117,True,1.0
265667.970321463,20000000,-0.017180502,0.0049616396,0.013927519,-0.1401937,-0.19628352,-0.0054295734,True,1.0
265667.990321463,0,0.022424966,-0.055977494,-0.010359943,-0.11999981,-0.08129252,-0.13626122,True,1.0
265668.010321463,20000000,0.008081973,0.0035949945,-0.023504734,-0.13847275,0.06909751,-0.07318275,True,1.0
265668.030321463,0,-0.0044495165,-0.009049058,-0.011065841,-0.17460552,0.18091431,0.0014274269,True,1.0
265668.050321463,20000000,-0.016981632,-0.021693408,0.0013449192,-0.21073827,0.2927311,0.0760376,True,1.0
265668.070321463,40000000,0.031465918,-0.020833284,-0.033666313,-0.18492849,0.3571703,0.04741721,True,1.0
265668.090321463,0,0.024389505,-0.0009518564,-0.019961238,-0.059107497,0.41417545,0.13445452,True,1.0
265668.110321463,20000000,-0.023380905,0.072077125,0.02509445,0.0272685,0.2100378,0.30319276,True,1.0
265668.130321463,0,0.012175202,0.04565075,0.0029113889,0.0010289084,0.21383469,0.30872798,True,1.0
265668.150321463,20000000,-0.016585708,-0.02462858,0.04768735,0.09877556,0.007226765,0.1327279,True,1.0
265668.170321463,0,-0.0048739016,-0.014106691,0.029526472,0.08190331,-0.0070851278,0.08044204,True,1.0
265668.190321463,20000000,0.006839812,-0.003586322,0.011363149,0.06503105,-0.02139702,0.028156191,True,1.0
265668.210321463,0,0.008900285,-0.0010550618,0.0067088604,0.0522819,-0.014743803,0.015222948,True,1.0
265668.230321463,20000000,0.008005291,0.0028845072,0.002748251,0.03224294,-0.006506864,0.0044098273,True,1.0
265668.250321464,0,0.005780846,0.0018185079,0.00681144,0.022453882,0.0064328834,0.008330895,True,1.0
265668.270321464,0,0.0054468215,0.0018178225,0.008350611,0.006631581,0.013668538,0.017833007,True,1.0
265668.290321464,0,0.001306653,-0.003063947,0.011381745,-0.010388782,0.0069465134,0.017548408,True,1.0
265668.310321464,20000000,0.0008586347,-0.0017994344,0.010061085,-0.023297235,0.0022742036,0.021274932,True,1.0
265668.330321464,0,0.0019527674,-0.006353259,0.006340444,-0.032951977,-0.0018905061,0.007998025,True,1.0
265668.350321464,0,0.001845628,-0.01924944,2.7418137e-06,-0.031348806,-0.002617514,-0.016707465,True,1.0
265668.370321464,20000000,0.0030745268,-0.01060766,-0.007981122,-0.05082167,0.016814696,-0.03363799,True,1.0
265668.390321464,0,0.005951315,-0.00822258,-0.008063018,-0.05970448,0.03804195,0.0037641078,True,1.0
265668.410321464,0,-0.0025257766,-0.019084096,-0.010431945,-0.010418013,0.053510148,-0.025026532,True,1.0
265668.430321464,20000000,-0.02709046,-0.0015806854,0.0074241757,0.016795283,-0.05424146,-0.07702847,True,1.0
265668.450321464,0,-0.01772061,0.0010767281,0.009806454,0.05177214,-0.09313987,-0.10849288,True,1.0
265668.470321464,20000000,-0.00835073,0.0037370026,0.012186527,0.086748995,-0.1320383,-0.13995728,True,1.0
265668.490321464,0,0.0013543367,0.0029794276,0.013886452,0.08957114,-0.10404,-0.10352837,True,1.0
265668.510321464,20000000,0.008065283,8.967519e-05,0.014068127,0.055218752,-0.08364637,-0.057705536,True,1.0
265668.530321464,0,0.012285054,0.00024446845,0.011697769,0.031907953,-0.063273184,-0.014473204,True,1.0
265668.550321464,0,0.012197286,-0.0012239516,0.007394254,-0.0019552857,-0.031543504,0.023019388,True,1.0
265668.570321464,0,0.02038759,0.009347677,-0.008179545,-0.06702877,0.055314224,0.06578927,True,1.0
265668.590321464,0,0.032882363,0.028329164,-0.019448578,-0.1582869,0.20138668,0.23938185,True,1.0
265668.610321464,20000000,0.04459068,0.034792185,-0.05393213,-0.20766236,0.34676117,0.24607599,True,1.0
265668.630321464,0,-0.012487769,0.009179831,0.015423834,-0.12160771,0.16784698,0.2032847,True,1.0
265668.650321464,0,-0.009716332,0.00996235,0.0155496,-0.10262893,0.11884262,0.17155966,True,1.0
265668.670321464,20000000,-0.0069453716,0.010745436,0.01567483,-0.08365016,0.06983827,0.13983464,True,1.0
265668.690321464,40000000,-0.0041748583,0.011529118,0.015799522,-0.064671375,0.02083391,0.10810961,True,1.0
265668.710321464,60000000,-0.010967404,-0.005722642,0.022250354,-0.054415695,-0.03692079,0.08920831,True,1.0
265668.730321464,0,-0.015093982,-0.04041639,0.031316638,0.03853444,-0.09469074,0.05490975,True,1.0
265668.750321464,0,-0.0015054941,-0.043600887,0.016115963,0.10325881,-0.13095167,-0.05317191,True,1.0
265668.770321464,20000000,-0.0059422553,-0.023340702,0.011672795,0.13616502,-0.17083913,-0.08633107,True,1.0
265668.790321464,0,-0.012999326,-0.0052185655,0.01299268,0.13048929,-0.14419517,-0.07805268,True,1.0
265668.810321464,0,0.001576215,-0.0008588135,-0.001466155,0.09767537,-0.08608513,-0.06818425,True,1.0
265668.830321464,0,0.008085877,0.006365657,-0.0071701407,0.055466894,-0.032160457,-0.05156866,True,1.0
265668.850321464,0,0.0036614537,0.01811406,-0.0039658546,0.0061679557,-0.0009546019,-0.00885769,True,1.0
265668.870321464,0,-0.0029703379,0.014841288,0.0045628548,-0.025876682,-0.0086933905,0.03243219,True,1.0
265668.890321464,0,-0.0016340017,0.007892311,0.0030745268,-0.048908427,-0.017375536,0.05762147,True,1.0
265668.910321464,0,0.0010825694,0.004098952,-0.0011427402,-0.07084366,-0.01651494,0.064442955,True,1.0
265668.930321464,20000000,0.005692512,5.6952238e-05,-0.0035460591,-0.077144936,-0.002525784,0.06730121,True,1.0
265668.950321464,0,0.0056051314,-0.0019873977,-0.0019062161,-0.06569709,0.02171442,0.07400536,True,1.0
265668.970321464,20000000,0.005516529,-0.004031658,-0.00026756525,-0.054249246,0.045954622,0.08070951,True,1.0
265668.990321464,40000000,0.0054266155,-0.0060756803,0.0013697147,-0.042801406,0.07019482,0.08741366,True,1.0
265669.010321464,60000000,0.0058674514,-0.005870253,0.004902184,-0.034202218,0.09610406,0.10613486,True,1.0
265669.030321464,0,0.011502296,-0.012217432,0.011200011,-0.03271817,0.12135861,0.11956447,True,1.0
265669.050321464,0,0.006647587,-0.011816561,0.018507957,-0.04509896,0.102493115,0.1163483,True,1.0
265669.070321464,20000000,0.0017932355,-0.011412919,0.02581358,-0.05747975,0.08362762,0.11313212,True,1.0
265669.090321464,40000000,-0.003910482,-0.008746326,0.030241966,-0.0699358,0.03728722,0.10767908,True,1.0
265669.110321464,0,-0.008706063,-0.010674119,0.033105195,-0.067266405,-0.047065184,0.08274995,True,1.0
265669.130321464,0,-0.01664859,-0.001330167,0.034938335,0.0041241944,-0.24807137,0.05681906,True,1.0
265669.170321464,0,-0.009849668,-0.024351746,0.028702796,0.10739146,-0.29473102,0.15008311,True,1.0
265669.190321464,0,0.0051053464,-0.048529863,0.010668099,0.11945674,-0.27624613,0.06475744,True,1.0
265669.210321464,20000000,0.004975915,-0.030830383,0.008650601,0.08724258,-0.25547814,-0.020621993,True,1.0
265669.230321464,0,0.0057500303,-0.022683382,-0.0060448647,0.021268763,-0.22233213,-0.11663875,True,1.0
265669.250321464,0,0.00335297,-0.010150313,-0.003836155,-0.030001972,-0.23083897,-0.19155774,True,1.0
265669.270321464,20000000,0.010090679,0.013579726,-0.01126647,-0.09710801,-0.25321856,-0.22990677,True,1.0
265669.290321464,0,0.023365498,0.03318298,-0.02636534,-0.16255105,-0.23101768,-0.24731693,True,1.0
265669.310321464,20000000,0.034957916,0.036851138,-0.036216617,-0.19413665,-0.1781281,-0.24428494,True,1.0
265669.330321465,0,0.01770389,0.064011574,-0.032915533,-0.20462336,-0.16564734,-0.16958515,True,1.0
265669.350321465,0,0.017493695,0.05427599,-0.036927402,-0.17175092,-0.087631516,-0.09908588,True,1.0
265669.370321465,20000000,0.017294616,0.044535726,-0.04095483,-0.13887848,-0.0096156895,-0.028586611,True,1.0
265669.390321465,40000000,0.007884771,0.041739434,-0.07082057,-0.1516693,0.20492576,0.084342584,True,1.0
265669.410321465,0,0.0121925175,0.02605015,-0.040135205,-0.15710096,0.36138666,0.20304012,True,1.0
265669.430321465,0,0.03994006,0.0504871,-0.053021073,-0.19967608,0.4696278,0.28792107,True,1.0
265669.450321465,20000000,0.024031729,0.035459667,-0.030092776,-0.14749578,0.4363339,0.2720989,True,1.0
265669.470321465,0,-0.0040655434,0.034612626,0.015935302,-0.07476022,0.34878093,0.57448447,True,1.0
265669.490321465,0,-0.01177901,-0.05354339,0.008684278,-0.012212373,0.24237664,0.49593434,True,1.0
265669.510321465,0,0.008987516,-0.06713933,0.014289737,0.010736853,0.20252267,0.41185665,True,1.0
265669.530321465,0,0.0120307505,-0.08003864,0.033388436,0.0418505,0.16565998,0.3302663,True,1.0
265669.550321465,0,0.010972619,-0.07904151,0.04311663,0.05497539,0.12722273,0.27038857,True,1.0
265669.570321465,0,0.009437054,-0.076860934,0.044810355,0.054575603,0.09256557,0.22048168,True,1.0
265669.590321465,0,0.0057299733,-0.06634399,0.042551756,0.041816935,0.06755656,0.19474801,True,1.0
265669.610321465,20000000,0.0014033318,-0.050093353,0.03974837,0.010391798,0.044820588,0.18635541,True,1.0
265669.630321465,0,-0.0005528033,-0.04351762,0.035856545,-0.03274912,0.03443806,0.18056063,True,1.0
265669.650321465,0,-0.0042575896,-0.044349343,0.03553313,-0.06226101,0.028215902,0.16564806,True,1.0
265669.670321465,20000000,-0.007962972,-0.045184046,0.035210192,-0.0917729,0.021993745,0.15073547,True,1.0
265669.690321465,40000000,-0.010501862,-0.04002738,0.032717407,-0.12187851,0.021907002,0.12833273,True,1.0
265669.710321465,0,-0.01860091,-0.03745082,0.030277371,-0.15735021,0.011532298,0.10139751,True,1.0
265669.730321465,0,-0.03286946,-0.028704733,0.029248953,-0.21044472,-0.031044338,0.07587815,True,1.0
265669.750321465,20000000,-0.021706134,-0.0301691,0.022783458,-0.2527031,-0.029698726,0.13716483,True,1.0
265669.770321465,0,-0.025565326,-0.053590328,-0.011443973,-0.21011536,-0.008043218,0.09399499,True,1.0
265669.790321465,0,-0.035328865,-0.046055287,-0.011560321,-0.17037508,-0.037965126,-0.010508835,True,1.0
265669.810321465,0,-0.04673022,-0.04819733,0.008056045,-0.082614936,-0.16352871,-0.14562505,True,1.0
265669.830321465,0,-0.011111736,-0.015290678,-0.014601707,-0.08105522,-0.1532079,-0.22747865,True,1.0
265669.850321465,20000000,-0.0048663914,0.009726524,-0.019121826,-0.10232465,-0.08580209,-0.22494127,True,1.0
265669.870321465,0,-0.016315252,0.023411125,-0.0046911836,-0.10862072,-0.07061285,-0.16976576,True,1.0
265669.890321465,0,-0.0057350993,0.026426524,-0.012204468,-0.13104852,-0.04079242,-0.12585159,True,1.0
265669.910321465,20000000,0.0048509836,0.029438764,-0.019725561,-0.15347631,-0.010971999,-0.081937425,True,1.0
265669.930321465,0,0.01741153,0.030238658,-0.020307481,-0.18012297,0.04453761,-0.08970169,True,1.0
265669.950321465,20000000,0.01667118,0.036108315,-0.012118638,-0.21356608,0.120705314,-0.034043394,True,1.0
265669.970321465,0,0.020700365,0.044338137,-0.008070588,-0.23951158,0.24448855,0.14796007,True,1.0
265669.990321465,20000000,0.016581476,0.002144903,-0.013405025,-0.14584956,0.24784395,0.06865097,True,1.0
265670.010321465,0,0.014350414,0.0005232692,-0.0035461187,-0.09496845,0.1378108,-0.014211506,True,1.0
265670.030321465,20000000,0.012120128,-0.0010994077,0.006308675,-0.04408735,0.02777765,-0.09707398,True,1.0
265670.050321465,0,0.013860464,0.0049078763,0.01249516,-0.05922015,-0.016685989,-0.14646135,True,1.0
265670.070321465,0,0.016334832,0.019038856,-0.0012691021,-0.14605236,-0.03861603,-0.17814577,True,1.0
265670.090321465,0,0.005457431,0.015050501,-0.008088231,-0.19444796,-0.06263128,-0.12560469,True,1.0
265670.110321465,20000000,-0.010710955,-0.04437685,0.0030422807,-0.08757575,-0.13577595,-0.1253598,True,1.0
265670.130321465,0,0.029929519,-0.026812345,-0.036506712,-0.052199617,-0.10274787,-0.24473387,True,1.0
265670.150321465,20000000,0.0033847392,0.0014955103,-0.013693273,-0.048257727,-0.09295572,-0.23379803,True,1.0
265670.170321465,0,0.008021653,0.020856202,-0.024854422,-0.07326387,-0.0020090863,-0.12736021,True,1.0
265670.190321465,20000000,0.007854849,0.017855555,-0.019844174,-0.08664893,0.048867125,-0.04421363,True,1.0
265670.210321465,0,0.0049673915,0.012354851,-0.0067096353,-0.10655884,0.06745746,0.0013387427,True,1.0
265670.230321465,0,0.001249969,0.005831182,0.008674085,-0.11108334,0.06669341,0.024226217,True,1.0
265670.250321465,0,0.0067822635,-0.0027496517,0.012296081,-0.100191824,0.06348051,0.014198145,True,1.0
265670.270321465,20000000,0.012313426,-0.011330545,0.015913129,-0.089300305,0.060267605,0.0041700723,True,1.0
265670.290321465,40000000,0.009453356,-0.0062641203,0.017378747,-0.09940691,0.04583361,-0.013788239,True,1.0
265670.310321465,0,0.0099078715,-0.003863752,0.014833033,-0.10623556,0.035290863,-0.033582713,True,1.0
265670.330321465,20000000,0.0074725747,-0.005628139,0.014689863,-0.096093774,0.019989748,-0.04860043,True,1.0
265670.350321465,0,0.00539878,-0.0035458803,0.0137063265,-0.09065675,-0.004544869,-0.06470893,True,1.0
265670.370321465,0,0.0065650344,-0.0030817986,0.004929304,-0.079216905,0.0063226204,-0.07944626,True,1.0
265670.390321466,20000000,0.010589033,0.004368603,-0.004549265,-0.083467185,0.031084497,-0.09454546,True,1.0
265670.410321466,0,0.009618461,0.012879044,-0.008399606,-0.09646617,0.05391748,-0.102087274,True,1.0
265670.430321466,0,0.009299129,0.011046797,-0.0034208894,-0.08460671,0.060176976,-0.09400251,True,1.0
265670.450321466,20000000,0.012032628,0.004181385,-0.0001463294,-0.06640885,0.07318995,-0.081234924,True,1.0
265670.470321466,0,0.014069885,-0.005564362,0.005263686,-0.025512025,0.044358645,-0.10871976,True,1.0
265670.490321466,20000000,0.02543971,-0.03740868,0.015338063,0.107020125,-0.08866367,-0.24119845,True,1.0
265670.510321466,0,0.052552074,-0.011174113,0.00043171644,0.16775613,0.105621696,-0.07393932,True,1.0
265670.530321466,0,-0.024706125,-0.04635364,0.06813961,0.22562473,-0.19274887,-0.10819275,True,1.0
265670.550321466,0,-0.017139465,-0.026770622,0.055524588,0.18993706,-0.17953141,-0.16486295,True,1.0
265670.570321466,20000000,-0.009579539,-0.0071810186,0.042897165,0.1542494,-0.16631395,-0.22153315,True,1.0
265670.590321466,40000000,0.00092580914,0.0047453344,0.0095191,0.06221602,-0.1593939,-0.22041929,True,1.0
265670.610321466,0,0.0054468215,-0.038235754,0.02859205,0.049818173,-0.16665483,-0.2784276,True,1.0
265670.650321466,0,0.009403408,0.01619798,0.0008072853,-0.025526382,-0.06993211,-0.18902041,True,1.0
265670.670321466,0,0.006675273,0.013017178,-0.0012357235,-0.060347937,0.05498518,-0.13607237,True,1.0
265670.690321466,20000000,0.003952086,0.009832144,-0.0032820702,-0.09516949,0.17990246,-0.083124325,True,1.0
265670.710321466,40000000,0.020228744,0.013918072,-0.0037530065,-0.14112324,0.29557988,0.06510316,True,1.0
265670.730321466,0,0.06282467,0.046435565,-0.04474157,-0.19948748,0.49277854,0.51949733,True,1.0
265670.750321466,0,-0.042537242,-0.116514236,-0.042984843,-0.06435488,0.12350476,-0.23640597,True,1.0
265670.770321466,0,-0.0310345,0.053822592,-0.061054945,-0.14874035,-0.07333754,-0.06781711,True,1.0
265670.790321466,0,-0.015206724,0.008706808,-0.013612151,-0.032817423,-0.10579917,-0.091097906,True,1.0
265670.810321466,20000000,0.0006223917,-0.036406934,0.033827484,0.0831055,-0.1382608,-0.114378706,True,1.0
265670.830279458,0,0.01805802,-0.003836226,-0.0033312226,0.011022892,-0.106814176,-0.17623937,True,1.0
265670.850279458,0,-0.0010112226,-0.031082153,0.0057094097,0.051306214,-0.1854208,-0.20806083,True,1.0
265670.870279458,20000000,-0.020070732,-0.058320582,0.014742434,0.09158954,-0.26402742,-0.23988229,True,1.0
265670.890279458,0,-0.010639131,-0.02755925,-0.007923961,0.09337969,-0.25228673,-0.26234683,True,1.0
265670.910279458,20000000,-0.0043404996,-0.0070168376,-0.011931658,0.09278364,-0.19461936,-0.23825149,True,1.0
265670.930279458,0,-0.0041752458,0.0066483617,-0.014885843,0.06838457,-0.14115968,-0.18032342,True,1.0
265670.950279458,0,-0.00079742074,0.0114659965,-0.017175078,0.035609562,-0.08559601,-0.12350359,True,1.0
265670.990279459,0,0.0023633242,0.004315138,-0.009264052,0.0022293413,-0.0060408507,-0.05046002,True,1.0
265671.010279459,20000000,0.003217429,0.0044086576,-0.005677104,0.0027080472,0.009518838,-0.022227887,True,1.0
265671.030279459,0,0.0028081238,0.002044201,-0.00065654516,0.0055620563,0.015319452,-0.0016070232,True,1.0
265671.050279459,0,0.0038827062,-0.0025825799,0.0035825372,0.008496107,0.009115307,0.0007869797,True,1.0
265671.070279459,20000000,0.0036836565,-0.0026090145,0.004263401,0.0028234287,4.3174252e-05,-0.0010814052,True,1.0
265671.090279459,0,0.0009827316,-0.0021393,0.0045328736,-0.010437939,-0.010008618,-0.0033002421,True,1.0
265671.130279459,0,-0.0041001737,-0.0056573153,0.005990863,-0.033726163,-0.031971123,-0.020838454,True,1.0
265671.150279459,20000000,-0.0060319006,-0.0061285496,0.0059500933,-0.046276644,-0.030484922,-0.027101105,True,1.0
265671.170279459,40000000,-0.007962823,-0.0066001117,0.005907953,-0.05882712,-0.028998723,-0.033363756,True,1.0
265671.190279459,0,-0.00556314,-0.007907599,0.0011150837,-0.06537159,-0.024083901,-0.043430492,True,1.0
265671.210279459,0,-0.005160719,-0.012256235,-0.0009970665,-0.07440516,-0.02936118,-0.06083253,True,1.0
265671.230279459,0,-0.0051160753,-0.026985824,-0.0059556365,-0.031084895,-0.05061933,-0.19584008,True,1.0
265671.250279459,20000000,-0.018970937,0.00350973,0.00751096,-0.033670712,-0.15101412,-0.16930369,True,1.0
265671.270279459,0,-0.004458189,0.028498024,-0.0012643337,-0.07518812,-0.0859849,-0.03715387,True,1.0
265671.290279459,0,-0.011620313,-0.0121846795,0.024532318,-0.008246116,-0.09268582,-0.0044237934,True,1.0
265671.310279459,20000000,0.013832182,-0.020243049,0.010927081,0.0197876,-0.04534793,-0.0043900157,True,1.0
265671.330279459,0,0.019237101,-0.008737206,-0.0069695115,-0.0237656,0.051551223,0.011568563,True,1.0
265671.350279459,0,0.011397481,-0.008423924,0.0003517866,-0.011532186,0.055570442,0.05435434,True,1.0
265671.370279459,20000000,0.0035587847,-0.008108407,0.007671118,0.00070122816,0.059589658,0.09714012,True,1.0
265671.390279459,40000000,-0.0042790174,-0.0077905953,0.014988422,0.012934641,0.06360888,0.1399259,True,1.0
265671.430279459,0,-0.00010305643,-0.011612326,0.017566085,0.0057084104,0.0053495504,0.13254297,True,1.0
265671.450279459,0,0.0012161136,-0.009383708,0.01757884,0.0064588594,0.009836785,0.15182133,True,1.0
265671.470279459,20000000,0.0025385618,-0.007157147,0.017591655,0.0072093084,0.014324019,0.1710997,True,1.0
265671.490279459,40000000,0.0024850965,0.0033484995,0.011303782,-0.008346498,0.024867598,0.21067093,True,1.0
265671.510279459,0,0.017611802,0.009970427,-0.0075904727,-0.051256556,0.09692718,0.27162573,True,1.0
265671.530279459,20000000,0.0233998,0.016753107,-0.022720873,-0.08418727,0.16107103,0.30113524,True,1.0
265671.550279459,0,-0.006253481,-0.0060554445,-0.0035617948,-0.04132752,0.06954089,0.20092537,True,1.0
265671.570279459,20000000,0.0007814765,0.0016688704,-0.012807429,-0.013487259,0.05470943,0.14371574,True,1.0
265671.590279459,0,0.00082960725,0.010091633,-0.008041441,0.016822588,0.0475826,0.11675182,True,1.0
265671.610279459,0,0.01649025,0.020979285,-0.009565353,-0.0012015607,0.074971505,0.09215033,True,1.0
265671.630279459,20000000,0.002367705,0.023759246,-0.00095677376,-0.047829397,0.043596946,0.08259872,True,1.0
265671.650279459,0,0.0008843541,0.0230425,0.0044617057,-0.09148642,0.019171173,0.076393425,True,1.0
265671.670279459,20000000,-0.013091266,0.0045255423,0.019555867,-0.09021589,-0.041977316,0.06653356,True,1.0
265671.690279459,0,0.0042442083,-0.02325961,0.0054951906,-0.053628497,-0.06266937,0.022521116,True,1.0
265671.710279459,20000000,0.014110804,-0.056203753,-0.0013916492,0.051063217,-0.07919176,-0.08904396,True,1.0
265671.730279459,0,0.017725259,-0.019561917,-0.016512215,0.067462705,-0.030602124,-0.13488999,True,1.0
265671.750279459,0,-0.013534039,0.019806951,-0.002380371,0.0575628,-0.056744408,-0.06100697,True,1.0
265671.770279459,0,-0.017832518,0.029919922,-0.008360088,0.028589115,-0.07473012,0.030132502,True,1.0
265671.790279459,20000000,0.003004402,0.014771372,-0.02516836,0.016004551,-0.031326488,0.049192887,True,1.0
265671.810279459,0,0.0065598786,0.0132885575,-0.018083215,0.017783046,0.0029382743,0.061681233,True,1.0
265671.830279459,0,0.00833258,0.011188865,-0.009532809,0.026579313,0.029541662,0.06148655,True,1.0
265671.850279459,0,0.007660091,0.013656527,-0.0040887,0.027880158,0.0501313,0.07043355,True,1.0
265671.870279459,0,0.0016923845,0.013635665,0.00605309,0.023167264,0.041466314,0.09619321,True,1.0
265671.890279459,0,-0.0013885796,0.0064051747,0.008994818,0.015869133,0.025147915,0.11246003,True,1.0
265671.910279459,0,0.0072676837,-0.0055645704,0.006086588,0.0047678836,0.028858382,0.09914997,True,1.0
265671.930279459,0,0.008035392,-0.018089592,0.010172725,0.0036600586,0.022590488,0.06317619,True,1.0
265671.950279459,20000000,0.0043987334,-0.02448818,0.014319301,0.004012036,0.004853636,0.023940787,True,1.0
265671.970279459,0,0.0034253895,-0.020496786,0.014082551,-0.0074262023,-0.009906204,0.0045174845,True,1.0
265671.990279459,0,0.005105436,-0.017683566,0.0167498,-0.025124524,-0.038137764,-0.027494758,True,1.0
265672.010279459,20000000,0.0067860484,-0.014870107,0.019416392,-0.042822845,-0.066369325,-0.059507,True,1.0
265672.030279459,40000000,0.0069023073,-0.0083942115,0.021371305,-0.07355651,-0.096872374,-0.07288362,True,1.0
265672.05027946,0,0.012617648,-0.0090305805,0.019333243,-0.012540776,-0.12582436,-0.062364455,True,1.0
265672.07027946,20000000,0.018342763,-0.009656608,0.017278552,0.048474953,-0.15477636,-0.05184529,True,1.0
265672.090279459,40000000,-0.008568823,-0.0087656975,0.027983308,0.048668545,-0.2814737,0.01964397,True,1.0
265672.11027946,0,0.021854341,0.0031882823,-0.013888776,0.019926995,-0.27974698,0.014508985,True,1.0
265672.13027946,0,0.02083236,0.012934238,-0.0128644705,-0.0054753963,-0.24949081,0.014722739,True,1.0
265672.15027946,0,0.013196707,0.013307095,-0.017448008,-0.023223823,-0.1982384,0.0014116587,True,1.0
265672.17027946,0,0.005189568,0.019408017,-0.020996094,-0.04614179,-0.16152625,0.029948026,True,1.0
265672.19027946,20000000,0.006475121,0.016929895,-0.026217997,-0.053196285,-0.12475857,0.03818107,True,1.0
265672.21027946,0,0.0026947558,-0.02070573,-0.0017228723,0.052556794,-0.0970835,0.005665984,True,1.0
265672.23027946,0,0.007891208,0.0349133,-0.027920783,-0.023740273,-0.05647799,0.059069555,True,1.0
265672.25027946,20000000,0.017925262,0.0035378337,-0.011160374,-0.024964523,-0.011911865,0.04377204,True,1.0
265672.27027946,0,0.0061807036,0.0049718916,0.0007032156,-0.049764164,-0.014164973,0.05857332,True,1.0
265672.29027946,20000000,-0.0055642724,0.0064049363,0.012566268,-0.0745638,-0.01641808,0.0733746,True,1.0
265672.33027946,0,0.023073018,-0.014206588,0.0020955205,-0.15870667,0.21048242,-0.010492142,True,1.0
265672.35027946,20000000,0.0063723326,-0.0059719384,0.0027947426,-0.19536471,0.1728209,0.02782124,True,1.0
265672.37027946,0,0.012597948,0.016010568,-0.015686452,-0.22304446,0.21677409,0.07615082,True,1.0
265672.39027946,20000000,0.022798687,0.035158277,-0.02606666,-0.2751348,0.2723978,0.19171524,True,1.0
265672.41027946,0,0.015117824,-0.047332466,-0.014796019,-0.11645879,0.26123482,0.00435178,True,1.0
265672.43027946,0,-0.013145655,0.046230078,-0.0015574694,-0.1881217,0.18003707,0.21298996,True,1.0
265672.45027946,0,-0.021781638,-0.016351938,0.04199022,-0.08690624,-0.0047628433,0.123999126,True,1.0
265672.47027946,0,0.00028768182,-0.015076339,0.022354424,-0.04127577,-0.0031395026,0.15891548,True,1.0
265672.49027946,20000000,-0.0031366348,-0.019274116,0.025929093,-0.0034380816,-0.035536718,0.16090733,True,1.0
265672.51027946,0,0.0036559403,-0.017615676,0.0064995885,-0.0120179765,-0.022358647,0.13042824,True,1.0
265672.53027946,0,0.0016190112,-0.017211258,0.003842771,-0.027463023,-0.021773275,0.121708944,True,1.0
265672.55027946,0,0.008006126,-0.013638109,-0.0058060884,-0.048622936,0.014217738,0.1108746,True,1.0
265672.57027946,0,0.0049187243,-0.016412646,-0.0046228766,-0.05057455,0.041492112,0.11737345,True,1.0
265672.59027946,20000000,0.0018303394,-0.019185781,-0.003440857,-0.052526157,0.06876649,0.12387231,True,1.0
265672.61027946,40000000,-0.0012589991,-0.021957517,-0.0022600293,-0.05447777,0.09604087,0.13037117,True,1.0
265672.63027946,0,-0.0010601282,-0.018051535,0.006955147,-0.06338956,0.100653484,0.14058393,True,1.0
265672.65027946,20000000,0.004130572,-0.020211726,0.002779901,-0.0790048,0.11214559,0.124991804,True,1.0
265672.67027946,0,0.0038954914,-0.020813152,0.0035653114,-0.09416604,0.11238668,0.10996908,True,1.0
265672.69027946,20000000,0.0021861196,-0.027002126,0.0066506267,-0.089264564,0.10870075,0.09589321,True,1.0
265672.71027946,0,-0.0118487775,-0.033822596,0.015281796,-0.059622742,0.05599137,0.05729698,True,1.0
265672.73027946,20000000,0.0011050701,-0.032109797,0.0148139,-0.03237404,0.045912635,0.020259872,True,1.0
265672.75027946,0,0.002898246,-0.01016897,0.007102251,-0.012699733,0.03545788,0.041944664,True,1.0
265672.77027946,0,-0.030358046,-0.017339319,0.041222572,0.07488988,-0.13442194,-0.060876127,True,1.0
265672.79027946,0,-0.0017744005,-0.013935611,0.01580882,0.092192814,-0.1860563,-0.1318506,True,1.0
265672.81027946,0,0.013751894,-0.016012087,0.014066398,0.088008836,-0.14340468,-0.12131115,True,1.0
265672.83027946,20000000,0.010459244,-0.010686502,0.013935804,0.073321864,-0.09747611,-0.04363747,True,1.0
265672.85027946,0,-0.0035876036,-0.02654311,0.02922088,0.11724217,-0.106848896,0.011087861,True,1.0
265672.87027946,0,0.0069849193,-0.03967017,0.018105686,0.1554153,-0.0983027,-0.014689036,True,1.0
265672.89027946,0,0.021392137,0.027032524,-0.0194543,0.03259439,0.024169661,0.030167919,True,1.0
265672.91027946,0,0.0047861636,0.020209491,-0.0049861073,-0.04161027,0.06829646,0.099583566,True,1.0
265672.93027946,20000000,0.015928566,0.009297177,-0.0104830265,-0.10915508,0.14800316,0.18488331,True,1.0
265672.95027946,0,-0.0009228289,-0.0084683895,0.0021642447,-0.09564575,0.1784654,0.18247926,True,1.0
265672.97027946,20000000,-0.017777056,-0.026209265,0.01478225,-0.082136415,0.20892765,0.18007523,True,1.0
265672.99027946,40000000,-0.0020027459,-0.0064629614,0.0018811226,-0.11540818,0.1677968,0.12631857,True,1.0
265673.01027946,0,-0.01438874,-0.025483727,0.02906704,-0.045492113,0.054093264,0.071366265,True,1.0
265673.03027946,20000000,-0.013984293,-0.029301867,0.0071385503,-0.050759528,0.003120903,-0.013196096,True,1.0
265673.05027946,0,-0.017250896,-0.020218998,0.008700073,-0.028047768,-0.05038571,-0.056171373,True,1.0
265673.07027946,20000000,-0.013219714,-0.023175642,0.006287992,0.031193776,-0.08243166,-0.09483485,True,1.0
265673.09027946,0,-0.027778625,-0.021880016,0.0018186569,0.0995584,-0.1504527,-0.11825746,True,1.0
265673.11027946,0,-0.012468159,-0.030624181,-0.02047497,0.24910589,-0.06169671,-0.114817455,True,1.0
265673.130279461,20000000,-0.024660707,0.027168632,-0.023378968,0.21869494,-0.1613865,-0.2144356,True,1.0
265673.150279461,0,0.009829789,0.0013994277,-0.029102206,0.20378174,-0.06504598,-0.24069254,True,1.0
265673.170279461,0,0.0048717856,0.005463183,-0.02633828,0.17182802,0.0009711385,-0.20785843,True,1.0
265673.190279461,20000000,-9.3877316e-05,0.009519726,-0.023581386,0.1398743,0.06698827,-0.17502432,True,1.0
265673.210163458,0,0.001774231,0.0169054,-0.020156587,0.10437017,0.11971334,-0.1578237,True,1.0
265673.230163458,0,0.0014917254,0.009669125,-0.01417619,0.118942864,0.12512936,-0.15867785,True,1.0
265673.250163458,20000000,0.0012098253,0.0024207234,-0.008208573,0.13351555,0.13054536,-0.159532,True,1.0
265673.290163458,0,0.002367437,-0.010804892,-0.0007380247,0.17323118,0.13565966,-0.19076084,True,1.0
265673.310163458,20000000,0.0014131665,-0.010194808,0.001010716,0.19713232,0.13094032,-0.22592628,True,1.0
265673.330163458,0,-0.0034419298,-0.0024366379,0.004422128,0.20629294,0.10848385,-0.24251704,True,1.0
265673.350163458,0,-0.006695032,0.005022168,0.009017944,0.20033525,0.07314506,-0.23723502,True,1.0
265673.370163459,0,-0.0030307472,0.009162426,0.0069370866,0.17851949,0.04719225,-0.2298735,True,1.0
265673.390163459,0,0.00082170963,0.013502836,0.0046743155,0.14677027,0.032623515,-0.22071928,True,1.0
265673.410163459,20000000,0.0025597215,0.017533481,0.0016393065,0.11104075,0.030901512,-0.19480924,True,1.0
265673.430163459,0,0.0031288862,0.019548893,-0.0013293028,0.07954362,0.034864336,-0.16573258,True,1.0
265673.450163459,0,0.0040667653,0.016435772,-0.0016974807,0.056887843,0.033912558,-0.14479825,True,1.0
265673.470163459,20000000,0.004773706,0.014871061,-0.00034189224,0.03859795,0.032878537,-0.12413385,True,1.0
265673.490163459,0,0.0019715726,-0.0019029677,0.003598988,0.078955054,-0.028829604,-0.22167207,True,1.0
265673.510163459,0,0.0028302372,0.0058734715,0.01024431,0.10843435,-0.141651,-0.22488865,True,1.0
265673.530163459,0,0.0043103993,0.006785363,0.018162012,0.103029154,-0.12300496,-0.13882011,True,1.0
265673.550163459,0,0.00835681,0.0022823215,0.01593721,0.13576308,-0.11342908,-0.14316711,True,1.0
265673.570163459,20000000,0.01239711,-0.0022204816,0.013704777,0.168497,-0.103853196,-0.14751409,True,1.0
265673.590163459,40000000,0.029045492,-0.0064655244,0.028408706,0.17012674,-0.09179082,-0.16262984,True,1.0
265673.610163459,0,0.021753192,0.0029631853,0.02077818,0.17354274,-0.07687074,-0.119789675,True,1.0
265673.630163459,0,0.010338128,0.008344591,0.019861102,0.15613644,-0.072638825,-0.054616652,True,1.0
265673.650163459,20000000,0.00949657,0.0069337487,0.010247946,0.11735541,-0.056415312,-0.0051123016,True,1.0
265673.670163459,0,0.011821747,-0.0030906498,0.0056455135,0.079499826,-0.026940541,0.01055738,True,1.0
265673.690163459,0,0.00836736,0.0036794543,0.00077587366,0.010483831,0.048230536,0.05563019,True,1.0
265673.710163459,20000000,0.008186609,-0.005595833,-0.002525568,-0.026275728,0.16604805,0.09166987,True,1.0
265673.730163459,0,0.0051781535,-0.0074977577,0.0037311912,-0.064498514,0.23681597,0.1631389,True,1.0
265673.750163459,0,0.029830456,0.027940124,-0.036844134,-0.11947046,0.3570861,0.29578334,True,1.0
265673.770163459,20000000,0.025094032,0.010922492,-0.062060237,-0.08287044,0.44751236,0.17659765,True,1.0
265673.790163459,0,-0.026239336,0.03402707,0.0033917427,-0.02313219,0.23087096,0.20513333,True,1.0
265673.810163459,0,-0.0132778585,-0.009447604,0.0019220114,0.038622297,0.13312581,0.13086714,True,1.0
265673.830163459,0,-0.0024114847,-0.016390443,-0.010573685,0.03849567,0.11359664,0.072898716,True,1.0
265673.850163459,0,-0.008871615,-0.013813347,0.002656281,0.026903886,0.037767097,0.018316276,True,1.0
265673.870163459,20000000,-0.015331209,-0.011236429,0.015885413,0.0153121045,-0.03806243,-0.036266156,True,1.0
265673.890163459,0,-0.012310147,-0.021422893,0.012245059,0.038311742,-0.05369617,-0.026257431,True,1.0
265673.910163459,0,-0.019733042,-0.026643008,0.023833632,0.15431756,-0.15212364,-0.07845232,True,1.0
265673.930163459,0,0.027972996,-0.023748457,-0.024554312,0.15891448,-0.075120255,-0.16385423,True,1.0
265673.950163459,20000000,0.011368811,0.006773025,-0.0141195655,0.11308247,-0.037127793,-0.12441997,True,1.0
265673.970163459,0,0.002905488,0.018924862,-0.0042592883,0.05236975,-0.009404827,-0.056954294,True,1.0
265673.990163459,20000000,0.0039093792,0.01539278,-0.0025128126,0.0042207725,0.019263469,-0.011437159,True,1.0
265674.010163459,0,0.0032290816,0.007309705,0.002570331,-0.021510387,0.024137586,0.016355826,True,1.0
265674.030163459,0,0.004100293,0.0028149784,0.006533861,-0.035086114,0.021899942,0.023774175,True,1.0
265674.050163459,20000000,0.004191041,0.0011157095,0.00976485,-0.03229801,0.0058870185,0.023616832,True,1.0
265674.070163459,0,0.0023195744,0.0015313625,0.009405673,-0.024777152,-0.015865937,0.02275297,True,1.0
265674.090163459,0,0.0035705268,0.0032657087,0.008204401,-0.02263713,-0.03929486,0.0204609,True,1.0
265674.110163459,0,0.004975617,4.1365623e-05,0.009797692,-0.010229349,-0.05135893,0.013734708,True,1.0
265674.130163459,0,0.007222891,0.00043928623,0.0052805543,-0.0063697365,-0.05319122,-0.00039922167,True,1.0
265674.150163459,20000000,0.009470761,0.00083738565,0.00076174736,-0.002510124,-0.055023506,-0.014533153,True,1.0
265674.170163459,40000000,0.011719167,0.0012357235,-0.0037586093,0.0013494887,-0.056855794,-0.028667081,True,1.0
265674.190163459,60000000,0.007456422,0.007207483,-0.0025731921,-0.003497404,-0.06186212,-0.028573306,True,1.0
265674.210163459,0,0.006048262,0.00936991,0.00055390596,-0.006939498,-0.06687031,-0.025093975,True,1.0
265674.230163459,0,0.00069764256,0.010846645,0.008048415,0.0037689619,-0.09124071,-0.013730656,True,1.0
265674.270163459,0,-0.0033390522,0.00095734,0.0071079135,0.047117475,-0.19169986,-0.06723301,True,1.0
265674.290163459,0,-0.0133191645,0.011904031,0.005502045,0.0792525,-0.24480443,-0.05777898,True,1.0
265674.310163459,0,-0.0050156713,-0.0013704598,-0.0069244504,0.08759726,-0.17674433,0.0070750974,True,1.0
265674.330163459,0,0.0054347217,-0.0071366727,-0.009641588,0.10057096,-0.09814325,0.046109404,True,1.0
265674.350163459,20000000,0.002099365,0.0032161474,-0.01365906,0.051239498,-0.04891674,0.06506992,True,1.0
265674.370163459,0,0.0072419345,-0.008277565,-0.012868404,0.007136766,0.006933324,0.04799314,True,1.0
265674.390163459,0,0.0026054084,-0.007191777,-0.0017653108,-0.017576408,0.030192774,0.058100328,True,1.0
265674.410163459,20000000,-0.0012762249,-0.0055724382,0.005774021,-0.021182474,0.032578867,0.07185681,True,1.0
265674.43016346,0,5.841255e-06,-0.006864965,0.005970955,-0.029385671,0.02595484,0.07012857,True,1.0
265674.45016346,0,0.0005007982,-0.008969843,0.008400738,-0.030286,0.01852272,0.063418336,True,1.0
265674.47016346,20000000,0.0009954274,-0.011074752,0.010830283,-0.031186327,0.011090599,0.056708105,True,1.0
265674.49016346,40000000,-0.00057029724,-0.013665229,0.0138322115,-0.021644289,-0.011457039,0.040831912,True,1.0
265674.51016346,0,-8.109212e-05,-0.011821896,0.010013282,-0.019530194,-0.024338309,0.03013741,True,1.0
265674.53016346,0,0.00092715025,-0.0110218525,0.008444607,-0.022378532,-0.037258767,0.01315175,True,1.0
265674.55016346,20000000,0.0004723966,-0.0069797635,0.0071626306,-0.023348743,-0.039237887,0.0038552964,True,1.0
265674.57016346,0,-0.00070539117,-0.0038662255,0.007979095,-0.031780276,-0.037148047,0.011319976,True,1.0
265674.59016346,0,-0.0025324523,-0.0039648414,0.010508239,-0.034653578,-0.051730394,0.0113567365,True,1.0
265674.61016346,0,-0.0071656704,-0.004693657,0.01659888,-0.036490753,-0.07942888,0.023242675,True,1.0
265674.63016346,0,-0.005950868,-0.010932595,0.013140857,-0.03978263,-0.10117632,0.025028432,True,1.0
265674.65016346,20000000,0.0018063486,-0.01989454,0.007132113,-0.031250346,-0.11273953,0.003293598,True,1.0
265674.67016346,0,0.0031039119,-0.017458081,0.007522285,-0.019705817,-0.124328166,-0.0021553286,True,1.0
265674.69016346,0,0.0037638545,-0.003187567,0.005989194,-0.019761795,-0.12653068,0.017973222,True,1.0
265674.71016346,0,0.008045703,0.0004900992,0.0031551719,-0.008176032,-0.12678793,0.027388468,True,1.0
265674.73016346,0,0.0058870614,0.010595888,0.0039680004,-0.0043052873,-0.14099179,0.07886471,True,1.0
265674.75016346,20000000,0.0018205941,0.006982833,0.012203157,0.02936066,-0.18995085,0.06505396,True,1.0
265674.77016346,0,0.009380221,0.020404309,-0.0036340952,0.012307743,-0.17710844,0.1016549,True,1.0
265674.79016346,20000000,0.009058893,0.008398116,0.007231474,0.042340312,-0.20479779,0.13057044,True,1.0
265674.81016346,0,0.012798548,0.00569129,-0.002511561,0.04362904,-0.16505706,0.1483,True,1.0
265674.83016346,0,0.007758558,0.0015040934,0.004832804,0.032796904,-0.12720987,0.18974836,True,1.0
265674.85016346,0,0.045673013,0.021673083,-0.019170761,-0.05870942,0.047540873,0.27469242,True,1.0
265674.87016346,0,0.020822436,-0.0071140826,0.006154537,-0.034025483,-0.10443258,0.18088646,True,1.0
265674.89016346,20000000,-4.3660402e-05,-0.002277404,0.014683664,0.082376435,-0.16974491,0.21458039,True,1.0
265674.91016346,0,0.022386014,-0.02709645,-0.014610052,0.05738327,-0.17530464,0.10255972,True,1.0
265674.93016346,0,0.0070174634,-0.010100484,0.0005428195,0.0249077,-0.19940725,0.11318641,True,1.0
265674.95016346,20000000,0.008331373,-0.01415053,-0.0009762645,0.016353115,-0.14734241,0.101540454,True,1.0
265674.97016346,0,-0.0026110262,-0.011862427,-0.0015377402,0.00426275,-0.11421156,0.10516124,True,1.0
265674.99016346,0,-0.004729688,-0.017216712,-0.004662454,0.0029950696,-0.08332955,0.10605619,True,1.0
265675.01016346,0,-0.0024228692,-0.013427228,-0.011837959,-0.0009802226,-0.03729291,0.09811098,True,1.0
265675.03016346,0,-0.00033420324,-0.009690493,-0.012068927,-0.012731187,-0.010247443,0.087188914,True,1.0
265675.05016346,20000000,-0.0026907176,-0.014507234,-0.011696696,-0.012081502,0.01415538,0.06529504,True,1.0
265675.07016346,0,-0.008462012,-0.016635269,-0.002696991,0.007934429,0.013393352,0.06327308,True,1.0
265675.09016346,20000000,-0.010229737,-0.013818592,-0.0007085204,0.024472158,0.020932117,0.053006124,True,1.0
265675.11016346,0,-0.0096405,-0.010007381,0.0007817149,0.033224005,0.021587025,0.046289902,True,1.0
265675.13016346,20000000,-0.0065607727,-0.010325342,-0.0031012297,0.031525806,0.027635163,0.035015166,True,1.0
265675.15016346,0,0.0011085272,-0.018238157,-0.009881854,0.029940572,0.049852096,0.00023170188,True,1.0
265675.17016346,0,-0.002261132,-0.011838406,-0.004986346,0.025826834,0.0646977,-0.0232556,True,1.0
265675.19016346,20000000,-0.0033841878,-0.005687058,-0.0010026693,0.022135386,0.069255985,-0.03580813,True,1.0
265675.21016346,0,-0.005516425,-0.0016224086,0.0015310049,0.005555762,0.061509863,-0.03369278,True,1.0
265675.23016346,0,-0.0057802945,-0.0067366958,0.006417811,0.00051219156,0.04871931,-0.040489428,True,1.0
265675.25016346,20000000,-0.003324762,-0.0076266825,0.008081436,-0.012793392,0.04740489,-0.051906593,True,1.0
265675.27016346,0,-0.0025886297,-0.009160221,0.008431375,-0.032573648,0.040493935,-0.06810357,True,1.0
265675.29016346,20000000,0.0035033375,-0.011998445,0.011384666,-0.040594645,0.03766777,-0.084465675,True,1.0
265675.31016346,0,0.0043937117,-0.009137094,0.0059849024,-0.0633935,0.03557343,-0.10335083,True,1.0
265675.33016346,0,0.0065457523,-0.012121618,0.003361404,-0.077629805,0.041898876,-0.12262327,True,1.0
265675.35016346,20000000,0.0006427169,-0.003145516,0.007384479,-0.089559935,0.030227732,-0.12053217,True,1.0
265675.37016346,0,0.010398969,-0.014347911,0.0016671419,-0.07526187,0.03859317,-0.14776823,True,1.0
265675.39016346,20000000,0.009772748,-0.006150931,-0.00017255545,-0.06671526,0.04626709,-0.14556545,True,1.0
265675.41016346,0,0.003421247,0.0013413131,-0.0009835362,-0.06540962,0.041292097,-0.13724151,True,1.0
265675.43016346,20000000,0.0024632812,0.006137997,-0.0013298392,-0.06956119,0.023303496,-0.12334021,True,1.0
265675.45016346,0,-0.0033444762,-0.00052401423,0.0014021993,-0.048362873,-0.019240884,-0.16834244,True,1.0
265675.47016346,0,-0.003422439,-0.0010209084,0.0055903792,-0.017892882,-0.056367606,-0.17810115,True,1.0
265675.510163461,0,0.03203857,-0.005635321,-0.031236768,0.0038339258,0.14706074,-0.05124855,True,1.0
265675.530163461,20000000,0.018542081,0.01518774,-0.020705044,-0.010266025,0.17598853,-0.03203105,True,1.0
265675.550163461,0,-0.03628388,0.0025421977,0.03352028,0.07579924,-0.008747622,-0.028091831,True,1.0
265675.570163461,0,-0.0008301139,-0.010631174,0.005755365,0.11460625,0.020944253,-0.046098866,True,1.0
265675.590163461,20000000,-0.0016415119,-0.015438199,-0.0022377968,0.11364959,0.0074225096,-0.10154443,True,1.0
265675.610098458,0,-0.005241197,-0.019368632,0.0050582225,0.121988624,-0.0012158724,-0.13089707,True,1.0
265675.630098458,20000000,0.004558593,-0.025186151,-0.008309722,0.13918445,0.034196466,-0.16247031,True,1.0
265675.650098458,0,0.001763165,-0.019938558,-0.008596361,0.14357996,0.07189289,-0.1763176,True,1.0
265675.670098458,20000000,-0.0010362566,-0.014704317,-0.008892,0.14797549,0.10958931,-0.1901649,True,1.0
265675.690098458,40000000,0.00029301643,-0.010787725,-0.012972355,0.14927542,0.14559212,-0.20157361,True,1.0
265675.710098458,0,-0.00084379315,-0.0067687035,-0.016071439,0.15612999,0.18361537,-0.21011053,True,1.0
265675.730098458,20000000,-0.0022276044,-0.0018975735,-0.019657731,0.16211337,0.22758181,-0.21154682,True,1.0
265675.750098458,0,-0.004730612,0.0071087778,-0.019841313,0.15078834,0.26879677,-0.20384315,True,1.0
265675.770098459,20000000,-0.0001731813,0.017117798,-0.023682714,0.10854888,0.31842598,-0.19342197,True,1.0
265675.790098459,0,0.0044814944,0.017326713,-0.023463905,0.05669397,0.38173282,-0.18205054,True,1.0
265675.810098459,20000000,0.0044603646,0.016640425,-0.014860451,0.027632745,0.44629025,-0.14300801,True,1.0
265675.830098459,0,-0.0022439957,0.025427222,-0.0019150972,-0.019643394,0.46217716,-0.08012514,True,1.0
265675.850098459,0,0.006934434,0.024711847,-0.00026971102,-0.07300089,0.49462628,-0.027347025,True,1.0
265675.870098459,20000000,0.00958249,0.025692135,0.009840071,-0.111675166,0.49969807,0.0562633,True,1.0
265675.890098459,0,0.005925417,0.01496616,0.021489799,-0.11311278,0.4429429,0.07058839,True,1.0
265675.910098459,0,-0.0010724068,0.012090325,0.029395044,-0.1252041,0.34063593,0.04185418,True,1.0
265675.930098459,0,-0.010914832,0.0031456351,0.040343344,-0.14563993,0.2023103,0.0036024824,True,1.0
265675.950098459,0,0.004255265,0.020575672,0.0045619607,-0.13570109,0.1269846,-0.013156647,True,1.0
265675.970098459,20000000,0.019426495,0.038004667,-0.031221688,-0.12576225,0.051658906,-0.029915776,True,1.0
265675.990098459,0,0.016524017,0.023433447,-0.0072118044,-0.06201738,0.008467648,-0.047933362,True,1.0
265676.010098459,0,0.007758707,0.015272856,0.00421685,-0.024246369,-0.014944913,-0.053878687,True,1.0
265676.030098459,0,0.0041746497,0.013045847,0.0032328963,-0.026620183,-0.018280022,-0.042227805,True,1.0
265676.050098459,20000000,0.003813386,0.007192254,0.0028367043,-0.035524063,-0.023629494,-0.025598539,True,1.0
265676.070098459,0,0.006791711,0.007160306,-0.00048607588,-0.046337374,-0.025376322,-0.017656084,True,1.0
265676.090098459,0,0.006360382,0.003661275,0.004961908,-0.042075876,-0.038945165,-0.01051449,True,1.0
265676.110098459,20000000,0.0062327087,0.0012775362,0.0019398928,-0.03648942,-0.043753147,-0.0060532787,True,1.0
265676.130098459,0,0.0050900877,0.0030513704,-0.0012779832,-0.03251787,-0.05048263,-0.0012587109,True,1.0
265676.150098459,0,0.0054225624,-0.0005699992,-0.002341926,-0.01586069,-0.04439856,0.00030758104,True,1.0
265676.170098459,0,0.0030191839,0.0015977919,-0.0013948679,-0.0023363456,-0.04218473,0.0051566088,True,1.0
265676.190098459,0,-0.0014515817,0.004094273,0.0012093782,0.005949407,-0.052857712,0.012207973,True,1.0
265676.210098459,20000000,-0.0010674298,0.0031448603,0.0023847818,0.0061722477,-0.059682876,0.016448388,True,1.0
265676.230098459,0,-0.0004274547,0.0029986799,0.004166603,0.0076819183,-0.061411418,0.026539102,True,1.0
265676.270098459,0,0.00057566166,0.0011561215,-0.00036758184,0.011542236,-0.043521497,0.03503567,True,1.0
265676.290098459,20000000,0.0017496347,0.00040197372,-0.0019732118,0.008276958,-0.024250593,0.031741004,True,1.0
265676.310098459,0,0.00039491057,-0.000328511,-0.0005341172,-0.0027470412,-0.013116961,0.029536765,True,1.0
265676.330098459,20000000,-0.0009597838,-0.0010591149,0.0009049773,-0.013771039,-0.0019833306,0.027332526,True,1.0
265676.350098459,40000000,0.00034847856,-0.008935779,0.0013197064,-0.011327416,0.0028742668,0.008260468,True,1.0
265676.370098459,0,-0.0010982752,-0.014963627,0.0038459897,0.00490815,-0.020306792,-0.03534203,True,1.0
265676.390098459,0,0.002796203,-0.0083266795,2.9563904e-05,-0.0029750634,-0.014271159,-0.049074184,True,1.0
265676.410098459,20000000,-0.0035238266,-0.01586777,0.0024763346,0.043245465,-0.0740813,-0.1915323,True,1.0
265676.430098459,0,-0.010984987,0.016534269,0.008594155,0.035469044,-0.1522011,-0.14933014,True,1.0
265676.450098459,0,-0.012267947,0.015768588,0.0011995435,0.017183688,-0.124295816,-0.071150094,True,1.0
265676.470098459,20000000,0.0015529692,-0.0023165345,0.00011616945,0.032284454,-0.06701222,-0.049985103,True,0.9866666666666667
265676.490098459,0,0.0023269057,-0.00236547,0.0021181107,0.03749659,-0.044700813,-0.045389928,True,0.9733333333333334
265676.510098459,20000000,-0.023420244,-0.0032180846,0.0054603815,0.058141895,-0.07143363,-0.01635891,True,0.96
265676.530098459,0,0.0086218715,-0.00015103817,-0.009791255,0.040022686,-0.010940608,-0.0058506355,True,0.9466666666666667
265676.550098459,0,0.0053516924,-0.003088981,-0.0027216077,0.048930604,-0.03254184,0.011072502,True,0.9333333333333333
265676.570098459,20000000,0.0020821989,-0.0060275495,0.0043457747,0.057838522,-0.05414308,0.027995639,True,0.92
265676.590098459,40000000,-0.0011865795,-0.008966744,0.011410892,0.06674644,-0.075744316,0.044918776,True,0.9066666666666666
265676.610098459,60000000,0.0039387345,-0.010739297,0.0029217005,0.073327005,-0.06610879,0.03463823,True,0.8933333333333333
265676.630098459,0,0.0045892596,-0.0030204654,-0.00030755997,0.044290103,-0.03903999,0.04110592,True,0.88
265676.650098459,20000000,0.0045354962,0.0036195815,-0.008036494,-0.0037313513,0.025556661,0.062957235,True,0.8666666666666667
265676.670098459,0,0.00760144,-0.00973767,2.6106834e-05,-0.02323052,0.057851885,0.06351423,True,0.8533333333333334
265676.690098459,0,-0.00018784404,-0.01148513,0.008670628,-0.037614115,0.07646728,0.07408324,True,0.84
265676.710098459,20000000,0.0012708008,-0.012526214,0.010502756,-0.07560402,0.11786483,0.09027076,True,0.8266666666666667
265676.730098459,0,0.0069796145,-0.004987359,0.0041406155,-0.11056675,0.16342922,0.13994637,True,0.8133333333333334
265676.750098459,0,-0.0038315654,-0.011724561,0.009779394,-0.047611035,0.05343599,0.057435103,True,0.8
265676.770098459,20000000,-0.015583754,-0.002042681,0.013111174,-0.029588321,-0.07212,0.02232812,True,0.7866666666666666
265676.790098459,0,0.0021668077,-0.012879223,-0.00056540966,5.432591e-05,-0.08066035,-0.038206365,True,0.7733333333333333
265676.810098459,20000000,0.002004981,-0.009028554,-0.0049439073,0.014482978,-0.08503321,-0.055458948,True,0.76
265676.830098459,0,0.006646961,0.0015652776,-0.01563114,0.007593462,-0.0439899,-0.043085318,True,0.7466666666666667
265676.85009846,0,0.0074391663,-0.0005300343,-0.015206993,0.021380084,-0.009726945,-0.027736384,True,0.7333333333333333
265676.87009846,20000000,0.008231312,-0.002625376,-0.014782727,0.035166707,0.02453601,-0.01238745,True,0.72
265676.890098459,40000000,0.0022614896,0.02549544,-0.010745704,0.018480383,0.041195408,0.05960228,True,0.7066666666666667
265676.91009846,0,0.00368914,0.017894477,-0.0052567124,0.018890109,0.036405697,0.063755766,True,0.6933333333333334
265676.93009846,0,-0.00073477626,0.0054487884,0.009408295,0.012964284,0.02777706,0.069352776,True,0.68
265676.95009846,20000000,0.0033074915,-0.007273674,0.01214236,0.0061890096,0.016611528,0.049012538,True,0.6666666666666666
265676.97009846,0,0.0033629537,-0.013254702,0.015367925,-0.0063789147,0.005480975,0.028846234,True,0.6533333333333333
265676.99009846,0,0.004872322,-0.013943672,0.013994396,-0.016408851,-0.0112155285,0.007670207,True,0.64
265677.01009846,0,0.00418514,-0.010639846,0.018270195,-0.024342246,-0.038385015,0.004913301,True,0.6266666666666667
265677.03009846,0,0.004180759,-0.008184761,0.01691395,-0.029449701,-0.052528374,0.017142463,True,0.6133333333333333
265677.05009846,20000000,0.0071567595,-0.011659443,0.013134599,-0.035659395,-0.06335813,0.026269788,True,0.6
265677.07009846,0,0.00450781,-0.009336263,0.016510725,-0.043301117,-0.059068665,0.0510268,True,0.5866666666666667
265677.09009846,0,0.0033287406,-0.010153174,0.012795985,-0.051166862,-0.06132778,0.058039427,True,0.5733333333333334
265677.11009846,20000000,0.00057411194,-0.008472592,0.0071962476,-0.05782689,-0.06042101,0.07155407,True,0.56
265677.13009846,0,0.01015234,-0.009830207,-0.0035378933,-0.06873163,-0.028904833,0.053365767,True,0.5466666666666666
265677.15009846,0,0.0019471049,-0.0058874786,-0.0010871887,-0.08129085,-0.007471565,0.058392588,True,0.5333333333333333
265677.17009846,20000000,-0.0062591136,-0.0019460917,0.0013618469,-0.09385007,0.013961703,0.06341941,True,0.52
265677.19009846,0,-0.0044668913,-0.011618674,0.00043416023,-0.09074386,0.055778194,0.062729254,True,0.5066666666666667
265677.21009846,0,0.0031884015,-0.015834153,0.0008752346,-0.067329004,0.10057924,0.08137678,True,0.49333333333333335
265677.23009846,20000000,-0.022967368,-0.01811567,-0.0016422272,-0.04389657,0.033839896,0.09244083,True,0.48
265677.25009846,0,0.01452291,-0.0022500157,-0.022826493,-0.050791964,0.0909383,0.092742525,True,0.4666666666666667
265677.27009846,0,0.0051853955,0.019229412,-0.011202037,-0.09771928,0.12586062,0.1543675,True,0.4533333333333333
265677.29009846,20000000,0.047109842,-0.06929505,0.0148617625,-0.009466767,0.12836544,-0.048506305,True,0.44
265677.31009846,0,-0.005894959,0.027733445,0.0068531036,-0.08039352,0.052274548,0.09409186,True,0.4266666666666667
265677.33009846,0,-0.010959834,-0.0008071363,0.026289761,-0.061319344,-0.0123722255,0.09033714,True,0.41333333333333333
265677.35009846,20000000,-0.0017978847,-0.056619287,0.028846622,0.02842743,-0.054389555,-0.020752564,True,0.4
265677.37009846,0,-0.0019937158,-0.00597018,0.010799348,-0.0023904499,-0.05597067,-0.006438963,True,0.38666666666666666
265677.39009846,20000000,-0.0039645135,-0.004082352,0.012408435,-0.0043237307,-0.06944648,-0.0045520016,True,0.37333333333333335
265677.41009846,0,0.0025440454,0.0005144179,0.0004786849,-0.01918137,-0.056555383,-0.008322394,True,0.36
265677.43009846,0,-0.0010380447,0.00059324503,-0.00016832352,-0.022440681,-0.05041359,0.0010250853,True,0.3466666666666667
265677.45009846,20000000,0.00019082427,0.0053861737,-0.0019666553,-0.022755446,-0.041001167,0.017357152,True,0.3333333333333333
265677.47009846,0,0.0028814971,-0.0012468994,-0.0009497404,-0.013671162,-0.03392148,0.017884938,True,0.32
265677.49009846,20000000,0.0020933151,0.0029130876,-0.003572464,-0.013147787,-0.02385045,0.020885818,True,0.30666666666666664
265677.51009846,0,0.0025450587,-0.0008931458,-0.000744462,-0.009695232,-0.01840653,0.019350698,True,0.29333333333333333
265677.53009846,20000000,0.00038555264,-0.00013527274,-0.00011277199,-0.010699294,-0.01702471,0.018843008,True,0.28
265677.55009846,0,-0.0015571415,0.0036210418,0.0061299205,-0.014719518,-0.024244193,0.026911657,True,0.26666666666666666
265677.57009846,0,-0.0004632473,0.0024591982,0.006136894,-0.021890933,-0.03439891,0.038375393,True,0.25333333333333335
265677.59009846,20000000,0.0036071837,-0.0027895868,-0.00028568506,-0.030265471,-0.03209764,0.037451502,True,0.24
265677.61009846,0,0.005499363,-0.0039369464,-0.0045822263,-0.037654642,-0.016968235,0.02829324,True,0.22666666666666666
265677.63009846,0,0.0049872696,-0.005116254,-0.0027312636,-0.04273255,0.00044615753,0.01710055,True,0.21333333333333335
265677.65009846,20000000,-0.001326561,0.0006931126,0.0024373531,-0.056443132,-0.0059965663,0.021605976,True,0.2
265677.67009846,0,-0.009498477,-6.300211e-05,0.0057037473,-0.06243259,-0.05466212,0.008836549,True,0.18666666666666668
265677.69009846,20000000,-0.0072000027,-0.0064490736,0.008116603,-0.04005435,-0.08457182,-0.021770202,True,0.17333333333333334
265677.71009846,0,-0.0068154633,-0.0025312304,0.016403377,-0.032600146,-0.107843824,0.004877288,True,0.16
265677.73009846,0,0.022080809,0.019522607,-0.014636695,-0.09469436,0.023902543,0.11252682,True,0.14666666666666667
265677.75009846,20000000,-0.01274237,-0.005725622,0.018892288,0.005612105,-0.07357408,0.021088041,True,0.13333333333333333
265677.77009846,0,0.010080099,0.00539425,-0.006340325,-0.03648373,-0.04167862,0.044419516,True,0.12
265677.79009846,20000000,0.013898939,-0.011569291,0.0015671849,-0.037844248,0.0023065023,0.037735805,True,0.10666666666666667
265677.81009846,0,0.0065536797,-0.010360956,0.007414162,-0.014058515,-0.012679683,0.03244684,True,0.09333333333333334
265677.83009846,20000000,-0.0007915497,-0.00915283,0.013261139,0.0097272135,-0.027665868,0.027157871,True,0.08
265677.85009846,40000000,0.0059969127,-0.0065848827,0.005808592,0.004437498,-0.01927,0.02410514,True,0.06666666666666667
265677.87009846,0,0.0039566755,-7.015467e-05,0.0021163821,-0.012349696,-0.013409598,0.03738062,True,0.05333333333333334
265677.89009846,0,-0.0002812147,-0.0076818764,0.0051491857,-0.00047606695,-0.027299669,0.044534225,True,0.04
265677.910098461,0,0.0021487772,-0.0029992163,-0.00012248755,0.0037936363,-0.02040485,0.047714565,True,0.02666666666666667
265677.930098461,20000000,-0.0006929338,-0.0048391223,0.0008223057,0.009683198,-0.025096398,0.04058937,True,0.013333333333333334
265677.950098461,0,-0.0039117634,-0.010338813,0.0027110577,0.0211632,-0.037670474,0.034516253,False,0.0
265677.969950708,0,-0.0021414014,-0.013123501,0.0052224873,0.029673487,-0.04631896,0.016660297,False,0.0
265677.989950708,0,-0.0021339655,-0.01055491,0.0040380955,0.039888766,-0.044570364,0.0033274172,False,0.0
265678.009950708,0,-0.002215743,-0.010723144,0.004215777,0.046626456,-0.035395514,-0.00913923,False,0.0
265678.029950708,20000000,-0.00417462,-0.009432107,0.008921325,0.05549147,-0.030501483,0.008991924,False,0.0
265678.049950708,0,0.004781246,-0.00528723,0.0008414984,0.036009207,-0.0026987735,0.035800967,False,0.0
265678.069950708,20000000,0.013737887,-0.0011428595,-0.007239163,0.016526947,0.025103942,0.062610015,False,0.0
265678.089950708,0,0.01079008,-5.5223703e-05,-0.004701793,0.0019794386,0.02689934,0.056800574,False,0.0
265678.109950708,0,0.011852413,0.0075570345,-0.0074181557,-0.021835173,0.050670702,0.06401528,False,0.0
265678.129950708,0,0.0025881827,0.010340422,-0.0040100813,-0.044025287,0.030185863,0.06092989,False,0.0
265678.149950708,0,-0.007764399,0.010218352,0.003741622,-0.058909297,-0.024673369,0.06615689,False,0.0
265678.169950709,0,-0.03210777,-0.055540085,0.021338701,0.035215326,-0.104466364,-0.06570081,False,0.0
265678.189950709,0,-0.007567048,0.003009349,-0.003084302,-0.04419677,-0.08436506,-0.019540127,False,0.0
265678.209950709,0,-0.005043,0.0047740936,0.001961708,-0.079333596,-0.081707224,-0.0065586856,False,0.0
265678.229950709,20000000,-0.0025176406,0.006536752,0.007002592,-0.11447042,-0.079049386,0.006422757,False,0.0
265678.249950709,40000000,-0.0011917651,0.0007157624,0.008608699,-0.13644359,-0.069003396,0.02246197,False,0.0
265678.269950709,0,0.0021472275,-0.0040825903,0.005756259,-0.15695417,-0.053864732,0.031633504,False,0.0
265678.289950709,0,0.0039563477,-0.002088815,0.0046327114,-0.17598957,-0.045226,0.041907392,False,0.0
265678.309950709,20000000,0.002785772,-0.0016773939,0.0049650073,-0.1731841,-0.04038261,0.05295394,False,0.0
265678.329950709,0,0.001196444,0.0032218695,0.00053834915,-0.16517457,-0.043578453,0.07455854,False,0.0
265678.349950709,0,0.0015722513,-0.00023528934,-0.00237751,-0.1408144,-0.040545437,0.0940511,False,0.0
265678.369950709,20000000,0.0019452274,-0.0036984384,-0.005300224,-0.1164542,-0.037512418,0.11354366,False,0.0
265678.389950709,0,0.0014153421,-0.00904426,-0.0065493584,-0.078088574,-0.024413683,0.11985298,False,0.0
265678.409950709,0,0.0029634237,-0.010045052,-0.008070588,-0.049726423,-0.007674841,0.11303376,False,0.0
265678.429950709,0,0.0008267164,-0.011980116,-0.005232036,-0.03044592,0.00010800036,0.09930864,False,0.0
265678.449950709,20000000,-0.0004233718,-0.015188217,9.596348e-06,-0.014459185,0.0027743813,0.07561971,False,0.0
265678.469950709,0,-0.0015448034,-0.01601839,0.0033977628,-0.0047755567,0.0031201337,0.04828564,False,0.0
265678.489950709,0,-0.004056245,-0.015716255,0.007702112,0.003967982,-0.005583057,0.027100384,False,0.0
265678.509950709,0,-0.006579846,-0.016349494,0.012973189,0.015506139,-0.020194583,0.0068577826,False,0.0
265678.529950709,0,-0.005146742,-0.019118756,0.0094252825,0.02456553,-0.027062133,-0.01962174,False,0.0
265678.549950709,20000000,-0.0021109283,-0.020288795,0.0042609572,0.02818783,-0.030751659,-0.044698842,False,0.0
265678.569950709,0,0.0006599426,-0.018356323,0.001736939,0.02292433,-0.029216088,-0.0655401,False,0.0
265678.589950709,0,-0.00015699863,-0.010988206,0.0040557384,0.012766857,-0.033479616,-0.07301164,False,0.0
265678.609950709,0,-0.0025837421,-0.0016804338,0.0080628395,-0.000390701,-0.052607197,-0.065333724,False,0.0
265678.629950709,0,-0.0011031032,0.0034284592,0.007098675,-0.026545277,-0.060337458,-0.03246993,False,0.0
265678.649950709,20000000,0.00037875772,0.008537203,0.006131947,-0.052699853,-0.06806772,0.0003938675,False,0.0
265678.669950709,40000000,0.0018618405,0.013645798,0.005162716,-0.07885443,-0.07579798,0.033257663,False,0.0
265678.689950709,0,0.0036025345,0.014098883,0.0021246672,-0.10845967,-0.07017808,0.06586112,False,0.0
265678.709950709,0,0.0061508417,0.014969707,0.0023697019,-0.14314303,-0.058653347,0.09861039,False,0.0
265678.729950709,0,0.009830922,0.0122770965,-0.00072938204,-0.18540981,-0.04023856,0.12117192,False,0.0
265678.749950709,20000000,0.0058837235,0.014300317,0.0066763163,-0.2228559,-0.04786257,0.15396017,False,0.0
265678.769950709,0,0.008388817,0.009801865,0.008440971,-0.24925622,-0.054178294,0.17568812,False,0.0
265678.789950709,0,0.01184845,0.006308377,0.006217599,-0.25947276,-0.051523734,0.19262818,False,0.0
265678.809950709,20000000,0.009729505,0.0020988584,0.005368173,-0.25330636,-0.05654319,0.20206057,False,0.0
265678.829950709,0,0.0043866336,-0.0016202331,0.008726478,-0.23400857,-0.07752194,0.21187575,False,0.0
265678.849950709,0,0.007418841,-0.011941224,0.007819653,-0.20002243,-0.09002249,0.19501728,False,0.0
265678.869950709,0,0.007472545,-0.018259227,0.0056818128,-0.16374779,-0.096237384,0.1635655,False,0.0
265678.889950709,0,0.0039256215,-0.01768294,0.005033672,-0.13167113,-0.10465554,0.1319809,False,0.0
265678.909950709,20000000,0.0016330779,-0.0144152045,0.0009922981,-0.11347878,-0.10619505,0.10332209,False,0.0
265678.929950709,0,0.0022869408,-0.011857957,-0.0030015707,-0.11201959,-0.0912341,0.07772971,False,0.0
265678.949950709,0,-0.0021612942,-0.009795368,-0.0057117343,-0.12023765,-0.079034746,0.06295653,False,0.0
265678.969950709,0,-0.0057560056,-0.008844614,-0.0065797567,-0.13385922,-0.065433316,0.051854357,False,0.0
265678.989950709,20000000,-0.006796047,-0.007659465,-0.006896913,-0.15973294,-0.04788919,0.038590275,False,0.0
265679.009950709,0,-0.012767553,-0.012379736,1.835823e-05,-0.16947931,-0.04420666,0.038339555,False,0.0
265679.029950709,0,-0.010636032,-0.022077635,-0.0027537942,-0.1536323,-0.028661456,0.03148464,False,0.0
265679.049950709,20000000,-0.006788075,-0.025143027,-0.009188354,-0.12563038,-0.0069332533,0.008973513,False,0.0
265679.069950709,0,-0.0054124147,-0.015785202,-0.011067152,-0.10615878,0.008013431,-0.017031588,False,0.0
265679.089950709,0,-0.0075453073,-0.008304149,-0.008206427,-0.09067473,0.002714024,-0.03344156,False,0.0
265679.109950709,20000000,-0.0055825114,-0.0056572855,-0.006805241,-0.07394261,0.0076548946,-0.044169314,False,0.0
265679.129950709,0,-0.0055535138,-0.0059868246,-0.004971266,-0.0462104,0.009727985,-0.046338044,False,0.0
265679.149950709,20000000,-0.0039197057,-0.003726229,-0.0051524043,-0.028010447,0.020114169,-0.047136456,False,0.0
265679.169950709,0,-0.003256604,-0.0034990758,-0.0028234124,-0.00987979,0.023469042,-0.036167756,False,0.0
265679.189950709,0,0.00032919645,-0.0045451075,-0.003366232,0.00449247,0.03358062,-0.039247517,False,0.0
265679.209950709,20000000,-0.0017127097,-0.004318401,0.0039994717,0.017448522,0.028201384,-0.030964179,False,0.0
265679.22995071,0,-0.0005644858,-0.00832203,0.0044780374,0.037930086,0.02898129,-0.035452146,False,0.0
265679.24995071,0,0.0021006167,-0.007370889,0.003912747,0.052892968,0.028421441,-0.037473813,False,0.0
265679.26995071,0,0.0037302673,-0.0063301623,0.004783869,0.05974585,0.02754163,-0.043542292,False,0.0
265679.28995071,20000000,0.003254503,0.0008931756,0.0031034946,0.047979716,0.022804594,-0.04054918,False,0.0
265679.30995071,0,0.0016850829,0.0035897046,0.0033208132,0.027954953,0.016653463,-0.038005996,False,0.0
265679.32995071,0,0.00067460537,0.0030522048,0.0038636327,0.0184543,0.012837895,-0.02096049,False,0.0
265679.34995071,20000000,-0.0033560991,0.005670145,0.009738624,0.012957096,-0.0008126013,0.0011617411,False,0.0
265679.36995071,0,0.0012079775,0.0014313757,0.002666235,0.004777915,0.001482999,0.006372996,False,0.0
265679.38995071,0,0.0011609495,0.0011750609,0.0018473864,-0.0065925056,0.006191812,0.007308306,False,0.0
265679.40995071,0,1.4364719e-05,-0.0032354444,0.0041701794,-0.014043153,0.0047499314,0.00908496,False,0.0
265679.42995071,0,-0.00027903914,-0.0065814853,0.004932821,-0.017316975,0.0036940202,0.0064143883,False,0.0
265679.44995071,20000000,0.000577271,-0.0083669275,0.00685364,-0.015451849,0.0014154161,0.00314922,False,0.0
265679.46995071,0,0.00021803379,-0.009191453,0.0057824254,-0.018461214,0.0030228938,0.0005709133,False,0.0
265679.48995071,0,-0.0013605654,-0.007859066,0.008261144,-0.01598256,-0.0029803398,0.00377152,False,0.0
265679.50995071,20000000,-0.0015895963,-0.0059522092,0.0063004494,-0.018009027,-0.009072343,0.011663196,False,0.0
265679.52995071,0,0.0016007423,-0.0070677847,0.0016915202,-0.022898745,-0.007075347,0.019127103,False,0.0
265679.54995071,0,0.0042384267,-0.012848064,-0.0026085377,-0.023438616,0.004082972,0.010201983,False,0.0
265679.56995071,0,0.0022765398,-0.010714531,0.00043934584,-0.026097812,0.0099662645,0.0010817135,False,0.0
265679.58995071,20000000,-0.0012403727,-0.0064224303,0.0031937957,-0.03300429,0.0014178362,-0.002717072,False,0.0
265679.60995071,0,-0.0036127865,-0.0032025576,0.0029987693,-0.040980756,-0.01076627,-0.0051752557,False,0.0
265679.62995071,0,-0.0058315694,-0.0024349242,0.0032346845,-0.044560816,-0.017608184,-0.0036855151,False,0.0
265679.64995071,0,-0.005534947,-0.0014017373,0.0001410842,-0.043323833,-0.017675392,-0.0030914003,False,0.0
265679.66995071,0,-0.0023204982,-0.0033361465,-0.004320562,-0.04050387,-0.010634583,-0.004001617,False,0.0
265679.68995071,20000000,-0.0006132424,-0.0023991317,-0.003610909,-0.03402012,0.0026417086,-0.006076066,False,0.0
265679.70995071,0,0.0026540756,-0.0065837353,-0.0049881935,-0.024879623,0.017885286,-0.018050082,False,0.0
265679.72995071,0,-0.0005990863,-0.005601868,0.0023049116,-0.012361349,0.01535566,-0.016517134,False,0.0
265679.74995071,0,0.004140228,-0.007203087,0.0025410652,-0.0063308235,0.018341439,-0.02920462,False,0.0
265679.76995071,0,0.0041832626,-0.0048907995,0.003434956,-0.008748723,0.015519179,-0.036686912,False,0.0
265679.78995071,0,0.004023075,-0.0043723434,0.0047131777,-0.014018082,0.008326916,-0.032952137,False,0.0
265679.80995071,0,0.0038667321,-0.0024562478,0.004285276,-0.015445773,0.0058616744,-0.022013832,False,0.0
265679.82995071,20000000,0.00062939525,0.00016924739,0.0024556518,-0.01215806,-0.004146957,0.00051519275,False,0.0
