timestamp,dtNs,ax,ay,az,gx,gy,gz,label,chewing_soft
113712.358508959,0,0.0018051937,-0.0027931929,0.002489388,-0.038841598,0.0712959,-0.04872915,False,0.0
113712.378447958,0,0.00085933076,-0.0024736333,0.0023538168,-0.03864158,0.06244813,-0.042624358,False,0.0
113712.398447958,0,0.0042686462,-0.0021458864,0.0014540553,-0.050907303,0.067270644,-0.041230023,False,0.0
113712.418447958,0,0.0069715753,-0.0034202337,0.0015839934,-0.056283016,0.073851906,-0.049106814,False,0.0
113712.438447958,0,0.008586578,-0.0056232214,0.0031876564,-0.05345238,0.08046518,-0.06014809,False,0.0
113712.458447958,20000000,0.008463755,-0.005665958,0.0052121878,-0.046889264,0.07980037,-0.07246036,False,0.0
113712.478447958,0,0.0076708496,-0.0032084584,0.005973518,-0.042952746,0.07775088,-0.07976458,False,0.0
113712.498447958,0,0.0071018636,-0.0006352663,0.00600183,-0.037985988,0.06849907,-0.07550453,False,0.0
113712.518447958,20000000,0.0065343827,0.0019389987,0.0060304403,-0.03301923,0.059247274,-0.07124447,False,0.0
113712.538447958,40000000,0.0059683546,0.004514098,0.006059468,-0.02805247,0.049995475,-0.066984415,False,0.0
113712.558447958,0,0.009010911,0.007691622,-6.3061714e-05,-0.031241478,0.0541917,-0.059664626,False,0.0
113712.578447958,20000000,0.0074149817,0.0068172812,0.00065624714,-0.026408615,0.05484317,-0.051436882,False,0.0
113712.598447958,0,0.00440298,0.005231917,0.0054852366,-0.01740472,0.042223442,-0.041414723,False,0.0
113712.618447958,20000000,0.0039192215,0.0033914447,0.0065169334,-0.006797801,0.027959086,-0.03819883,False,0.0
113712.638447958,0,0.005050011,0.0024505854,0.0053682923,-0.0010312186,0.01939983,-0.037950985,False,0.0
113712.658447958,0,0.0043588877,0.0031887293,0.0045779943,0.0046156207,0.010501497,-0.03193841,False,0.0
113712.678447958,0,0.0032299086,0.0041936636,0.003676653,0.013542452,-0.00045206677,-0.020340744,False,0.0
113712.698447958,0,0.0034390092,0.011708021,0.0014126301,0.029440392,-0.010768848,0.0036929063,False,0.0
113712.718447958,20000000,0.0036481693,0.019222558,-0.00085151196,0.045338325,-0.021085627,0.027726555,False,0.0
113712.738447958,0,0.005813107,0.038559616,-0.006158054,0.09698664,-0.039124213,0.084164895,False,0.0
113712.758447958,20000000,0.0054284334,0.06613046,-0.010506868,0.19792211,-0.059023097,0.18037853,False,0.0
113712.778447958,0,0.0054961666,0.103319824,-0.015975118,0.32943013,-0.08717966,0.3286417,False,0.0
113712.798447958,20000000,0.006802328,0.1385904,-0.020327985,0.5021344,-0.11386901,0.54006696,False,0.0
113712.818447958,0,0.008680895,0.16131705,-0.020108461,0.71243227,-0.13653108,0.7985542,False,0.0
113712.838447958,0,0.015318684,0.1654988,-0.011812687,0.94711226,-0.15412438,1.0693836,False,0.0
113712.858447958,0,0.027177855,0.14890891,-0.00807786,1.1687967,-0.14031287,1.3126799,False,0.0
113712.878447958,0,0.031426653,0.12828386,0.007831812,1.3618671,-0.12667726,1.5259378,False,0.0
113712.898447958,20000000,0.033233687,0.1018576,0.036222637,1.5184774,-0.14439964,1.700122,False,0.0
113712.918447958,0,0.03968668,0.07304335,0.054091215,1.6146239,-0.16293994,1.8179123,False,0.0
113712.938447958,0,0.04027623,0.051633537,0.06801212,1.6536896,-0.2030372,1.8944463,False,0.0
113712.958447958,0,0.04588668,0.023974061,0.07265502,1.6270471,-0.23240225,1.8962362,False,0.0
113712.978447958,0,0.04944241,-0.010355175,0.07314235,1.5507,-0.25253356,1.8290772,False,0.0
113712.998447958,20000000,0.049577177,-0.04629752,0.07174969,1.4477059,-0.27444604,1.6936762,False,0.0
113713.018447958,0,0.04717797,-0.06367937,0.071223855,1.3167698,-0.30173638,1.531298,False,0.0
113713.038447958,0,0.0512383,-0.079448014,0.07171053,1.201452,-0.3315567,1.3630335,False,0.0
113713.058447958,20000000,0.056124926,-0.09469476,0.071602225,1.0861342,-0.36137703,1.194769,False,0.0
113713.078447958,0,0.058086395,-0.09799403,0.06765199,0.98969734,-0.37820715,1.046596,False,0.0
113713.098447958,0,0.05710432,-0.10215455,0.07488662,0.93453187,-0.42124707,0.93004185,False,0.0
113713.118447958,0,0.06302309,-0.10245165,0.06152463,0.8899384,-0.43210098,0.8449295,False,0.0
113713.138447958,20000000,0.06937164,-0.10259709,0.047785163,0.84534496,-0.4429549,0.7598172,False,0.0
113713.158447958,40000000,0.073441535,-0.09834555,0.03841293,0.79718626,-0.42778513,0.68360096,False,0.0
113713.178447959,0,0.07195237,-0.08552535,0.038172662,0.7487652,-0.4180667,0.6237646,False,0.0
113713.198447959,20000000,0.06432125,-0.06529471,0.042551577,0.6880058,-0.43372616,0.604439,False,0.0
113713.218447959,0,0.05716434,-0.043928087,0.04257065,0.60981643,-0.47229254,0.6349483,False,0.0
113713.238447959,0,0.0580177,-0.04154621,0.03875661,0.53609484,-0.5079342,0.68661934,False,0.0
113713.258447959,0,0.06806794,-0.054070026,0.028716683,0.464545,-0.51311195,0.7119527,False,0.0
113713.278447959,0,0.07170817,-0.061537102,0.02143091,0.39162815,-0.50638324,0.71707815,False,0.0
113713.298447959,0,0.074385405,-0.062592104,0.014810443,0.31476247,-0.49563816,0.7103267,False,0.0
113713.318447959,0,0.079591274,-0.06844783,0.0075225234,0.2456185,-0.46832556,0.68920106,False,0.0
113713.338447959,0,0.08067441,-0.07764503,0.0040730834,0.19381225,-0.43394414,0.6559641,False,0.0
113713.358447959,0,0.080174804,-0.086760536,0.008610964,0.18452485,-0.40518713,0.62927973,False,0.0
113713.378447959,0,0.0797587,-0.086424485,0.007439792,0.20473333,-0.3701663,0.6049499,False,0.0
113713.398447959,20000000,0.07963291,-0.07523996,0.009117544,0.23253714,-0.3491653,0.5933126,False,0.0
113713.418447959,0,0.08146255,-0.06572108,0.009308696,0.2582154,-0.3187696,0.59740084,False,0.0
113713.438447959,20000000,0.08647379,-0.06417,0.011486411,0.29197076,-0.29901296,0.5824905,False,0.0
113713.458447959,0,0.09515843,-0.05883661,0.009024322,0.32419416,-0.27212605,0.55384177,False,0.0
113713.478447959,0,0.099500805,-0.060201943,0.010323942,0.35822064,-0.2615262,0.50069845,False,0.0
113713.498447959,0,0.10340707,-0.057658784,0.002766192,0.3536163,-0.23318525,0.4434817,False,0.0
113713.518447959,20000000,0.10530852,-0.054080285,-0.0017592311,0.3530454,-0.2082962,0.382512,False,0.0
113713.538447959,0,0.10674761,-0.053094715,-0.012431979,0.354193,-0.19048274,0.31502163,False,0.0
113713.558447959,0,0.10795042,-0.056349285,-0.039485812,0.34583572,-0.16885965,0.25177145,False,0.0
113713.578447959,0,0.10039918,-0.06595142,-0.0676409,0.3384817,-0.13372394,0.18067634,False,0.0
113713.598447959,0,0.07008353,-0.06531357,-0.074421704,0.30360797,-0.08492289,0.09379345,False,0.0
113713.618447959,20000000,0.039782465,-0.06467001,-0.08124912,0.26873425,-0.03612183,0.006910555,False,0.0
113713.638447959,0,-0.012948021,-0.04628022,-0.029192865,0.20550805,-0.015688732,-0.07429493,False,0.0
113713.658447959,20000000,-0.06909308,-0.028845794,0.035008073,0.12780485,-0.043627396,-0.14961208,False,0.0
113713.678447959,0,-0.10886213,-0.019517288,0.07354051,0.051902033,-0.08944185,-0.20653328,False,0.0
113713.698447959,0,-0.121677496,-0.026007488,0.060470045,-0.025056876,-0.07201297,-0.2651199,False,0.0
113713.718447959,20000000,-0.13014913,-0.02955474,0.049962103,-0.07417379,-0.04194256,-0.3253735,False,0.0
113713.738447959,0,-0.15488467,-0.008027613,0.033005238,-0.12478736,-0.079126716,-0.3012899,False,0.0
113713.758447959,20000000,-0.17959572,0.013517223,0.016034365,-0.17540093,-0.116310865,-0.27720627,False,0.0
113713.778447959,0,-0.19363077,0.03866113,0.00010973215,-0.22358237,-0.20196074,-0.1872652,False,0.0
113713.798447959,0,-0.18502222,0.055844903,-0.03844297,-0.28481057,-0.256145,-0.07199952,False,0.0
113713.818447959,20000000,-0.1575206,0.05306591,-0.08895826,-0.33600888,-0.21910435,0.015764497,False,0.0
113713.838447959,0,-0.1439825,0.04407446,-0.09104121,-0.34132338,-0.15928668,0.100273296,False,0.0
113713.858447959,0,-0.14003494,0.0361882,-0.0629679,-0.29922226,-0.12755367,0.19893467,False,0.0
113713.878447959,0,-0.1267693,0.0230266,-0.041048467,-0.23104197,-0.084653035,0.30055416,False,0.0
113713.898447959,0,-0.111474544,0.0016503036,-0.02623725,-0.16044913,-0.036997132,0.38986173,False,0.0
113713.918447959,20000000,-0.097628795,-0.027222604,-0.011873722,-0.084951386,0.00735965,0.4508698,False,0.0
113713.938447959,0,-0.07776303,-0.052138492,-0.0099231005,-0.036822002,0.07556455,0.47575024,False,0.0
113713.958447959,20000000,-0.06570217,-0.07286322,-0.013913453,-0.03217775,0.14699389,0.4689139,False,0.0
113713.978447959,0,-0.06819206,-0.08233149,0.0049281716,-0.046329875,0.18347295,0.4365695,False,0.0
113713.998447959,0,-0.08188483,-0.074842766,0.017719865,-0.09748565,0.18428692,0.40465865,False,0.0
113714.018447959,0,-0.097755685,-0.066070855,0.028704286,-0.14247815,0.14660107,0.36392984,False,0.0
113714.038447959,0,-0.10939714,-0.052522533,0.024787545,-0.1833242,0.11056729,0.3576225,False,0.0
113714.058447959,20000000,-0.121046975,-0.03895762,0.020864964,-0.22417025,0.07453351,0.35131517,False,0.0
113714.078447959,40000000,-0.12853064,-0.024611741,0.008354068,-0.2566081,0.028678302,0.3829292,False,0.0
113714.098447959,0,-0.12732515,-0.014937684,-0.0036307573,-0.27170554,0.010615576,0.44933257,False,0.0
113714.118447959,0,-0.1255638,-0.01044251,-0.0056134462,-0.26059255,0.0017333766,0.5236189,False,0.0
113714.138447959,20000000,-0.12666866,0.0008112788,-0.006228626,-0.25822136,0.005494913,0.6090621,False,0.0
113714.158447959,0,-0.1292904,0.015556753,0.00268358,-0.24446854,-0.011012167,0.7201649,False,0.0
113714.178447959,0,-0.123219185,0.018721193,-0.0045755506,-0.21988682,-0.056819525,0.85606235,False,0.0
113714.198447959,20000000,-0.08646366,-0.0018410832,-0.053702354,-0.17846346,-0.07710438,0.98306674,False,0.0
113714.218447959,0,-0.027396843,-0.03549069,-0.13278955,-0.14558904,-0.03381866,1.0739822,False,0.0
113714.238447959,20000000,0.031620666,-0.08039202,-0.1887989,-0.09747718,0.09855214,1.0684944,False,0.0
113714.258447959,0,0.064996704,-0.088395104,-0.16968268,-0.08463101,0.16834268,0.9817215,False,0.0
113714.278447959,0,0.09676562,-0.058657005,-0.11978632,-0.13576451,0.2747691,0.85480344,False,0.0
113714.298447959,20000000,0.11978045,-0.02910325,-0.038470864,-0.18910049,0.3664595,0.6963189,False,0.0
113714.318447959,0,0.1159876,-0.0045906305,0.032384455,-0.22183682,0.4122643,0.5654788,False,0.0
113714.338447959,20000000,0.112199366,0.020049646,0.103137314,-0.25457317,0.4580691,0.43463865,False,0.0
113714.358447959,40000000,0.08950648,0.059097245,0.16676092,-0.27698252,0.39025044,0.39047387,False,0.0
113714.378447959,0,0.08213508,0.089347616,0.1845656,-0.30855078,0.3021253,0.3546492,False,0.0
113714.398447959,20000000,0.07294905,0.11525568,0.1871857,-0.32925522,0.16028911,0.31842554,False,0.0
113714.418447959,0,0.06816542,0.13648285,0.16295189,-0.36514935,0.031554908,0.2931632,False,0.0
113714.438447959,0,0.07050884,0.14851733,0.12296599,-0.39040613,-0.06383727,0.26732433,False,0.0
113714.458447959,20000000,0.07208344,0.15733588,0.086949706,-0.39315403,-0.15422478,0.25946423,False,0.0
113714.478447959,0,0.08138761,0.15603969,0.030058563,-0.42067888,-0.13620701,0.23425315,False,0.0
113714.498447959,0,0.0687702,0.1571883,0.018500447,-0.41115785,-0.14361723,0.21629836,False,0.0
113714.518447959,20000000,0.06277025,0.148351,0.010707557,-0.37630343,-0.12405599,0.1882717,False,0.0
113714.538447959,0,0.058431417,0.13156414,0.0063619018,-0.31841356,-0.07287821,0.1622538,False,0.0
113714.558447959,20000000,0.055206448,0.10895783,0.014900863,-0.2333479,-0.008101396,0.13452435,False,0.0
113714.578447959,0,0.049818814,0.08856332,0.037700474,-0.14454114,0.032039482,0.09391944,False,0.0
113714.598447959,0,0.044931054,0.08540191,0.047264457,-0.12770765,0.013536051,0.063881844,False,0.0
113714.618447959,20000000,0.040045023,0.08224425,0.056816578,-0.110874146,-0.0049673803,0.03384424,False,0.0
113714.638447959,40000000,0.03516075,0.07909039,0.06635684,-0.09404065,-0.02347081,0.0038066376,False,0.0
113714.658447959,60000000,0.030278236,0.075940356,0.075885296,-0.07720715,-0.04197424,-0.026230965,False,0.0
113714.678447959,0,0.02972895,0.071028486,0.057090938,-0.085475914,-0.091508344,-0.022648498,False,0.0
113714.698447959,0,0.023810029,0.07352108,0.0370183,-0.12799704,-0.110464945,-0.009202197,False,0.0
113714.718447959,0,0.016689777,0.06977534,0.034064233,-0.15664007,-0.1368489,0.006760072,False,0.0
113714.738447959,20000000,0.009568334,0.06603244,0.031086504,-0.18528308,-0.16323285,0.022722341,False,0.0
113714.758447959,0,0.004341662,0.04749787,0.018703282,-0.18108808,-0.15372913,0.014919773,False,0.0
113714.778447959,0,0.0018479824,0.030703425,0.0064648986,-0.16011508,-0.12425564,-0.0015676469,False,0.0
113714.798313083,0,-0.0038998402,0.02094403,0.008848109,-0.14549589,-0.129033,-0.03548495,False,0.0
113714.818313083,0,-5.3226948e-05,0.019673795,-0.003889501,-0.13284533,-0.10530814,-0.07563406,False,0.0
113714.838313083,0,0.0078596175,0.01741442,-0.014543831,-0.11083457,-0.06480843,-0.11305843,False,0.0
113714.858313083,0,0.007977426,0.01718691,-0.014412224,-0.077406615,-0.032998152,-0.12874246,False,0.0
113714.878313083,0,0.0061972737,0.019913942,-0.010488093,-0.045405168,-0.012084372,-0.11722358,False,0.0
113714.898313083,0,0.0062761605,0.015961558,-0.0060222745,-0.029938614,-0.02292066,-0.07545994,False,0.0
113714.918313083,20000000,0.0063557625,0.012009859,-0.0015569925,-0.014472062,-0.03375695,-0.033696305,False,0.0
113714.938313083,40000000,0.00643602,0.008058935,0.0029078126,0.0009944914,-0.044593237,0.0080673285,False,0.0
113714.958313083,60000000,0.008248866,0.0010210872,0.0005155802,0.0033763144,-0.05344678,0.038612664,False,0.0
113714.978313083,0,0.006748855,-0.00082600117,0.00037801266,-0.008878214,-0.06313417,0.06397432,False,0.0
113714.998313083,0,0.007946223,-0.00426358,0.0032985806,-0.03048747,-0.06941547,0.081889085,False,0.0
113715.018313083,0,0.0104357,-0.010371655,0.0007966757,-0.05059126,-0.06149468,0.08546824,False,0.0
113715.038313083,0,0.007023543,-0.014828414,0.004151702,-0.056612838,-0.061997853,0.09680007,False,0.0
113715.058313083,20000000,0.005935341,-0.02135849,0.00047403574,-0.050760295,-0.050465636,0.106628925,False,0.0
113715.078313083,0,0.0022448003,-0.024543613,0.0008676052,-0.03870273,-0.041937094,0.12148368,False,0.0
113715.098313083,20000000,-0.0021333992,-0.031781793,0.0020558834,-0.021237873,-0.039537996,0.12809698,False,0.0
113715.118313083,0,-0.008057937,-0.036214918,0.003571868,-0.0055272914,-0.04093646,0.12795566,False,0.0
113715.138313083,0,-0.013905868,-0.037636876,0.007169187,-0.002133667,-0.05365307,0.12713772,False,0.0
113715.158313083,0,-0.017888248,-0.038261876,0.009771287,-0.008840497,-0.078093946,0.12565707,False,0.0
113715.178313083,20000000,-0.014980063,-0.046068773,0.0017761588,-0.015120909,-0.089040495,0.11760889,False,0.0
113715.198313083,0,-0.0152335465,-0.053092986,-0.002713859,-0.015775265,-0.10036412,0.115352504,False,0.0
113715.218313083,20000000,-0.014270276,-0.05664043,-0.008418143,-0.010788577,-0.10968668,0.12227154,False,0.0
113715.238313083,0,-0.012248293,-0.055554837,-0.011660099,-0.015969053,-0.103398666,0.14228433,False,0.0
113715.258313083,0,-0.010855943,-0.051599517,-0.01240629,-0.030171368,-0.094218835,0.15378253,False,0.0
113715.278313083,20000000,-0.009459466,-0.04764703,-0.0131543875,-0.044373684,-0.085039005,0.16528073,False,0.0
113715.298313083,0,-0.005581856,-0.048612162,-0.010500312,-0.053660423,-0.07017642,0.16782877,False,0.0
113715.318313083,20000000,-0.0040915012,-0.050201356,-0.0033990145,-0.056350138,-0.06406867,0.15974659,False,0.0
113715.338313083,0,-0.005861908,-0.04680395,0.0046804547,-0.064417794,-0.07060659,0.15085338,False,0.0
113715.358313083,20000000,-0.0041808784,-0.04241483,0.0064529777,-0.0726096,-0.08181527,0.13713382,False,0.0
113715.378313083,0,0.0016658753,-0.03763765,0.00027924776,-0.097390324,-0.081244715,0.119665295,False,0.0
113715.398313083,0,0.007766485,-0.030092448,-0.0021073818,-0.12409639,-0.07480216,0.09893361,False,0.0
113715.418313083,0,0.012616143,-0.021314919,-0.0018541813,-0.14947382,-0.05311201,0.07487388,False,0.0
113715.438313083,20000000,0.006033972,-0.0117589235,0.010809898,-0.16120781,-0.07054279,0.06743691,False,0.0
113715.458313083,0,0.0070438534,-0.0013511181,0.009922802,-0.17595744,-0.090740345,0.06098663,False,0.0
113715.478313083,0,0.008179009,0.005714208,0.0062490106,-0.19099571,-0.1053383,0.06113042,False,0.0
113715.498313083,20000000,0.009309143,0.012778938,0.0025627017,-0.20603399,-0.11993624,0.061274204,False,0.0
113715.518313083,40000000,0.0062983036,0.013290882,0.0024704337,-0.19804642,-0.13261428,0.06514679,False,0.0
113715.538313083,60000000,0.0032814294,0.01380226,0.002361536,-0.19005884,-0.14529233,0.06901937,False,0.0
113715.558313084,0,0.0022513866,0.013950229,-0.0026519895,-0.17523883,-0.14738342,0.067219116,False,0.0
113715.578313084,0,0.000977099,0.014728397,-0.0019220114,-0.15135926,-0.14546533,0.062389,False,0.0
113715.598313084,0,0.00022643805,0.0124982,-0.0015392303,-0.11989269,-0.1519865,0.05745001,False,0.0
113715.618313084,0,-0.0017994493,0.011739671,-0.0020796657,-0.09176732,-0.15187079,0.05855249,False,0.0
113715.638313084,20000000,0.00017641485,0.0100726485,-0.0064661503,-0.0688597,-0.1336517,0.055639386,False,0.0
113715.658313084,0,-0.0005149096,0.008126855,-0.0058063865,-0.047170497,-0.12445241,0.05888395,False,0.0
113715.678313084,20000000,0.0019082278,0.006912023,-0.0072538257,-0.030481962,-0.10305232,0.054527327,False,0.0
113715.698313084,0,-0.0017100424,0.00840801,-0.007325053,-0.017046107,-0.08807255,0.05528598,False,0.0
113715.718313084,0,0.0019243658,0.0064118803,-0.011644602,-0.004565235,-0.06398085,0.04107179,False,0.0
113715.738313084,20000000,-0.00059211254,0.0087533295,-0.007096827,0.010581901,-0.040999364,0.032179467,False,0.0
113715.758313084,0,-0.0037796646,0.017205298,-0.00040507317,0.025401888,-0.021635672,0.027037263,False,0.0
113715.778313084,0,0.0005978197,0.030883342,-0.0023832321,0.037024476,0.011079667,0.031788033,False,0.0
113715.798313084,20000000,0.00807783,0.03680536,-0.0049155354,0.054142147,0.052144296,0.030551944,False,0.0
113715.818313084,0,0.017086983,0.038308114,-0.008856654,0.07252669,0.0938494,0.019077275,False,0.0
113715.838313084,20000000,0.030253202,0.034647077,-0.0139347315,0.08860852,0.13581963,-0.018952753,False,0.0
113715.858313084,0,0.04159233,0.03206709,-0.017405272,0.092740886,0.18626615,-0.071598314,False,0.0
113715.878313084,0,0.048945457,0.032396942,-0.019569814,0.0953866,0.2247786,-0.13651474,False,0.0
113715.898313084,0,0.053706363,0.033218533,-0.019595563,0.10618284,0.2598549,-0.2154702,False,0.0
113715.918313084,0,0.062177435,0.035989016,-0.01868552,0.11739688,0.29265177,-0.31073833,False,0.0
113715.938313084,20000000,0.068072215,0.042658836,-0.016367793,0.1363008,0.31736764,-0.42220464,False,0.0
113715.958313084,0,0.075622275,0.048401535,-0.008900106,0.18163945,0.35336667,-0.52998203,False,0.0
113715.978313084,0,0.07405591,0.04885149,0.006999016,0.26180407,0.39050943,-0.6138718,False,0.0
113715.998313084,20000000,0.061847314,0.05385539,0.025270164,0.37848765,0.39947534,-0.6610433,False,0.0
113716.018313084,0,0.044325262,0.05659935,0.0344494,0.4830594,0.39238822,-0.6869549,False,0.0
113716.038313084,20000000,0.03240952,0.05316934,0.04007995,0.56436276,0.36963308,-0.720362,False,0.0
113716.058313084,0,0.027284712,0.0529432,0.038386226,0.60589993,0.35923898,-0.77437514,False,0.0
113716.078313084,20000000,0.027799547,0.052644044,0.032943845,0.6217887,0.3689894,-0.8303023,False,0.0
113716.098313084,0,0.03201592,0.057186216,0.02488339,0.62907255,0.4093069,-0.8804232,False,0.0
113716.118313084,0,0.036970973,0.058932245,0.018533945,0.6219535,0.46839163,-0.9357139,False,0.0
113716.138313084,20000000,0.035143852,0.06664255,0.02922976,0.6308295,0.51045084,-0.9805958,False,0.0
113716.158313084,0,0.0417656,0.066646785,0.024023354,0.62110883,0.58345234,-1.051016,False,0.0
113716.178313084,0,0.042494684,0.066553846,0.038404465,0.61629355,0.63195443,-1.1475906,False,0.0
113716.198313084,0,0.04491189,0.066810384,0.051930845,0.6135699,0.67481893,-1.2778223,False,0.0
113716.218313084,20000000,0.04470831,0.06925331,0.061639667,0.6240674,0.7313935,-1.435925,False,0.0
113716.238313084,0,0.031261683,0.07648566,0.08602989,0.6527659,0.7603554,-1.6085694,False,0.0
113716.258313084,0,0.007357836,0.08314484,0.10983157,0.6897707,0.7613997,-1.7800499,False,0.0
113716.278313084,20000000,-0.012603402,0.081005186,0.13294554,0.75321096,0.72744006,-1.9683505,False,0.0
113716.298313084,0,-0.022865683,0.07033667,0.13820094,0.8402048,0.7055885,-2.1763577,False,0.0
113716.318313084,0,-0.02946645,0.035191253,0.1299634,0.9801546,0.7047006,-2.439829,False,0.0
113716.338313084,0,-0.042969048,-0.007839948,0.10397953,1.151731,0.7232619,-2.7373435,False,0.0
113716.358313084,0,-0.040437996,-0.065415755,0.047590196,1.3186184,0.8247873,-3.1120758,False,0.0
113716.378313084,20000000,-0.059025586,-0.10058075,-0.0071371794,1.4518322,0.93024397,-3.4898372,False,0.0
113716.398313084,0,-0.07981409,-0.114075854,-0.06430799,1.5168955,1.0314214,-3.8239183,False,0.0
113716.418313084,20000000,-0.10261586,-0.12366965,-0.10331434,1.5463176,1.0914326,-4.1200123,False,0.0
113716.438313084,0,-0.12383048,-0.1263815,-0.12918186,1.5591893,1.1168779,-4.3449383,False,0.0
113716.458313084,0,-0.14598347,-0.11806884,-0.13963759,1.5679891,1.1168859,-4.473391,False,0.0
113716.478313084,0,-0.16524039,-0.10307429,-0.1379726,1.6118358,1.0828643,-4.487552,False,0.0
113716.498313084,0,-0.17167872,-0.08262028,-0.15435517,1.6695071,1.0061626,-4.38419,False,0.0
113716.518313084,0,-0.14065863,-0.057588995,-0.23283708,1.6514809,1.0032603,-4.2139535,False,0.0
113716.538313084,20000000,-0.12858802,-0.022866145,-0.29924023,1.5671942,0.9710749,-3.9383214,False,0.0
113716.558313084,0,-0.14958544,0.017864615,-0.30266488,1.4556829,0.87555414,-3.5531607,False,0.0
113716.578313084,20000000,-0.20115349,0.05601576,-0.22357386,1.3531867,0.67104197,-3.079099,False,0.0
113716.598313084,0,-0.2147408,0.06137675,-0.14706123,1.2454258,0.5508689,-2.6535113,False,0.0
113716.618313084,0,-0.19494224,0.036796197,-0.083464265,1.1548765,0.56744975,-2.3679898,False,0.0
113716.638313084,0,-0.15945607,-0.002106607,-0.055242002,1.0704503,0.7289957,-2.2138774,False,0.0
113716.658313084,0,-0.14722103,-0.036879808,-0.024224639,0.9954456,0.91589046,-2.151788,False,0.0
113716.678313084,0,-0.14269695,-0.06034082,0.015488088,0.93518084,1.0681134,-2.1425886,False,0.0
113716.698313084,20000000,-0.14477387,-0.07147202,0.04626161,0.9073615,1.1602789,-2.1478782,False,0.0
113716.718313084,0,-0.14355999,-0.08968734,0.05622238,0.91480535,1.2099098,-2.1660128,False,0.0
113716.738313084,20000000,-0.14298484,-0.09411668,0.04282987,0.9172974,1.2411176,-2.1829228,False,0.0
113716.758313084,0,-0.14729029,-0.09643926,0.03236437,0.9363459,1.1971776,-2.2263477,False,0.0
113716.778313084,0,-0.13623583,-0.10315683,-0.0039661527,0.9467787,1.1668113,-2.2914515,False,0.0
113716.798313084,20000000,-0.14443454,-0.109591365,-0.014363587,0.9911498,1.0733545,-2.35015,False,0.0
113716.818313084,0,-0.13559127,-0.11763848,-0.0308491,1.0578632,0.94947505,-2.4330788,False,0.0
113716.838313084,0,-0.12558705,-0.11349589,-0.042398393,1.1086712,0.8363197,-2.5148256,False,0.0
113716.858313084,20000000,-0.13770092,-0.102142386,-0.018492043,1.1880379,0.6762568,-2.562399,False,0.0
113716.878313084,0,-0.13594607,-0.0896417,-0.018541694,1.249423,0.5529215,-2.5862544,False,0.0
113716.898313084,20000000,-0.13108552,-0.07612756,-0.027721286,1.2790419,0.489226,-2.5759115,False,0.0
113716.918313084,0,-0.13242942,-0.06484851,-0.025817513,1.3011978,0.4262219,-2.5316389,False,0.0
113716.938313084,20000000,-0.13538179,-0.06397493,-0.037332535,1.2927269,0.39543632,-2.4657097,False,0.0
113716.958313084,0,-0.1532974,-0.06132233,-0.02425152,1.2895508,0.3191459,-2.3670356,False,0.0
113716.978313084,20000000,-0.15797114,-0.07533318,-0.03358352,1.2849528,0.26670706,-2.2756379,False,0.0
113716.998313084,0,-0.15668187,-0.09048782,-0.060446978,1.2725121,0.26864097,-2.1951458,False,0.0
113717.018313084,0,-0.17616954,-0.10743497,-0.057747364,1.2670723,0.21086285,-2.1060486,False,0.0
113717.038313084,20000000,-0.18188325,-0.12558395,-0.082803726,1.2375374,0.20801459,-2.0282366,False,0.0
113717.058313084,0,-0.20148692,-0.11699958,-0.06755483,1.2051213,0.15896283,-1.9055275,False,0.0
113717.078313084,0,-0.20114055,-0.08666495,-0.05198276,1.1317016,0.105134845,-1.7289497,False,0.0
113717.098313084,20000000,-0.16045022,-0.046502754,-0.044832766,1.0565968,-0.09252778,-1.4843656,False,0.0
113717.118313084,0,0.05963227,-0.059019685,-0.28158212,0.8501575,0.13295075,-1.4716799,False,0.0
113717.138313084,20000000,-0.03962913,0.01437597,-0.1614641,0.7579326,0.21469527,-1.3548061,False,0.0
113717.158313084,0,-0.118873626,0.16843012,0.078702986,0.61606497,-0.20224798,-1.1889077,False,0.0
113717.178313084,0,0.083661646,0.1929103,-0.084258735,0.41477817,-0.06047629,-1.3680032,False,0.0
113717.198313084,0,0.20399553,0.17454502,-0.2469843,0.23685406,0.49822092,-1.7227821,False,0.0
113717.2182695,0,0.0738649,0.2564324,-0.06580827,0.14988986,0.5013623,-1.8947875,False,0.0
113717.2382695,0,0.030987084,0.33873641,0.040587902,0.13427252,0.2634071,-1.7322637,False,0.0
113717.2582695,0,0.050679117,0.30009824,0.075369895,0.276526,0.20885493,-1.6088735,False,0.0
113717.2782695,20000000,0.070605546,0.26160827,0.11019808,0.4187795,0.15430275,-1.4854833,False,0.0
113717.2982695,0,0.08413601,0.22468024,0.13349074,0.5661541,0.15660511,-1.4013263,False,0.0
113717.3182695,20000000,0.08239269,0.21456139,0.1568855,0.6367421,0.13814741,-1.3183854,False,0.0
113717.3382695,0,0.08164564,0.20920679,0.17017859,0.62743837,0.10994706,-1.2281115,False,0.0
113717.3582695,0,0.08550045,0.1920137,0.18345773,0.5821213,0.09921874,-1.1413555,False,0.0
113717.3782695,0,0.09177375,0.16443752,0.19625604,0.5451753,0.08990674,-1.0766718,False,0.0
113717.3982695,0,0.10615799,0.1393888,0.18616062,0.50203437,0.10524613,-1.0495871,False,0.0
113717.4182695,20000000,0.1118457,0.12663008,0.17419338,0.45075217,0.11596411,-1.0494875,False,0.0
113717.4382695,0,0.10824466,0.12339471,0.17250413,0.40353888,0.096500844,-1.054639,False,0.0
113717.4582695,20000000,0.10655126,0.124922246,0.16785347,0.3782685,0.058164537,-1.0523742,False,0.0
113717.4782695,0,0.11028764,0.13301866,0.15670061,0.36806124,0.006955743,-1.0419581,False,0.0
113717.4982695,0,0.11962438,0.14363237,0.1366114,0.3705727,-0.034391433,-1.0223899,False,0.0
113717.5182695,20000000,0.13171065,0.15306312,0.116918445,0.3880436,-0.07717771,-0.99082017,False,0.0
113717.5382695,0,0.14914075,0.15942414,0.09176618,0.41657254,-0.0859785,-0.94869256,False,0.0
113717.5582695,20000000,0.15797722,0.17195687,0.08463615,0.45696124,-0.114126444,-0.8776753,False,0.0
113717.5782695,0,0.16919982,0.18407257,0.06846988,0.4905589,-0.16379347,-0.77851146,False,0.0
113717.5982695,0,0.19858521,0.17953198,0.02501887,0.48931205,-0.1440076,-0.70586646,False,0.0
113717.6182695,20000000,0.22792238,0.175079,-0.018476844,0.4880652,-0.124221705,-0.6332215,False,0.0
113717.6382695,0,0.2471942,0.16510075,-0.055019498,0.48147312,-0.09004104,-0.5692972,False,0.0
113717.6582695,0,0.24602604,0.1542354,-0.06656116,0.48606628,-0.09085054,-0.4881901,False,0.0
113717.6782695,0,0.23678309,0.14539371,-0.07250059,0.48459354,-0.1224283,-0.3901555,False,0.0
113717.6982695,20000000,0.22700325,0.13929668,-0.1008634,0.45322987,-0.22785702,-0.26303646,False,0.0
113717.7182695,0,0.16537589,0.14879686,-0.11401224,0.30656415,-0.2101666,-0.064922154,False,0.0
113717.7382695,20000000,0.10374603,0.15831758,-0.12720561,0.15989845,-0.19247618,0.13319215,False,0.0
113717.7582695,40000000,-0.0553865,0.1981328,0.023584068,0.08667932,-0.5532864,0.6080519,False,0.0
113717.7782695,0,-0.08535048,0.18347843,-0.0044546127,-0.025059357,-0.6697809,1.0379214,False,0.0
113717.7982695,0,-0.11113642,0.16314565,-0.025074959,-0.14275256,-0.6901393,1.4526694,False,0.0
113717.8182695,0,-0.135033,0.13362263,-0.034902513,-0.26116386,-0.7091662,1.8262601,False,0.0
113717.8382695,0,-0.14784157,0.1034081,-0.062003493,-0.41480553,-0.6446481,2.1265893,False,0.0
113717.8582695,20000000,-0.18265158,0.08552909,-0.031293035,-0.5405277,-0.66463757,2.4160635,False,0.0
113717.8782695,0,-0.1980344,0.055752054,-0.015242398,-0.6370069,-0.6689771,2.6440454,False,0.0
113717.8982695,0,-0.21018253,0.030207857,0.013754904,-0.7014885,-0.6629453,2.824154,False,0.0
113717.9182695,20000000,-0.2159113,0.0056075305,0.056432784,-0.74285483,-0.6573772,2.9397612,False,0.0
113717.9382695,0,-0.20917854,-0.018405572,0.094798684,-0.75975996,-0.6534402,2.9893668,False,0.0
113717.9582695,0,-0.18025485,-0.043937393,0.10794836,-0.76738197,-0.6049575,2.9675908,False,0.0
113717.9782695,20000000,-0.14715672,-0.076249,0.11351293,-0.7528268,-0.52067757,2.8790362,False,0.0
113717.9982695,0,-0.11960548,-0.11633136,0.11215991,-0.7040413,-0.44045898,2.7326388,False,0.0
113718.0182695,0,-0.10002954,-0.1537295,0.10134512,-0.62338,-0.36259818,2.5519266,False,0.0
113718.0382695,0,-0.09523733,-0.1795983,0.10088736,-0.51323915,-0.31498617,2.3655322,False,0.0
113718.0582695,0,-0.084710345,-0.19320941,0.0992195,-0.3980819,-0.2746109,2.1747012,False,0.0
113718.0782695,20000000,-0.06455207,-0.19858989,0.09418738,-0.29560816,-0.2215294,1.9568608,False,0.0
113718.0982695,0,-0.04626918,-0.18272035,0.08519167,-0.2200113,-0.16418768,1.7498833,False,0.0
113718.1182695,0,-0.029367298,-0.17127267,0.060942113,-0.16807142,-0.11066821,1.5376834,False,0.0
113718.1582695,0,-0.0077584535,-0.13147452,-0.019969583,-0.11930289,-0.029745847,1.1286416,False,0.0
113718.1782695,0,-0.0021386743,-0.09356612,-0.060756385,-0.12895067,-0.0064849276,0.9649873,False,0.0
113718.1982695,0,0.0005197674,-0.05609525,-0.10313308,-0.11617877,-0.03523566,0.86473453,False,0.0
113718.2182695,20000000,0.017762333,-0.04428526,-0.15658802,-0.079855606,0.045835502,0.77543384,False,0.0
113718.2382695,0,-0.001542151,-0.02589804,-0.10711938,0.02562479,0.030248776,0.7357355,False,0.0
113718.2582695,20000000,-0.021460846,-0.00047599524,-0.07090187,0.1472793,-0.048807643,0.74746025,False,0.0
113718.2782695,0,-0.006597936,0.021061145,-0.084658384,0.22973987,-0.0930787,0.7556814,False,0.0
113718.2982695,20000000,0.0043364614,0.04159183,-0.14495796,0.27920994,-0.36782488,0.846912,False,0.0
113718.3182695,0,0.107393235,-0.016139925,-0.32333422,0.25498474,0.006288886,0.75307095,False,0.0
113718.3382695,20000000,0.101165965,-0.005992554,-0.13246793,0.32323065,0.082116276,0.6633305,False,0.0
113718.3582695,0,0.115091965,0.013671637,-0.05641663,0.37230635,0.116453156,0.579484,False,0.0
113718.3782695,0,0.17332678,0.020463519,-0.064900935,0.37012157,0.19823363,0.46837762,False,0.0
113718.3982695,20000000,0.24000716,0.0067187995,-0.08534944,0.32095513,0.42614684,0.27742583,False,0.0
113718.4182695,0,0.23471847,0.037954655,0.0067210793,0.26728168,0.5001084,0.13824354,False,0.0
113718.4382695,0,0.20649317,0.07526106,0.072942734,0.19636482,0.4555615,0.08608562,False,0.0
113718.4582695,20000000,0.17000943,0.08384849,0.12295121,0.14069846,0.34543833,0.08753209,False,0.0
113718.4782695,0,0.11960837,0.076199666,0.1951428,0.14857872,0.15049937,0.13032067,False,0.0
113718.4982695,0,0.08061078,0.06290781,0.23031956,0.17434081,-0.045472294,0.17344348,False,0.0
113718.5182695,20000000,0.058312,0.057479806,0.22137612,0.1633708,-0.19559635,0.20399763,False,0.0
113718.5382695,0,0.049739003,0.048774824,0.19694698,0.12292217,-0.28186318,0.21086544,False,0.0
113718.5582695,20000000,0.033665985,0.03942748,0.18275654,0.0805944,-0.33621982,0.214668,False,0.0
113718.5782695,0,0.017316967,0.030201185,0.17305338,0.042933196,-0.4016468,0.22229826,False,0.0
113718.5982695,0,0.012233555,0.020823501,0.14930141,0.0038371906,-0.45113373,0.22577569,False,0.0
113718.6182695,20000000,0.01591663,0.013223668,0.119514525,-0.036898606,-0.4716922,0.22165932,False,0.0
113718.6382695,0,0.023099884,-0.0008544307,0.090873,-0.054152504,-0.45221975,0.20544815,False,0.0
113718.6582695,0,0.02602233,-0.020323683,0.08691907,-0.020382937,-0.42825878,0.18377808,False,0.0
113718.6782695,20000000,0.03839931,-0.04387298,0.0708527,0.05062991,-0.377941,0.13151021,False,0.0
113718.6982695,0,0.0518298,-0.05487331,0.043770254,0.13222526,-0.3420597,0.07248868,False,0.0
113718.7182695,20000000,0.07868469,-0.07353265,-0.0098186135,0.21075353,-0.264807,-0.015061282,False,0.0
113718.7382695,0,0.099097505,-0.08456233,-0.05446714,0.27601206,-0.17073186,-0.1260816,False,0.0
113718.7582695,0,0.10468301,-0.077887684,-0.08861518,0.31697553,-0.11016837,-0.224249,False,0.0
113718.7782695,0,0.110508546,-0.077545606,-0.103218794,0.3580963,-0.006555401,-0.32920727,False,0.0
113718.7982695,20000000,0.09161371,-0.059824858,-0.05341804,0.4192097,0.04590132,-0.42832062,False,0.0
113718.8182695,0,0.0639471,-0.020325048,-0.017623067,0.44071493,0.0057130232,-0.50144535,False,0.0
113718.8382695,0,0.05825618,-0.0024727285,-0.13456148,0.4237269,-0.41395494,-0.43052042,False,0.0
113718.8582695,20000000,0.15631373,-0.100875854,-0.43497795,0.3593169,0.23464677,-0.6327771,False,0.0
113718.8782695,0,0.024870798,-0.04359145,-0.13895565,0.4350963,0.12683216,-0.6883491,False,0.0
113718.8982695,20000000,-0.046491206,0.0048069954,-0.13166898,0.40613532,0.25890628,-0.7336668,False,0.0
113718.9182695,0,-0.1599262,0.08827901,0.010802448,0.37605476,-0.009866416,-0.6402858,False,0.0
113718.9382695,0,-0.16237563,0.08866959,-0.09458846,0.25018746,-0.07250202,-0.6145458,False,0.0
113718.9582695,0,-0.14671642,0.06274893,-0.14803922,0.13516888,-0.12351567,-0.63149333,False,0.0
113718.9782695,20000000,-0.11633935,0.044754364,-0.1824233,0.011205323,-0.1265714,-0.7062177,False,0.0
113718.9982695,0,-0.10791908,0.051918767,-0.18535423,-0.1531857,0.016742185,-0.8284079,False,0.0
113719.0182695,0,-0.165216,0.08516154,-0.047681153,-0.2458262,-0.004465718,-0.90928125,False,0.0
113719.0382695,20000000,-0.19472331,0.120695814,0.029087842,-0.30001345,-0.029663995,-0.9342738,False,0.0
113719.0582695,0,-0.1917318,0.12758076,0.06285268,-0.2854365,0.041283995,-0.9173846,False,0.0
113719.0782695,0,-0.1907068,0.107180476,0.10931128,-0.15354873,0.110443324,-0.85016173,False,0.0
113719.0982695,20000000,-0.18793058,0.080966264,0.13426894,0.028468177,0.19031608,-0.7546961,False,0.0
113719.1182695,0,-0.17772903,0.05495385,0.15167886,0.21262686,0.25271392,-0.6611552,False,0.0
113719.1382695,0,-0.1657924,0.03251824,0.14656848,0.3347115,0.30243292,-0.59931177,False,0.0
113719.1582695,0,-0.16925126,0.022050207,0.1487757,0.3854752,0.32241133,-0.57088196,False,0.0
113719.1782695,0,-0.20002092,0.027400246,0.13760352,0.3598114,0.25646394,-0.54554546,False,0.0
113719.1982695,20000000,-0.21549745,0.03436088,0.09088451,0.2810449,0.20045099,-0.5377322,False,0.0
113719.2182695,0,-0.21979152,0.04175979,0.034641743,0.17173517,0.14342049,-0.54314536,False,0.0
113719.2382695,0,-0.21424171,0.03893373,-0.038214207,0.058431685,0.11764176,-0.55563533,False,0.0
113719.2582695,20000000,-0.19829595,0.02782831,-0.09946817,-0.03865625,0.16573833,-0.5956752,False,0.0
113719.2782695,0,-0.20390996,0.031524353,-0.10624176,-0.063516624,0.15678972,-0.5785559,False,0.0
113719.2982695,20000000,-0.1747521,0.014963294,-0.1419313,-0.033554792,0.22597879,-0.5563295,False,0.0
113719.3182695,0,-0.16462126,0.0056007663,-0.14585143,0.06879081,0.3334208,-0.4910987,False,0.0
113719.3382695,0,-0.17352769,0.0059119724,-0.1069718,0.23982018,0.30847034,-0.33810884,False,0.0
113719.3582695,20000000,-0.12716264,-0.022287572,-0.15841049,0.36972734,0.47810858,-0.24673545,False,0.0
113719.3782695,0,-0.106826425,-0.036964796,-0.12953883,0.5146019,0.5016125,-0.16319203,False,0.0
113719.3982695,20000000,-0.07750815,-0.048757084,-0.14028502,0.58534503,0.6423805,-0.14617485,False,0.0
113719.4182695,0,-0.07929611,-0.022769187,-0.06398398,0.6197022,0.5806007,-0.10432261,False,0.0
113719.4382695,0,0.03199318,-0.05580196,-0.20887977,0.47672263,0.8507195,-0.26544273,False,0.0
113719.4582695,0,-0.06043741,0.0031141415,0.0142501,0.50232625,0.8252443,-0.24348234,False,0.0
113719.4782695,0,-0.00429371,0.01437315,0.018422663,0.39335632,0.72391444,-0.35910606,False,0.0
113719.4982695,20000000,0.06654346,0.042628102,-0.13296384,0.13555503,1.0455709,-0.5405303,False,0.0
113719.5182695,0,0.006571412,0.09562819,-0.022232234,-0.082305,0.96850073,-0.65925765,False,0.0
113719.5382695,0,-0.0011064708,0.105019115,-0.012715399,-0.27155396,0.9103581,-0.7783764,False,0.0
113719.5582695,0,-0.024904042,0.08883623,0.021778762,-0.34651992,0.8807205,-0.85956395,False,0.0
113719.5782695,0,-0.103230745,0.09924398,0.12543476,-0.25478777,0.5669036,-0.8118628,False,0.0
113719.5982695,0,-0.114757776,0.08548766,0.13127601,-0.08639079,0.25630105,-0.7354402,False,0.0
113719.61816875,0,-0.08485053,0.042761263,0.07996675,0.11039292,0.09369676,-0.7221756,False,0.0
113719.63816875,0,-0.081644654,0.012734165,0.048450768,0.25995663,0.021843463,-0.7718029,False,0.0
113719.65816875,0,-0.08120805,-0.010664245,0.023087263,0.38287792,-0.030048236,-0.83360016,False,0.0
113719.67816875,0,-0.08342278,-0.014039975,0.00048434734,0.44278783,-0.057605527,-0.8991585,False,0.0
113719.69816875,20000000,-0.087685555,-0.0049851686,-0.011694968,0.44908884,-0.064155556,-0.95616066,False,0.0
113719.71816875,0,-0.08993259,0.0017404435,-0.009210527,0.43658048,-0.07557418,-1.0091183,False,0.0
113719.73816875,20000000,-0.083889425,0.009009553,-0.0074570775,0.41313058,-0.100108705,-1.046112,False,0.0
113719.75816875,0,-0.06259221,0.01095721,-0.022518575,0.38447574,-0.12211378,-1.0713398,False,0.0
113719.77816875,0,-0.051197737,0.02062648,-0.028642654,0.34070334,-0.10768383,-1.0879587,False,0.0
113719.79816875,0,-0.037381858,0.028576307,-0.026104748,0.2737189,-0.1150243,-1.110335,False,0.0
113719.81816875,0,-0.01609233,0.045379654,-0.028036594,0.17858875,-0.089883655,-1.136554,False,0.0
113719.83816875,20000000,-0.0027242005,0.06457452,-0.0033207536,0.06985279,-0.051399305,-1.1638068,False,0.0
113719.85816875,0,0.012621373,0.06650546,0.015751183,-0.04357381,-0.0001702793,-1.2159303,False,0.0
113719.87816875,20000000,0.01981002,0.048965044,0.0020183325,-0.13350886,-0.06943178,-1.2511789,False,0.0
113719.89816875,0,0.055271745,-0.014763828,-0.13888788,-0.2796947,0.23618227,-1.3899364,False,0.0
113719.91816875,20000000,-0.08773112,-0.015882187,0.036506474,-0.24025078,-0.021218717,-1.3191379,False,0.0
113719.93816875,0,-0.12908596,-0.009999424,0.020799696,-0.27017057,-0.25526422,-1.2247137,False,0.0
113719.95816875,0,-0.11759332,-0.011968657,-0.044123948,-0.3433569,-0.34996817,-1.1415614,False,0.0
113719.97816875,20000000,-0.11116567,-0.026636854,-0.08770299,-0.40894428,-0.3903566,-1.0891632,False,0.0
113719.99816875,0,-0.12233177,-0.034604415,-0.11710197,-0.4712122,-0.36740798,-1.0484372,False,0.0
113720.01816875,0,-0.1571967,-0.017631993,-0.09604061,-0.50882196,-0.39449853,-0.9765586,False,0.0
113720.03816875,20000000,-0.17059636,0.016450986,-0.08967239,-0.574824,-0.35864422,-0.8984324,False,0.0
113720.05816875,0,-0.17772135,0.044678286,-0.06560445,-0.6324239,-0.2923097,-0.7980479,False,0.0
113720.07816875,20000000,-0.1760605,0.04327835,-0.0397532,-0.6443409,-0.19458799,-0.7090911,False,0.0
113720.09816875,0,-0.1720662,0.028623387,-0.02698481,-0.6211091,-0.06883527,-0.6354527,False,0.0
113720.11816875,0,-0.17572932,0.0076305866,-0.007353425,-0.57074887,0.018578589,-0.57068884,False,0.0
113720.13816875,20000000,-0.17447802,-0.012438893,0.004668057,-0.5282687,0.06692427,-0.53151786,False,0.0
113720.15816875,0,-0.1731269,-0.019489557,0.008806348,-0.5320394,0.100656696,-0.516755,False,0.0
113720.17816875,0,-0.17925902,-0.019117266,0.025666714,-0.56309325,0.084814675,-0.515655,False,0.0
113720.19816875,20000000,-0.18924917,-0.01197502,0.04786557,-0.58011633,0.043411955,-0.49248514,False,0.0
113720.21816875,0,-0.18127543,-0.009237647,0.058172286,-0.5639623,0.019314224,-0.47854137,False,0.0
113720.23816875,0,-0.17429323,0.013797015,0.042353213,-0.5434145,-0.020730333,-0.4416368,False,0.0
113720.25816875,20000000,-0.15926252,0.03522277,0.0017161965,-0.5180535,-0.025746878,-0.4004974,False,0.0
113720.27816875,0,-0.13772944,0.041380346,-0.014289558,-0.42732263,-0.03770613,-0.34591183,False,0.0
113720.29816875,20000000,-0.10769518,0.029370785,-0.033425093,-0.27622753,-0.00317806,-0.2936748,False,0.0
113720.31816875,0,-0.09210633,0.032708555,-0.028294325,-0.054259762,-0.30958867,-0.20354745,False,0.0
113720.33816875,20000000,0.058180958,0.026822269,-0.34057814,-0.16447493,0.17924705,-0.2921513,False,0.0
113720.35816875,0,0.012578577,0.020710856,-0.14128518,-0.060049854,0.07361659,-0.27631718,False,0.0
113720.37816875,0,0.03585893,0.023254722,-0.074099004,-0.003933795,0.03454278,-0.30292782,False,0.0
113720.39816875,0,0.07608971,0.014001578,-0.020593524,0.03647105,0.15642703,-0.41741568,False,0.0
113720.41816875,0,0.08233404,0.006047547,0.09589243,0.14824711,0.054215744,-0.5196309,False,0.0
113720.43816875,20000000,0.13844976,0.0066010356,0.053218126,0.15863778,0.08102371,-0.6537769,False,0.0
113720.45816875,0,0.17508951,0.021899581,0.052493393,0.11152865,0.10004911,-0.76134044,False,0.0
113720.47816875,0,0.193753,0.05354479,0.10400647,0.040310413,0.041738153,-0.82572806,False,0.0
113720.49816875,0,0.20175862,0.08709055,0.1541292,-0.037729964,-0.049194112,-0.8253027,False,0.0
113720.51816875,0,0.20011345,0.10575691,0.19374073,-0.08178316,-0.14734423,-0.7698441,False,0.0
113720.53816875,20000000,0.18425748,0.11621988,0.22905302,-0.066437945,-0.2916661,-0.6619629,False,0.0
113720.55816875,0,0.15662906,0.15142527,0.23989761,-0.047924805,-0.4736511,-0.44791728,False,0.0
113720.57816875,20000000,0.14115608,0.16783997,0.24093151,-0.024365453,-0.6559677,-0.17997691,False,0.0
113720.59816875,0,0.13772431,0.17279607,0.23252356,-0.0023499224,-0.81433195,0.076037526,False,0.0
113720.61816875,0,0.15270011,0.16880071,0.21140748,0.0020496366,-0.8824831,0.29259202,False,0.0
113720.63816875,0,0.15291212,0.1649465,0.20689291,0.014264867,-0.965037,0.5016204,False,0.0
113720.65816875,0,0.15711081,0.15569234,0.18126005,0.026150461,-0.98863935,0.68092275,False,0.0
113720.67816875,20000000,0.1493488,0.14467186,0.18391639,0.05358988,-1.0667129,0.8357209,False,0.0
113720.69816875,0,0.1551505,0.134603,0.1499753,0.05564348,-1.1279607,0.9514358,False,0.0
113720.71816875,0,0.1591591,0.12162429,0.09712732,0.0636599,-1.1478598,1.0062312,False,0.0
113720.73816875,20000000,0.16336203,0.10839102,0.04399818,0.071676314,-1.1677591,1.0610266,False,0.0
113720.75816875,0,0.15940861,0.10656816,-0.009493887,0.06107044,-1.1301813,1.0777638,False,0.0
113720.77816875,0,0.14424261,0.100468636,-0.03034538,0.07859503,-1.0858114,1.0447035,False,0.0
113720.79816875,20000000,0.13264048,0.085587084,-0.061481833,0.12082237,-0.9986539,0.9454449,False,0.0
113720.81816875,0,0.12671457,0.058036268,-0.1616131,0.17154779,-1.0430982,0.7812698,False,0.0
113720.83816875,20000000,0.114137106,0.019401044,-0.3875,0.13304318,-0.61807984,0.5776068,False,0.0
113720.85816875,0,-0.021834068,-0.019789904,-0.30104065,0.19264787,-0.31570363,0.46687007,False,0.0
113720.87816875,0,-0.13712844,-0.039006382,-0.02358824,0.43252432,-0.4930042,0.4193987,False,0.0
113720.89816875,20000000,-0.1011315,-0.03691563,-0.018891394,0.5317765,-0.31367025,0.31732967,False,0.0
113720.91816875,0,-0.0813072,-0.057855517,-0.06665081,0.51342684,-0.15489626,0.20022392,False,0.0
113720.93816875,0,-0.08770279,-0.08178185,-0.08729118,0.4268407,-0.014289796,0.10662238,False,0.0
113720.95816875,0,-0.12928548,-0.08427797,0.00040912628,0.3432501,-0.091044866,0.05232288,False,0.0
113720.97816875,0,-0.1518999,-0.060581386,0.034671843,0.17827788,-0.22632313,0.011890199,False,0.0
113720.99816875,0,-0.14722121,-0.034779757,0.03040129,-0.04144387,-0.3212533,-0.04532395,False,0.0
113721.01816875,0,-0.13096046,-0.021693617,0.034081757,-0.2553777,-0.3682956,-0.119768426,False,0.0
113721.03816875,20000000,-0.105367586,-0.016982883,0.031906486,-0.4327031,-0.32694694,-0.19878335,False,0.0
113721.05816875,0,-0.092293546,-0.021614641,0.052316666,-0.52253443,-0.28254026,-0.23442128,False,0.0
113721.07816875,0,-0.080528945,-0.038113117,0.05622542,-0.55752677,-0.19168761,-0.2500323,False,0.0
113721.09816875,20000000,-0.0970249,-0.05669412,0.10278785,-0.5176954,-0.1990957,-0.22505093,False,0.0
113721.11816875,0,-0.111221895,-0.071397275,0.11796886,-0.4818121,-0.26213983,-0.18080203,False,0.0
113721.13816875,0,-0.11397629,-0.09282124,0.10795945,-0.505584,-0.32668975,-0.17846759,False,0.0
113721.15816875,0,-0.1012115,-0.12342857,0.084970534,-0.60310733,-0.3384479,-0.2238618,False,0.0
113721.17816875,0,-0.087244034,-0.1614726,0.08034915,-0.72116095,-0.3302037,-0.306409,False,0.0
113721.19816875,20000000,-0.09209843,-0.17467736,0.109611094,-0.84225005,-0.39623272,-0.35213447,False,0.0
113721.21816875,0,-0.0925098,-0.16161078,0.10009098,-0.98075426,-0.53197575,-0.35558498,False,0.0
113721.23816875,20000000,-0.092878535,-0.14828783,0.0900709,-1.1192584,-0.66771877,-0.3590355,False,0.0
113721.25816875,40000000,-0.094992295,-0.12776622,0.06846303,-1.259266,-0.7865705,-0.3242959,False,0.0
113721.27816875,0,-0.076650426,-0.110158,0.028224647,-1.3418647,-0.82420236,-0.28231114,False,0.0
113721.29816875,0,-0.05572802,-0.09520045,-0.029238105,-1.3410143,-0.7812999,-0.23626643,False,0.0
113721.31816875,20000000,-0.05386603,-0.071520716,-0.08417338,-1.286801,-0.7220302,-0.16354804,False,0.0
113721.33816875,0,-0.05182018,-0.039468527,-0.12076998,-1.1927545,-0.67125344,-0.10676474,False,0.0
113721.35816875,0,-0.043709703,0.014089644,-0.15967023,-1.1163222,-0.5794673,-0.040363565,False,0.0
113721.37816875,20000000,-0.02456905,0.044197977,-0.17206568,-1.0163813,-0.4817361,-0.00575706,False,0.0
113721.39816875,0,-0.0038037896,0.06989938,-0.1671089,-0.9152157,-0.37786192,0.006524156,False,0.0
113721.41816875,0,0.0048059598,0.09936267,-0.13883954,-0.8380219,-0.302724,0.019481577,False,0.0
113721.43816875,20000000,0.0002488494,0.11914891,-0.0787254,-0.7790833,-0.26543802,0.03774182,False,0.0
113721.45816875,0,0.003017366,0.1394304,-0.021811545,-0.7621894,-0.22093439,0.054985262,False,0.0
113721.47816875,0,-0.0031541288,0.1573897,0.03637451,-0.7556385,-0.19560693,0.08184231,False,0.0
113721.49816875,0,-0.013226435,0.16075969,0.09461939,-0.7210016,-0.16752239,0.12630954,False,0.0
113721.51816875,0,-0.021052614,0.14615089,0.12820083,-0.65174377,-0.11217135,0.16935211,False,0.0
113721.53816875,20000000,-0.028939188,0.13166517,0.16164804,-0.58248585,-0.05682033,0.21239468,False,0.0
113721.55816875,40000000,-0.049078643,0.12627423,0.19559789,-0.52993953,-0.0133891925,0.21162772,False,0.0
113721.57816875,0,-0.08693248,0.14475572,0.22613811,-0.5295219,-0.04716413,0.22162929,False,0.0
113721.59816875,20000000,-0.11736256,0.15708673,0.23165768,-0.5286559,-0.12666541,0.23887976,False,0.0
113721.61816875,0,-0.12733407,0.1608063,0.19360954,-0.5296683,-0.15859619,0.2518954,False,0.0
113721.63816875,0,-0.12824373,0.15871638,0.15815037,-0.519591,-0.16061458,0.25170624,False,0.0
113721.65816875,20000000,-0.10541521,0.14327532,0.11508751,-0.5146235,-0.074189596,0.19003405,False,0.0
113721.67816875,0,-0.08418383,0.13006985,0.09298223,-0.49230313,0.036870733,0.099697426,False,0.0
113721.69816875,0,-0.06461857,0.11064857,0.08553839,-0.41745192,0.1550556,-0.014048368,False,0.0
113721.71816875,0,-0.04417959,0.10348666,0.0777297,-0.36192402,0.29964036,-0.12024614,False,0.0
113721.73816875,0,-0.036488205,0.116354585,0.08930653,-0.3518499,0.39221948,-0.21194956,False,0.0
113721.75816875,20000000,-0.033625767,0.12819648,0.104783416,-0.37513384,0.4474228,-0.27587938,False,0.0
113721.77816875,0,-0.032821655,0.13322288,0.116407335,-0.39029688,0.41701096,-0.30177185,False,0.0
113721.79816875,20000000,-0.016400352,0.11512017,0.09058964,-0.37230477,0.38632822,-0.31776428,False,0.0
113721.81816875,0,0.015277863,0.072849095,0.03859508,-0.3088466,0.400075,-0.33617035,False,0.0
113721.83816875,0,0.03410431,0.049204707,0.023776531,-0.24748626,0.43663844,-0.33944783,False,0.0
113721.85816875,20000000,0.0529823,0.025583744,0.008942246,-0.18612592,0.4732019,-0.34272534,False,0.0
113721.87816875,40000000,0.07191176,0.0019865632,-0.005907178,-0.124765575,0.5097654,-0.34600282,False,0.0
113721.89816875,60000000,0.053739205,0.0013970137,0.0111426115,-0.09201838,0.48752156,-0.3208353,False,0.0
113721.91816875,0,0.050278053,0.0055969954,0.022853553,-0.042221263,0.46881345,-0.28591642,False,0.0
113721.93816875,0,0.059389785,0.023596346,0.021324992,-0.018735718,0.4329443,-0.21763247,False,0.0
113721.95816875,20000000,0.09149025,-0.0016184449,0.02607441,0.039338224,0.52183425,-0.27776518,False,0.0
113721.97816875,0,0.025941312,0.0799551,0.09030861,0.03363381,0.3657636,-0.16412316,False,0.0
113721.99816875,0,-0.01800777,0.11614776,0.10023409,0.04567565,0.039797664,0.06293121,False,0.0
113722.01816875,20000000,0.05429195,0.08676058,0.00084120035,0.050259545,0.09898635,0.11974409,False,0.0
113722.03816875,0,0.05605091,0.0759393,0.0034154654,0.068882495,0.1369659,0.12125196,False,0.0
113722.058023167,0,0.028886676,0.08354005,0.00026602583,0.07017105,0.12634432,0.15415628,False,0.0
113722.078023167,20000000,0.022043139,0.051062047,-0.0066773295,0.098134875,0.11792818,0.2040093,False,0.0
113722.098023167,40000000,0.015197672,0.01861173,-0.013632476,0.12609869,0.10951203,0.25386232,False,0.0
113722.118023167,0,0.014120422,-0.0035796762,-0.01634258,0.13157228,0.11881778,0.26627958,False,0.0
113722.138023167,20000000,0.013043679,-0.025730312,-0.019067705,0.13704586,0.12812352,0.27869684,False,0.0
113722.158023167,0,0.004590787,-0.042565525,-0.013795733,0.11883159,0.11431095,0.27103236,False,0.0
113722.178023167,0,-0.010476038,-0.05578035,-0.0072460175,0.10478116,0.053793658,0.26773515,False,0.0
113722.198023167,0,-0.014912717,-0.065425694,-0.017919362,0.10284964,-0.012720961,0.27234817,False,0.0
113722.218023167,20000000,-0.009907693,-0.07019639,-0.04306048,0.09290363,-0.0336556,0.27336347,False,0.0
113722.238023167,0,-0.018780906,-0.06720579,-0.06157422,0.07550606,-0.062379934,0.3049513,False,0.0
113722.258023167,0,-0.005689457,-0.07574451,-0.076468766,0.053600088,-0.052595884,0.31760606,False,0.0
113722.278023167,0,0.02963781,-0.091056526,-0.08298385,0.02720111,0.031773753,0.2576263,False,0.0
113722.298023167,0,0.05135354,-0.09038615,-0.06687868,-0.013274698,0.1290344,0.15541813,False,0.0
113722.318023167,0,0.038143463,-0.0718348,-0.028502822,-0.041465633,0.14338729,0.07824503,False,0.0
113722.338023167,0,0.010278054,-0.054330826,-6.0796738e-06,-0.05263763,0.0896943,0.04148087,False,0.0
113722.358023167,20000000,-0.0110247955,-0.04181242,0.011131287,-0.04195664,0.020990588,0.03559367,False,0.0
113722.378023167,0,-0.020313367,-0.03578359,0.0062639117,-0.030869432,-0.010748524,0.023987357,False,0.0
113722.398023167,0,-0.031826846,-0.019967496,0.0056484938,-0.030458897,-0.04279639,0.03233614,False,0.0
113722.418023167,0,-0.030941155,-0.011774182,-0.0046514273,-0.0322947,-0.065682985,0.07221533,False,0.0
113722.438023167,20000000,-0.030056275,-0.0035805106,-0.0149511695,-0.034130502,-0.08856958,0.11209452,False,0.0
113722.458023167,40000000,-0.016886383,-0.006069541,-0.033088803,-0.023030087,-0.07993536,0.15800835,False,0.0
113722.478023167,0,0.0009925775,-0.012766361,-0.044616044,-0.016327249,-0.048553202,0.18930443,False,0.0
113722.498023167,20000000,0.00803476,-0.015456796,-0.0430485,-0.024220683,-0.0291302,0.21697208,False,0.0
113722.518023167,0,0.015954092,-0.025125206,-0.03925079,-0.040186267,-0.012207184,0.22321396,False,0.0
113722.538023167,0,0.009516461,-0.032623827,-0.029566884,-0.04830309,-0.027865406,0.23403285,False,0.0
113722.558023167,20000000,0.0070347395,-0.04505557,-0.024750471,-0.045876104,-0.058856353,0.23861705,False,0.0
113722.578023167,0,0.010624774,-0.05579549,-0.02597028,-0.03878527,-0.06880654,0.22642262,False,0.0
113722.598023167,20000000,0.0052734,-0.051223338,-0.012611151,-0.038992807,-0.09592436,0.20982702,False,0.0
113722.618023167,0,0.0019355603,-0.04144895,-0.006524563,-0.050544374,-0.11798983,0.19417907,False,0.0
113722.638023167,20000000,0.0012945645,-0.02708608,-0.0062595606,-0.05990088,-0.13442403,0.18546614,False,0.0
113722.658023167,0,0.008680935,-0.018427134,-0.014717102,-0.061346468,-0.12985627,0.1823259,False,0.0
113722.678023167,0,0.022864163,-0.017538846,-0.028598964,-0.053891644,-0.09787749,0.17830352,False,0.0
113722.698023167,20000000,0.029746547,-0.021240234,-0.029724836,-0.03304574,-0.066557676,0.17842014,False,0.0
113722.718023167,0,0.018066254,-0.015597403,-0.014375806,-0.025631195,-0.08615108,0.18064424,False,0.0
113722.738023167,20000000,0.0063866377,-0.009948254,0.00097578764,-0.018216651,-0.10574448,0.18286833,False,0.0
113722.758023167,40000000,-0.015361063,-0.0011205077,0.018439293,-0.019815184,-0.17309201,0.20328215,False,0.0
113722.778023167,0,-0.03221779,0.00473547,0.018176675,-0.017856538,-0.24146658,0.24719231,False,0.0
113722.798023167,0,-0.03441656,0.0055767894,0.008919597,-0.018962253,-0.27763677,0.2753388,False,0.0
113722.818023167,0,-0.03003101,0.011545241,-0.0039230585,-0.036840063,-0.2736022,0.28740335,False,0.0
113722.838023167,0,-0.024005417,0.0138652325,-0.012251437,-0.046078708,-0.24777132,0.30000734,False,0.0
113722.858023167,20000000,-0.01884235,0.0064430237,-0.018561006,-0.031729568,-0.2127401,0.32094806,False,0.0
113722.878023167,0,-0.005273362,-0.007840395,-0.029332459,-0.0046477225,-0.14507195,0.32400227,False,0.0
113722.898023167,20000000,0.00068664877,-0.020792305,-0.028906167,0.02615611,-0.08328588,0.32059795,False,0.0
113722.918023167,0,-0.0022791878,-0.02991718,-0.020378113,0.048279926,-0.060488064,0.31744796,False,0.0
113722.938023167,0,-9.0518966e-05,-0.038626015,-0.016702175,0.062315498,-0.061399598,0.30292958,False,0.0
113722.958023167,20000000,0.006850414,-0.048072338,-0.02137649,0.070556894,-0.06356855,0.28486663,False,0.0
113722.978023167,0,0.005540398,-0.053540826,-0.022392511,0.08460918,-0.07887027,0.2768377,False,0.0
113722.998023167,0,-0.0053526023,-0.05443263,-0.020510077,0.10384846,-0.119322315,0.2924619,False,0.0
113723.018023167,0,-0.00077647157,-0.05263728,-0.032159746,0.11677233,-0.14564575,0.30505127,False,0.0
113723.038023167,0,0.018098194,-0.050375164,-0.04973817,0.10596003,-0.103678405,0.2881018,False,0.0
113723.058023167,20000000,0.024300078,-0.046949565,-0.049981415,0.102785625,-0.048769638,0.2684666,False,0.0
113723.078023167,0,0.013338951,-0.0431211,-0.029199183,0.108197205,-0.03516759,0.26340452,False,0.0
113723.098023167,0,0.0032904968,-0.030912459,-0.011868417,0.10354157,-0.055737898,0.2582321,False,0.0
113723.118023167,0,0.014932711,-0.016643286,-0.01352495,0.06158686,-0.029269315,0.21444693,False,0.0
113723.138023167,0,0.021440186,0.0050752163,-0.006949246,0.008248005,0.008062243,0.16975832,False,0.0
113723.158023167,20000000,0.023905668,0.020345151,0.0013878942,-0.028414428,0.045219466,0.12904806,False,0.0
113723.178023167,0,0.02341621,0.03236544,0.013359606,-0.044832073,0.05956331,0.10491497,False,0.0
113723.198023167,20000000,0.02224806,0.037872136,0.02192539,-0.036029927,0.04641673,0.10322832,False,0.0
113723.218023167,0,0.029374372,0.039669096,0.024693191,-0.016493065,0.035402544,0.08986551,False,0.0
113723.238023167,0,0.026453737,0.049289465,0.030378759,-0.009732727,0.0017767623,0.09137026,False,0.0
113723.258023167,20000000,0.02572523,0.04909998,0.032068968,0.002461412,-0.037171803,0.093843855,False,0.0
113723.278023167,0,0.030089036,0.03937608,0.026283026,0.033855382,-0.044198148,0.088627376,False,0.0
113723.298023167,20000000,0.03445348,0.029654026,0.020497859,0.06524935,-0.051224492,0.0834109,False,0.0
113723.318023167,0,0.036932766,0.015264094,0.01678294,0.092413865,-0.077019006,0.077308565,False,0.0
113723.338023167,20000000,0.039415777,0.0008766651,0.013066769,0.11957838,-0.10281352,0.071206234,False,0.0
113723.358023167,40000000,0.041902564,-0.013508379,0.009349406,0.14674288,-0.12860803,0.0651039,False,0.0
113723.378023167,0,0.064704664,-0.03491068,-0.01114136,0.1485754,-0.117556155,0.04866153,False,0.0
113723.398023167,0,0.054265708,-0.037904322,-0.0043908954,0.12128161,-0.11581788,0.051672123,False,0.0
113723.418023167,20000000,0.04382964,-0.040895104,0.0023575425,0.09398782,-0.11407962,0.05468272,False,0.0
113723.438023167,40000000,0.013911024,-0.04052782,0.005639553,0.068270594,-0.16570944,0.07215226,False,0.0
113723.458023167,0,-0.029558808,-0.026908398,0.011485338,0.034394518,-0.25244933,0.10842614,False,0.0
113723.478023167,0,-0.057413183,-0.017358065,0.0072329044,-0.00721737,-0.32346302,0.12066762,False,0.0
113723.498023167,0,-0.053239025,-0.013474464,-0.017004073,-0.04055015,-0.3001892,0.09103681,False,0.0
113723.518023167,0,-0.042500257,-0.013944626,-0.03501886,-0.0546289,-0.22637472,0.029426869,False,0.0
113723.538023167,20000000,-0.03826765,-0.008710027,-0.04079306,-0.046176024,-0.13814598,-0.035936188,False,0.0
113723.558023167,0,-0.040568635,0.0023326278,-0.025250077,-0.02018018,-0.101000115,-0.08075103,False,0.0
113723.578023167,20000000,-0.029170234,0.010377884,-0.010668874,0.014445495,-0.08069529,-0.109887585,False,0.0
113723.598023167,0,-0.008006655,0.01667893,-0.0015403628,0.0395364,-0.049422927,-0.13212864,False,0.0
113723.618023167,0,0.009808492,0.009721994,0.00072842836,0.070666835,-0.03441673,-0.1349091,False,0.0
113723.638023167,20000000,0.027621737,0.0027768016,0.0029919744,0.10179727,-0.019410536,-0.13768955,False,0.0
113723.658023167,40000000,0.038436726,-0.0005478859,0.0009595752,0.12835225,-0.017335458,-0.104258254,False,0.0
113723.678023167,0,0.036902472,-0.009775162,0.00019234419,0.1597695,-0.038169123,-0.034245223,False,0.0
113723.698023167,20000000,0.029490944,-0.024563849,-0.0062555075,0.1726931,-0.05724659,0.047087908,False,0.0
113723.718023167,0,-0.0057826117,-0.036405563,0.00067687035,0.1782303,-0.14675996,0.15669918,False,0.0
113723.738023167,0,-0.037189722,-0.045544863,-0.006697595,0.14079218,-0.24008799,0.2428849,False,0.0
113723.758023167,0,-0.061150387,-0.043897092,-0.017083287,0.06304533,-0.31431627,0.29306415,False,0.0
113723.778023167,0,-0.07472963,-0.04307443,-0.038047194,-0.019416645,-0.3394862,0.31693137,False,0.0
113723.798023167,0,-0.085566446,-0.06462175,-0.05436772,-0.030969001,-0.33301347,0.34139863,False,0.0
113723.818023167,0,-0.08049984,-0.0958547,-0.06759399,0.035861716,-0.29094815,0.3445729,False,0.0
113723.838023167,20000000,-0.06465522,-0.10073435,-0.076037645,0.083562724,-0.21936265,0.31199208,False,0.0
113723.858023167,0,-0.04446969,-0.08677244,-0.06627834,0.07034691,-0.141094,0.25701386,False,0.0
113723.878023167,20000000,-0.024270438,-0.07280266,-0.056520402,0.05713109,-0.06282533,0.20203565,False,0.0
113723.898023167,40000000,-0.012616375,-0.06372625,-0.03740418,0.038761504,-0.021749396,0.17481333,False,0.0
113723.918023167,0,-0.0041945465,-0.05516094,-0.01661861,0.04512111,-0.022823095,0.18157278,False,0.0
113723.938023167,0,0.014629267,-0.05472833,-0.011835933,0.053262748,-0.02455725,0.1833335,False,0.0
113723.958023167,20000000,0.03346037,-0.054284155,-0.0070566535,0.06140439,-0.026291404,0.18509422,False,0.0
113723.978023167,40000000,0.052298862,-0.053828478,-0.0022807717,0.06954603,-0.02802556,0.18685494,False,0.0
113723.998023167,0,0.05696099,-0.050570965,0.002091825,0.06496122,-0.036011536,0.20751533,False,0.0
113724.018023167,20000000,0.05583427,-0.044527948,0.019798934,0.062713735,-0.07826565,0.23157069,False,0.0
113724.038023167,0,0.060561158,-0.0390442,0.023266971,0.053223684,-0.09695202,0.25591975,False,0.0
113724.058023167,0,0.059368465,-0.03936982,0.027728558,0.034818232,-0.116519995,0.27463713,False,0.0
113724.078023167,0,0.048970845,-0.038500607,0.03276652,0.013096172,-0.14304778,0.29011273,False,0.0
113724.098023167,20000000,0.03621489,-0.042768538,0.0434224,0.018023834,-0.19847968,0.3118457,False,0.0
113724.118023167,0,0.056856494,-0.045134246,0.016203761,-0.013661109,-0.15372327,0.26715574,False,0.0
113724.158023167,0,0.056727964,0.00031083822,0.023890436,-0.097251415,-0.17700705,0.22498208,False,0.0
113724.178023167,0,0.055041477,0.029718041,0.030428648,-0.12976652,-0.20155902,0.2035572,False,0.0
113724.198023167,20000000,0.059884112,0.064600706,0.019684374,-0.1846532,-0.18972127,0.15746091,False,0.0
113724.218023167,0,0.04721649,0.09857267,0.020848155,-0.23732768,-0.2134238,0.14785361,False,0.0
113724.238023167,20000000,0.034523208,0.13256234,0.021994948,-0.29000217,-0.23712632,0.13824633,False,0.0
113724.258023167,40000000,0.022657856,0.14590544,0.009677589,-0.29125267,-0.22441897,0.13460967,False,0.0
113724.278023167,0,0.0054949895,0.14567178,0.021745205,-0.23313455,-0.22128767,0.1586546,False,0.0
113724.298023167,20000000,-0.005654242,0.13740253,0.030037045,-0.15217957,-0.21541521,0.17847358,False,0.0
113724.318023167,0,-0.01569856,0.1323933,0.041881084,-0.07219375,-0.23304765,0.22498612,False,0.0
113724.338023167,0,-0.023248825,0.11857021,0.03362739,-0.0072211325,-0.2528519,0.27903643,False,0.0
113724.358023167,20000000,-0.044382837,0.103901744,0.040023208,0.046487868,-0.30407164,0.3562014,False,0.0
113724.378023167,0,-0.04242686,0.08966243,0.019949675,0.05032761,-0.2831947,0.39785722,False,0.0
113724.398023167,0,-0.05603608,0.064765155,0.016236305,0.058795627,-0.25272673,0.40878606,False,0.0
113724.418023167,0,-0.06825459,0.036631346,0.019770443,0.05309142,-0.27389997,0.3888359,False,0.0
113724.438023167,0,-0.047511194,0.022538424,-0.015484452,-0.0024821982,-0.20138256,0.32663685,False,0.0
113724.458023167,0,-0.027065083,0.011277199,-0.02212441,-0.07038871,-0.109857924,0.2400518,False,0.0
113724.478013583,0,-0.01106916,8.0218364e-05,-0.02058938,-0.12292914,-0.014484232,0.13013725,False,0.0
113724.498013583,0,-0.0047241077,-0.005009651,0.0032131672,-0.17393932,0.020999538,0.042246312,False,0.0
113724.518013583,0,0.008875042,-0.009570539,0.010197699,-0.24813902,0.046047322,-0.033124566,False,0.0
113724.538013583,20000000,0.02248405,-0.014109492,0.01716417,-0.32233873,0.07109511,-0.10849545,False,0.0
113724.558013583,0,0.032555155,-0.02193141,0.014974654,-0.3944517,0.088658325,-0.18355142,False,0.0
113724.578013583,20000000,0.040014245,-0.02177,0.010146141,-0.46707585,0.105999514,-0.24882263,False,0.0
113724.598013583,0,0.04490102,-0.020615697,0.0057650805,-0.523185,0.12813291,-0.3098139,False,0.0
113724.618013583,0,0.05185903,-0.017068505,-0.0015980005,-0.5598551,0.17972746,-0.38206017,False,0.0
113724.638013583,20000000,0.04770756,-0.017767608,-0.0007554889,-0.5692127,0.24360377,-0.47949454,False,0.0
113724.658013583,0,0.038739968,-0.01694107,0.007638812,-0.5453548,0.3015288,-0.60816216,False,0.0
113724.678013583,0,0.027901847,-0.006375432,0.018577456,-0.48095742,0.368986,-0.7363845,False,0.0
113724.698013583,0,0.02230125,-0.0027216673,0.026739001,-0.36372632,0.43838188,-0.87166595,False,0.0
113724.718013583,0,0.012103543,0.009597778,0.03741765,-0.20737588,0.4956132,-0.9743086,False,0.0
113724.738013583,20000000,0.0061398298,0.02276522,0.04414487,-0.061645135,0.5374642,-1.0379028,False,0.0
113724.758013583,0,0.005374033,0.029453933,0.049458265,0.046862386,0.5850513,-1.0773246,False,0.0
113724.778013583,20000000,0.006500348,0.034050286,0.049478173,0.10695152,0.661223,-1.1098231,False,0.0
113724.798013583,0,-0.0003064582,0.039030492,0.055363417,0.13960448,0.7469159,-1.1328025,False,0.0
113724.818013583,0,-0.0144672,0.045014024,0.063779116,0.14581183,0.8431805,-1.1521995,False,0.0
113724.838013583,0,-0.027350185,0.05147344,0.075617194,0.13239154,0.9397049,-1.1761254,False,0.0
113724.858013583,20000000,-0.03798147,0.049679875,0.07599628,0.09501295,1.0683154,-1.2258526,False,0.0
113724.878013583,0,-0.041119512,0.034341574,0.074474454,0.06544572,1.2318294,-1.3522292,False,0.0
113724.898013583,0,-0.05549815,0.040077865,0.08384389,0.03893514,1.3931173,-1.506041,False,0.0
113724.918013583,0,-0.06938735,0.05155909,0.088032186,0.025239598,1.5399072,-1.6575881,False,0.0
113724.938013583,0,-0.08572933,0.054427803,0.09594607,0.06620929,1.6191087,-1.727008,False,0.0
113724.958013583,0,-0.10226813,0.057564557,0.10410774,0.10717897,1.6983101,-1.7964278,False,0.0
113724.978013583,0,-0.105506256,0.05475837,0.09956658,0.17280824,1.7315117,-1.7940403,False,0.0
113724.998013583,20000000,-0.09922628,0.05096948,0.095734835,0.25276688,1.6979753,-1.7386669,False,0.0
113725.018013583,0,-0.076828055,0.048977494,0.06823015,0.32855076,1.6416113,-1.6538185,False,0.0
113725.038013583,20000000,-0.043915354,0.03589326,0.032195866,0.4128074,1.6138991,-1.5475695,False,0.0
113725.058013583,0,-0.016892038,-0.0018291473,0.0013823509,0.5214053,1.610996,-1.4381566,False,0.0
113725.078013583,0,-0.008542754,-0.049526513,-0.018830359,0.61784846,1.6474152,-1.3555495,False,0.0
113725.098013583,0,-0.039402828,-0.07780188,0.0006880164,0.687065,1.5512815,-1.2441925,False,0.0
113725.118013583,0,-0.05263625,-0.082666636,-0.02518332,0.6625327,1.3736049,-1.1267046,False,0.0
113725.138013583,20000000,-0.06645678,-0.0874176,-0.051285625,0.6380003,1.1959283,-1.0092165,False,0.0
113725.158013583,40000000,-0.059272036,-0.0868966,-0.105380595,0.51821476,1.0292561,-0.94833916,False,0.0
113725.178013583,0,-0.04331298,-0.07599795,-0.18348217,0.34223357,0.96858865,-0.9337445,False,0.0
113725.198013583,20000000,-0.059355214,-0.056212425,-0.19383603,0.20696321,0.8910881,-0.85301965,False,0.0
113725.218013583,0,-0.06728946,-0.057979763,-0.17380154,0.16570532,0.83427525,-0.72925866,False,0.0
113725.238013583,0,-0.065222226,-0.07478368,-0.15189266,0.19247265,0.8274621,-0.5894126,False,0.0
113725.258013584,20000000,-0.054675855,-0.096200585,-0.12234503,0.26961884,0.8486386,-0.47917655,False,0.0
113725.278013584,0,-0.04362972,-0.10583711,-0.08954972,0.33576223,0.8691173,-0.41051358,False,0.0
113725.298013584,0,-0.030666031,-0.101599395,-0.05140519,0.36684716,0.8713799,-0.34733927,False,0.0
113725.318013584,20000000,-0.017801162,-0.09235662,-0.01461184,0.36644325,0.8279155,-0.28203672,False,0.0
113725.338013584,0,-0.00065617263,-0.0763067,-0.0018211603,0.348253,0.77141136,-0.20499933,False,0.0
113725.358013584,20000000,0.028568538,-0.07705504,-0.011430621,0.32443795,0.7673032,-0.17652789,False,0.0
113725.378013584,0,0.04723076,-0.07483083,-0.026668966,0.2744356,0.8070943,-0.16945899,False,0.0
113725.398013584,0,0.039863322,-0.07589203,-0.015211821,0.2561925,0.7652854,-0.13340606,False,0.0
113725.418013584,20000000,0.046725627,-0.08586794,-0.0140865445,0.25254515,0.69288677,-0.104957126,False,0.0
113725.438013584,0,0.07404305,-0.0937807,-0.03284836,0.23407814,0.691173,-0.13480484,False,0.0
113725.458013584,20000000,0.08441311,-0.091323555,-0.018190145,0.21823612,0.6889639,-0.18162568,False,0.0
113725.478013584,0,0.08804975,-0.08159524,-0.00568372,0.19052356,0.69915867,-0.25073344,False,0.0
113725.498013584,20000000,0.07839477,-0.06879598,0.015452743,0.1778273,0.6917658,-0.30722442,False,0.0
113725.518013584,0,0.062065277,-0.05009687,0.03974098,0.16718593,0.6566758,-0.34064513,False,0.0
113725.538013584,0,0.049929798,-0.03659028,0.07062179,0.17662492,0.5721914,-0.34357837,False,0.0
113725.558013584,0,0.05590608,-0.020132005,0.06739837,0.14396702,0.5059244,-0.369142,False,0.0
113725.578013584,0,0.069194004,0.007065892,0.04647416,0.06582659,0.4790122,-0.40736133,False,0.0
113725.598013584,20000000,0.06402924,0.037992716,0.04288733,-0.0056756064,0.41578278,-0.41214907,False,0.0
113725.618013584,0,0.05924487,0.06460953,0.02983731,-0.062063616,0.3496953,-0.38801453,False,0.0
113725.638013584,0,0.057267085,0.079696834,0.018520534,-0.09482579,0.27266306,-0.3596234,False,0.0
113725.658013584,20000000,0.05878453,0.08222759,-0.003432572,-0.103794865,0.23295432,-0.34053817,False,0.0
113725.678013584,0,0.051316552,0.083803296,-0.0074771643,-0.099636905,0.17434627,-0.29341874,False,0.0
113725.698013584,0,0.0529788,0.076117694,-0.012471855,-0.089624725,0.1390962,-0.25207752,False,0.0
113725.718013584,0,0.05870811,0.07630932,-0.012152672,-0.099250205,0.14062497,-0.21329558,False,0.0
113725.738013584,20000000,0.064452104,0.0765053,-0.011839628,-0.108875684,0.14215375,-0.17451362,False,0.0
113725.758013584,40000000,0.06926291,0.075083435,-0.006922424,-0.13114306,0.13908921,-0.13991831,False,0.0
113725.778013584,0,0.072309814,0.07013154,-0.0020151734,-0.14933658,0.13178474,-0.10145797,False,0.0
113725.798013584,0,0.07974745,0.06290209,-0.007377386,-0.15610927,0.15185654,-0.07320217,False,0.0
113725.818013584,0,0.080099106,0.055743337,-0.0028120875,-0.14606829,0.17322208,-0.046771724,False,0.0
113725.838013584,0,0.06819721,0.05549085,0.013229489,-0.12631139,0.17016831,-0.010222774,False,0.0
113725.858013584,0,0.0521779,0.04626125,0.03432262,-0.091058664,0.1125015,0.03569302,False,0.0
113725.878013584,0,0.047825083,0.031015158,0.039388716,-0.04375873,0.04695475,0.07628322,False,0.0
113725.898013584,20000000,0.05264484,0.014144421,0.028559089,-0.017975725,0.034929313,0.09472247,False,0.0
113725.918013584,0,0.042069368,0.0017624497,0.041879833,0.0030111931,0.0030485354,0.09661387,False,0.0
113725.938013584,20000000,0.02652219,-0.007054031,0.056108356,0.015467025,-0.052144956,0.09240912,False,0.0
113725.958013584,0,0.02126737,-0.015576005,0.05325842,0.036154598,-0.09770844,0.08221337,False,0.0
113725.978013584,20000000,0.023349449,-0.02177006,0.03745526,0.04673624,-0.088762075,0.04041981,False,0.0
113725.998013584,0,0.007477507,-0.014809728,0.03933531,0.05899712,-0.11917845,0.025842804,False,0.0
113726.018013584,20000000,0.0024770722,-0.005719304,0.026532471,0.059938304,-0.15657707,0.01475293,False,0.0
113726.038013584,0,-0.0010805055,0.010381401,0.008649468,0.03904272,-0.16381226,0.01461332,False,0.0
113726.058013584,20000000,-0.010529868,0.018532395,0.0024528503,0.03544855,-0.18479134,0.0480698,False,0.0
113726.078013584,0,-0.011724979,0.014792442,-0.013317347,0.035511162,-0.17422572,0.08222143,False,0.0
113726.098013584,20000000,-0.021201797,0.011961758,-0.008621931,0.04884798,-0.18262018,0.12927936,False,0.0
113726.118013584,0,-0.030942641,0.007650256,-0.0036391616,0.06002659,-0.19399752,0.17868385,False,0.0
113726.138013584,0,-0.03219446,-0.0037606955,-0.0059992075,0.06298391,-0.19131356,0.20009916,False,0.0
113726.158013584,0,-0.03387735,-0.012173474,-0.0048829913,0.060666155,-0.16956377,0.20799646,False,0.0
113726.178013584,0,-0.037600223,-0.025400579,-0.0024111867,0.058552586,-0.1515626,0.19708365,False,0.0
113726.198013584,0,-0.04267118,-0.028162539,-0.00033146143,0.042758286,-0.13665183,0.1819095,False,0.0
113726.218013584,0,-0.04777222,-0.02745694,-0.0027263165,0.016429868,-0.14046884,0.1545804,False,0.0
113726.238013584,20000000,-0.051044606,-0.016832411,-0.013461709,-0.022700652,-0.15880553,0.13662681,False,0.0
113726.258013584,0,-0.036691282,-0.008035719,-0.038115084,-0.06789848,-0.12508121,0.10312225,False,0.0
113726.278013584,0,-0.036113326,-0.0013183951,-0.038912058,-0.0805525,-0.09953332,0.082417354,False,0.0
113726.298013584,20000000,-0.036865655,0.002677381,-0.03373593,-0.066007935,-0.082510665,0.07908923,False,0.0
113726.318013584,0,-0.03302086,0.0015537143,-0.03029859,-0.029965755,-0.060790032,0.06792938,False,0.0
113726.338013584,0,-0.029764675,-0.0006918311,-0.0234645,0.0139310025,-0.03575805,0.059022076,False,0.0
113726.358013584,20000000,-0.026050325,-0.00037026405,-0.018873155,0.056152638,0.002903916,0.044841133,False,0.0
113726.378013584,0,-0.028150111,-0.006581843,-0.008934736,0.09109637,0.0045416076,0.04322535,False,0.0
113726.398013584,20000000,-0.023222413,-0.011258006,-0.014860034,0.10038005,0.02189915,0.04834742,False,0.0
113726.418013584,0,-0.017029207,-0.016890466,-0.010739863,0.10131098,0.033622354,0.049860623,False,0.0
113726.438013584,20000000,-0.010544624,-0.014136434,-0.019383848,0.07265791,0.06353378,0.047819424,False,0.0
113726.458013584,0,-0.015618052,-0.009819984,-0.008309901,0.03824826,0.06105833,0.05274376,False,0.0
113726.478013584,20000000,-0.019912586,-0.005502045,-0.004925072,0.01744107,0.041023575,0.064028665,False,0.0
113726.498013584,0,-0.0078311935,-0.010962844,-0.012355328,0.0114059625,0.055243537,0.053614616,False,0.0
113726.518013584,0,-0.001504384,-0.015795708,-0.011307418,0.014763291,0.0785232,0.037212986,False,0.0
113726.538013584,0,-0.0022212788,-0.019101381,-0.0070176125,0.02061588,0.088812195,0.017184058,False,0.0
113726.558013584,0,-0.0037337914,-0.017160058,0.001173079,0.032532435,0.081354946,0.0069025345,False,0.0
113726.578013584,20000000,0.00019431859,-0.01893133,0.0010796189,0.044849716,0.06911807,-0.004497433,False,0.0
113726.598013584,0,0.0025763586,-0.022373497,0.0052528977,0.06801896,0.051377125,-0.012892905,False,0.0
113726.618013584,0,0.0023475662,-0.02128458,0.0005635023,0.07560377,0.04250882,-0.012727464,False,0.0
113726.638013584,20000000,-0.00089176744,-0.0155056715,0.0024445653,0.07422671,0.019963764,0.0019080527,False,0.0
113726.658013584,0,-0.00046578795,-0.019806683,-0.00018775463,0.064129494,0.014430193,0.010888681,False,0.0
113726.678013584,0,-0.0019958392,-0.019014895,-9.137392e-05,0.048106913,0.0096249655,0.013456341,False,0.0
113726.698013584,20000000,-0.0068874657,-0.016685784,-0.0015718341,0.03034078,0.0025972822,0.017937897,False,0.0
113726.718013584,0,-0.009012729,-0.0163005,-0.0016040802,0.02306827,-0.011001479,0.02454455,False,0.0
113726.738013584,20000000,-0.011137515,-0.015914857,-0.0016365647,0.01579576,-0.024600238,0.031151202,False,0.0
113726.758013584,0,-0.011575848,-0.021963835,-0.006000638,0.0067704925,-0.021233391,0.020813335,False,0.0
113726.778013584,20000000,-0.012400314,-0.01858294,-0.0058937073,-0.0044634566,-0.024367757,0.0067740204,False,0.0
113726.798013584,0,-0.012666345,-0.01066643,-0.006979823,-0.014797247,-0.033806257,-0.0016634455,False,0.0
113726.818013584,0,-0.019947559,-0.00229007,-0.001788795,-0.022759624,-0.051390342,0.008489384,False,0.0
113726.838013584,20000000,-0.024471365,0.007225275,-0.006129563,-0.02309292,-0.06760711,0.038206607,False,0.0
113726.858013584,0,-0.017011084,0.012108743,-0.0176664,-0.022741105,-0.04818096,0.051794656,False,0.0
113726.878013584,20000000,-0.01628821,0.014893055,-0.022081614,-0.015963018,-0.029936656,0.07157187,False,0.0
113726.898013584,0,-0.014401555,0.016477048,-0.024011672,-0.0037954869,0.002517406,0.07622132,False,0.0
113726.917907417,0,-0.016089253,0.015579783,-0.015838409,0.02675826,-0.007567255,0.07303466,False,0.0
113726.937907417,0,-0.007357858,0.021485507,-0.024665713,0.04000774,0.011544287,0.038852513,False,0.0
113726.957907417,0,-0.002126865,0.030024052,-0.026371896,0.05633563,0.025215808,-0.00237488,False,0.0
113726.977907417,0,-0.0050918832,0.050905287,-0.021080077,0.06050367,0.027390715,-0.027456881,False,0.0
113726.997907417,0,-0.015195638,0.07558626,-0.0116811395,0.07424998,-0.0012245439,-0.008136431,False,0.0
113727.017907417,20000000,-0.025299888,0.1002686,-0.0022839308,0.0879963,-0.029839803,0.01118402,False,0.0
113727.037907417,0,-0.033989623,0.122590184,0.0033913255,0.114736855,-0.052070003,0.057248615,False,0.0
113727.057907417,0,-0.048251644,0.13868517,0.011951208,0.15511963,-0.08037486,0.13177165,False,0.0
113727.077907417,0,-0.06665356,0.14691746,0.017589808,0.2003444,-0.11634141,0.22816211,False,0.0
113727.097907417,20000000,-0.083255745,0.14207703,0.019571304,0.2403081,-0.16336331,0.33367267,False,0.0
113727.117907417,0,-0.0900083,0.12372911,0.0043028593,0.26335385,-0.18652155,0.41211045,False,0.0
113727.137907417,20000000,-0.098614156,0.10411465,-0.008803785,0.25786328,-0.20053951,0.47005582,False,0.0
113727.157907417,0,-0.112849936,0.09123224,-0.014211476,0.2322895,-0.21804692,0.52717364,False,0.0
113727.177907417,0,-0.12441907,0.07515222,-0.017761707,0.20360807,-0.22780825,0.58368,False,0.0
113727.197907417,20000000,-0.13338988,0.058655202,-0.019533873,0.18782991,-0.22860436,0.6440757,False,0.0
113727.217907417,0,-0.14797261,0.048131585,-0.017330527,0.17729597,-0.23344256,0.71482706,False,0.0
113727.237907417,0,-0.16671583,0.042102516,-0.010939181,0.16111925,-0.2523571,0.8010976,False,0.0
113727.257907417,20000000,-0.18563749,0.043875217,-0.001840353,0.13599592,-0.29150212,0.9049316,False,0.0
113727.277907417,0,-0.20197517,0.054318786,0.0060263276,0.11731968,-0.3452583,1.050708,False,0.0
113727.297907417,0,-0.21089509,0.06405115,0.012113154,0.11089105,-0.37881744,1.2517421,False,0.0
113727.317907417,20000000,-0.2196897,0.073943794,0.01824826,0.10446242,-0.41237658,1.4527763,False,0.0
113727.337907417,40000000,-0.23877609,0.08980793,0.03741747,0.09842137,-0.47573927,1.7178181,False,0.0
113727.357907417,0,-0.25932455,0.10731506,0.05841726,0.06552878,-0.5517323,2.0233004,False,0.0
113727.377907417,0,-0.29488355,0.1448949,0.10353994,0.017137844,-0.7329266,2.451189,False,0.0
113727.397907417,20000000,-0.31305283,0.17127717,0.12512833,-0.06075984,-0.9580915,2.970458,False,0.0
113727.417907417,0,-0.3095696,0.16308117,0.12052804,-0.15202035,-1.17015,3.5132446,False,0.0
113727.437907417,20000000,-0.301305,0.12508833,0.09753543,-0.24691471,-1.3450611,4.0313463,False,0.0
113727.457907417,0,-0.30057362,0.08249292,0.080760896,-0.3510127,-1.5232131,4.4820304,False,0.0
113727.477907417,0,-0.30416137,0.05734688,0.0584327,-0.47947145,-1.7042675,4.8729258,False,0.0
113727.497907417,20000000,-0.2928676,0.034288675,0.02612567,-0.63183725,-1.8445938,5.173513,False,0.0
113727.517907417,0,-0.25244194,0.0062984526,-0.013975978,-0.7837422,-1.8760973,5.3314133,False,0.0
113727.537907417,20000000,-0.21350607,-0.019987702,-0.030691147,-0.9005875,-1.8468952,5.341843,False,0.0
113727.557907417,0,-0.18063816,-0.030604482,-0.029593647,-0.95521075,-1.8352624,5.2748694,False,0.0
113727.577907417,0,-0.12947504,-0.05580023,-0.06391752,-0.91372824,-1.7515899,4.985755,False,0.0
113727.597907417,20000000,-0.07681039,-0.08019695,-0.0976702,-0.87224567,-1.6679173,4.696641,False,0.0
113727.617907417,40000000,-0.022554308,-0.10395655,-0.13089275,-0.83076316,-1.5842447,4.4075265,False,0.0
113727.637907417,60000000,0.016033858,-0.12763804,-0.14304352,-0.7573423,-1.5026022,4.0062456,False,0.0
113727.657907417,0,0.039746046,-0.13946354,-0.12878138,-0.66184115,-1.4031228,3.5796466,False,0.0
113727.677907417,0,0.048113167,-0.15428397,-0.07246202,-0.5219995,-1.3411411,3.1552823,False,0.0
113727.697907417,0,0.042617917,-0.16036898,-0.00857991,-0.3805781,-1.3257607,2.7678301,False,0.0
113727.717907417,20000000,0.03274697,-0.15013513,0.042722583,-0.26502323,-1.3345863,2.437178,False,0.0
113727.737907417,0,0.024928242,-0.13106191,0.07838529,-0.18353173,-1.3206491,2.2056656,False,0.0
113727.757907417,20000000,0.019585848,-0.12455693,0.107557535,-0.10132735,-1.3459,2.0141847,False,0.0
113727.777907417,0,0.011801571,-0.12413302,0.13326329,0.008706681,-1.4030755,1.8625149,False,0.0
113727.797907417,0,0.015283734,-0.13372955,0.12366414,0.071088105,-1.4577256,1.7004019,False,0.0
113727.817907417,20000000,0.026620224,-0.13442591,0.10143626,0.09952417,-1.4720278,1.5420196,False,0.0
113727.837907417,0,0.0332129,-0.1204842,0.08865416,0.09800573,-1.4923133,1.4184142,False,0.0
113727.857907417,0,0.047596604,-0.10273701,0.069256425,0.06309736,-1.4939809,1.3396785,False,0.0
113727.877907417,20000000,0.06407924,-0.082331106,0.047126114,0.020937048,-1.4776033,1.3135496,False,0.0
113727.897907417,0,0.06595263,-0.042428285,0.035779893,-0.06403888,-1.4539732,1.4271083,False,0.0
113727.917907417,20000000,0.068000644,-0.0031435192,0.02381438,-0.1490148,-1.4303429,1.540667,False,0.0
113727.937907417,40000000,0.060830235,0.032050937,0.024756312,-0.25388002,-1.4280405,1.7759591,False,0.0
113727.957907417,0,0.03775522,0.061501697,0.028751016,-0.35008377,-1.4652088,2.128422,False,0.0
113727.977907417,20000000,0.015749417,0.060712397,0.04129821,-0.3967657,-1.5529991,2.5759223,False,0.0
113727.997907417,0,0.012601599,0.031056136,0.029337823,-0.43141094,-1.566334,3.0195467,False,0.0
113728.017907417,0,0.017772391,-0.010017008,0.017559588,-0.47035784,-1.5319505,3.3616967,False,0.0
113728.037907417,0,0.020574402,-0.045864284,-0.0027343035,-0.5379757,-1.4686389,3.6015851,False,0.0
113728.057907417,0,0.034124993,-0.08988376,-0.037028313,-0.6188743,-1.3171136,3.7107174,False,0.0
113728.077907417,20000000,0.03416609,-0.13098018,-0.040242314,-0.66194767,-1.1528714,3.7094262,False,0.0
113728.097907417,0,0.025853444,-0.15949903,-0.037561595,-0.646593,-1.0362304,3.5957258,False,0.0
113728.117907417,0,-0.03978241,-0.13333355,-0.1269272,-0.6808297,-1.1891216,3.5030184,False,0.0
113728.137907417,0,0.03653847,-0.18730073,-0.22753644,-0.5887258,-0.8151263,3.184824,False,0.0
113728.157907417,20000000,0.02946667,-0.09281665,-0.098246336,-0.5694441,-0.519877,2.8018255,False,0.0
113728.177907417,0,-0.06353793,0.039908916,0.011872292,-0.58404964,-0.49771273,2.522849,False,0.0
113728.197907417,0,-0.07787768,0.11199978,-0.060109735,-0.6556533,-0.5493783,2.2992346,False,0.0
113728.217907417,20000000,-0.09285412,0.18436053,-0.13222283,-0.7272569,-0.6010438,2.0756202,False,0.0
113728.237907417,40000000,-0.051057,0.17682546,-0.20188546,-0.70378333,-0.4482448,1.8045061,False,0.0
113728.257907417,0,-0.07224527,0.17108256,-0.19273394,-0.5913418,-0.35383576,1.5893652,False,0.0
113728.277907417,0,-0.112635225,0.15759256,-0.13418078,-0.41206872,-0.33978832,1.4773058,False,0.0
113728.297907417,0,-0.10877591,0.11577147,-0.06834066,-0.2067925,-0.30071864,1.3832557,False,0.0
113728.317907417,0,-0.075326055,0.05897829,-0.021336436,-0.019739956,-0.16572452,1.2554162,False,0.0
113728.337907417,0,-0.050699603,0.005148977,0.037495673,0.11863908,-0.009574056,1.0682708,False,0.0
113728.357907417,0,-0.06686098,-0.010998756,0.11019373,0.16936801,0.058897704,0.9346026,False,0.0
113728.377907417,20000000,-0.08815776,-0.016881406,0.17327255,0.17869389,0.048365165,0.88538176,False,0.0
113728.397907417,0,-0.094036065,-0.030601263,0.18549752,0.1555885,-0.038500514,0.9015097,False,0.0
113728.417907417,0,-0.09983193,-0.04421583,0.19771385,0.1324831,-0.1253662,0.9176376,False,0.0
113728.437907417,0,-0.10419241,-0.06672421,0.18050003,0.11277692,-0.22358921,0.91752785,False,0.0
113728.457907417,20000000,-0.10625813,-0.08152291,0.13229233,0.07585038,-0.27586016,0.9077377,False,0.0
113728.477907417,0,-0.114309095,-0.07584226,0.091471374,0.012143508,-0.33324897,0.90008813,False,0.0
113728.497907417,0,-0.11360209,-0.05810204,0.062638044,-0.05779341,-0.3334731,0.8970588,False,0.0
113728.517907417,20000000,-0.11288495,-0.040365428,0.033804238,-0.12773031,-0.3336972,0.8940294,False,0.0
113728.537907417,40000000,-0.11908883,-0.017797321,-0.0022699237,-0.19509709,-0.33258286,0.9384809,False,0.0
113728.557907417,0,-0.09176247,-0.01685968,-0.04958552,-0.21513847,-0.23362058,0.98650116,False,0.0
113728.577907417,0,-0.070191026,-0.012718976,-0.06633943,-0.19203794,-0.092092395,1.0650387,False,0.0
113728.597907417,20000000,-0.05886116,0.004119903,-0.07119101,-0.14085054,0.0526468,1.193925,False,0.0
113728.617907417,0,-0.044894315,0.012660861,-0.06808066,-0.076606706,0.21180183,1.3524027,False,0.0
113728.637907417,0,-0.040434547,0.0061347187,-0.043804348,-0.004354872,0.31922257,1.5048733,False,0.0
113728.657907417,20000000,-0.05100786,-0.0074934065,-0.03301543,0.042956572,0.35632935,1.6404955,False,0.0
113728.677907417,0,-0.057433978,-0.03324434,-0.026867807,0.06978721,0.28844172,1.7236371,False,0.0
113728.697907417,20000000,-0.052986965,-0.060804307,-0.07872403,0.04821326,0.20672373,1.7492176,False,0.0
113728.717907417,0,-0.032287747,-0.0759048,-0.1357485,-0.023029834,0.20066464,1.6965773,False,0.0
113728.737907417,0,-0.04028718,-0.05197683,-0.13173103,-0.11781758,0.15001218,1.6569701,False,0.0
113728.757907417,20000000,-0.06722656,-0.014641285,-0.10182786,-0.19579668,0.014524698,1.6929814,False,0.0
113728.777907417,0,-0.0618636,0.009167463,-0.08968955,-0.23869042,-0.12440744,1.7731853,False,0.0
113728.797907417,0,-0.08028361,0.051299036,-0.17178619,-0.35925007,-0.4109845,1.9782534,False,0.0
113728.817907417,0,0.0070483387,0.02679947,-0.21784955,-0.40439108,-0.35530087,2.1194224,False,0.0
113728.837907417,20000000,0.05544448,-0.016051888,-0.10376227,-0.33876213,-0.1832252,2.2356412,False,0.0
113728.857907417,0,0.07944128,-0.05748263,0.07868707,-0.17358899,-0.22683226,2.2881815,False,0.0
113728.877907417,20000000,0.114242524,-0.065831095,0.09394127,-0.060697928,-0.27750543,2.3570426,False,0.0
113728.897907417,0,0.16347975,-0.09586328,-0.014115214,-0.07252052,-0.26069567,2.3691356,False,0.0
113728.917907417,0,0.22728732,-0.14855435,-0.014947355,-0.07625978,-0.16625291,2.3000336,False,0.0
113728.937907417,20000000,0.22884122,-0.14861828,0.05471295,-0.13999397,-0.20451437,2.2105043,False,0.0
113728.957907417,0,0.20620209,-0.11377276,0.08030558,-0.29654527,-0.28200772,2.157241,False,0.0
113728.977907417,0,0.1845622,-0.08515878,0.1224972,-0.47152,-0.39625382,2.134203,False,0.0
113728.997907417,20000000,0.15067178,-0.04746011,0.1725074,-0.68066853,-0.5331034,2.1803198,False,0.0
113729.017907417,0,0.116876096,-0.01951231,0.21434122,-0.85461557,-0.72877795,2.3074055,False,0.0
113729.037907417,0,0.11384192,-0.038125917,0.19953102,-0.96289974,-0.8293369,2.4259033,False,0.0
113729.057907417,0,0.1077382,-0.071636155,0.18667084,-0.9909971,-0.87909675,2.5261016,False,0.0
113729.077907417,0,0.09918961,-0.10269925,0.16649282,-0.99568903,-0.8847394,2.5903847,False,0.0
113729.097907417,20000000,0.08972269,-0.13929388,0.14385235,-0.9446795,-0.8891007,2.6120439,False,0.0
113729.117907417,0,0.08040145,-0.16478021,0.11003339,-0.8834349,-0.8654562,2.5966005,False,0.0
113729.137907417,20000000,0.070997,-0.19048601,0.07611233,-0.8221902,-0.84181184,2.5811572,False,0.0
113729.157907417,0,0.07869005,-0.2080076,0.03973168,-0.74212307,-0.79985005,2.5241358,False,0.0
113729.177907417,20000000,0.0960114,-0.2394368,0.00056779385,-0.6915438,-0.68159294,2.3988724,False,0.0
113729.197907417,0,0.12074828,-0.265065,-0.0014474392,-0.61321664,-0.62784636,2.2040231,False,0.0
113729.217907417,20000000,0.17455405,-0.27960038,-0.054538906,-0.5883064,-0.4713084,1.9257412,False,0.0
113729.237907417,0,0.20787641,-0.28065354,-0.1100809,-0.6315214,-0.3328954,1.6155357,False,0.0
113729.257907417,0,0.23677224,-0.28069308,-0.14379871,-0.68135357,-0.18116398,1.2822728,False,0.0
113729.277907417,20000000,0.21754968,-0.26330757,-0.14378202,-0.72869617,-0.092879884,0.9875761,False,0.0
113729.297907417,0,0.1571616,-0.2243127,-0.073176324,-0.70383584,-0.17611632,0.8228843,False,0.0
113729.317907417,0,0.08726469,-0.15360261,-0.041252017,-0.64126515,-0.5640613,0.79711545,False,0.0
113729.337770708,0,0.051793758,-0.03878635,-0.25171572,-0.75009745,-0.7235021,0.9169914,False,0.0
113729.357770708,20000000,0.033008605,0.038541585,-0.10958117,-0.7036539,-0.6649911,1.0121806,False,0.0
113729.377770708,0,0.029076725,0.09329063,-0.04199654,-0.59488213,-0.5303933,1.1354501,False,0.0
113729.397770708,0,0.03791976,0.11467758,-0.05212903,-0.5142645,-0.4941269,1.2202395,False,0.0
113729.417770708,20000000,0.04671514,0.13601074,-0.062300563,-0.43364692,-0.45786047,1.3050289,False,0.0
113729.437770708,0,0.06300536,0.13913009,-0.07981259,-0.43336552,-0.32085246,1.2902579,False,0.0
113729.457770708,0,0.053427517,0.132561,-0.04207349,-0.44545412,-0.22492367,1.2285855,False,0.0
113729.477770708,0,0.023925692,0.12065765,0.0101802945,-0.44509608,-0.19227418,1.1785,False,0.0
113729.497770708,20000000,-0.00435856,0.102508456,0.058332503,-0.40354383,-0.19399536,1.1374648,False,0.0
113729.517770708,0,-0.024836808,0.0777863,0.09665042,-0.3291736,-0.20837969,1.1106162,False,0.0
113729.537770708,0,-0.037909105,0.039922267,0.11184168,-0.23097122,-0.19952872,1.0889328,False,0.0
113729.557770708,20000000,-0.053371295,-1.0222197e-05,0.120625794,-0.11760562,-0.19294234,1.0798044,False,0.0
113729.577770708,0,-0.06932752,-0.03037697,0.114087105,-0.019187778,-0.17697102,1.0919818,False,0.0
113729.597770708,0,-0.08506501,-0.052462325,0.101590216,0.039093968,-0.16481404,1.1163771,False,0.0
113729.617770708,0,-0.09040399,-0.06976901,0.082948804,0.052062318,-0.14261036,1.1345204,False,0.0
113729.637770708,20000000,-0.08888468,-0.0924623,0.061323047,0.032025047,-0.11799263,1.1210996,False,0.0
113729.657770708,0,-0.08314346,-0.11409919,0.032996774,-0.01505772,-0.09307325,1.073034,False,0.0
113729.677770708,20000000,-0.069848984,-0.14063749,0.0045401454,-0.066320606,-0.040145107,0.9670999,False,0.0
113729.697770708,0,-0.06398173,-0.15238787,0.007807553,-0.06577321,0.003956534,0.82334065,False,0.0
113729.717770708,20000000,-0.058058232,-0.16406271,0.011078119,-0.065225825,0.048058182,0.6795814,False,0.0
113729.737770708,40000000,-0.058464497,-0.15799779,0.013058126,-0.042255852,0.047993716,0.5479126,False,0.0
113729.757770708,0,-0.055011958,-0.13919449,-0.019725561,-0.030610835,0.037219536,0.44644502,False,0.0
113729.777770708,20000000,-0.025920838,-0.14183834,-0.062594295,0.0032653566,0.058273107,0.31713635,False,0.0
113729.797770708,0,0.0060251057,-0.16256467,-0.13580924,0.034980312,0.18515216,0.120631814,False,0.0
113729.817770708,0,0.017108828,-0.17606494,-0.14429843,0.08570986,0.3208084,-0.14331332,False,0.0
113729.837770708,20000000,-0.0015485883,-0.15183112,-0.111318946,0.11738083,0.41417086,-0.40037,False,0.0
113729.857770708,0,-0.03302303,-0.09413014,-0.05073279,0.13689332,0.30962285,-0.5500101,False,0.0
113729.877770708,20000000,-0.01045683,-0.046705097,-0.08400518,0.08821562,0.12653263,-0.6383158,False,0.0
113729.897770708,0,0.0657402,-0.027297795,-0.22325623,-0.06678569,0.18699732,-0.72828174,False,0.0
113729.917770708,20000000,0.1255573,-0.049457714,-0.20395625,-0.16599557,0.37926418,-0.8834359,False,0.0
113729.937770708,0,0.11732179,-0.061192974,-0.052489758,-0.15659852,0.4040801,-0.99961823,False,0.0
113729.957770708,0,0.13238412,-0.06618151,0.030270219,-0.12369903,0.36071464,-1.064099,False,0.0
113729.977770708,20000000,0.1751158,-0.05976197,0.035527468,-0.14329873,0.40475148,-1.0618671,False,0.0
113729.997770708,0,0.21880528,-0.05219765,0.041150987,-0.26541495,0.4212231,-1.0567505,False,0.0
113730.017770708,20000000,0.26275876,-0.044649243,0.046710968,-0.38753116,0.43769473,-1.051634,False,0.0
113730.037770708,40000000,0.26697794,-0.024408758,0.050563395,-0.62018657,0.49069208,-1.0854187,False,0.0
113730.057770708,0,0.20927623,0.011429191,0.11923689,-0.89345527,0.43772212,-1.068408,False,0.0
113730.077770708,0,0.14049673,0.050161988,0.20124733,-1.10826,0.20738073,-0.88519967,False,0.0
113730.097770708,20000000,0.12397912,0.017962396,0.21824574,-1.1819187,0.020543829,-0.6892521,False,0.0
113730.117770709,0,0.12730002,-0.03761995,0.20035946,-1.1270955,-0.063810155,-0.5450638,False,0.0
113730.137770709,0,0.11622012,-0.055023223,0.1951369,-0.9711984,-0.14959595,-0.41662365,False,0.0
113730.157770709,0,0.099969596,-0.017547637,0.17206436,-0.80208796,-0.25314,-0.2388365,False,0.0
113730.177770709,0,0.10050675,0.017626703,0.14295131,-0.6264947,-0.3695527,-0.022023782,False,0.0
113730.197770709,20000000,0.11608729,0.031336516,0.10434836,-0.43769628,-0.42710552,0.17640087,False,0.0
113730.217770709,0,0.1141192,0.040755123,0.08818704,-0.26866913,-0.4645426,0.3578444,False,0.0
113730.237770709,20000000,0.089279145,0.055998683,0.11382866,-0.13654397,-0.57050836,0.5612549,False,0.0
113730.257770709,0,0.093533844,0.053658664,0.12106007,-0.04655771,-0.65876096,0.71218807,False,0.0
113730.277770709,0,0.10613939,0.05546722,0.10272926,-0.024575848,-0.7138331,0.8317917,False,0.0
113730.297770709,0,0.11594117,0.068256974,0.07025367,-0.078799024,-0.7306668,0.9643042,False,0.0
113730.317770709,20000000,0.12583542,0.08101192,0.037770927,-0.13302219,-0.74750054,1.0968168,False,0.0
113730.337770709,40000000,0.15534604,0.057917148,-0.04505527,-0.23373726,-0.65233755,1.1208595,False,0.0
113730.357770709,0,0.1538488,0.016461164,-0.043938518,-0.21858905,-0.58833635,1.1043477,False,0.0
113730.377770709,0,0.13198367,-0.03398943,-0.0070596933,-0.11849375,-0.5154404,1.046892,False,0.0
113730.397770709,20000000,0.081061244,-0.048300624,0.046257794,0.05131845,-0.6849682,1.0221672,False,0.0
113730.417770709,0,0.11521652,-0.11060849,-0.15709805,0.12073318,-0.9867842,0.4918931,False,0.0
113730.437770709,0,0.10576904,-0.05154696,-0.12207055,0.27566293,-0.2919923,0.2765632,False,0.0
113730.457770709,0,-0.018075109,-0.087560505,-0.016711473,1.1206921,0.28526098,0.09449968,False,0.0
113730.477770709,0,-0.046857253,0.07168028,0.03854382,0.48606992,-1.0218184,1.0876628,False,0.0
113730.497770709,20000000,-0.017921478,0.030382842,-0.04135102,0.5379146,-0.876468,1.8978994,False,0.0
113730.517770709,0,-0.05535415,0.023205966,-0.04198736,0.44245178,-0.91844594,2.0906696,False,0.0
113730.537770709,20000000,-0.03193544,0.024872899,-0.07759267,0.721136,-0.4335499,1.4803135,False,0.0
113730.557770709,0,-0.03906393,-0.018059283,-0.10690981,1.2075043,0.7206749,0.615195,False,0.0
113730.577770709,0,-0.09771927,0.04359266,-0.030368507,1.8099747,1.2214317,0.70358264,False,0.0
113730.597770709,0,-0.07391305,0.02356036,0.010278702,2.1466002,0.4701178,0.8547959,False,0.0
113730.617770709,20000000,-0.048797816,0.004211664,0.04832959,2.4832258,-0.28119606,1.0060091,False,0.0
113730.637770709,40000000,-0.022359043,-0.014614098,0.0837543,2.8198514,-1.03251,1.1572223,False,0.0
113730.657770709,60000000,0.032708585,-0.020327866,-0.0058481097,2.2024431,-0.4619347,1.1840887,False,0.0
113730.677770709,0,0.036814988,-0.027388437,0.015395045,1.0599881,-0.17014247,0.9686011,False,0.0
113730.697770709,0,0.033340096,-0.04221407,0.038191855,0.21556151,-0.023626775,0.79250014,False,0.0
113730.717770709,20000000,0.02093038,-0.054142445,0.054444253,-0.4278416,0.09814342,0.714184,False,0.0
113730.737770709,0,0.018293649,-0.0066221217,0.06682664,-0.8967652,0.15028203,0.97779095,False,0.0
113730.757770709,20000000,0.013633311,-0.029120054,0.08713102,-0.8769692,0.1863567,1.0996511,False,0.0
113730.777770709,0,0.01463148,-0.011991529,0.10371691,-0.8385984,0.11310472,1.1122477,False,0.0
113730.797770709,20000000,0.044898808,0.0054704547,0.08476728,-0.8925468,0.11296973,0.9387743,False,0.0
113730.817770709,0,0.07614091,-0.042972278,0.05877894,-1.4881904,-0.13668714,0.5995071,False,0.0
113730.837770709,20000000,0.035297602,-0.038331777,0.043748498,-2.6571565,0.6256867,-0.13243961,False,0.0
113730.857770709,0,-0.051003724,-0.016403228,0.07244575,-2.91268,-0.118540585,-0.16351302,False,0.0
113730.877770709,20000000,0.013586253,-0.09714401,0.07139403,-1.4373742,0.009562314,-0.20895799,False,0.0
113730.897770709,0,0.04865724,-0.057748348,0.039525032,-1.1742147,-0.049558576,0.24639891,False,0.0
113730.917770709,20000000,0.083693326,-0.018078014,0.0076244473,-0.91105515,-0.108679466,0.7017558,False,0.0
113730.937770709,40000000,0.11870316,0.021868333,-0.02430427,-0.6478956,-0.16780035,1.1571127,False,0.0
113730.957770709,0,0.14246437,-0.052669436,-0.16371071,-1.2245096,-0.28970176,-0.053539276,False,0.0
113730.977770709,20000000,0.16618893,-0.12717089,-0.30354482,-1.8011236,-0.4116032,-1.2641913,False,0.0
113730.997770709,40000000,0.022122264,0.13125524,-0.14768064,-1.325772,-0.49963918,0.6344676,False,0.0
113731.017770709,0,0.023067921,0.06682789,-0.02976811,-0.5914495,-1.0195868,1.2339337,False,0.0
113731.037770709,20000000,0.016878009,0.16018948,-0.07066083,-0.8171396,-0.71865296,1.8557446,False,0.0
113731.057770709,0,0.04445243,-4.4435263e-05,0.105944455,-0.69208086,-0.8513085,2.0871506,False,0.0
113731.077770709,20000000,0.117566526,-0.08004749,0.043918133,-0.58012146,-0.83678615,2.1239007,False,0.0
113731.097770709,0,0.1766142,-0.08876091,0.011273742,-0.6008807,-0.6885931,2.0900748,False,0.0
113731.117770709,0,0.19228053,-0.0673818,0.021505177,-0.7026636,-0.62705183,2.0419884,False,0.0
113731.137770709,20000000,0.20747903,-0.049431413,-0.020022213,-0.88117415,-0.5104407,1.9646264,False,0.0
113731.157770709,0,0.17568693,-0.032522768,0.024822354,-1.0468622,-0.42141885,1.9518154,False,0.0
113731.177770709,20000000,0.09311128,-0.025725186,0.13121861,-1.0882028,-0.5311189,2.060972,False,0.0
113731.197770709,0,0.08796269,-0.0625903,0.11799973,-1.0323008,-0.60224724,2.1490428,False,0.0
113731.217770709,20000000,0.08256549,-0.09940985,0.1046778,-0.97639894,-0.6733756,2.237114,False,0.0
113731.237770709,40000000,0.09202653,-0.12450436,0.07064432,-0.956688,-0.61212385,2.208961,False,0.0
113731.257770709,0,0.10362694,-0.14367819,0.03844261,-0.9550854,-0.49760205,2.1018136,False,0.0
113731.277770709,20000000,0.10105863,-0.14842096,0.01540488,-0.96000195,-0.41177595,1.9775695,False,0.0
113731.297770709,0,0.10812694,-0.16949943,-0.015130281,-0.95197576,-0.29604113,1.8153878,False,0.0
113731.317770709,0,0.11062312,-0.19926755,-0.027873933,-0.9300311,-0.19173981,1.6186936,False,0.0
113731.337770709,20000000,0.114619285,-0.26301748,0.00072431564,-0.7979255,-0.14762405,1.340121,False,0.0
113731.357770709,0,0.128328,-0.3099001,0.033493996,-0.57481825,-0.10841946,1.0012264,False,0.0
113731.377770709,20000000,0.12730268,-0.30400947,0.06857151,-0.3125979,-0.18253338,0.73864126,False,0.0
113731.397770709,0,0.12643576,-0.24684441,0.059212983,-0.16737573,-0.28890753,0.49685425,False,0.0
113731.417770709,0,0.15522051,-0.18119347,0.013881326,-0.13664612,-0.2315079,0.1959486,False,0.0
113731.437770709,20000000,0.18520162,-0.14922196,-0.040223897,-0.16914406,-0.09843318,-0.08781186,False,0.0
113731.457770709,0,0.16457391,-0.16119967,0.014719605,-0.054878637,-0.07178974,-0.30624676,False,0.0
113731.477770709,0,0.101225734,-0.15393221,0.06495726,0.12901676,-0.38636532,-0.38039806,False,0.0
113731.497770709,20000000,0.13025385,-0.10577452,-0.16678292,0.049228624,-0.54863185,-0.5157264,False,0.0
113731.517770709,0,0.14069393,-0.051646948,-0.22371548,-0.1382047,-0.11822355,-0.73678935,False,0.0
113731.537770709,20000000,0.15124169,0.0026018918,-0.28071088,-0.325638,0.3121848,-0.95785224,False,0.0
113731.557770709,0,-0.004422635,0.100045264,-0.07764417,-0.32770923,-0.24396038,-0.6886314,False,0.0
113731.577770709,0,0.045643628,0.061944902,-0.033369243,-0.114641875,0.13418475,-0.5869532,False,0.0
113731.597770709,0,-0.07079741,0.09170991,0.13027793,0.02389343,-0.21521929,-0.4348801,False,0.0
113731.617770709,20000000,-0.043717697,0.10152128,0.077396095,0.15185241,-0.07905324,-0.35554564,False,0.0
113731.637770709,0,-0.04629995,0.13888869,0.030061305,0.08053537,-0.04170718,-0.27801272,False,0.0
113731.657770709,0,0.04797879,0.12612012,-0.13054651,-0.060765177,0.08881859,-0.35461152,False,0.0
113731.677770709,0,-0.054557174,0.11785337,-0.05145502,-0.0045710467,0.14943631,-0.31285104,False,0.0
113731.697770709,20000000,-0.05564566,0.11903098,-0.022150993,0.022626856,0.26379406,-0.33654097,False,0.0
113731.717770709,0,-0.08490901,0.1151219,0.021786392,0.08726676,0.22761014,-0.20947845,False,0.0
113731.737770709,0,-0.07212812,0.08240372,0.05735576,0.22880441,0.17710823,-0.07235092,False,0.0
113731.757733792,0,-0.024080103,0.050148547,0.08053497,0.30034757,0.16620253,0.01963399,False,0.0
113731.777733792,0,-0.017854065,0.030252218,0.096060455,0.24616101,0.10349392,0.057464544,False,0.0
113731.797733792,20000000,-0.011628598,0.010356158,0.11158556,0.19197445,0.040785313,0.0952951,False,0.0
113731.817733792,40000000,-0.005403757,-0.009539604,0.12711036,0.13778788,-0.021923304,0.13312566,False,0.0
113731.837733792,0,-0.006752908,-0.024568409,0.12864381,0.08749142,-0.09417096,0.22165987,False,0.0
113731.857733792,0,-0.009773642,-0.044229,0.12857443,0.056834765,-0.18147822,0.29267254,False,0.0
113731.877733792,0,-0.009311795,-0.06046906,0.11044794,0.031057285,-0.24233755,0.31731883,False,0.0
113731.897733792,20000000,-0.009365052,-0.0558407,0.08033812,-0.03704688,-0.285044,0.30698854,False,0.0
113731.917733792,0,-0.008848935,-0.037102193,0.034490705,-0.15459147,-0.30700222,0.26800233,False,0.0
113731.937733792,0,-0.013884768,-0.01754877,0.0033606887,-0.24889395,-0.106776565,0.103792414,False,0.0
113731.957733792,20000000,-0.029625222,-0.005259812,0.00818038,-0.052404135,-0.27149004,0.31233913,False,0.0
113731.977733792,0,0.004001081,-0.0049620867,-0.071564496,-0.114779174,-0.19532067,0.24942753,False,0.0
113731.997733792,0,0.00068202615,-0.014964104,-0.064342916,-0.21294606,-0.17070355,0.13935052,False,0.0
113732.017733792,20000000,0.0024582595,-0.01349926,-0.0521847,-0.17907654,-0.12102854,0.118405744,False,0.0
113732.037733792,0,0.020576254,-0.031758904,-0.048075855,-0.07537421,-0.08027341,0.064490855,False,0.0
113732.057733792,20000000,0.040231362,-0.021839917,-0.05247104,0.07976081,-0.04371702,0.057660043,False,0.0
113732.077733792,0,0.04333158,-0.0045743287,-0.089538276,0.15352763,-0.09985705,0.054568164,False,0.0
113732.097733792,0,0.02210711,0.019445986,-0.01777339,0.19766736,-0.26761928,0.18550035,False,0.0
113732.117733792,20000000,0.00090420246,0.04346761,0.053967893,0.24180707,-0.43538153,0.31643254,False,0.0
113732.137733792,40000000,0.045251667,0.033774495,0.022022486,0.29179037,-0.40520957,0.47946525,False,0.0
113732.157733792,0,0.09108977,-0.015060633,0.034978807,0.1993452,-0.36231807,0.41701776,False,0.0
113732.177733792,0,0.14126419,-0.04260695,0.0029672384,0.09274007,-0.3052534,0.3768224,False,0.0
113732.197733792,20000000,0.18293308,-0.08629614,-0.021732986,0.026963077,-0.19384626,0.2304257,False,0.0
113732.217733792,0,0.18058993,-0.07635757,-0.00032919645,-0.06062352,-0.20985615,0.096882954,False,0.0
113732.237733792,20000000,0.17374805,-0.033845752,-0.021980762,-0.25736293,-0.21553081,0.016754217,False,0.0
113732.257733792,0,0.16452685,-0.0043305457,-0.022516131,-0.40147567,-0.18862522,0.007741756,False,0.0
113732.277733792,0,0.13156225,0.015034288,0.01811552,-0.45227754,-0.21143812,0.08691218,False,0.0
113732.297733792,20000000,0.102662206,0.014772117,0.04803914,-0.4565999,-0.22510515,0.18868187,False,0.0
113732.317733792,0,0.08370164,-0.0067796707,0.06320429,-0.41975725,-0.20269,0.22818187,False,0.0
113732.337733792,20000000,0.065824285,-0.020824432,0.07532638,-0.40550855,-0.19068323,0.2322044,False,0.0
113732.357733792,0,0.06521927,-0.049274474,0.0755645,-0.4048094,-0.14188774,0.16201869,False,0.0
113732.377733792,20000000,0.060069904,-0.081635445,0.071902096,-0.42432818,-0.081520826,0.02947092,False,0.0
113732.397733792,0,0.05596122,-0.101031184,0.06825054,-0.38278183,-0.044852924,-0.07070999,False,0.0
113732.417733792,20000000,0.05186887,-0.120390356,0.06452018,-0.3412355,-0.008185018,-0.1708909,False,0.0
113732.437733792,40000000,0.03238237,-0.10185,0.11235762,-0.21140744,-0.06941494,-0.13647178,False,0.0
113732.457733792,0,0.040033534,-0.07754558,0.10072923,0.0857781,-0.07622695,-0.060284875,False,0.0
113732.477733792,0,0.06980309,-0.059943676,0.041066587,-0.14368919,0.12231125,-0.3262016,False,0.0
113732.497733792,0,0.037946522,-0.0035923421,0.11078191,-0.020196438,-0.1526701,-0.095473886,False,0.0
113732.517733792,0,0.11241847,-0.031576395,-0.026569366,-0.15951723,0.05130215,-0.22571802,False,0.0
113732.537733792,20000000,0.076007456,-0.018240035,0.028213084,-0.12909088,-0.08039838,-0.14168078,False,0.0
113732.557733792,0,0.10236271,-0.049213648,-0.015522599,-0.11803383,-0.05525828,-0.15302782,False,0.0
113732.577733792,0,0.101643726,-0.07945612,0.0020028353,-0.025978789,-0.09289177,-0.14427811,False,0.0
113732.597733792,0,0.109659836,-0.09644827,-0.008605003,0.048960418,-0.12682134,-0.15010214,False,0.0
113732.617733792,0,0.122953236,-0.11070326,-0.06718743,0.0447219,-0.1679408,-0.19432184,False,0.0
113732.637733792,20000000,0.13624531,-0.12494901,-0.12577814,0.04048339,-0.20906025,-0.23854154,False,0.0
113732.657733792,40000000,0.13931613,-0.13784203,-0.16575992,-0.035794314,-0.10043919,-0.36564434,False,0.0
113732.677733792,0,0.08905412,-0.115885854,-0.07975012,-0.015569761,-0.23621741,-0.39550304,False,0.0
113732.697733792,0,0.072261214,-0.08309132,-0.045024097,-0.04901221,-0.20529738,-0.45893487,False,0.0
113732.717733792,20000000,0.05548592,-0.050247073,-0.010310531,-0.08245465,-0.17437737,-0.5223667,False,0.0
113732.737733792,40000000,0.037042513,-0.020562917,0.004031241,-0.12896407,-0.120288484,-0.58699584,False,0.0
113732.757733792,0,0.004368037,0.015175194,0.039061546,-0.1676575,-0.084639445,-0.6337628,False,0.0
113732.777733792,0,-0.02957578,0.051835984,0.074602306,-0.19268309,-0.056790162,-0.6375357,False,0.0
113732.797733792,0,-0.05019766,0.06292462,0.09948015,-0.18048957,-0.012882344,-0.62840503,False,0.0
113732.817733792,0,-0.059038088,0.056212366,0.11874211,-0.13279751,0.045580205,-0.6232406,False,0.0
113732.837733792,0,-0.06285784,0.05773285,0.13711637,-0.08735213,0.08638979,-0.6459432,False,0.0
113732.857733792,0,-0.08440459,0.0918569,0.14571261,-0.09771098,0.0825649,-0.6527158,False,0.0
113732.877733792,20000000,-0.11500138,0.1424078,0.14377582,-0.1587885,0.003680408,-0.60545456,False,0.0
113732.897733792,0,-0.13622507,0.18700933,0.125058,-0.25902188,-0.103552476,-0.5063976,False,0.0
113732.917733792,0,-0.13869226,0.20953432,0.09136683,-0.3508516,-0.20429987,-0.37450072,False,0.0
113732.937733792,0,-0.12781358,0.2086038,0.05057001,-0.42620906,-0.2581669,-0.2636371,False,0.0
113732.957733792,0,-0.120045975,0.19454265,0.031832457,-0.4601571,-0.2468096,-0.18654299,False,0.0
113732.977733792,20000000,-0.112260036,0.18060774,0.012865782,-0.49410513,-0.23545228,-0.109448895,False,0.0
113732.997733792,0,-0.11693217,0.1669184,0.024538994,-0.49632692,-0.22299427,-0.07126236,False,0.0
113733.017733792,20000000,-0.12161403,0.15331882,0.03604114,-0.49854872,-0.21053624,-0.03307582,False,0.0
113733.037733792,40000000,-0.12857263,0.15068889,0.050261617,-0.51444304,-0.22913095,-0.00091044605,False,0.0
113733.057733792,0,-0.122646675,0.15060902,0.04602629,-0.5467427,-0.22110313,0.020834604,False,0.0
113733.077733792,0,-0.11909152,0.14702177,0.048953652,-0.56613326,-0.221562,0.06687985,False,0.0
113733.097733792,0,-0.110765025,0.13544244,0.05053556,-0.5568585,-0.22890058,0.12081881,False,0.0
113733.117733792,0,-0.10370171,0.13086009,0.04835874,-0.5417384,-0.23431864,0.18724671,False,0.0
113733.137733792,0,-0.09815875,0.12223071,0.0436821,-0.51304936,-0.24407941,0.26451626,False,0.0
113733.157733792,0,-0.086976446,0.10162079,0.037246943,-0.46721658,-0.26049116,0.3188822,False,0.0
113733.177733792,0,-0.065102406,0.078495145,0.018743217,-0.44102392,-0.2273488,0.31044483,False,0.0
113733.197733792,20000000,-0.056801148,0.060699165,0.02007997,-0.41341597,-0.1982988,0.28121078,False,0.0
113733.217733792,0,-0.056237034,0.051971614,0.024360895,-0.38071513,-0.19179869,0.24658814,False,0.0
113733.237733792,0,-0.053185854,0.048496306,0.033120215,-0.33827925,-0.19046941,0.21761909,False,0.0
113733.257733792,0,-0.05935647,0.057218373,0.047183573,-0.2950073,-0.23634535,0.21856791,False,0.0
113733.277733792,20000000,-0.06075865,0.06483436,0.054957747,-0.2587395,-0.3144514,0.2604187,False,0.0
113733.297733792,0,-0.039825007,0.053129733,0.05743748,-0.22568661,-0.3749097,0.30865446,False,0.0
113733.317733792,20000000,-0.018935367,0.04142332,0.05987221,-0.19263373,-0.435368,0.3568902,False,0.0
113733.337733792,40000000,-0.018050164,0.043627918,0.07560146,-0.17453098,-0.5419627,0.43677795,False,0.0
113733.357733792,0,-0.018115468,0.04376644,0.07603401,-0.1902338,-0.649833,0.521027,False,0.0
113733.377733792,20000000,-0.021659471,0.04770869,0.07698321,-0.22372982,-0.7780022,0.6196825,False,0.0
113733.397733792,0,-0.033186767,0.05719328,0.077804804,-0.24940456,-0.93647856,0.7663727,False,0.0
113733.417733792,0,-0.038996294,0.055027902,0.05866593,-0.25053325,-1.0803101,0.92014354,False,0.0
113733.437733792,20000000,-0.027751554,0.026982725,0.014602423,-0.2521982,-1.1169732,0.98080754,False,0.0
113733.457733792,0,-0.023284294,0.0063020587,-0.0056509376,-0.24746224,-1.1005354,0.9861603,False,0.0
113733.477733792,0,-0.029882345,-0.008349299,-0.013215482,-0.24489896,-1.0847782,0.96431655,False,0.0
113733.497733792,20000000,-0.032511882,-0.0164119,-0.01760012,-0.22762766,-1.0799271,0.94005823,False,0.0
113733.517733792,0,-0.016698848,-0.03277397,-0.042726874,-0.2221096,-1.00633,0.86554027,False,0.0
113733.537733792,0,-0.016177775,-0.03538096,-0.03878373,-0.19886276,-0.92869675,0.79225355,False,0.0
113733.557733792,0,-0.024731103,-0.027867377,-0.02469486,-0.17284845,-0.8752453,0.74473155,False,0.0
113733.577733792,20000000,-0.0367814,-0.018245399,-0.009222865,-0.1488748,-0.8738182,0.7437648,False,0.0
113733.597733792,0,-0.034698598,-0.025211513,-0.014059007,-0.14292414,-0.8385029,0.7204556,False,0.0
113733.617733792,20000000,-0.032665092,-0.032206953,-0.018938303,-0.13697349,-0.8031875,0.69714636,False,0.0
113733.637733792,40000000,-0.03068214,-0.039230764,-0.023859978,-0.13102281,-0.7678721,0.6738372,False,0.0
113733.657733792,60000000,-0.045837488,-0.03178799,-0.021867514,-0.15382704,-0.73176706,0.63681257,False,0.0
113733.677733792,0,-0.061686046,-0.0218665,-0.018749833,-0.17526455,-0.71701044,0.6062481,False,0.0
113733.697733792,0,-0.062392917,-0.03469968,-0.038657486,-0.1838927,-0.6703522,0.5223733,False,0.0
113733.717733792,0,-0.058364626,-0.05042863,-0.05711764,-0.17161493,-0.58035886,0.38323075,False,0.0
113733.737733792,20000000,-0.06459554,-0.061139643,-0.06139791,-0.13904339,-0.47990102,0.21464024,False,0.0
113733.757733792,0,-0.07669974,-0.064768255,-0.05830419,-0.08268988,-0.39466304,0.054261237,False,0.0
113733.777733792,20000000,-0.08221636,-0.06403732,-0.05970311,-0.03177189,-0.30976924,-0.10958022,False,0.0
113733.797733792,0,-0.085153826,-0.057520628,-0.061159134,0.012568757,-0.22428825,-0.24933667,False,0.0
113733.817733792,0,-0.087977596,-0.05329919,-0.061894,0.07102024,-0.13359156,-0.35674417,False,0.0
113733.837733792,20000000,-0.087613836,-0.04724312,-0.055371344,0.13293885,-0.04789111,-0.43711814,False,0.0
113733.857733792,0,-0.084054336,-0.043171346,-0.052356422,0.1813092,0.022440366,-0.504295,False,0.0
113733.877733792,0,-0.06498643,-0.039144933,-0.07247728,0.17620067,0.16036043,-0.61133873,False,0.0
113733.897733792,20000000,-0.07364092,-0.027290404,-0.06674355,0.17121774,0.26451448,-0.6972101,False,0.0
113733.917733792,0,-0.07978107,-0.01820159,-0.068762004,0.17286377,0.34032685,-0.73299974,False,0.0
113733.937733792,20000000,-0.086005226,-0.009005547,-0.07075989,0.17450978,0.4161392,-0.7687894,False,0.0
113733.957733792,0,-0.07726195,-0.020676196,-0.093389034,0.196553,0.5643885,-0.8258681,False,0.0
113733.977733792,20000000,-0.091274805,-0.019423127,-0.072841644,0.23961487,0.67455155,-0.84582627,False,0.0
113733.997733792,0,-0.097606875,-0.016905427,-0.046769023,0.28164226,0.72941643,-0.84623873,False,0.0
113734.017733792,0,-0.079840265,-0.024842441,-0.06368178,0.26673806,0.84743094,-0.9114462,False,0.0
113734.037733792,20000000,-0.08177937,-0.031232417,-0.064798355,0.24895267,0.95820665,-0.99612474,False,0.0
113734.057733792,0,-0.09539205,-0.02425313,-0.059245527,0.23481847,1.0532827,-1.0403353,False,0.0
113734.077733792,0,-0.105723344,-0.010170341,-0.045654356,0.21183611,1.1168026,-1.0661625,False,0.0
113734.097733792,0,-0.115856335,0.02050829,-0.035936415,0.16818641,1.1800478,-1.0534991,False,0.0
113734.117733792,0,-0.12913845,0.049204588,-0.0067851543,0.14105959,1.181707,-0.9967035,False,0.0
113734.137733792,20000000,-0.13177006,0.07356906,0.006033182,0.11587011,1.1465926,-0.8952059,False,0.0
113734.157733792,0,-0.12403257,0.09446746,0.013303518,0.11241744,1.09622,-0.72877365,False,0.0
113734.177597208,0,-0.09250293,0.10071186,0.024138523,0.12891617,1.0642399,-0.58170754,False,0.0
113734.197597208,0,-0.087588094,0.11380386,0.041846633,0.10179241,0.96339375,-0.3729957,False,0.0
113734.217597208,20000000,-0.082712285,0.12683433,0.05934143,0.07466864,0.8625477,-0.16428386,False,0.0
113734.237597208,0,-0.06973804,0.11975914,0.06354821,0.06229276,0.7735797,0.030923009,False,0.0
113734.257597208,0,-0.052229285,0.09879339,0.059981525,0.050073385,0.71603537,0.16774361,False,0.0
113734.277597208,0,-0.04694756,0.085847914,0.059995174,0.03293334,0.6682894,0.26222438,False,0.0
113734.297597208,20000000,-0.042168703,0.06453973,0.05242926,0.020332918,0.634374,0.2809526,False,0.0
113734.317597208,0,-0.037943676,0.04037738,0.032713413,0.010306273,0.661438,0.20192063,False,0.0
113734.337597208,0,-0.054212324,0.03664899,0.04137695,0.050101124,0.64909977,0.14411381,False,0.0
113734.357597208,0,-0.045549378,0.022152245,0.03229654,0.105047,0.66930854,0.034271143,False,0.0
113734.377597208,0,-0.03487581,0.0122740865,0.022479713,0.16274452,0.7259356,-0.1296505,False,0.0
113734.397597208,20000000,-0.026052132,0.00096839666,0.012058973,0.21142916,0.8135902,-0.3550539,False,0.0
113734.417597208,0,-0.021048173,-0.021973908,0.0003299117,0.26619574,0.93044925,-0.6689942,False,0.0
113734.437597208,0,-0.019605398,-0.05802375,-0.010061324,0.34353632,1.0872626,-1.0963135,False,0.0
113734.457597208,0,-0.034780197,-0.08876091,-0.0073997974,0.45469067,1.2359886,-1.5898299,False,0.0
113734.477597208,0,-0.07779175,-0.08921915,-0.001722157,0.5848819,1.3635626,-2.1473,False,0.0
113734.497597208,20000000,-0.121267445,-0.089215815,0.004101515,0.7150731,1.4911366,-2.70477,False,0.0
113734.517597208,40000000,-0.16523454,-0.08877355,0.010051131,0.8452643,1.6187106,-3.26224,False,0.0
113734.537597208,60000000,-0.2110718,-0.06322926,0.0208143,0.94380605,1.6903108,-3.7072108,False,0.0
113734.557597208,0,-0.23838945,-0.027295709,0.024291337,0.99835044,1.7599663,-4.047741,False,0.0
113734.577597208,0,-0.26332334,0.023938894,0.027186632,1.0079265,1.8256745,-4.2548146,False,0.0
113734.597597208,0,-0.2887342,0.08840686,0.033917665,0.97158927,1.8818493,-4.300984,False,0.0
113734.617597208,0,-0.2909653,0.1345914,0.037795246,0.8887475,1.9075707,-4.1561503,False,0.0
113734.637597208,20000000,-0.2947919,0.18193078,0.04186219,0.8059058,1.9332923,-4.0113163,False,0.0
113734.657597208,40000000,-0.28995955,0.20752782,0.05077362,0.71502626,1.9658226,-3.8076208,False,0.0
113734.677597208,0,-0.29107302,0.2237609,0.06542921,0.6291868,1.9854349,-3.5565724,False,0.0
113734.697597208,0,-0.28953287,0.22991017,0.081385136,0.5493398,1.9849163,-3.2862618,False,0.0
113734.717597208,20000000,-0.28342512,0.23125705,0.0913195,0.47370481,1.9716599,-3.0101478,False,0.0
113734.737597208,0,-0.27324313,0.22191817,0.09416473,0.4008497,1.9566625,-2.7641418,False,0.0
113734.757597208,0,-0.26432657,0.2089009,0.089378595,0.32475418,1.9573952,-2.556808,False,0.0
113734.777597208,20000000,-0.26332676,0.19252923,0.09306383,0.26284632,1.9271932,-2.3773003,False,0.0
113734.797597208,0,-0.25169712,0.17698804,0.094962776,0.22370669,1.9236802,-2.2599742,False,0.0
113734.817597208,20000000,-0.2401762,0.16079563,0.09628767,0.18456706,1.9201671,-2.1426482,False,0.0
113734.837597208,40000000,-0.22973198,0.15121213,0.09784758,0.16764158,1.9043754,-2.0621498,False,0.0
113734.857597208,0,-0.21675375,0.14897186,0.09442878,0.16828065,1.8772464,-1.9925467,False,0.0
113734.877597208,20000000,-0.19346866,0.1446349,0.08195883,0.18641919,1.8266047,-1.9299995,False,0.0
113734.897597208,0,-0.15790315,0.13892305,0.05414933,0.20462067,1.7488029,-1.8830376,False,0.0
113734.917597208,0,-0.102247305,0.13844213,-0.0058066845,0.18335009,1.6668239,-1.8647408,False,0.0
113734.937597208,20000000,-0.039993733,0.1350689,-0.05705881,0.13764831,1.7000939,-1.8803912,False,0.0
113734.957597209,0,-0.0004570186,0.12712625,-0.0093996525,0.18301363,1.6879249,-1.866464,False,0.0
113734.977597209,0,0.052369744,0.09846577,0.045354664,0.312868,1.6851579,-1.87154,False,0.0
113734.997597209,20000000,0.11130379,0.061195612,0.07271761,0.47637632,1.7058119,-1.9158151,False,0.0
113735.017597209,0,0.14834322,0.023738086,0.078769684,0.627987,1.6932441,-2.0065355,False,0.0
113735.037597209,20000000,0.17065969,0.004599124,0.06889397,0.70909506,1.6476188,-2.1343484,False,0.0
113735.057597209,0,0.17193565,0.0035438538,0.08794123,0.7602491,1.547562,-2.2639961,False,0.0
113735.077597209,0,0.15579812,0.004561186,0.1318847,0.8349618,1.3935783,-2.3640606,False,0.0
113735.097597209,0,0.13299634,-0.0103931725,0.14588767,0.9815017,1.226823,-2.4776502,False,0.0
113735.117597209,20000000,0.10980135,-0.025263667,0.15977848,1.1280416,1.0600677,-2.59124,False,0.0
113735.137597209,40000000,0.09894881,-0.04071921,0.13155091,1.2896907,0.95601964,-2.73155,False,0.0
113735.157597209,0,0.08102195,-0.049244553,0.09344149,1.4354578,0.9124565,-2.9065487,False,0.0
113735.177597209,0,0.046377108,-0.02748996,0.07987481,1.5559263,0.8585818,-3.01557,False,0.0
113735.197597209,0,0.019881293,0.008693397,0.07447994,1.6308433,0.79708326,-3.0509815,False,0.0
113735.217597209,0,0.006715432,0.04916054,0.06795466,1.6415334,0.7540126,-2.9976637,False,0.0
113735.237597209,0,6.707013e-05,0.08834863,0.065433264,1.5894102,0.7120369,-2.8580909,False,0.0
113735.257597209,0,0.0033341348,0.12267497,0.06664175,1.4711574,0.6707433,-2.6620483,False,0.0
113735.277597209,0,0.009094477,0.1551263,0.07129288,1.2909582,0.611168,-2.4096394,False,0.0
113735.297597209,0,0.029907659,0.1698429,0.06833893,1.0652206,0.56991935,-2.1509552,False,0.0
113735.317597209,20000000,0.049087375,0.17293757,0.069214344,0.84637666,0.5322273,-1.8707521,False,0.0
113735.337597209,0,0.074190214,0.14771321,0.06258726,0.6700886,0.5160319,-1.6174859,False,0.0
113735.357597209,20000000,0.0969926,0.114082724,0.05353999,0.54743755,0.512711,-1.3799601,False,0.0
113735.377597209,0,0.11793344,0.06965411,0.050884426,0.49491483,0.5121897,-1.2013687,False,0.0
113735.397597209,0,0.1278615,0.045980886,0.04750216,0.4790432,0.49327892,-1.1218805,False,0.0
113735.417597209,20000000,0.13766432,0.022222355,0.04402685,0.4631715,0.47436818,-1.0423924,False,0.0
113735.437597209,40000000,0.14666748,0.0016492456,0.037775934,0.464044,0.4405328,-1.0481175,False,0.0
113735.457597209,0,0.14461863,-0.0063425303,0.03314215,0.48515195,0.37009472,-1.0886018,False,0.0
113735.477597209,20000000,0.14713913,-0.002960533,0.007884204,0.50431055,0.28055936,-1.1126274,False,0.0
113735.497597209,0,0.16146128,0.001651302,-0.026168704,0.52341413,0.22878951,-1.1161027,False,0.0
113735.517597209,0,0.15938379,0.013059333,-0.033708394,0.5372081,0.18696955,-1.0388768,False,0.0
113735.537597209,20000000,0.1571606,0.024505615,-0.04131621,0.551002,0.14514957,-0.96165085,False,0.0
113735.557597209,0,0.1537735,0.023297623,-0.05411023,0.5660017,0.07051627,-0.8480572,False,0.0
113735.577597209,20000000,0.16801818,0.0066382885,-0.12777746,0.55788285,-0.061755255,-0.73046076,False,0.0
113735.597597209,0,0.20798863,-0.028629199,-0.2844956,0.3931121,0.23923378,-0.78607553,False,0.0
113735.617597209,0,0.08923352,0.0011854619,-0.11891067,0.39986238,0.13641368,-0.66065896,False,0.0
113735.637597209,0,0.009724319,0.03637837,-0.07841933,0.3379676,0.1269027,-0.5439566,False,0.0
113735.657597209,20000000,-0.09311961,0.07410127,0.012269497,0.30975762,0.16013834,-0.37791157,False,0.0
113735.677597209,0,-0.18480794,0.10607688,0.10666299,0.35475895,-0.057848215,-0.056019813,False,0.0
113735.697597209,20000000,-0.1589067,0.101697445,0.011946619,0.2684719,0.028613955,0.1481835,False,0.0
113735.717597209,0,-0.17722103,0.1126802,0.0059102178,0.14696184,0.010791881,0.34784418,False,0.0
113735.737597209,20000000,-0.17715149,0.10969904,-0.031878293,-0.053373575,0.0458811,0.42402318,False,0.0
113735.757597209,0,-0.20539823,0.11019349,-0.014460504,-0.2185101,-0.021128058,0.5002396,False,0.0
113735.777597209,20000000,-0.2047225,0.090269014,-0.03181684,-0.3650807,-0.03422319,0.52465224,False,0.0
113735.797597209,0,-0.19314808,0.07481401,-0.012864351,-0.41665396,-0.021794003,0.56364274,False,0.0
113735.817597209,20000000,-0.1579759,0.056319,0.0054830313,-0.3969581,0.04431064,0.6080395,False,0.0
113735.837597209,0,-0.12545493,0.039885625,0.046754718,-0.31770626,0.093237974,0.6755888,False,0.0
113735.857597209,0,-0.0869659,0.015640527,0.0666374,-0.21924184,0.16321969,0.7525575,False,0.0
113735.877597209,20000000,-0.063952535,-0.009905696,0.082532585,-0.12922446,0.21790113,0.8308047,False,0.0
113735.897597209,0,-0.07104395,-0.01056309,0.10702455,-0.06722121,0.22800364,0.9757425,False,0.0
113735.917597209,20000000,-0.108367965,0.017800793,0.1467933,-0.02999245,0.11189938,1.2638338,False,0.0
113735.937597209,0,-0.11132489,0.017003804,0.14143395,-0.021978585,-0.012542039,1.5766373,False,0.0
113735.957597209,0,-0.07896684,-0.021418229,0.096481025,-0.059395656,-0.030253975,1.760513,False,0.0
113735.977597209,0,-0.06396127,-0.07527175,0.045974612,-0.122041464,0.010293251,1.7647303,False,0.0
113735.997597209,20000000,-0.07425456,-0.11208565,0.008093715,-0.16557206,0.103019506,1.6784638,False,0.0
113736.017597209,0,-0.099594176,-0.13511395,0.021948278,-0.15263815,0.1103375,1.5460263,False,0.0
113736.037597209,20000000,-0.10754488,-0.13713828,0.022780538,-0.107321635,0.07604578,1.4103415,False,0.0
113736.057597209,0,-0.101998806,-0.12954248,-0.027803004,-0.09772959,0.08397423,1.2535697,False,0.0
113736.077597209,20000000,-0.091311544,-0.11508144,-0.052707195,-0.07884186,0.050737984,1.0978248,False,0.0
113736.097597209,0,-0.057087734,-0.10749124,-0.12952805,-0.111698724,0.07804592,0.92716557,False,0.0
113736.117597209,0,-0.02514559,-0.123597205,-0.16551167,-0.11619767,0.19052356,0.7028481,False,0.0
113736.137597209,20000000,-0.025430828,-0.13244222,-0.13664442,-0.05932983,0.21776158,0.4726472,False,0.0
113736.157597209,0,0.0036634803,-0.1441214,-0.1350506,0.019183777,0.26741835,0.17930526,False,0.0
113736.177597209,20000000,0.030363977,-0.14140819,-0.12616539,0.10820469,0.29306868,-0.16700426,False,0.0
113736.197597209,0,0.032029897,-0.1181662,-0.17433894,0.14717044,0.15414134,-0.42748818,False,0.0
113736.217597209,0,0.08757475,-0.14618912,-0.22940487,0.18427612,0.3876385,-0.8195995,False,0.0
113736.237597209,0,0.059394598,-0.13309263,-0.06152612,0.34792745,0.34916642,-1.1273234,False,0.0
113736.257597209,20000000,0.0474855,-0.10552923,0.03796971,0.55184436,0.27297807,-1.3434569,False,0.0
113736.277597209,0,0.05499932,-0.074248224,0.14551789,0.77493197,0.20952472,-1.5109022,False,0.0
113736.297597209,0,0.095246434,-0.030365713,0.113007724,0.70297116,0.1935764,-1.5896173,False,0.0
113736.317597209,20000000,0.13529384,0.013621196,0.080411255,0.63101035,0.17762807,-1.6683323,False,0.0
113736.337597209,40000000,0.17513847,0.057704538,0.047726452,0.55904955,0.16167974,-1.7470473,False,0.0
113736.357597209,0,0.19728139,0.11633741,0.019902825,0.3042616,0.17481981,-1.75535,False,0.0
113736.377597209,20000000,0.19438684,0.15564057,0.027597249,0.03861472,0.27119392,-1.6971307,False,0.0
113736.397597209,0,0.14209655,0.15526979,0.13290572,-0.057897665,0.21110216,-1.5417547,False,0.0
113736.417597209,0,0.10101941,0.1306751,0.15753537,-0.018571667,0.06544097,-1.2978588,False,0.0
113736.437597209,20000000,0.060133606,0.106148824,0.18216413,0.020754326,-0.08022021,-1.0539631,False,0.0
113736.457597209,0,0.047330126,0.092475906,0.18704611,0.079906315,-0.21709804,-0.786614,False,0.0
113736.477597209,20000000,0.05938658,0.08138761,0.17551786,0.09812561,-0.30293462,-0.551382,False,0.0
113736.497597209,0,0.07777704,0.07361853,0.156452,0.07069546,-0.3137511,-0.37012792,False,0.0
113736.517597209,0,0.083293885,0.06816636,0.1521787,0.010148715,-0.31430042,-0.20694087,False,0.0
113736.537597209,0,0.08405548,0.062820226,0.13791978,-0.053306732,-0.31963623,-0.06646301,False,0.0
113736.557597209,20000000,0.08507857,0.05008897,0.1252976,-0.116264716,-0.30340913,0.051652603,False,0.0
113736.577460625,0,0.077947795,0.042948756,0.153217,-0.13440932,-0.34117883,0.15726936,False,0.0
113736.637460625,0,0.13410768,-0.006898895,-0.014945686,-0.15021917,-0.29855126,0.2225477,False,0.0
113736.657460625,0,0.14632481,-0.037647218,-0.06678754,-0.09580931,-0.23469651,0.21634237,False,0.0
113736.677460625,0,0.1383448,-0.06341888,-0.08132827,0.015320726,-0.19337389,0.20207603,False,0.0
113736.697460625,20000000,0.11771247,-0.06671123,-0.07922423,0.12478186,-0.17352955,0.18628015,False,0.0
113736.717460625,0,0.09773761,-0.052586883,-0.07145637,0.21015468,-0.22200859,0.17410944,False,0.0
113736.737460625,0,0.11440143,-0.04873632,-0.15833992,0.21367584,-0.30092442,0.1419015,False,0.0
113736.757460625,20000000,0.1539059,-0.081604436,-0.26453042,0.14008033,-0.013563603,-0.033580363,False,0.0
113736.777460625,0,0.07979038,-0.06501956,-0.15472037,0.15607667,-0.017833874,-0.12047129,False,0.0
113736.797460625,0,0.02398923,-0.026896581,-0.11681861,0.1442683,0.032615364,-0.17055233,False,0.0
113736.817460625,0,-0.037506983,0.006258741,-0.019465685,0.20612015,-0.048360117,-0.12921083,False,0.0
113736.837460625,0,-0.054091707,0.010517418,-0.043339133,0.2115275,-0.02146703,-0.13439639,False,0.0
113736.857460625,20000000,-0.08905262,0.026607156,-0.03743571,0.19762577,-0.04994086,-0.12089053,False,0.0
113736.877460625,0,-0.1189802,0.06090094,-0.033963144,0.11954623,-0.12369097,-0.101543136,False,0.0
113736.897460625,20000000,-0.112969026,0.07628147,-0.06249827,-0.046806015,-0.08367352,-0.12018573,False,0.0
113736.917460625,40000000,-0.10695371,0.09166798,-0.09104371,-0.21315825,-0.04365607,-0.13882834,False,0.0
113736.937460625,60000000,-0.10599506,0.083095446,-0.05772412,-0.30385086,0.058574002,-0.16743033,False,0.0
113736.957460625,0,-0.09691039,0.058029845,-0.008136034,-0.29210746,0.19290715,-0.1881246,False,0.0
113736.977460625,0,-0.08210433,0.02347438,0.04068184,-0.19059542,0.34011143,-0.19935025,False,0.0
113736.997460625,20000000,-0.071823485,-0.011457741,0.08860922,-0.03816925,0.4348758,-0.18877827,False,0.0
113737.017460625,0,-0.06465979,-0.03736733,0.12317097,0.10921717,0.46932697,-0.16074124,False,0.0
113737.037460625,0,-0.060408853,-0.05101955,0.15605497,0.22121501,0.43978184,-0.12413588,False,0.0
113737.057460625,0,-0.05815804,-0.048749134,0.1716004,0.27347338,0.36181885,-0.08316584,False,0.0
113737.077460625,0,-0.050540313,-0.042593747,0.15660453,0.25643298,0.29494262,-0.05542075,False,0.0
113737.097460625,20000000,-0.0512069,-0.03237076,0.13678241,0.2061463,0.23213026,-0.029178537,False,0.0
113737.117460625,0,-0.052862823,-0.022460774,0.108622074,0.14655241,0.2103811,-0.014192664,False,0.0
113737.137460625,0,-0.059194967,-0.014599025,0.09446162,0.11143537,0.20222035,-0.007499832,False,0.0
113737.157460625,0,-0.070578635,0.0054014325,0.07379526,0.079189524,0.17031877,0.004580897,False,0.0
113737.177460625,0,-0.05666949,0.009556025,0.027104616,0.03516305,0.1642154,0.047373742,False,0.0
113737.197460625,20000000,-0.042759016,0.013714701,-0.019593298,-0.008863427,0.15811205,0.0901666,False,0.0
113737.217460625,40000000,-0.028847203,0.017877445,-0.066298425,-0.052889906,0.15200868,0.13295946,False,0.0
113737.237460625,60000000,-0.0031236857,-0.0072363913,-0.0987854,-0.031821333,0.16236067,0.14926422,False,0.0
113737.257460625,0,0.029713675,-0.020871252,-0.14404005,-0.00032041594,0.08018334,0.16800901,False,0.0
113737.277460625,0,0.08952482,-0.035834685,-0.26861036,-0.08288963,0.15117452,0.12637597,False,0.0
113737.297460625,20000000,0.10825436,-0.037572347,-0.21775901,-0.1468521,0.17949313,0.064197764,False,0.0
113737.317460625,0,0.10538033,0.0013009906,-0.08940613,-0.20701204,0.091281205,0.04080692,False,0.0
113737.337460625,0,0.1268564,0.040820673,-0.0070011616,-0.31805953,0.14803247,0.0066575184,False,0.0
113737.357460625,0,0.12725504,0.05995977,0.15849477,-0.2427842,-0.047607124,0.10829726,False,0.0
113737.377460625,0,0.23076354,0.0049945265,0.076741695,-0.22510989,0.016753815,0.041948482,False,0.0
113737.397460625,0,0.2947145,-0.01265654,0.028154373,-0.24047516,0.13368152,-0.06614934,False,0.0
113737.417460625,0,0.30947644,0.015662685,0.025774896,-0.34340474,0.217942,-0.18027021,False,0.0
113737.437460625,20000000,0.28735572,0.053884402,0.062714994,-0.46951628,0.24070828,-0.24479109,False,0.0
113737.457460625,0,0.2473108,0.062315196,0.12845618,-0.52005243,0.16254997,-0.2693437,False,0.0
113737.477460625,20000000,0.2146722,0.050649866,0.16077977,-0.49824306,0.05999665,-0.27151436,False,0.0
113737.497460625,0,0.18714696,0.03991212,0.16056919,-0.42442906,-0.008657843,-0.2539317,False,0.0
113737.517460625,20000000,0.15967205,0.029186472,0.16025949,-0.35061505,-0.077312335,-0.23634902,False,0.0
113737.537460625,40000000,0.12825528,0.024367899,0.16701227,-0.27980834,-0.14501697,-0.1947723,False,0.0
113737.557460625,0,0.107860655,0.005283609,0.16293198,-0.21067058,-0.19201928,-0.16272956,False,0.0
113737.577460625,20000000,0.09891823,-0.021622911,0.14980525,-0.15242285,-0.20195931,-0.16385695,False,0.0
113737.597460625,0,0.09486917,-0.043805346,0.13700128,-0.095843695,-0.19693807,-0.18955298,False,0.0
113737.617460625,0,0.10001238,-0.068530306,0.10779053,-0.055668347,-0.14290336,-0.26561445,False,0.0
113737.637460625,20000000,0.096848294,-0.073024705,0.09618533,-0.036083423,-0.051918738,-0.37149334,False,0.0
113737.657460625,0,0.075199366,-0.05280274,0.12480253,0.007814325,-0.038970266,-0.43545085,False,0.0
113737.677460625,0,0.068348676,-0.026965305,0.118762136,0.050662663,-0.05380001,-0.48123822,False,0.0
113737.697460625,0,0.0754585,0.002765596,0.085110664,0.10676846,-0.054653544,-0.49770698,False,0.0
113737.717460625,0,0.086115345,0.0118970275,0.04300672,0.2213246,-0.024580752,-0.47111845,False,0.0
113737.737460625,20000000,0.09210105,-0.010685071,0.029169142,0.43304467,-0.02268977,-0.4064636,False,0.0
113737.757460625,0,0.105905995,-0.041603282,-0.008780241,0.6471809,-0.011392903,-0.36683074,False,0.0
113737.777460625,0,0.11559796,-0.056115344,-0.063094854,0.7934835,0.012488315,-0.3636111,False,0.0
113737.797460625,0,0.069457814,-0.03363505,-0.039733768,0.7708842,0.051132917,-0.41546422,False,0.0
113737.817460625,20000000,0.023203522,-0.011136755,-0.016566277,0.7482849,0.089777514,-0.46731737,False,0.0
113737.837460625,40000000,-0.045086354,0.039093927,0.025779784,0.6183785,0.013997443,-0.52810377,False,0.0
113737.857460625,0,-0.10914124,0.096645415,0.040981054,0.44380966,-0.1063426,-0.5337586,False,0.0
113737.877460625,20000000,-0.13355207,0.15230122,0.045288265,0.27689806,-0.21264519,-0.51181453,False,0.0
113737.897460625,0,-0.14224738,0.22645706,0.040776312,0.12638968,-0.24986485,-0.41934788,False,0.0
113737.917460625,20000000,-0.13933402,0.2875945,0.05532199,0.007827871,-0.25588644,-0.29889068,False,0.0
113737.937460625,0,-0.12954685,0.3207565,0.039949358,-0.081434004,-0.22397521,-0.19348401,False,0.0
113737.957460625,0,-0.12675296,0.3334893,0.007134378,-0.14299929,-0.1620084,-0.08882924,False,0.0
113737.977460625,0,-0.13195643,0.32289097,-0.01278156,-0.16751012,-0.09523633,0.0034138486,False,0.0
113737.997460625,20000000,-0.14682752,0.3004316,-0.02174288,-0.17109734,-0.07678225,0.08496592,False,0.0
113738.017460625,0,-0.15213315,0.27966455,-0.037793994,-0.17641447,-0.0648258,0.14673844,False,0.0
113738.037460625,0,-0.15827861,0.26479375,-0.05473858,-0.19033079,-0.07401395,0.17728932,False,0.0
113738.057460625,20000000,-0.1559219,0.2471397,-0.07896757,-0.20662054,-0.06403933,0.15914181,False,0.0
113738.077460625,0,-0.14345829,0.21393816,-0.09470624,-0.19558899,-0.013387773,0.058450073,False,0.0
113738.097460625,0,-0.14013338,0.20202474,-0.08954799,-0.14055003,0.014058154,-0.055931404,False,0.0
113738.117460625,20000000,-0.13680422,0.1901136,-0.08439982,-0.08551109,0.041504078,-0.17031288,False,0.0
113738.137460625,40000000,-0.13277411,0.18696855,-0.074263215,-0.02398308,0.07419587,-0.2631274,False,0.0
113738.157460625,0,-0.1319241,0.19487065,-0.05331987,0.044964407,0.06512757,-0.32213396,False,0.0
113738.177460625,20000000,-0.12634867,0.21367233,-0.051111996,0.08657845,0.060285583,-0.34500083,False,0.0
113738.197460625,0,-0.1218131,0.2201081,-0.051743567,0.113785505,0.087557614,-0.3654427,False,0.0
113738.217460625,0,-0.12735358,0.21837525,-0.037885845,0.16116714,0.0951178,-0.38447136,False,0.0
113738.237460625,0,-0.13742968,0.22475134,-0.026054025,0.21512341,0.07611647,-0.39862162,False,0.0
113738.257460625,0,-0.1268735,0.22418408,-0.023303032,0.27578872,0.07691851,-0.40888304,False,0.0
113738.277460625,20000000,-0.09985319,0.2124789,-0.023725629,0.3381116,0.11632307,-0.4848528,False,0.0
113738.297460625,0,-0.087411255,0.20772752,-0.031466722,0.38619867,0.1934784,-0.5962218,False,0.0
113738.317460625,0,-0.0882923,0.2044437,-0.016091824,0.46984804,0.23095852,-0.72158355,False,0.0
113738.337460625,20000000,-0.079426564,0.17716005,-0.011683524,0.58884263,0.28726315,-0.9179005,False,0.0
113738.357460625,0,-0.08102433,0.14535362,-0.00720191,0.7247399,0.3458683,-1.1871505,False,0.0
113738.377460625,0,-0.09464712,0.1356186,0.006945193,0.8821955,0.34660414,-1.47638,False,0.0
113738.397460625,20000000,-0.101266146,0.117396235,-0.009115696,1.0346011,0.37953627,-1.824113,False,0.0
113738.417460625,0,-0.10793161,0.08744274,-0.017132401,1.2143786,0.43708372,-2.224893,False,0.0
113738.437460625,20000000,-0.11531356,0.057510182,-0.025546372,1.3941561,0.49463117,-2.625673,False,0.0
113738.457460625,0,-0.14315349,0.012372129,-0.019417107,1.5990366,0.53592694,-3.1244323,False,0.0
113738.477460625,20000000,-0.18080461,-0.049241982,-0.022375464,1.8092824,0.5777017,-3.7398882,False,0.0
113738.497460625,0,-0.25003555,-0.09302153,-0.004631996,2.0234342,0.5459286,-4.425945,False,0.0
113738.517460625,0,-0.32940888,-0.09550012,0.0072288513,2.2037358,0.444407,-5.115139,False,0.0
113738.537460625,20000000,-0.4142515,-0.0836398,-0.0044027567,2.34769,0.3325776,-5.7565303,False,0.0
113738.557460625,0,-0.51667863,-0.050822847,-0.0048964024,2.504706,0.13456096,-6.250912,False,0.0
113738.577460625,0,-0.56400627,-0.0021311846,-0.03767121,2.561676,0.009136513,-6.571976,False,0.0
113738.597460625,20000000,-0.5921406,0.03969132,-0.066782475,2.5397627,-0.051529516,-6.746464,False,0.0
113738.617460625,0,-0.60765153,0.10184678,-0.07362747,2.4176695,-0.10871735,-6.7841,False,0.0
113738.637460625,0,-0.6041781,0.17636113,-0.073955715,2.2112684,-0.17145455,-6.647902,False,0.0
113738.657460625,0,-0.582064,0.22278285,-0.0805437,1.9589645,-0.20294455,-6.4165287,False,0.0
113738.677460625,0,-0.5819721,0.26792073,-0.06508696,1.7519569,-0.2994626,-5.978003,False,0.0
113738.697460625,20000000,-0.5383735,0.27603233,-0.056171298,1.5824382,-0.36901754,-5.469996,False,0.0
113738.717460625,0,-0.4098128,0.25607657,-0.104418516,1.4873706,-0.2919069,-4.991508,False,0.0
113738.737460625,20000000,-0.28191102,0.23601517,-0.15286487,1.392303,-0.21479625,-4.51302,False,0.0
113738.757460625,40000000,-0.1546561,0.21578121,-0.20150203,1.2972354,-0.1376856,-4.034532,False,0.0
113738.777460625,0,-0.012613475,0.17119482,-0.35422707,1.0408076,0.32458073,-3.8994272,False,0.0
113738.797460625,0,-0.032397926,0.24005467,-0.25260472,0.80481803,0.48143685,-3.6031222,False,0.0
113738.817460625,0,-0.056017056,0.3135518,-0.123832166,0.5842846,0.50154245,-3.1828146,False,0.0
113738.837460625,0,-0.035425752,0.31866696,-0.047776997,0.47767407,0.4637689,-2.7089546,False,0.0
113738.857460625,20000000,-0.014432251,0.3230366,0.028218806,0.37106356,0.42599535,-2.2350945,False,0.0
113738.877460625,0,0.004340321,0.28519168,0.08219963,0.42379072,0.27721766,-1.7489107,False,0.0
113738.897460625,0,0.09844938,0.19003496,-0.02011007,0.3973218,0.43484432,-1.5220504,False,0.0
113738.917460625,0,0.045731366,0.18050635,0.054516435,0.36884183,0.41516566,-1.25844,False,0.0
113738.937460625,20000000,-0.023018539,0.19333765,0.12308723,0.30710533,0.19601111,-0.94918585,False,0.0
113738.957460625,0,-0.018405944,0.16285338,0.08392388,0.1995098,0.14499792,-0.73728025,False,0.0
113738.977460625,0,-0.009811193,0.093593635,0.08755523,0.19215669,0.12164349,-0.5966624,False,0.0
113738.997346542,0,0.016751181,0.025631517,0.062147126,0.2260892,0.21358623,-0.56630313,False,0.0
113739.017346542,0,0.006792009,0.041013606,0.062010586,0.15051386,0.24612184,-0.55272853,False,0.0
113739.037346542,20000000,-0.003142327,0.056316152,0.0618369,0.074938506,0.27865744,-0.53915393,False,0.0
113739.057346542,0,0.0020733178,0.056456905,0.04981196,-0.024685904,0.30442402,-0.5346242,False,0.0
113739.077346542,0,0.014088184,0.045569643,0.041951,-0.1021983,0.3370039,-0.53344387,False,0.0
113739.097346542,0,0.025607586,0.030157529,0.0416193,-0.13503703,0.36166075,-0.52106136,False,0.0
113739.117346542,0,0.038257122,0.011668842,0.035538137,-0.13399322,0.39569005,-0.5098535,False,0.0
113739.137346542,20000000,0.039952844,-0.0007565096,0.039624274,-0.10591358,0.40159085,-0.485182,False,0.0
113739.157346542,0,0.041348368,-0.010381717,0.040786862,-0.0724847,0.3993551,-0.45974943,False,0.0
113739.177346542,20000000,0.038101643,-0.014883716,0.052009404,-0.030945856,0.3587342,-0.41901517,False,0.0
113739.197346542,0,0.043510914,-0.022039106,0.054712117,0.004059214,0.31133047,-0.38838595,False,0.0
113739.217346542,20000000,0.06043729,-0.03977923,0.04020399,0.036132857,0.26746553,-0.38276502,False,0.0
113739.237346542,0,0.08376244,-0.06518868,0.007348478,0.07441271,0.2304535,-0.40449366,False,0.0
113739.257346542,0,0.10626614,-0.093365446,-0.032357752,0.11743472,0.2084632,-0.4396548,False,0.0
113739.277346542,20000000,0.12071496,-0.11878098,-0.058128595,0.17811278,0.20399608,-0.49276048,False,0.0
113739.297346542,0,0.11681938,-0.12023824,-0.055927992,0.24926668,0.17704532,-0.5554244,False,0.0
113739.317346542,20000000,0.11292726,-0.12175245,-0.05374819,0.3204206,0.15009455,-0.61808825,False,0.0
113739.337346542,40000000,0.112789094,-0.11593603,-0.07615328,0.36459556,0.07432008,-0.6710651,False,0.0
113739.357346542,0,0.15501547,-0.15044557,-0.18599892,0.35089013,0.21299037,-0.85631734,False,0.0
113739.377346542,0,0.076672226,-0.1318526,-0.14359766,0.35121095,0.26059645,-1.0128794,False,0.0
113739.397346542,20000000,-0.05265537,-0.0681043,-0.008814633,0.35996613,0.08495997,-1.088044,False,0.0
113739.417346542,0,-0.10563308,-0.038272228,0.04553747,0.3848471,-0.15847436,-1.1891993,False,0.0
113739.437346542,20000000,-0.070020705,-0.08339599,-0.041308165,0.39476305,-0.13833442,-1.5037118,False,0.0
113739.457346542,0,-0.08983722,-0.13289556,-0.06601393,0.46127513,-0.13584211,-1.9553761,False,0.0
113739.477346542,0,-0.15799895,-0.1358402,-0.055696547,0.5468241,-0.22336414,-2.3869016,False,0.0
113739.517346542,0,-0.24861693,-0.08248146,-0.042898834,0.6881098,-0.5105569,-2.9514318,False,0.0
113739.537346542,0,-0.26852623,-0.047888253,-0.028500378,0.6992484,-0.57173586,-3.1078107,False,0.0
113739.557346542,20000000,-0.28741515,-0.006358184,0.012951791,0.6775118,-0.6152621,-3.1567302,False,0.0
113739.577346542,0,-0.29921007,0.04266323,0.06395197,0.62596244,-0.6757989,-3.0750968,False,0.0
113739.597346542,20000000,-0.2792537,0.08090968,0.08788967,0.56310445,-0.7278132,-2.8872383,False,0.0
113739.617346542,0,-0.22719014,0.10385913,0.07726669,0.48683986,-0.68308866,-2.6317647,False,0.0
113739.637346542,20000000,-0.17081912,0.102419294,0.069627225,0.43793273,-0.56893855,-2.346529,False,0.0
113739.657346542,0,-0.12114087,0.08449666,0.06265342,0.42259622,-0.42712623,-2.0531342,False,0.0
113739.677346542,0,-0.08242454,0.06901732,0.04366213,0.4098047,-0.2585178,-1.764502,False,0.0
113739.697346542,20000000,-0.066529855,0.060168132,0.03327912,0.37964478,-0.13027105,-1.478152,False,0.0
113739.717346542,0,-0.061059058,0.05820948,0.017581582,0.31709123,-0.056030273,-1.1972338,False,0.0
113739.737346542,0,-0.055549577,0.053782538,-0.0006366968,0.22853702,-0.004536964,-0.9543606,False,0.0
113739.757346542,20000000,-0.06404014,0.052104145,-0.006472945,0.12533003,-0.019103214,-0.7358757,False,0.0
113739.777346542,0,-0.064070955,0.04856114,-0.027369082,0.015120059,-0.07367785,-0.5395066,False,0.0
113739.797346542,0,-0.056547716,0.036353245,-0.057199597,-0.08609664,-0.122439645,-0.37832814,False,0.0
113739.817346542,0,-0.048584387,0.027624771,-0.08721572,-0.16413924,-0.18498288,-0.23022503,False,0.0
113739.837346542,20000000,-0.028083429,0.013116837,-0.12986732,-0.21364942,-0.16346106,-0.098255366,False,0.0
113739.857346542,0,-0.032967225,-0.0069283247,-0.113205075,-0.18667802,-0.15907332,0.037197605,False,0.0
113739.877346542,20000000,-0.053431824,-0.0046815127,-0.06767857,-0.11925479,-0.22448671,0.20179269,False,0.0
113739.897346542,0,-0.0117533505,-0.0031654984,-0.13945031,-0.16287257,-0.22542007,0.28681037,False,0.0
113739.917346542,20000000,0.029934824,-0.0016932935,-0.2112605,-0.20649034,-0.22635344,0.37182808,False,0.0
113739.937346542,40000000,0.0103779435,0.008378282,-0.15933299,-0.21581022,-0.17682967,0.42054313,False,0.0
113739.957346542,0,-0.02557163,0.0043531805,-0.04492289,-0.09961123,-0.27968788,0.5054655,False,0.0
113739.977346542,0,0.016446829,-0.0011502057,-0.050638497,-0.06650744,-0.13981482,0.3447647,False,0.0
113739.997346542,20000000,0.058481306,-0.0066596568,-0.056357324,-0.033403646,5.8203936e-05,0.18406396,False,0.0
113740.017346542,40000000,0.10053167,-0.0121753365,-0.06207949,-0.00029985607,0.13993125,0.023363203,False,0.0
113740.037346542,60000000,0.07581076,0.008852854,0.0028479695,-0.018184122,0.15257852,-0.16946384,False,0.0
113740.057346542,0,0.057094544,-0.0072554797,0.028951764,-0.013977628,0.102596894,-0.41010064,False,0.0
113740.077346542,0,0.051077217,-0.07704916,0.05430758,0.117393404,0.089342095,-0.7933883,False,0.0
113740.097346542,20000000,0.011022657,-0.13421993,0.112112224,0.38778996,0.031183913,-1.2141614,False,0.0
113740.117346542,0,-0.038134784,-0.14861783,0.16246021,0.6908827,-0.12075116,-1.5708337,False,0.0
113740.137346542,20000000,-0.06102778,-0.12897442,0.14974642,0.89259,-0.23899607,-1.8695511,False,0.0
113740.157346542,0,-0.081631124,-0.07617243,0.13602126,0.9893503,-0.36097342,-2.044242,False,0.0
113740.177346542,0,-0.08912335,-0.012574337,0.1095193,0.96989137,-0.45280218,-2.0799932,False,0.0
113740.197346542,0,-0.07280132,0.03214571,0.08798796,0.86864036,-0.45740318,-1.9305851,False,0.0
113740.217346542,20000000,-0.056789532,0.07747832,0.06617057,0.7673894,-0.46200415,-1.781177,False,0.0
113740.237346542,40000000,-0.02361703,0.09848118,0.038857818,0.6293568,-0.37488896,-1.5965242,False,0.0
113740.257346542,0,-0.011066839,0.11962144,0.043655396,0.47686347,-0.29396448,-1.3929249,False,0.0
113740.277346542,0,-0.01580578,0.14132659,0.050735056,0.30175883,-0.2666896,-1.1794372,False,0.0
113740.297346542,0,-0.02163887,0.15223034,0.043988407,0.137259,-0.30182412,-0.9548484,False,0.0
113740.317346542,0,-0.004360065,0.13933034,-0.0055048466,-0.023065,-0.30002138,-0.78824174,False,0.0
113740.337346542,0,0.0070515126,0.11667195,-0.04190737,-0.129352,-0.29089168,-0.6695899,False,0.0
113740.357346542,0,0.029657066,0.0810427,-0.097549915,-0.19031417,-0.22384173,-0.6405261,False,0.0
113740.377346542,0,0.032032967,0.059438355,-0.104834795,-0.17613265,-0.1490015,-0.6313303,False,0.0
113740.397346542,20000000,0.02346696,0.057040006,-0.07904923,-0.108287826,-0.09435066,-0.61054194,False,0.0
113740.417346542,0,0.015617527,0.058625482,-0.07482332,-0.03466282,-0.11154969,-0.5756367,False,0.0
113740.437346542,0,0.045903176,0.054586507,-0.17321283,-0.06844975,-0.13035476,-0.556267,False,0.0
113740.457346542,20000000,0.07719733,0.06536236,-0.29760903,-0.27365845,0.17936507,-0.60547215,False,0.0
113740.477346542,0,-0.062460914,0.16231483,-0.063806534,-0.253123,-0.035144076,-0.18805608,False,0.0
113740.497346542,0,-0.07716922,0.16261956,-0.04713446,-0.2738953,-0.034792867,0.30338213,False,0.0
113740.557346542,0,-0.1337516,0.18126732,-0.04233122,-0.48996067,-0.0126442965,1.8351692,False,0.0
113740.577346542,0,-0.18297036,0.19843638,-0.07405859,-0.77840483,0.015942704,2.41012,False,0.0
113740.597346542,0,-0.24286917,0.17659846,-0.076096654,-1.0550613,-0.08531459,2.9839284,False,0.0
113740.617346542,0,-0.26094234,0.1161284,-0.111222565,-1.3097295,-0.084688455,3.406999,False,0.0
113740.637346542,0,-0.29956537,0.05006148,-0.07962847,-1.4558963,-0.102348596,3.7047346,False,0.0
113740.657346542,0,-0.33033454,-0.009495184,-0.036221564,-1.5103158,-0.12374838,3.8358939,False,0.0
113740.677346542,20000000,-0.33256397,-0.041085884,-0.0005952716,-1.5213048,-0.14512694,3.8424463,False,0.0
113740.697346542,0,-0.2993016,-0.05918309,0.0107283,-1.4991524,-0.09188199,3.7940288,False,0.0
113740.717346542,20000000,-0.22012013,-0.14045459,0.008556783,-1.394353,0.053879187,3.5162208,False,0.0
113740.737346542,0,-0.15096766,-0.21614707,-0.010123253,-1.2500485,0.29806542,3.0631282,False,0.0
113740.757346542,0,-0.1441524,-0.25864998,0.017704785,-1.064992,0.43509984,2.5636032,False,0.0
113740.777346542,20000000,-0.1637177,-0.2550112,0.06523335,-0.8493974,0.42927775,2.1594508,False,0.0
113740.797346542,0,-0.14957915,-0.2294452,0.07289988,-0.7312944,0.33089346,1.8203583,False,0.0
113740.817346542,20000000,-0.13547464,-0.20337111,0.080467105,-0.61319137,0.23250915,1.4812658,False,0.0
113740.837346542,40000000,-0.12138714,-0.17678688,0.08794105,-0.49508828,0.13412485,1.1421733,False,0.0
113740.857346542,0,-0.10626815,-0.13367447,0.06606573,-0.47462156,0.021439359,0.8669937,False,0.0
113740.877346542,0,-0.088766575,-0.09164725,0.017267883,-0.50192755,-0.041577525,0.64533544,False,0.0
113740.897346542,20000000,-0.072644144,-0.05704385,-0.019825459,-0.52440405,-0.07588201,0.48109543,False,0.0
113740.917346542,0,-0.057408094,-0.025411755,-0.05420363,-0.52029496,-0.12443143,0.38226146,False,0.0
113740.937346542,20000000,-0.022741199,0.005288899,-0.1271615,-0.5626896,0.0010271966,0.25618035,False,0.0
113740.957346542,0,-0.056322515,0.058325887,-0.08231515,-0.5322977,-0.042224906,0.28194064,False,0.0
113740.977346542,0,-0.06579125,0.08050668,-0.08122069,-0.47863972,-0.111180946,0.37607768,False,0.0
113740.997346542,20000000,-0.045429856,0.07482064,-0.11724973,-0.42093313,-0.2117004,0.4778379,False,0.0
113741.017346542,0,0.01958409,0.051575273,-0.24119127,-0.46058205,-0.18043755,0.49758774,False,0.0
113741.037346542,20000000,0.040742308,0.027221173,-0.21647674,-0.52896446,0.049223214,0.40926203,False,0.0
113741.057346542,0,-0.022318989,0.041800708,0.02225691,-0.45933792,0.0019271933,0.39991614,False,0.0
113741.077346542,0,-0.0018808544,0.05834514,0.1291923,-0.36859637,-0.005834413,0.36711502,False,0.0
113741.097346542,20000000,0.05787021,0.043260783,0.10305822,-0.2863153,-0.038178094,0.30627665,False,0.0
113741.117346542,0,0.08727744,0.023789346,0.06763029,-0.33903104,0.0812846,0.12080987,False,0.0
113741.137346542,20000000,0.11668563,0.0043491423,0.032153964,-0.39174682,0.20074728,-0.06465694,False,0.0
113741.157346542,0,0.09672165,0.038295537,0.056715667,-0.47975406,0.13403714,-0.1747329,False,0.0
113741.177346542,0,0.0840511,0.07366136,0.06793815,-0.59148186,0.09448445,-0.24669212,False,0.0
113741.197346542,0,0.063706696,0.07695371,0.084867895,-0.602544,0.0010687262,-0.2718682,False,0.0
113741.217346542,20000000,0.04341507,0.08030221,0.10167402,-0.6136062,-0.09234699,-0.29704428,False,0.0
113741.237346542,40000000,0.02404064,0.07837322,0.112076044,-0.57040656,-0.16043434,-0.27885342,False,0.0
113741.257346542,0,0.007683933,0.070273995,0.12205076,-0.49521834,-0.2248771,-0.22162694,False,0.0
113741.277346542,20000000,0.005595535,0.050179094,0.13077056,-0.39759433,-0.24223445,-0.16476591,False,0.0
113741.297346542,0,0.0026314855,0.03197053,0.14364839,-0.29662573,-0.28893617,-0.11266602,False,0.0
113741.317346542,0,0.017866284,0.012010843,0.12215859,-0.26060337,-0.25838038,-0.1216687,False,0.0
113741.337346542,20000000,0.014843941,0.013066411,0.13475281,-0.23897853,-0.27079114,-0.12503679,False,0.0
113741.357346542,0,0.028302222,0.007878751,0.12869447,-0.21071519,-0.28040242,-0.12591852,False,0.0
113741.377346542,0,0.064409494,-0.014843255,0.09055996,-0.20510486,-0.21936461,-0.20233437,False,0.0
113741.397346542,0,0.08597669,-0.021486342,0.05806184,-0.20208903,-0.14420034,-0.28175074,False,0.0
113741.417346542,0,0.092205465,-0.025396198,0.048150778,-0.18716115,-0.10488315,-0.3365546,False,0.0
113741.437346542,0,0.09423044,-0.026251167,0.039440453,-0.16514634,-0.098807216,-0.38362095,False,0.0
113741.457346542,0,0.0930379,-0.031072736,0.020835161,-0.14267379,-0.09739166,-0.4158566,False,0.0
113741.477346542,0,0.08798987,-0.044526726,0.0036483407,-0.0969975,-0.08897709,-0.44541097,False,0.0
113741.497346542,20000000,0.07568854,-0.056803256,-0.00822109,-0.041127045,-0.07437785,-0.478965,False,0.0
113741.517346542,0,0.04943171,-0.053120732,-0.020519018,-0.0046702027,-0.08581335,-0.49676704,False,0.0
113741.537346542,0,0.025335968,-0.047909528,-0.054680645,-0.008196736,-0.08052623,-0.515796,False,0.0
113741.557346542,20000000,0.00018271804,-0.04202324,-0.074664414,-0.023657352,-0.056062177,-0.5405595,False,0.0
113741.577346542,0,-0.037593544,-0.031404227,-0.077813685,-0.057640344,0.0008947253,-0.5690582,False,0.0
113741.597346542,0,-0.104160696,0.003039956,-0.03470236,-0.095378876,-0.009943111,-0.552167,False,0.0
113741.617346542,0,-0.17034411,0.057220936,0.013682783,-0.15416428,-0.086156294,-0.48311394,False,0.0
113741.637346542,20000000,-0.21472603,0.10461366,0.034243703,-0.23399313,-0.13381234,-0.39350128,False,0.0
113741.657346542,0,-0.24996641,0.13921082,0.04683715,-0.3094668,-0.15796104,-0.30183643,False,0.0
113741.677346542,0,-0.24822025,0.12733912,0.044399858,-0.30317566,-0.14144403,-0.25349212,False,0.0
113741.697346542,20000000,-0.24646059,0.11550307,0.041899085,-0.29688448,-0.124927,-0.20514779,False,0.0
113741.717346542,40000000,-0.24468769,0.10370326,0.03933543,-0.29059333,-0.10840998,-0.15680347,False,0.0
113741.737346542,60000000,-0.22206956,0.092068374,0.03617698,-0.29289216,-0.041852377,-0.18519688,False,0.0
113741.757346542,0,-0.19943649,0.09316301,0.045678556,-0.31840312,0.02639521,-0.25905216,False,0.0
113741.777346542,0,-0.1874466,0.106535494,0.05648786,-0.3623311,0.064849846,-0.34320462,False,0.0
113741.797346542,20000000,-0.1833866,0.12544358,0.061748624,-0.4125494,0.06569551,-0.40551892,False,0.0
113741.817346542,0,-0.17583016,0.13460642,0.055077255,-0.4521452,0.05415781,-0.460481,False,0.0
113741.837346542,20000000,-0.16129944,0.13030118,0.044184744,-0.4657176,0.05223536,-0.51878315,False,0.0
113741.857346542,0,-0.13976447,0.11174351,0.023482025,-0.4636294,0.09443708,-0.62395537,False,0.0
113741.877346542,0,-0.1344344,0.10119021,0.01860565,-0.43878835,0.13620953,-0.74009186,False,0.0
113741.897346542,20000000,-0.14143886,0.10807693,0.01944077,-0.4065116,0.15037672,-0.8299405,False,0.0
113741.917346542,0,-0.14758024,0.124360025,0.015553296,-0.36574075,0.13813968,-0.8697312,False,0.0
113741.937346542,0,-0.14046836,0.134049,-0.0012789965,-0.3286962,0.15497497,-0.88636374,False,0.0
113741.957346542,20000000,-0.14262594,0.13887191,-0.0075812936,-0.28713515,0.17117916,-0.86581874,False,0.0
113741.977346542,0,-0.14733227,0.124222636,-0.011554301,-0.25194615,0.1721679,-0.80029,False,0.0
113741.997346542,20000000,-0.15194708,0.10970873,-0.015525281,-0.21675715,0.17315663,-0.73476124,False,0.0
113742.017346542,40000000,-0.15647243,0.09533167,-0.01949352,-0.18156813,0.17414537,-0.66923255,False,0.0
113742.037346542,0,-0.16026977,0.07264328,-0.025082767,-0.16381831,0.18035948,-0.61681354,False,0.0
113742.057346542,0,-0.16501309,0.05097586,-0.032602787,-0.15578942,0.19124493,-0.5737492,False,0.0
113742.077346542,20000000,-0.16633311,0.028465927,-0.04111117,-0.1441837,0.22436568,-0.55479896,False,0.0
113742.097346542,0,-0.16476077,0.0063841343,-0.04619503,-0.12198846,0.28178054,-0.556087,False,0.0
113742.117346542,20000000,-0.16302127,-0.013043404,-0.042333543,-0.09065654,0.34029987,-0.57543445,False,0.0
113742.137346542,0,-0.15631017,-0.026133418,-0.042438567,-0.07340066,0.40441695,-0.60951656,False,0.0
113742.157346542,0,-0.14651828,-0.030032873,-0.033629775,-0.05477728,0.45468274,-0.64453834,False,0.0
113742.177346542,20000000,-0.12765312,-0.03140235,-0.02940607,-0.046881627,0.5098824,-0.68720347,False,0.0
113742.197346542,0,-0.10813888,-0.020710051,-0.020170629,-0.052073598,0.5639176,-0.72501343,False,0.0
113742.217346542,20000000,-0.09599127,-0.0025248528,-0.0068213344,-0.060396723,0.5939998,-0.7391826,False,0.0
113742.237346542,0,-0.08288723,0.0055611134,-0.00022596121,-0.06261663,0.6030812,-0.7352857,False,0.0
113742.257346542,0,-0.07129767,0.007554233,0.003447771,-0.05372153,0.6087173,-0.7204671,False,0.0
113742.277346542,20000000,-0.0645924,0.009846926,0.014095187,-0.0385328,0.5848691,-0.6851063,False,0.0
113742.297346542,0,-0.057162724,0.017619431,0.02016157,-0.040358353,0.5502696,-0.6347573,False,0.0
113742.317346542,20000000,-0.04970736,0.025419652,0.026248455,-0.042183906,0.5156701,-0.5844083,False,0.0
113742.337346542,40000000,-0.04126427,0.030182004,0.025893986,-0.049312413,0.48187548,-0.529422,False,0.0
113742.357346542,0,-0.027603114,0.025811613,0.017210841,-0.058603957,0.4647749,-0.48567706,False,0.0
113742.377346542,0,-0.016065914,0.017935693,0.010390878,-0.060646888,0.46326402,-0.4603642,False,0.0
113742.397346542,20000000,-0.011767656,0.013613343,0.00921452,-0.061432786,0.459015,-0.43482164,False,0.0
113742.417346542,0,-0.013011772,0.0129496455,0.011834502,-0.05893192,0.43527415,-0.3998707,False,0.0
113742.437346542,20000000,-0.009555928,0.011869848,0.007659316,-0.05700445,0.4168856,-0.36497566,False,0.0
113742.457346542,0,-0.00597471,0.008845031,0.0030411482,-0.055801824,0.40250742,-0.32312372,False,0.0
113742.477346542,20000000,0.0009843707,0.0030622482,-0.0056242347,-0.047431156,0.40305057,-0.2881391,False,0.0
113742.497346542,0,0.0030289292,-0.0012174249,-0.006431997,-0.036368817,0.39959383,-0.2587891,False,0.0
113742.517346542,0,0.003286615,-0.0021134615,-0.0027305484,-0.023681823,0.3821698,-0.22801991,False,0.0
113742.537346542,20000000,0.008072339,-0.0054201484,-0.00284338,-0.015223633,0.36422786,-0.20776114,False,0.0
113742.557346542,0,0.012233224,-0.009794116,-0.0037178397,-0.0043817833,0.34480977,-0.19239946,False,0.0
113742.577346542,0,0.012453575,-0.01810795,-0.006177366,0.017019482,0.3129623,-0.1701961,False,0.0
113742.597346542,0,0.012990389,-0.029792488,-0.014868021,0.039271355,0.28063452,-0.13788028,False,0.0
113742.617346542,0,0.01039768,-0.048855603,-0.018874943,0.076896384,0.256722,-0.10020727,False,0.0
113742.637346542,20000000,0.0009780936,-0.07438022,-0.011643589,0.11895068,0.22909574,-0.068965204,False,0.0
113742.657346542,0,-0.018808745,-0.092003405,-0.0037987828,0.13277209,0.17473689,-0.03939367,False,0.0
113742.677346542,20000000,-0.03152678,-0.102089226,-0.006259322,0.120400414,0.10922101,-0.024248118,False,0.0
113742.697346542,0,-0.032063477,-0.1139577,-0.032353997,0.081706315,0.07681543,-0.038460724,False,0.0
113742.717346542,0,-0.03067835,-0.120241344,-0.054723263,0.041657157,0.069752306,-0.058941014,False,0.0
113742.737346542,0,-0.033279475,-0.12423134,-0.056334615,0.029751664,0.07133408,-0.0790023,False,0.0
113742.757346542,0,-0.037216444,-0.1163497,-0.046106875,0.037538268,0.06901126,-0.09013955,False,0.0
113742.777346542,20000000,-0.04169926,-0.09352279,-0.030801654,0.04233547,0.059318557,-0.06536612,False,0.0
113742.797346542,0,-0.039845508,-0.065178454,-0.015924454,0.044722747,0.038590223,0.0051214546,False,0.0
113742.817346542,0,-0.036757667,-0.04160744,-0.0054142475,0.033184554,0.010642359,0.10748443,False,0.0
113742.837346542,0,-0.04486421,-0.0047427416,0.0047541857,-0.0160246,-0.0446006,0.26230234,False,0.0
113742.857346542,0,-0.057381276,0.040069044,0.0159536,-0.096263975,-0.13574916,0.48605204,False,0.0
113742.877346542,0,-0.060221806,0.07201916,0.025867283,-0.17545186,-0.2397672,0.7628388,False,0.0
113742.897346542,20000000,-0.05612563,0.0815078,0.0141927,-0.25803453,-0.3082856,1.0381873,False,0.0
113742.917346542,0,-0.07594073,0.10116196,0.024707615,-0.30910796,-0.43389538,1.4101114,False,0.0
113742.937346542,20000000,-0.07397563,0.08698243,0.013274312,-0.32691577,-0.525957,1.7713469,False,0.0
113742.957346542,0,-0.07376399,0.06231624,-0.0017136335,-0.33728856,-0.6189112,2.0927682,False,0.0
113742.977346542,20000000,-0.061622187,0.025861144,-0.04903543,-0.38681725,-0.6582941,2.3144972,False,0.0
113742.997346542,0,-0.047999904,-0.024585187,-0.08431101,-0.44070345,-0.7038095,2.424995,False,0.0
113743.017346542,0,-0.012481496,-0.089110315,-0.12521362,-0.48654258,-0.6685491,2.383945,False,0.0
113743.037346542,0,0.018933475,-0.15017831,-0.13821393,-0.49707162,-0.5498103,2.222427,False,0.0
113743.057346542,0,0.041174397,-0.18500125,-0.102538645,-0.44878304,-0.42439717,1.9793446,False,0.0
113743.077346543,0,0.059352934,-0.1742773,-0.066146374,-0.41019887,-0.29370937,1.7250266,False,0.0
113743.097346543,20000000,0.07683462,-0.14474118,-0.039622247,-0.39094537,-0.17401884,1.4681442,False,0.0
113743.117346543,0,0.08028701,-0.10723138,-0.022087812,-0.38935408,-0.10341643,1.2532444,False,0.0
113743.137346543,20000000,0.08252454,-0.09240371,-0.009476721,-0.35958117,-0.06980869,1.0663668,False,0.0
113743.157346543,0,0.079223454,-0.0861491,0.01180768,-0.28842232,-0.08034232,0.9182875,False,0.0
113743.177346543,0,0.078886926,-0.084346,0.02473849,-0.19728413,-0.10892418,0.7963859,False,0.0
113743.197346543,20000000,0.07761493,-0.078348875,0.030898929,-0.13261297,-0.14738648,0.69356,False,0.0
113743.217346543,0,0.0648022,-0.058344483,0.029863775,-0.11965004,-0.18893912,0.6280901,False,0.0
113743.237346543,20000000,0.051404357,-0.02841258,0.025572121,-0.15647505,-0.24163625,0.62127227,False,0.0
113743.257346543,0,0.047014117,-0.005428314,0.019064665,-0.21341476,-0.27434072,0.63953483,False,0.0
113743.277346543,20000000,0.03976953,0.020102978,0.016931534,-0.26156938,-0.29910734,0.7159163,False,0.0
113743.297346543,0,0.043733418,0.018853605,0.009017289,-0.26090986,-0.2973288,0.7771631,False,0.0
113743.317346543,0,0.05210626,-0.002002716,-0.0017762184,-0.25575367,-0.24441873,0.780457,False,0.0
113743.337346543,0,0.045085013,-0.020403087,0.0068796277,-0.21685678,-0.21511033,0.7403539,False,0.0
113743.357346543,20000000,0.031099617,-0.022266865,0.013936102,-0.16946492,-0.22140107,0.7287388,False,0.0
113743.377346543,0,0.029126227,-0.0338279,0.012116015,-0.12373589,-0.21520656,0.68465114,False,0.0
113743.397346543,0,0.031315714,-0.035124242,0.008603573,-0.10748326,-0.20987308,0.6312845,False,0.0
113743.417346543,0,0.040572643,-0.04205042,-0.0046998262,-0.105745174,-0.1546781,0.53257453,False,0.0
113743.437346543,0,0.029637307,-0.026896656,0.006035745,-0.08538519,-0.13985749,0.4791867,False,0.0
113743.457346543,20000000,0.027579576,-0.02598399,0.0037071109,-0.042888682,-0.1230669,0.42852625,False,0.0
113743.477346543,0,0.02705568,-0.02514118,0.0064329505,0.022883248,-0.108959034,0.382732,False,0.0
113743.497346543,0,0.032046974,-0.024773538,-0.00058186054,0.064495504,-0.07055979,0.30475822,False,0.0
113743.517346543,0,0.028235555,-0.017523646,0.0023387074,0.10047841,-0.08564883,0.23780641,False,0.0
113743.537346543,20000000,0.024445415,-0.010257542,0.005254507,0.1364613,-0.10073786,0.17085461,False,0.0
113743.557346543,0,0.034410506,0.0015950203,0.00019478798,0.16326779,-0.12184629,0.111591116,False,0.0
113743.577346543,20000000,0.044603795,0.02630496,-0.014138222,0.14764965,-0.113661125,0.06319174,False,0.0
113743.597346543,0,0.03787005,0.0524168,-0.008627534,0.12449092,-0.13665709,0.050544765,False,0.0
113743.617346543,0,0.030674547,0.06680548,-0.013119578,0.103087455,-0.16306974,0.05954392,False,0.0
113743.637346543,20000000,0.023747414,0.08292657,-0.009252965,0.09163286,-0.19305511,0.098157555,False,0.0
113743.657346543,0,0.021918207,0.08438516,-0.017210484,0.087089986,-0.20740983,0.12173833,False,0.0
113743.677346543,20000000,0.030364603,0.087887466,-0.031855404,0.07798351,-0.1732419,0.1265655,False,0.0
113743.697346543,0,0.037554502,0.0829761,-0.03526312,0.08628332,-0.1086907,0.104776196,False,0.0
113743.717346543,0,0.03126526,0.05670327,-0.02423358,0.13466232,-0.027533613,0.035443626,False,0.0
113743.737346543,20000000,-0.0011416972,0.033846915,0.020163655,0.23146574,-0.0582887,-0.028347217,False,0.0
113743.757346543,0,-0.0058820248,0.009559989,0.022378683,0.3162865,-0.082132585,-0.11387169,False,0.0
113743.777346543,0,0.0089274645,-0.013813436,0.005657792,0.3782309,-0.07505131,-0.238291,False,0.0
113743.797277708,0,0.04014399,-0.04902843,-0.025663802,0.3904627,0.02612964,-0.4659594,False,0.0
113743.817277708,20000000,0.03542295,-0.04466766,-0.02004987,0.40869075,0.034453575,-0.6267648,False,0.0
113743.837277708,40000000,0.03070882,-0.040163994,-0.014413893,0.4269188,0.04277751,-0.7875701,False,0.0
113743.857277708,0,0.041507006,-0.022329926,-0.023903191,0.41964942,0.0790607,-0.91407907,False,0.0
113743.877277708,20000000,0.055188954,-0.0066628456,-0.029796124,0.39120033,0.13210358,-1.0306747,False,0.0
113743.897277708,0,0.06854308,-0.016869664,-0.04083687,0.342656,0.23036863,-1.2210273,False,0.0
113743.917277708,0,0.044432074,-0.010209739,-0.023427367,0.29997134,0.28637576,-1.4082533,False,0.0
113743.937277708,0,0.018545479,0.011629224,-0.0032166243,0.2938852,0.2907014,-1.5293117,False,0.0
113743.957277708,0,0.025211722,0.018067122,-0.015719414,0.30590484,0.35146132,-1.662773,False,0.0
113743.977277708,20000000,0.032984495,0.011260986,-0.026414454,0.32455352,0.45415938,-1.8442281,False,0.0
113743.997277708,0,0.016743988,0.0016081333,-0.016714573,0.34601644,0.54905707,-2.0439236,False,0.0
113744.017277708,0,-0.019607723,-0.0019825697,0.006296575,0.3868927,0.59729344,-2.1974027,False,0.0
113744.037277708,20000000,-0.057937115,0.017910302,0.034376383,0.46699938,0.5791282,-2.2212684,False,0.0
113744.057277708,0,-0.06031175,0.045707047,0.027236402,0.5296302,0.5923581,-2.1592329,False,0.0
113744.077277708,20000000,-0.046139076,0.05998808,0.0052615404,0.56906414,0.65114963,-2.0788567,False,0.0
113744.097277708,0,-0.055911407,0.05521357,-0.004063487,0.6039428,0.7108657,-1.990665,False,0.0
113744.157277708,0,-0.10163495,0.04462242,-0.008068979,0.75868875,0.84487164,-1.729089,False,0.0
113744.177277708,0,-0.1158416,0.056904137,-0.0063191056,0.7709055,0.89033216,-1.674392,False,0.0
113744.197277708,20000000,-0.13216296,0.06701636,-0.006093681,0.7527321,0.92057955,-1.6458929,False,0.0
113744.217277708,0,-0.14221153,0.064095736,-0.018738568,0.71748537,0.94171375,-1.6421105,False,0.0
113744.237277708,0,-0.14681937,0.049543917,-0.046640694,0.6788116,0.975792,-1.6551969,False,0.0
113744.257277708,20000000,-0.15076104,0.017346501,-0.06788385,0.654578,1.0217474,-1.6831094,False,0.0
113744.277277708,0,-0.15241101,-0.015349388,-0.072901785,0.6408605,1.0855759,-1.7372588,False,0.0
113744.297277708,0,-0.16592228,-0.0080503225,-0.050212026,0.60380036,1.1048253,-1.7502481,False,0.0
113744.317277708,20000000,-0.17969054,-0.0005671382,-0.027492523,0.56674016,1.1240746,-1.7632374,False,0.0
113744.337277708,0,-0.18001994,0.013189912,-0.013224959,0.52464104,1.1138453,-1.7299316,False,0.0
113744.357277708,20000000,-0.1629382,0.018017769,-0.019848228,0.4829317,1.1412061,-1.6831614,False,0.0
113744.377277708,0,-0.14873359,0.016180933,-0.021456718,0.4615416,1.1866004,-1.6194837,False,0.0
113744.397277708,20000000,-0.14259593,0.010367036,-0.0146330595,0.46947455,1.2304689,-1.5392131,False,0.0
113744.417277708,0,-0.14961234,0.011244476,-0.0013347268,0.47254878,1.249427,-1.4551264,False,0.0
113744.437277708,20000000,-0.15679544,0.012041092,0.011837542,0.475623,1.268385,-1.3710397,False,0.0
113744.457277708,40000000,-0.17051469,0.021444917,0.023062587,0.456297,1.2383307,-1.2675623,False,0.0
113744.477277708,0,-0.17416011,0.027685046,0.016147077,0.42446023,1.21227,-1.1755185,False,0.0
113744.497277708,20000000,-0.17330645,0.02395761,0.0012105703,0.41338342,1.1997436,-1.1029686,False,0.0
113744.517277708,0,-0.17468473,0.019134462,-0.012097776,0.43485585,1.2107257,-1.0424373,False,0.0
113744.537277708,0,-0.18016067,0.00798142,-0.0066679716,0.5096985,1.2026781,-0.9793661,False,0.0
113744.557277708,20000000,-0.17355238,-0.0038630366,-0.008551478,0.59846264,1.2068899,-0.9591879,False,0.0
113744.577277708,0,-0.16084869,-0.0028532147,-0.012669861,0.6593638,1.2143211,-0.9977354,False,0.0
113744.597277708,0,-0.14272049,-0.0050185323,-0.025679886,0.6977902,1.2241685,-1.0813754,False,0.0
113744.617277709,20000000,-0.11870496,-0.026000977,-0.03534925,0.76777494,1.267293,-1.2328142,False,0.0
113744.637277709,0,-0.10267771,-0.045372635,-0.020630121,0.8880065,1.3086212,-1.4160545,False,0.0
113744.657277709,0,-0.0927227,-0.05246955,0.0062177777,1.0452442,1.3044266,-1.6122701,False,0.0
113744.677277709,20000000,-0.066274285,-0.059177667,-0.0028316379,1.1870571,1.3262429,-1.8290324,False,0.0
113744.697277709,0,-0.028618306,-0.09451738,-0.019202352,1.3645829,1.4127619,-2.1326652,False,0.0
113744.717277709,20000000,0.008251488,-0.12977326,-0.03602165,1.5421087,1.4992808,-2.436298,False,0.0
113744.737277709,40000000,0.032605946,-0.14524916,-0.06823051,1.6522124,1.6528946,-2.8169003,False,0.0
113744.757277709,0,-0.00025695562,-0.1111182,-0.023513675,1.7221732,1.6551553,-3.0984328,False,0.0
113744.777277709,20000000,-0.031723306,-0.048864096,0.021332026,1.7279207,1.5766565,-3.2701805,False,0.0
113744.797277709,0,-0.041530594,0.021117896,0.03725356,1.6828802,1.4349718,-3.3241074,False,0.0
113744.817277709,0,-0.012590125,0.05648482,-0.008529723,1.5902333,1.3682635,-3.3237271,False,0.0
113744.837277709,20000000,0.016914815,0.06217304,-0.037201762,1.5083437,1.4149375,-3.2941983,False,0.0
113744.857277709,0,0.0066238195,0.083346575,0.022134721,1.4875787,1.3836939,-3.1536584,False,0.0
113744.877277709,0,0.013377711,0.112427294,0.05977261,1.441929,1.3624516,-2.9619977,False,0.0
113744.897277709,0,0.011907116,0.14865106,0.09855431,1.3525889,1.2890468,-2.6971228,False,0.0
113744.917277709,0,0.025369152,0.16717565,0.12134671,1.2302693,1.2028619,-2.4127722,False,0.0
113744.937277709,20000000,0.04589072,0.16688299,0.13156825,1.1015677,1.1075647,-2.1453536,False,0.0
113744.957277709,0,0.064435974,0.1542893,0.11987305,0.96473116,1.0187998,-1.911168,False,0.0
113744.977277709,0,0.06678212,0.140181,0.11157507,0.85205966,0.91264105,-1.6898658,False,0.0
113744.997277709,0,0.07038945,0.118563175,0.08973795,0.78051364,0.82056916,-1.4971373,False,0.0
113745.017277709,20000000,0.073797315,0.09679666,0.067717016,0.7089677,0.7284972,-1.3044088,False,0.0
113745.037277709,40000000,0.075145185,0.06690055,0.05595535,0.67874736,0.67768264,-1.175679,False,0.0
113745.057277709,0,0.06751987,0.04301098,0.059209526,0.6897437,0.6164894,-1.0769794,False,0.0
113745.077277709,0,0.070338875,0.012648135,0.060282767,0.73583704,0.5755987,-1.0098964,False,0.0
113745.097277709,0,0.08551201,-0.015782833,0.057981074,0.8009804,0.5718128,-0.9889988,False,0.0
113745.117277709,20000000,0.09405252,-0.033018783,0.061165333,0.86533004,0.5731241,-0.9980951,False,0.0
113745.137277709,0,0.1005376,-0.02849026,0.06322658,0.9023756,0.55564535,-0.9915482,False,0.0
113745.157277709,0,0.09961668,-0.012903824,0.07445598,0.9095881,0.46493122,-0.91833013,False,0.0
113745.177277709,0,0.1226058,-0.011323988,0.0515157,0.8762023,0.39605367,-0.8464335,False,0.0
113745.197277709,20000000,0.14556041,-0.013632759,0.026982486,0.8164419,0.36738026,-0.7827366,False,0.0
113745.217277709,0,0.1530985,-0.024974808,0.033398867,0.7862142,0.32683146,-0.7175424,False,0.0
113745.237277709,0,0.15823877,-0.047513187,0.03716898,0.7990543,0.24524167,-0.66381615,False,0.0
113745.257277709,20000000,0.17847487,-0.07798334,-0.01316607,0.8193165,0.13768974,-0.62864184,False,0.0
113745.277277709,0,0.2318623,-0.12657773,-0.15498716,0.78471786,0.21719572,-0.70047,False,0.0
113745.297277709,20000000,0.18741485,-0.13302746,-0.16376114,0.7127393,0.36531192,-0.81277496,False,0.0
113745.317277709,0,0.03235969,-0.06914547,0.0151385665,0.72865474,0.17863609,-0.7227426,False,0.0
113745.337277709,20000000,-0.043423295,-0.029914886,0.09997672,0.77466106,0.06091416,-0.6061897,False,0.0
113745.357277709,0,-0.061877936,-0.03899035,0.08029288,0.8333772,-0.049512684,-0.5134808,False,0.0
113745.377277709,20000000,-0.030614585,-0.084704325,-0.10234928,0.7682736,0.05888933,-0.57464737,False,0.0
113745.397277709,0,-0.065386966,-0.0902482,-0.15813178,0.656276,0.07992463,-0.6413513,False,0.0
113745.417277709,0,-0.11728178,-0.06513041,-0.12592429,0.5419558,-0.022753,-0.6679511,False,0.0
113745.437277709,0,-0.13500386,-0.047371224,-0.08423358,0.42944413,-0.022868846,-0.6982767,False,0.0
113745.457277709,20000000,-0.1500757,-0.038515583,0.017224073,0.41795054,-0.067136504,-0.7041741,False,0.0
113745.477277709,0,-0.121437386,-0.042105872,0.034864843,0.41480657,0.0014235228,-0.76573837,False,0.0
113745.497277709,0,-0.10698627,-0.029802524,0.051366746,0.4149708,0.05289282,-0.80960804,False,0.0
113745.517277709,20000000,-0.0898094,-0.010657236,0.058068752,0.3952017,0.113193825,-0.8370359,False,0.0
113745.537277709,0,-0.08103314,-0.0029441863,0.080441415,0.39649895,0.14638308,-0.8377607,False,0.0
113745.557277709,20000000,-0.07076101,-0.010950297,0.08486116,0.42318252,0.18958315,-0.8257233,False,0.0
113745.577277709,0,-0.07365531,-0.025986612,0.084575474,0.47999358,0.19205503,-0.7960892,False,0.0
113745.597277709,20000000,-0.082161665,-0.027597994,0.06532967,0.52526474,0.1533778,-0.74034405,False,0.0
113745.617277709,0,-0.09115164,-0.019850876,0.052177668,0.5113457,0.08951398,-0.70085084,False,0.0
113745.637277709,20000000,-0.10022378,-0.012112945,0.038962066,0.4974266,0.025650166,-0.6613576,False,0.0
113745.657277709,0,-0.10481931,0.0022552982,-0.011438847,0.39724863,-0.06328505,-0.6512647,False,0.0
113745.677277709,20000000,-0.10954258,0.016452353,-0.081130564,0.2372344,-0.08283825,-0.62959296,False,0.0
113745.697277709,0,-0.13549824,0.003261622,-0.06318915,0.19688955,-0.14525262,-0.5111628,False,0.0
113745.717277709,0,-0.10908441,-0.0608715,-0.062125027,0.28900826,-0.108117096,-0.39733,False,0.0
113745.737277709,0,-0.06414583,-0.11816922,-0.041680455,0.46782017,-0.047781423,-0.31706506,False,0.0
113745.757277709,0,-0.0026132166,-0.14304872,-0.09773964,0.64049,-0.21134667,-0.2048093,False,0.0
113745.777277709,0,0.1419557,-0.19042085,-0.33338904,0.51671517,0.4002911,-0.44670764,False,0.0
113745.797277709,20000000,0.036280006,-0.09320311,0.0026455522,0.53728753,0.15298194,-0.46743703,False,0.0
113745.817277709,0,0.07262266,-0.012160333,-0.015214801,0.31635937,0.22582221,-0.54763544,False,0.0
113745.837277709,20000000,0.06265202,0.016606998,0.083590925,0.26986754,-0.0003053397,-0.5141808,False,0.0
113745.857277709,0,0.1715636,-0.003972044,-0.121905565,0.06903875,0.20550753,-0.6933231,False,0.0
113745.877277709,0,0.14109021,0.029276915,-0.092980206,-0.049015284,0.21886478,-0.7468097,False,0.0
113745.897277709,20000000,0.11295959,0.067848936,-0.040994227,-0.16047922,0.20129403,-0.7845871,False,0.0
113745.917277709,0,0.07273489,0.08633904,0.060170054,-0.123812474,0.12152475,-0.7199287,False,0.0
113745.937277709,20000000,0.03263396,0.10479591,0.16129941,-0.08714573,0.041755483,-0.6552702,False,0.0
113745.957277709,0,0.020801604,0.07160005,0.1764248,0.10320853,-0.057743154,-0.5241755,False,0.0
113745.977277709,20000000,0.025515914,0.037972167,0.15659761,0.30124605,-0.12730566,-0.41219097,False,0.0
113745.997277709,0,0.031414717,0.02924943,0.122516155,0.40754303,-0.17523243,-0.33131403,False,0.0
113746.017277709,0,0.031035036,0.024810728,0.10038465,0.41277128,-0.19828697,-0.2867609,False,0.0
113746.037277709,20000000,0.026686251,0.017066095,0.10960883,0.3913047,-0.22948022,-0.24747135,False,0.0
113746.057277709,0,0.03348708,-0.003617853,0.09252894,0.36904556,-0.23005931,-0.23499727,False,0.0
113746.077277709,20000000,0.04410544,-0.014415564,0.065018,0.31811643,-0.1913695,-0.2624311,False,0.0
113746.097277709,0,0.046931297,-0.005263063,0.057467163,0.25328133,-0.13653834,-0.2987845,False,0.0
113746.117277709,0,0.04906571,0.005701743,0.054223895,0.19827166,-0.15463795,-0.3410926,False,0.0
113746.137277709,0,0.07610434,0.0056745345,-0.009767175,0.087362334,-0.08056306,-0.4378865,False,0.0
113746.157277709,0,0.0618003,0.025681682,-0.010037363,0.019654572,-0.079785146,-0.44767228,False,0.0
113746.177277709,20000000,0.06778139,-0.010572439,0.0024282336,0.064331815,-0.06491205,-0.43462747,False,0.0
113746.197277709,0,0.06374651,-0.05028525,0.028999865,0.20437893,-0.018493962,-0.38189903,False,0.0
113746.217277709,0,0.067992836,-0.08316343,-0.06017208,0.38780773,-0.14347447,-0.2354895,False,0.0
113746.237277709,0,0.09447631,-0.13331866,-0.19324976,0.4490795,0.098666966,-0.21765247,False,0.0
113746.257277709,0,0.0087171495,-0.12470581,-0.094435215,0.5363367,0.046180096,-0.12896895,False,0.0
113746.277277709,0,-0.034181982,-0.11912166,-0.083845794,0.5087805,0.1247344,-0.12043233,False,0.0
113746.297277709,20000000,-0.11646511,-0.10350251,-0.017072976,0.48350778,-0.032384202,-0.10538969,False,0.0
113746.317277709,0,-0.13374819,-0.09927784,-0.09819478,0.35791048,-0.06703144,-0.19372563,False,0.0
113746.337277709,0,-0.15400225,-0.08201508,-0.1302737,0.22301915,-0.12470828,-0.2829315,False,0.0
113746.357277709,0,-0.15319829,-0.063210666,-0.15309739,0.06553541,-0.06534747,-0.41509622,False,0.0
113746.377277709,0,-0.15951227,-0.031877562,-0.10037053,-0.047477283,0.01592388,-0.555032,False,0.0
113746.397277709,0,-0.16448054,0.0043547153,-0.03829646,-0.13303073,0.08379285,-0.68421024,False,0.0
113746.417277709,20000000,-0.15891716,0.039310127,0.0017171502,-0.19064982,0.16011468,-0.76848507,False,0.0
113746.437277709,0,-0.14812826,0.05786844,0.031556845,-0.1969379,0.2193868,-0.804358,False,0.0
113746.457277709,20000000,-0.13691233,0.062327404,0.05651313,-0.15076323,0.26348168,-0.7998162,False,0.0
113746.477277709,0,-0.1336675,0.064723365,0.08099246,-0.046355076,0.27293453,-0.7315827,False,0.0
113746.497277709,0,-0.12382589,0.056875266,0.07852,0.048670597,0.2721266,-0.67200905,False,0.0
113746.517277709,0,-0.1184057,0.06622602,0.06857544,0.08275215,0.28064302,-0.6183993,False,0.0
113746.537277709,20000000,-0.11996357,0.09039205,0.057433426,0.040594324,0.30314165,-0.56633204,False,0.0
113746.557277709,0,-0.14045103,0.1171964,0.05338365,-0.03868682,0.23192427,-0.496721,False,0.0
113746.577277709,0,-0.13846101,0.13807116,-0.009046555,-0.17216137,0.22975068,-0.43391028,False,0.0
113746.597277709,20000000,-0.13903975,0.12591276,-0.031507194,-0.25831228,0.23858501,-0.36665964,False,0.0
113746.617277709,0,-0.13948268,0.083723426,-0.03536421,-0.24450026,0.19771579,-0.29335776,False,0.0
113746.637277709,20000000,-0.11649713,0.029228404,-0.070669055,-0.15807134,0.19882374,-0.22718039,False,0.0
113746.657277709,0,-0.07705586,-0.018768355,-0.08641511,-0.032354027,0.21386285,-0.19706805,False,0.0
113746.677277709,0,-0.014514625,-0.03913838,-0.07891005,0.06573405,0.3450613,-0.25869927,False,0.0
113746.697277709,20000000,0.027294368,-0.030222397,0.0013548732,0.15628728,0.35406968,-0.34368718,False,0.0
113746.717277709,0,0.05469677,-0.038733628,-0.028920889,0.1301434,0.416116,-0.5018474,False,0.0
113746.737277709,20000000,0.08213359,-0.04732956,-0.05924934,0.10399951,0.4781623,-0.66000754,False,0.0
113746.757277709,40000000,0.082034886,-0.03472598,-0.052308798,0.052569218,0.42743194,-0.7862892,False,0.0
113746.777277709,0,0.07919595,-0.0010196567,-0.03681141,-0.036905088,0.37065217,-0.8984583,False,0.0
113746.797277709,20000000,0.068475485,0.04705171,-0.0032691956,-0.15044665,0.29951698,-0.977044,False,0.0
113746.817277709,0,0.04584065,0.09920636,0.03454411,-0.2443507,0.20278555,-0.96079195,False,0.0
113746.837277709,0,0.029394895,0.121273674,0.054564595,-0.26435772,0.12004032,-0.8430781,False,0.0
113746.857277709,0,0.025572449,0.107288316,0.055423677,-0.18442726,0.064411044,-0.67874575,False,0.0
113746.877277709,0,0.032529682,0.078191414,0.05987352,-0.044157296,0.07043278,-0.51378655,False,0.0
113746.897277709,20000000,0.04059711,0.045514785,0.077445984,0.10492092,0.08536211,-0.3838064,False,0.0
113746.917277709,0,0.04786539,0.022007376,0.09655231,0.19541048,0.089839,-0.3045665,False,0.0
113746.937277709,0,0.049454182,0.021716058,0.13143843,0.2110253,0.02165223,-0.23689887,False,0.0
113746.957277709,20000000,0.053539604,0.041159734,0.14950734,0.13607799,-0.07000441,-0.14618626,False,0.0
113746.977277709,0,0.065781355,0.06727115,0.15595073,-0.020158663,-0.19927287,-0.04043188,False,0.0
113746.997277709,0,0.091227144,0.09200983,0.12835133,-0.24449432,-0.29579318,0.047024794,False,0.0
113747.017277709,0,0.104822665,0.10747393,0.101065695,-0.49725395,-0.3463537,0.142968,False,0.0
113747.037277709,20000000,0.10437295,0.090561435,0.08322632,-0.66259056,-0.37168372,0.24452156,False,0.0
113747.057277709,0,0.091335595,0.038604453,0.07048184,-0.68309647,-0.41460273,0.3495533,False,0.0
113747.077277709,20000000,0.087044716,-0.035447262,0.015285432,-0.59107363,-0.39379555,0.3856673,False,0.0
113747.097277709,0,0.055698156,-0.09290846,-0.042093754,-0.44119054,-0.2725976,0.3661371,False,0.0
113747.117277709,0,-0.05157593,-0.1222052,0.011955857,-0.20813775,-0.30094936,0.36241704,False,0.0
113747.137277709,0,-0.1870963,-0.113329604,0.02554059,-0.016427234,-0.44699037,0.37817815,False,0.0
113747.157277709,0,-0.25674802,-0.077621326,-0.0032466054,0.06884895,-0.6155851,0.32891586,False,0.0
113747.177277709,20000000,-0.24289492,-0.030420348,-0.12310541,-0.017279461,-0.5412742,0.16426595,False,0.0
113747.197277709,0,-0.20634297,0.0043694377,-0.19148713,-0.16865379,-0.28551304,-0.093669966,False,0.0
113747.217277709,0,-0.18352994,0.029411897,-0.18915582,-0.26717505,0.03962758,-0.38294917,False,0.0
113747.237277709,20000000,-0.19929458,0.06379378,-0.14120013,-0.2916631,0.2873236,-0.597498,False,0.0
113747.257277709,0,-0.21833454,0.094721064,-0.08813721,-0.25620717,0.41437405,-0.7166044,False,0.0
113747.277277709,0,-0.22120744,0.105033785,-0.04710853,-0.1682142,0.4587618,-0.763447,False,0.0
113747.297277709,20000000,-0.20453316,0.090593725,-0.02152121,-0.040872604,0.4822868,-0.789452,False,0.0
113747.317277709,0,-0.18688415,0.08454278,-0.012554586,0.02678734,0.48031214,-0.78801423,False,0.0
113747.337277709,20000000,-0.16915417,0.078408435,-0.0036227107,0.094447285,0.47833744,-0.78657645,False,0.0
113747.357277709,0,-0.13462324,0.07922417,0.0036913753,0.09299165,0.50608915,-0.79225993,False,0.0
113747.377277709,20000000,-0.10807179,0.087101296,0.020090759,0.04589972,0.5427542,-0.7990336,False,0.0
113747.397277709,0,-0.10711333,0.10503891,0.042259455,-0.04385306,0.51700926,-0.7689674,False,0.0
113747.417277709,0,-0.11084287,0.1187734,0.043620527,-0.15648896,0.45990726,-0.70554024,False,0.0
113747.437277709,0,-0.1146182,0.11882526,0.05001962,-0.25712663,0.39140618,-0.6333256,False,0.0
113747.457277709,0,-0.12902799,0.107510775,0.05351776,-0.32033443,0.31673306,-0.52743053,False,0.0
113747.477277709,20000000,-0.13684395,0.09596607,0.045088887,-0.37667605,0.25465107,-0.36541563,False,0.0
113747.497277709,0,-0.10888946,0.07962212,0.009979844,-0.47552544,0.18188325,-0.21016008,False,0.0
113747.517277709,0,-0.004446268,0.05111569,-0.07417369,-0.6450472,0.32952034,-0.18352745,False,0.0
113747.537277709,0,0.074929,-0.0035607517,-0.061395824,-0.7369783,0.58589876,-0.23974028,False,0.0
113747.557277709,0,0.06416768,-0.05035168,0.071602106,-0.6713098,0.63946795,-0.28514633,False,0.0
113747.577277709,20000000,0.015711278,-0.02692005,0.17839289,-0.56302404,0.4182486,-0.23957907,False,0.0
113747.597277709,0,0.012006223,0.031793863,0.14416558,-0.5613836,0.113084376,-0.16466016,False,0.0
113747.617277709,20000000,0.05895275,0.06849426,-0.0028556585,-0.65442246,0.041497655,-0.1763056,False,0.0
113747.637277709,0,0.08638796,0.066108614,-0.082084,-0.6838433,0.1651074,-0.30380535,False,0.0
113747.657277709,0,0.0379636,0.08147231,-0.06625062,-0.5612034,0.29057062,-0.4545522,False,0.0
113747.677277709,20000000,-0.010297447,0.09689996,-0.050589204,-0.4385635,0.4160338,-0.60529906,False,0.0
113747.697277709,40000000,-0.05409503,0.1076141,-0.029356718,-0.27833351,0.51817024,-0.7402081,False,0.0
113747.717277709,0,-0.08195412,0.09616041,0.0049091578,-0.086442664,0.5854558,-0.86192405,False,0.0
113747.737277709,20000000,-0.08402467,0.08211464,0.023328304,0.07850599,0.66775364,-0.9641072,False,0.0
113747.757277709,0,-0.07077819,0.067294836,0.034032106,0.1889677,0.7720242,-1.0566695,False,0.0
113747.777277709,0,-0.06725779,0.08228162,0.05097866,0.20932128,0.8619243,-1.1073424,False,0.0
113747.797277709,20000000,-0.063901186,0.116298944,0.09552789,0.17571852,0.8513914,-1.1048926,False,0.0
113747.817277709,0,-0.028667599,0.13810888,0.105700016,0.09153772,0.8553293,-1.0983336,False,0.0
113747.837277709,20000000,-0.0021063685,0.15744486,0.114512146,0.024322301,0.8948313,-1.0834867,False,0.0
113747.857277709,0,0.0034559965,0.16637117,0.12111199,-0.01291253,0.90918535,-1.0513216,False,0.0
113747.877277709,0,0.0020661652,0.14880356,0.114151895,-0.01483973,0.853401,-1.0320569,False,0.0
113747.897277709,20000000,0.00063082576,0.09739405,0.06886262,0.041614275,0.7247534,-1.0216453,False,0.0
113747.917277709,0,0.021875292,0.03470865,0.030694962,0.115058914,0.76670283,-1.271919,False,0.0
113747.937277709,20000000,0.043335885,-0.027977854,-0.0074270368,0.18850355,0.8086523,-1.5221927,False,0.0
113747.957277709,40000000,0.018363982,-0.063940436,-0.029202342,0.2112657,0.92493385,-1.9742203,False,0.0
113747.977277709,0,-0.08264473,-0.031855613,0.024657965,0.22901519,0.84241915,-2.3387294,False,0.0
113747.997277709,0,-0.13289231,0.008264542,0.04266888,0.24681732,0.7093414,-2.6079662,False,0.0
113748.017277709,20000000,-0.13618147,0.0363127,0.04318124,0.28772724,0.6440767,-2.7699564,False,0.0
113748.037277709,0,-0.13191144,0.059639454,0.039239883,0.34773743,0.6055164,-2.8009999,False,0.0
113748.057277709,0,-0.11918752,0.090373516,0.03501153,0.41285,0.6084159,-2.692549,False,0.0
113748.077277709,20000000,-0.098005965,0.09888154,0.029509842,0.4530067,0.6399693,-2.5343337,False,0.0
113748.097277709,0,-0.10441171,0.11025673,0.04537493,0.44020936,0.6036431,-2.3135407,False,0.0
113748.117277709,20000000,-0.10996559,0.12241912,0.06096399,0.427412,0.56731695,-2.0927477,False,0.0
113748.137277709,40000000,-0.10826729,0.13457596,0.06349087,0.3533004,0.44257176,-1.8134862,False,0.0
113748.157277709,0,-0.06489523,0.12536204,0.030539155,0.23904923,0.39679575,-1.5673956,False,0.0
113748.177277709,0,-0.020499706,0.107145905,0.00045621395,0.12307394,0.42673317,-1.37895,False,0.0
113748.197277709,20000000,-0.0059455484,0.08874762,-0.0016453862,0.033571094,0.4587886,-1.2202567,False,0.0
113748.217277709,0,0.0027953386,0.08968961,0.015080929,-0.031184636,0.46423098,-1.1023238,False,0.0
113748.237277709,20000000,0.011626959,0.09078562,0.03188616,-0.09594036,0.4696734,-0.9843909,False,0.0
113748.257277709,40000000,0.020274952,0.094153225,0.03943014,-0.14100584,0.4519761,-0.88766897,False,0.0
113748.277277709,0,0.020869508,0.09604168,0.04639387,-0.15465716,0.41638866,-0.7764588,False,0.0
113748.297277709,0,0.011288211,0.09884584,0.05491519,-0.14440292,0.3384176,-0.66324836,False,0.0
113748.317277709,0,0.007598445,0.10651302,0.05266869,-0.13991846,0.22442162,-0.56951815,False,0.0
113748.337277709,0,0.013193458,0.13083625,0.030228317,-0.16950697,0.14603215,-0.5002587,False,0.0
113748.357277709,20000000,0.010698348,0.15676552,0.01992762,-0.18221736,0.09230448,-0.41516864,False,0.0
113748.377277709,0,0.008076981,0.16539532,0.016978502,-0.1557296,0.051192753,-0.31680652,False,0.0
113748.397277709,0,0.013201997,0.16040087,0.0075636506,-0.1002406,0.053658027,-0.22564837,False,0.0
113748.417277709,0,0.0057943016,0.1538418,0.018149614,-0.016322657,0.03671924,-0.12873356,False,0.0
113748.437277709,0,0.0025134385,0.15152997,0.019940794,0.04599791,0.027501568,-0.031574547,False,0.0
113748.457277709,0,-0.00042654574,0.14748281,0.028372169,0.09175226,0.0060925353,0.070511945,False,0.0
113748.477277709,0,0.0016662478,0.13751441,0.037006855,0.12078907,-0.021978343,0.16026866,False,0.0
113748.497277709,0,0.0038037896,0.1272682,0.041609883,0.15087892,-0.049802758,0.26153654,False,0.0
113748.517277709,20000000,0.0035702288,0.11081457,0.04190308,0.15947974,-0.08016812,0.33205128,False,0.0
113748.537277709,0,0.0066965222,0.09143883,0.040581167,0.15501645,-0.086453006,0.3496456,False,0.0
113748.557277709,20000000,0.009852901,0.07209647,0.039253175,0.15055315,-0.09273789,0.36723998,False,0.0
113748.577277709,0,-0.0039335936,0.04975182,0.041623116,0.12591594,-0.10905837,0.37159315,False,0.0
113748.597277709,0,-0.004905075,0.034464,0.04714799,0.13090397,-0.15442498,0.3608723,False,0.0
113748.617277709,0,0.0008841753,0.020045519,0.034112453,0.12877959,-0.1685907,0.3219751,False,0.0
113748.637116583,0,0.00065777777,0.018664122,0.032744348,0.1450923,-0.18999882,0.2821716,False,0.0
113748.657116583,20000000,-0.0050454736,0.0268085,0.02969879,0.120322175,-0.19859117,0.26257572,False,0.0
113748.677116583,0,-0.012676299,0.0368793,0.027855277,0.100009345,-0.21272491,0.25562993,False,0.0
113748.697116583,20000000,-0.017095089,0.045421958,0.022047043,0.08863884,-0.22449857,0.26288247,False,0.0
113748.717116583,0,-0.01989472,0.053571343,0.011750281,0.0715556,-0.2265068,0.27878782,False,0.0
113748.737116583,0,-0.026885435,0.062066197,0.004524052,0.055216085,-0.23158553,0.30638027,False,0.0
113748.777116583,0,-0.039216578,0.061289012,-0.007985234,0.055250898,-0.23671061,0.41414875,False,0.0
113748.797116583,0,-0.039862752,0.044467926,-0.0109859705,0.09572606,-0.21960561,0.48203105,False,0.0
113748.817116583,20000000,-0.040485576,0.027672827,-0.013972402,0.1362012,-0.20250061,0.54991335,False,0.0
113748.837116583,40000000,-0.043736294,0.015990376,-0.008362174,0.1469693,-0.18145601,0.5754669,False,0.0
113748.857116583,0,-0.050786585,0.0072410107,0.0042996407,0.14528792,-0.18592277,0.5800249,False,0.0
113748.877116583,20000000,-0.04430513,-0.0071232915,0.010137558,0.13420889,-0.18843246,0.55774736,False,0.0
113748.897116583,0,-0.02554287,-0.024949849,0.009563386,0.13488954,-0.17069787,0.49745962,False,0.0
113748.917116583,0,-0.005661115,-0.03354311,0.0061540008,0.11835921,-0.12716104,0.40209675,False,0.0
113748.937116583,20000000,0.003269732,-0.032384515,0.010592043,0.093729496,-0.09245013,0.30089426,False,0.0
113748.957116583,0,0.012010261,-0.03102243,0.017083049,0.0689092,-0.07094268,0.20395753,False,0.0
113748.977116583,20000000,0.02136743,-0.030585587,0.021679044,0.048516784,-0.047732875,0.12441558,False,0.0
113748.997116583,0,0.02895692,-0.027923107,0.026077688,0.02206018,-0.023393974,0.06158954,False,0.0
113749.017116583,0,0.030648738,-0.015800714,0.033373177,-0.017130224,-0.013488706,0.035453208,False,0.0
113749.037116583,20000000,0.032803565,-0.0035458803,0.03505993,-0.064492494,-0.015872601,0.035382733,False,0.0
113749.057116583,0,0.036871374,0.002198398,0.038214922,-0.09185873,-0.023862444,0.06938314,False,0.0
113749.077116583,20000000,0.04684457,-0.0023412108,0.04549378,-0.08074654,-0.049843725,0.13272844,False,0.0
113749.097116583,0,0.082898885,-0.027736545,0.03788638,-0.014541753,-0.03730803,0.184318,False,0.0
113749.117116583,20000000,0.11895326,-0.05311948,0.030281067,0.051663034,-0.024772337,0.23590758,False,0.0
113749.137116583,40000000,0.1480346,-0.06795931,0.029073536,0.11061056,0.0051750615,0.26374948,False,0.0
113749.157116583,0,0.16160825,-0.067831814,0.044431686,0.14798376,-0.004993422,0.29469797,False,0.0
113749.177116583,20000000,0.16704106,-0.06678891,0.05974841,0.15730481,-0.05314707,0.3267797,False,0.0
113749.197116583,0,0.1690289,-0.070748925,0.06700665,0.14054513,-0.11929443,0.3470056,False,0.0
113749.217116583,0,0.16354026,-0.0699321,0.06706387,0.11594039,-0.18211192,0.36281285,False,0.0
113749.237116583,0,0.1461749,-0.067086816,0.07587224,0.105609365,-0.2593899,0.3818038,False,0.0
113749.257116583,0,0.12939143,-0.06567079,0.07137197,0.087261334,-0.32646635,0.3911248,False,0.0
113749.277116583,20000000,0.10929826,-0.0649482,0.0642243,0.05575772,-0.3791606,0.3878172,False,0.0
113749.297116583,0,0.084012404,-0.0615806,0.06253117,0.013225399,-0.43910784,0.37731236,False,0.0
113749.317116583,20000000,0.06408422,-0.05790037,0.052939534,-0.031048823,-0.47762954,0.35154217,False,0.0
113749.337116583,0,0.04184857,-0.05174613,0.043332577,-0.07704522,-0.5024841,0.31975067,False,0.0
113749.357116583,0,0.015544459,-0.04516977,0.034828305,-0.11751662,-0.53312045,0.29108357,False,0.0
113749.377116583,20000000,-0.0049066395,-0.035366,0.02162373,-0.16314882,-0.5645385,0.26000762,False,0.0
113749.397116583,0,-0.010547221,-0.020713866,-0.001768589,-0.21876258,-0.5535918,0.20767134,False,0.0
113749.417116583,20000000,-0.016157031,-0.006064713,-0.025216877,-0.27437633,-0.5426451,0.15533508,False,0.0
113749.437116583,40000000,-0.022591427,0.0051866174,-0.040222526,-0.30637655,-0.50526553,0.10754363,False,0.0
113749.457116584,0,-0.031149685,0.0081730485,-0.04370624,-0.28424844,-0.4658687,0.07140434,False,0.0
113749.477116584,20000000,-0.037573963,0.009931445,-0.04855758,-0.22069594,-0.42426684,0.05394055,False,0.0
113749.497116584,0,-0.039692983,0.009600282,-0.051214278,-0.14726584,-0.37245178,0.04928093,False,0.0
113749.517116584,20000000,-0.041691497,0.011196554,-0.049522996,-0.08184261,-0.31617302,0.052998822,False,0.0
113749.537116584,0,-0.04652442,0.0088377,-0.035990834,-0.049375277,-0.28757352,0.0744314,False,0.0
113749.557116584,20000000,-0.051346436,0.0064811707,-0.022481382,-0.016907945,-0.25897402,0.09586397,False,0.0
113749.577116584,40000000,-0.045006827,-0.003035605,-0.021285295,-0.017487185,-0.22829618,0.11240409,False,0.0
113749.597116584,0,-0.03786029,-0.018251777,-0.017775595,-0.023487318,-0.19923855,0.11780089,False,0.0
113749.617116584,0,-0.031341597,-0.035323024,-0.018820107,-0.03191125,-0.17526019,0.11999369,False,0.0
113749.637116584,20000000,-0.026806116,-0.052059352,-0.01704359,-0.025810387,-0.1647901,0.11596523,False,0.0
113749.657116584,0,-0.018011063,-0.061080158,-0.020930767,-0.02921022,-0.14235817,0.09845823,False,0.0
113749.677116584,20000000,-0.011845306,-0.06118393,-0.021617651,-0.0453143,-0.1170642,0.07193083,False,0.0
113749.697116584,0,-0.0095843375,-0.055628896,-0.014957309,-0.07120705,-0.094629355,0.048677176,False,0.0
113749.717116584,0,-0.010818645,-0.035791993,-0.007807493,-0.09785095,-0.09877568,0.057327077,False,0.0
113749.737116584,20000000,-0.012051806,-0.015954852,-0.00066047907,-0.12449485,-0.102922,0.06597698,False,0.0
113749.757116584,0,-0.013737917,0.005208671,0.0050619245,-0.15016672,-0.10373982,0.10204989,False,0.0
113749.777116584,20000000,-0.026948795,0.037795067,0.022202969,-0.16293497,-0.13912058,0.1965107,False,0.0
113749.797116584,0,-0.036879376,0.07244325,0.03675759,-0.1631535,-0.21337916,0.35740605,False,0.0
113749.817116584,20000000,-0.02696167,0.08808625,0.03573662,-0.16556408,-0.2613734,0.5282659,False,0.0
113749.837116584,0,-0.0079238415,0.09204823,0.030413747,-0.16851535,-0.28678533,0.68701655,False,0.0
113749.857116584,0,0.012219846,0.08489156,0.025542319,-0.18531781,-0.28331193,0.807568,False,0.0
113749.877116584,20000000,0.01898469,0.07071626,0.029234052,-0.20720045,-0.28756,0.8915428,False,0.0
113749.897116584,0,0.017967641,0.052341282,0.03915906,-0.22118291,-0.30543724,0.93501246,False,0.0
113749.917116584,0,0.003733158,0.05049956,0.05290073,-0.23270118,-0.36844316,0.9947231,False,0.0
113749.937116584,20000000,0.005816266,0.054674268,0.048521757,-0.25324002,-0.4229618,1.0455804,False,0.0
113749.957116584,0,0.016837716,0.047042668,0.036170483,-0.2798148,-0.443576,1.0549449,False,0.0
113749.977116584,0,0.020177454,0.042660177,0.025587857,-0.29620606,-0.4251501,1.0437762,False,0.0
113749.997116584,0,-0.0022905767,0.06128353,0.033296525,-0.30281264,-0.44940656,1.0844389,False,0.0
113750.017116584,20000000,-0.016994566,0.08694118,0.030495286,-0.3031956,-0.48499638,1.1778716,False,0.0
113750.037116584,0,-0.0073294193,0.10126889,0.01571238,-0.2935383,-0.48780867,1.284981,False,0.0
113750.057116584,20000000,0.0074589998,0.102072,0.0038986206,-0.27829212,-0.45985073,1.3787403,False,0.0
113750.077116584,0,0.010428026,0.09911078,0.010847509,-0.26108116,-0.45182458,1.462034,False,0.0
113750.097116584,0,0.012440741,0.09263545,0.021335125,-0.24241729,-0.45515543,1.5175773,False,0.0
113750.117116584,20000000,-0.00050622225,0.10946083,0.029888332,-0.23544267,-0.49033108,1.5978987,False,0.0
113750.137116584,0,-0.013170898,0.13460696,0.036476552,-0.23487097,-0.54318064,1.7309408,False,0.0
113750.157116584,0,-0.015434891,0.14484596,0.04189223,-0.22956426,-0.61595327,1.8826561,False,0.0
113750.177116584,0,-0.013414651,0.15422934,0.036251068,-0.24072048,-0.6605497,2.039258,False,0.0
113750.197116584,20000000,-0.019153625,0.16257316,0.042263985,-0.24943496,-0.7288112,2.221522,False,0.0
113750.217116584,0,-0.0076396465,0.1317597,0.034501314,-0.23732747,-0.73002464,2.3269901,False,0.0
113750.237116584,20000000,-0.004653901,0.09549016,0.031818807,-0.20642032,-0.71564364,2.3389785,False,0.0
113750.257116584,0,-0.0074053705,0.06555879,0.029533327,-0.18862896,-0.6900047,2.2530253,False,0.0
113750.277116584,20000000,-0.017522603,0.038116157,0.0359298,-0.16029441,-0.67486745,2.0897794,False,0.0
113750.297116584,0,-0.03525105,0.022648364,0.044651985,-0.13222326,-0.68911433,1.90909,False,0.0
113750.317116584,0,-0.03608671,-0.0013632178,0.03772062,-0.102581106,-0.667655,1.6399649,False,0.0
113750.337116584,20000000,-0.03649935,-0.025204599,0.030886114,-0.07293895,-0.6461956,1.3708398,False,0.0
113750.357116584,40000000,-0.031591713,-0.05039552,0.013699889,-0.048364952,-0.5937204,1.0410516,False,0.0
113750.377116584,0,-0.020316273,-0.08728242,-0.010542333,-0.028418735,-0.4668826,0.63870263,False,0.0
113750.397116584,0,-0.02137068,-0.12740749,-0.019231379,-0.0033860337,-0.3308863,0.17833653,False,0.0
113750.417116584,20000000,-0.025814682,-0.17150125,-0.02219516,0.01441518,-0.18538652,-0.34748617,False,0.0
113750.437116584,0,-0.039105147,-0.21433547,-0.025826454,0.0057278685,-0.02365622,-0.9376832,False,0.0
113750.457116584,20000000,-0.074198574,-0.23571081,-0.008489907,-0.009327202,0.06471318,-1.5108829,False,0.0
113750.477116584,0,-0.10091132,-0.21759433,-0.008601069,-0.07550808,0.1051577,-2.0301554,False,0.0
113750.497116584,20000000,-0.103512466,-0.19427955,-0.020000637,-0.1619936,0.14392093,-2.454189,False,0.0
113750.517116584,0,-0.09009546,-0.18919283,-0.027488172,-0.21529236,0.22937194,-2.785283,False,0.0
113750.537116584,0,-0.0956665,-0.16284901,-0.01755339,-0.18059215,0.30583733,-2.9378662,False,0.0
113750.557116584,0,-0.101223886,-0.11260015,-0.011231184,-0.13734743,0.36014673,-2.9405227,False,0.0
113750.577116584,20000000,-0.0930807,-0.04925841,-0.007393241,-0.1240716,0.38690236,-2.8592536,False,0.0
113750.597116584,0,-0.08160739,0.003215611,-0.009644449,-0.1109103,0.4181018,-2.703152,False,0.0
113750.617116584,0,-0.0705331,0.026863992,-0.0064513683,-0.047178574,0.41370642,-2.4510765,False,0.0
113750.637116584,20000000,-0.059016205,0.051692903,-0.0030648708,0.016553149,0.4093111,-2.199001,False,0.0
113750.657116584,40000000,-0.039652273,0.080791,-0.014316082,0.07088676,0.43206492,-1.8952713,False,0.0
113750.677116584,0,-0.019941263,0.10700995,-0.019258201,0.06996481,0.4705872,-1.5938369,False,0.0
113750.697116584,0,-0.013310954,0.11753291,-0.008112669,0.03964403,0.48941916,-1.3058677,False,0.0
113750.717116584,20000000,-0.0083657205,0.11245847,-0.0057020187,-0.012654807,0.49240908,-1.04761,False,0.0
113750.737116584,0,-0.003432013,0.09496504,0.0010439754,-0.06596573,0.4811623,-0.8281795,False,0.0
113750.757116584,0,0.006267898,0.06470299,0.0015494823,-0.10950772,0.48565328,-0.6806102,False,0.0
113750.777116584,0,0.012670547,0.036067903,0.008672416,-0.13467957,0.4811039,-0.58786994,False,0.0
113750.797116584,20000000,0.013325021,0.013999939,0.011013269,-0.14194417,0.47682247,-0.5255184,False,0.0
113750.817116584,0,0.008434415,-0.0017636418,0.019402444,-0.13723184,0.44286767,-0.48373133,False,0.0
113750.837116584,20000000,0.009798467,-0.006516576,0.014255643,-0.13564628,0.41000244,-0.45513323,False,0.0
113750.857116584,0,0.011406772,-0.0053955913,0.008090913,-0.12789813,0.38418716,-0.42814824,False,0.0
113750.877116584,0,0.009215236,-0.0045530796,0.011203945,-0.09738219,0.34502107,-0.38830325,False,0.0
113750.897116584,0,0.0032490417,-0.010125756,0.011445463,-0.049982157,0.2970481,-0.336876,False,0.0
113750.917116584,0,0.005008012,-0.0119790435,-0.00016123056,-0.022797942,0.26702154,-0.27929953,False,0.0
113750.937116584,20000000,0.0067557096,-0.013832808,-0.0117717385,0.0043862704,0.23699498,-0.22172303,False,0.0
113750.957116584,40000000,0.014183953,-0.0149386525,-0.021889567,0.0034014198,0.24206914,-0.1712943,False,0.0
113750.977116584,0,0.015370451,-0.01671642,-0.019245982,0.008727997,0.24891818,-0.12822177,False,0.0
113750.997116584,0,0.018793754,-0.01789391,-0.017228007,0.016946988,0.2678325,-0.08970527,False,0.0
113751.017116584,0,0.013516508,-0.019030869,-0.012403846,0.014901621,0.25001252,-0.05103669,False,0.0
113751.037093417,0,0.008009575,-0.015761292,-0.010574185,0.018272085,0.21665788,-0.00101242,False,0.0
113751.057093417,0,0.024024032,-0.019988656,-0.020236969,0.00018011034,0.24395967,0.016714646,False,0.0
113751.077093417,20000000,0.03420414,-0.019885302,-0.02127546,-0.02438979,0.27675414,0.024318298,False,0.0
113751.097093417,0,0.035563402,-0.014547348,-0.011593044,-0.050670817,0.2903158,0.024634065,False,0.0
113751.117093417,20000000,0.033926897,-0.008916795,-0.0030308366,-0.0760669,0.2877718,0.023343194,False,0.0
113751.137093417,0,0.031107008,-0.0036197305,0.005405128,-0.09662385,0.27204034,0.022908889,False,0.0
113751.157093417,0,0.029431984,0.00019067526,0.010506809,-0.107103944,0.2547324,0.025273155,False,0.0
113751.177093417,20000000,0.030993566,-0.001006484,0.012060046,-0.11046662,0.23819193,0.025648832,False,0.0
113751.197093417,0,0.03378181,-0.004901707,0.009021282,-0.103932075,0.23787017,0.011816433,False,0.0
113751.217093417,20000000,0.03657925,-0.008787155,0.005957365,-0.09739753,0.23754841,-0.002015965,False,0.0
113751.237093417,40000000,0.033091262,-0.012860537,0.0060548782,-0.09062119,0.22932567,-0.020164197,False,0.0
113751.257093417,0,0.027535304,-0.017342508,0.007838845,-0.08326419,0.21254517,-0.04597894,False,0.0
113751.277093417,20000000,0.027394459,-0.022607923,0.004044473,-0.08154126,0.20211306,-0.08504224,False,0.0
113751.297093417,0,0.02556093,-0.029148519,0.0014344454,-0.07858359,0.1941828,-0.13500842,False,0.0
113751.317093417,0,0.021365419,-0.034228027,0.0027783513,-0.069257386,0.17773557,-0.18430391,False,0.0
113751.337093417,0,0.019000024,-0.037645876,0.003770709,-0.058309224,0.1608347,-0.22467466,False,0.0
113751.357093417,0,0.019752681,-0.035550714,0.0039584637,-0.055355124,0.1419351,-0.25908896,False,0.0
113751.377093417,0,0.023260102,-0.032487333,0.0029146075,-0.055090528,0.12251748,-0.27619404,False,0.0
113751.397093417,20000000,0.033776477,-0.030474603,0.0011027455,-0.05155564,0.11481284,-0.29502362,False,0.0
113751.417093417,0,0.051976755,-0.018511772,-0.003187418,-0.06794641,0.13798296,-0.32608768,False,0.0
113751.437093417,20000000,0.06399375,0.0016688108,-0.0014694929,-0.10573368,0.16826211,-0.3520339,False,0.0
113751.457093417,0,0.06732316,0.024752378,0.008697748,-0.14357623,0.1913041,-0.35896775,False,0.0
113751.477093417,0,0.06329027,0.035387933,0.022491813,-0.14957091,0.20038489,-0.33477417,False,0.0
113751.497093417,20000000,0.05459,0.038807333,0.03585744,-0.12488992,0.18878733,-0.2769237,False,0.0
113751.517093417,0,0.04511991,0.044469833,0.039148808,-0.10013531,0.1569688,-0.19532648,False,0.0
113751.537093417,20000000,0.03566432,0.050135195,0.04243052,-0.075380705,0.1251503,-0.113729276,False,0.0
113751.557093417,40000000,0.023464859,0.052846372,0.04657632,-0.07068758,0.07126412,-0.036490284,False,0.0
113751.577093417,0,0.012507409,0.056737125,0.045015097,-0.08174229,0.0057791695,0.033889726,False,0.0
113751.597093417,0,0.009128928,0.053830147,0.03760779,-0.1008353,-0.037886202,0.0838038,False,0.0
113751.617093417,0,-0.00032885373,0.048574686,0.034976125,-0.10935995,-0.076705486,0.12396109,False,0.0
113751.637093417,20000000,-0.012066737,0.040083647,0.03498888,-0.098331384,-0.11421794,0.15497552,False,0.0
113751.657093417,0,-0.02831395,0.028826177,0.03327155,-0.08079247,-0.1530436,0.18264477,False,0.0
113751.677093417,20000000,-0.035533875,0.0152977705,0.024396837,-0.060561687,-0.17716727,0.19672951,False,0.0
113751.697093417,0,-0.040906698,-0.002348423,0.0143536925,-0.045306597,-0.18360929,0.1847392,False,0.0
113751.717093417,0,-0.04783243,-0.012432098,0.0071008205,-0.042594615,-0.17821516,0.15250395,False,0.0
113751.737093417,20000000,-0.05574426,-0.01794219,0.0021414757,-0.059143096,-0.16831693,0.10633184,False,0.0
113751.757093417,0,-0.05652179,-0.021039188,-0.005281687,-0.092210814,-0.14162011,0.039037168,False,0.0
113751.777093417,0,-0.05134874,-0.031071901,-0.010372341,-0.116522,-0.099275954,-0.053375922,False,0.0
113751.797093417,20000000,-0.043969534,-0.04213053,-0.020491362,-0.13213302,-0.03823547,-0.16935137,False,0.0
113751.817093417,0,-0.041230932,-0.04914707,-0.024491489,-0.13829595,0.022367109,-0.3012236,False,0.0
113751.837093417,20000000,-0.034390107,-0.055204332,-0.025476933,-0.14175965,0.09023106,-0.45531383,False,0.0
113751.857093417,0,-0.038017765,-0.044463456,-0.018583238,-0.15410194,0.13070613,-0.58948195,False,0.0
113751.877093417,20000000,-0.046751842,-0.025819182,-0.004472196,-0.17095014,0.112496704,-0.6690431,False,0.0
113751.897093417,0,-0.034077473,-0.010654449,0.0005246401,-0.18488155,0.09017469,-0.7088384,False,0.0
113751.917093417,0,-0.0070381314,-0.0018493533,0.0027459264,-0.17603031,0.084625565,-0.7198818,False,0.0
113751.937093417,20000000,0.026743129,0.0073191524,-0.0017113686,-0.14551075,0.12623146,-0.7144784,False,0.0
113751.957093417,0,0.045400277,0.022054732,0.00076264143,-0.104501694,0.17034732,-0.68509674,False,0.0
113751.977093417,0,0.04163371,0.045022726,0.009886801,-0.07795149,0.18238214,-0.59012276,False,0.0
113751.997093417,20000000,0.037920162,0.06806022,0.018997788,-0.051401284,0.19441696,-0.4951488,False,0.0
113752.017093417,0,0.035025768,0.0818395,0.021954477,-0.034318633,0.18095654,-0.36688632,False,0.0
113752.037093417,20000000,0.03194335,0.08445656,0.025968313,-0.009697979,0.14858261,-0.21675849,False,0.0
113752.057093417,0,0.029875696,0.0820449,0.030145347,0.0150319245,0.10907531,-0.057927296,False,0.0
113752.077093417,0,0.030167207,0.073376715,0.037580907,0.03885618,0.06352328,0.09525497,False,0.0
113752.097093417,0,0.028635323,0.05955738,0.048638523,0.045466647,-5.0775707e-05,0.22034714,False,0.0
113752.117093417,0,0.033509612,0.05247742,0.043835282,0.0067999624,-0.04076958,0.27718312,False,0.0
113752.137093417,20000000,0.0383932,0.045416415,0.03902608,-0.031866718,-0.081488386,0.33401906,False,0.0
113752.157093417,0,0.03326793,0.02813977,0.04064828,-0.04900054,-0.11753248,0.36382228,False,0.0
113752.177093417,0,0.025399618,0.004567921,0.042532682,-0.029421262,-0.15587093,0.37400267,False,0.0
113752.197093417,0,0.016669922,-0.014545202,0.036830068,0.0025579594,-0.19003937,0.374163,False,0.0
113752.217093417,20000000,0.01438801,-0.031464934,0.026701093,0.025577271,-0.20674473,0.35872978,False,0.0
113752.237093417,0,0.016574614,-0.04740137,0.014449418,0.043661505,-0.206116,0.31379962,False,0.0
113752.257093417,0,0.017837234,-0.05487573,0.0030242205,0.041015342,-0.18247904,0.24844778,False,0.0
113752.277093417,20000000,0.011607245,-0.04584241,-0.0009673238,0.011530008,-0.15813732,0.17161167,False,0.0
113752.297093417,0,-0.002474837,-0.021142125,0.0033002496,-0.039509524,-0.13627191,0.101430096,False,0.0
113752.317093417,0,-0.021749482,0.008620322,0.012764871,-0.08863361,-0.13708106,0.05400268,False,0.0
113752.337093417,0,-0.032953,0.032318056,0.010037482,-0.12144104,-0.12269652,0.024873773,False,0.0
113752.357093417,0,-0.039363183,0.0443148,0.0051441193,-0.11358285,-0.10421113,0.019645287,False,0.0
113752.377093417,0,-0.03505701,0.04297459,-0.009677112,-0.07230945,-0.04490831,0.013552779,False,0.0
113752.397093417,0,-0.042343907,0.035630524,-0.010005593,-0.0327277,-0.0085794665,0.007587392,False,0.0
113752.417093417,20000000,-0.049630735,0.028286457,-0.010334015,0.0068540536,0.027749382,0.0016220044,False,0.0
113752.437093417,40000000,-0.056917474,0.020942569,-0.0106624365,0.046435803,0.06407823,-0.0043433835,False,0.0
113752.457093417,60000000,-0.057527408,0.016176462,-0.01632911,0.041065086,0.095090814,-0.021643816,False,0.0
113752.477093417,0,-0.05459193,0.01581651,-0.025533497,0.010772882,0.14697972,-0.053185143,False,0.0
113752.497093417,0,-0.0581007,0.014040709,-0.027789235,-0.017450005,0.22066155,-0.09628035,False,0.0
113752.517093417,20000000,-0.075397536,0.0074114203,-0.0064600706,-0.008574331,0.27174556,-0.13167116,False,0.0
113752.537093417,0,-0.096133,0.010301292,0.0044757724,0.010490783,0.30276996,-0.15310048,False,0.0
113752.557093417,20000000,-0.11270125,0.02160585,0.0068547726,0.019034712,0.33471018,-0.17703614,False,0.0
113752.577093417,0,-0.13009083,0.036981583,0.0085093975,0.020388868,0.34484088,-0.1930216,False,0.0
113752.597093417,0,-0.13717073,0.045149624,-0.0050188303,0.021116402,0.38075393,-0.22470412,False,0.0
113752.617093417,0,-0.14349928,0.04557234,-0.013354778,0.042797558,0.43711767,-0.2673987,False,0.0
113752.637093417,0,-0.16078691,0.05089575,-0.0140042305,0.08553,0.4785486,-0.31589225,False,0.0
113752.657093417,20000000,-0.1828008,0.06250495,-0.019483447,0.13750115,0.50059205,-0.3445995,False,0.0
113752.677093417,0,-0.19189522,0.05397886,-0.036160767,0.21974576,0.53146625,-0.38470957,False,0.0
113752.697093417,20000000,-0.19162361,0.022296429,-0.061797917,0.35070133,0.6140053,-0.4695859,False,0.0
113752.717093417,0,-0.19763188,-0.022140324,-0.08460051,0.56572765,0.73582757,-0.6280838,False,0.0
113752.737093417,20000000,-0.20358238,-0.06656146,-0.107441425,0.78075397,0.85764986,-0.78658175,False,0.0
113752.757093417,40000000,-0.19310921,-0.13434154,-0.14326173,1.0421393,1.0998973,-1.1244434,False,0.0
113752.777093417,0,-0.21000311,-0.16714418,-0.13928992,1.301466,1.3370951,-1.531711,False,0.0
113752.797093417,20000000,-0.25031605,-0.14743471,-0.101460636,1.4817262,1.4713411,-1.8849881,False,0.0
113752.817093417,0,-0.26145744,-0.10979855,-0.072499335,1.5768164,1.568252,-2.167354,False,0.0
113752.837093417,0,-0.26105395,-0.06274456,-0.046297252,1.6022011,1.656616,-2.3586857,False,0.0
113752.857093417,20000000,-0.25960347,-0.010945916,-0.020986378,1.5506166,1.733505,-2.4590962,False,0.0
113752.877093417,0,-0.27014187,0.030050755,0.01358062,1.4655066,1.7527808,-2.4571762,False,0.0
113752.897093417,0,-0.28581774,0.06796855,0.05929607,1.3559501,1.687093,-2.3553233,False,0.0
113752.917093417,20000000,-0.28621554,0.10104883,0.088235974,1.2322259,1.6017414,-2.1745398,False,0.0
113752.937093417,0,-0.27904367,0.123294294,0.10252154,1.0995678,1.4966962,-1.9431311,False,0.0
113752.957093417,0,-0.2675353,0.1341297,0.09879309,0.9363618,1.3831732,-1.7041743,False,0.0
113752.977093417,0,-0.26101854,0.13512945,0.09013212,0.7726827,1.2626636,-1.4637754,False,0.0
113752.997093417,0,-0.2597784,0.1242677,0.07633537,0.6342548,1.1424077,-1.2453233,False,0.0
113753.017093417,20000000,-0.25431836,0.10662341,0.058556855,0.5380683,1.0169066,-1.0362948,False,0.0
113753.037093417,0,-0.23115762,0.073545516,0.026795566,0.48216352,0.959996,-0.8783321,False,0.0
113753.057093417,20000000,-0.20946674,0.041297138,0.018988788,0.48675808,0.9183165,-0.7754397,False,0.0
113753.077093417,0,-0.17659925,0.019829452,0.0057653785,0.49931088,0.9284036,-0.7354329,False,0.0
113753.097093417,0,-0.14519468,0.011700958,0.0010280013,0.50940037,0.951071,-0.74792075,False,0.0
113753.117093417,0,-0.12732983,0.03088072,0.0131290555,0.5037167,0.8888418,-0.72902507,False,0.0
113753.137093417,20000000,-0.104283705,0.054597914,0.0044424534,0.4713719,0.63728964,-0.6083487,False,0.0
113753.157093417,0,-0.026120022,0.035592258,-0.06902206,0.3801207,0.6001962,-0.56229687,False,0.0
113753.177093417,0,-0.003832072,0.045724034,0.043016613,0.39217672,0.3904754,-0.45581764,False,0.0
113753.197093417,0,0.09422387,0.049028814,0.021604061,0.348941,0.3161648,-0.47268817,False,0.0
113753.217093417,0,0.18989004,0.06373575,-0.039814115,0.24832189,0.43745115,-0.5349488,False,0.0
113753.237093417,20000000,0.24376053,0.030788094,-0.046495438,0.22295533,0.5101327,-0.65117455,False,0.0
113753.257093417,0,0.2883799,0.013329834,-0.090477526,0.19947517,0.6605128,-0.79539466,False,0.0
113753.277093417,0,0.29191515,0.0031606853,-0.094165504,0.21100172,0.7735157,-0.90332067,False,0.0
113753.297093417,0,0.22712035,-0.0065767765,-0.05095631,0.27643362,0.76548576,-0.86371493,False,0.0
113753.317093417,0,0.19005628,-0.013097256,-0.01372087,0.3266602,0.6010741,-0.7226006,False,0.0
113753.337093417,20000000,0.15291713,-0.01963666,0.023452878,0.37688676,0.43666244,-0.58148617,False,0.0
113753.357093417,40000000,0.11570378,-0.02619651,0.060564518,0.4271133,0.27225077,-0.44037175,False,0.0
113753.377093417,0,0.14231816,-0.023946047,0.06702465,0.3533613,0.26527062,-0.43790865,False,0.0
113753.397093417,0,0.14986365,-0.0026729703,0.04611063,0.23714328,0.3227456,-0.42003897,False,0.0
113753.417093417,0,0.1372985,-0.035678446,0.048686206,0.20780335,0.35443625,-0.39900354,False,0.0
113753.437093417,20000000,0.08657205,-0.08215904,0.097910166,0.28161833,0.2740149,-0.3402521,False,0.0
113753.457093417,0,0.03491962,-0.091094494,0.1377613,0.36110932,0.07258096,-0.24219865,False,0.0
113753.476993292,0,0.07619263,-0.11364264,0.10760233,0.39417854,-0.00741163,-0.2594682,False,0.0
113753.496993292,20000000,0.10743435,-0.091746956,0.08451676,0.330533,0.05723145,-0.3394666,False,0.0
113753.516993292,0,0.12132159,-0.061107755,0.06256908,0.23705955,0.11078951,-0.39622545,False,0.0
113753.536993292,0,0.11523242,-0.016422361,0.05177337,0.10309149,0.10885203,-0.42644364,False,0.0
113753.556993292,20000000,0.10592237,0.04675874,0.04520756,-0.05595188,0.060783975,-0.38829014,False,0.0
113753.576993292,0,0.1122607,0.068217665,0.031230688,-0.13692097,0.043221436,-0.30357286,False,0.0
113753.596993292,0,0.110611394,0.042821854,0.03553444,-0.08526385,0.016800059,-0.17734934,False,0.0
113753.616993292,0,0.09808336,0.0058101118,0.034126937,0.036781706,-0.038464047,-0.026858866,False,0.0
113753.636993292,20000000,0.08555581,-0.031200737,0.032717347,0.15882725,-0.093728155,0.12363161,False,0.0
113753.656993292,0,0.09623666,-0.08271748,0.011487961,0.24344692,-0.12520432,0.20850787,False,0.0
113753.676993292,20000000,0.115204155,-0.13530335,-0.035122514,0.24946943,-0.115748264,0.19954005,False,0.0
113753.696993292,0,0.1258377,-0.17051966,-0.07985568,0.16877487,-0.07251267,0.111331634,False,0.0
113753.716993292,20000000,0.110502616,-0.18316776,-0.102651775,0.041155383,-0.07974933,0.001608625,False,0.0
113753.736993292,0,0.079504356,-0.16463038,-0.1209203,-0.0891985,-0.14016055,-0.07014799,False,0.0
113753.756993292,0,0.053257406,-0.13453123,-0.1498962,-0.14377838,-0.258649,-0.06638859,False,0.0
113753.776993292,20000000,0.06123501,-0.11615801,-0.24816585,-0.13832976,-0.35660404,-0.028546683,False,0.0
113753.796993292,0,0.09247112,-0.10062879,-0.35972726,-0.11536682,-0.17048562,-0.018561104,False,0.0
113753.816993292,20000000,0.04647979,-0.06675774,-0.25188637,0.0041745678,-0.0048421323,0.017723674,False,0.0
113753.836993292,0,-0.028876886,0.0031127632,-0.09016609,0.109230116,-0.0010419879,0.104182675,False,0.0
113753.856993292,20000000,-0.046895683,0.06336656,0.0017257333,0.12516092,0.013072719,0.1581592,False,0.0
113753.876993292,0,-0.03400089,0.07834834,0.0055318475,0.043957666,0.09211885,0.14114545,False,0.0
113753.896993292,20000000,-0.016602755,0.062520355,0.0028604865,-0.06312481,0.17800087,0.044029973,False,0.0
113753.916993292,0,-0.011758059,0.06800324,0.017165601,-0.17145905,0.21845348,-0.07792013,False,0.0
113753.936993292,20000000,-0.022954404,0.0854097,0.036325157,-0.25193858,0.20931672,-0.1494906,False,0.0
113753.956993292,0,-0.035884798,0.08850306,0.07197547,-0.25809214,0.15467776,-0.15570422,False,0.0
113753.976993292,20000000,-0.050458357,0.07934165,0.11558181,-0.18575086,0.06856331,-0.08983351,False,0.0
113753.996993292,0,-0.058135524,0.0711849,0.14785826,-0.095542245,-0.027556665,0.041591182,False,0.0
113754.016993292,0,-0.05292943,0.05817148,0.15198523,-0.035548333,-0.114584714,0.21063244,False,0.0
113754.036993292,20000000,-0.031362697,0.023676515,0.13748682,-0.013412606,-0.15063858,0.36922294,False,0.0
113754.056993292,0,-0.008440182,-0.035327554,0.11909449,-0.0017102836,-0.14118569,0.47454125,False,0.0
113754.076993292,20000000,-0.014969349,-0.09121144,0.10536635,0.0017314854,-0.14080292,0.54309183,False,0.0
113754.096993292,0,-0.045223042,-0.10519749,0.09797138,-0.014271215,-0.20618938,0.5957764,False,0.0
113754.116993292,20000000,-0.07544398,-0.119164884,0.09058374,-0.030273914,-0.27157584,0.6484609,False,0.0
113754.136993292,40000000,-0.07981697,-0.10531202,0.05555272,-0.070604965,-0.27010733,0.6534763,False,0.0
113754.156993292,0,-0.080209225,-0.08163729,0.031596005,-0.10426049,-0.22037542,0.6349823,False,0.0
113754.176993292,20000000,-0.0897104,-0.06741324,0.04179734,-0.07824218,-0.16588739,0.6243324,False,0.0
113754.196993292,0,-0.10588121,-0.057031482,0.05425507,-0.0056039616,-0.20451516,0.6366221,False,0.0
113754.216993292,0,-0.08739333,-0.04203543,0.0019798279,0.03532139,-0.23881029,0.6567678,False,0.0
113754.236993292,20000000,-0.04579945,-0.039816976,-0.07700181,0.037588265,-0.22098531,0.6436257,False,0.0
113754.256993292,0,-0.021156624,-0.045019835,-0.1116485,0.05356235,-0.19518483,0.6304536,False,0.0
113754.276993292,20000000,-0.021419168,-0.048565745,-0.11311728,0.091631845,-0.2147409,0.6467124,False,0.0
113754.296993292,0,-0.021492347,-0.056613773,-0.11208773,0.14475773,-0.29882845,0.6967649,False,0.0
113754.316993292,0,0.0067603886,-0.06828639,-0.15636462,0.1693223,-0.42202955,0.728417,False,0.0
113754.336993292,0,0.045608595,-0.06371555,-0.26635092,0.06289805,-0.39596313,0.7278748,False,0.0
113754.356993292,0,0.053119674,-0.041629523,-0.18301421,-0.012140036,-0.3943664,0.75738907,False,0.0
113754.376993292,20000000,0.07701084,-0.029889643,-0.036506534,-0.009110006,-0.41255194,0.7789695,False,0.0
113754.396993292,0,0.12773411,-0.01482445,0.032428026,-0.00017086696,-0.36954772,0.7633077,False,0.0
113754.416993292,0,0.1524406,0.0055275857,0.035549045,-0.07408075,-0.336616,0.70679,False,0.0
113754.436993292,20000000,0.17717287,0.025874704,0.038670957,-0.14799063,-0.3036843,0.6502722,False,0.0
113754.456993292,40000000,0.2019308,0.04621631,0.041793466,-0.2219005,-0.2707526,0.5937545,False,0.0
113754.476993292,0,0.21571499,0.06933084,0.030885458,-0.35681665,-0.2522322,0.54001355,False,0.0
113754.496993292,20000000,0.21496923,0.062037617,0.05358827,-0.43342173,-0.2112442,0.48852593,False,0.0
113754.516993292,0,0.17435147,0.024146467,0.11240357,-0.32862395,-0.25874653,0.45801526,False,0.0
113754.536993292,20000000,0.13368553,-0.013712943,0.17119259,-0.22382617,-0.3062489,0.4275046,False,0.0
113754.556993292,0,0.10060404,-0.024770677,0.18281567,-0.14239591,-0.362415,0.39085752,False,0.0
113754.576993292,20000000,0.06537853,-0.018431336,0.18142456,-0.12398489,-0.45761427,0.36275432,False,0.0
113754.596993292,0,0.03175232,-0.0023864508,0.16046447,-0.16118285,-0.5833045,0.36369455,False,0.0
113754.616993292,0,0.004420653,0.009401828,0.12836444,-0.20877746,-0.7055349,0.42167082,False,0.0
113754.636993292,0,-7.557869e-05,-0.0036082268,0.10414195,-0.1926764,-0.80559796,0.51898116,False,0.0
113754.656993292,0,0.03988853,-0.04364571,0.05604154,-0.1293436,-0.75202084,0.57138395,False,0.0
113754.676993292,20000000,0.088811815,-0.06988466,0.03194219,-0.05286216,-0.6265284,0.5573461,False,0.0
113754.696993292,0,0.13190629,-0.075743556,-0.00036907196,-0.016993314,-0.43326384,0.48259544,False,0.0
113754.716993292,0,0.14336267,-0.078265816,-0.008966565,-0.007914046,-0.30874544,0.37780577,False,0.0
113754.736993292,0,0.1416065,-0.061882645,-0.004387915,-0.029164413,-0.27716073,0.27668786,False,0.0
113754.756993292,20000000,0.13674971,-0.02921468,-0.02893871,-0.10498621,-0.27491152,0.18904564,False,0.0
113754.776993292,0,0.12970227,0.015057772,-0.018008113,-0.14732596,-0.317307,0.18480623,False,0.0
113754.796993292,20000000,0.1317458,0.047136515,-0.0036973357,-0.11903316,-0.36871633,0.2558148,False,0.0
113754.816993292,0,0.14320722,0.11280355,-0.11571187,-0.22106206,-0.39008334,0.5211545,False,0.0
113754.836993292,20000000,0.1546687,0.1784235,-0.22776508,-0.32309097,-0.41145036,0.78649426,False,0.0
113754.856993292,0,0.05743344,0.26577812,-0.004187286,-0.3994059,-0.51920104,1.2127218,False,0.0
113754.876993292,0,-0.072444215,0.37742436,0.17177898,-0.5669773,-0.8579006,1.7977405,False,0.0
113754.896993292,0,-0.1453878,0.4289777,0.21276903,-0.7786081,-1.117157,2.3910382,False,0.0
113754.916993292,20000000,-0.19369653,0.39651605,0.16944546,-0.99729824,-1.3612164,2.8835483,False,0.0
113754.936993292,0,-0.18551418,0.35908484,0.08003932,-1.2286702,-1.4919181,3.2245436,False,0.0
113754.956993292,0,-0.1367727,0.32212925,-0.037652552,-1.4710546,-1.4320478,3.3861804,False,0.0
113754.976993292,20000000,-0.08806545,0.2767403,-0.09961861,-1.6383739,-1.2199932,3.3664074,False,0.0
113754.996993292,0,-0.08110423,0.24016929,-0.07335365,-1.6345757,-1.0535697,3.26943,False,0.0
113755.016993292,20000000,-0.07851273,0.18162292,-0.044155777,-1.4734064,-0.9310775,3.1006613,False,0.0
113755.036993292,0,-0.061362594,0.09463549,-0.023144662,-1.1903683,-0.80670905,2.8356788,False,0.0
113755.056993292,20000000,-0.041384295,-3.71933e-05,0.0013609529,-0.8414152,-0.6581027,2.4571285,False,0.0
113755.076993292,0,-0.062011883,-0.06811893,0.053327084,-0.5106195,-0.57722694,2.064476,False,0.0
113755.096993292,0,-0.08782342,-0.07197377,0.07086861,-0.36277056,-0.6095215,1.733891,False,0.0
113755.116993292,20000000,-0.11327815,-0.07569322,0.08836138,-0.21492156,-0.6418161,1.403306,False,0.0
113755.136993292,40000000,-0.13837355,-0.07928616,0.10580039,-0.067072585,-0.67411065,1.072721,False,0.0
113755.156993292,60000000,-0.14332552,-0.047677934,0.0877952,-0.072487734,-0.62981975,0.8377935,False,0.0
113755.176993292,0,-0.15831822,0.0015971661,0.06638855,-0.12384448,-0.5609564,0.7072711,False,0.0
113755.196993292,0,-0.17934847,0.049331844,0.026353478,-0.18531722,-0.47986537,0.6881321,False,0.0
113755.216993292,20000000,-0.19587986,0.07234943,-0.012972593,-0.22881573,-0.3810427,0.7592194,False,0.0
113755.236993292,0,-0.21641524,0.063250214,-0.026563704,-0.22544263,-0.30772364,0.8614248,False,0.0
113755.256993292,0,-0.2465921,0.040315658,-0.026149452,-0.20025106,-0.26709574,0.9846399,False,0.0
113755.276993292,20000000,-0.26504323,0.008142889,-0.0074384212,-0.15775615,-0.28205034,1.0895828,False,0.0
113755.296993292,0,-0.25330952,-0.013300031,-0.01936555,-0.1530191,-0.29213217,1.1768737,False,0.0
113755.316993292,0,-0.22799583,-0.026101738,-0.03184414,-0.24707256,-0.2586951,1.2167326,False,0.0
113755.336993292,20000000,-0.20256552,-0.038803518,-0.044302344,-0.34112602,-0.22525802,1.2565916,False,0.0
113755.356993292,40000000,-0.17701656,-0.051407903,-0.05674106,-0.43517947,-0.19182095,1.2964505,False,0.0
113755.376993292,60000000,-0.11946434,-0.08772081,-0.06476158,-0.5036622,-0.08121462,1.2435321,False,0.0
113755.396993292,0,-0.050344944,-0.17170012,-0.033741415,-0.4366014,0.05316095,0.98978627,False,0.0
113755.416993292,0,-0.012090445,-0.21268201,-0.009563208,-0.29832947,0.21294731,0.45173812,False,0.0
113755.436993292,20000000,0.026138455,-0.2535171,0.014531314,-0.16005754,0.3727337,-0.08631009,False,0.0
113755.456993292,40000000,0.026614338,-0.2336232,0.063384175,-0.008922115,0.39249176,-0.58445156,False,0.0
113755.476993292,0,0.08337867,-0.22079453,0.08467263,0.1456839,0.42698646,-1.0889969,False,0.0
113755.496993292,20000000,0.14298072,-0.16987512,0.08763194,0.24915609,0.4997545,-1.5397409,False,0.0
113755.516993292,0,0.18654013,-0.066773236,0.09971678,0.29010183,0.59742504,-1.8443024,False,0.0
113755.536993292,0,0.19025123,0.055838495,0.13743043,0.2810424,0.6235029,-1.9557137,False,0.0
113755.556993292,20000000,0.1674209,0.20424,0.18699384,0.20928137,0.47664827,-1.7933853,False,0.0
113755.576993292,0,0.19403034,0.30501541,0.19160092,0.10147394,0.32754448,-1.482097,False,0.0
113755.596993292,0,0.24532776,0.3231824,0.16509467,0.039011758,0.25619572,-1.147695,False,0.0
113755.616993292,0,0.27893588,0.2923538,0.14241928,0.033303984,0.26449418,-0.85345495,False,0.0
113755.636993292,0,0.26911807,0.27316314,0.14491975,0.054123223,0.22312827,-0.55202425,False,0.0
113755.656993292,20000000,0.25487566,0.25117415,0.13312119,0.043913692,0.18834502,-0.2685294,False,0.0
113755.676993292,0,0.24467082,0.21460068,0.1286403,-0.01282173,0.16752568,-0.078486845,False,0.0
113755.696993292,0,0.2163009,0.20551825,0.14602244,-0.064274184,0.06570414,0.12013176,False,0.0
113755.716993292,0,0.21074717,0.19362932,0.14203286,-0.13327906,-0.008344613,0.24605748,False,0.0
113755.736993292,20000000,0.2051983,0.1817469,0.13803935,-0.20228393,-0.08239336,0.37198317,False,0.0
113755.756993292,0,0.20170423,0.1906243,0.13419372,-0.27066514,-0.14401978,0.4582611,False,0.0
113755.776993292,0,0.17255539,0.20063579,0.15750277,-0.28016987,-0.28246856,0.6136423,False,0.0
113755.796993292,0,0.17073059,0.19274753,0.15311009,-0.28883684,-0.3681734,0.7238651,False,0.0
113755.816993292,0,0.15326202,0.21694702,0.15872687,-0.33299148,-0.44604343,0.884545,False,0.0
113755.836993292,0,0.13555032,0.2303817,0.16520482,-0.3972349,-0.56205434,1.0718218,False,0.0
113755.856993292,0,0.13961314,0.2189405,0.14832705,-0.4765212,-0.6403166,1.2009007,False,0.0
113755.876849667,0,0.15297844,0.20067649,0.11979327,-0.55195343,-0.6852354,1.2616673,False,0.0
113755.896849667,20000000,0.17856094,0.17411798,0.09512025,-0.5487462,-0.68030715,1.1659901,False,0.0
113755.916849667,0,0.19266772,0.1652494,0.09520465,-0.5163023,-0.70353943,1.0542505,False,0.0
113755.936849667,0,0.19289207,0.16905034,0.11015087,-0.4468395,-0.7742698,0.96163344,False,0.0
113755.956849667,0,0.19422624,0.17129111,0.1169911,-0.3550686,-0.85284644,0.8804894,False,0.0
113755.976849667,0,0.18765658,0.17519045,0.120909035,-0.2562533,-0.9168324,0.8271663,False,0.0
113755.996849667,0,0.161695,0.17703217,0.12910312,-0.18133968,-1.0064982,0.83613646,False,0.0
113756.016849667,20000000,0.13580246,0.17873728,0.13715863,-0.10642605,-1.0961641,0.84510654,False,0.0
113756.036849667,40000000,0.119468,0.17289019,0.14048088,-0.06691858,-1.1611176,0.8459301,False,0.0
113756.056849667,0,0.10843402,0.15743762,0.15173715,-0.031660315,-1.213042,0.8323253,False,0.0
113756.076849667,20000000,0.10509768,0.1421135,0.15895987,-0.009992033,-1.2403109,0.81270546,False,0.0
113756.096849667,0,0.095833644,0.12544364,0.18269056,0.02228741,-1.2645065,0.81387156,False,0.0
113756.116849667,0,0.067638814,0.10155791,0.22145039,0.06266315,-1.3075073,0.85828555,False,0.0
113756.136849667,20000000,0.021720976,0.062421143,0.2755794,0.16100577,-1.4317261,0.9842966,False,0.0
113756.156849667,0,0.00076147914,0.0042032003,0.27112824,0.25745785,-1.4768236,1.1349877,False,0.0
113756.176849667,0,-0.014852896,-0.05762279,0.27436626,0.3639267,-1.4586643,1.3077465,False,0.0
113756.196849667,20000000,-0.029058069,-0.12411943,0.28194296,0.46608442,-1.4091421,1.4508748,False,0.0
113756.216849667,0,-0.04137454,-0.1794864,0.28090096,0.52550316,-1.2959504,1.5389735,False,0.0
113756.236849667,20000000,-0.066606835,-0.2203286,0.28912532,0.5367523,-1.1584787,1.5571629,False,0.0
113756.256849667,0,-0.102466024,-0.22004439,0.3163479,0.5275893,-1.0840179,1.5916805,False,0.0
113756.276849667,0,-0.12072711,-0.22877014,0.26865375,0.507903,-1.0264537,1.6306928,False,0.0
113756.296849667,20000000,-0.09457088,-0.22570631,0.1053043,0.3810864,-0.90811515,1.5874491,False,0.0
113756.316849667,0,-0.053536337,-0.20337051,-0.11878359,0.047406435,-0.535944,1.3985819,False,0.0
113756.336849667,20000000,-0.076484464,-0.16542146,-0.17856145,-0.30640727,-0.2799169,1.2088641,False,0.0
113756.356849667,0,-0.095491685,-0.15362173,-0.1776771,-0.5753025,-0.10058232,0.9776427,False,0.0
113756.376849667,0,-0.11837256,-0.1553649,-0.15762872,-0.73520213,-0.014325991,0.69696635,False,0.0
113756.396849667,0,-0.1546115,-0.12909025,-0.1246292,-0.83361006,-0.029577833,0.42257705,False,0.0
113756.416849667,0,-0.18052968,-0.09325796,-0.114756346,-0.90585923,-0.05028069,0.15354943,False,0.0
113756.436849667,20000000,-0.20608333,-0.042346686,-0.09691697,-0.9545688,-0.036232397,-0.068771765,False,0.0
113756.456849667,0,-0.23184827,0.010760754,-0.064673066,-0.96080303,-0.016024183,-0.19829439,False,0.0
113756.476849667,20000000,-0.24585402,0.046773374,-0.0505895,-0.95983607,-0.027592478,-0.28081453,False,0.0
113756.496849667,0,-0.25591817,0.0979498,-0.09510654,-1.0461384,-0.022877928,-0.30845878,False,0.0
113756.516849667,0,-0.24470124,0.11844933,-0.13386846,-1.16172,0.01051078,-0.39041674,False,0.0
113756.536849667,20000000,-0.21426,0.12698495,-0.13826185,-1.2364558,0.12199531,-0.53864366,False,0.0
113756.556849667,0,-0.20023909,0.10887396,-0.05413586,-1.1207484,0.1709538,-0.69931,False,0.0
113756.576849667,0,-0.17603116,0.060640156,0.005191684,-0.88607734,0.21481687,-0.93250656,False,0.0
113756.596849667,20000000,-0.15949214,0.043111682,0.0114014745,-0.7077742,0.27240112,-1.2093232,False,0.0
113756.616849667,0,-0.1489271,0.083025455,-0.007729888,-0.6420863,0.21047543,-1.2299939,False,0.0
113756.636849667,20000000,-0.13802579,0.123392284,-0.02695316,-0.57639843,0.14854974,-1.2506648,False,0.0
113756.656849667,40000000,-0.08866788,0.1314339,-0.04460585,-0.5220846,0.16184275,-1.2426206,False,0.0
113756.676849667,0,-0.05152277,0.15821403,-0.036475718,-0.5161822,0.19873339,-1.1930832,False,0.0
113756.696849667,20000000,-0.026326898,0.18223059,-0.012065172,-0.53368956,0.2341864,-1.1266572,False,0.0
113756.716849667,0,-0.04228586,0.20885366,0.035618365,-0.5276016,0.1503621,-0.9610862,False,0.0
113756.736849667,0,-0.058146294,0.20089424,0.07058698,-0.44651288,-0.037789702,-0.7368685,False,0.0
113756.756849667,0,-0.022143027,0.15527314,0.03391975,-0.38268346,-0.08778711,-0.61671454,False,0.0
113756.776849667,0,0.0060944324,0.10994065,0.014122605,-0.31376868,-0.04594885,-0.54977655,False,0.0
113756.796849667,20000000,0.02165214,0.08633846,0.020419896,-0.252464,0.041404415,-0.4892476,False,0.0
113756.816849667,0,0.0327156,0.066519976,0.04412949,-0.21250269,0.19683439,-0.3766136,False,0.0
113756.836849667,0,0.028081074,0.021443188,0.100385666,-0.111666545,0.28541866,-0.15963076,False,0.0
113756.856849667,20000000,0.052650392,-0.038616896,0.12476879,-0.027571045,0.41932207,0.07973002,False,0.0
113756.876849667,0,0.08557374,-0.091076195,0.13288742,-0.025206555,0.5735871,0.3052832,False,0.0
113756.896849667,0,0.09437609,-0.10866034,0.15415365,-0.119293585,0.5932368,0.38041773,False,0.0
113756.916849667,20000000,0.10319619,-0.12606329,0.17516363,-0.21338062,0.6128864,0.45555228,False,0.0
113756.936849667,40000000,0.11203942,-0.14328414,0.19591859,-0.30746764,0.6325361,0.53068686,False,0.0
113756.956849667,0,0.13369536,-0.1326564,0.1635288,-0.33953822,0.60152763,0.53482485,False,0.0
113756.976849667,20000000,0.16867566,-0.09875697,0.1025334,-0.33999634,0.56988174,0.46296442,False,0.0
113756.996849667,0,0.21446049,-0.054715216,0.0511986,-0.3812476,0.58486426,0.29969168,False,0.0
113757.016849667,20000000,0.23220819,-0.0055366755,0.05736202,-0.41942567,0.5200945,0.115912884,False,0.0
113757.036849667,0,0.23326674,0.015646577,0.07736462,-0.37685773,0.38713163,-0.033267125,False,0.0
113757.056849667,0,0.24513811,0.034517586,0.07987064,-0.27265227,0.25954854,-0.11487514,False,0.0
113757.076849667,20000000,0.27689585,0.032704353,0.056546748,-0.16440263,0.2470668,-0.19164321,False,0.0
113757.096849667,0,0.27007073,0.009692669,0.06675929,-0.055750236,0.22079264,-0.26705194,False,0.0
113757.116849667,0,0.2324819,-0.0067756176,0.091515064,0.036036886,0.12308114,-0.33187437,False,0.0
113757.136849667,0,0.19895372,0.008144259,0.09398675,0.065815054,0.006375931,-0.33396456,False,0.0
113757.156849667,20000000,0.14255656,0.020760834,0.08979744,0.1062706,-0.18958771,-0.16704369,False,0.0
113757.176849667,0,0.13928011,-0.045765817,0.042619824,0.153938,-0.22349337,-0.08360614,False,0.0
113757.196849667,0,0.10568793,-0.10369015,0.0835824,0.22209653,-0.22991234,-0.08182965,False,0.0
113757.216849667,0,0.031441867,-0.10079187,0.10535395,0.1858077,-0.37778392,-0.06621144,False,0.0
113757.236849667,20000000,-0.04278989,-0.0978902,0.12711346,0.14951888,-0.5256555,-0.05059323,False,0.0
113757.256849667,0,-0.07209453,-0.09426892,0.06417459,0.04298634,-0.6175293,-0.10347822,False,0.0
113757.276849667,0,-0.090639174,-0.049634635,0.049775958,-0.014765963,-0.72994137,-0.19336417,False,0.0
113757.296849667,0,-0.09520392,0.08525288,0.017166615,-0.098880515,-0.8307788,-0.21159013,False,0.0
113757.316849667,20000000,-0.06781865,0.21545404,-0.030036688,-0.12779638,-0.90951496,-0.18996765,False,0.0
113757.336849667,0,-0.01752996,0.34033418,-0.12516803,-0.19639644,-0.8781759,-0.08664415,False,0.0
113757.356849667,20000000,0.034761272,0.39794493,-0.17599434,-0.18891215,-0.79693127,0.016915128,False,0.0
113757.376849667,0,0.069684505,0.45858467,-0.20491546,-0.19633399,-0.7055618,0.1468735,False,0.0
113757.396849667,0,0.08838604,0.5008104,-0.20746613,-0.17348516,-0.67969865,0.32679102,False,0.0
113757.416849667,20000000,0.12972002,0.47997403,-0.21702385,-0.121172115,-0.6074524,0.41264087,False,0.0
113757.436849667,0,0.14329277,0.44536424,-0.19262922,-0.028451547,-0.56510824,0.47313237,False,0.0
113757.456849667,0,0.14174095,0.38792235,-0.16479284,0.08394907,-0.5521132,0.45914918,False,0.0
113757.476849667,20000000,0.12748787,0.36650968,-0.1315915,0.16426727,-0.56842244,0.48147795,False,0.0
113757.496849667,0,0.10993611,0.32385755,-0.1003046,0.27438146,-0.6489601,0.4579337,False,0.0
113757.516849667,20000000,0.08385131,0.34308708,-0.11251545,0.30598003,-0.7447165,0.49848664,False,0.0
113757.536849667,0,0.08130302,0.3654831,-0.1254245,0.3923725,-0.8207327,0.5809868,False,0.0
113757.556849667,20000000,0.087244764,0.39386868,-0.13561487,0.5483302,-0.8455495,0.7080199,False,0.0
113757.576849667,0,0.08075951,0.43865246,-0.13613623,0.740745,-0.88906765,0.9340344,False,0.0
113757.596849667,0,0.091149315,0.45892668,-0.1519528,0.9160547,-0.8712761,1.1820998,False,0.0
113757.616849667,20000000,0.12523186,0.4371766,-0.16631114,1.0556726,-0.6806807,1.3151258,False,0.0
113757.636849667,0,0.12412193,0.4149782,-0.10135251,1.2519349,-0.58267975,1.4705456,False,0.0
113757.656849667,0,0.12085913,0.39733404,-0.04183376,1.4287922,-0.5510131,1.6360681,False,0.0
113757.676849667,0,0.12211705,0.38075107,0.012237728,1.5570437,-0.56280774,1.7802951,False,0.0
113757.696849667,20000000,0.14750057,0.36081755,0.041143894,1.6248435,-0.5475833,1.8902307,False,0.0
113757.716849667,0,0.17055857,0.30989283,0.06722742,1.6788286,-0.49658355,1.9241819,False,0.0
113757.736849667,0,0.16108382,0.26432562,0.11200994,1.6953696,-0.44983566,1.9146378,False,0.0
113757.756849667,20000000,0.12769014,0.24013925,0.19358021,1.7272377,-0.5295709,1.9762162,False,0.0
113757.776849667,0,0.1121795,0.19002777,0.2207461,1.6956695,-0.5746714,1.9594095,False,0.0
113757.796849667,20000000,0.08377403,0.12853217,0.23160392,1.6087844,-0.64170825,1.8871202,False,0.0
113757.816849667,0,0.05572246,0.07995787,0.23037487,1.4556123,-0.61283535,1.6823001,False,0.0
113757.836849667,20000000,0.028913379,0.03190416,0.22825766,1.30244,-0.58396244,1.4774798,False,0.0
113757.856849667,40000000,-0.0074062943,0.026190251,0.22107565,1.0867842,-0.49504802,1.2210454,False,0.0
113757.876849667,0,-0.06567657,0.05252242,0.23046821,0.85418546,-0.37072697,0.9894405,False,0.0
113757.896849667,0,-0.18567252,0.080366194,0.25111926,0.7141322,-0.41173556,0.9782856,False,0.0
113757.916849667,20000000,-0.30535233,0.108276844,0.27155024,0.57407886,-0.45274416,0.9671307,False,0.0
113757.936849667,0,-0.3427317,0.04530403,0.27084464,0.64265907,-0.6641776,1.0955383,False,0.0
113757.956849667,20000000,-0.2858678,-0.018696576,0.18710423,0.6615241,-0.562951,1.0760896,False,0.0
113757.976849667,0,-0.28917426,-0.045430154,0.17922378,0.6682449,-0.4501063,1.0482464,False,0.0
113757.996849667,0,-0.31638741,-0.055982023,0.18456203,0.61847097,-0.43200135,1.0084225,False,0.0
113758.016849667,20000000,-0.34326947,-0.066535234,0.1896928,0.568697,-0.41389644,0.96859866,False,0.0
113758.036849667,0,-0.3123778,-0.091902934,0.14898431,0.47688124,-0.3268615,0.84720695,False,0.0
113758.056849667,0,-0.29880956,-0.10643218,0.14726621,0.4052901,-0.2590526,0.685858,False,0.0
113758.076849667,0,-0.29809037,-0.11828216,0.14501554,0.3867959,-0.22634183,0.56463265,False,0.0
113758.096849667,20000000,-0.28970766,-0.13622484,0.13713807,0.39176822,-0.17131893,0.4390002,False,0.0
113758.116849667,0,-0.2768586,-0.14597738,0.13454652,0.41777086,-0.12546958,0.33979806,False,0.0
113758.136849667,20000000,-0.2639414,-0.15572278,0.13187069,0.44377354,-0.07962023,0.24059597,False,0.0
113758.156849667,40000000,-0.2450772,-0.15525341,0.12643003,0.43779328,-0.013377085,0.15635878,False,0.0
113758.176849667,0,-0.23781049,-0.1411791,0.1272052,0.40946254,0.0042244364,0.11008714,False,0.0
113758.196849667,0,-0.21952295,-0.13894989,0.12649143,0.3768978,0.005403231,0.0805307,False,0.0
113758.216849667,0,-0.19667304,-0.1427668,0.10183072,0.33779955,0.03117441,0.0658017,False,0.0
113758.236849667,0,-0.17668848,-0.15371288,0.09253061,0.32289022,0.0899228,0.045173876,False,0.0
113758.256792625,0,-0.16265123,-0.158421,0.09345011,0.33643314,0.10897384,0.06300437,False,0.0
113758.276792625,0,-0.15006027,-0.17912322,0.07775748,0.373332,0.18402804,0.06139697,False,0.0
113758.296792625,0,-0.14797162,-0.19908997,0.06625283,0.4279872,0.24614835,0.0635156,False,0.0
113758.316792625,0,-0.16113327,-0.20604287,0.06286746,0.48284882,0.24609768,0.06966993,False,0.0
113758.336792625,0,-0.17281277,-0.20183179,0.037996173,0.51433825,0.21728706,0.07836744,False,0.0
113758.356792625,20000000,-0.17519157,-0.19861533,-0.0045090914,0.50915223,0.20255944,0.07237023,False,0.0
113758.376792625,0,-0.16695943,-0.19866297,-0.036785007,0.49266416,0.22460586,0.03930946,False,0.0
113758.396792625,0,-0.15065521,-0.18174633,-0.062473238,0.42694113,0.28395584,-0.008660592,False,0.0
113758.416792625,20000000,-0.13435224,-0.16482253,-0.08832157,0.3612181,0.34330583,-0.056630645,False,0.0
113758.436792625,40000000,-0.11805039,-0.14789362,-0.114329875,0.29549503,0.4026558,-0.10460071,False,0.0
113758.456792625,60000000,-0.106690176,-0.11320418,-0.11132598,0.21629766,0.41077986,-0.13841656,False,0.0
113758.476792625,0,-0.09274782,-0.07645037,-0.139606,0.11880839,0.31562376,-0.10909563,False,0.0
113758.496792625,0,-0.046308473,-0.07012985,-0.20933163,0.012957208,0.37624002,-0.10576148,False,0.0
113758.516792625,0,-0.011902973,-0.05982823,-0.13547885,0.0044619096,0.3903717,-0.10806594,False,0.0
113758.536792625,20000000,0.043821096,-0.029932441,-0.0685758,0.0072221155,0.45583838,-0.16368985,False,0.0
113758.556792625,0,0.09961195,0.011864301,0.020159543,0.020349653,0.5433632,-0.27882802,False,0.0
113758.576792625,20000000,0.13869187,0.059102748,0.079646885,0.044041343,0.53354645,-0.37854102,False,0.0
113758.596792625,0,0.17879277,0.08334678,0.06562787,0.032396637,0.5577429,-0.49843776,False,0.0
113758.616792625,0,0.1913343,0.11860636,0.092432916,0.034788407,0.49098706,-0.54155785,False,0.0
113758.636792625,0,0.20800951,0.12577412,0.099368274,0.043021344,0.41989055,-0.5826607,False,0.0
113758.656792625,0,0.20274648,0.12622023,0.12963599,0.064357564,0.34173182,-0.6270696,False,0.0
113758.676792625,20000000,0.17734319,0.13481845,0.194597,0.13882576,0.17527394,-0.6072404,False,0.0
113758.696792625,0,0.17161241,0.13007978,0.18702352,0.20714203,0.058375686,-0.54066044,False,0.0
113758.716792625,20000000,0.16587958,0.12531504,0.17944372,0.2754583,-0.05852256,-0.4740805,False,0.0
113758.736792625,40000000,0.1629259,0.12288363,0.17094928,0.31045952,-0.13846359,-0.40021822,False,0.0
113758.756792625,0,0.17009416,0.12301712,0.16060579,0.30787218,-0.18523684,-0.33590588,False,0.0
113758.776792625,20000000,0.18307689,0.12999369,0.14972746,0.26682755,-0.20826106,-0.28276807,False,0.0
113758.796792625,0,0.19511771,0.14080995,0.13684362,0.19928546,-0.22082223,-0.24233443,False,0.0
113758.816792625,0,0.20445323,0.14834942,0.119807184,0.13361743,-0.21273278,-0.21494004,False,0.0
113758.836792625,20000000,0.20145443,0.1494698,0.11493909,0.08453044,-0.18173721,-0.22410479,False,0.0
113758.856792625,0,0.17456429,0.16717432,0.13632107,0.05872899,-0.22235465,-0.21730793,False,0.0
113758.876792625,0,0.162446,0.18169853,0.11632174,0.009937551,-0.23982742,-0.23856917,False,0.0
113758.896792625,20000000,0.14492601,0.19500247,0.088193715,-0.048678637,-0.25567684,-0.26835445,False,0.0
113758.916792625,0,0.11999482,0.19729172,0.044582784,-0.10954096,-0.25971776,-0.29883406,False,0.0
113758.936792625,20000000,0.08574374,0.18589534,0.009270728,-0.12153499,-0.28973758,-0.29198468,False,0.0
113758.956792625,0,0.06794642,0.1520978,-0.032012284,-0.08841865,-0.23782986,-0.2938042,False,0.0
113758.976792625,0,0.040022478,0.12895691,-0.022064865,-0.008911982,-0.153516,-0.29171062,False,0.0
113758.996792625,20000000,-0.0045304,0.12130259,-0.004557669,0.07553021,-0.1699369,-0.26060584,False,0.0
113759.016792625,0,-0.018414915,0.10125294,-0.09681791,0.12135841,-0.39161694,-0.15338069,False,0.0
113759.036792625,20000000,0.05953096,-0.012893774,-0.39651424,-0.072532624,0.2114681,-0.45044014,False,0.0
113759.056792625,0,-0.098734096,0.0539654,-0.12110007,0.011984922,-0.02599825,-0.27470344,False,0.0
113759.076792625,20000000,-0.11039321,0.049266763,-0.12912267,0.024432793,0.015504025,-0.17436077,False,0.0
113759.096792625,0,-0.12481822,0.033025928,-0.10694218,0.005924858,0.21316996,-0.16615447,False,0.0
113759.116792625,0,-0.18200783,0.040937543,0.0019052029,0.032071006,0.19499056,-0.111318655,False,0.0
113759.136792625,0,-0.19137186,0.025048442,0.008261263,0.012497738,0.17829299,-0.11934439,False,0.0
113759.156792625,0,-0.20256019,0.011983767,-0.011061072,-0.074970186,0.14401133,-0.17364815,False,0.0
113759.176792625,0,-0.22342515,0.019094422,0.00799793,-0.16336086,0.025983438,-0.2091036,False,0.0
113759.196792625,0,-0.22045308,0.01909282,-0.01311332,-0.24314386,-0.080025755,-0.24756956,False,0.0
113759.216792625,0,-0.18943486,0.0028402433,-0.07235497,-0.33650804,-0.0660373,-0.3503898,False,0.0
113759.236792625,20000000,-0.17666326,0.0017701462,-0.079200685,-0.3936002,-0.03703511,-0.45343164,False,0.0
113759.256792625,0,-0.15808871,-0.0023330823,-0.06980348,-0.3982198,0.02233655,-0.5580157,False,0.0
113759.276792625,20000000,-0.13863671,-0.022331253,-0.04445499,-0.3308381,0.08867447,-0.65318143,False,0.0
113759.296792625,0,-0.12022926,-0.04457833,-0.021079063,-0.21894574,0.16195425,-0.7379004,False,0.0
113759.316792625,0,-0.11511274,-0.04956364,0.0033949614,-0.113468446,0.20086415,-0.75964427,False,0.0
113759.336792625,20000000,-0.109945595,-0.054532982,0.02787143,-0.007991143,0.23977405,-0.78138816,False,0.0
113759.356792625,40000000,-0.10472819,-0.059485547,0.052350402,0.09748615,0.27868396,-0.80313206,False,0.0
113759.376792625,60000000,-0.09307579,-0.07251778,0.049079537,0.16086145,0.30947563,-0.81775826,False,0.0
113759.396792625,0,-0.08459243,-0.08095237,0.054718792,0.19901158,0.32743025,-0.8217683,False,0.0
113759.416792625,0,-0.08217247,-0.08514421,0.053460598,0.2099855,0.3287784,-0.8269571,False,0.0
113759.436792625,0,-0.085608155,-0.08419138,0.038416445,0.18914062,0.31251684,-0.8298585,False,0.0
113759.456792625,0,-0.08767012,-0.07438219,0.01642543,0.13512138,0.30037507,-0.8201057,False,0.0
113759.476792625,0,-0.085207775,-0.06723577,-0.010313332,0.058219984,0.3284063,-0.8096854,False,0.0
113759.496792625,0,-0.081589326,-0.07015091,-0.025616467,-0.0039114133,0.39381552,-0.79487914,False,0.0
113759.516792625,0,-0.072422236,-0.08751616,-0.022992253,-0.013126197,0.47549665,-0.8053488,False,0.0
113759.536792625,20000000,-0.058837757,-0.10807857,-0.022128344,0.01952983,0.5811879,-0.8470515,False,0.0
113759.556792625,0,-0.05409904,-0.12181672,-0.004282236,0.09878528,0.6511087,-0.8851702,False,0.0
113759.576792625,20000000,-0.046131283,-0.13934118,0.0050024986,0.19873168,0.6895817,-0.9260402,False,0.0
113759.596792625,0,-0.04075402,-0.14833441,0.0013278723,0.2827015,0.7144422,-0.9682102,False,0.0
113759.616792625,20000000,-0.0427752,-0.13427578,0.0041009784,0.3130021,0.7138368,-1.0045947,False,0.0
113759.636792625,0,-0.052327603,-0.108700186,0.0093503,0.2792813,0.6671428,-1.0162232,False,0.0
113759.656792625,0,-0.047753707,-0.089607306,-0.0066103935,0.21280959,0.6318825,-1.0400941,False,0.0
113759.676792625,0,-0.046879053,-0.073928244,-0.032208562,0.13643217,0.53437084,-1.0506076,False,0.0
113759.696792625,20000000,-0.022160143,-0.06286588,-0.14053828,0.008508891,0.40012267,-1.0328884,False,0.0
113759.716792625,0,0.024104863,-0.07202094,-0.25991046,-0.16827004,0.5445246,-1.1161413,False,0.0
113759.736792625,0,-0.015337735,-0.02430749,-0.17999148,-0.24090114,0.42407405,-1.0671326,False,0.0
113759.756792625,20000000,0.010538846,0.0047969967,-0.21646833,-0.34554318,0.50305057,-1.1070904,False,0.0
113759.776792625,0,-0.021857202,0.059877336,-0.13758409,-0.40308926,0.5853013,-1.1012381,False,0.0
113759.796792625,20000000,-0.053897977,0.10020009,-0.029193223,-0.39803362,0.69138515,-1.1036427,False,0.0
113759.816792625,0,-0.099242926,0.1350069,0.100296676,-0.3187786,0.74867,-1.055725,False,0.0
113759.836792625,20000000,-0.12166354,0.13908255,0.1717717,-0.19632691,0.68486565,-0.97793436,False,0.0
113759.856792625,0,-0.068659365,0.09574534,0.0810681,-0.17637454,0.74485856,-1.0454288,False,0.0
113759.876792625,0,-0.046587378,0.079099864,0.015811741,-0.24389423,0.8130155,-1.15618,False,0.0
113759.896792625,20000000,-0.07406393,0.09519744,0.021117032,-0.3288937,0.7301545,-1.1938633,False,0.0
113759.916792625,0,-0.09756017,0.12598628,0.02181089,-0.3930322,0.6040622,-1.1440071,False,0.0
113759.936792625,20000000,-0.12059277,0.15673944,0.022331476,-0.4571707,0.47796994,-1.0941509,False,0.0
113759.956792625,40000000,-0.13707809,0.19175637,0.0285061,-0.4698231,0.33171725,-0.9590329,False,0.0
113759.976792625,0,-0.12123373,0.19287089,-0.005019903,-0.43516287,0.27576268,-0.81250566,False,0.0
113759.996792625,0,-0.09895834,0.15807506,-0.019519031,-0.31553906,0.28665277,-0.6933695,False,0.0
113760.016792625,20000000,-0.07821852,0.11199343,-0.012984276,-0.12439564,0.32414797,-0.6048696,False,0.0
113760.036792625,0,-0.06954622,0.078719944,0.005648911,0.070921436,0.36131215,-0.5038868,False,0.0
113760.056792625,20000000,-0.056697786,0.05637756,0.02206242,0.21100888,0.37560436,-0.39655122,False,0.0
113760.076792625,0,-0.03068909,0.021873176,0.020524383,0.26327097,0.4196602,-0.35031727,False,0.0
113760.096792625,0,-0.01852262,0.00025820732,0.03490591,0.24918935,0.43454733,-0.33150774,False,0.0
113760.116792625,0,-0.01532653,-0.015488148,0.050322652,0.21224117,0.417145,-0.3353899,False,0.0
113760.136792625,20000000,-0.017497182,-0.01938492,0.05803603,0.15736187,0.36102498,-0.33856115,False,0.0
113760.156792625,0,-0.014349818,-0.019508809,0.054844975,0.11348998,0.31159434,-0.3286224,False,0.0
113760.176792625,0,0.012596518,-0.034900934,0.030821621,0.08866747,0.32264093,-0.36038175,False,0.0
113760.196792625,20000000,0.025732726,-0.050092757,0.034290195,0.11610094,0.34182715,-0.40725714,False,0.0
113760.216792625,0,0.022384882,-0.04235354,0.054236412,0.16141306,0.29550153,-0.46596837,False,0.0
113760.236792625,20000000,0.019045115,-0.034632564,0.074175596,0.20672518,0.24917589,-0.5246796,False,0.0
113760.256792625,40000000,0.039135218,-0.0075775087,0.06915665,0.1994625,0.19113344,-0.55863863,False,0.0
113760.276792625,0,0.06557965,-0.010565937,0.0478552,0.19990022,0.14321285,-0.58674115,False,0.0
113760.296792625,0,0.08702102,-0.04497415,0.01723671,0.22221023,0.14629352,-0.6384781,False,0.0
113760.316792625,0,0.056654096,-0.055755794,0.043786645,0.2891178,0.04099246,-0.6125769,False,0.0
113760.336792625,0,0.056596786,-0.05664113,0.05326557,0.33213112,-0.061791897,-0.5745825,False,0.0
113760.356792625,20000000,0.05648771,-0.05740726,0.06269413,0.3751444,-0.16457625,-0.53658813,False,0.0
113760.376792625,0,0.08614078,-0.06479338,0.037846744,0.36965445,-0.18901855,-0.5676251,False,0.0
113760.396792625,20000000,0.11912778,-0.0864443,-0.037355244,0.36443177,-0.32778794,-0.5925776,False,0.0
113760.416792625,0,0.22704265,-0.15139681,-0.28071624,0.20489623,0.027731746,-0.7926494,False,0.0
113760.436792625,0,0.1762887,-0.17315122,-0.17677522,0.22622056,0.13491413,-0.9084275,False,0.0
113760.456792625,20000000,0.09621456,-0.12317674,-0.02477634,0.2912778,0.15083651,-0.9662855,False,0.0
113760.476792625,0,0.00012260675,-0.009401917,0.048967957,0.2265442,-0.015784264,-0.9314715,False,0.0
113760.496792625,0,-0.059283376,0.08183718,0.019532502,0.04359135,-0.1265661,-0.8706816,False,0.0
113760.516792625,0,-0.09493172,0.082769305,0.02361095,-0.030826308,-0.2569875,-0.7378543,False,0.0
113760.536792625,20000000,-0.13047461,0.083821684,0.027547598,-0.10524396,-0.3874089,-0.605027,False,0.0
113760.556792625,40000000,-0.16591458,0.08499628,0.031342268,-0.17966162,-0.5178304,-0.47219974,False,0.0
113760.576792625,0,-0.20296529,0.061283678,0.045378506,-0.085350886,-0.5810633,-0.3792398,False,0.0
113760.596792625,20000000,-0.22675517,0.05575019,0.01381737,-0.019520037,-0.570787,-0.3339714,False,0.0
113760.616792625,0,-0.25298607,0.0654583,-0.009390652,0.019484974,-0.5232632,-0.2882751,False,0.0
113760.636792625,0,-0.26855046,0.06643289,-0.03565991,0.053205926,-0.45727092,-0.23174486,False,0.0
113760.656792625,0,-0.2599346,0.039771914,-0.05629325,0.0830912,-0.35208613,-0.21056221,False,0.0
113760.676792625,0,-0.26211774,0.010469288,-0.04500681,0.11760664,-0.30564415,-0.20034428,False,0.0
113760.696710375,0,-0.20948103,-0.02175377,-0.061854675,0.107015304,-0.18525693,-0.3058748,False,0.0
113760.716710375,20000000,-0.18363097,-0.0029091835,-0.05630815,0.04047604,-0.06746395,-0.43763834,False,0.0
113760.736710375,0,-0.17756207,0.03156784,-0.038850307,-0.042415142,0.011534937,-0.5494399,False,0.0
113760.756710375,0,-0.18307683,0.07845569,-0.021281004,-0.12468427,0.04370946,-0.6065274,False,0.0
113760.776710375,20000000,-0.18547396,0.11265567,-0.011673391,-0.17303105,0.05546926,-0.6164529,False,0.0
113760.796710375,0,-0.18074608,0.122678846,-0.01107657,-0.15882136,0.067192,-0.60075307,False,0.0
113760.816710375,0,-0.17531262,0.11269012,-0.018170536,-0.070661485,0.09269412,-0.5848672,False,0.0
113760.836710375,20000000,-0.16980958,0.10276595,-0.02531159,0.017498404,0.11819624,-0.5689813,False,0.0
113760.856710375,40000000,-0.1702106,0.09256491,-0.03080231,0.10566333,0.14490552,-0.56445235,False,0.0
113760.876710375,0,-0.17115991,0.08182654,-0.03401524,0.17911908,0.17636153,-0.5730295,False,0.0
113760.896710375,0,-0.17286336,0.068320036,-0.03497255,0.23632655,0.20859934,-0.5951467,False,0.0
113760.916710375,20000000,-0.17022143,0.054201633,-0.038561583,0.269477,0.25658163,-0.63367873,False,0.0
113760.936710375,0,-0.16282633,0.035059065,-0.04572165,0.282912,0.33487073,-0.7105468,False,0.0
113760.956710375,20000000,-0.15615188,0.016816735,-0.050020933,0.28749403,0.42518425,-0.82705677,False,0.0
113760.976710375,0,-0.14216566,-0.014396608,-0.062278807,0.29666662,0.5547955,-1.0201261,False,0.0
113760.996710375,0,-0.15498538,-0.038182676,-0.05812019,0.3415653,0.6632292,-1.2904634,False,0.0
113761.016710375,20000000,-0.16833755,-0.0616906,-0.054145515,0.38646397,0.7716629,-1.5608008,False,0.0
113761.036710375,40000000,-0.19527878,-0.06883809,-0.048899353,0.45535046,0.82347894,-1.7939095,False,0.0
113761.056710375,0,-0.2142601,-0.055758,-0.055890918,0.5245933,0.8682103,-1.9743608,False,0.0
113761.076710375,0,-0.22461975,-0.032144666,-0.0651921,0.5805922,0.9315134,-2.0954115,False,0.0
113761.096710375,20000000,-0.22594702,-0.012115151,-0.06479013,0.63015723,1.0082574,-2.1709394,False,0.0
113761.116710375,0,-0.22145765,-0.0022850633,-0.05616516,0.67846835,1.080223,-2.230113,False,0.0
113761.136710375,20000000,-0.21837446,-0.0017973185,-0.03915173,0.733598,1.1282672,-2.293483,False,0.0
113761.156710375,0,-0.21651724,-0.0073851645,-0.021816432,0.8007502,1.151164,-2.3644354,False,0.0
113761.176710375,20000000,-0.21118644,-0.021923631,-0.012756467,0.8963943,1.1704277,-2.456703,False,0.0
113761.196710375,0,-0.2095482,-0.037091166,-0.017784536,1.0088444,1.1989732,-2.5811856,False,0.0
113761.216710375,0,-0.2170564,-0.053308666,-0.027860284,1.1429886,1.2482566,-2.7501793,False,0.0
113761.236710375,20000000,-0.24995916,-0.034109026,-0.027857661,1.2652301,1.2628554,-2.850016,False,0.0
113761.256710375,0,-0.27461213,-0.0020309687,-0.028606117,1.3466691,1.2507868,-2.8717852,False,0.0
113761.276710375,0,-0.28412452,0.04017046,-0.0329293,1.3638245,1.2316114,-2.808386,False,0.0
113761.296710375,20000000,-0.28154707,0.07871273,-0.03797853,1.3066369,1.2097043,-2.6668377,False,0.0
113761.316710375,0,-0.26788118,0.10656834,-0.028719127,1.1974435,1.1814121,-2.44906,False,0.0
113761.336710375,0,-0.26147637,0.12413418,-0.0104112625,1.0640442,1.119753,-2.155894,False,0.0
113761.356710375,20000000,-0.2518449,0.12714022,-0.002601564,0.91250014,1.0489169,-1.8245533,False,0.0
113761.376710375,0,-0.24704899,0.12770328,0.005311966,0.7539452,0.9637253,-1.4730477,False,0.0
113761.396710375,20000000,-0.23604532,0.1180729,0.008014977,0.58940005,0.88290423,-1.1394511,False,0.0
113761.416710375,0,-0.22798513,0.10086146,0.009491742,0.44294018,0.7867695,-0.830803,False,0.0
113761.436710375,20000000,-0.20491907,0.06991619,-0.003925085,0.32808906,0.7237059,-0.57475865,False,0.0
113761.456710375,0,-0.17604397,0.03471759,-0.018228889,0.25321558,0.69492567,-0.3923964,False,0.0
113761.476710375,20000000,-0.14732026,0.009499669,-0.024245918,0.210278,0.66294587,-0.2772945,False,0.0
113761.496710375,0,-0.118161246,0.0030798614,-0.026697934,0.17786372,0.5762483,-0.20590551,False,0.0
113761.516710375,0,-0.066871256,0.005367458,-0.062010825,0.1308171,0.47191662,-0.16552907,False,0.0
113761.536710375,0,-0.0015123785,0.0049055517,-0.09902251,0.06984089,0.45096228,-0.18665724,False,0.0
113761.556710375,0,0.03256917,0.02139166,-0.050458133,0.055109996,0.42624015,-0.23101255,False,0.0
113761.576710375,20000000,0.05561942,0.07215464,0.029016435,0.059921633,0.41031313,-0.2781683,False,0.0
113761.596710375,0,0.07939109,0.13171598,0.0964548,0.087070376,0.34023544,-0.2621109,False,0.0
113761.616710375,0,0.15162924,0.13211519,0.07051152,0.120183215,0.34052396,-0.28913862,False,0.0
113761.636710375,20000000,0.22786522,0.11801836,-0.005016327,0.08679113,0.44002664,-0.38007554,False,0.0
113761.656710375,0,0.25069,0.1246945,-0.018908262,0.014264181,0.54069746,-0.47505814,False,0.0
113761.676710375,0,0.20526147,0.15427163,0.058982253,-0.028684683,0.48647776,-0.47119057,False,0.0
113761.696710375,20000000,0.14076394,0.1692527,0.123912275,-0.026421057,0.31874827,-0.35043293,False,0.0
113761.716710375,0,0.1075142,0.13641539,0.14048332,0.04286652,0.13611843,-0.18106517,False,0.0
113761.736710375,20000000,0.07427344,0.10356888,0.1570397,0.1121541,-0.046511427,-0.011697397,False,0.0
113761.756710375,40000000,0.093600154,0.05972427,0.09177214,0.09880709,-0.065144904,0.043783147,False,0.0
113761.776710375,0,0.08557388,0.041810542,0.06991184,0.024523914,-0.054345302,0.057776276,False,0.0
113761.796710375,20000000,0.04912114,0.039025784,0.0765841,-0.0688776,-0.08371016,0.09667564,False,0.0
113761.816710375,0,0.02555862,0.01745531,0.08880609,-0.11388649,-0.1356804,0.16164833,False,0.0
113761.836710375,0,0.03949213,-0.034128502,0.08001578,-0.09551603,-0.1265425,0.2131068,False,0.0
113761.856710375,0,0.076613605,-0.10491432,0.0652591,-0.025181256,-0.043399982,0.18920082,False,0.0
113761.876710375,0,0.092101365,-0.13362578,0.06768125,0.03424565,0.02534993,0.100385785,False,0.0
113761.896710375,20000000,0.107592374,-0.16233306,0.07009834,0.09367256,0.09409983,0.011570759,False,0.0
113761.916710375,0,0.09593049,-0.15041569,0.077964425,0.08772509,0.059177414,-0.044802144,False,0.0
113761.936710375,0,0.08416742,-0.12574449,0.07695681,0.033742122,-0.038597554,-0.07489106,False,0.0
113761.956710375,0,0.0845429,-0.10573794,0.07056111,-0.023390628,-0.12562555,-0.08533976,False,0.0
113761.976710375,20000000,0.103793174,-0.105054885,0.060793996,-0.04379517,-0.17036188,-0.10243192,False,0.0
113761.996710375,0,0.12991714,-0.11341746,0.03251475,-0.030293632,-0.16474906,-0.14496699,False,0.0
113762.016710375,0,0.13705364,-0.12266019,0.017839551,0.035903197,-0.15864132,-0.16944022,False,0.0
113762.036710375,20000000,0.14163157,-0.13788456,0.005007386,0.13945287,-0.19528785,-0.18089588,False,0.0
113762.056710375,40000000,0.16211995,-0.15448669,-0.04927939,0.20892018,-0.17266825,-0.22507241,False,0.0
113762.076710375,0,0.16718161,-0.15358238,-0.08944887,0.22868161,-0.13667603,-0.2657697,False,0.0
113762.096710375,0,0.15931946,-0.13806054,-0.09684098,0.19358669,-0.14979084,-0.30743602,False,0.0
113762.116710375,20000000,0.15144476,-0.122511566,-0.10425031,0.15849179,-0.16290565,-0.34910232,False,0.0
113762.136710375,40000000,0.14355731,-0.10693565,-0.11167705,0.12339687,-0.17602046,-0.39076865,False,0.0
113762.156710375,0,0.13673419,-0.060328305,-0.16650319,0.022841282,-0.4009773,-0.349952,False,0.0
113762.176710375,20000000,0.1942986,-0.06338416,-0.34490013,-0.21959135,0.0042164326,-0.49068657,False,0.0
113762.196710375,0,0.05310324,-0.011528015,-0.113256216,-0.18602753,-0.08705738,-0.38966402,False,0.0
113762.236710375,0,-0.054775625,0.040343046,0.004055023,0.02902396,0.048073784,-0.19251063,False,0.0
113762.256710375,0,-0.14370155,0.06064552,0.08403051,0.11070375,-0.09102993,-0.06818677,False,0.0
113762.276710375,0,-0.14783123,0.04724729,0.034470975,0.08182307,-0.091929324,-0.054868616,False,0.0
113762.296710375,0,-0.15409775,0.040349513,0.012212336,-0.010882057,-0.10933451,-0.061309256,False,0.0
113762.316710375,20000000,-0.16035938,0.03345579,-0.010061681,-0.103587195,-0.12673971,-0.067749895,False,0.0
113762.336710375,40000000,-0.16661623,0.026566297,-0.032350957,-0.19629233,-0.1441449,-0.074190535,False,0.0
113762.356710375,60000000,-0.15484416,0.020952493,-0.04042846,-0.27325624,-0.08421382,-0.106325746,False,0.0
113762.376710375,0,-0.15010649,0.022812784,-0.023640096,-0.322476,-0.02168303,-0.14041844,False,0.0
113762.396710375,20000000,-0.14029005,0.029263496,-0.0024988651,-0.35003698,0.046569668,-0.16761099,False,0.0
113762.416710375,0,-0.12659876,0.032008052,0.023035109,-0.33750132,0.10905257,-0.18526968,False,0.0
113762.436710375,0,-0.1205332,0.020349652,0.049513817,-0.2611752,0.1655806,-0.17691149,False,0.0
113762.456710375,20000000,-0.119163305,0.004047185,0.081287265,-0.13248748,0.1797445,-0.13832226,False,0.0
113762.476710375,0,-0.10976738,-0.010592431,0.09024435,-0.0108863115,0.18376324,-0.097954504,False,0.0
113762.496710375,0,-0.102855295,-0.019413799,0.095974445,0.06312646,0.17670351,-0.056071732,False,0.0
113762.516710375,0,-0.09457451,-0.026443183,0.09570432,0.08448789,0.15705714,-0.038778447,False,0.0
113762.536710375,0,-0.0819471,-0.03152919,0.093025684,0.08067463,0.14294274,-0.046067286,False,0.0
113762.556710375,20000000,-0.063368455,-0.040216565,0.06713647,0.062505275,0.16122858,-0.08170873,False,0.0
113762.576710375,0,-0.06153798,-0.047201037,0.047317743,0.057669763,0.18891637,-0.13320562,False,0.0
113762.596710375,20000000,-0.070408136,-0.041878223,0.040669203,0.07464081,0.15493622,-0.17484063,False,0.0
113762.616710375,0,-0.063222036,-0.036697775,0.0015532374,0.095435515,0.12205747,-0.27076745,False,0.0
113762.636710375,20000000,-0.05603552,-0.031522006,-0.037564814,0.11623022,0.08917871,-0.36669427,False,0.0
113762.656710375,40000000,-0.04968016,-0.004792571,-0.095715106,0.11742774,0.034345742,-0.4146675,False,0.0
113762.676710375,0,-0.058092088,0.02977398,-0.11987162,0.1292644,-0.020308893,-0.3733443,False,0.0
113762.696710375,20000000,-0.075234756,0.060249537,-0.11180788,0.16588612,-0.12613179,-0.25065845,False,0.0
113762.716710375,0,-0.05381021,0.07119578,-0.13905066,0.19229203,-0.24645427,-0.13991237,False,0.0
113762.736710375,0,0.020247906,0.078799695,-0.26230407,0.10338743,-0.3611289,-0.07783261,False,0.0
113762.756710375,0,0.09748605,0.060137182,-0.39208758,-0.112142235,-0.028745502,-0.19708261,False,0.0
113762.776710375,0,-0.00075754523,0.10049233,-0.12914282,-0.12994085,-0.11529729,-0.11994799,False,0.0
113762.796710375,20000000,-0.026092157,0.10780001,0.023069441,-0.09153837,-0.1666883,-0.039097674,False,0.0
113762.816710375,0,-0.017116413,0.09866637,0.17462921,0.03413734,-0.16656892,0.0011611506,False,0.0
113762.836710375,0,0.035407186,0.08633423,0.19054878,0.099275745,-0.25015593,-0.008665697,False,0.0
113762.856710375,0,0.13881657,0.057837278,0.03933662,-0.014101505,0.031209022,-0.18410063,False,0.0
113762.876710375,20000000,0.11054358,0.07701695,0.10919875,-0.09099843,0.0065382756,-0.22911905,False,0.0
113762.896710375,0,0.09246725,0.09931508,0.08970094,-0.21579346,-0.04852514,-0.20634356,False,0.0
113762.916710375,0,0.059862405,0.099953085,0.1362738,-0.25313658,-0.15066606,-0.07779698,False,0.0
113762.936710375,20000000,0.02726838,0.10060835,0.1827963,-0.2904797,-0.25280696,0.050749615,False,0.0
113762.956710375,40000000,0.016388223,0.099419594,0.1939646,-0.26692367,-0.41772375,0.21726567,False,0.0
113762.976710375,0,0.033593893,0.10993874,0.16249311,-0.31066817,-0.51770425,0.3521598,False,0.0
113762.996710375,0,0.044644743,0.11410642,0.14347088,-0.3820681,-0.60716057,0.4718219,False,0.0
113763.016710375,0,0.060880065,0.089517355,0.119344175,-0.42347008,-0.6408021,0.5725637,False,0.0
113763.036710375,20000000,0.08126667,0.047442794,0.099761724,-0.40344477,-0.6156339,0.6435948,False,0.0
113763.056710375,0,0.08888465,0.0047025084,0.09066087,-0.32395706,-0.5942791,0.6774368,False,0.0
113763.076710375,0,0.09783113,-0.017833948,0.05706972,-0.24677569,-0.53724015,0.6966251,False,0.0
113763.096710375,0,0.102696896,-0.039276958,0.060384274,-0.16411236,-0.46237195,0.69186753,False,0.0
113763.116705792,0,0.106761105,-0.042282518,0.08635122,-0.1047442,-0.42452294,0.6528183,False,0.0
113763.136705792,0,0.117819294,-0.0466637,0.06217742,-0.11699813,-0.4115432,0.5896311,False,0.0
113763.156705792,0,0.12599996,-0.053034157,0.035533845,-0.14271607,-0.4102722,0.51433754,False,0.0
113763.176705792,0,0.12759836,-0.059041023,4.261732e-05,-0.17418124,-0.43518427,0.4434013,False,0.0
113763.196705792,20000000,0.12759024,-0.07213545,-0.026378274,-0.18633832,-0.44188142,0.3807662,False,0.0
113763.216705792,0,0.120321035,-0.09035796,-0.019806743,-0.14618485,-0.44336313,0.32756403,False,0.0
113763.236705792,20000000,0.10068987,-0.09504518,-0.011705697,-0.08858878,-0.4874709,0.29007125,False,0.0
113763.256705792,0,0.08120416,-0.07623568,-0.072903335,-0.09700763,-0.61578786,0.3019238,False,0.0
113763.276705792,20000000,0.08534287,-0.07993245,-0.1311081,-0.18846986,-0.3666901,0.2096943,False,0.0
113763.296705792,0,-0.030862749,-0.03762436,0.052863896,-0.17177145,-0.4756953,0.24652389,False,0.0
113763.316705792,0,-0.08821536,0.013070166,0.058899343,-0.24689892,-0.48429683,0.25439775,False,0.0
113763.336705792,20000000,-0.15048483,0.06463614,0.06870347,-0.34505236,-0.5849407,0.32482493,False,0.0
113763.356705792,0,-0.1588681,0.06253463,0.025857866,-0.44771585,-0.57414377,0.34238732,False,0.0
113763.376705792,0,-0.16214389,0.053559273,0.021675706,-0.5024934,-0.58396953,0.34456468,False,0.0
113763.396705792,20000000,-0.15792842,0.06064883,-0.018005371,-0.5836719,-0.5623396,0.32384664,False,0.0
113763.416705792,0,-0.16989185,0.08730659,-0.020431697,-0.6691456,-0.5488851,0.33665317,False,0.0
113763.436705792,0,-0.17082807,0.09854621,0.008199871,-0.70113015,-0.54293424,0.37470824,False,0.0
113763.456705792,20000000,-0.13734291,0.07591802,0.025812745,-0.68007123,-0.45378682,0.36409616,False,0.0
113763.476705792,0,-0.103015505,0.052834332,0.0412454,-0.64253837,-0.29144293,0.3004735,False,0.0
113763.496705792,0,-0.114742,0.038070828,0.08992374,-0.5789579,-0.2679667,0.29040906,False,0.0
113763.516705792,20000000,-0.12652726,0.02334848,0.13848186,-0.51537746,-0.24449044,0.28034464,False,0.0
113763.536705792,40000000,-0.13837172,0.0086687505,0.18692046,-0.451797,-0.22101419,0.27028018,False,0.0
113763.556705792,0,-0.13419008,-0.010791838,0.20548713,-0.4091248,-0.20625947,0.30709657,False,0.0
113763.576705792,0,-0.13370436,-0.032034636,0.23830748,-0.36377212,-0.2383258,0.3660969,False,0.0
113763.596705792,0,-0.12654342,-0.038134873,0.235919,-0.3816411,-0.2537598,0.40929055,False,0.0
113763.616705792,20000000,-0.123546936,-0.033019274,0.22385734,-0.43366653,-0.2736741,0.4490162,False,0.0
113763.636705792,0,-0.120630935,-0.034133762,0.19571435,-0.50282615,-0.2662609,0.4799272,False,0.0
113763.656705792,0,-0.12122287,-0.04552704,0.17648578,-0.5466502,-0.26598534,0.53196615,False,0.0
113763.676705792,20000000,-0.11008012,-0.060080886,0.15203553,-0.57566416,-0.20132977,0.57219285,False,0.0
113763.696705792,0,-0.11987864,-0.06487292,0.16388822,-0.5963396,-0.18894862,0.62752724,False,0.0
113763.716705792,0,-0.13410541,-0.05484265,0.17769504,-0.6302191,-0.22632408,0.70025027,False,0.0
113763.736705792,0,-0.12568863,-0.050762236,0.1757577,-0.6580825,-0.26390484,0.73927945,False,0.0
113763.756705792,0,-0.10371394,-0.044176996,0.15806186,-0.69766766,-0.24528204,0.72395074,False,0.0
113763.776705792,0,-0.105747186,-0.006338656,0.17610592,-0.7122436,-0.26338667,0.7448001,False,0.0
113763.796705792,20000000,-0.10797399,0.031692386,0.19401151,-0.7268196,-0.28149128,0.7656495,False,0.0
113763.816705792,40000000,-0.11039204,0.06992096,0.21178216,-0.7413955,-0.2995959,0.78649884,False,0.0
113763.836705792,60000000,-0.061387748,0.096625865,0.19651479,-0.7730716,-0.28127313,0.75022805,False,0.0
113763.856705792,0,0.012871161,0.1142177,0.16541499,-0.8438081,-0.17128494,0.5768021,False,0.0
113763.876705792,0,0.0542136,0.14161474,0.1421544,-0.9136557,-0.07607854,0.39202142,False,0.0
113763.896705792,0,0.08528991,0.13658798,0.13070846,-0.8887208,-6.206334e-05,0.1732705,False,0.0
113763.916705792,20000000,0.094653636,0.16414183,0.12119305,-0.80646014,-0.047014408,0.0184367,False,0.0
113763.936705792,0,0.13142431,0.1703834,0.054904938,-0.7138342,-0.03084231,-0.18509091,False,0.0
113763.956705792,0,0.1455607,0.17968845,-0.000312984,-0.62025976,-0.010395739,-0.43059647,False,0.0
113763.976705792,20000000,0.11612429,0.22797137,-0.017652094,-0.53775346,-0.051383168,-0.58443457,False,0.0
113763.996705792,0,0.08532153,0.28860128,-0.013557255,-0.48566705,-0.14208134,-0.6290568,False,0.0
113764.016705792,0,0.07871384,0.33189684,-0.0156059265,-0.4571075,-0.19355375,-0.5914652,False,0.0
113764.036705792,20000000,0.0808769,0.33701473,-0.024661183,-0.43264058,-0.19523187,-0.5523956,False,0.0
113764.056705792,0,0.07935629,0.3397715,-0.043365717,-0.44606867,-0.1646765,-0.511119,False,0.0
113764.076705792,0,0.058505982,0.34117287,-0.042138994,-0.46788523,-0.16043489,-0.43451267,False,0.0
113764.096705792,0,0.038706183,0.3181407,-0.040583193,-0.47607958,-0.14050771,-0.36968946,False,0.0
113764.116705792,0,0.017468803,0.27418208,-0.032105267,-0.4373384,-0.12569563,-0.36337805,False,0.0
113764.136705792,20000000,-0.0037422962,0.23032999,-0.023706734,-0.39859724,-0.11088355,-0.35706663,False,0.0
113764.156705792,0,-0.016930655,0.18911242,-0.018438697,-0.33684078,-0.08116649,-0.41414848,False,0.0
113764.176705792,20000000,-0.013120383,0.142757,-0.014109135,-0.24331239,-0.02365908,-0.56411004,False,0.0
113764.196705792,0,-0.0151514225,0.13864052,-0.011898637,-0.15921709,0.04427497,-0.71925616,False,0.0
113764.216705792,20000000,-0.029163193,0.16151458,0.002942443,-0.077934355,0.06443231,-0.79703814,False,0.0
113764.236705792,0,-0.024443861,0.16194224,0.023030996,0.020558812,0.07280321,-0.7912846,False,0.0
113764.256705792,20000000,-0.019731805,0.16255027,0.04313928,0.11905197,0.081174105,-0.7855311,False,0.0
113764.276705792,40000000,0.001951538,0.14546269,0.048423946,0.17956077,0.095393054,-0.78836155,False,0.0
113764.296705792,0,0.01784992,0.12663692,0.04798627,0.18470353,0.10147533,-0.7861592,False,0.0
113764.316705792,0,0.026486527,0.11189723,0.05298263,0.17039403,0.09519069,-0.76498085,False,0.0
113764.336705792,20000000,0.029638555,0.10592103,0.063219965,0.17381802,0.08439338,-0.68276846,False,0.0
113764.356705792,0,0.033336565,0.07941091,0.069164634,0.19184583,0.085975595,-0.59563994,False,0.0
113764.376705792,0,0.02849219,0.07083303,0.081599355,0.1773464,0.07833447,-0.5138638,False,0.0
113764.396705792,0,0.010347687,0.07560301,0.0970391,0.1282545,0.029797614,-0.42604002,False,0.0
113764.416705792,0,0.0019717738,0.07399857,0.09012008,0.073369354,-0.014644504,-0.35076296,False,0.0
113764.436705792,0,-0.00013433397,0.066797376,0.06753081,0.036292396,-0.017912703,-0.29977906,False,0.0
113764.456705792,0,-0.010876939,0.05070752,0.04994601,0.02570754,-0.005049593,-0.25339034,False,0.0
113764.476705792,0,-0.02897469,0.033401072,0.04292828,0.02100728,-0.020088546,-0.19048035,False,0.0
113764.496705792,0,-0.037254088,0.01374352,0.04208988,0.012643312,-0.054192312,-0.11098379,False,0.0
113764.516705792,20000000,-0.034462444,-0.00209558,0.039177716,-0.014482229,-0.07784852,-0.029984452,False,0.0
113764.536705792,0,-0.018499687,-0.0024322271,0.036444724,-0.07543271,-0.06925339,0.06463383,False,0.0
113764.556705792,0,-0.011713199,0.0045697093,0.041159093,-0.16800126,-0.06277802,0.18862194,False,0.0
113764.576705792,20000000,-0.011769876,0.016681671,0.038660288,-0.31074443,-0.056916945,0.332008,False,0.0
113764.596705792,0,-0.035648793,0.054440856,0.04985547,-0.45218414,-0.109478645,0.60409606,False,0.0
113764.616705792,0,-0.03494794,0.06452507,0.04998249,-0.5728519,-0.14594156,0.91902804,False,0.0
113764.636705792,0,-0.025176901,0.04477203,0.044380844,-0.6637555,-0.1398354,1.1704984,False,0.0
113764.656705792,20000000,-0.03209383,0.02759111,0.03477949,-0.7521084,-0.1190599,1.3074204,False,0.0
113764.676705792,0,-0.039326698,-0.0021887422,0.019161046,-0.8066029,-0.08903169,1.3112235,False,0.0
113764.696705792,20000000,-0.036644287,-0.05387169,0.0075614452,-0.754653,-0.039870214,1.1526518,False,0.0
113764.716705792,0,-0.041738324,-0.07410395,0.0032938719,-0.60897106,-0.0058019757,0.8880893,False,0.0
113764.736705792,20000000,-0.046971194,-0.09393561,-0.0010567307,-0.46328914,0.028266259,0.6235267,False,0.0
113764.756705792,40000000,-0.050373416,-0.0720042,0.0020714998,-0.34456196,0.022415088,0.39750868,False,0.0
113764.776705792,0,-0.041305758,-0.041014254,-0.0001604557,-0.27735466,0.029459983,0.21692249,False,0.0
113764.796705792,0,-0.029143773,-0.014053702,0.002568841,-0.24113807,0.021062616,0.08206847,False,0.0
113764.816705792,20000000,-0.018935181,0.0072060823,-0.0013019443,-0.221748,0.018905805,-0.0048301443,False,0.0
113764.836705792,0,-0.010986727,0.019204319,0.002703607,-0.21176152,0.0177409,-0.0683176,False,0.0
113764.856705792,0,-0.0033833832,0.027887225,0.019579351,-0.18775773,0.009091194,-0.10163524,False,0.0
113764.876705792,20000000,0.0007582493,0.027755022,0.03365907,-0.15255958,-0.008532063,-0.12222863,False,0.0
113764.896705792,0,0.0011403672,0.031947196,0.03800288,-0.13366997,-0.050835192,-0.14291976,False,0.0
113764.916705792,0,-0.004799109,0.053498745,0.03132862,-0.15842612,-0.08613358,-0.1491034,False,0.0
113764.936705792,0,-0.028590847,0.07180214,0.032037675,-0.17585364,-0.15957116,-0.10829458,False,0.0
113764.956705792,20000000,-0.03575858,0.067932844,0.027608722,-0.1441002,-0.21873473,-0.056361195,False,0.0
113764.976705792,0,-0.022984248,0.045844376,0.0071212053,-0.0934657,-0.21740955,-0.043759987,False,0.0
113764.996705792,20000000,-0.021971554,0.0326609,-0.006751418,-0.054168943,-0.16962568,-0.043822754,False,0.0
113765.016705792,0,-0.04167959,0.010795653,0.012165338,-0.01957085,-0.16597387,-0.0314164,False,0.0
113765.036705792,20000000,-0.06139208,-0.011065483,0.031071723,0.015027244,-0.16232206,-0.019010045,False,0.0
113765.056705792,40000000,-0.07423845,-0.022530138,0.039017618,0.0033415845,-0.18645829,-0.045439523,False,0.0
113765.076705792,0,-0.08446944,-0.010541201,0.032426953,-0.05455223,-0.23076096,-0.07994841,False,0.0
113765.096705792,0,-0.07001953,0.0021244287,0.010672063,-0.10806897,-0.2251567,-0.13329384,False,0.0
113765.116705792,20000000,-0.057562053,0.011825442,-0.0009750724,-0.11893205,-0.18953554,-0.19264627,False,0.0
113765.136705792,0,-0.055123914,0.027465701,-0.005058676,-0.085649475,-0.1658422,-0.22087516,False,0.0
113765.156705792,0,-0.05153269,0.039294958,-0.011081934,-0.02185344,-0.13294636,-0.21588644,False,0.0
113765.176705792,0,-0.046481527,0.032282114,-0.01257658,0.052442983,-0.0843186,-0.18277434,False,0.0
113765.196705792,0,-0.052493,0.020741642,0.005292982,0.10842633,-0.07727409,-0.115921326,False,0.0
113765.216705792,20000000,-0.043316755,-0.000108361244,0.009255946,0.099798165,-0.06622494,-0.08602146,False,0.0
113765.236705792,0,-0.029559469,-0.0034042,0.009818703,0.044559207,-0.052117907,-0.079143405,False,0.0
113765.256705792,20000000,-0.0077969655,0.0026316643,0.002570361,-0.028066825,-0.030954046,-0.089678384,False,0.0
113765.276705792,0,0.009283552,0.02208674,-0.004419148,-0.09351145,0.0038384553,-0.09620738,False,0.0
113765.296705792,0,0.011561874,0.05030334,-0.0024113655,-0.12518261,0.011539512,-0.071472175,False,0.0
113765.316705792,0,0.005967479,0.06583512,0.003804624,-0.09315281,-0.023067381,-0.00097017735,False,0.0
113765.336705792,20000000,0.00037119724,0.081371486,0.010017902,-0.061123013,-0.057674278,0.069531806,False,0.0
113765.356705792,40000000,-0.0052270256,0.096912384,0.016228527,-0.029093213,-0.09228116,0.14003381,False,0.0
113765.376705792,0,-0.004696494,0.079687655,0.016334027,0.027088128,-0.14291117,0.22923777,False,0.0
113765.396705792,0,0.00074324943,0.052657843,0.015138984,0.07234314,-0.16678968,0.30698523,False,0.0
113765.416705792,0,-0.002524672,0.021075308,0.023444891,0.09799484,-0.18141961,0.35795176,False,0.0
113765.436705792,20000000,-0.014678286,-0.0036652684,0.030550867,0.08384083,-0.21080013,0.3807551,False,0.0
113765.456705792,0,-0.037998535,-0.014577985,0.038003564,0.0424136,-0.2535272,0.4086845,False,0.0
113765.476705792,20000000,-0.054950245,-0.027995527,0.03632304,0.011649275,-0.29480138,0.43295202,False,0.0
113765.496705792,0,-0.05517586,-0.044809997,0.015619546,-0.018707702,-0.289809,0.41320804,False,0.0
113765.516700417,0,-0.05211133,-0.047408648,0.0048570298,-0.043393712,-0.26118803,0.3798922,False,0.0
113765.536700417,0,-0.054021217,-0.04793185,0.0035406947,-0.0502362,-0.21698147,0.31527418,False,0.0
113765.556700417,0,-0.056694277,-0.044621646,0.003845483,-0.052430835,-0.19608383,0.26138687,False,0.0
113765.576700417,0,-0.051660433,-0.042863607,-0.0021434426,-0.059489533,-0.16147006,0.19271314,False,0.0
113765.596700417,0,-0.052527614,-0.0334208,-0.0031398833,-0.05562172,-0.1429715,0.13151574,False,0.0
113765.616700417,20000000,-0.05339457,-0.023978114,-0.004137039,-0.05175391,-0.124472946,0.070318356,False,0.0
113765.636700417,40000000,-0.054261368,-0.014535725,-0.0051351488,-0.047886092,-0.10597439,0.00912096,False,0.0
113765.676700417,0,-0.04768518,0.026689708,-0.015438527,-0.014360502,-0.057800144,-0.06221795,False,0.0
113765.696700417,0,-0.043169774,0.051082134,-0.017164826,0.013756987,-0.041344635,-0.049995713,False,0.0
113765.716700417,20000000,-0.033031955,0.078076065,-0.025227636,0.03671763,-0.016800283,-0.01565786,False,0.0
113765.736700417,0,-0.026894312,0.10817671,-0.031952143,0.05218934,0.0010507479,0.03794548,False,0.0
113765.756700417,20000000,-0.018667443,0.1315133,-0.04218003,0.06518935,0.014562372,0.08551204,False,0.0
113765.776700417,0,-0.003960003,0.15062594,-0.062149733,0.075902656,0.043481667,0.09948698,False,0.0
113765.796700417,20000000,-0.0013732152,0.17700464,-0.074192196,0.10489033,0.06385418,0.11612357,False,0.0
113765.816700417,0,-0.00806498,0.20330727,-0.07835737,0.16583364,0.056772146,0.14177072,False,0.0
113765.856700417,0,-0.00806498,0.20330727,-0.07835737,0.16583364,0.056772146,0.14177072,False,0.0
113765.876700417,20000000,-0.010027934,0.22458738,-0.08584982,0.23579656,0.034867026,0.17007264,False,0.0
113765.856700417,0,-0.0032932526,0.23226053,-0.09521115,0.30549014,0.040674318,0.17447144,False,0.0
113765.876700417,20000000,-0.0042040134,0.23074728,-0.09225088,0.3698059,0.048448347,0.17053542,False,0.0
113765.896700417,0,-0.0099333925,0.2178371,-0.08247858,0.43748143,0.042239033,0.15774103,False,0.0
113765.916700417,20000000,-0.015734054,0.20518106,-0.07286489,0.505157,0.03602972,0.14494663,False,0.0
113765.936700417,40000000,-0.021605104,0.19277638,-0.06341499,0.5728325,0.029820405,0.13215226,False,0.0
113765.956700417,60000000,-0.024319585,0.1868043,-0.059533596,0.6289351,0.039464604,0.1157474,False,0.0
113765.976700417,0,-0.023940222,0.18683952,-0.05846274,0.66001296,0.06450418,0.10048869,False,0.0
113765.996700417,20000000,-0.023499392,0.17983925,-0.049381196,0.6954334,0.10266926,0.08157529,False,0.0
113766.016700417,0,-0.028651075,0.1666547,-0.04056281,0.7339321,0.14551479,0.058902275,False,0.0
113766.036700417,20000000,-0.027552895,0.13712746,-0.03379363,0.774963,0.21309942,0.009913918,False,0.0
113766.056700417,0,-0.018305883,0.08206344,-0.029360533,0.8304019,0.32775053,-0.1274331,False,0.0
113766.076700417,0,-0.01886202,0.015661895,-0.017244756,0.91838837,0.45858413,-0.36872986,False,0.0
113766.096700417,20000000,-0.03137347,-0.05106485,-0.00358212,1.0511781,0.58303535,-0.7141706,False,0.0
113766.116700417,0,-0.05059568,-0.10278016,0.0037190914,1.2100654,0.6949964,-1.1347152,False,0.0
113766.136700417,20000000,-0.06996809,-0.12118018,0.0025011897,1.3494335,0.8050807,-1.5699323,False,0.0
113766.156700417,0,-0.08639109,-0.09162289,-0.0003438592,1.4121033,0.9125242,-1.9267809,False,0.0
113766.176700417,0,-0.11051783,-0.02631861,0.021329463,1.403426,0.98994213,-2.129795,False,0.0
113766.196700417,20000000,-0.1300923,0.03319478,0.048663795,1.3643056,1.0187337,-2.1642025,False,0.0
113766.216700417,0,-0.13258567,0.07882905,0.06768781,1.303272,1.0360551,-2.071028,False,0.0
113766.236700417,20000000,-0.12683064,0.114418626,0.089839935,1.1982586,1.0506659,-1.8828031,False,0.0
113766.256700417,0,-0.12050147,0.13767648,0.12117404,1.0706311,1.0144328,-1.6175485,False,0.0
113766.276700417,20000000,-0.10376768,0.15290791,0.13832164,0.92630666,0.9622981,-1.289315,False,0.0
113766.296700417,0,-0.0735238,0.13199651,0.145163,0.80389637,0.9335149,-0.9719529,False,0.0
113766.316700417,0,-0.05039897,0.09179664,0.15372574,0.7096679,0.9095571,-0.6777872,False,0.0
113766.336700417,0,-0.037504137,0.04494059,0.16391861,0.6418259,0.87903893,-0.43100387,False,0.0
113766.356700417,0,-0.029622953,0.004610598,0.17586654,0.6061673,0.8262912,-0.24156708,False,0.0
113766.376700417,20000000,-0.0069285166,-0.02395457,0.15672809,0.56927556,0.813256,-0.14553767,False,0.0
113766.396700417,0,0.012736231,-0.044042587,0.13587844,0.54086155,0.82276887,-0.11025889,False,0.0
113766.416700417,0,0.04127808,-0.07049686,0.11985731,0.52217907,0.8660727,-0.1405878,False,0.0
113766.436700417,20000000,0.039781716,-0.08829188,0.14098334,0.5580957,0.84920317,-0.15,False,0.0
113766.456700417,0,0.03257853,-0.09328121,0.14918858,0.58782345,0.7689943,-0.11674014,False,0.0
113766.476700417,0,0.03835179,-0.08835518,0.14661884,0.5686606,0.6967211,-0.09358842,False,0.0
113766.496700417,0,0.02013307,-0.055772394,0.14717865,0.48212814,0.5616838,-0.024469376,False,0.0
113766.516700417,0,0.015168779,-0.05522114,0.1342088,0.3993833,0.48109838,0.07292786,False,0.0
113766.536700417,20000000,0.010186799,-0.054637045,0.12110227,0.31663844,0.400513,0.1703251,False,0.0
113766.556700417,0,0.011639096,-0.06439862,0.10519636,0.27090544,0.33154494,0.27534664,False,0.0
113766.576700417,20000000,0.0031700805,-0.056910127,0.102527976,0.22558925,0.2184084,0.41250345,False,0.0
113766.596700417,0,0.012932986,-0.054706246,0.08536601,0.14892502,0.11692769,0.52957195,False,0.0
113766.616700417,0,0.022540547,-0.051698,0.071471035,0.032117173,0.035936907,0.63329035,False,0.0
113766.636700417,0,0.01604563,-0.05551517,0.07868892,-0.07763213,-0.07556625,0.76685977,False,0.0
113766.656700417,0,0.016070724,-0.063349724,0.07537484,-0.19261348,-0.19037327,0.91394925,False,0.0
113766.676700417,20000000,0.027699143,-0.057302,0.059789836,-0.34867257,-0.26612824,1.0576899,False,0.0
113766.696700417,0,0.042343423,-0.038890332,0.0483523,-0.5332289,-0.29838875,1.1965728,False,0.0
113766.716700417,0,0.04312657,-0.027464896,0.038009465,-0.72578955,-0.31348136,1.3123174,False,0.0
113766.736700417,0,0.027992383,-0.028396785,0.024916112,-0.8775588,-0.32846227,1.4187481,False,0.0
113766.756700417,0,-0.00033305585,-0.04020065,0.019059896,-0.94605005,-0.36074778,1.5279629,False,0.0
113766.776700417,20000000,-0.037446976,-0.05706373,0.017823398,-0.9104026,-0.42933303,1.6542785,False,0.0
113766.796700417,0,-0.06361278,-0.077646285,0.004433334,-0.81399715,-0.4916681,1.7807306,False,0.0
113766.816700417,20000000,-0.061074324,-0.11085743,-0.005507946,-0.6769414,-0.5227413,1.8316572,False,0.0
113766.836700417,0,-0.03116189,-0.1470542,-0.02618134,-0.57341784,-0.49080765,1.7156634,False,0.0
113766.856700417,20000000,-0.0027338266,-0.1569103,-0.044783056,-0.527447,-0.40303922,1.4837121,False,0.0
113766.876700417,0,0.0078089684,-0.15594572,-0.045856476,-0.5146843,-0.321014,1.2035414,False,0.0
113766.896700417,20000000,0.0035392195,-0.15060931,-0.03132993,-0.4976487,-0.2604055,0.9134041,False,0.0
113766.916700417,0,-0.009739101,-0.13780594,-0.01256597,-0.4635073,-0.2466555,0.65634835,False,0.0
113766.936700417,20000000,-0.012123764,-0.12314516,-0.0033730865,-0.4243001,-0.2314211,0.43134022,False,0.0
113766.956700417,0,0.0024312586,-0.10937792,-0.0058510303,-0.38969973,-0.18556483,0.21436767,False,0.0
113766.976700417,0,0.01458326,-0.09080407,-0.011602759,-0.35438865,-0.12099775,0.015677944,False,0.0
113766.996700417,20000000,0.010299206,-0.06666237,-0.0107880235,-0.3048533,-0.07691055,-0.115523055,False,0.0
113767.016700417,0,0.0036759377,-0.047268063,-0.007594049,-0.24205092,-0.06899921,-0.15133254,False,0.0
113767.036700417,20000000,-0.0029343814,-0.027852416,-0.004426062,-0.17924857,-0.06108787,-0.18714204,False,0.0
113767.056700417,40000000,-0.0035992116,-0.00313586,-0.007993937,-0.15286645,-0.055716593,-0.1830711,False,0.0
113767.076700417,0,-0.0039102286,0.015317321,-0.0074762106,-0.13764422,-0.053845517,-0.15687391,False,0.0
113767.096700417,0,-0.004237324,0.026709855,-0.006664932,-0.12431036,-0.042411126,-0.11053431,False,0.0
113767.116700417,20000000,-0.009852275,0.024339676,0.001888454,-0.09047496,-0.05407946,-0.057589114,False,0.0
113767.136700417,0,-0.011482537,0.017215848,0.006435752,-0.046195626,-0.07560283,-0.0040721633,False,0.0
113767.156700417,20000000,-0.0050673634,0.005445659,0.003779173,-0.023384776,-0.07491414,0.015928753,False,0.0
113767.176700417,0,-0.0020350069,0.002670288,0.0038998127,-0.026226724,-0.076422445,0.019550417,False,0.0
113767.196700417,0,-0.00047028065,0.0050943494,0.0049825907,-0.044830613,-0.06965771,0.007599799,False,0.0
113767.216700417,20000000,-0.0021065325,0.013088822,0.0078082085,-0.0715077,-0.074177414,0.010378628,False,0.0
113767.236700417,0,-0.0014341027,0.011708856,0.010403931,-0.07423462,-0.09107744,0.017764512,False,0.0
113767.256700417,20000000,0.0036850274,0.002321124,0.007252693,-0.05902144,-0.092093654,0.018397402,False,0.0
113767.276700417,0,0.01124914,-0.0007122159,0.005401492,-0.048150145,-0.086783595,0.013895298,False,0.0
113767.296700417,0,0.014139563,-0.0026167035,0.0056833625,-0.042450175,-0.0875132,0.02079745,False,0.0
113767.316700417,20000000,0.017029166,-0.0045214295,0.005962968,-0.0367502,-0.08824281,0.027699605,False,0.0
113767.336700417,40000000,0.019917905,-0.006426394,0.0062401295,-0.031050228,-0.08897242,0.03460176,False,0.0
113767.356700417,60000000,0.016449153,-0.0042772293,0.010087967,-0.03141357,-0.09453723,0.043937992,False,0.0
113767.376700417,0,0.0048860013,-0.00023895502,0.016960442,-0.028658384,-0.12508947,0.06132637,False,0.0
113767.396700417,20000000,-0.0024666488,0.0040463805,0.015527248,-0.03865053,-0.15477559,0.079075925,False,0.0
113767.416700417,0,0.00026796758,0.0022684932,0.0067571998,-0.05132194,-0.15524809,0.07455389,False,0.0
113767.436700417,0,4.479289e-05,0.00037831068,0.0011268854,-0.06264627,-0.13770953,0.05983162,False,0.0
113767.456700417,0,-0.004321933,-0.0009415746,0.0030882955,-0.07025372,-0.11694987,0.03329359,False,0.0
113767.476700417,0,-0.012448207,0.0013100505,0.010417283,-0.07200798,-0.10969433,0.008626299,False,0.0
113767.496700417,0,-0.019360319,0.007256508,0.013987303,-0.07428801,-0.11530684,-0.007100381,False,0.0
113767.516700417,0,-0.020273745,0.012484491,0.0065371394,-0.082238406,-0.11359525,-0.022745255,False,0.0
113767.536700417,0,-0.01708822,0.014025986,-0.0019130111,-0.07535028,-0.094662376,-0.0355642,False,0.0
113767.556700417,20000000,-0.018036067,0.010912061,-0.0067752004,-0.052940488,-0.062512234,-0.041593477,False,0.0
113767.576700417,0,-0.024061948,0.012461126,-0.001075685,-0.020644754,-0.05914647,-0.034168705,False,0.0
113767.596700417,0,-0.02325967,0.0134218335,-0.002623558,9.538233e-05,-0.046324074,-0.031292874,False,0.0
113767.616700417,0,-0.023540035,0.011872292,-0.0010405779,0.00047648823,-0.043140985,-0.026748933,False,0.0
113767.636700417,20000000,-0.023820192,0.0103235245,0.00054103136,0.0008575941,-0.039957896,-0.022204991,False,0.0
113767.656700417,40000000,-0.027363986,0.0054281354,0.0010361075,0.008210472,-0.04076012,-0.01171917,False,0.0
113767.676700417,0,-0.027347878,-0.0050878525,-0.0040712357,0.016824733,-0.03555174,-0.0021079788,False,0.0
113767.696700417,0,-0.026177704,-0.008452773,-0.004887402,0.022153243,-0.033912316,-0.0031349105,False,0.0
113767.716700417,0,-0.013587594,-0.0041798353,-0.012934625,-0.0012417361,-0.005666949,-0.022466462,False,0.0
113767.736700417,20000000,-0.0032917708,-0.00085657835,-0.016839564,-0.029948322,0.051524863,-0.05424152,False,0.0
113767.756700417,0,-0.016500413,0.0046952963,0.0007557273,-0.03386882,0.04946156,-0.057818513,False,0.0
113767.776700417,0,-0.021884263,0.0072419643,0.009668112,-0.019701418,0.021170884,-0.047837745,False,0.0
113767.796700417,20000000,-0.016514942,0.008953452,0.008983552,-0.0087718265,0.0036959145,-0.032956555,False,0.0
113767.816700417,0,-0.0006494075,0.0024569035,-0.001722753,-0.010204465,0.02020715,-0.03337973,False,0.0
113767.836700417,0,0.00060111284,0.0012845993,-0.0013742447,-0.01196678,0.03412655,-0.03296834,False,0.0
113767.856700417,0,-0.0045600235,0.0015537739,0.0059883,-0.009385489,0.022378946,-0.012885472,False,0.0
113767.876700417,0,-0.0048855245,-0.0026587844,0.0050010085,-0.010791484,0.0039623957,0.008918537,False,0.0
113767.896700417,20000000,0.0021906197,-0.008695662,0.00014352798,-0.0125108035,0.0012804721,0.0147333285,False,0.0
113767.916700417,0,-2.861023e-06,-0.009687901,0.0010045767,-0.023092497,-0.014729695,0.016745072,False,0.0
113767.936700417,20000000,-0.0021965504,-0.010679841,0.0018655062,-0.03367419,-0.030739862,0.018756814,False,0.0
113767.956700417,0,-0.004783824,-0.010675311,0.002748251,-0.04427952,-0.042113308,0.038239766,False,0.0
113767.976700417,20000000,-0.009794414,-0.012021661,0.0037478805,-0.04505224,-0.05812736,0.044831846,False,0.0
113767.996700417,0,-0.01241672,-0.007799506,0.002188027,-0.049324084,-0.066223554,0.051784292,False,0.0
113768.016700417,0,-0.016592696,0.0019587278,0.0020300746,-0.06345697,-0.069939815,0.069844,False,0.0
113768.036700417,20000000,-0.020176634,0.0087451935,0.0023364425,-0.08265166,-0.072170734,0.08690125,False,0.0
113768.056700417,0,-0.023566738,0.011845708,0.0022432804,-0.09544484,-0.075125106,0.099113464,False,0.0
113768.076700417,0,-0.023139477,0.010013998,-0.0005880594,-0.10107759,-0.0706895,0.10046675,False,0.0
113768.096700417,0,-0.022883534,0.008734822,-0.003021717,-0.096053064,-0.05895891,0.087230295,False,0.0
113768.116700417,0,-0.024618149,0.009121597,-0.004159093,-0.08370064,-0.050534837,0.07932731,False,0.0
113768.136700417,0,-0.023783445,0.008753061,-0.005892575,-0.06988589,-0.035346657,0.07031652,False,0.0
113768.156700417,0,-0.022128552,0.009312034,-0.0061913133,-0.05379653,-0.019742362,0.05893799,False,0.0
113768.176700417,20000000,-0.018835783,0.007578671,-0.0054766536,-0.041982554,-0.000602372,0.045437936,False,0.0
113768.196700417,0,-0.018643767,0.00579226,-0.0028802156,-0.029139103,0.010357628,0.035606977,False,0.0
113768.216700417,20000000,-0.018451944,0.004006028,-0.00028413534,-0.016295651,0.02131763,0.025776017,False,0.0
113768.236700417,40000000,-0.020206213,0.0026090145,0.0040590763,-0.009029105,0.018174903,0.017282404,False,0.0
113768.256700417,60000000,-0.019025281,0.0048354864,0.006615162,-0.008944765,0.0060212277,0.005053472,False,0.0
113768.276700417,0,-0.012887478,0.006375432,0.0025522113,-0.02622396,0.011724891,-0.0030553984,False,0.0
113768.296700417,0,-0.008709267,0.008215547,0.001601994,-0.04191301,0.023278985,-0.0038378555,False,0.0
113768.316700417,20000000,-0.010287672,0.012999892,0.009249389,-0.049839016,0.016826253,0.010834443,False,0.0
113768.336700417,0,-0.013090208,0.015864134,0.01621759,-0.058245707,-0.002149932,0.034498695,False,0.0
113768.356700417,0,-0.013935551,0.01822561,0.018990219,-0.0673959,-0.031487845,0.056231152,False,0.0
113768.376700417,20000000,-0.010072455,0.017069578,0.014782369,-0.07234677,-0.050863378,0.072389364,False,0.0
113768.396700417,0,-0.007875636,0.011120439,0.009734094,-0.065378495,-0.05851368,0.07550261,False,0.0
113768.416700417,0,-0.007079363,0.0048692822,0.004899919,-0.046123773,-0.05913264,0.06981801,False,0.0
113768.436700417,20000000,-0.005987659,0.0010466576,-0.00021904707,-0.01828101,-0.051908776,0.058086783,False,0.0
113768.456700417,0,-0.0042144954,-0.0027086139,-0.0037466884,0.0039297603,-0.03887673,0.041316025,False,0.0
113768.476700417,0,-0.0029102415,-0.0028211474,-0.003797412,0.010097901,-0.030900104,0.032253094,False,0.0
113768.496700417,20000000,-0.0016057044,-0.002933681,-0.0038484335,0.016266042,-0.022923477,0.023190163,False,0.0
113768.516700417,40000000,-0.00030094385,-0.003046155,-0.003899753,0.022434184,-0.014946848,0.014127231,False,0.0
113768.536700417,60000000,0.001126036,-0.0038043857,-0.0033496022,0.023330979,0.0008040033,0.009362821,False,0.0
113768.556700417,0,-0.0030007958,-0.0021350384,0.0037572384,0.022639995,-0.0022691742,0.015763354,False,0.0
113768.576700417,20000000,-0.0055446923,0.00053042173,0.008169413,0.010157809,-0.010519942,0.019387145,False,0.0
113768.596700417,0,-0.005242333,0.0007702112,0.0074124336,0.00041358825,-0.0133234225,0.01281986,False,0.0
113768.616700417,20000000,-0.005340725,0.0013747215,0.005803764,0.002462742,-0.016527053,0.006187333,False,0.0
113768.636700417,0,-0.0057870746,0.002619326,0.0058517456,0.014001208,-0.020566043,0.0076953475,False,0.0
113768.656700417,0,-0.007263288,0.007885039,0.004605472,0.021960966,-0.024172114,0.014718537,False,0.0
113768.696700417,0,-0.0060086697,0.008900583,0.001547873,0.022952873,-0.023835003,0.023945184,False,0.0
113768.716700417,20000000,-0.003227517,0.0046957135,0.00042897463,0.022492882,-0.021849569,0.024831373,False,0.0
113768.736700417,0,-0.0027722418,0.0014704466,0.00080519915,0.025239643,-0.022917232,0.026575264,False,0.0
113768.756700417,0,-0.003309071,-0.0009008646,0.003027022,0.02939482,-0.030571532,0.032354712,False,0.0
113768.776700417,20000000,-0.00255242,-0.003934562,0.0015881062,0.033963196,-0.03011606,0.039183922,False,0.0
113768.796700417,0,-0.003941193,-0.006798148,0.0038611293,0.036694527,-0.043684714,0.04698111,False,0.0
113768.816700417,0,-0.0017229468,-0.0069339275,-0.0024635792,0.024541924,-0.033187088,0.047808312,False,0.0
113768.836700417,20000000,0.00049602985,-0.0070695877,-0.008788586,0.012389319,-0.022689462,0.04863551,False,0.0
113768.856700417,0,-0.001342848,-0.009411275,-0.007566631,0.0018087635,-0.010340728,0.04674703,False,0.0
113768.876700417,0,-0.0062060803,-0.011654139,-0.00065517426,-0.0029763356,-0.008142974,0.03813584,False,0.0
113768.896700417,0,-0.009347662,-0.013433576,0.003983259,-0.005588296,-0.007022957,0.017123532,False,0.0
113768.916700417,20000000,-0.008678988,-0.013779998,0.0033102632,-0.011778331,-0.0066802753,-0.014535356,False,0.0
113768.936700417,0,-0.007124424,-0.011093378,0.00089401007,-0.013142691,0.0015200572,-0.046954114,False,0.0
113768.956700417,0,-0.007437855,-0.007957041,0.0015630722,-0.009253592,0.010527307,-0.072741,False,0.0
113768.976700417,0,-0.011359647,0.0005403757,0.0031051636,0.00018005446,0.0073461216,-0.078698225,False,0.0
113768.996700417,0,-0.01244469,0.0058371425,0.0022338033,0.009236914,0.0061912993,-0.074518315,False,0.0
113769.016700417,20000000,-0.008896619,0.010196984,-0.00032949448,0.018122403,0.011463968,-0.0633351,False,0.0
113769.036700417,0,-0.0076055974,0.014092386,-0.00087994337,0.022279197,0.019630954,-0.05315731,False,0.0
113769.056700417,0,-0.011425391,0.018302381,0.0013567209,0.024707489,0.016349608,-0.027054667,False,0.0
113769.076700417,20000000,-0.011575863,0.019364476,-0.0013847947,0.027841838,0.013460582,0.0055081174,False,0.0
113769.096700417,0,-0.0036827624,0.0136883855,-0.00778234,0.027086798,0.03924771,0.030787328,False,0.0
113769.116700417,0,-0.0009904802,0.009528875,-0.0017158985,0.028710991,0.047952436,0.042180102,False,0.0
113769.136700417,20000000,0.0017021149,0.005370617,0.004348874,0.030335184,0.05665716,0.05357288,False,0.0
113769.156700417,40000000,0.00388965,0.0045485497,0.0121977925,0.018363036,0.051855728,0.057671115,False,0.0
113769.176700417,0,0.0018936396,0.016083896,0.020410419,-0.002202263,0.019136526,0.08753149,False,0.0
113769.196700417,0,0.003547579,0.022010803,0.022327244,-0.02236734,-0.016785868,0.12695628,False,0.0
113769.216700417,20000000,0.0036795884,0.021515429,0.02058369,-0.031231679,-0.045435987,0.1707671,False,0.0
113769.236700417,0,0.0041330457,0.016687691,0.016942084,-0.03359411,-0.06970523,0.21147369,False,0.0
113769.256700417,20000000,0.0048079193,0.009945989,0.015186071,-0.026509002,-0.088962756,0.2404594,False,0.0
113769.276700417,0,0.004308209,0.0045571327,0.012257457,-0.02565079,-0.10154798,0.25237572,False,0.0
113769.296700417,0,0.0040519983,0.00041097403,0.007047951,-0.033635974,-0.107705645,0.24791045,False,0.0
113769.316700417,20000000,-4.7534704e-05,-0.002572,0.003979802,-0.03781322,-0.11408274,0.23959094,False,0.0
113769.336700417,0,-0.0011637658,-0.0071030855,-0.00021523237,-0.030558465,-0.11772594,0.22757,False,0.0
113769.356700417,0,0.00017152727,-0.014181316,-0.0048977137,-0.012480874,-0.11469873,0.21731979,False,0.0
113769.376700417,20000000,0.0019686818,-0.019291282,-0.0073704123,0.0070029907,-0.109149516,0.20122905,False,0.0
113769.396700417,0,0.0043943375,-0.020836473,-0.0062374473,0.018120501,-0.1031223,0.18111797,False,0.0
113769.416700417,20000000,0.013286412,-0.022933006,-0.012755632,0.014304286,-0.065088876,0.14408936,False,0.0
113769.436700417,0,0.010111675,-0.019612849,-0.0059223175,0.011724263,-0.057099797,0.11982192,False,0.0
113769.456700417,20000000,0.006938666,-0.01629132,0.000911057,0.009144241,-0.049110718,0.095554486,False,0.0
113769.476700417,40000000,0.0037672967,-0.012968481,0.007744491,0.0065642176,-0.041121643,0.07128705,False,0.0
113769.496700417,60000000,0.005257964,-0.008519769,0.007583976,-0.0015134625,-0.04420546,0.0526354,False,0.0
113769.516700417,0,0.00653702,-0.0049529076,0.00703305,-0.0101579875,-0.04496682,0.04058064,False,0.0
113769.536700417,20000000,0.0027810186,-0.002156794,0.0067058206,-0.015354855,-0.05628624,0.042979397,False,0.0
113769.556700417,0,0.00042667985,0.000118255615,0.004190862,-0.011699714,-0.06846929,0.052260257,False,0.0
113769.576700417,20000000,-0.0013220757,0.0038527846,0.0027122498,-0.010940499,-0.07359396,0.06960566,False,0.0
113769.596700418,0,-0.0016881227,0.0064010024,0.00066816807,-0.0125510935,-0.08096779,0.090988524,False,0.0
113769.616700418,0,-0.002334565,0.0060436726,-0.003102839,-0.012508082,-0.07601227,0.10649097,False,0.0
113769.636700418,0,-0.0040863454,0.0025076866,-0.0012832284,0.0008346038,-0.07936323,0.11879971,False,0.0
113769.656700418,20000000,-5.415082e-05,-0.0037495494,-0.0037914515,0.015297356,-0.070170134,0.11174646,False,0.0
113769.676700418,0,-0.0015027523,-0.006625235,-0.0034953356,0.025049603,-0.055402353,0.09620206,False,0.0
113769.696700418,0,-0.0037191063,-0.0077548623,0.0018828511,0.0298196,-0.057865657,0.07579174,False,0.0
113769.716700418,20000000,-0.0051636696,-0.008237839,0.003396988,0.03280678,-0.059021957,0.05849981,False,0.0
113769.736700418,0,-0.0026444495,-0.009851873,-0.00089007616,0.033236973,-0.05563499,0.0333729,False,0.0
113769.756700418,20000000,-6.611645e-05,-0.010264695,-0.0042364597,0.034546454,-0.03995415,0.010888003,False,0.0
113769.776700418,0,-0.0007107854,-0.007580936,-0.002877891,0.03672453,-0.034081556,0.0011026375,False,0.0
113769.796700418,0,-0.0029834062,-0.00457561,-0.00020104647,0.03642196,-0.026769532,-0.0045544645,False,0.0
113769.816700418,20000000,-0.0032389313,-0.0047047734,0.0032314062,0.032472987,-0.026593648,-0.015394633,False,0.0
113769.836700418,0,-0.0015915185,-0.0065054893,0.0006495118,0.025992006,-0.020947585,-0.03363178,False,0.0
113769.856700418,20000000,-0.001785621,-0.008486092,-0.00035089254,0.032693148,-0.015227834,-0.0521797,False,0.0
113769.876700418,0,-0.00068458915,-0.009173989,-0.0026918054,0.047876164,-0.007887516,-0.0734548,False,0.0
113769.896700418,0,-0.0016095042,-0.007047713,-0.0027289987,0.06766246,0.0048467945,-0.09372434,False,0.0
113769.916700418,20000000,-0.0038127005,-0.00416857,-0.001373291,0.081862256,0.014229809,-0.10616652,False,0.0
113769.936700418,0,-0.0045956224,-0.008662581,0.0026276112,0.1103737,0.014296192,-0.1280371,False,0.0
113769.956700418,20000000,-0.00014175475,-0.011407793,-0.006417036,0.14984037,0.026619578,-0.16642733,False,0.0
113769.976700418,0,0.0073479563,-0.014057398,-0.01500833,0.21670792,0.06270663,-0.21893916,False,0.0
113769.996700418,0,0.010738626,-0.016501486,-0.0130800605,0.32297513,0.10665418,-0.27915147,False,0.0
113770.016700418,0,0.0053026676,-0.021340787,-0.011912227,0.4863242,0.14811736,-0.37990418,False,0.0
113770.036700418,20000000,-0.00020094216,-0.026117206,-0.010806501,0.6496732,0.18958053,-0.48065686,False,0.0
113770.056700418,40000000,-0.021231383,-0.019122183,-0.0034310222,0.8243067,0.19128837,-0.5805625,False,0.0
113770.076700418,0,-0.02988863,-0.009640038,-0.001666367,0.98292625,0.18370277,-0.6742445,False,0.0
113770.096700418,20000000,-0.031270362,-0.013880074,-0.0026064515,1.1452267,0.16721524,-0.7963694,False,0.0
113770.116700418,0,-0.038614318,-0.009156823,-0.0066235065,1.2930038,0.15482076,-0.90311146,False,0.0
113770.136700418,0,-0.03765568,-0.002518624,-0.026476443,1.4039197,0.21270029,-1.0031861,False,0.0
113770.156700418,20000000,-0.048297018,0.02058968,-0.029397786,1.4698302,0.28070158,-1.0531949,False,0.0
113770.176700418,0,-0.05624219,0.0183599,-0.023271382,1.5363958,0.29878226,-1.1069005,False,0.0
113770.196700418,0,-0.056878872,0.024500191,-0.021258831,1.5842171,0.3169778,-1.1134721,False,0.0
113770.216700418,20000000,-0.047554925,0.0036035776,-0.024011195,1.6763334,0.3451388,-1.1535748,False,0.0
113770.236700418,0,-0.04527629,0.008365393,-0.01806426,1.7853527,0.342249,-1.1659878,False,0.0
113770.256700418,0,-0.041064247,0.026247948,-0.013341546,1.8867915,0.36047944,-1.1197838,False,0.0
113770.276700418,20000000,-0.03065414,0.05327159,-0.015690327,1.9492575,0.36386922,-1.054662,False,0.0
113770.296700418,0,-0.019379295,0.07169895,-0.009415209,2.0146136,0.3108644,-0.9772959,False,0.0
113770.316700418,0,0.0059824437,0.10120708,-0.02084577,1.9496224,0.3552004,-0.8912056,False,0.0
113770.336638542,0,0.0051115216,0.13735662,-0.017961254,1.7867792,0.34398097,-0.77944976,False,0.0
113770.356638542,0,0.021502435,0.12091081,-0.0057023764,1.599667,0.34756035,-0.68000895,False,0.0
113770.376638542,0,0.028807983,0.10268934,0.007064283,1.400949,0.32848507,-0.58475673,False,0.0
113770.396638542,0,0.034309566,0.083775446,0.013728797,1.1665591,0.32064334,-0.50229156,False,0.0
113770.416638542,0,0.03311506,0.063464984,0.024368942,0.91402113,0.31554762,-0.42325428,False,0.0
113770.436638542,20000000,0.020857751,0.031973574,0.043144464,0.68891585,0.27579004,-0.3542966,False,0.0
113770.456638542,0,0.015861586,-0.004025977,0.056345105,0.5181887,0.23003143,-0.29396296,False,0.0
113770.476638542,0,0.013715312,-0.01828472,0.057931125,0.41102862,0.1795471,-0.22344565,False,0.0
113770.496638542,20000000,0.015134066,-0.011655407,0.045316637,0.31539893,0.14159141,-0.14370623,False,0.0
113770.516638542,0,0.013772145,-0.0024575312,0.034223616,0.223584,0.103522584,-0.067461155,False,0.0
113770.536638542,20000000,0.015180483,-0.0029108208,0.023218393,0.15817511,0.07322709,-0.006372258,False,0.0
113770.556638542,0,0.023496509,0.0031321496,0.011087239,0.10740789,0.09196947,0.054251947,False,0.0
113770.576638542,0,0.020702586,0.014026362,0.005718291,0.07987609,0.12960358,0.1461787,False,0.0
113770.596638542,20000000,0.008589357,0.009647088,0.01534605,0.07761201,0.12604052,0.22734901,False,0.0
113770.616638542,0,0.004396647,-0.008433358,0.018685699,0.06680756,0.12141459,0.25833508,False,0.0
113770.636638542,20000000,-0.003759861,-0.02304438,0.028213322,0.082587995,0.080352604,0.2772767,False,0.0
113770.656638542,0,0.0057706684,-0.020210061,0.009428918,0.11519911,0.073899716,0.26155818,False,0.0
113770.676638542,20000000,0.0033948272,-0.003268965,0.0018936992,0.13147064,0.069720104,0.27184352,False,0.0
113770.696638542,0,-0.002707228,0.0125439605,0.00027608871,0.12936564,0.060694933,0.31262606,False,0.0
113770.716638542,20000000,0.0023369193,0.012848273,-0.006910503,0.10726552,0.08578226,0.33277795,False,0.0
113770.736638542,0,-0.001390636,0.010211366,-0.00027912855,0.08878908,0.080960035,0.33235085,False,0.0
113770.756638542,20000000,0.003736809,0.019137885,-0.004019439,0.036312196,0.09818292,0.39357397,False,0.0
113770.776638542,0,0.0041502714,-0.006288681,0.005102396,0.07467808,0.08054255,0.34418198,False,0.0
113770.796638542,0,0.001088649,-0.016264614,0.007481098,0.07899262,0.06085681,0.28023186,False,0.0
113770.816638542,20000000,-0.0014075935,-0.004168947,0.0067695975,0.03157704,0.0522868,0.26263124,False,0.0
113770.836638542,0,-0.0045616776,-0.011511883,0.007164061,-0.02873639,0.037157558,0.23682928,False,0.0
113770.856638542,0,-0.0058680624,-0.022551823,0.0018539429,-0.076587744,0.035090774,0.18659018,False,0.0
113770.876638542,0,-0.005675286,-0.034244113,0.0023376346,-0.09126607,0.028810062,0.12310968,False,0.0
113770.896638542,20000000,-0.0024067461,-0.043720707,-0.0038740635,-0.104579635,0.039971028,0.038076364,False,0.0
113770.916638542,0,-0.0014811009,-0.048105057,-0.0006740689,-0.11798145,0.056539074,-0.042906456,False,0.0
113770.936638542,20000000,-0.001126051,-0.049984083,-0.002493322,-0.15294304,0.08351068,-0.14101484,False,0.0
113770.956638542,0,-0.006263852,-0.04484779,-0.00277555,-0.21720871,0.11325675,-0.21741301,False,0.0
113770.976638542,20000000,-0.02273564,-0.05932044,0.0058368444,-0.23152834,0.14097022,-0.29805297,False,0.0
113770.996638542,0,-0.02735798,-0.062633984,0.010191858,-0.2675844,0.12545852,-0.3426617,False,0.0
113771.016638542,20000000,-0.031939924,-0.06596117,0.014514029,-0.30364046,0.10994684,-0.38727045,False,0.0
113771.036638542,0,-0.033303678,-0.071383655,0.019479454,-0.27670938,0.08515226,-0.40925816,False,0.0
113771.056638542,0,-0.028236404,-0.0630944,0.009133518,-0.24725029,0.069603786,-0.42770082,False,0.0
113771.076638542,20000000,-0.021747708,-0.047786567,-0.0012696385,-0.23538075,0.07105252,-0.4614037,False,0.0
113771.096638542,0,-0.019203708,-0.029354637,-0.0028483272,-0.24990794,0.06950623,-0.49640486,False,0.0
113771.116638542,20000000,-0.018842772,-0.015960174,-0.0026361942,-0.28368413,0.070377946,-0.5342417,False,0.0
113771.136638542,0,-0.020741448,-0.0072098076,0.0011822581,-0.32335624,0.06451625,-0.5642409,False,0.0
113771.156638542,0,-0.018696517,-0.005960956,0.000300169,-0.3735179,0.07098743,-0.5946423,False,0.0
113771.176638542,20000000,-0.013334945,-0.016714018,-0.00048321486,-0.42092726,0.09604591,-0.64691436,False,0.0
113771.196638542,0,-0.017351106,-0.028255574,0.00589931,-0.44820094,0.118617654,-0.7045041,False,0.0
113771.216638542,0,-0.02233094,-0.027551949,0.011545539,-0.44415703,0.10114907,-0.751488,False,0.0
113771.236638542,20000000,-0.027135387,-0.026846297,0.017092884,-0.44011313,0.08368047,-0.7984718,False,0.0
113771.256638542,40000000,-0.025635183,-0.010535985,0.0120024085,-0.4274488,0.06783122,-0.81613976,False,0.0
113771.276638542,0,-0.018649414,0.008077346,0.0043191314,-0.4150909,0.06923727,-0.8142595,False,0.0
113771.296638542,0,-0.014287457,0.025485724,0.011668026,-0.39114073,0.06055583,-0.7759524,False,0.0
113771.316638542,20000000,-0.006051883,0.038080215,0.01072979,-0.3646366,0.06514733,-0.7178699,False,0.0
113771.336638542,0,-0.0028021038,0.048696414,0.013207912,-0.33416095,0.050711915,-0.6550883,False,0.0
113771.356638542,0,-0.000351727,0.059606776,0.016631603,-0.30915225,0.03420836,-0.55537117,False,0.0
113771.376638542,20000000,0.0017336905,0.064131096,0.019825697,-0.28370127,0.0030798037,-0.44446462,False,0.0
113771.396638542,0,0.00994432,0.06235437,0.017797232,-0.26400995,-0.008975512,-0.33337376,False,0.0
113771.416638542,0,0.01664047,0.060000584,0.015467346,-0.2526549,-0.0035243593,-0.22821897,False,0.0
113771.436638542,0,0.020155773,0.053108394,0.016023934,-0.23928139,0.0037465617,-0.13966992,False,0.0
113771.456638542,0,0.024399832,0.04302776,0.011577964,-0.24576156,0.02712661,-0.08200956,False,0.0
113771.476638542,20000000,0.026232615,0.037481904,0.012022555,-0.25544092,0.06161068,-0.023012172,False,0.0
113771.496638542,0,0.02464357,0.030055836,0.014421284,-0.2802147,0.07581341,0.022575382,False,0.0
113771.516638542,0,0.01889506,0.023930058,0.02251798,-0.31179905,0.06125929,0.07085879,False,0.0
113771.536638542,0,0.012479126,0.021403328,0.030193508,-0.34166065,0.012164999,0.105106875,False,0.0
113771.556638542,20000000,0.013844773,0.017919153,0.03577727,-0.3802488,-0.049443327,0.12192409,False,0.0
113771.576638542,0,0.014937103,0.020979121,0.037984192,-0.4208852,-0.12342971,0.14476651,False,0.0
113771.596638542,0,0.016595215,0.029955342,0.034234762,-0.46748522,-0.19089454,0.18821879,False,0.0
113771.616638542,0,0.015063003,0.052444264,0.025046468,-0.54104596,-0.23799579,0.28718743,False,0.0
113771.636638542,0,0.011992246,0.07648018,0.019923091,-0.65819794,-0.2769035,0.4352538,False,0.0
113771.656638542,0,0.010147139,0.09490976,0.015224874,-0.7895683,-0.31113616,0.62985337,False,0.0
113771.676638542,0,0.017360508,0.094004214,0.010440528,-0.9104284,-0.31956917,0.8412534,False,0.0
113771.696638542,0,0.033600256,0.059039086,0.008460462,-0.9713833,-0.27873567,1.0029747,False,0.0
113771.716638542,20000000,0.028058663,0.04015386,0.010106385,-1.010604,-0.2523706,1.123808,False,0.0
113771.736638542,0,0.0128893405,0.03900516,0.012253344,-1.0537825,-0.25980878,1.2280568,False,0.0
113771.756638542,0,-0.0010429621,0.0381974,0.01096046,-1.1095146,-0.2932788,1.3194023,False,0.0
113771.776638542,20000000,0.004733622,0.015430599,0.0007135868,-1.1338469,-0.28680137,1.372921,False,0.0
113771.796638542,0,0.02533558,-0.0330244,-0.0062821507,-1.092973,-0.2337687,1.3044901,False,0.0
113771.816638542,20000000,0.02309522,-0.05299002,0.0044799447,-1.0111036,-0.2157806,1.1793938,False,0.0
113771.836638542,0,0.003763765,-0.051777244,0.019022465,-0.920445,-0.25025794,1.0429478,False,0.0
113771.856638542,20000000,-0.013385743,-0.043219388,0.027935922,-0.82747424,-0.3217893,0.93208665,False,0.0
113771.876638542,0,-0.014796883,-0.043577254,0.024255931,-0.7368886,-0.3746244,0.8304815,False,0.0
113771.896638542,20000000,0.0039477646,-0.057045817,0.01184231,-0.6409504,-0.37470165,0.69881433,False,0.0
113771.916638542,0,0.014183894,-0.05744058,0.0014504194,-0.5747176,-0.3405468,0.54396117,False,0.0
113771.936638542,0,0.009079874,-0.04349667,0.0026815534,-0.5300434,-0.32673576,0.40652812,False,0.0
113771.956638542,0,0.0016102195,-0.021985948,0.00061398745,-0.51300627,-0.32179967,0.2851631,False,0.0
113771.976638542,0,-0.010148481,0.0043212175,0.0017862916,-0.502123,-0.33159846,0.20369047,False,0.0
113771.996638542,0,-0.016641885,0.02303034,0.00089120865,-0.47283936,-0.33726105,0.16152008,False,0.0
113772.016638542,0,-0.019065112,0.03391871,-0.0003196597,-0.424024,-0.32679513,0.14553615,False,0.0
113772.036638542,0,-0.015219167,0.03779748,-0.004869759,-0.36325055,-0.29800287,0.13077137,False,0.0
113772.056638542,20000000,-0.009343341,0.036447525,-0.011022747,-0.32050925,-0.25569963,0.10390795,False,0.0
113772.076638542,0,-0.0083256215,0.03795567,-0.011974454,-0.29362696,-0.22009271,0.06638263,False,0.0
113772.096638542,0,-0.012486026,0.033212483,-0.0059664845,-0.2717509,-0.21642119,0.03605625,False,0.0
113772.116638542,20000000,-0.016655818,0.02847901,1.66893e-06,-0.24987485,-0.21274966,0.0057298653,False,0.0
113772.136638542,40000000,-0.020835146,0.023755431,0.005929947,-0.22799878,-0.20907813,-0.024596523,False,0.0
113772.156638542,60000000,-0.02305527,0.020914018,0.011511564,-0.19683932,-0.21491794,-0.033022314,False,0.0
113772.176638542,0,-0.016680002,0.01868707,0.004091859,-0.16936067,-0.21846947,-0.035808012,False,0.0
113772.196638542,0,-0.0011236519,0.015863419,-0.0063998103,-0.15479523,-0.17595515,-0.056443013,False,0.0
113772.216638542,20000000,-0.004387051,0.018584311,-0.006018102,-0.13931753,-0.14007002,-0.040206328,False,0.0
113772.236638542,0,-0.015847683,0.018484056,0.0010786653,-0.116217114,-0.13558675,-0.008629408,False,0.0
113772.256638542,20000000,-0.024561644,0.027968109,0.0043073893,-0.10709055,-0.1426139,0.043449163,False,0.0
113772.276638542,0,-0.023626268,0.025723517,0.003658712,-0.11001058,-0.13869062,0.07827629,False,0.0
113772.296638542,20000000,-0.01626937,0.014360905,0.0016679168,-0.0983286,-0.118774004,0.08134127,False,0.0
113772.316638542,0,-0.001178205,-0.016183913,-0.0016063452,-0.052117564,-0.07099861,0.01275517,False,0.0
113772.336638542,0,-0.0032843053,-0.04688683,-0.0006585121,0.007539548,-0.010061931,-0.14121173,False,0.0
113772.356638542,20000000,-0.005388424,-0.07758552,0.00028896332,0.06719665,0.050874755,-0.29517865,False,0.0
113772.376638542,40000000,-0.018347517,-0.083996505,0.022849858,0.13719667,0.006224584,-0.49629036,False,0.0
113772.396638542,0,-0.014636666,-0.066940546,0.012973905,0.14726129,0.0039738016,-0.6271113,False,0.0
113772.416638542,0,-0.013915345,-0.057103902,0.015223384,0.15827873,0.004571052,-0.7067635,False,0.0
113772.436638542,20000000,-0.013211995,-0.047157675,0.017472804,0.16929618,0.005168302,-0.78641564,False,0.0
113772.456638542,40000000,-0.0042128414,-0.03598979,0.012354612,0.16129796,-0.02547569,-0.7904318,False,0.0
113772.476638542,0,0.01845064,-0.04201457,0.007943928,0.14236617,-0.009678174,-0.7794945,False,0.0
113772.496638542,0,0.024463966,-0.047187418,0.026675224,0.12224464,-0.028432542,-0.74467283,False,0.0
113772.516638542,0,0.020101145,-0.030761749,0.040255666,0.0780496,-0.09330313,-0.6502195,False,0.0
113772.536638542,0,0.028135985,-0.018734694,0.040925503,0.0002296865,-0.14682515,-0.50420266,False,0.0
113772.556638542,20000000,0.050347403,-0.03169301,0.03461337,-0.09595138,-0.1564157,-0.36073053,False,0.0
113772.576638542,0,0.048048243,-0.044944137,0.044608593,-0.16491318,-0.1625402,-0.18038905,False,0.0
113772.596638542,0,0.031065963,-0.04639253,0.05654329,-0.24899271,-0.20930411,0.023176849,False,0.0
113772.616638542,20000000,0.013057418,-0.04081458,0.063646376,-0.35696232,-0.28710663,0.26069075,False,0.0
113772.636638542,0,0.013657108,-0.04798755,0.057937145,-0.473528,-0.3281745,0.4891843,False,0.0
113772.656638542,0,0.024993047,-0.07872933,0.055546403,-0.56199217,-0.33050904,0.6806748,False,0.0
113772.676638542,20000000,0.038470283,-0.13157737,0.049854696,-0.59239525,-0.26933944,0.77695656,False,0.0
113772.696638542,0,0.03408903,-0.18142053,0.060953975,-0.57733524,-0.19591427,0.77862597,False,0.0
113772.716638542,20000000,0.006984055,-0.20580834,0.07132268,-0.578407,-0.15503484,0.7309225,False,0.0
113772.736638542,0,-0.029203013,-0.20797682,0.10154456,-0.57808596,-0.20525695,0.6897289,False,0.0
113772.756575,0,-0.018922186,-0.21657531,0.10303187,-0.5789364,-0.20800793,0.5915893,False,0.0
113772.776575,20000000,-0.012796111,-0.21022841,0.1139158,-0.5793204,-0.1585406,0.4684592,False,0.0
113772.796575,0,-0.027367152,-0.19531336,0.13729072,-0.5499651,-0.1709912,0.37175182,False,0.0
113772.816575,20000000,-0.031346254,-0.17713434,0.1353268,-0.52367836,-0.18250327,0.2817786,False,0.0
113772.836575,0,-0.018808216,-0.1621983,0.12021738,-0.5129238,-0.16655958,0.18023477,False,0.0
113772.856575,0,-0.010975063,-0.14383757,0.10568601,-0.5193471,-0.12713206,0.07889292,False,0.0
113772.876575,20000000,-0.03048326,-0.10609883,0.11228287,-0.53083694,-0.13806666,0.056890383,False,0.0
113772.896575,0,-0.053098395,-0.078825414,0.11810523,-0.54229164,-0.17761876,0.083141394,False,0.0
113772.916575,20000000,-0.07083092,-0.059177637,0.11920822,-0.5520212,-0.24231961,0.12655991,False,0.0
113772.936575,0,-0.05972079,-0.04672873,0.093072414,-0.57235634,-0.24553467,0.12184088,False,0.0
113772.956575,20000000,-0.043348618,-0.03565103,0.070598364,-0.59649545,-0.20105122,0.06964928,False,0.0
113772.976575,0,-0.039353512,-0.012996256,0.058394134,-0.6225878,-0.16109245,0.012085006,False,0.0
113772.996575,0,-0.037551753,0.017039657,0.04778552,-0.6293188,-0.13087675,-0.034691583,False,0.0
113773.016575,20000000,-0.03576663,0.047193587,0.037044227,-0.6360497,-0.10066106,-0.08146817,False,0.0
113773.036575,40000000,-0.03595969,0.078829825,0.02647674,-0.63449556,-0.08411527,-0.10067776,False,0.0
113773.056575,0,-0.03313551,0.1028412,0.012522697,-0.6274136,-0.0675537,-0.116641596,False,0.0
113773.076575,20000000,-0.029053424,0.12370294,-0.0011950135,-0.6205573,-0.043004505,-0.12514065,False,0.0
113773.096575,0,-0.03373451,0.1387335,-0.008090854,-0.5939177,-0.03865813,-0.11531546,False,0.0
113773.116575,20000000,-0.035548482,0.14715934,-0.020408273,-0.55851823,-0.027764093,-0.116019495,False,0.0
113773.136575,0,-0.045020126,0.15947187,-0.02553755,-0.52745235,-0.04357034,-0.10388779,False,0.0
113773.156575,0,-0.0498797,0.1629017,-0.032453597,-0.49271524,-0.07280809,-0.081075065,False,0.0
113773.176575,20000000,-0.04090232,0.15594733,-0.047302306,-0.4532313,-0.066770256,-0.09109802,False,0.0
113773.196575,0,-0.026739515,0.15627474,-0.059210837,-0.42860517,-0.032498073,-0.12088653,False,0.0
113773.216575,0,-0.015698537,0.16536397,-0.06430054,-0.42115676,0.0011138804,-0.152049,False,0.0
113773.236575,20000000,0.0015785694,0.16816276,-0.07670277,-0.43571895,0.0627398,-0.20848031,False,0.0
113773.256575,0,0.008932471,0.1772474,-0.07522112,-0.43381542,0.11265363,-0.25926012,False,0.0
113773.276575,20000000,0.011178914,0.18937093,-0.07001281,-0.42434806,0.13925572,-0.3097291,False,0.0
113773.296575,0,0.005640734,0.21222055,-0.061234772,-0.40424398,0.13161357,-0.31034955,False,0.0
113773.316575,0,0.006377291,0.21984178,-0.06283045,-0.3723401,0.11555575,-0.29683113,False,0.0
113773.336575,20000000,0.0062652677,0.21658742,-0.063260734,-0.33553994,0.102589674,-0.26949725,False,0.0
113773.356575,0,0.0034664422,0.19805127,-0.05615431,-0.2823974,0.08118266,-0.23996815,False,0.0
113773.376575,0,0.009519473,0.16581082,-0.04756534,-0.2162013,0.0811892,-0.24550104,False,0.0
113773.396575,20000000,0.015682634,0.14164811,-0.032265425,-0.16001351,0.07940526,-0.24585976,False,0.0
113773.416575,0,0.032594413,0.12034124,-0.024320781,-0.1149203,0.103020325,-0.25293013,False,0.0
113773.436575,20000000,0.0484995,0.10421938,-0.015175462,-0.08549281,0.14700872,-0.2658226,False,0.0
113773.456575,0,0.048057172,0.09686661,-0.00044357777,-0.07106698,0.1713279,-0.2578835,False,0.0
113773.476575,20000000,0.041449375,0.09510666,0.020352602,-0.06018329,0.15799297,-0.220279,False,0.0
113773.496575,0,0.041627668,0.08517462,0.026812196,-0.058468275,0.14563517,-0.20250843,False,0.0
113773.516575,0,0.040185805,0.059372663,0.03238094,-0.030309444,0.12539117,-0.2247608,False,0.0
113773.536575,0,0.039713386,0.016031563,0.035857677,0.027436255,0.1124044,-0.30903244,False,0.0
113773.556575,0,0.045558475,-0.05094105,0.038103282,0.13334228,0.109850794,-0.5420913,False,0.0
113773.576575,0,0.03689184,-0.114175975,0.03529656,0.27194494,0.10179797,-0.91751444,False,0.0
113773.596575,0,0.008972757,-0.14696056,0.042819023,0.4365512,0.055991307,-1.3380698,False,0.0
113773.616575,0,-0.006792955,-0.11055452,0.04453361,0.55207604,-0.021303825,-1.6163073,False,0.0
113773.636575,20000000,-0.022845015,-0.073093414,0.04614693,0.66760087,-0.098598965,-1.8945448,False,0.0
113773.656575,0,-0.03793077,-0.0064641833,0.03453344,0.6886952,-0.15581591,-1.9954664,False,0.0
113773.676575,0,-0.04874794,0.052863717,0.027222157,0.6529757,-0.2067674,-1.9568055,False,0.0
113773.696575,0,-0.054715335,0.097402334,0.01736182,0.587711,-0.24912387,-1.8065486,False,0.0
113773.716575,20000000,-0.054281294,0.1146124,-0.004951358,0.5205602,-0.25454047,-1.5948522,False,0.0
113773.736575,0,-0.051219866,0.10622096,-0.024475336,0.47235382,-0.21008673,-1.3659962,False,0.0
113773.756575,0,-0.047583044,0.08051062,-0.032360613,0.43807036,-0.1419115,-1.1531934,False,0.0
113773.776575,20000000,-0.04401374,0.051296413,-0.032548904,0.39427269,-0.056320384,-0.9849392,False,0.0
113773.796575,0,-0.048159808,0.0313344,-0.019434094,0.35273695,0.0026683956,-0.8204816,False,0.0
113773.816575,0,-0.042697012,0.0072771907,-0.013311803,0.31630617,0.06672016,-0.6856278,False,0.0
113773.836575,0,-0.041581184,-0.008537114,-0.0008664131,0.27991006,0.105605364,-0.55574,False,0.0
113773.856575,0,-0.040109724,-0.014895499,0.011490285,0.2270281,0.12007333,-0.44957894,False,0.0
113773.876575,20000000,-0.030615121,-0.019606352,0.018647313,0.16646346,0.13432351,-0.37276754,False,0.0
113773.896575,0,-0.020889938,-0.019510508,0.022930205,0.09427483,0.15343359,-0.3170608,False,0.0
113773.916575,0,-0.02220264,-0.0037764907,0.024754703,0.023202822,0.15384486,-0.25689676,False,0.0
113773.936575,20000000,-0.023527265,0.011968315,0.026584148,-0.047869176,0.15425614,-0.19673274,False,0.0
113773.956575,0,-0.019345492,0.024979949,0.019480288,-0.107798144,0.15961298,-0.13453285,False,0.0
113773.976575,0,-0.015426874,0.03777373,0.01475215,-0.15617815,0.15608694,-0.07182637,False,0.0
113773.996575,0,-0.0150927305,0.05017233,0.009805858,-0.20755826,0.15388897,-0.0025623888,False,0.0
113774.016575,20000000,-0.01198867,0.053121984,0.009702325,-0.24162015,0.15301606,0.072552726,False,0.0
113774.036575,0,-0.006254941,0.047436774,0.0068655014,-0.25474092,0.16153513,0.1359942,False,0.0
113774.056575,20000000,-0.003435254,0.03976357,0.0010914207,-0.26626763,0.17778398,0.16653489,False,0.0
113774.076575,0,-0.009385794,0.03662926,-0.0007094741,-0.27138606,0.16597009,0.19508171,False,0.0
113774.096575,0,-0.005732745,0.029266715,-0.01140964,-0.2776354,0.17524435,0.18760474,False,0.0
113774.116575,20000000,-0.009149432,0.03578657,-0.018700242,-0.2948604,0.17901078,0.19088103,False,0.0
113774.136575,0,-0.015870214,0.05048722,-0.018876612,-0.345515,0.17662187,0.23479687,False,0.0
113774.156575,20000000,-0.026287884,0.07944673,-0.00843823,-0.42948538,0.14466396,0.38267794,False,0.0
113774.176575,0,-0.017611116,0.08801705,-0.0026677847,-0.545344,0.12930132,0.555241,False,0.0
113774.196575,0,-0.013900742,0.0738703,-0.0031152368,-0.65556556,0.12934932,0.7141168,False,0.0
113774.216575,20000000,-0.0104008615,0.06012088,-0.0038012862,-0.7657871,0.12939732,0.8729926,False,0.0
113774.236575,40000000,-0.0071043074,0.0467757,-0.0047203302,-0.87600875,0.12944531,1.0318683,False,0.0
113774.256575,60000000,0.0020608753,0.000119268894,-0.011347353,-0.86891884,0.1634751,1.052568,False,0.0
113774.276575,0,-0.0019215941,-0.03436929,-0.014528334,-0.7935141,0.19339727,1.0038449,False,0.0
113774.296575,0,-0.0063950717,-0.06117755,-0.016563654,-0.6841922,0.21484067,0.8934992,False,0.0
113774.316575,0,-0.01220119,-0.0828495,-0.009699047,-0.5477134,0.21044832,0.76057446,False,0.0
113774.336575,0,-0.0011408478,-0.104402006,-0.0073820353,-0.41803604,0.22568731,0.5922942,False,0.0
113774.356575,20000000,0.0047153533,-0.10642505,0.009365857,-0.31242323,0.21515664,0.42570022,False,0.0
113774.376575,0,0.0033526197,-0.08549929,0.025277376,-0.25113174,0.17428698,0.3070094,False,0.0
113774.396575,0,0.008772023,-0.06343007,0.033419847,-0.20826292,0.11055273,0.22332723,False,0.0
113774.416575,20000000,0.024999566,-0.053111196,0.03306657,-0.17491026,0.08783278,0.15580678,False,0.0
113774.436575,0,0.03947431,-0.058254242,0.031209767,-0.13751015,0.08971183,0.06522714,False,0.0
113774.456575,20000000,0.037855804,-0.040177584,0.03508365,-0.12172658,0.054811258,-0.010221563,False,0.0
113774.476575,0,0.015632011,-0.0060099363,0.031076014,-0.12529069,-0.0065764487,-0.032988653,False,0.0
113774.496575,20000000,-0.0023967698,0.014418006,0.026974976,-0.10600953,-0.081823595,0.003660962,False,0.0
113774.516575,0,-0.0047373474,0.011415482,0.008996367,-0.07948822,-0.098131634,0.008962041,False,0.0
113774.536575,20000000,-0.0070817247,0.008415163,-0.008984685,-0.05296691,-0.11443967,0.01426312,False,0.0
113774.556575,0,-0.0072610453,0.007147491,-0.025480509,-0.039534777,-0.0957423,0.000810775,False,0.0
113774.576575,20000000,-0.0070457906,0.0032694936,-0.02734083,-0.021353384,-0.06889061,-0.027835414,False,0.0
113774.596575,0,-0.0089950785,0.0014013052,-0.018224776,-0.004005756,-0.054119937,-0.06591006,False,0.0
113774.616575,0,-0.00921765,0.008194983,-0.013429642,0.0017245449,-0.052240226,-0.079390615,False,0.0
113774.636575,20000000,-0.015810452,0.017017365,-0.009903669,0.0041709035,-0.05600304,-0.07789661,False,0.0
113774.656575,0,-0.029572718,0.03246188,-0.004926443,-0.0077087474,-0.08294763,-0.046710916,False,0.0
113774.676575,0,-0.04006096,0.034106493,-0.004130423,-0.006690058,-0.1166241,-0.0031621642,False,0.0
113774.696575,20000000,-0.048641726,0.026827157,-0.009415746,0.009562611,-0.13361624,0.031754058,False,0.0
113774.716575,0,-0.048902325,0.020393789,-0.021721601,0.018887823,-0.11869349,0.042112343,False,0.0
113774.736575,20000000,-0.04500428,0.017502606,-0.029458225,0.022310458,-0.07843302,0.04327348,False,0.0
113774.756575,0,-0.026192725,0.0034694672,-0.042794228,0.021515146,0.012060061,0.016055796,False,0.0
113774.776575,0,-0.0056788772,-0.023458064,-0.028453052,0.08183632,0.11962464,-0.02817775,False,0.0
113774.796575,0,0.028154597,-0.07312375,-0.004780352,0.1889748,0.23340592,-0.13157777,False,0.0
113774.816575,0,0.05001717,-0.06827152,0.0102546215,0.18715748,0.28670552,-0.3422597,False,0.0
113774.836575,20000000,0.071823545,-0.063372076,0.025290847,0.18534017,0.34000513,-0.5529416,False,0.0
113774.856575,0,0.047071256,-0.05898273,0.035131812,0.21733065,0.32500762,-0.74089384,False,0.0
113774.876575,0,0.007068038,-0.044759452,0.05624506,0.3555731,0.21147503,-0.78864443,False,0.0
113774.896575,20000000,0.009342968,-0.04474312,0.035823226,0.500998,0.15900937,-0.8244569,False,0.0
113774.916575,0,0.02000995,-0.035552025,0.024209142,0.57682383,0.13205539,-0.85675776,False,0.0
113774.936575,20000000,0.041104376,-0.026064992,0.029117942,0.56591994,0.12618653,-0.8890901,False,0.0
113774.956575,0,0.048805386,-0.005705476,0.04376018,0.5054023,0.105018854,-0.88932455,False,0.0
113774.976575,0,0.043982774,0.032995462,0.046043158,0.41063726,0.07496701,-0.8270879,False,0.0
113774.996575,20000000,0.02533169,0.07869381,0.04781854,0.3012411,0.008351259,-0.6666777,False,0.0
113775.016575,0,0.018335268,0.086700976,0.05272436,0.24199109,-0.04717675,-0.4821756,False,0.0
113775.036575,0,0.027935743,0.057950497,0.043194354,0.2343626,-0.02610568,-0.35166037,False,0.0
113775.056575,20000000,0.011297271,0.03146249,0.057683766,0.2560311,-0.042557202,-0.24872655,False,0.0
113775.076575,0,-0.017228931,0.025714397,0.06365943,0.2437998,-0.128301,-0.15713042,False,0.0
113775.096575,0,-0.03227195,0.021065354,0.048780024,0.19163814,-0.20195639,-0.09870738,False,0.0
113775.116575,0,-0.040838867,0.022753894,0.04343033,0.15909271,-0.25019038,-0.033633113,False,0.0
113775.136575,20000000,-0.049407095,0.024441779,0.038063943,0.12654726,-0.29842436,0.031441152,False,0.0
113775.156435458,0,-0.032238062,-0.0045596277,0.021158356,0.15191486,-0.2458333,0.046785083,False,0.0
113775.176435458,20000000,-0.034468934,-0.03797257,0.039770782,0.19893786,-0.2094056,0.04583933,False,0.0
113775.196435458,0,-0.036475614,-0.0679611,0.059129477,0.24278031,-0.20176345,0.04123843,False,0.0
113775.216435458,20000000,-0.028226286,-0.09405649,0.06715393,0.2644585,-0.20088333,0.014912264,False,0.0
113775.236435458,0,-0.020287454,-0.1145491,0.07102001,0.26883465,-0.19904362,-0.026979147,False,0.0
113775.256435458,20000000,-0.01797834,-0.12110263,0.070349574,0.2511858,-0.20642793,-0.07314744,False,0.0
113775.276435458,0,-0.01709944,-0.11596644,0.059482813,0.21393242,-0.21021955,-0.110931054,False,0.0
113775.296435458,0,-0.020844877,-0.10189968,0.0475443,0.18226986,-0.20981908,-0.1279099,False,0.0
113775.316435458,0,-0.030744404,-0.07876295,0.03533876,0.1541017,-0.2114344,-0.10896564,False,0.0
113775.336435458,0,-0.04391101,-0.051871598,0.02007562,0.12286994,-0.21398057,-0.057206687,False,0.0
113775.356435458,0,-0.056455314,-0.025800109,0.0012355447,0.08320607,-0.21008925,0.01344851,False,0.0
113775.376435458,20000000,-0.0697957,-0.0058876276,-0.01774007,0.045163445,-0.20269999,0.09922919,False,0.0
113775.396435458,0,-0.07056087,0.0065650344,-0.048471093,0.00782074,-0.16617396,0.15977338,False,0.0
113775.416435458,20000000,-0.0713315,0.019016922,-0.079202354,-0.029521964,-0.12964794,0.22031757,False,0.0
113775.436435458,40000000,-0.068029016,0.031448364,-0.112101436,-0.0934534,-0.04954753,0.2258476,False,0.0
113775.456435458,0,-0.06870362,0.055582285,-0.13438302,-0.15668884,0.049814217,0.22998908,False,0.0
113775.476435458,20000000,-0.06904456,0.08839923,-0.14847302,-0.21075214,0.13877267,0.262183,False,0.0
113775.496435458,0,-0.055487424,0.106514454,-0.1602242,-0.23542844,0.23263171,0.29194197,False,0.0
113775.516435458,20000000,-0.041599363,0.118638575,-0.16312718,-0.2287957,0.31812376,0.33597377,False,0.0
113775.536435458,0,-0.029090255,0.13683164,-0.1522972,-0.18251918,0.38175184,0.43109298,False,0.0
113775.556435458,0,-0.015131131,0.16214144,-0.14122343,-0.13647982,0.40028045,0.70819855,False,0.0
113775.576435458,20000000,-0.0012401938,0.1876753,-0.13029104,-0.090440474,0.41880903,0.9853041,False,0.0
113775.596435458,40000000,0.05671522,0.13835382,-0.12753081,-0.033896387,0.55058175,1.1421462,False,0.0
113775.616435458,0,0.05083427,0.11215711,-0.06949937,0.0011191443,0.5723764,1.2734039,False,0.0
113775.636435458,20000000,0.04225056,0.08776885,-0.03686881,-0.000600555,0.51951826,1.3589752,False,0.0
113775.656435458,0,0.05744378,0.046926796,-0.03134674,-0.009130999,0.4619928,1.3275384,False,0.0
113775.676435458,0,0.08565131,3.385544e-05,-0.03246385,0.019814847,0.4456241,1.1667894,False,0.0
113775.696435458,20000000,0.094761305,-0.01979661,-0.019626856,0.07417502,0.40575403,0.9609265,False,0.0
113775.716435458,0,0.09169394,-0.011536062,-0.006022632,0.12426297,0.3349386,0.78562677,False,0.0
113775.736435458,20000000,0.08139455,-0.0024502277,0.014200568,0.17729153,0.2356118,0.6571899,False,0.0
113775.756435458,0,0.074058525,-0.009271622,0.029406726,0.23262212,0.13524394,0.5583658,False,0.0
113775.776435458,20000000,0.07226115,-0.0382573,0.037002385,0.27573505,0.07084689,0.42325965,False,0.0
113775.796435458,0,0.059710074,-0.066901624,0.04897082,0.31645688,0.016717814,0.27408224,False,0.0
113775.816435458,20000000,0.05240491,-0.1029253,0.058168888,0.3680694,-0.019133028,0.08332875,False,0.0
113775.836435458,0,0.044619728,-0.13393205,0.06578261,0.43956026,-0.04635419,-0.1268408,False,0.0
113775.856435458,20000000,0.033133928,-0.14366865,0.06959194,0.49829704,-0.07146371,-0.34670553,False,0.0
113775.876435458,0,0.010302746,-0.10894638,0.072253704,0.51100975,-0.1218215,-0.5060536,False,0.0
113775.896435458,0,-0.0025725905,-0.06563592,0.06498164,0.47439954,-0.1694397,-0.54112655,False,0.0
113775.916435458,20000000,-0.015501045,-0.022129893,0.05760324,0.43778932,-0.21705791,-0.5761995,False,0.0
113775.936435458,0,-0.02802933,0.008832157,0.057451904,0.40426913,-0.2563699,-0.5418593,False,0.0
113775.956435459,20000000,-0.03764032,0.036871076,0.048309803,0.35788453,-0.27970037,-0.4677449,False,0.0
113775.976435459,0,-0.05144763,0.06552446,0.03716892,0.29776847,-0.3017125,-0.35233235,False,0.0
113775.996435459,0,-0.055166364,0.081641674,0.013169706,0.22899932,-0.27596655,-0.2436814,False,0.0
113776.016435459,0,-0.059778027,0.074614406,-0.0017636418,0.20069508,-0.21043618,-0.1547081,False,0.0
113776.036435459,20000000,-0.06438902,0.06760484,-0.016725361,0.17239085,-0.1449058,-0.06573481,False,0.0
113776.056435459,0,-0.07568134,0.063109696,-0.015653908,0.15446381,-0.08489684,0.024701335,False,0.0
113776.076435459,0,-0.07910664,0.04659593,-0.015239596,0.13148077,-0.023056492,0.08538704,False,0.0
113776.096435459,0,-0.07812442,0.029097676,-0.019858718,0.08782791,0.03302175,0.109320626,False,0.0
113776.116435459,20000000,-0.07622116,0.022450507,-0.019161165,0.052452847,0.07966816,0.1255851,False,0.0
113776.136435459,0,-0.07138858,0.013071895,-0.017922938,0.03757254,0.11603983,0.13222112,False,0.0
113776.156435459,0,-0.06431629,-0.0018732548,-0.016524494,0.045986712,0.1507721,0.11797749,False,0.0
113776.176435459,0,-0.0626754,-0.017270684,-0.010301828,0.07694609,0.1672459,0.09719217,False,0.0
113776.196435459,0,-0.06964143,-0.031563222,-0.0042774677,0.10833876,0.14968263,0.090317145,False,0.0
113776.216435459,20000000,-0.08382379,-0.04220718,-0.0036281347,0.13172013,0.09890025,0.10365645,False,0.0
113776.236435459,0,-0.08899422,-0.06012106,-0.014512181,0.15235674,0.057806466,0.10236863,False,0.0
113776.256435459,0,-0.082451545,-0.07633245,-0.038938284,0.15207258,0.053458747,0.078338474,False,0.0
113776.276435459,20000000,-0.07577528,-0.0887056,-0.054264843,0.15799715,0.07766126,0.044804137,False,0.0
113776.296435459,0,-0.06826858,-0.08751154,-0.06319308,0.16448049,0.13068601,0.005819883,False,0.0
113776.316435459,0,-0.07274513,-0.07076746,-0.05376339,0.1613209,0.1477131,0.005626155,False,0.0
113776.336435459,0,-0.058628365,-0.04360515,-0.055306733,0.13565034,0.17039491,0.027995914,False,0.0
113776.356435459,0,-0.02279681,-0.018034995,-0.054215193,0.10563487,0.22516327,0.040166132,False,0.0
113776.376435459,0,0.003044784,0.027969837,-0.037542045,0.072852895,0.23020397,0.119649544,False,0.0
113776.396435459,0,0.03941335,0.06335896,-0.04399228,0.032614555,0.24656522,0.19828436,False,0.0
113776.416435459,20000000,0.06629986,0.113945544,-0.041417718,-0.0064377747,0.2365847,0.32163426,False,0.0
113776.436435459,0,0.09093851,0.16869992,-0.03813684,-0.041645024,0.18084879,0.51758385,False,0.0
113776.456435459,0,0.11744747,0.2079013,-0.03616482,-0.08660115,0.12736502,0.8308055,False,0.0
113776.476435459,20000000,0.14392948,0.24732101,-0.034230947,-0.13155727,0.07388125,1.1440271,False,0.0
113776.496435459,0,0.17867717,0.22971231,-0.017852604,-0.17283858,-0.00355196,1.4270027,False,0.0
113776.516435459,20000000,0.18884182,0.20759636,0.012882829,-0.23172823,-0.13224098,1.6565877,False,0.0
113776.536435459,0,0.17542349,0.20482832,0.05339688,-0.31420654,-0.33310664,1.8313667,False,0.0
113776.556435459,20000000,0.1619292,0.20304894,0.06303471,-0.37993258,-0.5690247,1.9968202,False,0.0
113776.576435459,0,0.16021743,0.18417084,0.047180533,-0.3446713,-0.7457268,2.0989804,False,0.0
113776.596435459,0,0.15104032,0.20456082,0.023925781,-0.27255544,-0.8800548,2.1719759,False,0.0
113776.616435459,20000000,0.1418423,0.22571135,0.0010130405,-0.20043957,-1.0143827,2.2449713,False,0.0
113776.636435459,40000000,0.13266474,0.24762058,-0.021553695,-0.1283237,-1.1487107,2.317967,False,0.0
113776.656435459,60000000,0.123903975,0.22865939,-0.013721049,-0.0063227043,-1.2507349,2.3621626,False,0.0
113776.676435459,0,0.124675706,0.17808568,0.0019546747,0.14881691,-1.306352,2.367609,False,0.0
113776.696435459,0,0.10808626,0.13408828,0.04487717,0.2978549,-1.4033587,2.3907042,False,0.0
113776.716435459,20000000,0.11211026,0.10295004,0.054822683,0.36039817,-1.4593645,2.3821383,False,0.0
113776.736435459,0,0.11816557,0.08451408,0.067059875,0.3805112,-1.4762545,2.3795998,False,0.0
113776.756435459,20000000,0.12435809,0.047044337,0.09830499,0.42015868,-1.4723079,2.339658,False,0.0
113776.776435459,0,0.10610938,0.029413342,0.12730515,0.44913706,-1.4853537,2.2920372,False,0.0
113776.796435459,0,0.07755114,0.031893373,0.12762326,0.34056443,-1.5239396,2.1698859,False,0.0
113776.856435459,0,0.017139792,0.040955186,0.07402676,-0.114268176,-1.5398594,1.6582644,False,0.0
113776.876435459,0,0.009453788,0.011583924,0.07054478,-0.3722303,-1.4068841,1.2395291,False,0.0
113776.896435459,20000000,0.0012760311,-0.017906189,0.066626966,-0.6301924,-1.2739087,0.820794,False,0.0
113776.916435459,0,-0.010736927,-0.030084789,0.06756294,-0.70696044,-1.1692461,0.42455727,False,0.0
113776.936435459,20000000,-0.022681236,-0.042263567,0.0681631,-0.78372854,-1.0645835,0.02832055,False,0.0
113776.956435459,40000000,-0.03767523,-0.08032489,0.10177481,-0.80046195,-0.90936106,-0.344565,False,0.0
113776.976435459,0,-0.05551391,-0.14475635,0.16831833,-0.77643836,-0.8353521,-0.7624271,False,0.0
113776.996435459,0,-0.023055553,-0.18761194,0.16952944,-0.822783,-0.6317735,-1.3575412,False,0.0
113777.016435459,20000000,-0.046620544,-0.15549165,0.1775018,-0.8713183,-0.42123914,-1.8107069,False,0.0
113777.036435459,0,-0.08447189,-0.12951547,0.22868621,-0.77301544,-0.38235074,-1.9579892,False,0.0
113777.056435459,20000000,-0.06752886,-0.14061499,0.22537708,-0.60074806,-0.26418412,-1.9439174,False,0.0
113777.076435459,0,-0.06664954,-0.15643883,0.25553852,-0.30225036,-0.22792335,-1.8531327,False,0.0
113777.096435459,0,-0.04570048,-0.106784046,0.20553017,-0.21757197,-0.20939371,-1.653405,False,0.0
113777.116435459,20000000,-0.024616033,-0.05636239,0.15521514,-0.13289359,-0.19086407,-1.4536772,False,0.0
113777.136435459,0,0.02613923,-0.058062553,0.058606565,-0.16282637,-0.022380844,-1.3255739,False,0.0
113777.156435459,20000000,0.035741203,-0.053333104,0.020883441,-0.17715114,0.024569403,-1.1950525,False,0.0
113777.176435459,0,0.034589246,0.0086568,-0.024228036,-0.20605294,0.05884029,-0.9751371,False,0.0
113777.196435459,0,0.019964471,0.07771611,-0.018581986,-0.20045796,0.0079919845,-0.6619606,False,0.0
113777.216435459,0,0.018144846,0.19506574,0.011834919,-0.27833515,-0.07991052,-0.2365438,False,0.0
113777.236435459,20000000,0.016337961,0.3124593,0.042243302,-0.35621232,-0.167813,0.18887293,False,0.0
113777.256435459,40000000,0.068803735,0.33655828,0.029117644,-0.33369368,-0.18801963,0.6985655,False,0.0
113777.276435459,0,0.11132617,0.28195828,0.029257774,-0.16402462,-0.19821237,1.1085122,False,0.0
113777.296435459,0,0.10337209,0.26394284,0.03367108,-0.036552086,-0.22051059,1.4496701,False,0.0
113777.316435459,0,0.02759657,0.3274563,0.13451487,0.08141902,-0.47047657,1.9824798,False,0.0
113777.336435459,20000000,-0.009953693,0.37607467,0.18877792,0.1810468,-0.81334543,2.7004502,False,0.0
113777.356435459,0,-0.0065196007,0.34166008,0.16397333,0.26894668,-0.96632314,3.39677,False,0.0
113777.376435459,0,-0.06611374,0.27018005,0.17910594,0.30761808,-1.1358368,4.025587,False,0.0
113777.396435459,20000000,-0.16337943,0.21291387,0.19988549,0.26123607,-1.3682511,4.6148705,False,0.0
113777.416435459,0,-0.22775754,0.13865435,0.17922598,0.14796881,-1.6175739,5.0365877,False,0.0
113777.436435459,0,-0.2317732,0.06829816,0.06805885,-0.041153505,-1.6731358,5.1884747,False,0.0
113777.456435459,20000000,-0.23265679,0.024787843,-0.04145819,-0.21062604,-1.6012915,5.1902156,False,0.0
113777.476435459,0,-0.21028948,-0.032202005,-0.13171488,-0.26679945,-1.4886863,4.9958096,False,0.0
113777.496435459,20000000,-0.22096176,-0.02945584,-0.17824,-0.2677316,-1.3344971,4.777411,False,0.0
113777.516435459,0,-0.21621342,-0.0877403,-0.1577931,-0.09119497,-1.2917045,4.421561,False,0.0
113777.536435459,20000000,-0.209318,-0.14284119,-0.13638055,0.08534166,-1.2489121,4.0657105,False,0.0
113777.556435459,40000000,-0.2612568,-0.19584873,-0.10519636,0.24288972,-1.3363566,3.5861614,False,0.0
113777.576271083,0,-0.28025258,-0.23178764,-0.08252357,0.33154324,-1.4452958,3.0356495,False,0.0
113777.596271083,0,-0.2721441,-0.22934404,-0.07384753,0.3267599,-1.411401,2.4753518,False,0.0
113777.616271083,20000000,-0.2710754,-0.2170622,-0.048194945,0.33147028,-1.3575479,1.9852617,False,0.0
113777.636271083,0,-0.28091973,-0.19560465,-0.012212694,0.35650206,-1.3071694,1.617983,False,0.0
113777.656271083,0,-0.29277545,-0.17261955,0.021372259,0.3881679,-1.2656256,1.3809454,False,0.0
113777.676271083,0,-0.2929858,-0.1474911,0.0323205,0.3865782,-1.2140597,1.2315484,False,0.0
113777.696271083,0,-0.28764182,-0.124976814,0.022862554,0.32310957,-1.1543679,1.1211612,False,0.0
113777.716271083,20000000,-0.28008986,-0.10695243,0.00018328428,0.19447707,-1.0753334,1.0361406,False,0.0
113777.736271083,0,-0.27400085,-0.09785941,-0.014500737,0.064021245,-0.9862903,0.97247744,False,0.0
113777.756271083,20000000,-0.27100962,-0.098410636,-0.021734953,-0.03391894,-0.8997465,0.9385769,False,0.0
113777.776271083,0,-0.2638808,-0.10705766,-0.023577213,-0.080355674,-0.8225314,0.92426735,False,0.0
113777.796271083,0,-0.24521348,-0.10337272,-0.03859943,-0.09520567,-0.7247055,0.9257311,False,0.0
113777.816271083,20000000,-0.22644252,-0.09979302,-0.05369085,-0.11005567,-0.6268796,0.92719483,False,0.0
113777.836271083,0,-0.20693702,-0.0892795,-0.07006204,-0.1174254,-0.535641,0.94638026,False,0.0
113777.856271083,20000000,-0.18657379,-0.08417472,-0.08428693,-0.10596171,-0.4580626,0.9746331,False,0.0
113777.876271083,40000000,-0.16198836,-0.09342137,-0.100434005,-0.07529415,-0.37633255,0.9872611,False,0.0
113777.896271083,0,-0.13512993,-0.10600513,-0.115730464,-0.03748464,-0.2684919,0.96545583,False,0.0
113777.916271083,0,-0.12023024,-0.10915226,-0.1086207,-0.0019400083,-0.17642799,0.9386197,False,0.0
113777.936271083,0,-0.11588016,-0.108998895,-0.09062523,0.035663966,-0.13386114,0.9347831,False,0.0
113777.956271083,20000000,-0.103769094,-0.114671394,-0.08965719,0.06272807,-0.118373394,0.9476836,False,0.0
113777.976271083,0,-0.08348183,-0.12576568,-0.09532708,0.07448992,-0.10311983,0.9530796,False,0.0
113777.996271083,20000000,-0.06577742,-0.11801624,-0.10916364,0.04342257,-0.09768141,0.98462975,False,0.0
113778.016271083,0,-0.03806743,-0.11141594,-0.13032615,-0.026092377,-0.082372226,1.0183288,False,0.0
113778.036271083,0,-0.011543721,-0.10746512,-0.1524874,-0.13152799,-0.115379594,1.0442674,False,0.0
113778.056271083,0,0.0144150555,-0.09652394,-0.21684247,-0.31927538,-0.16520685,1.0617633,False,0.0
113778.076271083,0,0.05907747,-0.0798855,-0.2417404,-0.5238947,-0.09964299,1.0543989,False,0.0
113778.096271083,20000000,0.07964492,-0.060663074,-0.1548276,-0.6342708,-0.044415403,1.0955684,False,0.0
113778.116271083,0,0.096118,-0.07123417,-0.01086843,-0.5168468,-0.083750784,1.161077,False,0.0
113778.136271083,20000000,0.11251789,-0.08158857,0.13305724,-0.39942276,-0.123086154,1.2265857,False,0.0
113778.156271083,0,0.15193701,-0.097198814,0.14797556,-0.26341295,-0.23667014,1.2792851,False,0.0
113778.176271083,20000000,0.22470579,-0.10910058,0.09747946,-0.21797569,-0.2628352,1.2491354,False,0.0
113778.196271083,0,0.276977,-0.090201095,0.08028108,-0.2651248,-0.3012289,1.1862426,False,0.0
113778.216271083,20000000,0.29924923,-0.05811891,0.07054049,-0.38054082,-0.3287322,1.1445539,False,0.0
113778.236271083,0,0.28389758,-0.044344455,0.10205585,-0.47130617,-0.372961,1.131044,False,0.0
113778.256271083,0,0.23091182,-0.040964514,0.18348497,-0.44712767,-0.54853904,1.1885386,False,0.0
113778.276271083,0,0.19614664,-0.045990676,0.21056229,-0.355882,-0.7208205,1.261162,False,0.0
113778.296271083,20000000,0.17933801,-0.0425227,0.20673192,-0.27507472,-0.84874886,1.3114369,False,0.0
113778.316271083,0,0.16611186,-0.022133708,0.19206226,-0.24837668,-0.9467514,1.3474988,False,0.0
113778.336271083,0,0.1586675,-0.010035694,0.16515958,-0.258533,-1.0136523,1.3678563,False,0.0
113778.356271083,0,0.16555315,-0.022767395,0.13109726,-0.26159978,-1.0324287,1.3423724,False,0.0
113778.376271083,20000000,0.17265621,-0.048139423,0.08915675,-0.24238554,-1.0055803,1.2720783,False,0.0
113778.396271084,0,0.17118537,-0.07004847,0.056211293,-0.20376563,-0.9460798,1.1726655,False,0.0
113778.416271084,0,0.16090068,-0.07154061,0.062348127,-0.15286636,-0.89532775,1.0687588,False,0.0
113778.436271084,20000000,0.15074852,-0.073250726,0.068321645,-0.10196709,-0.8445757,0.9648522,False,0.0
113778.456271084,40000000,0.14718768,-0.058865786,0.06395799,-0.078629114,-0.8177389,0.8651274,False,0.0
113778.476271084,0,0.16226445,-0.05018097,0.013283253,-0.101807505,-0.76323974,0.7545382,False,0.0
113778.496271084,20000000,0.17508134,-0.048677817,-0.047142208,-0.15409234,-0.66722584,0.6503761,False,0.0
113778.516271084,0,0.15841363,-0.05680032,-0.06744218,-0.1558996,-0.5703651,0.5990461,False,0.0
113778.536271084,0,0.11437805,-0.076079294,-0.034986615,-0.047077157,-0.5593162,0.61522585,False,0.0
113778.556271084,20000000,0.07662067,-0.09181288,-0.034441948,0.09059336,-0.58199924,0.648075,False,0.0
113778.576271084,0,0.040660843,-0.0847384,-0.1090793,0.15268716,-0.76554376,0.71852326,False,0.0
113778.596271084,0,0.07275696,-0.106266424,-0.32962227,0.02257435,-0.45509192,0.66209126,False,0.0
113778.616271084,0,0.019460946,-0.0969111,-0.20591533,-0.0068384185,-0.36339206,0.5782228,False,0.0
113778.636271084,0,-0.06685856,-0.03473866,-0.12044114,-0.03471484,-0.35535762,0.5761367,False,0.0
113778.656271084,0,-0.09189485,-0.00031343102,-0.06952757,-0.057869352,-0.26903772,0.53125525,False,0.0
113778.676271084,0,-0.113815054,0.032328367,-0.03443539,-0.105966374,-0.24007712,0.46746087,False,0.0
113778.696271084,20000000,-0.114900306,0.05687046,-0.05548656,-0.2206879,-0.16672419,0.35922754,False,0.0
113778.716271084,0,-0.13680589,0.08402184,-0.03791547,-0.34206307,-0.14187628,0.26757497,False,0.0
113778.736271084,20000000,-0.15874453,0.11117965,-0.0203892,-0.46343824,-0.11702837,0.17592236,False,0.0
113778.756271084,40000000,-0.17319825,0.12422073,-0.006823182,-0.52647185,-0.08009097,0.13985753,False,0.0
113778.776271084,0,-0.1711057,0.10345566,0.013632536,-0.48374605,-0.019013654,0.116398886,False,0.0
113778.796271084,0,-0.16229373,0.06447831,0.037393153,-0.35461462,0.07250334,0.107616656,False,0.0
113778.816271084,0,-0.15464863,0.017080516,0.0613814,-0.18239395,0.16272308,0.098008014,False,0.0
113778.836271084,0,-0.14884536,-0.0232521,0.08425677,-0.034149095,0.22183506,0.09515853,False,0.0
113778.856271084,0,-0.13988164,-0.059529632,0.10057932,0.0596449,0.23859829,0.079444475,False,0.0
113778.876271084,0,-0.12623698,-0.090694636,0.10075182,0.09226011,0.25208917,0.058105875,False,0.0
113778.896271084,20000000,-0.11768699,-0.11250673,0.10736573,0.08710771,0.25650904,0.032580316,False,0.0
113778.916271084,0,-0.11455872,-0.11744629,0.110378265,0.050002538,0.23034802,0.017629828,False,0.0
113778.936271084,20000000,-0.10336325,-0.105592325,0.090246975,-0.031692944,0.2477857,-0.002940273,False,0.0
113778.956271084,0,-0.091929555,-0.08219147,0.08437282,-0.13638154,0.2552517,-0.04315974,False,0.0
113778.976271084,20000000,-0.078950815,-0.03363365,0.06472719,-0.28236306,0.26902696,-0.07734245,False,0.0
113778.996271084,0,-0.06952481,0.024372697,0.037737846,-0.44406933,0.2516563,-0.085712366,False,0.0
113779.016271084,0,-0.054638192,0.054204047,-0.0031692982,-0.50917137,0.2410082,-0.010054849,False,0.0
113779.036271084,20000000,-0.039725274,0.08408812,-0.044213057,-0.5742734,0.2303601,0.06560267,False,0.0
113779.056271084,40000000,-0.0148100555,0.073554456,-0.055259466,-0.45576006,0.2499131,0.17669085,False,0.0
113779.076271084,0,-0.003980547,0.057676017,-0.053045154,-0.287197,0.19415179,0.31595153,False,0.0
113779.096271084,0,0.025040776,0.0313406,-0.069344044,-0.16882214,0.12593628,0.4364605,False,0.0
113779.116271084,20000000,0.06782892,0.00775519,-0.08146143,-0.15440477,0.030795835,0.539123,False,0.0
113779.136271084,0,0.189667,-0.05045986,-0.0827328,-0.19651616,0.18801266,0.44154036,False,0.0
113779.156271084,20000000,0.27679425,-0.10861528,-0.008358598,-0.18446714,0.38750792,0.2626875,False,0.0
113779.176271084,0,0.29735315,-0.14642897,0.03624475,-0.16691457,0.42647412,0.08016828,False,0.0
113779.196271084,20000000,0.29817912,-0.121601224,0.061985373,-0.21649036,0.3303675,-0.022671133,False,0.0
113779.216271084,0,0.2938631,-0.07256839,0.10001361,-0.33858114,0.15437259,-0.073322594,False,0.0
113779.236271084,0,0.2844842,-0.017344773,0.13090813,-0.49446434,-0.0029714555,-0.083268784,False,0.0
113779.256271084,0,0.2490677,0.008498341,0.17928874,-0.56774944,-0.18724577,-0.038728796,False,0.0
113779.276271084,20000000,0.20669615,0.012394726,0.19734502,-0.5452724,-0.36398005,0.05471012,False,0.0
113779.296271084,0,0.17612335,-0.0018116236,0.18976241,-0.48550987,-0.4815609,0.14706364,False,0.0
113779.316271084,0,0.14950675,-0.020008713,0.15565723,-0.47575405,-0.51705194,0.20753199,False,0.0
113779.336271084,20000000,0.12282662,-0.03820336,0.121451795,-0.46599826,-0.5525429,0.26800033,False,0.0
113779.356271084,40000000,0.096076414,-0.06391916,0.107574165,-0.44566298,-0.52349156,0.29407924,False,0.0
113779.376271084,0,0.054168016,-0.07631895,0.09889847,-0.41584894,-0.47719342,0.32599872,False,0.0
113779.396271084,0,0.023356512,-0.095958084,0.09119141,-0.36350942,-0.38961947,0.3221899,False,0.0
113779.416271084,20000000,0.02112849,-0.11290929,0.0909099,-0.3418081,-0.25231126,0.23230839,False,0.0
113779.436271084,0,0.01704982,-0.10727033,0.10978848,-0.3502446,-0.14923999,0.110143244,False,0.0
113779.456271084,20000000,0.018297717,-0.10211548,0.1145668,-0.3694781,-0.09294367,0.0024664253,False,0.0
113779.476271084,0,0.027929202,-0.11449504,0.08463013,-0.38470262,-0.04746371,-0.10145299,False,0.0
113779.496271084,20000000,0.03659679,-0.1389257,0.05074072,-0.3539166,0.029332895,-0.20172155,False,0.0
113779.516271084,0,0.012806401,-0.14378044,0.038205504,-0.28527743,0.029845875,-0.27748343,False,0.0
113779.536271084,0,-0.021260932,-0.10441652,0.0029872656,-0.2519689,-0.026515093,-0.27194187,False,0.0
113779.556271084,0,-0.053970486,-0.06797874,-0.06883085,-0.26249877,-0.17609581,-0.15252002,False,0.0
113779.576271084,0,-0.010386914,-0.09222108,-0.146151,-0.31739077,0.07902464,-0.26034778,False,0.0
113779.596271084,0,-0.0778382,0.018166602,0.046389103,-0.3901502,0.16063392,-0.33644548,False,0.0
113779.616271084,0,-0.14756618,0.11787802,0.0973472,-0.46934196,-0.009636208,-0.2038786,False,0.0
113779.636271084,20000000,-0.21727163,0.21763676,0.14823318,-0.54853374,-0.17990632,-0.07131171,False,0.0
113779.656271084,40000000,-0.18768753,0.23304039,0.06829625,-0.5942177,-0.06185268,-0.06676551,False,0.0
113779.676271084,0,-0.1648808,0.21242034,0.037240505,-0.55743164,0.1473001,-0.10659517,False,0.0
113779.696271084,0,-0.1482841,0.18535876,0.057555854,-0.481066,0.36410254,-0.19649947,False,0.0
113779.716271084,20000000,-0.13160415,0.15834808,0.0777576,-0.40470034,0.580905,-0.28640375,False,0.0
113779.736271084,40000000,-0.10995265,0.17256093,0.11241257,-0.3687886,0.6835764,-0.3915183,False,0.0
113779.756271084,0,-0.089903496,0.17123252,0.13330549,-0.3730002,0.73727083,-0.4827638,False,0.0
113779.776271084,0,-0.07898189,0.15802133,0.15713406,-0.3499405,0.71427697,-0.5257712,False,0.0
113779.796271084,20000000,-0.05350867,0.13928956,0.17281413,-0.2721511,0.646725,-0.57132673,False,0.0
113779.816271084,0,-0.041171327,0.15138441,0.15081197,-0.24282949,0.5958476,-0.60800827,False,0.0
113779.836271084,20000000,-0.044513747,0.185741,0.14763743,-0.23977277,0.49902272,-0.59257996,False,0.0
113779.856271084,0,-0.043782964,0.20755857,0.11681974,-0.2679345,0.4294864,-0.57295525,False,0.0
113779.876271084,0,-0.04866223,0.22016472,0.06713331,-0.3043007,0.39148188,-0.5395142,False,0.0
113779.896271084,20000000,-0.043016702,0.2139613,0.016973078,-0.30140015,0.39799172,-0.56051254,False,0.0
113779.916271084,0,-0.03157878,0.20753801,-0.029982746,-0.2898054,0.43462682,-0.61765605,False,0.0
113779.936271084,20000000,-0.019988045,0.20119184,-0.076975465,-0.27821064,0.4712619,-0.6747995,False,0.0
113779.956271084,40000000,0.00025749207,0.19297063,-0.096656024,-0.23967196,0.53254724,-0.74628055,False,0.0
113779.976271084,0,0.009677798,0.19923359,-0.12573516,-0.22008893,0.6211719,-0.8085635,False,0.0
113779.996262333,0,0.004422882,0.21925479,-0.122878686,-0.18133079,0.6395948,-0.8417746,False,0.0
113780.016262333,0,-0.00018544495,0.21048331,-0.14430869,-0.13645765,0.6783208,-0.9306167,False,0.0
113780.036262333,20000000,0.0029666722,0.18035573,-0.17234683,-0.060105562,0.7453747,-1.124035,False,0.0
113780.056262333,0,0.00060397387,0.14154541,-0.20062268,0.054402478,0.8502792,-1.4300666,False,0.0
113780.076262333,0,-0.016056612,0.0695129,-0.22080338,0.24832788,0.9889559,-1.9114549,False,0.0
113780.096262333,0,-0.06068617,-0.03194058,-0.21770573,0.55024517,1.1060119,-2.6315465,False,0.0
113780.116262333,0,-0.15688148,-0.09236431,-0.21054411,0.8846117,1.143791,-3.5241058,False,0.0
113780.136262333,20000000,-0.25367516,-0.14999217,-0.20265543,1.2189783,1.1815702,-4.416665,False,0.0
113780.156262333,0,-0.36469877,-0.14792997,-0.18814486,1.4942567,1.1799891,-5.1777167,False,0.0
113780.176262333,0,-0.44983345,-0.11343068,-0.18986082,1.6999224,1.1901361,-5.7403073,False,0.0
113780.196262333,0,-0.46382287,-0.036381543,-0.19042826,1.7334173,1.227886,-5.859308,False,0.0
113780.216262333,20000000,-0.48301232,0.04845047,-0.19100863,1.7669121,1.265636,-5.978308,False,0.0
113780.236262333,40000000,-0.4750542,0.15442765,-0.17185408,1.6830521,1.2942914,-5.7900324,False,0.0
113780.256262333,0,-0.41574556,0.25558025,-0.17002934,1.4880794,1.4024687,-5.37022,False,0.0
113780.276262333,20000000,-0.3512296,0.34059882,-0.14148283,1.2206726,1.5153713,-4.770748,False,0.0
113780.296262333,0,-0.28367174,0.38872388,-0.083011925,0.9457449,1.5654219,-4.036874,False,0.0
113780.316262333,20000000,-0.20305094,0.39078602,-0.04894823,0.6802476,1.6449448,-3.278963,False,0.0
113780.336262333,0,-0.1431661,0.3631346,-0.012308896,0.43925518,1.7112186,-2.5551844,False,0.0
113780.356262333,0,-0.10508683,0.3149072,0.028163016,0.21811864,1.7314794,-1.9085066,False,0.0
113780.376262333,20000000,-0.08490755,0.25020215,0.061191738,0.014347941,1.7285635,-1.3823978,False,0.0
113780.396262333,0,-0.077574104,0.18041353,0.09864771,-0.14543183,1.6719526,-0.96630025,False,0.0
113780.416262333,20000000,-0.06561017,0.10283968,0.12585706,-0.24663442,1.6051803,-0.6832191,False,0.0
113780.436262333,0,-0.05846928,0.027691185,0.14737612,-0.28656316,1.5191358,-0.5367534,False,0.0
113780.456262333,0,-0.054676026,-0.02009347,0.16014838,-0.29162663,1.4236382,-0.47455686,False,0.0
113780.476262333,20000000,-0.055850647,-0.05108279,0.16041678,-0.281108,1.332068,-0.47427124,False,0.0
113780.496262333,0,-0.055608407,-0.06392799,0.14462823,-0.2941021,1.2715758,-0.5338527,False,0.0
113780.516262333,20000000,-0.055282816,-0.07698698,0.12830353,-0.30709618,1.2110837,-0.5934342,False,0.0
113780.536262333,40000000,-0.054858867,-0.09025422,0.11144334,-0.3200903,1.1505915,-0.6530157,False,0.0
113780.556262333,0,-0.05249236,-0.09802388,0.09773868,-0.32796484,1.1067076,-0.6864734,False,0.0
113780.576262333,0,-0.050627712,-0.09753862,0.09090394,-0.34272206,1.0607003,-0.6942342,False,0.0
113780.596262333,20000000,-0.04890587,-0.08680621,0.08915126,-0.36365673,1.0014538,-0.66821367,False,0.0
113780.616262333,0,-0.04917808,-0.074330226,0.08863455,-0.37821174,0.93005127,-0.6016702,False,0.0
113780.636262333,20000000,-0.048684455,-0.063742906,0.08457905,-0.39282575,0.84758633,-0.49837965,False,0.0
113780.656262333,0,-0.04672554,-0.0627951,0.07637596,-0.39425495,0.78895503,-0.379549,False,0.0
113780.676262333,20000000,-0.058223348,-0.0697557,0.07015437,-0.36622417,0.7248783,-0.26027143,False,0.0
113780.696262333,0,-0.07265142,-0.07244024,0.05989194,-0.32459557,0.6393293,-0.13475525,False,0.0
113780.716262333,0,-0.06806595,-0.07791558,0.031897485,-0.3026241,0.5481138,-0.038708866,False,0.0
113780.736262333,0,-0.023733404,-0.087360024,-0.039892256,-0.30818257,0.5515664,-0.0066795014,False,0.0
113780.756262333,0,0.00869552,-0.09815085,-0.071442366,-0.29299176,0.63145024,-0.037311234,False,0.0
113780.776262334,20000000,0.014311314,-0.095706135,-0.04128766,-0.2254672,0.6713572,-0.09435524,False,0.0
113780.796262334,0,0.03768529,-0.08730924,-0.031762064,-0.14128825,0.7333179,-0.20006086,False,0.0
113780.816262334,0,0.04616586,-0.065467805,-0.0062942505,-0.07362074,0.786266,-0.348141,False,0.0
113780.836262334,20000000,0.054706767,-0.043662935,0.018990397,-0.0059532225,0.83921415,-0.49622118,False,0.0
113780.856262334,0,0.042320773,-0.006306261,0.07681233,0.049149934,0.82135695,-0.6328999,False,0.0
113780.876262334,20000000,0.050681934,0.020880967,0.09911209,0.0750488,0.82735306,-0.7842505,False,0.0
113780.896262334,0,0.03921151,0.04933095,0.13094622,0.10172722,0.80264884,-0.9029551,False,0.0
113780.916262334,0,0.010961086,0.083093375,0.16833049,0.13049562,0.7291823,-0.95475876,False,0.0
113780.936262334,0,-0.013390064,0.11410588,0.19093484,0.16220966,0.6106886,-0.9528796,False,0.0
113780.956262334,20000000,-0.014292389,0.13814873,0.17865986,0.17840564,0.51698387,-0.942073,False,0.0
113780.976262334,0,0.0021978617,0.15396702,0.1502924,0.16487354,0.45626658,-0.942397,False,0.0
113780.996262334,20000000,0.032040015,0.15658113,0.114308715,0.12934682,0.46233997,-0.9787493,False,0.0
113781.016262334,0,0.05407773,0.1585142,0.084881425,0.09249246,0.5096349,-1.037231,False,0.0
113781.036262334,0,0.03885837,0.17041689,0.098561525,0.09415244,0.5106093,-1.031326,False,0.0
113781.056262334,20000000,0.023853257,0.18235582,0.112113714,0.09581242,0.5115838,-1.025421,False,0.0
113781.076262334,0,0.015562534,0.18430856,0.1216135,0.1093577,0.5009621,-0.978242,False,0.0
113781.096262334,0,0.013994873,0.18026799,0.13952911,0.122583605,0.4839,-0.90949893,False,0.0
113781.116262334,0,0.012156576,0.17961484,0.15557605,0.10536413,0.44528103,-0.82625604,False,0.0
113781.136262334,20000000,0.010238767,0.17899203,0.17160606,0.088144645,0.40666205,-0.7430131,False,0.0
113781.156262334,40000000,0.010317951,0.17756993,0.17453271,0.054282065,0.35159835,-0.6564361,False,0.0
113781.176262334,0,0.012195289,0.16729048,0.16560686,0.018633287,0.3146899,-0.58602023,False,0.0
113781.196262334,20000000,0.0057406127,0.16036159,0.15233505,-0.030663706,0.28449035,-0.54186636,False,0.0
113781.216262334,0,0.0035590827,0.14828566,0.13711464,-0.07093023,0.2569494,-0.54496044,False,0.0
113781.236262334,0,0.010630071,0.1368179,0.10058677,-0.12262727,0.25483236,-0.58814615,False,0.0
113781.256262334,20000000,0.021129698,0.11751145,0.06409478,-0.15850177,0.29028383,-0.69440377,False,0.0
113781.276262334,0,0.007841274,0.12032819,0.05075556,-0.17186223,0.32229507,-0.7949622,False,0.0
113781.296262334,0,-0.026411802,0.1382271,0.058349073,-0.13312298,0.28610626,-0.80845785,False,0.0
113781.316262334,20000000,-0.045011595,0.16308779,0.05131966,-0.0683157,0.22789067,-0.7394427,False,0.0
113781.336262334,0,-0.04455766,0.19405288,0.041146815,-0.008802861,0.19346231,-0.58958876,False,0.0
113781.356262334,20000000,-0.042543977,0.2202177,0.05117607,0.04657304,0.14889896,-0.35725993,False,0.0
113781.376262334,0,-0.022915736,0.22999799,0.045235217,0.053317014,0.1344249,-0.10940504,False,0.0
113781.396262334,20000000,-0.0022314936,0.22644097,0.034682512,0.0034568235,0.1400024,0.115444556,False,0.0
113781.416262334,0,-0.0039317757,0.20294386,0.044581354,-0.05052977,0.12678128,0.28571552,False,0.0
113781.436262334,20000000,-0.0056331605,0.17949104,0.0544644,-0.10451636,0.113560155,0.4559865,False,0.0
113781.476262334,0,0.00042761862,0.08400309,0.058341563,-0.06524816,0.0710237,0.53907144,False,0.0
113781.496262334,20000000,-0.019352093,0.055197477,0.068816066,0.0056702346,0.012032684,0.5304455,False,0.0
113781.516262334,0,-0.03468509,0.037849605,0.066522,0.0727755,-0.069088385,0.52430815,False,0.0
113781.536262334,0,-0.052843675,0.047007143,0.062544644,0.1064866,-0.16917899,0.56611586,False,0.0
113781.556262334,0,-0.06504533,0.07351822,0.04773718,0.102162905,-0.24643521,0.68250144,False,0.0
113781.576262334,20000000,-0.078908294,0.10734868,0.022638679,0.06613515,-0.32249552,0.9085934,False,0.0
113781.596262334,0,-0.08469126,0.113485575,-0.008161485,0.012149576,-0.35454002,1.158618,False,0.0
113781.616262334,20000000,-0.09797813,0.09419227,-0.015046775,-0.05659884,-0.39058927,1.3981258,False,0.0
113781.636262334,0,-0.09739183,0.049399793,-0.024775445,-0.09064958,-0.39720395,1.5808382,False,0.0
113781.656262334,0,-0.0801041,0.0033534765,-0.032892287,-0.105109215,-0.36667734,1.6683346,False,0.0
113781.676262334,20000000,-0.071787655,-0.021838456,-0.026435673,-0.13577692,-0.3290618,1.6822062,False,0.0
113781.696262334,0,-0.06408642,-0.034455866,-0.025261402,-0.18969783,-0.3098661,1.647908,False,0.0
113781.716262334,20000000,-0.055942804,-0.046800196,-0.024297059,-0.24361873,-0.2906704,1.6136098,False,0.0
113781.736262334,40000000,-0.04735145,-0.0588845,-0.023548126,-0.29753962,-0.2714747,1.5793115,False,0.0
113781.776262334,0,-0.049478933,-0.04564488,0.0073602796,-0.36223757,-0.25543094,1.45364,False,0.0
113781.796262334,0,-0.041155785,-0.06574318,0.020211518,-0.37444168,-0.28024137,1.3703849,False,0.0
113781.816262334,0,-0.010013133,-0.09428036,-0.00020033121,-0.40428758,-0.23125882,1.1956612,False,0.0
113781.836262334,20000000,0.008321941,-0.10449907,-0.0060548186,-0.4712063,-0.17979321,0.96615636,False,0.0
113781.856262334,0,0.010768652,-0.09239805,0.006279111,-0.5792345,-0.17012808,0.73057246,False,0.0
113781.876262334,0,0.006135702,-0.07171056,0.024124444,-0.6851299,-0.21977712,0.5373461,False,0.0
113781.896262334,20000000,0.01976195,-0.045071095,0.017927945,-0.76183414,-0.2502389,0.4348968,False,0.0
113781.916262334,0,0.03751877,-0.028000176,0.012181282,-0.7567229,-0.25429025,0.42471558,False,0.0
113781.936262334,20000000,0.05962813,-0.014418989,0.012452006,-0.67588127,-0.21560638,0.4733392,False,0.0
113781.956262334,0,0.061036766,0.011884719,0.020432949,-0.53430986,-0.1982111,0.58798414,False,0.0
113781.976262334,0,0.05418822,0.054302156,0.02343148,-0.39994586,-0.20346601,0.7545748,False,0.0
113781.996262334,0,0.052853853,0.0863345,0.018334508,-0.31446308,-0.21383038,0.94360864,False,0.0
113782.016262334,0,0.05925733,0.094962925,0.011769712,-0.26886582,-0.18379709,1.1142977,False,0.0
113782.036262334,20000000,0.065733194,0.10380909,0.005252719,-0.22326854,-0.1537638,1.284987,False,0.0
113782.056262334,0,0.054287672,0.09945434,0.012004197,-0.17546263,-0.13206455,1.4292958,False,0.0
113782.076262334,0,0.024227172,0.107147664,0.040183306,-0.10261418,-0.19056223,1.6162534,False,0.0
113782.096262334,20000000,0.0044570267,0.10956171,0.054608047,0.00053295493,-0.32000223,1.8456194,False,0.0
113782.116262334,0,0.03544873,0.066783756,0.03520125,0.09197145,-0.35325873,1.9569415,False,0.0
113782.136262334,0,0.029034108,0.031394184,0.0412547,0.14601119,-0.38876593,1.9475616,False,0.0
113782.156262334,20000000,0.023397237,-0.003566891,0.047332346,0.20005094,-0.42427313,1.9381818,False,0.0
113782.176262334,0,0.010937899,-0.027449101,0.06055975,0.21487048,-0.5282487,1.8835598,False,0.0
113782.196262334,20000000,0.027541101,-0.058176994,0.04898262,0.20302337,-0.59966284,1.7533753,False,0.0
113782.216262334,0,0.05633363,-0.0859364,0.024920523,0.18732007,-0.59177285,1.5710918,False,0.0
113782.236262334,20000000,0.06539142,-0.12368646,0.014976263,0.17283997,-0.56049573,1.3408402,False,0.0
113782.256262334,0,0.04880935,-0.12712893,0.024539351,0.17173979,-0.5583602,1.1660602,False,0.0
113782.276262334,20000000,0.032589763,-0.13060297,0.03403765,0.1706396,-0.55622464,0.9912802,False,0.0
113782.296262334,0,0.0135937035,-0.121187225,0.042632878,0.18880312,-0.588685,0.8947763,False,0.0
113782.316262334,0,0.02151823,-0.1107901,0.01943779,0.15849479,-0.56384116,0.78387153,False,0.0
113782.336262334,20000000,0.029670238,-0.1004632,-0.003856957,0.12818645,-0.5389973,0.6729668,False,0.0
113782.356262334,40000000,0.03637582,-0.08232406,-0.0015305281,0.0599346,-0.5028315,0.55766016,False,0.0
113782.376262334,0,0.050240695,-0.07217434,-0.008213043,0.009096917,-0.4507929,0.42621213,False,0.0
113782.396232167,0,0.07471348,-0.07439832,-0.021188354,-0.031378977,-0.3553196,0.27172074,False,0.0
113782.416232167,0,0.09158012,-0.08661817,-0.029973388,-0.045929752,-0.20704977,0.061068088,False,0.0
113782.436232167,20000000,0.108536154,-0.12100038,-0.028437614,-0.02636348,-0.04906012,-0.22238597,False,0.0
113782.456232167,0,0.117414504,-0.1807781,-0.020850718,0.05753537,0.09517537,-0.6322069,False,0.0
113782.476232167,0,0.110339016,-0.2533168,-0.012434483,0.19798993,0.21928188,-1.1812406,False,0.0
113782.496232167,20000000,0.08437696,-0.3173676,0.0018497705,0.37010115,0.2911688,-1.8217182,False,0.0
113782.516232167,0,0.05960539,-0.36315894,0.0037231445,0.53598756,0.35659617,-2.5303798,False,0.0
113782.536232167,20000000,0.019576281,-0.36462957,-0.0061535835,0.64119846,0.4327141,-3.2046938,False,0.0
113782.556232167,0,-0.027214766,-0.3318649,-0.0012294054,0.6899098,0.4918526,-3.7482142,False,0.0
113782.576232167,0,-0.061451256,-0.28960252,0.01260227,0.71443474,0.5475651,-4.1358223,False,0.0
113782.596232167,20000000,-0.091318905,-0.24365942,0.026869535,0.7258102,0.5737807,-4.3785233,False,0.0
113782.616232167,0,-0.11641522,-0.15814438,0.030673802,0.68451583,0.5819624,-4.473564,False,0.0
113782.636232167,20000000,-0.14224613,-0.042792946,0.049562335,0.60576195,0.4830373,-4.3667417,False,0.0
113782.656232167,0,-0.13182572,0.052799553,0.04724121,0.533368,0.368011,-4.1005597,False,0.0
113782.676232167,0,-0.10572794,0.12736511,0.038445413,0.4981149,0.26337743,-3.7079985,False,0.0
113782.696232167,0,-0.072459325,0.19407415,0.019886076,0.47709954,0.1943608,-3.2217016,False,0.0
113782.716232167,20000000,-0.047431663,0.25433725,0.0036329627,0.4361275,0.12669945,-2.6637115,False,0.0
113782.736232167,0,-0.0064768344,0.29859355,-0.008875787,0.37202522,0.09654074,-2.0844078,False,0.0
113782.756232167,0,0.040056303,0.30367875,-0.014168918,0.3222475,0.14271586,-1.5405645,False,0.0
113782.776232167,20000000,0.048488364,0.29974315,0.0065302253,0.30467752,0.17762667,-0.9809681,False,0.0
113782.796232167,0,0.02393566,0.31266183,0.03350866,0.2529252,0.12876146,-0.37405407,False,0.0
113782.816232167,0,0.0037757605,0.30994308,0.044428468,0.14693728,0.04314767,0.21470678,False,0.0
113782.836232167,20000000,0.008559391,0.27108237,0.039449155,0.046735816,-0.018625215,0.70894146,False,0.0
113782.856232167,0,0.03263384,0.19495177,0.0213601,0.0037060492,0.020724345,1.0305152,False,0.0
113782.876232167,20000000,0.033756092,0.10806054,0.01755768,0.02557993,0.0822787,1.1556828,False,0.0
113782.896232167,0,0.011234745,0.0077570975,0.02325499,0.13593695,0.095007576,1.0651854,False,0.0
113782.916232167,0,-0.011128411,-0.11119431,0.014201939,0.33508098,0.11575283,0.6965403,False,0.0
113782.936232167,20000000,-0.063643575,-0.19562793,0.010491312,0.5943134,0.08940175,0.17011297,False,0.0
113782.956232167,0,-0.10838562,-0.22718862,0.001749754,0.86452794,0.037462912,-0.37222087,False,0.0
113782.976232167,20000000,-0.1240456,-0.2537762,-0.0063675046,1.158645,0.027910609,-0.935642,False,0.0
113782.996232167,0,-0.14294907,-0.2570089,-0.012897134,1.4211028,0.05834612,-1.500498,False,0.0
113783.016232167,20000000,-0.18023494,-0.22641224,-0.01407665,1.5932451,0.035686094,-1.9660203,False,0.0
113783.036232167,0,-0.19824374,-0.21101502,-0.032063365,1.7015224,-0.018399023,-2.322484,False,0.0
113783.056232167,0,-0.19423662,-0.22493303,-0.06172043,1.7775216,-0.053658776,-2.6396768,False,0.0
113783.076232167,20000000,-0.18896812,-0.23621166,-0.08397955,1.8375313,-0.0716347,-2.944324,False,0.0
113783.096232167,0,-0.18027306,-0.21991386,-0.10070735,1.8520602,-0.082274646,-3.2323368,False,0.0
113783.116232167,0,-0.1798361,-0.1711708,-0.11891681,1.7909892,-0.08481979,-3.4610913,False,0.0
113783.136232167,0,-0.18397555,-0.10121231,-0.12708986,1.6792743,-0.0785942,-3.5561852,False,0.0
113783.156232167,0,-0.17507449,-0.03747551,-0.12766802,1.5447451,-0.035147585,-3.5262325,False,0.0
113783.176232167,20000000,-0.15698436,0.027248017,-0.12261844,1.392303,0.032403007,-3.3552675,False,0.0
113783.196232167,0,-0.14224933,0.10966601,-0.11385411,1.1938238,0.09878891,-2.9947572,False,0.0
113783.216232167,0,-0.101292074,0.15871155,-0.09670597,0.9389078,0.19545534,-2.4870808,False,0.0
113783.236232167,20000000,-0.061044704,0.20773284,-0.07983029,0.6839918,0.29212177,-1.9794044,False,0.0
113783.256232167,0,-0.027390487,0.21785967,-0.054175198,0.47117645,0.37173492,-1.4712913,False,0.0
113783.276232167,0,0.0066131204,0.18521917,-0.039156854,0.31354496,0.4489046,-1.0529413,False,0.0
113783.296232167,0,0.027610496,0.1492305,-0.023186743,0.21249256,0.49187443,-0.7129098,False,0.0
113783.316232167,20000000,0.032271735,0.12657054,-0.0032200217,0.13597527,0.46907008,-0.39938155,False,0.0
113783.336232167,0,0.04038781,0.10306066,0.018323183,0.089234434,0.4087267,-0.11683476,False,0.0
113783.356232167,0,0.049695402,0.10102098,0.026751637,0.037807107,0.35899794,0.117070004,False,0.0
113783.376232167,20000000,0.059012637,0.099000126,0.03513056,-0.01362022,0.30926922,0.35097474,False,0.0
113783.396232167,0,0.061736777,0.13827898,0.023673475,-0.1129255,0.3035083,0.645869,False,0.0
113783.416232167,20000000,0.029742703,0.22830833,0.017335176,-0.2823968,0.2560033,1.1414908,False,0.0
113783.436232167,0,-0.0047932267,0.32243147,-0.009071529,-0.51277816,0.21954013,1.8822842,False,0.0
113783.456232167,0,-0.026731372,0.36135748,-0.047378004,-0.753771,0.27811083,2.759492,False,0.0
113783.476232167,20000000,-0.064073846,0.36234742,-0.079437315,-0.97463256,0.390472,3.6787574,False,0.0
113783.496232167,0,-0.10474356,0.3256862,-0.11730385,-1.1802297,0.58893615,4.4968877,False,0.0
113783.516232167,0,-0.1624088,0.2664996,-0.110536456,-1.3437542,0.7561619,5.175826,False,0.0
113783.536232167,0,-0.22072956,0.19331446,-0.09113562,-1.4566753,0.86701274,5.6761174,False,0.0
113783.556232167,0,-0.26250595,0.111657605,-0.07573825,-1.5159334,0.93969494,5.9472246,False,0.0
113783.576232167,0,-0.2840057,0.018881582,-0.049278975,-1.5183519,0.95655453,5.9692483,False,0.0
113783.596232167,20000000,-0.2944858,-0.07605242,-0.0072502494,-1.4327432,0.9053132,5.7684007,False,0.0
113783.616232167,0,-0.30039558,-0.15863562,0.052221835,-1.2500409,0.700722,5.394268,False,0.0
113783.636232167,20000000,-0.26902854,-0.21183854,0.052912176,-1.0585006,0.46196735,4.8507643,False,0.0
113783.656232167,0,-0.18681504,-0.2707181,-0.0043670535,-0.8996194,0.3671084,4.0874853,False,0.0
113783.676232167,20000000,-0.14265323,-0.29742438,-0.031912506,-0.74920607,0.3082888,3.2862756,False,0.0
113783.696232167,0,-0.13854837,-0.29339767,-0.02833891,-0.595156,0.25277874,2.5631013,False,0.0
113783.716232167,20000000,-0.14318097,-0.26441392,0.0487172,-0.37232465,0.050236687,2.0106356,False,0.0
113783.736232167,0,-0.08415994,-0.24154061,0.04438436,-0.18115844,-0.06678698,1.5262562,False,0.0
113783.756232167,0,-0.037594914,-0.19963099,0.016723275,-0.082140625,-0.09726143,1.1396532,False,0.0
113783.776232167,20000000,-0.027206987,-0.16480505,0.008249521,-0.030894477,-0.12469147,0.86109406,False,0.0
113783.796232167,0,-0.035968244,-0.13454834,0.014357686,-0.014292477,-0.16420504,0.6911665,False,0.0
113783.816232167,0,-0.057525277,-0.117516354,0.017909825,-0.0034764307,-0.20159665,0.64742416,False,0.0
113783.836232167,20000000,-0.07900149,-0.10052804,0.021401882,0.0073396144,-0.23898827,0.6036818,False,0.0
113783.856232167,40000000,-0.06800589,-0.10401732,-0.005449474,0.018659763,-0.21330592,0.56952906,False,0.0
113783.876232167,0,-0.0702385,-0.092088416,-0.018958926,0.0012844931,-0.1601123,0.5657807,False,0.0
113783.896232167,20000000,-0.07439488,-0.08498263,-0.016734421,-0.027866956,-0.12993978,0.5592055,False,0.0
113783.916232167,0,-0.07248452,-0.0835359,-0.021314919,-0.071566656,-0.08085707,0.5323629,False,0.0
113783.936232167,0,-0.07129392,-0.09039789,-0.02258128,-0.114072934,-0.020807527,0.4994886,False,0.0
113783.956232167,20000000,-0.06998448,-0.11153946,-0.011879683,-0.12456931,0.03158841,0.4683128,False,0.0
113783.976232167,0,-0.07371172,-0.13576627,0.0053076744,-0.088651374,0.04410138,0.43385303,False,0.0
113783.996232167,0,-0.07462789,-0.15342844,0.019189954,-0.03500217,0.049967714,0.40866297,False,0.0
113784.016232167,20000000,-0.069917634,-0.17106728,0.037312925,0.017686691,0.028380338,0.37672693,False,0.0
113784.036232167,0,-0.05671841,-0.18325831,0.03489113,0.05234944,0.027011639,0.32301408,False,0.0
113784.056232167,20000000,-0.06564,-0.18270698,0.041420043,0.07206322,0.0083427895,0.3010649,False,0.0
113784.076232167,0,-0.0780762,-0.17688113,0.04864031,0.09293055,-0.045360364,0.32144138,False,0.0
113784.096232167,0,-0.07270521,-0.17460744,0.04139602,0.101234406,-0.046914093,0.32412177,False,0.0
113784.116232167,20000000,-0.06726092,-0.17236371,0.034104347,0.10953827,-0.048467822,0.32680216,False,0.0
113784.136232167,40000000,-0.06174381,-0.1701508,0.026765466,0.11784213,-0.05002155,0.32948256,False,0.0
113784.156232167,60000000,-0.056154266,-0.16796972,0.019379318,0.12614599,-0.05157528,0.33216295,False,0.0
113784.176232167,0,-0.058549196,-0.14829817,0.007958949,0.09665881,-0.074034914,0.33573434,False,0.0
113784.196232167,0,-0.069282144,-0.11688693,-0.0034850836,0.03708807,-0.09821294,0.37643403,False,0.0
113784.216232167,0,-0.07786006,-0.091438934,-0.009394228,-0.01304663,-0.21634094,0.46686962,False,0.0
113784.236232167,20000000,-0.032414824,-0.09563653,-0.08545697,-0.084401324,-0.22442538,0.51620615,False,0.0
113784.256232167,0,0.008450717,-0.09942937,-0.1249429,-0.1283133,-0.21456423,0.54654175,False,0.0
113784.276232167,20000000,0.052728564,-0.10275675,-0.16673106,-0.15071885,-0.16221295,0.5034015,False,0.0
113784.296232167,0,0.074756086,-0.064529926,-0.1714918,-0.21234232,-0.054999277,0.41578808,False,0.0
113784.316232167,20000000,0.06414223,0.0075969696,-0.10283148,-0.2936175,-0.026487041,0.33448094,False,0.0
113784.336232167,0,0.06213069,0.06855214,-0.050432384,-0.38688052,0.022122115,0.25715193,False,0.0
113784.356232167,0,0.04304576,0.107239455,0.01586771,-0.43279186,0.055072103,0.21750197,False,0.0
113784.376232167,20000000,0.01581484,0.12366917,0.07432014,-0.4129744,0.01749805,0.24282312,False,0.0
113784.396232167,0,0.007930398,0.12987477,0.08689082,-0.37866756,-0.01480253,0.27316007,False,0.0
113784.416232167,0,0.022802353,0.13540544,0.07564378,-0.35799044,-0.04089829,0.2598365,False,0.0
113784.436232167,20000000,0.03762284,0.14090872,0.06433076,-0.3373133,-0.06699405,0.24651295,False,0.0
113784.456232167,40000000,0.05406134,0.14446476,0.047762036,-0.3231876,-0.07154284,0.20725487,False,0.0
113784.476232167,0,0.06353602,0.17143756,0.037516177,-0.33303112,-0.06690859,0.1719531,False,0.0
113784.496232167,0,0.06073773,0.20376557,0.03990245,-0.34957716,-0.09115602,0.18800858,False,0.0
113784.516232167,0,0.06441507,0.21903864,0.02885747,-0.37553096,-0.11456692,0.22481728,False,0.0
113784.536232167,0,0.08184941,0.2050108,0.019091725,-0.37358123,-0.10132127,0.23227371,False,0.0
113784.556232167,0,0.092047915,0.18688017,0.013294756,-0.345189,-0.06159485,0.20984395,False,0.0
113784.576232167,20000000,0.085020676,0.16714366,0.03499806,-0.279459,-0.04837291,0.18235366,False,0.0
113784.596232167,0,0.094016194,0.15088928,0.037002325,-0.21601549,-0.036948048,0.13148583,False,0.0
113784.616232167,20000000,0.09008971,0.14578068,0.03925264,-0.16958022,-0.029605731,0.101160064,False,0.0
113784.636232167,0,0.085600466,0.14341368,0.04873079,-0.13143492,-0.068223745,0.09331428,False,0.0
113784.656232167,0,0.088300854,0.13953158,0.041966498,-0.12513563,-0.07322628,0.08697219,False,0.0
113784.676232167,20000000,0.077439204,0.14089324,0.056574702,-0.118707635,-0.13546431,0.14017943,False,0.0
113784.696232167,0,0.0973894,0.12223587,0.03633809,-0.114912644,-0.12112786,0.1435541,False,0.0
113784.716232167,0,0.09582189,0.11385262,0.022042274,-0.1279649,-0.103479624,0.14759368,False,0.0
113784.736232167,0,0.08318116,0.11567661,0.021653712,-0.15698309,-0.114846915,0.172683,False,0.0
113784.756232167,20000000,0.077840135,0.11742143,0.012490213,-0.19636044,-0.115127854,0.20731375,False,0.0
113784.776232167,0,0.082922384,0.10557545,0.013758659,-0.2004201,-0.103833236,0.238673,False,0.0
113784.796151042,0,0.08614223,0.081170656,0.008475732,-0.16954975,-0.050010927,0.2240777,False,0.0
113784.816151042,0,0.06749709,0.07931038,0.015589774,-0.142173,-0.087046534,0.23154001,False,0.0
113784.836151042,0,0.053615734,0.074389696,0.019686341,-0.11692078,-0.12115002,0.22932234,False,0.0
113784.856151042,20000000,0.042291403,0.06603229,0.020616889,-0.09329887,-0.14398803,0.23235713,False,0.0
113784.876151042,0,0.031685174,0.056523345,0.0180735,-0.07204136,-0.16737688,0.22879086,False,0.0
113784.896151042,20000000,0.024201766,0.05522698,0.011644006,-0.06726836,-0.1889248,0.2281027,False,0.0
113784.916151042,0,0.018971682,0.051376875,0.0019353032,-0.077296264,-0.19233526,0.21974897,False,0.0
113784.936151042,0,0.0118370205,0.046507657,0.002438724,-0.08016852,-0.1999324,0.2112208,False,0.0
113784.956151042,0,0.011179909,0.037545223,-0.0012798905,-0.07198623,-0.1803336,0.19649506,False,0.0
113784.976151042,0,-0.0015202761,0.028600426,0.0094816685,-0.03223536,-0.18968709,0.2169825,False,0.0
113784.996151042,0,-0.00061269104,0.010541376,0.0010256171,0.011728637,-0.1704409,0.22359678,False,0.0
113785.016151042,0,-0.00091576576,0.0017678551,-0.00424397,0.021012116,-0.12796567,0.1964761,False,0.0
113785.036151042,20000000,-0.0012152344,-0.0070134047,-0.009517431,0.030295596,-0.08549045,0.16935542,False,0.0
113785.056151042,40000000,-0.0023686886,-0.014699834,-0.009742558,0.031950437,-0.04901084,0.13295372,False,0.0
113785.076151042,0,-0.0034402907,-0.016959721,-0.00737381,0.030817546,-0.021116048,0.102316566,False,0.0
113785.096151042,0,-0.0024199784,-0.021656174,-0.00585407,0.040963974,9.3532726e-05,0.080977604,False,0.0
113785.116151042,0,0.005972713,-0.026068738,-0.016302228,0.048276536,0.043736883,0.042561524,False,0.0
113785.136151042,0,0.0130774975,-0.019693915,-0.020286143,0.042709988,0.08824413,-0.001309935,False,0.0
113785.156151042,20000000,0.012434199,-0.0063423906,-0.012163997,0.040319856,0.112577654,-0.014742313,False,0.0
113785.176151042,0,0.021689698,-0.008221302,-0.009660125,0.04127511,0.15014721,-0.028014889,False,0.0
113785.196151042,20000000,0.017552853,-0.008714572,0.004048407,0.057145923,0.14759973,-0.021444898,False,0.0
113785.216151042,0,0.020654455,-0.0033339188,0.0022038221,0.043734975,0.14768183,-0.024022339,False,0.0
113785.236151042,0,0.016930476,-0.0018089171,0.008989751,0.02175743,0.13863419,-0.041633457,False,0.0
113785.256151042,20000000,0.013208568,-0.00028678775,0.01576674,-0.00022011809,0.12958655,-0.059244577,False,0.0
113785.276151042,0,0.0048571825,-0.00064829923,0.021720171,-0.0046012336,0.09681843,-0.06558159,False,0.0
113785.296151042,0,0.0070154667,0.0009470042,0.01765871,-0.010008022,0.07451162,-0.07719426,False,0.0
113785.316151042,0,0.012749925,0.0041803326,0.011840761,-0.028775796,0.07086294,-0.098456405,False,0.0
113785.336151042,20000000,0.018486992,0.0074106557,0.00601995,-0.04754357,0.067214265,-0.11971855,False,0.0
113785.356151042,40000000,0.013145745,0.01223742,0.014132619,-0.05346479,0.039066046,-0.11685282,False,0.0
113785.376151042,0,0.015039593,0.016270958,0.010929108,-0.06834873,0.0134889,-0.104779944,False,0.0
113785.396151042,20000000,0.010901749,0.028050352,0.01233983,-0.10153125,-0.019634861,-0.077582195,False,0.0
113785.416151042,0,0.011204958,0.02982369,0.015853167,-0.13220167,-0.055230163,-0.04639656,False,0.0
113785.436151042,0,0.025439948,0.018230844,0.010324955,-0.15132289,-0.054567702,-0.044774305,False,0.0
113785.456151042,20000000,0.028780267,0.009550984,0.012309432,-0.1512905,-0.05610865,-0.051790904,False,0.0
113785.476151042,0,0.02504994,0.010642309,0.01994443,-0.14638768,-0.08239759,-0.05432643,False,0.0
113785.496151042,20000000,0.02568379,0.012100822,0.01592642,-0.15600532,-0.09021381,-0.06808035,False,0.0
113785.516151042,0,0.01103045,0.011602589,0.019536078,-0.1588605,-0.122373305,-0.071274444,False,0.0
113785.536151042,0,-0.00031057,0.010590006,0.014363408,-0.16311108,-0.14836378,-0.07240479,False,0.0
113785.556151042,0,-0.01173979,0.011160463,0.0065494776,-0.15822335,-0.17244448,-0.07201043,False,0.0
113785.576151042,0,-0.0149534345,0.0091892965,-0.008941233,-0.15381812,-0.16266692,-0.08512447,False,0.0
113785.596151042,20000000,-0.029383987,0.010577546,-0.011711121,-0.13314386,-0.15713689,-0.08666938,False,0.0
113785.616151042,0,-0.0399739,0.009209832,-0.017730951,-0.0972791,-0.14107972,-0.09567285,False,0.0
113785.636151042,0,-0.050889626,0.013160726,-0.016631842,-0.053458422,-0.1357871,-0.10316071,False,0.0
113785.656151042,20000000,-0.045754522,0.011130517,-0.025374055,-0.02549872,-0.09780888,-0.1527752,False,0.0
113785.676151042,0,-0.04950936,0.021269238,-0.015423119,-0.0049231406,-0.09273688,-0.19505888,False,0.0
113785.696151042,0,-0.045173585,0.023668244,-0.01022625,0.012023991,-0.08925786,-0.23866564,False,0.0
113785.716151042,20000000,-0.033935666,0.024105756,-0.004131198,0.03570077,-0.093680754,-0.2680232,False,0.0
113785.736151042,0,-0.02311866,0.02436656,-0.0056815147,0.051344838,-0.081997566,-0.2848419,False,0.0
113785.756151042,0,-0.02224192,0.027806114,0.0032792091,0.0711286,-0.09710547,-0.25609395,False,0.0
113785.776151042,20000000,-0.0059179366,0.018193908,-0.0073392987,0.085943885,-0.071827725,-0.23697183,False,0.0
113785.796151042,0,-0.0077168047,0.012136465,-0.0019860864,0.12152141,-0.059663713,-0.18968278,False,0.0
113785.816151042,0,-0.0040083826,-0.0017978307,-0.013198197,0.16153905,-0.02779267,-0.15987065,False,0.0
113785.836151042,0,0.00013010204,-0.0063100997,-0.020882428,0.18569654,0.009558801,-0.14806798,False,0.0
113785.856151042,0,0.004881993,-0.007580758,-0.026306748,0.1891844,0.059560087,-0.14558429,False,0.0
113785.876151042,0,0.007202387,-0.010633964,-0.021116972,0.19587393,0.1010207,-0.14598064,False,0.0
113785.896151042,20000000,0.0040151924,-0.013252333,-0.006962359,0.20216696,0.107395954,-0.13682497,False,0.0
113785.916151042,0,0.008911744,-0.0115787815,-0.00047522783,0.18529874,0.09790751,-0.12767309,False,0.0
113785.936151042,20000000,0.013799012,-0.009911379,0.0059948564,0.16843054,0.088419065,-0.11852122,False,0.0
113785.956151042,0,0.027286947,-0.016707612,0.0061457753,0.15560223,0.09932575,-0.13596076,False,0.0
113785.976151042,0,0.036355063,-0.022466067,0.013662159,0.16527869,0.09440637,-0.1580225,False,0.0
113785.996151042,0,0.045614034,-0.022513326,0.016059816,0.16853717,0.092785254,-0.18230927,False,0.0
113786.016151042,20000000,0.052174613,-0.018762726,0.02005279,0.17035638,0.07914153,-0.20371735,False,0.0
113786.036151042,0,0.04532072,-0.010580876,0.020568788,0.15771243,0.055235222,-0.1963307,False,0.0
113786.056151042,20000000,0.028000072,-0.0054512303,0.030319571,0.1608291,-0.0088990405,-0.16117594,False,0.0
113786.076151042,0,0.028742403,-0.0033639744,0.01928258,0.1617344,-0.034045693,-0.12569904,False,0.0
113786.096151042,0,0.042665362,-0.009798935,-0.001652658,0.15403894,0.010547135,-0.12733474,False,0.0
113786.116151042,20000000,0.03271517,-0.009080479,0.0033669472,0.15433054,0.029381769,-0.1159265,False,0.0
113786.136151042,0,0.017775565,-0.008947814,0.010846674,0.15895712,0.015168443,-0.10106576,False,0.0
113786.156151042,0,0.010850295,-0.010152882,0.011827469,0.16259415,-0.007265955,-0.102189474,False,0.0
113786.176151042,20000000,0.009597763,-0.010267302,0.007787347,0.16930784,-0.0178947,-0.11728046,False,0.0
113786.196151042,0,-0.0020831227,0.0017510578,0.0052503943,0.17869118,-0.033860676,-0.11200587,False,0.0
113786.216151042,0,-0.005418822,0.01948233,-0.0026004314,0.16233547,-0.015991839,-0.09850776,False,0.0
113786.236151042,20000000,-0.0087634325,0.037213847,-0.0104650855,0.14597976,0.0018770006,-0.08500966,False,0.0
113786.256151042,40000000,-0.016408935,0.048143912,-0.010471582,0.14193569,0.01091773,-0.05904363,False,0.0
113786.276151042,0,-0.027670562,0.05527601,0.0021713376,0.18484196,-0.003424379,-0.013677388,False,0.0
113786.296151042,20000000,-0.028738156,0.060288504,0.004258454,0.24791196,-0.013851586,0.025388703,False,0.0
113786.316151042,0,-0.019644499,0.060670182,-0.0070807934,0.27918875,-0.004274455,0.03955625,False,0.0
113786.336151042,0,-0.019858345,0.062186703,-0.010042667,0.28776595,-0.0039783968,0.03725004,False,0.0
113786.356151042,20000000,-0.009500474,0.04936547,-0.0294137,0.2719845,0.04125874,-0.024681505,False,0.0
113786.376151042,0,-0.016031563,0.049678095,-0.023899913,0.24604383,0.060218416,-0.09044261,False,0.0
113786.396151042,20000000,-0.01925689,0.053023025,-0.016058564,0.21389909,0.06480311,-0.15102538,False,0.0
113786.416151042,0,-0.028461188,0.06327095,-0.0020753145,0.18424356,0.023435537,-0.16825816,False,0.0
113786.436151042,0,-0.026191339,0.063143365,-0.0021434426,0.16437715,0.009834495,-0.15175194,False,0.0
113786.456151042,0,-0.023360252,0.051716737,-0.005004227,0.14679573,0.016494816,-0.14707577,False,0.0
113786.476151042,20000000,-0.018777996,0.04324591,-0.006942451,0.12527579,0.032873392,-0.14723994,False,0.0
113786.496151042,0,-0.01830469,0.027348027,-0.017124236,0.097033374,0.070475824,-0.15364143,False,0.0
113786.516151042,0,-0.03863488,0.022844568,-0.01431036,0.052943856,0.03476697,-0.14137863,False,0.0
113786.536151042,20000000,-0.058967367,0.018340208,-0.011497259,0.008854333,-0.0009418838,-0.12911582,False,0.0
113786.556151042,40000000,-0.079341546,0.012306385,0.010215461,0.011538184,-0.09586048,-0.06698409,False,0.0
113786.576151042,0,-0.061517507,-0.00325495,-0.005779147,0.039397497,-0.102584235,-0.022604845,False,0.0
113786.596151042,0,-0.036366835,-0.011833012,-0.008245707,0.10038656,-0.07442704,0.014775742,False,0.0
113786.616151042,20000000,-0.0027223974,-0.02308239,-0.01744318,0.15873516,0.03943851,0.031772416,False,0.0
113786.636151042,0,-0.0037131011,-0.026950449,0.011105418,0.22823018,0.10816745,0.09410143,False,0.0
113786.656151042,20000000,-0.007063344,-0.033811703,0.038055003,0.27921534,0.12369206,0.17914547,False,0.0
113786.676151042,0,0.010076925,-0.047590844,0.045691013,0.28823385,0.12649956,0.23607889,False,0.0
113786.696151042,20000000,0.029545113,-0.064556144,0.028749466,0.25420395,0.14857721,0.23250744,False,0.0
113786.716151042,0,0.027314663,-0.061313197,0.02414167,0.21685612,0.14702332,0.21208242,False,0.0
113786.736151042,20000000,0.0071846694,-0.030249983,0.028858066,0.17622963,0.07970876,0.19735064,False,0.0
113786.756151042,0,0.002347827,0.010475367,0.005575478,0.096958995,0.02546801,0.14205527,False,0.0
113786.776151042,0,-0.005615473,0.05394738,-0.0081086755,4.7713518e-05,-0.027819093,0.06185677,False,0.0
113786.796151042,0,-0.0077520907,0.09072227,-0.023821771,-0.08381939,-0.0636272,-0.027822234,False,0.0
113786.816151042,0,-0.009312302,0.120424055,-0.023946464,-0.0891953,-0.04551659,-0.0791564,False,0.0
113786.836151042,20000000,-0.010867253,0.1501253,-0.024078667,-0.09457122,-0.027405983,-0.13049057,False,0.0
113786.856151042,40000000,0.0012975931,0.16514155,-0.015371859,0.0028755069,0.008759515,-0.11871777,False,0.0
113786.876151042,0,0.013146684,0.17252907,-0.015484571,0.09984721,0.056936592,-0.08655952,False,0.0
113786.896151042,0,0.009413108,0.18026578,-0.010376394,0.15604734,0.07202233,-0.022717647,False,0.0
113786.916151042,0,0.0060997456,0.18269919,0.010411143,0.18040933,0.041242883,0.0666147,False,0.0
113786.936151042,0,0.025355995,0.15531062,0.0042248964,0.17447561,0.05805225,0.097459964,False,0.0
113786.956151042,20000000,0.018916577,0.1315344,0.016202211,0.15433915,0.058166243,0.12298834,False,0.0
113786.976151042,0,0.018500283,0.09858236,0.029110193,0.13750677,0.057848975,0.12292841,False,0.0
113786.996151042,0,0.014177516,0.073059544,0.03322822,0.10747922,0.05659796,0.11858293,False,0.0
113787.016151042,20000000,0.009220347,0.042802483,0.03946179,0.09993605,0.050115537,0.12560308,False,0.0
113787.036151042,0,0.021050826,0.0072854906,0.02959001,0.105007276,0.075239226,0.12038325,False,0.0
113787.056151042,0,0.025485411,-0.013999358,0.015939236,0.08851754,0.10582993,0.10144725,False,0.0
113787.076151042,20000000,0.0077284575,-0.018844068,0.013993502,0.061617628,0.11472484,0.092089206,False,0.0
113787.096151042,0,-0.02927044,-0.0091160685,0.03952813,0.052305467,0.04478187,0.16672781,False,0.0
113787.116151042,0,-0.009421915,-0.049742818,0.019952774,0.073579475,0.08163398,0.1912017,False,0.0
113787.136151042,0,0.007588893,-0.0870357,0.007959604,0.116705835,0.13837755,0.18333325,False,0.0
113787.156151042,20000000,0.013801768,-0.09982191,-0.0018417239,0.11665383,0.21178816,0.14903954,False,0.0
113787.176151042,0,-0.0028931648,-0.09078835,0.011002004,0.08139677,0.21586308,0.11796502,False,0.0
113787.196122292,0,-0.023505995,-0.067161284,0.018628543,0.009654964,0.16253537,0.16404282,False,0.0
113787.216122292,20000000,-0.015216216,-0.07578887,0.0055253506,-0.03973729,0.13194178,0.23979256,False,0.0
113787.236122292,0,-0.0032515079,-0.07752353,-0.0140865445,-0.10093358,0.12813854,0.3102705,False,0.0
113787.256122292,20000000,-0.001833573,-0.067246005,-0.031457543,-0.17539346,0.123877004,0.4004267,False,0.0
113787.276122292,0,-0.017841801,-0.05510278,-0.043663204,-0.26047647,0.11772061,0.52698094,False,0.0
113787.296122292,0,-0.053859532,-0.04274994,-0.025621295,-0.3140694,0.052768998,0.7252915,False,0.0
113787.316122292,20000000,-0.07534295,-0.043640167,-0.023517609,-0.33745882,0.019131247,0.93449974,False,0.0
113787.336122292,0,-0.074574605,-0.054173395,-0.020902395,-0.34761092,0.057338674,1.0674096,False,0.0
113787.356122292,20000000,-0.073869586,-0.064732,-0.018308282,-0.35776302,0.0955461,1.2003195,False,0.0
113787.376122292,40000000,-0.070854664,-0.07833196,-0.011116743,-0.35913485,0.14771503,1.2779534,False,0.0
113787.396122292,0,-0.07106401,-0.087010354,0.004276037,-0.34973487,0.16711791,1.3412719,False,0.0
113787.416122292,20000000,-0.064364105,-0.10644208,0.0060909986,-0.3236018,0.17223835,1.3780433,False,0.0
113787.436122292,0,-0.049671248,-0.12375282,-0.0052821636,-0.31059298,0.19604981,1.369459,False,0.0
113787.456122292,0,-0.04352443,-0.12397139,-0.0097126365,-0.31915137,0.22387041,1.3348532,False,0.0
113787.476122292,20000000,-0.05062139,-0.1095116,0.00046765804,-0.3514408,0.21851958,1.3046811,False,0.0
113787.496122292,0,-0.066418186,-0.081821844,0.014638305,-0.41231018,0.1712626,1.3074372,False,0.0
113787.516122292,0,-0.072892144,-0.058993764,0.015640974,-0.46792576,0.11126268,1.3545517,False,0.0
113787.536122292,0,-0.06946646,-0.055217795,0.004601598,-0.49149173,0.09826108,1.4319261,False,0.0
113787.556122292,20000000,-0.06405066,-0.061460428,-0.0021708608,-0.46536344,0.1303527,1.5109164,False,0.0
113787.576122292,0,-0.065006986,-0.060419865,-0.004108429,-0.44317824,0.17103009,1.5650359,False,0.0
113787.596122292,20000000,-0.08517495,-0.055370323,0.005901277,-0.42748913,0.1439627,1.615116,False,0.0
113787.616122292,0,-0.094568714,-0.06297769,-0.0009956956,-0.4307488,0.12553975,1.6197057,False,0.0
113787.636122292,20000000,-0.09818202,-0.07948396,-0.0064561367,-0.41401464,0.12886883,1.5714962,False,0.0
113787.656122292,0,-0.10550678,-0.09309279,-0.007929444,-0.3858486,0.14053102,1.475676,False,0.0
113787.676122292,20000000,-0.113889664,-0.0962648,-0.013802886,-0.3712605,0.14843236,1.3581614,False,0.0
113787.696122292,0,-0.124704584,-0.09817457,-0.010044515,-0.3381223,0.13173494,1.2467738,False,0.0
113787.716122292,20000000,-0.12399019,-0.10330692,-0.011254489,-0.27088436,0.12161308,1.1380693,False,0.0
113787.736122292,0,-0.10814723,-0.102927245,-0.02177763,-0.2132439,0.14243065,1.0095607,False,0.0
113787.756122292,20000000,-0.09571728,-0.089736514,-0.026185334,-0.18870182,0.1626089,0.86778444,False,0.0
113787.776122292,0,-0.09024069,-0.07531431,-0.028921843,-0.18620262,0.16756396,0.73492396,False,0.0
113787.796122292,0,-0.096582666,-0.0686873,-0.020247757,-0.17216241,0.12625003,0.6424228,False,0.0
113787.816122292,0,-0.08558397,-0.07626454,-0.025967598,-0.13529608,0.12005445,0.55696017,False,0.0
113787.836122292,20000000,-0.09237017,-0.06601884,-0.005375266,-0.08169295,0.0559669,0.52451825,False,0.0
113787.856122292,0,-0.07904197,-0.05649689,-0.00700438,-0.04848732,0.03463396,0.48202083,False,0.0
113787.876122292,0,-0.07122597,-0.038777478,-0.008036315,-0.04464995,0.045195058,0.44770542,False,0.0
113787.896122292,20000000,-0.07410851,-0.028888427,-0.0033848882,-0.042992502,0.039363213,0.42730218,False,0.0
113787.916122292,0,-0.076931894,-0.028515816,-0.0064582825,-0.027622204,0.034581427,0.44344276,False,0.0
113787.936122292,20000000,-0.07986531,-0.035094827,-0.010560393,0.01065591,0.037414867,0.48955068,False,0.0
113787.956122292,0,-0.078308016,-0.052330196,-0.015342414,0.050347183,0.062485382,0.48251945,False,0.0
113787.976122292,20000000,-0.076702625,-0.06957859,-0.0201329,0.090038456,0.0875559,0.47548825,False,0.0
113787.996122292,40000000,-0.07504943,-0.086840495,-0.024931848,0.12972972,0.11262642,0.468457,False,0.0
113788.016122292,0,-0.088856325,-0.101286516,-0.020400047,0.18033306,0.104936555,0.37168592,False,0.0
113788.036122292,20000000,-0.10261749,-0.11573744,-0.015889943,0.23093641,0.09724669,0.2749148,False,0.0
113788.056122292,40000000,-0.116175696,-0.114752814,-0.009286284,0.29784882,0.059090894,0.19102666,False,0.0
113788.076122292,0,-0.1142254,-0.09492919,-0.011259198,0.33691108,0.03987888,0.13458225,False,0.0
113788.096122292,0,-0.0993768,-0.060524598,-0.019809723,0.30867782,0.05944492,0.11148383,False,0.0
113788.116122292,0,-0.08888662,-0.021353304,-0.015452087,0.2309902,0.07030322,0.14495978,False,0.0
113788.136122292,0,-0.07275356,-0.0017857701,-0.017944515,0.14109069,0.13133232,0.2444767,False,0.0
113788.156122292,20000000,-0.056595787,0.017779231,-0.0204525,0.051191203,0.19236143,0.3439936,False,0.0
113788.176122292,0,-0.0446482,0.01312691,-0.021658123,0.0039624833,0.27184457,0.47068244,False,0.0
113788.196122292,20000000,-0.055972263,0.013877168,-0.009633899,-0.024380421,0.29114753,0.6379375,False,0.0
113788.216122292,0,-0.052203164,0.022603944,-0.01592958,-0.097247705,0.31343436,0.79256654,False,0.0
113788.236122292,20000000,-0.052915648,0.038120344,-0.016944706,-0.20164391,0.31299138,0.96014637,False,0.0
113788.256122292,0,-0.05358085,0.05465041,-0.0210616,-0.3280018,0.3346842,1.1428902,False,0.0
113788.276122292,20000000,-0.07874885,0.0867545,-0.010528982,-0.44430846,0.2944467,1.4276605,False,0.0
113788.296122292,0,-0.085929796,0.11133475,-0.01940012,-0.5536587,0.2598914,1.7929447,False,0.0
113788.316122292,0,-0.07805166,0.1127786,-0.026047766,-0.6444283,0.2372338,2.159884,False,0.0
113788.336122292,0,-0.058634713,0.09391454,-0.0317266,-0.7205033,0.26580638,2.4676194,False,0.0
113788.356122292,20000000,-0.043954924,0.06698525,-0.035603285,-0.78589296,0.3394124,2.702409,False,0.0
113788.376122292,0,-0.030429348,0.035136,-0.037742794,-0.84596276,0.44078416,2.8530316,False,0.0
113788.396122292,0,-0.034356654,0.010161966,-0.028346777,-0.90661144,0.5486828,2.9501944,False,0.0
113788.416122292,0,-0.046795204,-0.009676978,0.0013193488,-0.9346127,0.584452,3.0350688,False,0.0
113788.436122292,0,-0.05478388,-0.030668095,0.0056417584,-0.9690989,0.6301937,3.0878363,False,0.0
113788.456122292,20000000,-0.07445109,-0.040280342,0.02305758,-0.99579644,0.61678827,3.1231637,False,0.0
113788.476122292,0,-0.105578914,-0.04058723,0.025247216,-1.0446123,0.56831187,3.1420991,False,0.0
113788.496122292,0,-0.13052678,-0.04263197,0.009377778,-1.0872377,0.51388097,3.1632175,False,0.0
113788.516122292,20000000,-0.1269408,-0.058112845,-0.016269147,-1.094456,0.5376725,3.1543744,False,0.0
113788.536122292,0,-0.10660905,-0.083784506,-0.020619452,-1.0653566,0.5768988,2.9723456,False,0.0
113788.556122292,20000000,-0.08665858,-0.10934305,-0.025128722,-1.0362573,0.6161251,2.7903168,False,0.0
113788.576122292,40000000,-0.067080095,-0.13476261,-0.029798567,-1.0071579,0.6553514,2.6082883,False,0.0
113788.596122292,0,-0.070550635,-0.15473226,-0.013293147,-0.919311,0.63597995,2.3039734,False,0.0
113788.616122292,20000000,-0.06824595,-0.17262581,-0.00381279,-0.7597323,0.5932666,1.9473954,False,0.0
113788.636122292,0,-0.06416349,-0.16863644,0.009988904,-0.5703592,0.5137867,1.5899389,False,0.0
113788.656122292,20000000,-0.06341618,-0.14019787,0.021567643,-0.39087993,0.39727378,1.2818068,False,0.0
113788.676122292,0,-0.04673302,-0.10974396,0.0116407275,-0.2524831,0.32473463,1.0016192,False,0.0
113788.696122292,0,-0.03717746,-0.093254104,0.00017493963,-0.15487157,0.2856759,0.7563222,False,0.0
113788.716122292,20000000,-0.027595386,-0.076712266,-0.011305213,-0.057260036,0.2466172,0.5110252,False,0.0
113788.736122292,0,-0.02740419,-0.06231849,-0.016829848,0.024621226,0.24120766,0.32729083,False,0.0
113788.756122292,20000000,-0.025963038,-0.0530193,-0.015781045,0.092139706,0.23757745,0.17780676,False,0.0
113788.776122292,0,-0.026606798,-0.04374665,-0.009763777,0.15207513,0.2518584,0.06625136,False,0.0
113788.796122292,20000000,-0.024196506,-0.037860975,-0.0027558804,0.20454034,0.27049327,-0.013079993,False,0.0
113788.816122292,0,-0.020307034,-0.030341312,0.00080543756,0.23778522,0.29162848,-0.07202324,False,0.0
113788.836122292,0,-0.01809138,-0.016761303,0.0034185648,0.24443513,0.3205962,-0.09555772,False,0.0
113788.856122292,0,-0.016319096,0.0007558018,0.0072031617,0.23282935,0.31424016,-0.06685549,False,0.0
113788.876122292,20000000,-0.014539421,0.01825349,0.010935903,0.22122356,0.3078841,-0.038153253,False,0.0
113788.896122292,0,-0.010283023,0.03568311,0.010656893,0.18500134,0.27819932,0.015570283,False,0.0
113788.916122292,20000000,-0.004751295,0.03875166,0.0010213852,0.14502327,0.2886412,0.0765071,False,0.0
113788.936122292,0,-0.0076633096,0.028881714,0.002564311,0.13385044,0.29846668,0.14635378,False,0.0
113788.956122292,20000000,-0.026025236,0.036608577,0.015636742,0.15027292,0.26328745,0.26658538,False,0.0
113788.976122292,0,-0.023241252,0.03718555,0.010681689,0.15564276,0.23542133,0.36791798,False,0.0
113788.996122292,0,-0.013153851,0.025453478,-0.0011225343,0.13525425,0.24366714,0.41639647,False,0.0
113789.016122292,20000000,-0.013549,0.008690402,0.0024048686,0.1210725,0.23002072,0.4255574,False,0.0
113789.036122292,0,-0.014499009,-0.020796493,0.0014571548,0.1425844,0.21924113,0.37733892,False,0.0
113789.056122292,20000000,-0.011490822,-0.031738207,0.0071372986,0.18569773,0.20066497,0.32590258,False,0.0
113789.076122292,0,-0.006684631,-0.036402613,0.003271103,0.2204396,0.19192827,0.25989756,False,0.0
113789.096122292,20000000,-0.0073893964,-0.031342283,0.008357704,0.24035841,0.18108775,0.19044061,False,0.0
113789.116122292,0,-0.01067391,-0.025776625,0.01666224,0.26558208,0.14662232,0.14940687,False,0.0
113789.136122292,0,-0.008834064,-0.019232765,0.013296664,0.2697304,0.14721042,0.14523031,False,0.0
113789.156122292,20000000,-0.0069707334,-0.01269567,0.00989157,0.2738787,0.14779852,0.14105377,False,0.0
113789.176122292,40000000,-0.0050836504,-0.0061657727,0.0064471364,0.27802703,0.14838664,0.13687721,False,0.0
113789.196122292,60000000,-0.012841791,-0.0018496811,0.007492006,0.2967296,0.13126749,0.15297198,False,0.0
113789.216122292,0,-0.018954486,0.00544326,0.0077551007,0.31795624,0.12751219,0.19186795,False,0.0
113789.236122292,0,-0.020064443,0.010975361,0.0020935535,0.3336989,0.13525277,0.24490212,False,0.0
113789.256122292,20000000,-0.025502741,0.010958999,0.0041974783,0.3666355,0.115863055,0.28712696,False,0.0
113789.276122292,0,-0.015442222,0.0009937882,-0.0031837225,0.41710398,0.12978625,0.32220927,False,0.0
113789.296122292,20000000,-0.014656931,-0.005870521,-0.0069802403,0.46574095,0.15336144,0.33692998,False,0.0
113789.316122292,0,-0.025353521,-0.001804173,0.005598545,0.52508456,0.14080581,0.3750288,False,0.0
113789.336122292,0,-0.02880162,0.00070506334,0.0078083873,0.5505845,0.0913472,0.40462667,False,0.0
113789.356122292,0,-0.01048103,-0.020386368,-0.005102515,0.57963395,0.10898042,0.37523204,False,0.0
113789.376122292,0,-0.009743571,-0.0134572685,-0.0050418973,0.57338154,0.09783655,0.33341333,False,0.0
113789.396122292,20000000,-0.0027216375,-0.009802312,-0.0118258,0.54352725,0.12139072,0.26872578,False,0.0
113789.416122292,0,-0.015139163,-0.0065360963,0.0074641705,0.52146363,0.07605864,0.22908391,False,0.0
113789.436122292,20000000,-0.009995699,0.0005081296,0.0036506057,0.4726619,0.047692064,0.19140862,False,0.0
113789.456122292,0,-0.0049901605,-0.0011975169,0.0040456057,0.40987614,0.04373713,0.15567526,False,0.0
113789.476122292,20000000,4.1663647e-05,-0.0029280782,0.004380882,0.34709033,0.039782196,0.119941905,False,0.0
113789.496122292,0,0.003186047,-0.0053714216,0.0062909126,0.28571764,0.01872168,0.055438712,False,0.0
113789.516122292,0,0.0010442734,-0.004733622,0.015405595,0.22190735,-0.017839769,-0.00087157637,False,0.0
113789.536122292,0,0.0033813715,-0.006230414,0.022307873,0.15089008,-0.04855537,-0.037880886,False,0.0
113789.556122292,20000000,0.00032556057,-0.004511565,0.014437556,0.07262677,-0.058286764,-0.02840516,False,0.0
113789.576122292,0,0.0068908036,-0.022470564,0.024437785,0.066124596,-0.06843265,-0.020141989,False,0.0
113789.596122292,0,0.012322515,-0.02162686,0.019797623,0.04446724,-0.07149779,-0.03290305,False,0.0
113789.616101583,0,0.007730385,-0.018615069,0.016105432,0.049667038,-0.04712176,-0.016602572,False,0.0
113789.636101583,20000000,0.001624167,-0.019147873,0.016958952,0.05839134,-0.053707276,-0.012818549,False,0.0
113789.656101583,0,0.002408415,-0.016625136,0.009687424,0.05744405,-0.049311936,-0.020628396,False,0.0
113789.676101583,0,0.0019666553,-0.005474776,0.005460322,0.054528847,-0.035978273,-0.0069424454,False,0.0
113789.696101583,0,-0.00130409,-0.00081014633,0.0040180683,0.064402685,-0.01833639,0.023852903,False,0.0
113789.716101583,0,-0.002114296,0.004945874,0.00541085,0.07597402,-0.003733296,0.06769573,False,0.0
113789.736101583,0,-0.0005173087,-0.0012496412,0.0041688085,0.07555255,0.0019135019,0.06643435,False,0.0
113789.756101583,20000000,0.001083225,-0.007447183,0.0029233694,0.07513109,0.0075602992,0.06517298,False,0.0
113789.776101583,40000000,0.0005402565,-0.016445786,0.007863045,0.08537235,0.00455847,0.0555561,False,0.0
113789.796101583,0,-0.0004837811,-0.023576051,0.012458682,0.10900791,0.0029488106,0.049413614,False,0.0
113789.816101583,0,-0.0015607476,-0.019182444,0.014188468,0.13415416,0.0013784628,0.053746175,False,0.0
113789.836101583,20000000,-0.0023716688,-0.011234909,0.0121046305,0.14612897,-0.005490609,0.063473545,False,0.0
113789.856101583,0,-0.0028280914,-0.008578479,0.009311199,0.15249762,-0.012830444,0.06914942,False,0.0
113789.896101583,0,-0.0041443408,-0.0077334642,0.012083173,0.18847951,-0.014219352,0.074296355,False,0.0
113789.916101583,0,-0.0032947361,-0.0027499497,0.008739948,0.18266356,-0.016564175,0.079573885,False,0.0
113789.936101583,20000000,-0.0025683045,-0.0032718778,0.00624305,0.17253299,-0.015179232,0.07776704,False,0.0
113789.956101583,0,-0.0029307008,-0.0028864741,0.0038106441,0.14947641,-0.009198737,0.07611,False,0.0
113789.976101583,20000000,-0.004869014,-0.009624213,0.0061734915,0.14613272,-0.0025540777,0.07323796,False,0.0
113789.996101583,0,-0.0074465573,-0.01811114,0.009936988,0.16551289,0.0014637001,0.064410985,False,0.0
113790.016101583,0,-0.011133283,-0.012791872,0.014259636,0.18589428,-0.011710513,0.07054885,False,0.0
113790.036101583,20000000,-0.010064244,-0.0012772381,0.011194825,0.17954086,-0.0141056385,0.08460529,False,0.0
113790.056101583,0,-0.008573085,0.005607933,0.0071754456,0.14366934,-0.022685423,0.10094912,False,0.0
113790.076101583,20000000,-0.0024034977,0.0016271174,-3.349781e-05,0.0994636,-0.0155683085,0.111203596,False,0.0
113790.096101583,0,0.005896926,-0.01376605,-0.004458308,0.061835214,0.013074916,0.09306699,False,0.0
113790.116101583,20000000,0.0020841956,-0.021380186,0.0018574595,0.038183935,0.03140381,0.06799564,False,0.0
113790.136101583,0,-0.0053991973,-0.019954324,0.010208428,0.014621386,0.025889657,0.03826703,False,0.0
113790.156101583,0,-0.0066795647,-0.014241129,0.01551497,-0.009545736,0.010795009,0.02608218,False,0.0
113790.176101583,20000000,-0.0039717853,-0.0148950815,0.013330221,-0.048677664,0.008786779,0.009788582,False,0.0
113790.196101583,0,-0.0026325583,-0.015236437,0.01480335,-0.09166907,-0.009137182,-0.010801209,False,0.0
113790.216101583,20000000,-0.00046801567,-0.020503908,0.0171417,-0.12171,-0.018865759,-0.03337818,False,0.0
113790.236101583,0,-0.0015400946,-0.017481744,0.015561283,-0.15744631,-0.027986411,-0.045518648,False,0.0
113790.256101583,0,-0.003453225,-0.015046626,0.01429981,-0.20672779,-0.030070456,-0.06313476,False,0.0
113790.276101583,20000000,-0.00536108,-0.012618154,0.013025403,-0.25600928,-0.0321545,-0.08075087,False,0.0
113790.296101583,40000000,-0.005528152,-0.015632391,0.011566818,-0.3184344,-0.03781976,-0.0959588,False,0.0
113790.316101583,0,-0.0053777993,-0.028078943,0.016480148,-0.35914606,-0.042120375,-0.12088368,False,0.0
113790.336101583,20000000,-0.005687475,-0.033124566,0.020934105,-0.38483152,-0.046103187,-0.14897023,False,0.0
113790.356101583,0,-0.007172972,-0.026612252,0.018133283,-0.4143458,-0.052003495,-0.1642269,False,0.0
113790.376101583,20000000,-0.008630335,-0.02012828,0.015274942,-0.44386005,-0.057903808,-0.17948358,False,0.0
113790.396101583,0,-0.0071356893,-0.019932926,0.015394151,-0.43924162,-0.05799733,-0.19078396,False,0.0
113790.416101583,0,-0.005140871,-0.013743669,0.008199155,-0.43113264,-0.04873284,-0.19905482,False,0.0
113790.436101584,0,-0.009961188,-0.0067567527,0.010145485,-0.41846058,-0.05433355,-0.19453932,False,0.0
113790.456101584,20000000,-0.012843937,-0.010735065,0.014505923,-0.39455613,-0.071688,-0.19928762,False,0.0
113790.476101584,0,-0.014004141,-0.014071196,0.012894452,-0.38210958,-0.06886025,-0.21484381,False,0.0
113790.496101584,0,-0.008919746,-0.009158373,0.0037430525,-0.40260518,-0.029195976,-0.24232978,False,0.0
113790.516101584,20000000,-0.003796786,-0.0042708814,-0.0054650903,-0.42310077,0.010468297,-0.26981574,False,0.0
113790.536101584,0,-0.017653167,0.00242427,0.0060917735,-0.44529748,-0.0127930585,-0.27201068,False,0.0
113790.556101584,20000000,-0.00087344646,0.0017232895,-0.0072832704,-0.48579213,0.047922865,-0.26119718,False,0.0
113790.576101584,0,0.00035968423,-0.009618729,0.00755769,-0.44927976,0.038212746,-0.31143934,False,0.0
113790.596101584,0,-0.006899655,-0.029189855,0.024592519,-0.32723707,-0.07743731,-0.46921164,False,0.0
113790.616101584,0,-0.01363641,-0.03330639,0.033693373,-0.15274836,-0.23897086,-0.61909264,False,0.0
113790.636101584,0,-0.0021404922,-0.032536894,0.021733701,0.033441693,-0.35483387,-0.7908406,False,0.0
113790.656101584,0,0.00047540665,-0.040124,0.030916154,0.2655139,-0.48345238,-0.9440613,False,0.0
113790.676101584,0,0.00016075373,-0.07755309,0.040734828,0.5648116,-0.6352529,-1.2256484,False,0.0
113790.696101584,0,-0.020557553,-0.11910835,0.05915755,0.9594879,-0.9137832,-1.5743141,False,0.0
113790.716101584,20000000,-0.041475713,-0.1604451,0.07733166,1.3541644,-1.1923136,-1.9229798,False,0.0
113790.736101584,0,-0.062502146,-0.20179683,0.060233057,1.8626666,-1.4779109,-2.383521,False,0.0
113790.756101584,20000000,-0.108803466,-0.22751495,0.032895803,2.4468756,-1.7710953,-2.9083414,False,0.0
113790.776101584,0,-0.17024346,-0.22299203,-0.0052600503,3.0989246,-2.0759883,-3.392575,False,0.0
113790.796101584,0,-0.22909743,-0.17468828,-0.0847469,3.6596205,-2.3467102,-3.7875705,False,0.0
113790.816101584,20000000,-0.253364,-0.07591447,-0.19279194,4.0086093,-2.4175246,-4.000247,False,0.0
113790.836101584,0,-0.28246796,0.09383452,-0.26479077,4.1672792,-2.3618307,-3.7913716,False,0.0
113790.856101584,20000000,-0.22129458,0.28518897,-0.34536946,4.0752974,-2.070019,-3.2373424,False,0.0
113790.876101584,0,-0.08076471,0.5066108,-0.42530453,3.7389107,-1.4409056,-2.28722,False,0.0
113790.896101584,0,0.07735336,0.6542133,-0.464944,3.2715807,-0.49047017,-1.0827717,False,0.0
113790.916101584,20000000,0.14098093,0.67378557,-0.3965943,2.8437088,0.4464147,0.16255665,False,0.0
113790.936101584,0,0.13113603,0.6429511,-0.2779385,2.4317105,1.1682136,1.3269463,False,0.0
113790.956101584,0,0.07943943,0.53170526,-0.16045594,2.0242906,1.6423527,2.2357802,False,0.0
113790.976101584,20000000,0.007935047,0.3924756,-0.0345127,1.7028816,1.810718,2.880912,False,0.0
113790.996101584,0,-0.03422375,0.23694241,0.051805526,1.4388536,1.812009,3.233787,False,0.0
113791.016101584,20000000,-0.04973595,0.023253024,0.117586285,1.2549148,1.6750308,3.1232493,False,0.0
113791.036101584,0,-0.06556176,-0.18466341,0.17281583,1.1518407,1.374445,2.5877318,False,0.0
113791.056101584,20000000,-0.075946,-0.33871478,0.194244,1.1194288,0.9880041,1.7278757,False,0.0
113791.076101584,0,-0.11535733,-0.35379815,0.20896798,1.1246578,0.49213487,0.9131588,False,0.0
113791.096101584,20000000,-0.12847227,-0.27435875,0.18140021,1.1125951,0.035729736,0.33704478,False,0.0
113791.116101584,0,-0.09709057,-0.1728034,0.105988026,1.0272975,-0.20280282,0.0033626854,False,0.0
113791.136101584,0,-0.061252084,-0.087911546,0.028278917,0.8674902,-0.2452231,-0.119701385,False,0.0
113791.156101584,20000000,-0.024033546,-0.037163317,-0.023360401,0.65066314,-0.12709104,-0.13160257,False,0.0
113791.176101584,0,-0.018064901,-0.00030827522,-0.013525724,0.4416633,-0.028017677,-0.07442788,False,0.0
113791.196101584,0,-0.024213016,0.04005909,-0.0011764765,0.2225462,0.008148335,0.07827533,False,0.0
113791.216101584,20000000,-0.018470459,0.024538934,0.009128958,0.04111223,0.039481558,0.17058602,False,0.0
113791.236101584,0,-0.022511214,0.0005466342,0.01924643,-0.04942681,0.0030331016,0.12645757,False,0.0
113791.256101584,20000000,-0.026553571,-0.023460567,0.029362649,-0.13996586,-0.03341536,0.08232913,False,0.0
113791.276101584,40000000,-0.030597493,-0.04748255,0.039477378,-0.2305049,-0.06986381,0.038200688,False,0.0
113791.296101584,0,-0.032578126,-0.047824383,0.030185938,-0.296494,-0.09717991,-0.049109656,False,0.0
113791.316101584,20000000,-0.041771904,-0.04387492,0.03512296,-0.3271883,-0.15013856,-0.12790205,False,0.0
113791.336101584,0,-0.042135537,-0.03335476,0.030598879,-0.32222918,-0.17980736,-0.16496427,False,0.0
113791.356101584,20000000,-0.039029304,-0.029208422,0.02396378,-0.29163837,-0.2224602,-0.1964973,False,0.0
113791.376101584,0,-0.0137896985,-0.012947857,-0.004789561,-0.2795034,-0.21750392,-0.2363318,False,0.0
113791.396101584,20000000,-0.008150078,0.020464301,-0.016824633,-0.24011531,-0.22182876,-0.21895595,False,0.0
113791.416101584,0,-0.012902185,0.051465094,-0.005812049,-0.08721556,-0.25365967,-0.14802974,False,0.0
113791.436101584,0,-0.016228124,0.083133996,-0.018689156,0.11074565,-0.30072093,-0.04190494,False,0.0
113791.456101584,0,-0.00014663488,0.10918808,-0.060949564,0.2864504,-0.27210733,0.07397247,False,0.0
113791.476101584,0,0.0077709705,0.1703031,-0.117399275,0.4218853,-0.17717862,0.31524345,False,0.0
113791.496101584,20000000,0.03113287,0.29167706,-0.22193551,0.41852245,0.231969,0.89232254,False,0.0
113791.516101584,0,0.061380956,0.28134483,-0.25421762,0.40884417,0.77998406,1.4731638,False,0.0
113791.536101584,0,0.046468593,0.0133318305,-0.14632747,0.5777022,0.86628634,0.8836156,False,0.0
113791.556101584,20000000,0.031940963,-0.2551732,-0.038120657,0.74656034,0.9525887,0.29406738,False,0.0
113791.576101584,40000000,0.017778115,-0.5241763,0.070417345,0.9154184,1.038891,-0.2954809,False,0.0
113791.596101584,60000000,-0.23821697,-0.5413153,0.30902022,1.4545038,-0.017670512,-1.3086495,False,0.0
113791.616101584,0,-0.28766975,-0.44150627,0.27939114,1.9087552,-0.94124186,-2.1613626,False,0.0
113791.636101584,0,-0.23314443,-0.1772567,0.06447421,1.8378544,-1.2649939,-2.4794621,False,0.0
113791.656101584,20000000,-0.1621303,0.15068758,-0.10740751,1.3256094,-1.0947157,-2.0351686,False,0.0
113791.676101584,0,-0.051695988,0.36597425,-0.16660243,0.68026435,-0.6997504,-1.0798476,False,0.0
113791.696101584,0,0.1047637,0.36529815,-0.1747887,0.104016244,-0.07390809,-0.20489347,False,0.0
113791.716101584,0,0.12585768,0.2821566,-0.06999202,-0.26372012,0.2949623,0.4811753,False,0.0
113791.736101584,20000000,0.10356143,0.13960081,0.022899806,-0.4415244,0.3596442,0.7579885,False,0.0
113791.756101584,0,0.049874783,-0.0074321628,0.097663715,-0.45462358,0.19671366,0.7185723,False,0.0
113791.776101584,0,-0.01014936,-0.09042698,0.11980806,-0.3575589,-0.080768466,0.5255706,False,0.0
113791.796101584,0,-0.038906515,-0.10233474,0.09291299,-0.17779188,-0.35490537,0.23912945,False,0.0
113791.816101584,0,-0.053042963,-0.095393956,0.05617474,-0.04139343,-0.56881917,0.00018113852,False,0.0
113791.836101584,0,-0.035853535,-0.059165537,0.02634257,-0.07857693,-0.5491205,-0.05194698,False,0.0
113791.856101584,20000000,-0.018631004,-0.02294141,-0.0034861863,-0.11576043,-0.5294218,-0.10407509,False,0.0
113791.876101584,40000000,-0.0013754219,0.013278544,-0.03331186,-0.15294394,-0.50972307,-0.15620321,False,0.0
113791.896101584,60000000,0.026627272,0.018779337,-0.029702574,-0.19995576,-0.39256245,-0.15722214,False,0.0
113791.916101584,0,0.028104752,0.043432295,-0.023352131,-0.2663212,-0.26645416,-0.061821833,False,0.0
113791.936101584,0,0.011060998,0.039596498,-0.0031685382,-0.34317955,-0.19720338,0.041140497,False,0.0
113791.956101584,20000000,-0.0012109429,-0.02119267,0.030770257,-0.43261802,-0.19701353,0.001460705,False,0.0
113791.976101584,0,-0.02932866,-0.1021992,0.07530999,-0.5703181,-0.29307103,-0.22296697,False,0.0
113791.996101584,20000000,-0.07617594,-0.18124539,0.123428926,-0.7463012,-0.51318336,-0.59455514,False,0.0
113792.016101584,0,-0.100358605,-0.22575784,0.14689511,-0.9802469,-0.88495576,-1.02324,False,0.0
113792.035975917,0,-0.061623853,-0.24091187,0.103985354,-1.2889745,-1.0588241,-1.5132389,False,0.0
113792.055975917,0,-0.07008492,-0.20354164,0.10306634,-1.613761,-1.225259,-1.8714871,False,0.0
113792.075975917,0,-0.09337981,-0.16476774,0.10978159,-1.8978785,-1.3843066,-2.18738,False,0.0
113792.095975917,0,-0.10678619,-0.12809587,0.103242785,-2.1476746,-1.4733033,-2.459084,False,0.0
113792.115975917,0,-0.122887686,-0.09222704,0.101116866,-2.3349092,-1.5396687,-2.6683319,False,0.0
113792.135975917,20000000,-0.12883313,-0.0535599,0.08738792,-2.5177395,-1.5553417,-2.8390446,False,0.0
113792.155975917,0,-0.13624439,-0.01627034,0.07252169,-2.676834,-1.5292242,-2.9709778,False,0.0
113792.175975917,20000000,-0.15052854,0.0151228905,0.08351332,-2.754508,-1.500626,-3.041132,False,0.0
113792.195975917,0,-0.16159908,0.03303188,0.0962531,-2.7481894,-1.468198,-3.0489833,False,0.0
113792.215975917,20000000,-0.16345415,0.04785627,0.10125589,-2.678296,-1.3959433,-2.9957173,False,0.0
113792.235975917,0,-0.16378796,0.06710732,0.10640514,-2.5433795,-1.3249807,-2.884557,False,0.0
113792.255975917,0,-0.1549631,0.08039063,0.085265994,-2.3781238,-1.2282772,-2.7263255,False,0.0
113792.275975917,20000000,-0.1394414,0.094698966,0.06194985,-2.199917,-1.1225235,-2.535954,False,0.0
113792.295975917,0,-0.11675975,0.105536416,0.035782218,-2.0207872,-1.026938,-2.314716,False,0.0
113792.315975917,20000000,-0.08582947,0.1151163,-0.003316164,-1.8764807,-0.8964734,-2.0876818,False,0.0
113792.335975917,0,-0.06271124,0.11711384,-0.029746234,-1.7323233,-0.76821023,-1.846216,False,0.0
113792.355975917,0,-0.037983775,0.09538131,-0.041994154,-1.5594497,-0.6614787,-1.6557162,False,0.0
113792.375975917,20000000,-0.015918493,0.08492332,-0.056765616,-1.4205503,-0.5411239,-1.5081507,False,0.0
113792.395975917,0,-0.0137937665,0.068949126,-0.04732263,-1.2483163,-0.4324357,-1.3524151,False,0.0
113792.415975917,20000000,-0.014334172,0.05340465,-0.042935133,-1.059942,-0.3539665,-1.2121407,False,0.0
113792.435975917,0,-0.017398417,0.039084103,-0.04259652,-0.9028044,-0.2794723,-1.0349747,False,0.0
113792.455975917,20000000,-0.019948095,0.024779644,-0.042713344,-0.7456667,-0.20497805,-0.85780865,False,0.0
113792.475975917,40000000,-0.02585864,0.014301076,-0.042607903,-0.60538715,-0.13257448,-0.6955941,False,0.0
113792.495975917,0,-0.039351642,0.026949845,-0.02961123,-0.51100504,-0.09768368,-0.52324796,False,0.0
113792.515975917,20000000,-0.0333654,0.025772016,-0.029055536,-0.44122037,-0.0791824,-0.39765573,False,0.0
113792.535975917,0,-0.025452465,0.002324351,-0.039407253,-0.35910773,-0.030948233,-0.3579665,False,0.0
113792.555975917,0,-0.03898868,-0.0064601246,-0.037249625,-0.29032648,0.0040930435,-0.32509938,False,0.0
113792.575975917,0,-0.055600315,-0.020758167,-0.028731525,-0.21625596,0.010612199,-0.29478145,False,0.0
113792.595975917,0,-0.06001094,-0.04076802,-0.023495436,-0.14513478,0.0030539418,-0.31397897,False,0.0
113792.615975917,0,-0.05969286,-0.04024089,-0.01974678,-0.10871062,0.003760931,-0.34001845,False,0.0
113792.635975917,20000000,-0.047095805,-0.047508426,-0.01824832,-0.08518724,0.013209096,-0.4002233,False,0.0
113792.655975917,0,-0.028075874,-0.063126355,-0.023349822,-0.057189453,0.047422796,-0.49327168,False,0.0
113792.675975917,20000000,-0.010652989,-0.07836002,-0.029737592,0.0048243366,0.09422153,-0.5867414,False,0.0
113792.695975917,0,-0.007212639,-0.10465492,-0.030431688,0.082548514,0.1562176,-0.70347905,False,0.0
113792.715975917,0,-0.030623823,-0.12954617,-0.01914233,0.19806421,0.16326971,-0.82554203,False,0.0
113792.735975917,20000000,-0.0644463,-0.15628555,-0.009499371,0.3009462,0.12339045,-1.0080794,False,0.0
113792.755975917,0,-0.088498086,-0.19539243,-0.005224943,0.3580504,0.086891934,-1.3232223,False,0.0
113792.775975917,20000000,-0.12830219,-0.22401266,0.005833328,0.3906467,0.0113436505,-1.7049148,False,0.0
113792.795975917,0,-0.18815191,-0.21779309,0.020273387,0.40454656,-0.12968698,-2.0147076,False,0.0
113792.815975917,0,-0.21973458,-0.18936007,0.009506583,0.4098385,-0.23909602,-2.1966805,False,0.0
113792.835975917,0,-0.20694074,-0.13736588,-0.024908483,0.36404157,-0.25759378,-2.2846267,False,0.0
113792.855975917,0,-0.17513621,-0.0664581,-0.05654204,0.26885283,-0.1743541,-2.2313082,False,0.0
113792.875975917,20000000,-0.14409229,-0.020503215,-0.06802744,0.17357594,-0.10005177,-2.1640463,False,0.0
113792.895975917,0,-0.11658841,0.016525298,-0.05407083,0.09065322,-0.058459934,-2.0041494,False,0.0
113792.915975917,0,-0.09325978,0.03490664,-0.054597855,0.0007289499,0.006271731,-1.7871207,False,0.0
113792.935975917,20000000,-0.08094911,0.049044624,-0.037392437,-0.07622367,0.008385942,-1.5312622,False,0.0
113792.955975917,0,-0.059719563,0.033645675,-0.020253897,-0.0993872,-0.039107516,-1.3451873,False,0.0
113792.975975917,0,-0.023128837,0.019646943,-0.025057614,-0.12632763,-0.012247799,-1.2399042,False,0.0
113792.995975917,0,-0.008815855,0.021967098,-0.033759832,-0.16916543,0.054386184,-1.1815615,False,0.0
113793.015975917,20000000,-0.023881942,0.0415584,-0.019079328,-0.23756763,0.09498228,-1.1226573,False,0.0
113793.035975917,0,-0.030773044,0.04539855,-0.0020443797,-0.22344558,0.06930946,-1.0190971,False,0.0
113793.055975917,20000000,-0.03747019,0.049305126,0.014962375,-0.20932354,0.04363664,-0.91553694,False,0.0
113793.075975917,40000000,-0.046431124,0.057569697,0.01804912,-0.17191423,-0.01005936,-0.8561889,False,0.0
113793.095975917,0,-0.030700594,0.1029467,-0.0052208304,-0.18598703,0.013336729,-0.78529817,False,0.0
113793.115975917,0,-0.025500625,0.13020603,-0.009216428,-0.18927164,0.043647178,-0.6955653,False,0.0
113793.135975917,0,-0.023489267,0.13368407,0.00015062094,-0.13578872,0.04557238,-0.60392284,False,0.0
113793.155975917,0,-0.022590637,0.14102943,0.006366968,-0.0789966,0.044916585,-0.5090983,False,0.0
113793.175975917,20000000,-0.023338169,0.14777008,0.010917187,-0.04876688,0.026753977,-0.39543754,False,0.0
113793.195975917,0,-0.0141375065,0.13877521,0.007573843,-0.041555732,0.0243905,-0.3134916,False,0.0
113793.215975917,20000000,-0.00582397,0.13929722,0.0075120926,-0.06509827,0.03219645,-0.23791412,False,0.0
113793.235975917,0,0.007932872,0.1270706,0.008856833,-0.08143203,0.05318031,-0.20898493,False,0.0
113793.255975917,0,0.00011956692,0.1295602,0.016937256,-0.11135652,0.051707618,-0.17917056,False,0.0
113793.275975917,20000000,-0.015846342,0.13138819,0.034032226,-0.13675189,-0.009506516,-0.13939002,False,0.0
113793.295975917,0,-0.013846219,0.11673474,0.033886433,-0.14153123,-0.057385642,-0.11021699,False,0.0
113793.315975917,20000000,0.0010929406,0.09084967,0.02132821,-0.13752179,-0.06271463,-0.13866144,False,0.0
113793.335975917,0,-0.007719815,0.0692963,0.017146885,-0.12540676,-0.041909114,-0.16797741,False,0.0
113793.355975917,20000000,-0.016512096,0.047754824,0.012940109,-0.11329172,-0.021103598,-0.19729337,False,0.0
113793.375975917,40000000,-0.028418899,0.028432846,0.015224516,-0.102614455,-0.018947832,-0.21291262,False,0.0
113793.395975917,0,-0.035642594,0.006395161,0.018135548,-0.08701503,-0.021354143,-0.23618813,False,0.0
113793.415975917,0,-0.036277696,-0.02228707,0.018387794,-0.050753172,-0.039689824,-0.29944897,False,0.0
113793.435975917,20000000,-0.028802082,-0.04472235,0.0025353432,-0.056463886,0.0057593323,-0.42429617,False,0.0
113793.455975917,0,-0.033013016,-0.07249002,-0.0015741587,-0.033807304,0.029836042,-0.58322036,False,0.0
113793.475975917,0,-0.03177382,-0.1357876,-0.016028523,0.016181499,0.12864882,-0.96726334,False,0.0
113793.495975917,20000000,-0.030461013,-0.19899486,-0.030469537,0.066170305,0.2274616,-1.3513064,False,0.0
113793.515975917,40000000,-0.056243047,-0.20289263,-0.022055387,0.09787948,0.29201406,-1.7483826,False,0.0
113793.535975917,0,-0.07456061,-0.17751852,-0.0049312115,0.10601939,0.3221076,-2.0540228,False,0.0
113793.555975917,0,-0.08754708,-0.12851147,0.016919136,0.08053004,0.33755735,-2.2119622,False,0.0
113793.575975917,20000000,-0.08916782,-0.074670434,0.032912314,0.047760382,0.3449906,-2.2493627,False,0.0
113793.595975917,0,-0.08904132,-0.010973483,0.049283266,0.016424175,0.30583644,-2.1704757,False,0.0
113793.615975917,0,-0.066903934,0.05741161,0.040307343,-0.06650573,0.30525443,-2.0575123,False,0.0
113793.635975917,0,-0.056979954,0.10011679,0.039010882,-0.1280851,0.28881603,-1.8401675,False,0.0
113793.655975917,20000000,-0.04655905,0.14305735,0.037568033,-0.18966448,0.27237764,-1.6228228,False,0.0
113793.675975917,40000000,-0.03564796,0.18624973,0.035983443,-0.25124386,0.25593925,-1.4054781,False,0.0
113793.695975917,0,-0.027917504,0.19165781,0.033425093,-0.24903008,0.21928151,-1.1518636,False,0.0
113793.715975917,20000000,0.0008646846,0.16829804,0.010177493,-0.23618998,0.23660621,-0.97173697,False,0.0
113793.735975917,0,0.021643668,0.14690864,0.0045003295,-0.22891325,0.26614746,-0.8482566,False,0.0
113793.755975917,20000000,0.025193036,0.114066124,0.0077011585,-0.20665626,0.29088065,-0.77218765,False,0.0
113793.775975917,0,0.018347934,0.085330606,0.015992522,-0.1884702,0.28621873,-0.7472946,False,0.0
113793.795975917,0,0.009861082,0.074532986,0.025780201,-0.18186226,0.2647263,-0.71063334,False,0.0
113793.815975917,0,-0.0043640435,0.07580423,0.03966552,-0.15087971,0.20390725,-0.6265667,False,0.0
113793.835975917,0,-0.0015265644,0.086396605,0.028901279,-0.13366753,0.17247957,-0.51369303,False,0.0
113793.855975917,20000000,0.00014896691,0.111049235,0.015073001,-0.11108742,0.15607518,-0.34667635,False,0.0
113793.875975917,0,0.00068590045,0.12821242,0.0055416226,-0.09530383,0.15239203,-0.14317293,False,0.0
113793.895975917,0,0.0023766756,0.13154155,0.0045395494,-0.09611124,0.12893778,0.08342852,False,0.0
113793.915975917,20000000,0.0067019314,0.12900773,0.014903486,-0.11831408,0.08745777,0.2928052,False,0.0
113793.935975917,0,0.0037576407,0.11186683,0.016631007,-0.1450559,0.010778837,0.4409383,False,0.0
113793.955975917,20000000,0.00083354115,0.09474626,0.018344223,-0.17179772,-0.065900095,0.5890714,False,0.0
113793.975975917,40000000,-0.0020703077,0.07764569,0.020043194,-0.19853954,-0.14257903,0.7372045,False,0.0
113793.995975917,0,0.00085131824,0.05467683,0.017711222,-0.21116297,-0.19783887,0.8294387,False,0.0
113794.015975917,0,-0.010645896,0.03712061,0.013234377,-0.21640863,-0.23763542,0.8853594,False,0.0
113794.035975917,0,-0.034181684,0.036768824,0.013896406,-0.21445893,-0.30452478,0.97874016,False,0.0
113794.055975917,20000000,-0.042391494,0.016343504,0.0076290965,-0.17532301,-0.37996954,1.04732,False,0.0
113794.075975917,0,-0.022076726,-0.027786404,-0.01341033,0.034968466,-0.34347972,0.9995491,False,0.0
113794.095975917,0,-0.0153559,-0.031088322,-0.035298824,-0.016835343,-0.28034687,1.0381678,False,0.0
113794.115975917,0,-0.036548585,-0.05175844,-0.034863114,-0.009805231,-0.2742137,0.91684955,False,0.0
113794.135975917,0,-0.0680923,-0.0535869,-0.0318411,-0.015397828,-0.29579365,0.80933714,False,0.0
113794.155975917,0,-0.07495454,-0.03966409,-0.022698343,-0.02567188,-0.35360026,0.7672346,False,0.0
113794.175975917,0,-0.050497413,-0.05051467,-0.033647895,-0.031453572,-0.33969563,0.7080831,False,0.0
113794.195975917,20000000,-0.026805148,-0.05867824,-0.040008962,-0.03606835,-0.26943347,0.6384354,False,0.0
113794.215975917,0,-0.018858016,-0.068695426,-0.030925453,-0.03098686,-0.22474766,0.58485067,False,0.0
113794.235975917,0,-0.012452498,-0.07012409,-0.025371492,-0.008190712,-0.2068645,0.5443034,False,0.0
113794.255975917,0,0.0024432987,-0.054667592,-0.015555561,-0.03190051,-0.20000064,0.52164793,False,0.0
113794.275975917,20000000,0.01735869,-0.039199382,-0.005733609,-0.055610307,-0.19313678,0.49899238,False,0.0
113794.295975917,40000000,0.04429671,-0.024893552,-0.004421532,-0.09981099,-0.18394151,0.48791268,False,0.0
113794.315975917,0,0.06799853,-0.02525279,-0.0028800964,-0.11976515,-0.15541661,0.46990076,False,0.0
113794.335975917,20000000,0.0664517,-0.01112327,0.011498809,-0.14052877,-0.16975455,0.47212926,False,0.0
113794.355975917,0,0.05794412,0.011247665,0.03337276,-0.17055432,-0.250722,0.5096121,False,0.0
113794.375975917,20000000,0.061953872,0.021917224,0.03427744,-0.2037867,-0.3349594,0.55224955,False,0.0
113794.395975917,0,0.07349227,0.0133912265,0.022068858,-0.21801162,-0.37277174,0.5860597,False,0.0
113794.415975917,20000000,0.065601006,7.760525e-05,0.025418222,-0.22530101,-0.3985013,0.5909937,False,0.0
113794.435975917,0,0.037933007,0.004040301,0.04265821,-0.22677594,-0.4971696,0.62646383,False,0.0
113794.45584375,0,0.018366588,0.00037164637,0.039873622,-0.24083897,-0.58441174,0.6608863,False,0.0
113794.47584375,0,0.00091810524,-0.012114614,0.031496525,-0.26706913,-0.6329497,0.68890345,False,0.0
113794.49584375,20000000,-0.006035298,-0.028467506,0.009685338,-0.29547265,-0.64168364,0.7053939,False,0.0
113794.51584375,0,-0.019989327,-0.04453674,-0.004832208,-0.31815118,-0.64391714,0.7370379,False,0.0
113794.53584375,20000000,-0.035622835,-0.06254944,-0.021054626,-0.31775954,-0.637756,0.76764643,False,0.0
113794.55584375,0,-0.038330868,-0.08276731,-0.033441663,-0.3091419,-0.5957234,0.7719976,False,0.0
113794.57584375,0,-0.038850784,-0.08169213,-0.03849107,-0.3280729,-0.5456738,0.7597377,False,0.0
113794.59584375,0,-0.031839877,-0.07079968,-0.04107958,-0.37104002,-0.47533274,0.69999516,False,0.0
113794.61584375,20000000,-0.022918403,-0.061329633,-0.03152597,-0.3973676,-0.415872,0.6129736,False,0.0
113794.63584375,0,-0.01862827,-0.033618122,-0.010195315,-0.40703946,-0.36687282,0.5353955,False,0.0
113794.65584375,0,-0.008821785,-0.008031428,0.017127156,-0.42374438,-0.35598004,0.4221335,False,0.0
113794.67584375,20000000,-0.017138407,0.031111926,0.052991748,-0.444322,-0.42624637,0.37127918,False,0.0
113794.69584375,0,-0.036110193,0.07437518,0.070602596,-0.4606189,-0.57149833,0.4315054,False,0.0
113794.71584375,0,-0.04564628,0.12484732,0.053243518,-0.51310384,-0.70979524,0.61924136,False,0.0
113794.73584375,20000000,-0.041586667,0.1555193,0.024779737,-0.5870714,-0.7836244,0.8885417,False,0.0
113794.75584375,0,-0.039038435,0.16422844,0.0065587163,-0.6742936,-0.81810313,1.1925333,False,0.0
113794.77584375,0,-0.04381661,0.15852213,-0.012173295,-0.75124854,-0.8324884,1.4980156,False,0.0
113794.79584375,0,-0.052919105,0.14986664,-0.025052965,-0.82990205,-0.8321339,1.7999166,False,0.0
113794.81584375,0,-0.05933269,0.12481195,-0.029177308,-0.8679046,-0.8283758,2.0360692,False,0.0
113794.83584375,20000000,-0.06871783,0.11221349,-0.03203231,-0.8895416,-0.82537854,2.2384074,False,0.0
113794.85584375,0,-0.06624985,0.08381498,-0.0369395,-0.86647284,-0.8111374,2.370519,False,0.0
113794.87584375,20000000,-0.056826115,0.036857545,-0.036984086,-0.7902161,-0.77613455,2.4169126,False,0.0
113794.89584375,0,-0.054919124,-0.022222161,-0.03007108,-0.6738081,-0.7457019,2.3507786,False,0.0
113794.91584375,20000000,-0.06535894,-0.0538854,-0.015235126,-0.5631613,-0.75621283,2.2302547,False,0.0
113794.93584375,0,-0.080332786,-0.059271336,-0.006321013,-0.4940149,-0.786858,2.0917692,False,0.0
113794.95584375,0,-0.09021807,-0.051557213,-0.0049135685,-0.4674192,-0.8316326,1.9590456,False,0.0
113794.97584375,0,-0.089030534,-0.06100291,-0.017350972,-0.44892657,-0.8543766,1.820486,False,0.0
113794.99584375,0,-0.09460643,-0.078712046,-0.030968666,-0.41294122,-0.863694,1.6942632,False,0.0
113795.01584375,20000000,-0.11734299,-0.091228664,-0.035010338,-0.35314637,-0.90146136,1.6134386,False,0.0
113795.03584375,0,-0.1327956,-0.1043399,-0.029635966,-0.26356888,-0.9623034,1.5440404,False,0.0
113795.05584375,0,-0.11737561,-0.11106673,-0.036293626,-0.18773744,-0.9782986,1.4350687,False,0.0
113795.07584375,20000000,-0.076353386,-0.10567951,-0.055629373,-0.14676212,-0.8821015,1.265219,False,0.0
113795.09584375,0,-0.046711624,-0.091446966,-0.048007607,-0.13106777,-0.7400826,1.0749929,False,0.0
113795.11584375,0,-0.027007341,-0.08148533,-0.02556777,-0.11351767,-0.62759125,0.8763828,False,0.0
113795.13584375,0,-0.0010474324,-0.07282555,-0.009462059,-0.090273514,-0.4959067,0.6691221,False,0.0
113795.15584375,20000000,0.024958044,-0.06418365,0.006636262,-0.06702936,-0.36422214,0.46186137,False,0.0
113795.17584375,40000000,0.026407719,-0.046785057,0.044635117,-0.04509689,-0.31796098,0.31631318,False,0.0
113795.19584375,0,0.03185743,-0.028286666,0.061287344,-0.046143692,-0.30762818,0.24034944,False,0.0
113795.21584375,0,0.04492852,-0.022152573,0.05273366,-0.037441693,-0.33508638,0.20310746,False,0.0
113795.23584375,0,0.06893602,-0.025433451,0.023506224,-0.022512,-0.3308315,0.18059464,False,0.0
113795.25584375,20000000,0.089496076,-0.035201192,0.004979193,-0.0014289767,-0.30081853,0.16063404,False,0.0
113795.27584375,0,0.100474775,-0.039594024,0.0026708841,0.018803502,-0.25839123,0.15040609,False,0.0
113795.29584375,0,0.094563425,-0.046346813,0.018719375,0.04277581,-0.24511717,0.1574811,False,0.0
113795.31584375,20000000,0.086886495,-0.05791053,0.0315032,0.07659517,-0.23736927,0.1792764,False,0.0
113795.33584375,0,0.07790294,-0.07341248,0.042574823,0.11711552,-0.22735655,0.19163652,False,0.0
113795.35584375,0,0.07448992,-0.0789966,0.047288716,0.13403253,-0.21037923,0.18472977,False,0.0
113795.37584375,20000000,0.0730924,-0.07524726,0.053568542,0.12872058,-0.18361847,0.16188508,False,0.0
113795.39584375,0,0.068214655,-0.07555506,0.062800765,0.12319422,-0.16858232,0.12970373,False,0.0
113795.41584375,0,0.061733574,-0.070470035,0.0653193,0.10640678,-0.1597798,0.08705154,False,0.0
113795.43584375,0,0.055740535,-0.052697867,0.07197863,0.09207605,-0.16936794,0.0466631,False,0.0
113795.45584375,0,0.055130243,-0.036197126,0.06480515,0.06054094,-0.1705382,-0.018298421,False,0.0
113795.47584375,20000000,0.054522693,-0.019693136,0.057623863,0.029005837,-0.17170846,-0.08325994,False,0.0
113795.49584375,40000000,0.0539179,-0.0031858385,0.050434828,-0.002529271,-0.17287873,-0.14822146,False,0.0
113795.51584375,0,0.055942684,0.0025030375,0.04594308,-0.035508424,-0.18852839,-0.22469677,False,0.0
113795.53584375,0,0.06998637,-0.00977087,0.021290123,-0.06450867,-0.17507476,-0.3516503,False,0.0
113795.55584375,0,0.063308954,-0.0069291294,0.015405297,-0.09728181,-0.177861,-0.47075543,False,0.0
113795.57584375,20000000,0.047552615,0.008542836,0.008271933,-0.12035389,-0.19489536,-0.58037126,False,0.0
113795.59584375,0,0.020049885,0.028911412,0.01546675,-0.12950598,-0.23202394,-0.63273823,False,0.0
113795.61584375,20000000,-0.003089711,0.04771,0.012016296,-0.12805508,-0.26462746,-0.65183675,False,0.0
113795.63584375,0,-0.03228514,0.073323965,0.01079762,-0.12451391,-0.31164387,-0.6244491,False,0.0
113795.65584375,20000000,-0.054689974,0.09590471,-0.0072034,-0.11800691,-0.33904865,-0.57079864,False,0.0
113795.67584375,0,-0.07899877,0.1076026,-0.029632568,-0.09580688,-0.34316745,-0.5124734,False,0.0
113795.69584375,0,-0.11790809,0.122758746,-0.04043883,-0.07797472,-0.34516102,-0.4320209,False,0.0
113795.71584375,20000000,-0.16736393,0.13798338,-0.036802113,-0.057159558,-0.3786313,-0.3333879,False,0.0
113795.73584375,0,-0.19258879,0.13902944,-0.03878063,-0.034152474,-0.41482788,-0.24621451,False,0.0
113795.75584375,0,-0.1663644,0.10836291,-0.06628531,0.023474809,-0.33285967,-0.24829316,False,0.0
113795.77584375,20000000,-0.14012931,0.07773411,-0.09385276,0.08110209,-0.25089145,-0.2503718,False,0.0
113795.79584375,0,-0.13611858,0.055934966,-0.09804535,0.15717508,-0.14253846,-0.29391015,False,0.0
113795.81584375,20000000,-0.14076342,0.048152745,-0.088430285,0.23620765,-0.06783078,-0.33892524,False,0.0
113795.83584375,0,-0.1463332,0.049222767,-0.07156646,0.301656,-0.07452373,-0.34369087,False,0.0
113795.85584375,20000000,-0.11521625,0.033491194,-0.09537226,0.40052855,0.036242343,-0.41679218,False,0.0
113795.87584375,0,-0.12888837,0.04572773,-0.039960086,0.39685497,0.05162066,-0.37568647,False,0.0
113795.89584375,20000000,-0.1234759,0.03676933,-0.028865099,0.48694247,0.13318917,-0.44082287,False,0.0
113795.91584375,0,-0.13598284,0.054609448,-0.004677534,0.5116192,0.110579595,-0.41090304,False,0.0
113795.93584375,0,-0.13354632,0.039166957,0.0025357604,0.54602456,0.081307754,-0.37786385,False,0.0
113795.95584375,0,-0.12664323,0.025383502,0.0029034615,0.5643526,0.07345143,-0.3663605,False,0.0
113795.97584375,0,-0.1181808,0.023153663,0.016768694,0.5531478,0.045771323,-0.39010158,False,0.0
113795.99584375,20000000,-0.10156975,0.017238796,0.016235113,0.5338691,0.061036512,-0.43727037,False,0.0
113796.01584375,0,-0.11068985,0.015308529,0.021832287,0.49197507,0.034095168,-0.45795864,False,0.0
113796.03584375,0,-0.11768938,0.0071733296,0.030157506,0.49001887,0.0010840334,-0.43760034,False,0.0
113796.05584375,20000000,-0.12475146,-0.0008676648,0.03841245,0.4880627,-0.0319271,-0.41724205,False,0.0
113796.07584375,40000000,-0.13187718,-0.008815676,0.046596527,0.48610651,-0.06493823,-0.39688376,False,0.0
113796.09584375,0,-0.1575045,-2.554059e-05,0.051323652,0.4698699,-0.16099048,-0.31323043,False,0.0
113796.11584375,20000000,-0.16918105,0.0039548576,0.03222376,0.4301743,-0.22910005,-0.21814263,False,0.0
113796.13584375,0,-0.15508382,-0.016421735,0.009803951,0.40461996,-0.23749752,-0.17059685,False,0.0
113796.15584375,20000000,-0.14432457,-0.030936211,-0.015976012,0.36346525,-0.20166989,-0.16369079,False,0.0
113796.17584375,0,-0.13354348,-0.030159712,-0.02944833,0.29565877,-0.14903814,-0.17116024,False,0.0
113796.19584375,20000000,-0.121708885,-0.024556607,-0.033987343,0.1929071,-0.096685976,-0.18392308,False,0.0
113796.21584375,0,-0.105618894,-0.013476491,-0.027291,0.09011252,-0.065390095,-0.2066999,False,0.0
113796.23584375,0,-0.09401357,0.00408113,-0.024826586,-0.010216124,-0.018624734,-0.21666384,False,0.0
113796.25584375,0,-0.09205867,0.020649135,-0.016060531,-0.09199905,-0.008513183,-0.1821398,False,0.0
113796.27584375,0,-0.07310506,0.014820963,-0.012700379,-0.13226922,0.012010065,-0.12678112,False,0.0
113796.29584375,20000000,-0.054832928,-0.0036071837,-0.0072392225,-0.1449845,0.036506116,-0.07688753,False,0.0
113796.31584375,0,-0.044427086,-0.01656562,0.004489124,-0.14637354,0.03714234,-0.011038221,False,0.0
113796.33584375,0,-0.040421035,-0.01947856,0.008987367,-0.19940548,-0.0039874613,0.06665766,False,0.0
113796.35584375,20000000,-0.036424343,-0.022386849,0.01346916,-0.2524374,-0.045117263,0.14435355,False,0.0
113796.37584375,40000000,-0.03243704,-0.02529031,0.01793456,-0.30546936,-0.08624706,0.22204944,False,0.0
113796.39584375,0,-0.025238194,-0.027333826,0.013288617,-0.35411447,-0.13494149,0.2838593,False,0.0
113796.41584375,0,-0.013706101,-0.03973776,0.0005258322,-0.3776124,-0.14001516,0.32912165,False,0.0
113796.43584375,0,-0.005074269,-0.060080767,0.00052821636,-0.36207056,-0.13976265,0.3509267,False,0.0
113796.45584375,20000000,-0.003337668,-0.062621504,-0.0012280941,-0.32799178,-0.14660208,0.3750003,False,0.0
113796.47584375,0,0.0030843264,-0.061256558,-0.007876754,-0.30171722,-0.16104294,0.39569584,False,0.0
113796.49584375,0,0.017165463,-0.063557565,-0.021864533,-0.30702525,-0.1397236,0.37892184,False,0.0
113796.51584375,20000000,0.020857498,-0.056809753,-0.02619952,-0.3234596,-0.09843984,0.34048787,False,0.0
113796.53584375,0,0.016540578,-0.044742376,-0.019989789,-0.34634745,-0.07477229,0.31059486,False,0.0
113796.55584375,0,0.013573095,-0.038623303,-0.017385304,-0.35702208,-0.04078503,0.2843819,False,0.0
113796.57584375,0,0.010978571,-0.043731958,-0.00962764,-0.35971513,-0.023457937,0.27304968,False,0.0
113796.59584375,0,0.016089302,-0.05527708,-0.0011259913,-0.34020558,-0.017710516,0.25195798,False,0.0
113796.61584375,0,0.017679473,-0.05387667,-0.0015829206,-0.3146131,-0.01512933,0.21639143,False,0.0
113796.63584375,20000000,0.019249864,-0.052455753,-0.0020616055,-0.2890206,-0.012548142,0.18082488,False,0.0
113796.65584375,0,0.008070635,-0.043194473,0.00863874,-0.26391423,-0.040163223,0.15821186,False,0.0
113796.67584375,0,0.004599275,-0.028041422,0.0018127561,-0.23914129,-0.055302255,0.1450122,False,0.0
113796.69584375,20000000,-0.0011014622,-0.016974032,0.0013170242,-0.21496075,-0.07478372,0.14847381,False,0.0
113796.71584375,0,0.008350156,-0.016799003,-0.005125284,-0.18832561,-0.06368402,0.12943137,False,0.0
113796.73584375,0,0.008022143,-0.010261148,-0.005262494,-0.16397443,-0.04570698,0.109702,False,0.0
113796.75584375,0,-0.00031046756,-0.0015915632,0.0011051297,-0.1416702,-0.05052254,0.10290008,False,0.0
113796.77584375,20000000,-0.0078025796,0.008885562,0.009913802,-0.12498547,-0.07010841,0.114163645,False,0.0
113796.79584375,0,-0.005787787,0.010602266,0.005682707,-0.11116855,-0.08511359,0.115909226,False,0.0
113796.81584375,0,0.00048712268,0.008570522,0.0011328459,-0.096639045,-0.07441514,0.10242574,False,0.0
113796.83584375,20000000,0.0006635543,0.0027303398,0.0013652444,-0.079445876,-0.06398748,0.08347803,False,0.0
113796.855822833,0,-0.004440078,0.0036616656,0.0026329125,-0.06290547,-0.06500452,0.070528015,False,0.0
113796.875822833,0,-0.0058980957,0.003412038,0.004538536,-0.054621514,-0.075099654,0.06383995,False,0.0
113796.895822833,0,-0.006103551,0.0034821928,0.005911529,-0.046889804,-0.080595866,0.06321205,False,0.0
