timestamp,dtNs,ax,ay,az,gx,gy,gz,label,chewing_soft
4742.639829833,0,-0.018565487,-0.08687234,-0.11917889,2.008631,1.8210814,-1.2564385,False,0.0
4742.659829833,20000000,-0.02399053,-0.08745438,-0.1018039,1.9895211,1.882205,-1.3309395,False,0.0
4742.679829833,40000000,-0.03036929,-0.087660134,-0.08531505,1.9704114,1.9433287,-1.4054407,False,0.0
4742.699829833,0,-0.026291538,-0.091869354,-0.071466506,1.8999026,2.0011532,-1.4973118,False,0.0
4742.719829833,0,-0.03568585,-0.07907227,-0.030224025,1.7237451,2.0097795,-1.5944837,False,0.0
4742.739829833,20000000,-0.037865262,-0.070987016,-0.016777873,1.6482916,1.9672223,-1.5940415,False,0.0
4742.759829833,0,-0.02879002,-0.053044677,0.015421569,1.3941157,1.8319232,-1.5406483,False,0.0
4742.779829833,20000000,-0.016234625,-0.04845333,0.023059964,1.2774078,1.7640011,-1.4892434,False,0.0
4742.799829833,40000000,-0.0040447824,-0.04395926,0.03027308,1.1607,1.696079,-1.4378384,False,0.0
4742.819829833,0,0.019885391,-0.033853143,0.03955227,0.86088824,1.5309118,-1.2645584,False,0.0
4742.839829833,20000000,0.025406487,-0.037018687,0.04314512,0.7697508,1.4763169,-1.1809788,False,0.0
4742.859829833,40000000,0.03077086,-0.04033819,0.046445727,0.67861325,1.4217219,-1.0973991,False,0.0
4742.879829833,0,0.056143716,-0.049346715,0.037385523,0.4822118,1.3185362,-0.92405015,False,0.0
4742.899829833,20000000,0.06747903,-0.04894477,0.033278286,0.39634588,1.2820153,-0.86557025,False,0.0
4742.919829833,40000000,0.07878569,-0.048697174,0.028926432,0.31047997,1.2454945,-0.8070903,False,0.0
4742.939829833,0,0.081661955,-0.053791046,0.036477804,0.16210185,1.1474118,-0.65519464,False,0.0
4742.959829833,20000000,0.076958895,-0.07625404,0.034401238,0.11304224,1.0635867,-0.5532429,False,0.0
4742.979829833,40000000,0.07276711,-0.0986771,0.031503737,0.06398264,0.9797616,-0.4512912,False,0.0
4742.999829833,60000000,0.06910755,-0.12104049,0.027800083,0.014923032,0.89593655,-0.3493395,False,0.0
4743.019829833,0,0.06499547,-0.13695431,0.028673768,-0.053827215,0.7663537,-0.247034,False,0.0
4743.039829833,20000000,0.0590885,-0.1418801,0.024680614,-0.07587205,0.72255456,-0.21504882,False,0.0
4743.059829833,0,0.047092408,-0.13526464,0.02793169,-0.13941933,0.5636549,-0.10090579,False,0.0
4743.079829833,20000000,0.047786385,-0.13106737,0.032174468,-0.15615846,0.50390714,-0.04861124,False,0.0
4743.099829833,40000000,0.04848653,-0.12682709,0.03631401,-0.1728976,0.44415942,0.0036833137,False,0.0
4743.119829833,0,0.05346006,-0.1248346,0.044805884,-0.20714507,0.33064285,0.11234916,False,0.0
4743.139829833,20000000,0.055609018,-0.12531593,0.04162723,-0.2320813,0.29159978,0.14078477,False,0.0
4743.159829833,40000000,0.057765305,-0.1257768,0.038418412,-0.25701752,0.2525567,0.16922037,False,0.0
4743.179829833,0,0.05316022,-0.11025879,0.03492725,-0.34087515,0.11263896,0.28305516,False,0.0
4743.199829833,20000000,0.06431872,-0.11606625,0.02594608,-0.36999732,0.050992977,0.3551379,False,0.0
4743.219829833,40000000,0.07546115,-0.121839166,0.016937852,-0.39911953,-0.010653,0.42722067,False,0.0
4743.239829833,0,0.10662621,-0.11831817,-0.002139926,-0.44577932,-0.10045715,0.53953177,False,0.0
4743.259829833,20000000,0.11384401,-0.10396829,-0.001548171,-0.47984838,-0.10578437,0.55211717,False,0.0
4743.279829833,40000000,0.121124506,-0.08952406,-0.0009601116,-0.51391745,-0.111111596,0.56470263,False,0.0
4743.299829833,60000000,0.12846911,-0.07498652,-0.0003759265,-0.5479865,-0.11643882,0.57728803,False,0.0
4743.319829833,0,0.14910987,-0.06039834,0.012814701,-0.551896,-0.06734706,0.5129097,False,0.0
4743.339829833,20000000,0.15956503,-0.054351956,0.01439929,-0.5272887,-0.037843227,0.44569033,False,0.0
4743.359829833,0,0.16417977,-0.0357261,0.034674525,-0.50911576,7.939339e-05,0.32188672,False,0.0
4743.379829833,20000000,0.16880947,-0.017022729,0.05490929,-0.49094287,0.038002014,0.19808309,False,0.0
4743.399829833,40000000,0.17345506,0.0017583072,0.07510412,-0.47276998,0.075924635,0.074279465,False,0.0
4743.419829833,0,0.193448,0.056265622,0.10778546,-0.3690222,0.22621176,-0.219191,False,0.0
4743.439829833,20000000,0.17286405,0.11130056,0.15059716,-0.36276385,0.21600011,-0.2477049,False,0.0
4743.459829833,40000000,0.15235391,0.16635054,0.19333172,-0.35650548,0.20578845,-0.27621877,False,0.0
4743.479829833,0,0.13542876,0.19889516,0.21373975,-0.40462327,0.14186801,-0.21139428,False,0.0
4743.499829833,20000000,0.1185438,0.2314721,0.23409021,-0.45274106,0.07794758,-0.14656979,False,0.0
4743.519829833,40000000,0.101698875,0.26408175,0.25438327,-0.50085884,0.0140271485,-0.08174528,False,0.0
4743.559829833,0,0.081582665,0.29481164,0.24489456,-0.6147779,-0.23520063,0.24945685,False,0.0
4743.579829833,20000000,0.08436301,0.29221886,0.23523527,-0.6217673,-0.26876563,0.31886855,False,0.0
4743.599829833,0,0.094782054,0.22799206,0.19558495,-0.56387466,-0.2369078,0.3919891,False,0.0
4743.619829833,20000000,0.10506058,0.16415393,0.15562099,-0.50598204,-0.20504996,0.46510968,False,0.0
4743.639829833,40000000,0.11520374,0.10071373,0.11535257,-0.4480894,-0.17319211,0.53823024,False,0.0
4743.679829833,0,0.092797935,0.043743253,0.090970516,-0.32444328,-0.15125939,0.47460172,False,0.0
4743.679829833,0,0.0871605,0.029830098,0.07741767,-0.26975068,-0.16651401,0.3825787,False,0.0
4743.699829833,20000000,0.08150101,0.016011894,0.063804746,-0.21505809,-0.18176861,0.2905557,False,0.0
4743.719829833,0,0.057756066,0.01774776,0.06247741,-0.17768669,-0.2210485,0.25455922,False,0.0
4743.739829833,20000000,0.03400305,0.019515097,0.061135232,-0.14031531,-0.2603284,0.21856275,False,0.0
4743.759829833,40000000,0.010241866,0.021313846,0.059778273,-0.10294392,-0.29960832,0.18256629,False,0.0
4743.779829833,0,-0.009938568,0.0025358796,0.043446183,-0.045654576,-0.37928864,0.13430166,False,0.0
4743.799829833,0,-0.011786252,-0.0073285103,0.033171356,-0.018399322,-0.38503546,0.11671229,False,0.0
4743.819829833,20000000,-0.01363489,-0.017192543,0.022895992,0.00885593,-0.39078227,0.09912291,False,0.0
4743.952774625,0,-0.055672694,0.0011046841,-0.0016082841,-0.13532342,-0.49517956,0.14243144,False,0.0
4743.972774625,0,-0.050043613,0.0010011792,-0.007626891,-0.13681725,-0.5392772,0.111150086,False,0.0
4743.992774625,20000000,-0.044373304,0.0008723736,-0.013742745,-0.13831107,-0.58337486,0.07986874,False,0.0
4744.012774625,0,-0.025952965,-0.011849105,-0.024773717,-0.11537618,-0.59618276,0.03644584,False,0.0
4744.032774625,0,-0.016964883,-0.0056278706,-0.024466872,-0.10092576,-0.58167344,0.02254356,False,0.0
4744.052774625,20000000,-0.007941872,0.0005892515,-0.024238348,-0.086475335,-0.56716406,0.008641281,False,0.0
4744.072774625,0,0.007124692,-0.0050709844,-0.017965019,-0.057980068,-0.53753924,0.0015108278,False,0.0
4744.092774625,0,0.0077361763,-0.005355358,-0.0150770545,-0.01756902,-0.52191675,-0.013386834,False,0.0
4744.112774625,20000000,0.008376569,-0.0056377053,-0.012238681,0.022842027,-0.50629425,-0.028284494,False,0.0
4744.132774625,40000000,0.0014356971,-0.0074262023,-0.008334458,0.09259738,-0.5312785,-0.006553242,False,0.0
4744.152774625,0,0.00663504,-0.017003775,-0.0139045715,0.12119992,-0.57195234,0.017023701,False,0.0
4744.172774625,20000000,0.0118635595,-0.026578844,-0.019512951,0.14980246,-0.61262625,0.040600643,False,0.0
4744.192774625,40000000,0.017121017,-0.03615141,-0.025159717,0.17840502,-0.6533001,0.06417759,False,0.0
4744.212774625,0,0.024291545,-0.07324651,-0.039512217,0.19350255,-0.700054,0.082753524,False,0.0
4744.232774625,20000000,0.0122513175,-0.08575958,-0.037177384,0.18607597,-0.7030713,0.07412137,False,0.0
4744.252774625,40000000,0.00027674437,-0.098269165,-0.034933865,0.17864938,-0.7060886,0.06548922,False,0.0
4744.272774625,0,-0.019189,-0.095464885,-0.040095568,0.10439307,-0.69074494,0.058530718,False,0.0
4744.292774625,20000000,-0.021212906,-0.097562045,-0.042957544,0.075170554,-0.65776217,0.03591807,False,0.0
4744.312774625,40000000,-0.023199588,-0.09966016,-0.04587686,0.045948036,-0.6247794,0.013305416,False,0.0
4744.332774625,0,-0.031648546,-0.08525404,-0.05340725,-0.0060627405,-0.5031656,-0.053591784,False,0.0
4744.352774625,20000000,-0.03227094,-0.078282654,-0.055051744,-0.024918655,-0.44473952,-0.08539331,False,0.0
4744.372774625,40000000,-0.032877743,-0.07130596,-0.056730986,-0.043774568,-0.38631344,-0.11719483,False,0.0
4744.392774625,0,-0.011002094,-0.027816117,-0.053619444,-0.10920365,-0.26883692,-0.1738158,False,0.0
4744.412774625,20000000,-0.0013762712,-0.015719235,-0.051499963,-0.13023074,-0.22599742,-0.18466781,False,0.0
4744.432774625,0,0.0024684966,0.0033925772,-0.038235307,-0.14064763,-0.1539894,-0.19134964,False,0.0
4744.452774625,0,-0.0054771304,0.013903141,-0.029895365,-0.13389547,-0.15333752,-0.15560855,False,0.0
4744.472774625,20000000,-0.01342082,0.024417758,-0.021561265,-0.12714331,-0.15268566,-0.11986746,False,0.0
4744.492774625,40000000,-0.021362498,0.034936607,-0.013232827,-0.120391145,-0.15203378,-0.08412636,False,0.0
4744.512774625,0,-0.021282181,0.04422587,0.0008110404,-0.13303564,-0.1941206,0.060410522,False,0.0
4744.532774625,0,-0.014574423,0.041983366,0.0049982667,-0.15064318,-0.20034002,0.10367203,False,0.0
4744.552774625,20000000,-0.010162145,0.038535178,0.00878942,-0.18807858,-0.20493583,0.14548023,False,0.0
4744.572774625,0,-0.022675052,0.038210094,0.010358691,-0.20210287,-0.22840203,0.1681093,False,0.0
4744.592774625,20000000,-0.035195753,0.03788489,0.011916697,-0.21612716,-0.25186825,0.19073837,False,0.0
4744.612774625,40000000,-0.047724202,0.03755951,0.013463318,-0.23015144,-0.27533445,0.21336743,False,0.0
4744.632774625,0,-0.069653735,0.028773844,-0.01134181,-0.2599761,-0.30192998,0.24095254,False,0.0
4744.652774625,20000000,-0.07720466,0.029284954,-0.021266282,-0.2703016,-0.2863535,0.23858981,False,0.0
4744.672774625,40000000,-0.08476898,0.029796362,-0.03120768,-0.28062713,-0.27077702,0.23622708,False,0.0
4744.692774625,0,-0.08188565,0.007145047,-0.04857844,-0.23142235,-0.18452357,0.19720668,False,0.0
4744.712774625,20000000,-0.07768905,-0.0052608848,-0.05225146,-0.18667662,-0.13335657,0.17472014,False,0.0
4744.732774625,40000000,-0.07349864,-0.017666042,-0.055932164,-0.14193091,-0.08218957,0.15223362,False,0.0
4744.752774625,0,-0.057300538,-0.010489523,-0.04315442,-0.06990909,0.017887194,0.07934984,False,0.0
4744.772774625,20000000,-0.050470248,-0.0036301613,-0.029460192,-0.05837051,0.06292139,0.041167755,False,0.0
4744.792774625,40000000,-0.043639928,0.003229618,-0.015766323,-0.046831932,0.10795558,0.002985675,False,0.0
4744.812774625,0,-0.043952987,0.0024703145,-0.00813514,-0.028068833,0.11353038,-0.009883283,False,0.0
4744.832774625,20000000,-0.044265717,0.0017104745,-0.0005045533,-0.009305732,0.11910518,-0.02275224,False,0.0
4744.852774625,40000000,-0.032654166,-0.009472847,-0.0045322776,0.016068716,0.106791,-0.03222152,False,0.0
4744.872774625,0,-0.0320002,-0.010463655,-0.008104742,0.014054948,0.108484656,-0.025678508,False,0.0
4744.892774625,20000000,-0.031346276,-0.01145488,-0.011677682,0.012041181,0.110178314,-0.019135498,False,0.0
4744.912774625,0,-0.032114103,-0.013527572,-0.014796019,-0.014164718,0.10636987,-0.010168066,False,0.0
4744.932774625,0,-0.029900193,-0.018017828,-0.020555973,-0.038139317,0.10931153,-0.0013629533,False,0.0
4744.952774625,0,-0.03133416,-0.021344602,-0.020919442,-0.04686255,0.117054515,-0.008733889,False,0.0
4744.972774625,20000000,-0.032767564,-0.024671316,-0.021283627,-0.05558578,0.1247975,-0.016104823,False,0.0
4744.992774625,0,-0.024300471,-0.02287507,-0.017148614,-0.07380014,0.1405527,-0.08000612,False,0.0
4745.012774625,20000000,-0.02104856,-0.020427525,-0.01522702,-0.07710751,0.15132232,-0.098962106,False,0.0
4745.032774625,40000000,-0.017795503,-0.01798004,-0.0133059025,-0.08041488,0.16209194,-0.11791809,False,0.0
4745.052774625,0,-0.019342318,-0.0052732825,-0.002350092,-0.07858565,0.17895225,-0.17096308,False,0.0
4745.072774625,20000000,-0.018280387,0.002334714,-0.002990961,-0.073747136,0.17690407,-0.1773441,False,0.0
4745.092774625,40000000,-0.017210051,0.0099436045,-0.003633082,-0.068908624,0.17485589,-0.1837251,False,0.0
4745.112774625,0,-0.010088846,0.012027442,-0.009151936,-0.06378028,0.16213687,-0.15748806,False,0.0
4745.132774625,20000000,-0.0029597878,0.014111817,-0.014672577,-0.05865193,0.14941785,-0.13125102,False,0.0
4745.152774625,40000000,0.004177198,0.016196609,-0.020194888,-0.053523585,0.13669884,-0.10501398,False,0.0
4745.172774625,0,0.012046695,0.0078052282,-0.021048844,-0.042998724,0.14536402,-0.0864293,False,0.0
4745.192774625,20000000,0.019919634,-0.00058686733,-0.021905243,-0.032473866,0.1540292,-0.067844614,False,0.0
4745.212774625,0,0.014367253,-0.010793984,-0.0021799803,-0.007426396,0.15577607,-0.036970258,False,0.0
4745.232774625,0,0.0059247464,-0.01173985,0.0036820173,-0.00971068,0.123974055,-0.01967628,False,0.0
4745.252774625,20000000,-0.0025173128,-0.012686014,0.009542465,-0.0119949635,0.09217204,-0.0023823008,False,0.0
4745.272774625,40000000,-0.010958806,-0.0136322975,0.015401244,-0.014279248,0.060370035,0.014911676,False,0.0
4745.292774625,0,-0.017777622,-0.013661325,0.0024703145,-0.044093795,0.013756917,0.026496457,False,0.0
4745.312774625,20000000,-0.019821376,-0.012188852,-0.0024389625,-0.052008133,0.005411625,0.030219743,False,0.0
4745.332774625,0,-0.02360341,-0.0052198768,-0.012655437,-0.08282315,0.0017138859,0.044871826,False,0.0
4745.352774625,0,-0.024429724,-0.0059877634,-0.01631242,-0.08461993,0.015236632,0.03012503,False,0.0
4745.372774625,20000000,-0.025256306,-0.0067540407,-0.019971192,-0.086416714,0.028759379,0.015378233,False,0.0
4745.392774625,40000000,-0.026082963,-0.00751853,-0.023631632,-0.08821349,0.042282127,0.0006314367,False,0.0
4745.412774625,0,-0.019383132,-0.014973819,-0.026535034,-0.059614073,0.08876428,-0.053114936,False,0.0
4745.432774625,20000000,-0.01707393,-0.017010152,-0.02547127,-0.04299169,0.10979852,-0.07226819,False,0.0
4745.452774625,40000000,-0.014764279,-0.019046485,-0.024407685,-0.026369303,0.13083276,-0.09142144,False,0.0
4745.472774625,0,-0.02090624,-0.010492146,-0.012548506,0.016296707,0.15608698,-0.14022052,False,0.0
4745.492774625,20000000,-0.021381214,-0.004338622,-0.008667111,0.023117112,0.15957151,-0.15589166,False,0.0
4745.512774625,0,-0.013523519,0.009246588,-0.008762717,0.027210668,0.14413948,-0.16419908,False,0.0
4745.532774625,0,0.01130268,0.0049158335,-0.02039504,0.04245448,0.15674044,-0.13709158,False,0.0
4745.552774625,20000000,0.02320829,-0.0011121631,-0.01761365,0.064399876,0.15963309,-0.1013976,False,0.0
4745.572774625,0,0.02845779,-0.004504204,-0.009328783,0.07595811,0.16387501,-0.063324645,False,0.0
4745.592774625,0,0.025644153,-0.005627632,0.004071772,0.07693757,0.14547887,-0.024617653,False,0.0
4745.612774625,20000000,0.021857888,-0.0054634213,0.0128593445,0.07172927,0.11551639,0.014027059,False,0.0
4745.632774625,0,0.015433133,-0.008894801,0.011169016,0.055774093,0.08816028,0.03924986,False,0.0
4745.652774625,20000000,0.0090096,-0.012323022,0.0094745755,0.039818913,0.060804166,0.06447266,False,0.0
4745.672774625,40000000,0.0025874674,-0.015748322,0.007775843,0.023863733,0.033448063,0.08969545,False,0.0
4745.692774625,60000000,-0.003466159,-0.018423975,0.0067563057,0.0113849295,0.006327765,0.09683394,False,0.0
4745.712774625,0,-0.0031861067,-0.013606131,-0.0025040507,-0.011225949,0.00611767,0.08680798,False,0.0
4745.732774625,20000000,0.0026968718,-0.00826025,-0.012072504,-0.04595385,0.025801001,0.079957955,False,0.0
4745.752774625,0,-0.005383551,-0.004265249,-0.0054605603,-0.05595707,0.03342528,0.0663982,False,0.0
4745.772774625,20000000,-0.013463855,-0.00026756525,0.0011494756,-0.06596029,0.041049555,0.05283846,False,0.0
4745.792774625,40000000,-0.017559081,0.0042198896,0.0037793517,-0.057683278,0.026892781,0.022841725,False,0.0
4745.812774625,0,-0.016323924,0.006767094,0.0030554533,-0.047127333,0.030941118,-0.0253306,False,0.0
4745.832774625,20000000,-0.015087992,0.009314716,0.0023308396,-0.036571387,0.034989454,-0.07350292,False,0.0
4745.852774625,40000000,-0.017349005,0.013006449,0.0038380027,-0.020071466,0.044953343,-0.110921666,False,0.0
4745.872774625,0,-0.014800578,0.013150036,0.0032203197,0.000368746,0.054845646,-0.11978387,False,0.0
4745.892774625,20000000,-0.012249976,0.013295889,0.0026034117,0.020808958,0.064737946,-0.12864608,False,0.0
4745.912774625,40000000,-0.011631012,0.017975688,0.0011377335,0.034064267,0.07071198,-0.126984,False,0.0
4745.932774625,0,5.5134296e-06,0.017187595,-0.008430541,0.028886203,0.072721876,-0.08748835,False,0.0
4745.952774625,20000000,0.0116426945,0.016399682,-0.017998517,0.023708139,0.07473177,-0.047992706,False,0.0
4745.972774625,40000000,0.023280352,0.015611887,-0.027566373,0.018530075,0.076741666,-0.008497059,False,0.0
4745.992774625,60000000,0.032269984,0.001768291,-0.025837362,0.041889742,0.09295326,0.038534176,False,0.0
4746.012774625,0,0.034247994,-0.0069140196,-0.015900016,0.06276335,0.0882628,0.083182946,False,0.0
4746.032774625,20000000,0.036227524,-0.015592694,-0.0059680343,0.08363696,0.08357233,0.12783173,False,0.0
4746.052774625,40000000,0.031839997,-0.021596313,0.009292901,0.08181279,0.056390814,0.15573782,False,0.0
4746.072774625,0,0.02233845,-0.024116158,0.018012226,0.058208585,0.02031745,0.16783671,False,0.0
4746.092774625,20000000,0.012843609,-0.02662611,0.026727557,0.03460437,-0.01575591,0.17993559,False,0.0
4746.112774625,0,0.0073901415,-0.024427176,0.019899786,0.010430515,-0.0369139,0.17627591,False,0.0
4746.132774625,20000000,0.0019416511,-0.022221744,0.013073564,-0.013743341,-0.058071896,0.17261623,False,0.0
4746.152774625,40000000,-0.0035016835,-0.020009875,0.006248653,-0.037917197,-0.07922989,0.16895655,False,0.0
4746.172774625,0,-0.006852716,-0.013747275,0.00074732304,-0.06539847,-0.06391379,0.13508883,False,0.0
4746.192774625,20000000,-0.010204524,-0.007481694,-0.004753113,-0.09287974,-0.04859769,0.10122113,False,0.0
4746.212774625,40000000,-0.00723508,-0.006556332,-0.008626282,-0.104893565,-0.029597927,0.051557943,False,0.0
4746.232774625,0,-0.008502513,-0.0016054511,-0.006765723,-0.08548191,-0.010079814,0.0047761686,False,0.0
4746.252774625,20000000,-0.009768933,0.0033471584,-0.0049072504,-0.06607026,0.009438297,-0.042005602,False,0.0
4746.272774625,40000000,-0.011034459,0.008301437,-0.0030508041,-0.046658605,0.02895641,-0.08878738,False,0.0
4746.292774625,60000000,-0.013433844,0.015506506,-0.004194677,-0.016680624,0.05993367,-0.11208628,False,0.0
4746.312774625,0,-0.015102118,0.027901769,-0.0067684054,0.0010768324,0.049610414,-0.08523249,False,0.0
4746.332774625,20000000,-0.016769737,0.040297568,-0.009341717,0.018834285,0.03928716,-0.058378696,False,0.0
4746.352774625,40000000,0.0019902885,0.03496951,-0.024544358,0.03437119,0.047275055,-0.031151742,False,0.0
4746.372774625,0,0.014940798,0.016186953,-0.02058822,0.06283134,0.068627365,-0.009948501,False,0.0
4746.392774625,20000000,0.027890801,-0.002595663,-0.016633749,0.091291495,0.08997967,0.011254735,False,0.0
4746.412774625,40000000,0.026877195,-0.0093278885,0.00022643805,0.12026124,0.07372886,0.038805507,False,0.0
4746.432774625,0,0.022919506,-0.01428467,0.014376044,0.117892355,0.032876473,0.05066657,False,0.0
4746.452774625,20000000,0.018963218,-0.019237459,0.028520107,0.11552348,-0.00797591,0.062527634,False,0.0
4746.472774625,40000000,0.012048602,-0.018576741,0.03473997,0.097787045,-0.060154907,0.07908458,False,0.0
4746.492774625,0,0.0072972775,-0.014473021,0.024534583,0.061602272,-0.09738543,0.097163394,False,0.0
4746.512774625,20000000,0.0025514364,-0.01036787,0.014327049,0.0254175,-0.13461596,0.1152422,False,0.0
4746.532774625,40000000,0.001891613,-0.0021400452,0.00325948,-0.019816384,-0.14916258,0.1315686,False,0.0
4746.552774625,0,0.001367718,0.016347706,-0.0005860925,-0.058909584,-0.1677166,0.17645337,False,0.0
4746.572774625,20000000,-0.0015082359,0.041139662,-0.0029801726,-0.08781586,-0.19080538,0.24539216,False,0.0
4746.592774625,0,-0.014399052,0.08477235,-0.00037652254,-0.10990915,-0.24070412,0.38670832,False,0.0
4746.612774625,0,-0.021870285,0.12078458,0.0014385581,-0.12155414,-0.3180814,0.614018,False,0.0
4746.632774625,20000000,-0.01462397,0.13294262,-0.00039088726,-0.123180255,-0.38452935,0.878394,False,0.0
4746.652774625,0,0.0039581954,0.12146884,-0.007123232,-0.123013906,-0.39572164,1.1069028,False,0.0
4746.672774625,0,0.008019596,0.102813244,-0.0036478043,-0.12284873,-0.37114868,1.2702143,False,0.0
4746.692774625,20000000,-0.0019876063,0.08220714,0.013843119,-0.13009243,-0.36820045,1.4002877,False,0.0
4746.712774625,0,0.000859946,0.05610442,0.022937,-0.13770765,-0.37348762,1.4353912,False,0.0
4746.732774625,20000000,0.003933221,0.030308545,0.032130003,-0.14532289,-0.3787748,1.4704946,False,0.0
4746.752774625,40000000,0.011722922,0.013951838,0.036595464,-0.15785158,-0.39438027,1.4623053,False,0.0
4746.772774625,0,0.02095282,-0.014284611,0.03917432,-0.1634471,-0.4107025,1.3834811,False,0.0
4746.792774625,20000000,0.030395776,-0.042288244,0.04184711,-0.16904262,-0.42702472,1.304657,False,0.0
4746.812774625,40000000,0.050955415,-0.093372226,0.034074187,-0.13070537,-0.4334869,1.1269863,False,0.0
4746.832774625,0,0.04160294,-0.13787022,0.021942735,-0.041218042,-0.42182195,0.7538733,False,0.0
4746.852774625,20000000,0.032351762,-0.18235049,0.009825528,0.048269294,-0.41015697,0.38076034,False,0.0
4746.872774625,40000000,-0.027540237,-0.1864486,0.013324082,0.14421591,-0.48380446,0.0038039088,False,0.0
4746.892774625,0,-0.067983925,-0.13595805,-0.0006225705,0.20849988,-0.570932,-0.25081995,False,0.0
4746.912774625,20000000,-0.108357385,-0.08535284,-0.014728248,0.27278382,-0.6580595,-0.5054438,False,0.0
4746.932774625,40000000,-0.12009479,-0.011570156,-0.035259902,0.26941895,-0.7014759,-0.523107,False,0.0
4746.952774625,0,-0.086913794,0.03183961,-0.059780777,0.19285294,-0.5994683,-0.25947806,False,0.0
4746.972774625,20000000,-0.053666487,0.07534021,-0.08446872,0.11628694,-0.4974607,0.0041508675,False,0.0
4746.992774625,40000000,-0.01866892,0.08471057,-0.090910435,-0.0016936436,-0.31107694,0.2920992,False,0.0
4747.012774625,0,-0.004487872,0.04846412,-0.06568277,-0.11312206,-0.17516562,0.4636681,False,0.0
4747.032774625,20000000,0.009698898,0.012246132,-0.04044515,-0.22455047,-0.039254323,0.63523704,False,0.0
4747.052774625,40000000,0.031050712,-0.043961316,-0.028061628,-0.28084224,0.053637862,0.64365566,False,0.0
4747.072774625,0,0.031347513,-0.06696701,-0.0023275614,-0.24359742,0.098819956,0.39708054,False,0.0
4747.092774625,20000000,0.031638056,-0.08991054,0.02338469,-0.20635259,0.14400205,0.1505054,False,0.0
4747.112774625,40000000,0.007352382,-0.058305293,0.057782173,-0.16115761,0.06575048,-0.07571617,False,0.0
4747.132774625,0,0.018030763,-0.010524124,0.054092526,-0.12605783,-0.05591867,-0.04849899,False,0.0
4747.152774625,20000000,0.028713882,0.037263542,0.05038947,-0.09095807,-0.17758784,-0.02128181,False,0.0
4747.172774625,40000000,0.03940174,0.085057706,0.04667276,-0.055858303,-0.29925698,0.005935369,False,0.0
4747.192774625,0,0.047573864,0.11265725,0.038006544,-0.068322085,-0.35306805,0.13234213,False,0.0
4747.212774625,0,0.049735516,0.118028164,0.029574156,-0.112827815,-0.36376294,0.2906041,False,0.0
4747.232774625,20000000,0.04519686,0.0979048,0.01772952,-0.16586378,-0.35267314,0.4320088,False,0.0
4747.252774625,0,0.031552047,0.06219822,0.010052502,-0.18360582,-0.34475306,0.49192682,False,0.0
4747.272774625,20000000,0.01788789,0.026498854,0.0023695827,-0.20134786,-0.33683297,0.55184484,False,0.0
4747.292774625,40000000,0.001806885,-0.0002706051,0.0006765127,-0.20311546,-0.32934502,0.5449478,False,0.0
4747.312774625,0,-0.006934762,-0.009732902,0.006203294,-0.19301951,-0.3346799,0.49441037,False,0.0
4747.332774625,20000000,-0.015687197,-0.019194126,0.011725783,-0.18292356,-0.3400148,0.44387293,False,0.0
4747.352774625,40000000,-0.031241179,-0.008102,0.021867037,-0.17621192,-0.37273157,0.40688288,False,0.0
4747.372774625,0,-0.03949648,0.0027393103,0.02068019,-0.18646896,-0.41578364,0.3873055,False,0.0
4747.392774625,0,-0.034093708,0.008149743,0.008355141,-0.2036432,-0.43652815,0.3751216,False,0.0
4747.412774625,20000000,-0.034424692,0.014219463,0.0033243895,-0.22172572,-0.43034452,0.36784497,False,0.0
4747.432774625,0,-0.04201016,0.01953721,0.0021945238,-0.22997211,-0.43111596,0.38036987,False,0.0
4747.452774625,0,-0.036508158,0.013686359,-0.010729194,-0.22716175,-0.40678525,0.38452372,False,0.0
4747.472774625,20000000,-0.031018615,0.007812083,-0.023686767,-0.22435138,-0.38245454,0.38867757,False,0.0
4747.512774625,0,-0.033869848,-0.0051365495,-0.026004791,-0.1771613,-0.30063522,0.33395284,False,0.0
4747.532774625,20000000,-0.03291443,-0.0142890215,-0.026225626,-0.15245488,-0.27069482,0.29028445,False,0.0
4747.552774625,0,-0.033446297,-0.015586913,-0.02263087,-0.13366197,-0.24382058,0.23295659,False,0.0
4747.572774625,20000000,-0.0339804,-0.016893566,-0.019047678,-0.114869066,-0.21694635,0.17562872,False,0.0
4747.592774625,40000000,-0.033220172,-0.01815939,-0.017094493,-0.09943718,-0.20611925,0.12192428,False,0.0
4747.612774625,0,-0.028956056,-0.0209468,-0.019186616,-0.07808487,-0.18390176,0.062802434,False,0.0
4747.632774625,20000000,-0.02469045,-0.02373764,-0.021291494,-0.05673257,-0.16168426,0.0036805868,False,0.0
4747.652774625,40000000,-0.029248327,-0.02224034,-0.017202616,-0.0278474,-0.157054,-0.037563045,False,0.0
4747.672774625,0,-0.029272825,-0.019642532,-0.019886434,-0.020499395,-0.14605504,-0.057809666,False,0.0
4747.692774625,20000000,-0.029293984,-0.017040491,-0.022580802,-0.0131513905,-0.13505606,-0.07805628,False,0.0
4747.712774625,40000000,-0.029371098,-0.0070014596,-0.02536428,-0.0234477,-0.10586519,-0.08093644,False,0.0
4747.732774625,0,-0.029497325,-0.0067278743,-0.025729775,-0.021044554,-0.089122966,-0.06256114,False,0.0
4747.752774625,20000000,-0.029622301,-0.006452143,-0.026099205,-0.018641409,-0.07238075,-0.044185843,False,0.0
4747.772774625,40000000,-0.029746056,-0.006174028,-0.026472569,-0.016238261,-0.05563853,-0.025810547,False,0.0
4747.792774625,0,-0.030513778,-0.010253429,-0.022264361,-0.022151398,-0.023331314,-0.02677498,False,0.0
4747.812774625,0,-0.028865486,-0.021087706,-0.025794148,-0.018822666,-0.00066695176,-0.03445554,False,0.0
4747.832774625,20000000,-0.029391333,-0.025247991,-0.026121736,0.0022017714,0.018880462,-0.046870492,False,0.0
4747.852774625,0,-0.0289502,-0.023854375,-0.025070608,0.00040105742,0.029916264,-0.055637505,False,0.0
4747.872774625,20000000,-0.02850908,-0.022459924,-0.02401936,-0.0013996565,0.040952068,-0.06440452,False,0.0
4747.892774625,40000000,-0.029988408,-0.023504615,-0.01709187,-0.0048398925,0.04640012,-0.08027376,False,0.0
4747.912774625,0,-0.024076536,-0.024857223,-0.019130647,-0.02203491,0.058931887,-0.094364926,False,0.0
4747.932774625,20000000,-0.018163577,-0.026208699,-0.021168947,-0.03922993,0.07146365,-0.10845609,False,0.0
4747.952774625,40000000,-0.018333048,-0.022390246,-0.014919043,-0.04706925,0.09353852,-0.11305176,False,0.0
4747.972774625,0,-0.021606281,-0.014296234,-0.0056786537,-0.05090806,0.09276682,-0.09830659,False,0.0
4747.992774625,20000000,-0.024876595,-0.0062022805,0.00356102,-0.054746866,0.09199512,-0.08356142,False,0.0
4748.012774625,40000000,-0.0185557,-0.00054234266,0.0006928444,-0.074459255,0.082328886,-0.058649413,False,0.0
4748.032774625,0,-0.008813694,0.0042307973,-0.0021651387,-0.09228566,0.09838646,-0.04761529,False,0.0
4748.052774625,20000000,0.0009315908,0.009004772,-0.0050263405,-0.11011206,0.11444403,-0.036581162,False,0.0
4748.072774625,0,0.006722346,0.008194089,-0.002682209,-0.105728015,0.1145428,-0.018008312,False,0.0
4748.092774625,20000000,0.01251702,0.007386744,-0.0003453493,-0.10134397,0.11464156,0.0005645361,False,0.0
4748.112774625,40000000,0.018315643,0.0065827966,0.0019842386,-0.096959926,0.11474032,0.019137386,False,0.0
4748.132774625,60000000,0.021886095,0.0056911707,0.0029479265,-0.08625021,0.1018653,0.03342724,False,0.0
4748.152774625,0,0.027066976,0.0015091896,0.004609525,-0.06485774,0.089590535,0.035529714,False,0.0
4748.172774625,20000000,0.032249272,-0.00266999,0.0062665343,-0.043465275,0.07731578,0.037632193,False,0.0
4748.192774625,40000000,0.026694238,-0.004741192,0.01728326,-0.017998595,0.04224823,0.060770605,False,0.0
4748.212774625,0,0.022223055,-0.0028629303,0.02088952,-0.02460129,-0.007235229,0.09497082,False,0.0
4748.232774625,20000000,0.01775235,-0.0009821653,0.0244959,-0.031203985,-0.05671869,0.12917104,False,0.0
4748.272774625,0,0.014372855,0.0055283904,0.0162099,-0.105682254,-0.092414685,0.1564126,False,0.0
4748.292774625,20000000,0.008634537,0.007695079,0.014787555,-0.13738921,-0.10322271,0.1661386,False,0.0
4748.312774625,40000000,0.002889961,0.009866536,0.013362646,-0.16909619,-0.11403074,0.17586459,False,0.0
4748.332774625,0,0.003012538,0.011790693,0.008907616,-0.1915095,-0.108517155,0.15841983,False,0.0
4748.352774625,20000000,0.0031239986,0.013722777,0.0044440627,-0.21392283,-0.10300357,0.14097509,False,0.0
4748.372774625,40000000,0.0028601587,0.011326432,-0.00029689074,-0.20278051,-0.08504124,0.10657787,False,0.0
4748.392774625,0,-0.0014897883,0.014019847,0.0007223487,-0.16885649,-0.07321525,0.07707207,False,0.0
4748.412774625,20000000,-0.0038028657,0.015632212,-0.003304422,-0.13464689,-0.06472661,0.06042575,False,0.0
4748.432774625,0,-0.004299253,0.017147183,-0.0064263344,-0.09127621,-0.058763273,0.04898192,False,0.0
4748.452774625,0,0.00044503808,0.011578441,-0.009559691,-0.06339262,-0.022104051,0.050153222,False,0.0
4748.472774625,20000000,0.005188495,0.006010413,-0.012693703,-0.03550902,0.014555175,0.051324528,False,0.0
4748.492774625,40000000,0.009931415,0.00044345856,-0.015828073,-0.0076254215,0.0512144,0.05249583,False,0.0
4748.512774625,0,0.0043176413,-0.0032448173,-0.004381597,0.015521115,0.053833615,0.060366668,False,0.0
4748.532774625,20000000,0.005028039,-0.002579689,0.0006546974,0.016471434,0.054024506,0.05772038,False,0.0
4748.552774625,0,0.0067387223,-0.004239559,0.0041654706,0.0054577077,0.041777458,0.057374798,False,0.0
4748.592774625,0,0.008180141,-0.0057181716,0.006306827,-0.016563468,0.0015331954,0.068974614,False,0.0
4748.612774625,0,0.019008815,-0.008003831,-0.0020654202,-0.02332088,-0.011703586,0.07804217,False,0.0
4748.632774625,20000000,0.028382272,-0.010943353,-0.006742358,-0.027176164,9.538885e-05,0.08059565,False,0.0
4748.652774625,0,0.031042397,-0.020088732,-0.006091714,-0.009256985,0.005715356,0.066420645,False,0.0
4748.672774625,0,0.027822226,-0.025735915,-0.00171417,0.014280027,0.0020880483,0.04739199,False,0.0
4748.692774625,20000000,0.024602532,-0.031382143,0.0026631355,0.03781704,-0.0015392597,0.028363332,False,0.0
4748.712774625,40000000,0.02057448,-0.0269019,0.007342756,0.0530897,-0.017829245,-0.002325002,False,0.0
4748.732774625,0,0.013000697,-0.0201298,0.012704074,0.05588986,-0.038209587,-0.027070615,False,0.0
4748.752774625,20000000,0.007324338,-0.0145068765,0.012896419,0.048443943,-0.052182127,-0.05171906,False,0.0
4748.772774625,0,0.001798749,-0.005852461,0.007337332,0.021980206,-0.055329498,-0.056863885,False,0.0
4748.792774625,20000000,-0.0037265718,0.0028036237,0.0017769337,-0.0044835284,-0.05847687,-0.062008712,False,0.0
4748.812774625,40000000,-0.010063648,0.0028049946,0.00044327974,-0.025276676,-0.059276402,-0.056226328,False,0.0
4748.832774625,0,-0.008676469,0.0008292794,-0.003175497,-0.039858047,-0.050951865,-0.054285675,False,0.0
4748.852774625,0,-0.012004912,0.0018334985,-0.0040144324,-0.050004203,-0.029581638,-0.06313755,False,0.0
4748.872774625,20000000,-0.018188715,0.007325411,-0.004595518,-0.061734688,-0.016257407,-0.07920279,False,0.0
4748.892774625,0,-0.025404602,0.009239137,-0.0077577233,-0.07446796,-0.007314616,-0.08636573,False,0.0
4748.912774625,0,-0.021469682,0.0030232668,-0.0102911,-0.07642847,0.010332269,-0.10386631,False,0.0
4748.932774625,0,-0.019885316,-0.0012204051,-0.014708221,-0.05745188,0.038479216,-0.12735495,False,0.0
4748.952774625,0,-0.029440045,-0.005967319,-0.0031810403,-0.025936276,0.05186378,-0.15399595,False,0.0
4748.972774625,20000000,-0.026850969,-0.000618577,-0.008871198,-0.005485069,0.07000221,-0.186892,False,0.0
4748.992774625,0,-0.02087441,0.0003991723,-0.017794669,-0.000738767,0.09628986,-0.2227256,False,0.0
4749.012774625,20000000,-0.016910896,-0.0037850142,-0.018489063,0.014145152,0.14246273,-0.2691414,False,0.0
4749.03270275,0,-0.024532862,0.00018855146,-0.008672478,0.035517607,0.16616449,-0.2994169,False,0.0
4749.05270275,20000000,-0.024289057,0.0048698187,-0.0071082115,0.045997676,0.16635248,-0.31121325,False,0.0
4749.07270275,0,-0.020253792,0.005896151,-0.0070790052,0.05591113,0.1759422,-0.3260434,False,0.0
4749.09270275,20000000,-0.018328503,0.0056883097,-0.0049083233,0.07338104,0.18834826,-0.3361173,False,0.0
4749.11270275,0,-0.01707378,0.009104252,-0.0030930638,0.084078886,0.19321251,-0.32969588,False,0.0
4749.13270275,20000000,-0.015817717,0.012527883,-0.0012732744,0.094776735,0.19807675,-0.32327443,False,0.0
4749.15270275,40000000,-0.015251204,0.014595091,0.00067067146,0.09424162,0.19862774,-0.3086947,False,0.0
4749.17270275,0,-0.015437558,0.01650852,0.0029476285,0.08371022,0.18274887,-0.27924067,False,0.0
4749.19270275,0,-0.0106104165,0.015802383,0.000539124,0.06522554,0.17872185,-0.2490408,False,0.0
4749.21270275,20000000,-0.0061242282,0.013985395,-0.00022095442,0.047462307,0.1812137,-0.21853606,False,0.0
4749.23270275,0,-0.0038059354,0.0138145685,0.0030596256,0.024217024,0.18349497,-0.19226676,False,0.0
4749.25270275,0,-0.0009242743,0.011230648,0.0053964853,0.00068184733,0.18489055,-0.1705813,False,0.0
4749.27270275,0,-0.00048100948,0.007617593,0.010543406,-0.013152201,0.1810455,-0.15377402,False,0.0
4749.29270275,0,0.0011426359,0.0035035014,0.012954056,-0.02041436,0.1624926,-0.14210199,False,0.0
4749.31270275,20000000,0.004713729,0.00255996,0.012614727,-0.025073228,0.14328992,-0.13030379,False,0.0
4749.33270275,0,0.007919177,0.0019946694,0.013068259,-0.023799539,0.1229934,-0.121419095,False,0.0
4749.35270275,0,0.009879425,0.0023591518,0.011819661,-0.022884563,0.09932397,-0.10750485,False,0.0
4749.37270275,0,0.011447713,0.0050519705,0.012341797,-0.029191975,0.0748499,-0.08782931,False,0.0
4749.39270275,20000000,0.016892418,0.0035504103,0.009285927,-0.042448726,0.05906204,-0.06645805,False,0.0
4749.41270275,0,0.02025403,0.0013857484,0.00997889,-0.055280745,0.046102967,-0.04823152,False,0.0
4749.43270275,0,0.023012802,0.00037950277,0.01315397,-0.060710624,0.036028117,-0.037299912,False,0.0
4749.45270275,0,0.025387198,0.0015457869,0.01124686,-0.068713315,0.02687775,-0.02220295,False,0.0
4749.47270275,0,0.02125904,0.004606724,0.015609801,-0.07072167,0.0061467215,-0.0034946185,False,0.0
4749.49270275,20000000,0.021527886,0.007292986,0.014366806,-0.07706279,-0.02153799,0.0212693,False,0.0
4749.51270275,0,0.031476557,0.007248938,0.008005798,-0.085557565,-0.031298682,0.0368344,False,0.0
4749.53270275,0,0.033673942,0.009597182,0.009375215,-0.086052515,-0.02459845,0.04608804,False,0.0
4749.55270275,0,0.027688622,0.012958407,0.014280677,-0.0803155,-0.030951597,0.05863088,False,0.0
4749.57270275,0,0.019857198,0.017400146,0.018259108,-0.07604853,-0.05236639,0.07952923,False,0.0
4749.59270275,20000000,0.016629249,0.017642975,0.015386641,-0.079369895,-0.07156521,0.093148924,False,0.0
4749.61270275,0,0.01594299,0.016268909,0.013919055,-0.075872205,-0.081614114,0.1015336,False,0.0
4749.63270275,0,0.014006138,0.014976859,0.011071384,-0.0722215,-0.09001209,0.10570656,False,0.0
4749.65270275,0,0.012723416,0.012485623,0.008667886,-0.0685671,-0.10017148,0.11055688,False,0.0
4749.67270275,0,0.011078447,0.009688556,0.0071516037,-0.064674586,-0.106978744,0.10829257,False,0.0
4749.69270275,20000000,0.0089122355,0.008984208,0.005446911,-0.057705197,-0.11669877,0.10524853,False,0.0
4749.71270275,0,0.0087450445,0.00675112,6.502867e-05,-0.049228232,-0.113367006,0.1003734,False,0.0
4749.73270275,0,0.0062980354,0.0066007376,-0.000977695,-0.03822033,-0.105104014,0.096670225,False,0.0
4749.75270275,0,2.8938055e-05,0.0087096095,0.0013584495,-0.032980364,-0.10526671,0.09867309,False,0.0
4749.77270275,0,-0.0033198446,0.008550942,0.001034677,-0.036879335,-0.098156005,0.091630355,False,0.0
4749.79270275,20000000,-0.005141154,0.0047597885,-0.0002207756,-0.03219171,-0.090424515,0.08283043,False,0.0
4749.81270275,0,-0.010449067,0.0012494326,0.00032573938,-0.024032287,-0.07716803,0.06966296,False,0.0
4749.83270275,20000000,-0.013039455,-0.0009006858,-0.0019935966,-0.013521696,-0.06458052,0.050827373,False,0.0
4749.85270275,0,-0.015928552,-0.0015913248,-0.00280118,-0.011579735,-0.049954373,0.023892744,False,0.0
4749.87270275,0,-0.013900518,-0.0007301569,-0.0048052073,-0.01348562,-0.029097518,-0.008343743,False,0.0
4749.89270275,20000000,-0.014435783,0.00050389767,-0.0071267486,-0.0072970088,-0.008944461,-0.04616931,False,0.0
4749.91270275,0,-0.011663318,0.0026637316,-0.011082172,0.0037492975,0.017485404,-0.08289306,False,0.0
4749.93270275,20000000,-0.009865269,0.0050540566,-0.010027945,0.01985706,0.042668786,-0.10736577,False,0.0
4749.95270275,0,-0.008383378,0.007504463,-0.0075671673,0.030073475,0.059992753,-0.10965462,False,0.0
4749.97270275,20000000,-0.0069016814,0.009956479,-0.0051056743,0.04028989,0.077316724,-0.11194347,False,0.0
4749.99270275,40000000,-0.008820012,0.009450018,0.00379467,0.045156214,0.07727558,-0.10102676,False,0.0
4750.01270275,0,-0.0017625839,0.009854376,0.0009069443,0.040502094,0.079423815,-0.09273918,False,0.0
4750.03270275,0,0.004594773,0.007861733,-0.0030218363,0.028738726,0.089052364,-0.08280434,False,0.0
4750.05270275,0,0.0028300434,0.0087533,0.0033900738,0.021719392,0.09156449,-0.07359636,False,0.0
4750.07270275,20000000,0.001066342,0.0096440315,0.00980103,0.014700058,0.094076626,-0.06438838,False,0.0
4750.09270275,40000000,0.0015503019,0.008198261,0.013755798,0.012745532,0.07620767,-0.054619435,False,0.0
4750.11270275,0,0.005221173,0.0046429634,0.01229465,0.008129755,0.06447658,-0.054093827,False,0.0
4750.13270275,0,0.0023956746,0.00427258,0.0142406225,0.010696994,0.047577,-0.056228764,False,0.0
4750.15270275,20000000,-0.0010834038,0.006380081,0.013991892,0.008364174,0.032246698,-0.056120675,False,0.0
4750.17270275,0,-0.00097584724,0.006212592,0.008233547,-0.003324247,0.024749937,-0.052180998,False,0.0
4750.19270275,0,-0.004142806,0.00674659,0.006150782,-0.014024379,0.013842393,-0.05231585,False,0.0
4750.21270275,0,-0.0075867474,0.0072372556,0.0036716461,-0.02012717,0.01756269,-0.05586567,False,0.0
4750.23270275,0,-0.0065792054,0.00764364,-0.0014830232,-0.018114453,0.014581025,-0.05716758,False,0.0
4750.25270275,20000000,-0.0033495128,0.008275986,-0.0070050955,-0.011088707,0.0337383,-0.07159887,False,0.0
4750.27270275,0,-0.007978469,0.008696973,-0.003606677,0.0007537296,0.047020573,-0.07788905,False,0.0
4750.29270275,20000000,-0.012606233,0.009118497,-0.00020802021,0.012596165,0.06030285,-0.08417922,False,0.0
4750.31270275,0,-0.011813283,0.0075008273,0.00041019917,0.018737905,0.06492327,-0.09064772,False,0.0
4750.33270275,20000000,-0.010389432,0.0060905814,0.000359416,0.026045108,0.06565889,-0.10045807,False,0.0
4750.35270275,0,-0.011947691,0.0063080788,0.00095552206,0.035530753,0.06550739,-0.10441709,False,0.0
4750.37270275,0,-0.012300268,0.0063305497,0.00020879507,0.037321497,0.06786537,-0.10214352,False,0.0
4750.39270275,0,-0.010584816,0.008747518,-0.0017985702,0.033329543,0.07514786,-0.09568993,False,0.0
4750.41270275,0,-0.0065848976,0.00834471,-0.003776133,0.02113016,0.0841009,-0.09278409,False,0.0
4750.43270275,20000000,-0.0038123876,0.0071952343,-0.002629757,0.0109447595,0.087974444,-0.08609675,False,0.0
4750.45270275,0,-0.0012587607,0.0067828894,0.00044053793,0.014840655,0.0878309,-0.07605262,False,0.0
4750.47270275,0,-0.0024448633,0.007817626,0.006436527,0.018839177,0.08065675,-0.060398728,False,0.0
4750.49270275,0,-0.0022159219,0.011035204,0.0061640143,0.021574765,0.06661783,-0.036061626,False,0.0
4750.51270275,0,-0.0028418899,0.010641634,0.0075436234,0.018488886,0.055479303,-0.011227036,False,0.0
4750.53270275,20000000,-0.0002168864,0.010121167,0.003868103,0.012794632,0.04236569,0.0047101025,False,0.0
4750.55270275,0,0.0066378713,0.0074160695,-0.0026772618,0.0044417027,0.036681037,0.018394908,False,0.0
4750.57270275,0,0.0069937706,0.0069161057,0.000580132,0.006543014,0.04074825,0.025621643,False,0.0
4750.59270275,20000000,0.0073500127,0.006416619,0.0038365722,0.008644326,0.044815462,0.03284838,False,0.0
4750.61270275,0,0.007894725,0.00666368,0.0073390007,0.009622864,0.024355602,0.044172034,False,0.0
4750.63270275,0,0.012451142,0.0041798353,0.00907594,0.01482165,0.010787519,0.05662809,False,0.0
4750.65270275,0,0.013119727,0.0037056804,0.008400559,0.013362862,-0.00809221,0.07375374,False,0.0
4750.67270275,20000000,0.011994302,0.003473878,0.006462157,0.00861597,-0.0344064,0.09845801,False,0.0
4750.69270275,0,0.012212753,0.0010586381,0.0030063987,0.00407404,-0.05750943,0.11976341,False,0.0
4750.71270275,20000000,0.015126944,-0.004351914,-0.00088244677,-0.0072427923,-0.05766605,0.14017141,False,0.0
4750.73270275,0,0.014519334,-0.008563578,0.00024312735,-0.010815117,-0.05854717,0.14826573,False,0.0
4750.75270275,0,0.009132892,-0.011734486,0.0035704374,-0.022208612,-0.06751994,0.1479491,False,0.0
4750.77270275,20000000,0.012250036,-0.01505959,0.001914382,-0.031347644,-0.0719426,0.13404559,False,0.0
4750.79270275,0,0.015036643,-0.016509116,-0.0024582744,-0.035677902,-0.06314096,0.10612416,False,0.0
4750.81270275,0,0.013101786,-0.016551912,-0.0022098422,-0.030550893,-0.056336496,0.08301455,False,0.0
4750.83270275,20000000,0.007863581,-0.014958322,0.0003296733,-0.021117952,-0.061040793,0.06522002,False,0.0
4750.85270275,0,0.004100442,-0.013157666,-0.00015950203,-0.010643367,-0.070625335,0.05316244,False,0.0
4750.87270275,0,0.002235055,-0.012142718,-0.0039010048,-0.008478912,-0.064263076,0.0390696,False,0.0
4750.89270275,20000000,0.00037029386,-0.011128187,-0.0076429844,-0.0063144565,-0.057900816,0.024976756,False,0.0
4750.91270275,40000000,-0.0062921643,-0.010595262,-0.0054143667,-0.0070291897,-0.05036038,0.011516902,False,0.0
4750.93270275,0,-0.0101372,-0.010225534,-0.0093694925,-0.009621609,-0.040967774,-0.0009590406,False,0.0
4750.95270275,20000000,-0.011221632,-0.008243084,-0.014271677,-0.0152306,-0.03032609,-0.015984729,False,0.0
4750.97270275,0,-0.011668041,-0.01199317,-0.016729534,-0.021513881,-0.011001172,-0.04460705,False,0.0
4750.99270275,0,-0.009106979,-0.017156124,-0.0211761,-0.013308957,0.025576832,-0.080070406,False,0.0
4751.01270275,20000000,-0.009473234,-0.024455428,-0.024663866,0.007496113,0.06677541,-0.13164279,False,0.0
4751.03270275,0,-0.014737874,-0.023930967,-0.027305543,0.029970415,0.11016236,-0.18027481,False,0.0
4751.05270275,0,-0.02317217,-0.025018632,-0.021734715,0.052419215,0.13061543,-0.23084928,False,0.0
4751.07270275,0,-0.01714845,-0.022044301,-0.026457429,0.064038604,0.1708193,-0.28695217,False,0.0
4751.09270275,0,-0.010126427,-0.019889057,-0.03350669,0.060657054,0.23228607,-0.34567118,False,0.0
4751.11270275,20000000,-0.010449827,-0.024164975,-0.035700023,0.07584369,0.30507615,-0.39474234,False,0.0
4751.13270275,0,-0.025174439,-0.016079128,-0.018003702,0.10681073,0.3586682,-0.44302073,False,0.0
4751.15270275,0,-0.031586275,-0.0007805228,-0.009729385,0.10505146,0.38043568,-0.482839,False,0.0
4751.17270275,0,-0.027004987,-0.012201369,-0.023243427,0.108415134,0.4295541,-0.5475777,False,0.0
4751.19270275,20000000,-0.027550727,-0.027415156,-0.029295862,0.13911735,0.487445,-0.62032163,False,0.0
4751.21270275,40000000,-0.032553986,-0.02813381,-0.026404142,0.1795581,0.5559625,-0.70227027,False,0.0
4751.23270275,0,-0.03679146,-0.029593647,-0.029119134,0.2009252,0.6127403,-0.79149187,False,0.0
4751.25270275,0,-0.034050345,-0.051937938,-0.030335903,0.2445516,0.67475194,-0.9225324,False,0.0
4751.27270275,20000000,-0.02966538,-0.10529894,-0.043245852,0.35584903,0.77813214,-1.1380228,False,0.0
4751.29270275,0,-0.050338686,-0.13172367,-0.03683883,0.5090114,0.8508017,-1.4122299,False,0.0
4751.31270275,0,-0.06548771,-0.12593958,-0.038149536,0.6500516,0.9044334,-1.6879349,False,0.0
4751.33270275,0,-0.08253057,-0.09161782,-0.038461685,0.7383895,0.9601004,-1.893417,False,0.0
4751.35270275,0,-0.090831876,-0.05474347,-0.03801906,0.77456284,0.99357426,-2.0499895,False,0.0
4751.37270275,0,-0.09665018,-0.024235547,-0.027437747,0.7602861,1.0118644,-2.098272,False,0.0
4751.39270275,20000000,-0.102691196,0.0067469478,-0.016709387,0.7460094,1.0301546,-2.1465547,False,0.0
4751.41270275,0,-0.102064714,0.043579936,-0.005061567,0.69001114,0.99884564,-2.098939,False,0.0
4751.43270275,20000000,-0.084083974,0.05166447,-0.0076514482,0.63570756,0.9867632,-2.0258656,False,0.0
4751.45270275,0,-0.08307386,0.068112254,0.0031824708,0.5770823,0.9668137,-1.9069116,False,0.0
4751.47270275,0,-0.07302563,0.08090949,0.011233091,0.5074923,0.9186011,-1.7537534,False,0.0
4751.49270275,0,-0.060073853,0.09127873,0.016974509,0.4092485,0.87204105,-1.6112986,False,0.0
4751.51264975,0,-0.041641545,0.08884389,0.020648917,0.33135945,0.8421079,-1.4838306,False,0.0
4751.53264975,0,-0.03739807,0.09436458,0.022060096,0.27269664,0.80937046,-1.32691,False,0.0
4751.55264975,20000000,-0.03258957,0.097334564,0.022821367,0.22150642,0.7634332,-1.1529593,False,0.0
4751.57264975,0,-0.027073607,0.099992156,0.025762975,0.17097461,0.71193075,-0.9752877,False,0.0
4751.59264975,0,-0.020498484,0.103370845,0.027355075,0.11149387,0.6607692,-0.81018597,False,0.0
4751.61264975,0,-0.02043207,0.10608208,0.036206603,0.039307535,0.5983782,-0.6627693,False,0.0
4751.63264975,0,-0.010187864,0.109247506,0.03770256,-0.042996027,0.5317322,-0.5304979,False,0.0
4751.65264975,20000000,0.0015492141,0.102145016,0.03881842,-0.11218453,0.4840297,-0.4010589,False,0.0
4751.67264975,0,0.0026719868,0.10172552,0.043590486,-0.16538301,0.44086626,-0.24952771,False,0.0
4751.69264975,0,-0.0060776025,0.117123604,0.05134535,-0.22755699,0.3577045,-0.06510559,False,0.0
4751.71264975,0,-0.01852414,0.144786,0.05353409,-0.32952416,0.24941769,0.1528024,False,0.0
4751.73264975,0,-0.026346207,0.17662144,0.044185817,-0.48266584,0.12811738,0.4312666,False,0.0
4751.75264975,20000000,-0.026712388,0.2021702,0.030877113,-0.67615527,0.034184106,0.7679707,False,0.0
4751.77264975,0,-0.019753322,0.20915622,0.01517278,-0.8944905,-0.020891517,1.131165,False,0.0
4751.79264975,20000000,-0.0010161996,0.18435448,-0.0007420778,-1.0877907,-0.023217656,1.4618058,False,0.0
4751.81264975,0,0.015492693,0.13188487,-0.008733332,-1.1982338,0.033460476,1.6950331,False,0.0
4751.83264975,20000000,0.020282567,0.07578808,-0.010969937,-1.2178004,0.0937467,1.8396397,False,0.0
4751.85264975,0,0.016346842,0.024594307,-0.0053043365,-1.1713946,0.1425171,1.9053856,False,0.0
4751.87264975,20000000,0.01212126,-0.029063225,0.012060761,-1.0471028,0.16558975,1.8501314,False,0.0
4751.89264975,0,0.0030463934,-0.05570668,0.02779305,-0.90297365,0.1560839,1.7211449,False,0.0
4751.91264975,0,-0.0031933486,-0.06634134,0.039939642,-0.7703489,0.12252766,1.5415562,False,0.0
4751.93264975,20000000,0.0023380518,-0.078274846,0.04595846,-0.6443296,0.08793157,1.3256989,False,0.0
4751.95264975,0,0.009363711,-0.08550346,0.05216694,-0.5161376,0.06315823,1.0896544,False,0.0
4751.97264975,0,0.025276989,-0.08729416,0.050661027,-0.38224944,0.06303113,0.8495449,False,0.0
4751.99264975,0,0.03704557,-0.08149403,0.05270171,-0.2493757,0.07122626,0.6095152,False,0.0
4752.01264975,0,0.04874006,-0.07166982,0.053852797,-0.121362284,0.08542195,0.39294773,False,0.0
4752.03264975,0,0.061862707,-0.05972308,0.05010611,-0.005457416,0.10805164,0.20155193,False,0.0
4752.05264975,20000000,0.07517031,-0.046281874,0.04447192,0.09617106,0.13164717,0.03354937,False,0.0
4752.07264975,0,0.07424179,-0.02947241,0.043536723,0.15072067,0.11997976,-0.060835905,False,0.0
4752.09264975,20000000,0.0733051,-0.012656748,0.042596698,0.20527029,0.10831235,-0.1552212,False,0.0
4752.11264975,40000000,0.07236034,0.004165113,0.041651666,0.2598199,0.09664494,-0.24960646,False,0.0
4752.13264975,0,0.068053186,0.0122997165,0.037792623,0.30555868,0.028232634,-0.2780941,False,0.0
4752.15264975,20000000,0.058765322,0.00400126,0.035586357,0.35644192,-0.04340274,-0.28176796,False,0.0
4752.17264975,0,0.051857263,-0.016250968,0.0334118,0.43177608,-0.10105896,-0.29722255,False,0.0
4752.19264975,0,0.038032323,-0.022877753,0.02909708,0.4965671,-0.12709431,-0.3222202,False,0.0
4752.21264975,20000000,0.01633805,-0.024199009,0.026817858,0.5329305,-0.14869894,-0.36431083,False,0.0
4752.23264975,0,-0.0031104684,-0.025131404,0.021417081,0.54329824,-0.180017,-0.40451136,False,0.0
4752.25264975,20000000,-0.013282895,-0.038550973,0.009602845,0.5596533,-0.18837123,-0.47568417,False,0.0
4752.27264975,0,-0.015717208,-0.056305945,-0.011382639,0.5936501,-0.15938047,-0.58701855,False,0.0
4752.29264975,20000000,-0.02193737,-0.06660658,-0.024372578,0.64326984,-0.10988815,-0.7247822,False,0.0
4752.31264975,0,-0.030003428,-0.067214966,-0.03403306,0.6961026,-0.05263805,-0.8705294,False,0.0
4752.33264975,0,-0.040222466,-0.059898973,-0.041063964,0.7397275,-0.0071260557,-0.99433327,False,0.0
4752.35264975,20000000,-0.04490125,-0.053700328,-0.0487864,0.773894,0.056640245,-1.1045042,False,0.0
4752.37264975,0,-0.04660189,-0.042009056,-0.056969583,0.7988243,0.1224653,-1.1876701,False,0.0
4752.39264975,20000000,-0.043821722,-0.03231758,-0.06675863,0.8019561,0.22447225,-1.2637361,False,0.0
4752.41264975,0,-0.05572501,-0.0134676695,-0.06991732,0.7816544,0.31540012,-1.3225477,False,0.0
4752.43264975,20000000,-0.07795566,0.010500371,-0.06347895,0.73557127,0.3634649,-1.3226079,False,0.0
4752.45264975,0,-0.09451316,0.027377248,-0.056105137,0.67501897,0.37997642,-1.2649989,False,0.0
4752.47264975,0,-0.104854986,0.03564179,-0.049191713,0.62139857,0.37729406,-1.1504753,False,0.0
4752.49264975,0,-0.112858176,0.028312027,-0.04316622,0.5875488,0.36696815,-0.99222094,False,0.0
4752.51264975,0,-0.116769984,0.012148678,-0.046520293,0.5597531,0.35147133,-0.8130187,False,0.0
4752.53264975,0,-0.12550923,-0.0011014342,-0.04631102,0.52612424,0.30913198,-0.6347399,False,0.0
4752.55264975,0,-0.13105665,-0.009371638,-0.05486077,0.45979816,0.2438072,-0.47417837,False,0.0
4752.57264975,20000000,-0.1324733,-0.020022213,-0.072705805,0.37584358,0.17364883,-0.33552626,False,0.0
4752.59264975,0,-0.12829137,-0.038049817,-0.095271885,0.29299226,0.13377543,-0.22602755,False,0.0
4752.61264975,0,-0.110589415,-0.06964311,-0.12131888,0.24998716,0.13504115,-0.1496976,False,0.0
4752.63264975,20000000,-0.08665943,-0.10424051,-0.14080137,0.24585488,0.21108335,-0.13541363,False,0.0
4752.65264975,0,-0.07689193,-0.12592527,-0.14199346,0.26057675,0.3075839,-0.16875008,False,0.0
4752.67264975,0,-0.0854678,-0.12858301,-0.12249291,0.28000617,0.37001777,-0.20807439,False,0.0
4752.69264975,20000000,-0.09141348,-0.12421048,-0.10401356,0.28525698,0.3892814,-0.23378982,False,0.0
4752.71264975,0,-0.08058174,-0.12604445,-0.09460485,0.28860524,0.4127613,-0.26730418,False,0.0
4752.73264975,0,-0.082270846,-0.12004471,-0.07952279,0.2885391,0.43278024,-0.28878307,False,0.0
4752.75264975,0,-0.09004417,-0.112716615,-0.06271678,0.28426826,0.4292102,-0.28302613,False,0.0
4752.77264975,20000000,-0.0923191,-0.11088246,-0.051876843,0.28180495,0.38915008,-0.26050228,False,0.0
4752.79264975,0,-0.08292112,-0.11661312,-0.05401337,0.27505514,0.35922995,-0.24276051,False,0.0
4752.81264975,0,-0.07704361,-0.116939515,-0.055780172,0.26398,0.3395788,-0.22929484,False,0.0
4752.83264975,20000000,-0.07651065,-0.11759129,-0.05365932,0.25247055,0.30501744,-0.2085083,False,0.0
4752.85264975,0,-0.063819796,-0.116957545,-0.06169218,0.23593001,0.25624114,-0.1750533,False,0.0
4752.87264975,0,-0.050918788,-0.116214305,-0.060452998,0.20423189,0.21047466,-0.14484693,False,0.0
4752.89264975,0,-0.037971854,-0.10732129,-0.061561406,0.15397072,0.16721861,-0.116886266,False,0.0
4752.91264975,0,-0.023616105,-0.09176502,-0.067796946,0.07525117,0.08953491,-0.08547954,False,0.0
4752.93264975,20000000,-0.009869546,-0.07483879,-0.070816696,-0.034034625,0.052610423,-0.09139507,False,0.0
4752.95264975,0,-0.025613427,-0.04470107,-0.01861757,-0.14412649,0.0015303232,-0.08920346,False,0.0
4752.97264975,0,-0.010850966,-0.018862128,0.0075789094,-0.22962856,-0.03201432,-0.0901896,False,0.0
4752.99264975,20000000,0.0039132833,0.0069821477,0.03376341,-0.31513062,-0.06555897,-0.091175735,False,0.0
4753.01264975,0,0.027152807,0.026876748,0.04245925,-0.38846052,-0.032285593,-0.12642333,False,0.0
4753.03264975,20000000,0.03758633,0.053842723,0.05917895,-0.44435143,0.005796477,-0.1655111,False,0.0
4753.05264975,0,0.042031497,0.08572394,0.07558471,-0.48989916,0.025259815,-0.17825039,False,0.0
4753.07264975,0,0.04132077,0.12120187,0.094341695,-0.5163222,-0.0033972748,-0.14715563,False,0.0
4753.09264975,0,0.039889544,0.15582466,0.106161594,-0.5417453,-0.050234973,-0.07139577,False,0.0
4753.11264975,20000000,0.033742398,0.19117194,0.12632817,-0.5583812,-0.13736694,0.061056837,False,0.0
4753.13264975,0,0.037255853,0.21600384,0.13254458,-0.57458717,-0.2366885,0.24384783,False,0.0
4753.15264975,0,0.04944998,0.22234112,0.12792873,-0.58887,-0.303534,0.4434095,False,0.0
4753.17264975,20000000,0.066758454,0.2108627,0.11954409,-0.5993596,-0.33783877,0.6475798,False,0.0
4753.19264975,0,0.080934405,0.18919748,0.10609311,-0.61369336,-0.34462357,0.82555026,False,0.0
4753.21264975,0,0.08338261,0.1703583,0.10504067,-0.63287747,-0.35681716,1.0057329,False,0.0
4753.23264975,0,0.10153243,0.1449126,0.09285712,-0.66835654,-0.34606484,1.1428939,False,0.0
4753.25264975,0,0.11765066,0.11358112,0.088831425,-0.6989997,-0.30895513,1.2125529,False,0.0
4753.27264975,0,0.11874017,0.09115863,0.09339458,-0.70732915,-0.2565348,1.1738516,False,0.0
4753.29264975,20000000,0.11972791,0.069088936,0.09796989,-0.7156586,-0.2041145,1.1351504,False,0.0
4753.31264975,0,0.11647028,0.03666395,0.10867417,-0.67330444,-0.20637804,1.0355983,False,0.0
4753.33264975,0,0.115692645,0.01774919,0.112054765,-0.6000063,-0.21193877,0.89994895,False,0.0
4753.35264975,0,0.10577986,0.00021034479,0.11361396,-0.5087722,-0.22665654,0.73193663,False,0.0
4753.37264975,20000000,0.093456626,-0.011568129,0.11387873,-0.41845155,-0.25585073,0.55949646,False,0.0
4753.39264975,0,0.09683454,-0.036471546,0.10056889,-0.31841373,-0.26630667,0.360429,False,0.0
4753.41264975,20000000,0.10490778,-0.06089604,0.0858773,-0.202384,-0.23482075,0.108294666,False,0.0
4753.43264975,0,0.10150334,-0.072090924,0.06317687,-0.08864258,-0.13475119,-0.19576839,False,0.0
4753.45264975,0,0.06781691,-0.06545061,0.06180191,0.03382013,-0.059085906,-0.4828305,False,0.0
4753.49264975,0,0.009453297,-0.006369829,0.06536406,0.21575205,-0.004073736,-0.8597539,False,0.0
4753.51264975,0,0.011408836,0.017220318,0.0597893,0.2763347,0.034044933,-0.9740443,False,0.0
4753.53264975,0,0.015058011,0.043946207,0.06366897,0.32288662,0.06856032,-1.0601215,False,0.0
4753.55264975,0,0.024739236,0.058606386,0.057893097,0.3567217,0.11353609,-1.1319876,False,0.0
4753.57264975,20000000,0.026200294,0.069467366,0.05786282,0.3796584,0.17313123,-1.1868224,False,0.0
4753.59264975,0,0.018186271,0.0850935,0.06442863,0.39789352,0.1977118,-1.1866418,False,0.0
4753.61264975,20000000,0.01655975,0.09817183,0.06893277,0.4128824,0.21581934,-1.1669976,False,0.0
4753.63264975,0,0.012425035,0.11653507,0.07670683,0.41661963,0.2147721,-1.1171148,False,0.0
4753.65264975,0,0.01779072,0.12774932,0.07743436,0.4032942,0.2074806,-1.0445219,False,0.0
4753.67264975,20000000,0.023765936,0.12654108,0.074070096,0.39619333,0.21240504,-0.98119944,False,0.0
4753.69264975,0,0.019906059,0.12857461,0.07103056,0.3979958,0.24093917,-0.91243064,False,0.0
4753.71264975,0,0.019569397,0.12610972,0.070875525,0.40544784,0.2637414,-0.85342896,False,0.0
4753.73264975,0,0.02653709,0.11420822,0.06866896,0.42049983,0.2943526,-0.8203806,False,0.0
4753.75264975,20000000,0.035172284,0.09843147,0.060115755,0.43370965,0.36154312,-0.8177282,False,0.0
4753.77264975,0,0.043286875,0.087969065,0.054556668,0.472355,0.41108242,-0.83741534,False,0.0
4753.79264975,0,0.04412052,0.079654455,0.043433547,0.50053513,0.47709918,-0.8773704,False,0.0
4753.81264975,20000000,0.046359777,0.06603086,0.033150017,0.52773523,0.536122,-0.9448302,False,0.0
4753.83264975,0,0.043965608,0.03351909,0.031786203,0.5895668,0.5998541,-1.0676017,False,0.0
4753.85264975,0,0.02510105,0.010962963,0.035937786,0.69957745,0.66664046,-1.2361683,False,0.0
4753.87264975,0,0.010504559,0.02414298,0.035568178,0.8155077,0.695693,-1.3872617,False,0.0
4753.89264975,20000000,-0.0044094324,0.03760898,0.035154164,0.93143797,0.7247456,-1.5383552,False,0.0
4753.91264975,40000000,-0.011037305,0.070100784,0.032577515,0.96708584,0.73170805,-1.5538365,False,0.0
4753.93264975,0,-0.00829415,0.08990306,0.029237628,0.94813263,0.72669107,-1.4736193,False,0.0
4753.95264975,0,-0.0026926994,0.08531833,0.017717838,0.89270085,0.73472565,-1.340589,False,0.0
4753.972497,0,0.0061495556,0.076578066,-0.008473353,0.7936681,0.67582774,-1.1807178,False,0.0
4753.992497,0,0.011140034,0.070537925,-0.033477962,0.6230728,0.6305304,-1.0332804,False,0.0
4754.012497,0,0.0031829327,0.061823905,-0.036272943,0.46796897,0.5637156,-0.8626333,False,0.0
4754.032497,0,-0.0044530183,0.037679136,-0.03333819,0.35565358,0.502254,-0.6697344,False,0.0
4754.052497,20000000,-0.008950666,-0.0044278502,-0.027638376,0.30523902,0.47594172,-0.49674556,False,0.0
4754.072497,0,-0.030750081,-0.032642394,-0.017694354,0.28841814,0.43327597,-0.36782235,False,0.0
4754.092497,20000000,-0.05258766,-0.060874343,-0.0078070164,0.27159727,0.39061022,-0.23889911,False,0.0
4754.112497,40000000,-0.06609634,-0.08235279,-0.0077199936,0.22574358,0.33125284,-0.1566841,False,0.0
4754.132497,0,-0.074321665,-0.10355711,-0.009574592,0.17237583,0.25243825,-0.11462102,False,0.0
4754.152497,0,-0.079800166,-0.117486656,-0.015253961,0.12037225,0.18364841,-0.102556504,False,0.0
4754.172497,20000000,-0.08659238,-0.12205079,-0.024584472,0.071795546,0.11956637,-0.10245717,False,0.0
4754.192497,0,-0.095387325,-0.11093494,-0.037913322,0.017899957,0.04405255,-0.10047055,False,0.0
4754.212497,20000000,-0.09814962,-0.09076029,-0.05584985,-0.05525211,-0.022224404,-0.08025045,False,0.0
4754.232497,0,-0.08375624,-0.08138347,-0.07933754,-0.11575194,-0.05673842,-0.04854495,False,0.0
4754.252497,0,-0.06421136,-0.07847452,-0.099936485,-0.14708734,-0.025818227,-0.009569969,False,0.0
4754.272497,0,-0.048323005,-0.07545519,-0.10645783,-0.14347084,0.03303939,0.039985158,False,0.0
4754.292497,0,-0.035076797,-0.07754874,-0.09796089,-0.11882056,0.09035218,0.09822184,False,0.0
4754.312497,20000000,-0.01725325,-0.08594802,-0.084690094,-0.081707865,0.14376214,0.1392746,False,0.0
4754.332497,0,-0.0031069368,-0.09654978,-0.07252467,-0.05006146,0.19305013,0.13544768,False,0.0
4754.352497,20000000,0.011042759,-0.107141644,-0.0603714,-0.018415056,0.24233812,0.13162076,False,0.0
4754.372497,0,0.011652425,-0.11601153,-0.041384637,0.0062992256,0.26000354,0.12709893,False,0.0
4754.392497,0,0.0059280246,-0.12086585,-0.022484004,0.015699524,0.23762181,0.13009027,False,0.0
4754.412497,0,0.0026207417,-0.118439496,-0.0107703805,0.001234021,0.19367024,0.13487363,False,0.0
4754.432497,0,-0.00041230023,-0.11522061,-0.00581795,-0.030652668,0.13964523,0.13098653,False,0.0
4754.452497,0,-0.00799115,-0.10927644,-0.0024448633,-0.06815316,0.08754909,0.12241365,False,0.0
4754.472497,0,-0.014801547,-0.10222271,-0.006360173,-0.109320246,0.041571837,0.10817028,False,0.0
4754.492497,20000000,-0.020575896,-0.09123808,-0.010873079,-0.15245539,0.000886485,0.098250315,False,0.0
4754.512497,0,-0.020706475,-0.07735112,-0.023172319,-0.2001573,-0.008348175,0.07251256,False,0.0
4754.532497,0,-0.023679778,-0.056290627,-0.030562937,-0.25259185,-0.01093265,0.041278556,False,0.0
4754.552497,20000000,-0.021966279,-0.030742884,-0.03335023,-0.30975655,-0.009694747,0.003991533,False,0.0
4754.572497,0,-0.019162714,-0.00042289495,-0.026429653,-0.35313854,0.0070314566,-0.046169285,False,0.0
4754.592497,20000000,-0.013354301,0.03238678,-0.015304804,-0.38038623,0.038808223,-0.0960032,False,0.0
4754.612497,0,-0.0039942265,0.063853085,-0.002693832,-0.39149705,0.0832632,-0.13091892,False,0.0
4754.632497,0,-0.0029389411,0.08674276,0.01728326,-0.36827433,0.11704484,-0.13487451,False,0.0
4754.652497,20000000,-0.0018568337,0.10965711,0.037220836,-0.34505165,0.15082645,-0.13883008,False,0.0
4754.672497,0,-0.0036911666,0.12345922,0.05648768,-0.30727714,0.1565263,-0.10720788,False,0.0
4754.692497,0,-0.00010834634,0.12181389,0.06394881,-0.26635668,0.15048641,-0.056895636,False,0.0
4754.712497,0,0.0011761338,0.11476499,0.0702188,-0.22815043,0.13571863,-0.004098635,False,0.0
4754.732497,0,-0.00071015954,0.1061998,0.07230419,-0.21032321,0.110813275,0.04131218,False,0.0
4754.752497,0,0.0009149462,0.09150225,0.06992674,-0.2061244,0.086911626,0.06596779,False,0.0
4754.772497,20000000,0.0029031038,0.077685595,0.064120054,-0.2099127,0.06423309,0.06829113,False,0.0
4754.792497,0,0.005171269,0.07073891,0.057864845,-0.21803294,0.054652825,0.055642337,False,0.0
4754.812497,0,0.008321643,0.06851965,0.054403245,-0.23403305,0.05946183,0.03889133,False,0.0
4754.832497,20000000,0.012346193,0.06892067,0.05041641,-0.2478118,0.07181405,0.01444374,False,0.0
4754.852497,0,0.01775904,0.06425518,0.050517976,-0.2462218,0.08944153,-0.004159946,False,0.0
4754.872497,0,0.019252434,0.06575036,0.0532912,-0.22970626,0.11245616,-0.013255637,False,0.0
4754.892497,0,0.018343374,0.07085878,0.0569281,-0.20979029,0.117809236,-0.005083642,False,0.0
4754.912497,0,0.016459614,0.07604164,0.062262774,-0.19171627,0.10920621,0.0071212053,False,0.0
4754.932497,20000000,0.016495377,0.077328086,0.062286675,-0.18484621,0.09867797,0.020847056,False,0.0
4754.952497,0,0.01745914,0.07421434,0.06181097,-0.17288253,0.086008765,0.028327992,False,0.0
4754.972497,20000000,0.018427104,0.071116686,0.061316192,-0.16091885,0.07333956,0.03580893,False,0.0
4754.992497,40000000,0.01850228,0.068219066,0.05940807,-0.14971343,0.06637057,0.025632735,False,0.0
4755.012497,0,0.020295247,0.06470877,0.059092104,-0.13905416,0.05700646,0.016984161,False,0.0
4755.032497,0,0.023592532,0.057902694,0.056089282,-0.12031811,0.04306052,0.0076864306,False,0.0
4755.052497,20000000,0.027808532,0.05442214,0.05102533,-0.101870105,0.036887757,0.012407983,False,0.0
4755.072497,0,0.031675458,0.05144745,0.047839224,-0.087746605,0.034030933,0.024298482,False,0.0
4755.092497,20000000,0.03161922,0.048036814,0.04659432,-0.08209262,0.02713247,0.04523857,False,0.0
4755.112497,0,0.033516392,0.045235157,0.04378277,-0.082162485,0.017743822,0.06734071,False,0.0
4755.132497,0,0.031876847,0.0435915,0.04294187,-0.09281881,0.01609315,0.08435779,False,0.0
4755.152497,0,0.020673037,0.043200433,0.048860967,-0.09608421,0.0048000375,0.09914194,False,0.0
4755.172497,0,0.007903606,0.0479818,0.052050054,-0.09434745,-0.020335842,0.12705198,False,0.0
4755.192497,20000000,-0.0007483065,0.050080836,0.046834767,-0.09987463,-0.043332458,0.15214412,False,0.0
4755.212497,0,-0.00083065033,0.05132562,0.033759475,-0.11154696,-0.039933495,0.16598232,False,0.0
4755.232497,0,-0.0033547282,0.05181557,0.029077768,-0.10699639,-0.012706023,0.16562435,False,0.0
4755.252497,20000000,-0.0058837533,0.05231917,0.024391294,-0.10244581,0.0145214535,0.16526638,False,0.0
4755.272497,0,-0.005112976,0.047980428,0.021436036,-0.08438979,0.047634773,0.13211882,False,0.0
4755.292497,20000000,-0.005545348,0.044324756,0.02002132,-0.055673793,0.082594976,0.06816055,False,0.0
4755.312497,0,-0.005005747,0.033911705,0.0143485665,-0.0067868344,0.11357393,-0.011583827,False,0.0
4755.332497,0,-0.011451721,0.01924014,0.0077661276,0.05774157,0.15637451,-0.09945282,False,0.0
4755.352497,20000000,-0.013730183,-0.0009166002,-0.0018238425,0.14072931,0.20549235,-0.20451877,False,0.0
4755.372497,0,-0.014431074,-0.03815508,-0.016961217,0.28055263,0.31443137,-0.41118968,False,0.0
4755.392497,20000000,-0.015152991,-0.075380206,-0.032101035,0.4203759,0.42337042,-0.61786056,False,0.0
4755.412497,0,-0.024576262,-0.107611954,-0.04140532,0.6073379,0.5655061,-0.9273342,False,0.0
4755.432497,20000000,-0.04907742,-0.1076982,-0.03793603,0.7923274,0.7093713,-1.2944173,False,0.0
4755.452497,0,-0.08428034,-0.07693058,-0.02220434,0.9467908,0.79672915,-1.6318991,False,0.0
4755.472497,0,-0.1094283,-0.032154024,-0.00823766,1.0545769,0.8508591,-1.9132346,False,0.0
4755.492497,0,-0.1259524,0.013643265,0.0011752844,1.1247934,0.88450086,-2.1288657,False,0.0
4755.512497,0,-0.13396671,0.052918553,0.0049618483,1.181277,0.9016629,-2.2656446,False,0.0
4755.532497,20000000,-0.14502911,0.093820155,0.00053685904,1.2069182,0.9339479,-2.336374,False,0.0
4755.552497,0,-0.14743567,0.13147956,-0.010172665,1.2062907,0.984887,-2.3553352,False,0.0
4755.572497,0,-0.14725192,0.15916348,-0.0002605915,1.1632205,1.014878,-2.2718308,False,0.0
4755.592497,20000000,-0.14775252,0.18751913,0.009603679,1.1201502,1.0448691,-2.1883266,False,0.0
4755.612497,40000000,-0.1413665,0.20514512,0.01732421,1.048355,1.0693338,-2.062508,False,0.0
4755.632497,0,-0.13073619,0.20705098,0.030835748,0.9862361,1.0779095,-1.9332305,False,0.0
4755.652497,0,-0.1231877,0.20086235,0.043227375,0.92690265,1.0835229,-1.8126867,False,0.0
4755.672497,0,-0.11157861,0.19220579,0.049660563,0.8772134,1.070902,-1.7059956,False,0.0
4755.692497,0,-0.10080661,0.18411809,0.05811143,0.822926,1.0798837,-1.6341782,False,0.0
4755.712497,0,-0.099926785,0.18845236,0.06710827,0.7557933,1.0593549,-1.5597527,False,0.0
4755.732497,20000000,-0.10053025,0.19195622,0.07872504,0.6904642,1.0065193,-1.4860077,False,0.0
4755.752497,0,-0.093209885,0.18622613,0.07777327,0.64616483,0.97052985,-1.4380051,False,0.0
4755.772497,20000000,-0.08095895,0.1814506,0.06607735,0.6119148,0.9549181,-1.4045396,False,0.0
4755.792497,0,-0.070146754,0.1893143,0.066696644,0.58508384,0.9488815,-1.355791,False,0.0
4755.812497,0,-0.06876004,0.19058117,0.08076024,0.58015835,0.90879774,-1.2775637,False,0.0
4755.832497,20000000,-0.070559606,0.18503526,0.09426254,0.58757305,0.8591119,-1.1851754,False,0.0
4755.852497,0,-0.06063728,0.1722486,0.09333354,0.59413075,0.8086158,-1.0882504,False,0.0
4755.872497,0,-0.0563356,0.13897768,0.084023654,0.64845747,0.7841804,-1.0766248,False,0.0
4755.892497,20000000,-0.052236676,0.105660975,0.07455629,0.70278424,0.759745,-1.0649991,False,0.0
4755.912497,40000000,-0.052529976,0.08682969,0.06873137,0.75383687,0.7464855,-1.1002821,False,0.0
4755.932497,0,-0.053241894,0.076530814,0.06798881,0.7906842,0.7202927,-1.1545957,False,0.0
4755.952497,0,-0.0401572,0.06553301,0.059756517,0.8057434,0.70568967,-1.2158427,False,0.0
4755.972497,20000000,-0.026595503,0.04513529,0.06350958,0.83060664,0.7021217,-1.2873082,False,0.0
4755.992497,0,-0.011907041,0.027875125,0.05120164,0.8470095,0.713665,-1.4008273,False,0.0
4756.012497,20000000,-0.0060448647,0.03034833,0.053309858,0.8360296,0.69995725,-1.5270804,False,0.0
4756.032497,0,-0.0032835007,0.045159698,0.065289795,0.8182549,0.6379782,-1.6098236,False,0.0
4756.052497,0,0.011044189,0.053946972,0.05163628,0.7980527,0.5352802,-1.6373361,False,0.0
4756.072497,20000000,0.04699187,0.052063614,0.010422826,0.77858436,0.48416263,-1.6268467,False,0.0
4756.092497,0,0.08593695,0.049408495,-0.056031704,0.7408345,0.50383395,-1.6161977,False,0.0
4756.112497,0,0.08765371,0.061734468,-0.08226371,0.6860906,0.5929055,-1.5746772,False,0.0
4756.132497,0,0.048190013,0.06517705,-0.051807582,0.6542589,0.59413385,-1.4242542,False,0.0
4756.152497,0,0.04957752,0.03309968,-0.05782175,0.6731277,0.5613369,-1.2477165,False,0.0
4756.172497,20000000,0.05076115,0.0010080338,-0.06396216,0.69199646,0.5285399,-1.0711789,False,0.0
4756.192497,40000000,0.05174257,-0.031104356,-0.07023066,0.71086526,0.49574286,-0.89464116,False,0.0
4756.212497,60000000,0.025883451,-0.060143888,-0.055270612,0.68271816,0.47440317,-0.6856633,False,0.0
4756.232497,0,-0.01588209,-0.08979885,-0.034099877,0.6344954,0.409161,-0.4781917,False,0.0
4756.252497,0,-0.037733912,-0.122411445,-0.032750726,0.56589437,0.3647837,-0.33148494,False,0.0
4756.272497,20000000,-0.051263466,-0.15479861,-0.02640003,0.48676842,0.31394124,-0.26680323,False,0.0
4756.292497,0,-0.0507631,-0.17846164,-0.029458702,0.40503034,0.30935717,-0.29122576,False,0.0
4756.312497,20000000,-0.04701531,-0.18637712,-0.035417378,0.32590678,0.33580095,-0.36314043,False,0.0
4756.332497,0,-0.051854223,-0.17230853,-0.03169644,0.23346427,0.39077744,-0.45964742,False,0.0
4756.352497,0,-0.03449221,-0.14995643,-0.037514985,0.1339678,0.4447244,-0.5347319,False,0.0
4756.372497,0,-0.02616851,-0.11623393,-0.031189084,0.025215462,0.4929753,-0.5551119,False,0.0
4756.392497,0,-0.01648596,-0.09435709,-0.020965636,-0.0658087,0.55678797,-0.5514357,False,0.0
4756.412457792,0,-0.005863181,-0.08101954,-0.008048427,-0.12509729,0.5942123,-0.5259045,False,0.0
4756.432457792,0,-0.0028060079,-0.07426827,-0.0010804534,-0.113709405,0.56876034,-0.5253542,False,0.0
4756.452457792,20000000,0.00031614304,-0.067589045,0.0058094263,-0.10232151,0.5433084,-0.5248039,False,0.0
4756.472457792,40000000,0.003504753,-0.06098117,0.01262188,-0.09093363,0.51785636,-0.5242536,False,0.0
4756.492457792,60000000,0.0072032213,-0.05953969,0.012467384,-0.06526687,0.48521832,-0.5184744,False,0.0
4756.512457792,0,0.013596714,-0.06221798,0.0071611404,-0.024644386,0.4628178,-0.5167532,False,0.0
4756.532457792,20000000,0.016728997,-0.061652288,0.0019463301,0.016514674,0.45075262,-0.5169099,False,0.0
4756.552457792,0,0.01876688,-0.05778122,-0.0028675795,0.040568747,0.44354066,-0.5177523,False,0.0
4756.572457792,0,0.017613053,-0.056325182,-0.002970636,0.058651425,0.43260497,-0.5131737,False,0.0
4756.592457792,0,0.0107860565,-0.0580931,0.0034326315,0.08310388,0.4159896,-0.4977721,False,0.0
4756.612457792,0,0.0067373514,-0.06745477,0.007182002,0.11921376,0.4044461,-0.4864518,False,0.0
4756.632457792,0,0.010731608,-0.06935936,0.0069639683,0.14946532,0.37690246,-0.4841157,False,0.0
4756.652457792,20000000,0.014728665,-0.07130779,0.006711662,0.17971689,0.34935883,-0.48177958,False,0.0
4756.672457792,0,0.018677503,-0.061325997,-0.00031805038,0.18707862,0.3162267,-0.47257876,False,0.0
4756.692457792,20000000,0.009205699,-0.012521267,0.0058365464,0.14679626,0.23599786,-0.40316635,False,0.0
4756.712457792,0,-0.0056905746,0.058637023,0.02379471,0.050732918,0.10782017,-0.22596045,False,0.0
4756.732457792,0,-0.027852714,0.15325755,0.04106337,-0.1110776,-0.073696464,0.068200395,False,0.0
4756.752457792,0,-0.05109033,0.26559275,0.050866008,-0.35502598,-0.2923574,0.5360685,False,0.0
4756.772457792,20000000,-0.05839154,0.36968917,0.044612765,-0.67792934,-0.48415196,1.1910995,False,0.0
4756.792457792,0,-0.056653738,0.43925217,0.038018763,-1.0453768,-0.5824014,1.9848958,False,0.0
4756.812457792,20000000,-0.055729717,0.4590173,0.027964294,-1.4129649,-0.59480107,2.7795267,False,0.0
4756.832457792,0,-0.06464213,0.46295977,0.015273571,-1.7702355,-0.5727788,3.5440958,False,0.0
4756.852457792,20000000,-0.07347679,0.43636134,-0.0037223697,-2.1087718,-0.5042281,4.2121153,False,0.0
4756.872457792,0,-0.09239948,0.38379455,-0.016425073,-2.4147694,-0.41602096,4.787279,False,0.0
4756.892457792,20000000,-0.11949098,0.32149228,-0.026200175,-2.666141,-0.30620337,5.254261,False,0.0
4756.912457792,0,-0.14670146,0.23529544,-0.025710404,-2.820711,-0.22775206,5.5722203,False,0.0
4756.932457792,0,-0.159982,0.13964349,-0.028787255,-2.8718193,-0.18324724,5.706399,False,0.0
4756.952457792,20000000,-0.15795204,0.03772387,-0.025616944,-2.848069,-0.17812479,5.652338,False,0.0
4756.972457792,0,-0.13048428,-0.050269276,-0.023579001,-2.7316446,-0.16470191,5.4031057,False,0.0
4756.992457792,0,-0.091973096,-0.12700996,-0.014300764,-2.5487537,-0.14033964,4.980014,False,0.0
4757.012457792,20000000,-0.059512615,-0.17471603,0.0045109987,-2.2928646,-0.130032,4.4734755,False,0.0
4757.032457792,0,-0.033745408,-0.19605349,0.0256688,-1.9707865,-0.12650779,3.9145093,False,0.0
4757.052457792,20000000,-0.006722331,-0.21564773,0.047511935,-1.6487083,-0.12298356,3.355543,False,0.0
4757.092457792,0,0.027043402,-0.202756,0.06865227,-1.0860889,-0.11818647,2.2408423,False,0.0
4757.112457792,0,0.040894806,-0.1810602,0.06481171,-0.8758644,-0.10398684,1.7663127,False,0.0
4757.132457792,0,0.050700784,-0.15830314,0.05946803,-0.7021549,-0.09145194,1.3636101,False,0.0
4757.152457792,0,0.057718635,-0.12917772,0.064207375,-0.5614717,-0.08152243,1.0553546,False,0.0
4757.172457792,20000000,0.061612725,-0.10066998,0.07089925,-0.45804477,-0.105632365,0.86005056,False,0.0
4757.192457792,0,0.07130015,-0.08348529,0.06999117,-0.3787552,-0.110369965,0.7258146,False,0.0
4757.212457792,0,0.07666397,-0.06478074,0.07682949,-0.3302919,-0.14137247,0.6579085,False,0.0
4757.232457792,20000000,0.08812684,-0.052843295,0.07443154,-0.31029567,-0.16019197,0.63011986,False,0.0
4757.252457792,0,0.096201956,-0.047955915,0.0642162,-0.2940664,-0.14557916,0.6210027,False,0.0
4757.272457792,0,0.08986616,-0.044209346,0.06336498,-0.290711,-0.12724966,0.6223275,False,0.0
4757.292457792,0,0.07978392,-0.03573495,0.064958155,-0.30865481,-0.11727791,0.6283575,False,0.0
4757.312457792,0,0.07072401,-0.027588874,0.06756687,-0.3337895,-0.13438144,0.63586324,False,0.0
4757.332457792,20000000,0.07284832,-0.033559307,0.05596006,-0.3526325,-0.15142982,0.62653995,False,0.0
4757.352457792,0,0.076066375,-0.041174307,0.046064377,-0.35642838,-0.14442898,0.5913577,False,0.0
4757.372457792,20000000,0.07339293,-0.045034565,0.043986678,-0.3473724,-0.14983267,0.55461854,False,0.0
4757.392457792,0,0.06484729,-0.039359063,0.04346478,-0.33382833,-0.16350126,0.52801234,False,0.0
4757.412457792,0,0.057573855,-0.040509783,0.045468688,-0.32003576,-0.19829056,0.5094435,False,0.0
4757.432457792,0,0.053854287,-0.05080077,0.044749737,-0.29322788,-0.22664157,0.4772764,False,0.0
4757.452457792,0,0.04877138,-0.051943935,0.045251787,-0.2588117,-0.2589655,0.448915,False,0.0
4757.472457792,20000000,0.043721557,-0.053110756,0.04576111,-0.22439556,-0.29128945,0.4205536,False,0.0
4757.492457792,40000000,0.03697902,-0.053772964,0.05064261,-0.19672999,-0.30037862,0.3963442,False,0.0
4757.512457792,0,0.027044833,-0.05292023,0.058909357,-0.17435429,-0.31632552,0.37667772,False,0.0
4757.532457792,0,0.028057098,-0.056979194,0.059037626,-0.1542382,-0.32694423,0.36001408,False,0.0
4757.552457792,20000000,0.039341033,-0.053383693,0.05313295,-0.1391633,-0.33235195,0.34358692,False,0.0
4757.572457792,0,0.053623855,-0.0527194,0.041608274,-0.14509842,-0.32371843,0.3181102,False,0.0
4757.592457792,20000000,0.06182033,-0.055554282,0.036505044,-0.16161324,-0.29067186,0.2740375,False,0.0
4757.612457792,0,0.057664156,-0.05568344,0.048229635,-0.1785139,-0.28551736,0.22405285,False,0.0
4757.632457792,0,0.057263613,-0.055559617,0.05084318,-0.19687675,-0.29422635,0.17115054,False,0.0
4757.652457792,0,0.063430905,-0.053469967,0.045985103,-0.20486426,-0.31275558,0.15357777,False,0.0
4757.672457792,20000000,0.06960887,-0.051401366,0.041110337,-0.21285176,-0.33128482,0.13600501,False,0.0
4757.692457792,40000000,0.072610855,-0.042592406,0.036903262,-0.21814783,-0.3373198,0.14627299,False,0.0
4757.712457792,0,0.071673214,-0.029135779,0.033786356,-0.23152785,-0.3454033,0.18083006,False,0.0
4757.732457792,0,0.071321845,-0.019850768,0.021877646,-0.26871258,-0.36321753,0.2280659,False,0.0
4757.752457792,20000000,0.07237977,-0.014823131,0.007055998,-0.33066547,-0.36001816,0.26566723,False,0.0
4757.772457792,0,0.05827701,-0.0038945228,0.011153936,-0.39079064,-0.36982098,0.3007506,False,0.0
4757.792457792,20000000,0.037746906,0.010970138,0.027077913,-0.44456828,-0.39683753,0.3356271,False,0.0
4757.812457792,0,0.02505672,0.019640423,0.03553015,-0.47654492,-0.4387762,0.36503968,False,0.0
4757.832457792,0,0.018470824,0.021051727,0.039608955,-0.47536838,-0.4586802,0.37561768,False,0.0
4757.852457792,20000000,0.010183573,0.02412118,0.035145044,-0.45352086,-0.4632106,0.37788212,False,0.0
4757.872457792,0,0.0057840347,0.024630755,0.02751708,-0.42330572,-0.4577616,0.3656995,False,0.0
4757.892457792,20000000,-0.0022261143,0.021209672,0.027067423,-0.3742019,-0.44543517,0.34054294,False,0.0
4757.912457792,0,-0.0059868097,0.019731775,0.021612763,-0.3252833,-0.43362108,0.32125878,False,0.0
4757.932457792,0,-0.0027936697,0.020746857,0.016547859,-0.2824529,-0.40692052,0.28015125,False,0.0
4757.952457792,20000000,0.00041741133,0.021711633,0.011433482,-0.23962255,-0.38022,0.23904374,False,0.0
4757.972457792,40000000,-0.0015105009,0.02125509,0.011270523,-0.2000838,-0.34685487,0.1865249,False,0.0
4757.992457792,0,-0.008103788,0.024255738,0.016428888,-0.15481986,-0.34014568,0.13763548,False,0.0
4758.012457792,0,-0.012923181,0.02112478,0.0147976875,-0.11382894,-0.33509788,0.08748183,False,0.0
4758.032457792,0,-0.016322553,0.0144584775,0.011162519,-0.056432012,-0.32192057,0.025458556,False,0.0
4758.052457792,0,-0.025311708,0.015563637,0.012098312,0.0068265386,-0.3140209,-0.01749837,False,0.0
4758.072457792,0,-0.03011769,0.026126161,0.0029349327,0.026016304,-0.3305015,-0.013448829,False,0.0
4758.092457792,20000000,-0.03490159,0.036693603,-0.0062627792,0.04520607,-0.34698212,-0.009399287,False,0.0
4758.112457792,40000000,-0.023833454,0.043014765,-0.033925056,0.01510445,-0.3573879,-0.0003624428,False,0.0
4758.132457792,0,-0.0022433996,0.04035586,-0.06436056,-0.03904339,-0.3290146,-0.014845053,False,0.0
4758.152457792,0,0.0055033565,0.038760543,-0.07156366,-0.08435263,-0.3001431,-0.037522882,False,0.0
4758.172457792,0,-1.347065e-05,0.04716386,-0.06740564,-0.12279977,-0.305201,-0.050650164,False,0.0
4758.192457792,0,-0.02004096,0.05575168,-0.040142417,-0.1473591,-0.3461245,-0.043859325,False,0.0
4758.212457792,20000000,-0.025811195,0.052793115,-0.038613915,-0.14284281,-0.38918665,-0.038172115,False,0.0
4758.232457792,0,-0.028391182,0.043863162,-0.051155746,-0.12880155,-0.40321344,-0.035891186,False,0.0
4758.252457792,0,-0.0423792,0.033584163,-0.046064556,-0.09314816,-0.37052155,-0.06982315,False,0.0
4758.272457792,0,-0.069988966,0.037301973,-0.0289402,-0.061237954,-0.39373243,-0.05372523,False,0.0
4758.292457792,20000000,-0.09756848,0.04102388,-0.011873841,-0.02932775,-0.4169433,-0.03762731,False,0.0
4758.312457792,40000000,-0.10734305,0.017392889,-0.007769227,0.0017068218,-0.428327,-0.045550223,False,0.0
4758.332457792,0,-0.12668023,0.0021924525,-0.0068804026,0.023580806,-0.41754916,-0.088165484,False,0.0
4758.352457792,20000000,-0.14284,0.0021199733,-0.008250475,0.028445827,-0.43566614,-0.11057119,False,0.0
4758.372457792,0,-0.16315958,0.02339521,-0.012843192,-0.00094503164,-0.4470047,-0.09832204,False,0.0
4758.392457792,0,-0.17175436,0.03905134,-0.009651601,-0.036926605,-0.5288557,0.0039338097,False,0.0
4758.412457792,20000000,-0.15515924,0.01300481,-0.02298516,-0.06530386,-0.5809525,0.0657015,False,0.0
4758.432457792,0,-0.13843781,-0.015600622,-0.046813548,-0.090545215,-0.6128048,0.06654519,False,0.0
4758.452457792,0,-0.13142297,-0.02805771,-0.06780088,-0.12518543,-0.60683,0.07837867,False,0.0
4758.472457792,20000000,-0.13330165,-0.023029163,-0.07317293,-0.14807208,-0.57961464,0.13212688,False,0.0
4758.492457792,0,-0.1375316,-0.021716267,-0.06524974,-0.15991667,-0.556624,0.21914792,False,0.0
4758.512457792,20000000,-0.1260734,-0.031370223,-0.0613575,-0.1775753,-0.5265664,0.29151258,False,0.0
4758.532457792,0,-0.098342836,-0.056896307,-0.06690037,-0.19410646,-0.4896881,0.30829704,False,0.0
4758.552457792,0,-0.08490154,-0.073017195,-0.060949266,-0.17925952,-0.4104101,0.28052112,False,0.0
4758.572457792,20000000,-0.071439356,-0.08919085,-0.05508107,-0.16441259,-0.33113214,0.2527452,False,0.0
4758.592457792,0,-0.07174653,-0.07421274,-0.046645463,-0.1539088,-0.26825047,0.27181432,False,0.0
4758.612457792,20000000,-0.074820966,-0.05447921,-0.036996424,-0.15867218,-0.23012277,0.30317697,False,0.0
4758.632457792,0,-0.08065888,-0.04092586,-0.025351822,-0.19452491,-0.21257192,0.3150769,False,0.0
4758.652457792,0,-0.07895078,-0.029086038,-0.021453977,-0.22981867,-0.21538843,0.3281302,False,0.0
4758.672457792,0,-0.07453984,-0.019439012,-0.03482777,-0.26150814,-0.23050457,0.3568597,False,0.0
4758.692457792,0,-0.05924514,-0.011392653,-0.080176055,-0.2965546,-0.27292424,0.41396612,False,0.0
4758.712457792,20000000,-0.04439187,-0.009315088,-0.15605241,-0.36307818,-0.31490734,0.50799733,False,0.0
4758.732457792,0,-0.017604977,-0.027096137,-0.14698881,-0.39983773,-0.24367538,0.5706852,False,0.0
4758.752457792,0,-0.019963413,-0.01966077,-0.05778712,-0.34982944,-0.18894503,0.6121902,False,0.0
4758.772457792,20000000,-0.014621228,-0.004881218,-0.028468966,-0.31175554,-0.15120423,0.6610509,False,0.0
4758.792457792,0,-0.003648907,-0.0060946494,0.0021978617,-0.27958292,-0.123561494,0.68762255,False,0.0
4758.812457792,0,0.033281684,-0.014774591,0.013521969,-0.2612799,-0.09290729,0.6543325,False,0.0
4758.832368958,0,0.07307315,-0.012754217,0.017451867,-0.27357903,-0.024507597,0.57895327,False,0.0
4758.852368958,20000000,0.08081892,0.0073511302,0.04045677,-0.29761213,0.018328171,0.5199973,False,0.0
4758.872368958,40000000,0.08853939,0.027497903,0.06343925,-0.3216452,0.061163936,0.4610413,False,0.0
4758.892368958,0,0.096154004,0.049541533,0.07624066,-0.34374747,0.080637604,0.4196657,False,0.0
4758.912368958,0,0.10032278,0.07217918,0.08132702,-0.37344342,0.08762735,0.37934694,False,0.0
4758.932368958,0,0.10302299,0.08869155,0.08115399,-0.40535787,0.08342583,0.34577474,False,0.0
4758.952368958,20000000,0.10363409,0.09101315,0.08341235,-0.40717572,0.07679155,0.30864775,False,0.0
4758.972368958,0,0.09685126,0.09337571,0.08734214,-0.3842145,0.06712536,0.27718216,False,0.0
4758.992368958,20000000,0.0867911,0.10094237,0.08752251,-0.3415162,0.036038812,0.2600912,False,0.0
4759.012368958,0,0.081728905,0.10885072,0.08116269,-0.30546856,-7.028133e-05,0.26036364,False,0.0
4759.032368958,0,0.07924873,0.10696025,0.0736174,-0.2780908,-0.036804326,0.27252555,False,0.0
4759.052368958,20000000,0.076620966,0.10348067,0.06696862,-0.24921782,-0.06577777,0.28574893,False,0.0
4759.072368958,0,0.07268694,0.096959054,0.06030649,-0.2228113,-0.084567204,0.2920226,False,0.0
4759.092368958,0,0.06509337,0.094242305,0.05253935,-0.2086391,-0.0924797,0.293717,False,0.0
4759.112368958,20000000,0.046820164,0.09514558,0.051353753,-0.2107888,-0.11110481,0.2976288,False,0.0
4759.132368958,0,0.03567651,0.08938548,0.048251927,-0.22601503,-0.115516625,0.29701596,False,0.0
4759.152368958,20000000,0.02451083,0.083635986,0.04512936,-0.24124128,-0.119928434,0.29640314,False,0.0
4759.172368958,0,0.011524826,0.07492587,0.041272998,-0.25251094,-0.12214802,0.29397282,False,0.0
4759.192368958,20000000,0.0022535026,0.06252393,0.035614967,-0.24766341,-0.126522,0.2869768,False,0.0
4759.212368958,0,-0.0033774078,0.05173385,0.027724206,-0.24065016,-0.12139076,0.26966375,False,0.0
4759.232368958,20000000,-0.0038917363,0.045319825,0.01914829,-0.2379957,-0.10926172,0.23056376,False,0.0
4759.252368958,0,-0.0057049096,0.039726973,0.01590538,-0.23832895,-0.091991864,0.18427724,False,0.0
4759.272368958,0,-0.0055159032,0.033648223,0.01168102,-0.22385825,-0.07616751,0.14046691,False,0.0
4759.292368958,0,-0.0056972206,0.03060466,0.003935814,-0.20341757,-0.05913346,0.099122316,False,0.0
4759.312368958,20000000,-0.010066718,0.03228885,0.0043315887,-0.1811035,-0.04209251,0.06268831,False,0.0
4759.332368958,0,-0.008815885,0.03157088,-1.6450882e-05,-0.16171587,-0.030305253,0.026582029,False,0.0
4759.352368958,20000000,-9.378791e-05,0.027713835,-0.0052283406,-0.14077525,-0.011994127,-0.015672203,False,0.0
4759.372368958,0,0.0032077432,0.027021468,-0.009254158,-0.12660179,0.028324034,-0.048683327,False,0.0
4759.392368958,0,-0.0035843253,0.031113416,-0.002923727,-0.11340609,0.04601273,-0.06914399,False,0.0
4759.412368958,20000000,-0.0061489046,0.031505466,0.001940608,-0.104779094,0.051860265,-0.08465848,False,0.0
4759.432368958,0,-0.0038683414,0.035340846,0.002039671,-0.10408185,0.06201382,-0.110179015,False,0.0
4759.452368958,20000000,-0.0015788376,0.039178133,0.002132535,-0.1033846,0.072167374,-0.13569954,False,0.0
4759.472368958,40000000,0.0007196367,0.043017358,0.0022190213,-0.10268735,0.08232093,-0.16122007,False,0.0
4759.492368958,60000000,-0.002871722,0.04742518,0.005906701,-0.09623428,0.08200717,-0.18140922,False,0.0
4759.512368958,0,-0.0011964738,0.053340882,0.0003515482,-0.09757829,0.08322824,-0.19218716,False,0.0
4759.532368958,0,0.00404197,0.059005857,-0.0043050647,-0.09707182,0.09627295,-0.21444094,False,0.0
4759.552368958,20000000,0.010076463,0.069964945,-0.004819572,-0.088019416,0.12631923,-0.2417241,False,0.0
4759.572368958,0,0.014951229,0.07668176,-0.0001937151,-0.06803946,0.1479311,-0.25003937,False,0.0
4759.592368958,20000000,0.023895621,0.07883251,0.0036224723,-0.02917238,0.1786942,-0.2590031,False,0.0
4759.612368958,0,0.027776957,0.090545446,0.010129631,-0.0031805579,0.20867528,-0.2518297,False,0.0
4759.632368958,0,0.028178155,0.10397118,0.021844625,0.015325148,0.21620706,-0.2238259,False,0.0
4759.652368958,20000000,0.030031413,0.10476667,0.02996558,0.032597348,0.21231997,-0.18024206,False,0.0
4759.672368958,0,0.03631553,0.09611851,0.035325766,0.05722951,0.20923948,-0.12863478,False,0.0
4759.692368958,20000000,0.042323887,0.08573893,0.0404644,0.088337064,0.19995035,-0.08498376,False,0.0
4759.712368958,0,0.053332657,0.07073453,0.04175377,0.11836245,0.2020288,-0.07158581,False,0.0
4759.732368958,0,0.064802945,0.059459805,0.040861785,0.14223537,0.22215092,-0.109217465,False,0.0
4759.752368958,20000000,0.07627615,0.048175573,0.039952576,0.16610828,0.24227303,-0.14684913,False,0.0
4759.772368958,0,0.08522931,0.027780712,0.03849256,0.2168931,0.26888552,-0.23098063,False,0.0
4759.792368958,0,0.08371425,0.008004755,0.035158813,0.3003738,0.2959995,-0.34513858,False,0.0
4759.812368958,0,0.07594535,-0.01215744,0.035663545,0.4056111,0.31097618,-0.48805058,False,0.0
4759.832368958,0,0.065579206,-0.029140592,0.03784585,0.52865726,0.3293313,-0.6673426,False,0.0
4759.852368958,0,0.0532808,-0.032055676,0.040305912,0.64586496,0.34658888,-0.8699782,False,0.0
4759.872368958,20000000,0.040067732,-0.019444883,0.048613727,0.7339592,0.37804812,-1.0752859,False,0.0
4759.892368958,0,0.0324516,-0.0026809871,0.056872904,0.7974565,0.3910852,-1.2536056,False,0.0
4759.912368958,0,0.028046966,0.00903675,0.06516874,0.84634453,0.41072795,-1.4182628,False,0.0
4759.932368958,20000000,0.02881533,0.006690651,0.057800055,0.8995265,0.45238745,-1.5793879,False,0.0
4759.952368958,0,0.026554585,-0.007143259,0.0485999,0.96415824,0.5014344,-1.7662044,False,0.0
4759.972368958,0,0.01761192,-0.027941018,0.0417372,1.0407137,0.5610579,-2.0009336,False,0.0
4759.992368958,0,0.001767695,-0.04720542,0.02967304,1.1224959,0.6191877,-2.2769525,False,0.0
4760.012368958,0,-0.023652732,-0.07133801,0.027128756,1.2186952,0.6609546,-2.590566,False,0.0
4760.032368958,0,-0.038546115,-0.12180704,0.0059326887,1.3683392,0.711369,-2.981215,False,0.0
4760.052368958,20000000,-0.053670555,-0.17187335,-0.015274584,1.5179832,0.76178336,-3.3718638,False,0.0
4760.072368958,0,-0.110096306,-0.19697934,-0.026048541,1.7249134,0.7985146,-3.8428147,False,0.0
4760.092368958,20000000,-0.16695452,-0.22133179,-0.036857367,1.9318435,0.8352459,-4.3137655,False,0.0
4760.112368958,40000000,-0.21463637,-0.22027066,-0.06353992,2.0832977,0.82378393,-4.7254114,False,0.0
4760.132368958,0,-0.24508908,-0.20876727,-0.10289687,2.1641862,0.77113247,-5.0446615,False,0.0
4760.152368958,0,-0.25282323,-0.20322314,-0.15530628,2.189984,0.7730024,-5.333322,False,0.0
4760.172368958,0,-0.29430264,-0.16102304,-0.16182101,2.1777194,0.7600878,-5.5182066,False,0.0
4760.192368958,20000000,-0.34639618,-0.096700355,-0.14047152,2.1394038,0.67041624,-5.5132933,False,0.0
4760.212368958,0,-0.36172107,-0.034833,-0.12974167,2.0717835,0.5292882,-5.302075,False,0.0
4760.232368958,0,-0.31617177,0.011286885,-0.14812934,1.9734012,0.435859,-4.967716,False,0.0
4760.252368958,20000000,-0.25017086,0.055620357,-0.17943043,1.8348447,0.41167998,-4.5693316,False,0.0
4760.272368958,0,-0.19542246,0.10254611,-0.19566905,1.63347,0.4561954,-4.136335,False,0.0
4760.292368958,20000000,-0.15956676,0.1490712,-0.18460351,1.3931557,0.48520878,-3.6400955,False,0.0
4760.312368958,0,-0.119526,0.16945772,-0.16044545,1.1527922,0.5379629,-3.1174798,False,0.0
4760.332368958,0,-0.090951875,0.15860951,-0.124545336,0.9653596,0.5968632,-2.6351392,False,0.0
4760.352368958,20000000,-0.062730834,0.14760122,-0.08880967,0.777927,0.65576357,-2.1527987,False,0.0
4760.372368958,0,-0.049368218,0.12687422,-0.051038504,0.598776,0.69346344,-1.808541,False,0.0
4760.392368958,20000000,-0.03610024,0.105840996,-0.013419867,0.41962495,0.7311634,-1.4642835,False,0.0
4760.412368958,40000000,-0.021736607,0.07216464,0.018716753,0.26007402,0.7380776,-1.2099218,False,0.0
4760.432368958,0,-0.005152285,0.030772641,0.029343843,0.1514776,0.73725396,-1.0350478,False,0.0
4760.452368958,0,0.007549882,-0.006149128,0.036215782,0.08079676,0.7427727,-0.9372423,False,0.0
4760.472368958,0,0.014798701,-0.014846876,0.044986665,0.04009678,0.708203,-0.9013468,False,0.0
4760.492368958,20000000,0.022179723,-0.02374123,0.053604484,-0.0006032102,0.67363334,-0.8654512,False,0.0
4760.512368958,0,0.030664712,-0.025784805,0.04901576,-0.040872283,0.6273633,-0.84591246,False,0.0
4760.532368958,0,0.022182941,-0.03302692,0.047818244,-0.058862995,0.555035,-0.8146489,False,0.0
4760.552368958,20000000,0.015461445,-0.047891974,0.04526484,-0.03743375,0.48136786,-0.7712771,False,0.0
4760.572368958,0,0.011161774,-0.05704218,0.040138066,0.01231968,0.41584536,-0.7170979,False,0.0
4760.592368958,0,0.007261902,-0.06490409,0.025511563,0.058597554,0.37388217,-0.67876583,False,0.0
4760.612368958,20000000,-0.0034373999,-0.07020596,0.014452696,0.08343631,0.34147242,-0.66065544,False,0.0
4760.632368958,0,-0.007478595,-0.07536002,0.009413123,0.087193534,0.33913854,-0.6449418,False,0.0
4760.652368958,20000000,-0.011487037,-0.080562465,0.004355371,0.09095075,0.33680463,-0.6292281,False,0.0
4760.672368958,40000000,-0.0154618025,-0.08581288,-0.00072032213,0.09470797,0.33447075,-0.6135144,False,0.0
4760.692368958,60000000,-0.019402325,-0.091110885,-0.0058136582,0.09846519,0.33213684,-0.5978008,False,0.0
4760.712368958,80000000,-0.021023273,-0.09779496,0.0027291775,0.12311757,0.3297315,-0.5668448,False,0.0
4760.732368958,0,-0.015941173,-0.10377388,0.009345472,0.14434564,0.32238472,-0.53169304,False,0.0
4760.752368958,0,-0.018178195,-0.108047664,0.027213693,0.15922605,0.29647702,-0.48639277,False,0.0
4760.772368958,20000000,-0.016395837,-0.11376746,0.03359747,0.17269212,0.27379414,-0.44571263,False,0.0
4760.792368958,0,-0.011451274,-0.1174427,0.033038974,0.17740865,0.20347784,-0.4082642,False,0.0
4760.812368958,20000000,0.0034795403,-0.116435185,0.01579994,0.16533902,0.16359904,-0.40686533,False,0.0
4760.832368958,0,0.022880375,-0.1068782,-0.022022426,0.11171521,0.14884865,-0.4275223,False,0.0
4760.852368958,0,0.027431518,-0.08653541,-0.033249915,0.05630407,0.09807901,-0.3925171,False,0.0
4760.872368958,0,0.029221803,-0.06385742,-0.029350996,0.015297033,0.11697004,-0.3760598,False,0.0
4760.892368958,0,0.008020997,-0.023694977,0.007486403,-0.0058096554,0.035579674,-0.3240251,False,0.0
4760.912368958,20000000,0.019234776,0.0017217845,-0.0003336668,-0.041604802,0.04258826,-0.34146672,False,0.0
4760.932368958,0,0.017612189,0.04206644,0.006572187,-0.08679493,0.0021629594,-0.3577068,False,0.0
4760.952368958,0,0.026883513,0.09214948,0.013674915,-0.18890522,0.00278722,-0.43411034,False,0.0
4760.972368958,20000000,0.036198795,0.14224398,0.020764947,-0.2910155,0.0034114807,-0.5105139,False,0.0
4760.992368958,0,0.050721496,0.18691881,0.031135619,-0.39893144,-0.054529402,-0.5681233,False,0.0
4761.012368958,20000000,0.057101488,0.2150882,0.0438686,-0.4602676,-0.05104114,-0.6110886,False,0.0
4761.032368958,0,0.07196137,0.22053736,0.029853463,-0.47913608,-0.024227468,-0.615161,False,0.0
4761.052368958,0,0.06073761,0.21944982,0.05742222,-0.43346116,-0.016249593,-0.5558407,False,0.0
4761.072368958,0,0.061989337,0.20561033,0.06732547,-0.34550363,0.022020496,-0.49068993,False,0.0
4761.092368958,0,0.036183834,0.20652622,0.099915385,-0.27280387,0.033153888,-0.40104997,False,0.0
4761.112368958,20000000,0.013558745,0.19826558,0.1227355,-0.21852863,0.006619772,-0.28945163,False,0.0
4761.132368958,0,0.010923803,0.1872524,0.12516785,-0.19669555,-0.0251413,-0.20061317,False,0.0
4761.152368958,0,0.014216125,0.17869377,0.119307816,-0.21706542,-0.024777807,-0.16850066,False,0.0
4761.172368958,20000000,0.011199981,0.1709216,0.116331875,-0.24887602,-0.018598024,-0.17713833,False,0.0
4761.192368958,0,0.010864317,0.16369227,0.104059756,-0.26317963,-0.02834053,-0.21234725,False,0.0
4761.212271042,0,0.022424493,0.15838474,0.08087458,-0.28430262,-0.027108008,-0.25773695,False,0.0
4761.232271042,0,0.032551765,0.1575078,0.070242286,-0.25931466,-0.0046000946,-0.26772013,False,0.0
4761.252271042,20000000,0.04274586,0.15666303,0.0595423,-0.23432669,0.017907817,-0.27770334,False,0.0
4761.272271042,40000000,0.05300665,0.1558514,0.048774898,-0.20933872,0.04041573,-0.28768653,False,0.0
4761.292271042,60000000,0.06109628,0.15072548,0.04772228,-0.17674538,0.06779771,-0.27960005,False,0.0
4761.312271042,0,0.06317729,0.14398354,0.053214908,-0.1385524,0.08129503,-0.25500482,False,0.0
4761.332271042,20000000,0.061341137,0.13601243,0.060373783,-0.102864906,0.07770268,-0.22400048,False,0.0
4761.352271042,0,0.055331647,0.1289384,0.06865752,-0.07606853,0.05923023,-0.18925211,False,0.0
4761.372271042,0,0.04823938,0.12160891,0.0736776,-0.06438306,0.027991293,-0.15114444,False,0.0
4761.392271042,20000000,0.039603144,0.116016835,0.07394117,-0.05351664,-0.007851882,-0.10828677,False,0.0
4761.412271042,0,0.030557245,0.11191809,0.07118553,-0.040645633,-0.051323093,-0.049293347,False,0.0
4761.432271042,0,0.022905976,0.10878208,0.061315536,-0.03347248,-0.08629578,0.022481844,False,0.0
4761.452271042,20000000,0.014849931,0.10261008,0.05395657,-0.035174914,-0.12205948,0.09451723,False,0.0
4761.472271042,0,0.012123466,0.0931496,0.04428029,-0.051661436,-0.15467067,0.15745114,False,0.0
4761.492271042,0,0.012969226,0.080221236,0.036741495,-0.06708716,-0.16904035,0.19482557,False,0.0
4761.512271042,0,0.0076913536,0.06862739,0.035986006,-0.074868165,-0.18497746,0.21723756,False,0.0
4761.532271042,0,0.0045579076,0.060512453,0.035757363,-0.0788583,-0.21126488,0.23026559,False,0.0
4761.552271042,20000000,0.0014183819,0.05239132,0.035518944,-0.082848445,-0.2375523,0.2432936,False,0.0
4761.572271042,40000000,0.0024642646,0.050589442,0.03455484,-0.08445582,-0.2560671,0.24204664,False,0.0
4761.592271042,0,0.0059781075,0.05273056,0.032139838,-0.08499636,-0.278128,0.23377763,False,0.0
4761.612271042,0,0.0055404305,0.055188775,0.029117525,-0.08888595,-0.28057408,0.22599824,False,0.0
4761.632271042,20000000,-0.0012111068,0.059687823,0.03235638,-0.08359676,-0.301719,0.24306136,False,0.0
4761.652271042,0,-0.002323866,0.058256716,0.029250681,-0.06625099,-0.3138453,0.26635143,False,0.0
4761.672271042,0,-0.0065256953,0.060470223,0.02792579,-0.050102256,-0.34397832,0.3018818,False,0.0
4761.692271042,20000000,-0.009399146,0.060164124,0.027246952,-0.042198442,-0.3592889,0.33043227,False,0.0
4761.712271042,0,-0.013254136,0.063341826,0.027956784,-0.037479915,-0.385316,0.36701393,False,0.0
4761.732271042,0,-0.016041368,0.0675731,0.02638334,-0.038547643,-0.4080941,0.41399497,False,0.0
4761.752271042,0,-0.014220238,0.06870803,0.021543562,-0.0389216,-0.41819486,0.4603361,False,0.0
4761.772271042,20000000,-0.0123747885,0.069806576,0.016675353,-0.039295554,-0.42829558,0.50667727,False,0.0
4761.792271042,40000000,-0.018624872,0.07596156,0.01800859,-0.04095001,-0.44054544,0.5621134,False,0.0
4761.812271042,0,-0.014916956,0.082755655,0.017344058,-0.048593648,-0.4535962,0.62548655,False,0.0
4761.832271042,20000000,-0.0057391226,0.08438045,0.019501865,-0.061892256,-0.4558685,0.68964475,False,0.0
4761.852271042,0,0.0007685125,0.0765847,0.020427346,-0.058757108,-0.44287324,0.7353799,False,0.0
4761.872271042,20000000,-0.004526913,0.07044783,0.026664138,-0.04782991,-0.43807265,0.7684019,False,0.0
4761.892271042,0,-0.0033918023,0.066340685,0.024531662,-0.037872694,-0.436158,0.7863332,False,0.0
4761.912271042,0,-0.0059678257,0.069508255,0.025820553,-0.0366184,-0.449859,0.8039594,False,0.0
4761.932271042,0,-0.0034585595,0.073075324,0.02430284,-0.042417806,-0.4534216,0.8234167,False,0.0
4761.952271042,0,-0.00042068958,0.0695273,0.027570844,-0.03826169,-0.45447835,0.8448632,False,0.0
4761.972271042,20000000,0.0028328598,0.065231174,0.029770315,-0.024407797,-0.44677642,0.8567221,False,0.0
4761.992271042,0,-0.0002452731,0.07152441,0.031685352,-0.014693143,-0.43718636,0.879484,False,0.0
4762.012271042,0,-0.002899319,0.07715815,0.03207928,-0.01894517,-0.43242165,0.9160526,False,0.0
4762.032271042,20000000,-0.0016756952,0.0781962,0.03137046,-0.027636398,-0.43883565,0.95542765,False,0.0
4762.052271042,0,0.0016437173,0.07632843,0.02865094,-0.03185536,-0.44023347,0.98530746,False,0.0
4762.072271042,0,0.00080165267,0.08033797,0.023156643,-0.040439438,-0.44832945,1.0229294,False,0.0
4762.092271042,0,-0.0012831688,0.086089075,0.009326518,-0.0627345,-0.4721522,1.0857096,False,0.0
4762.112271042,0,0.002475053,0.09222889,-0.018914998,-0.11296517,-0.49189216,1.174281,False,0.0
4762.132271042,20000000,-0.0130122155,0.10746977,-0.023355484,-0.17817962,-0.51778865,1.3126959,False,0.0
4762.152271042,0,-0.030182838,0.11517161,-0.016347826,-0.2397619,-0.54466015,1.5022933,False,0.0
4762.172271042,0,-0.066061884,0.12582278,-0.007083714,-0.3207064,-0.57408303,1.7832675,False,0.0
4762.192271042,20000000,-0.10186714,0.1365489,0.0022206306,-0.4016509,-0.6035059,2.0642416,False,0.0
4762.212271042,0,-0.13177587,0.139572,0.0004556775,-0.52537435,-0.6482118,2.39557,False,0.0
4762.232271042,0,-0.15787056,0.14293274,-0.0124871135,-0.6951502,-0.69036317,2.7351596,False,0.0
4762.252271042,0,-0.17092767,0.13691378,-0.033576787,-0.8946595,-0.7028965,3.043769,False,0.0
4762.272271042,20000000,-0.17973843,0.11821294,-0.049098134,-1.0817872,-0.7038759,3.3093421,False,0.0
4762.292271042,0,-0.18941703,0.09525749,-0.059809327,-1.2428412,-0.68604165,3.5010207,False,0.0
4762.312271042,0,-0.21010141,0.07959533,-0.0649361,-1.36761,-0.6913969,3.6335235,False,0.0
4762.332271042,20000000,-0.22413185,0.06157419,-0.07128346,-1.4542581,-0.7133405,3.708942,False,0.0
4762.352271042,0,-0.22577408,0.032645583,-0.07600981,-1.4945445,-0.7482134,3.734662,False,0.0
4762.372271042,0,-0.21193096,-0.0023250282,-0.085320175,-1.4751945,-0.75943565,3.6889305,False,0.0
4762.392271042,0,-0.20552364,-0.03854257,-0.07714772,-1.3999243,-0.75484425,3.5564334,False,0.0
4762.412271042,0,-0.20791213,-0.062299132,-0.06277424,-1.2928193,-0.76090145,3.3615742,False,0.0
4762.432271042,20000000,-0.2050617,-0.08360121,-0.056328535,-1.1706985,-0.7995137,3.121437,False,0.0
4762.452271042,0,-0.19958001,-0.09779832,-0.054444253,-1.0409615,-0.81009835,2.8093274,False,0.0
4762.472271042,20000000,-0.1939385,-0.11174601,-0.052428603,-0.9112246,-0.820683,2.4972177,False,0.0
4762.492271042,40000000,-0.19061089,-0.115130216,-0.058806658,-0.78925604,-0.8326846,2.193353,False,0.0
4762.512271042,0,-0.18832797,-0.112038106,-0.06420028,-0.67677057,-0.84988576,1.9154763,False,0.0
4762.532271042,0,-0.18568605,-0.10461044,-0.068807304,-0.5853514,-0.8759039,1.6696768,False,0.0
4762.552271042,0,-0.18065442,-0.09303364,-0.07247168,-0.52046263,-0.8797,1.4628711,False,0.0
4762.572271042,0,-0.17537913,-0.08060628,-0.06951171,-0.469215,-0.8739452,1.2964201,False,0.0
4762.592271042,20000000,-0.17076269,-0.06607914,-0.06523943,-0.42108315,-0.86148363,1.1788551,False,0.0
4762.612271042,0,-0.1617213,-0.0560731,-0.06307948,-0.39068398,-0.8269546,1.0923363,False,0.0
4762.632271042,0,-0.15256506,-0.05221194,-0.05950117,-0.37498707,-0.77542704,1.012115,False,0.0
4762.652271042,0,-0.15476042,-0.05211422,-0.04962504,-0.36323562,-0.7472598,0.9462673,False,0.0
4762.672271042,20000000,-0.1551292,-0.05743164,-0.045506418,-0.35776684,-0.73046046,0.8880647,False,0.0
4762.692271042,0,-0.14882278,-0.061588913,-0.042729557,-0.35359123,-0.71920484,0.8424011,False,0.0
4762.712271042,0,-0.14317755,-0.05871746,-0.04361087,-0.34786284,-0.70376384,0.80027056,False,0.0
4762.732271042,20000000,-0.13586858,-0.05290422,-0.049900174,-0.3482011,-0.6850172,0.77447176,False,0.0
4762.752271042,0,-0.13366732,-0.04982832,-0.05006218,-0.35114354,-0.672603,0.7626511,False,0.0
4762.772271042,20000000,-0.13515955,-0.048879832,-0.04678631,-0.3515204,-0.66299504,0.7697107,False,0.0
4762.792271042,0,-0.13635671,-0.046191335,-0.04095316,-0.3506438,-0.6641259,0.7770946,False,0.0
4762.832271042,0,-0.13900526,-0.024260014,-0.031796277,-0.38471463,-0.6542564,0.81170255,False,0.0
4762.852271042,0,-0.13954726,-0.009565383,-0.03383696,-0.4150385,-0.6366064,0.83273983,False,0.0
4762.872271042,20000000,-0.13979796,0.002922535,-0.034792006,-0.45088306,-0.61952925,0.86172605,False,0.0
4762.892271042,0,-0.14207084,0.016146362,-0.039654613,-0.4825221,-0.5954344,0.89311045,False,0.0
4762.912271042,0,-0.14151168,0.023348331,-0.048427105,-0.5048618,-0.5894578,0.93276304,False,0.0
4762.932271042,20000000,-0.121962935,0.02194783,-0.08887124,-0.51932824,-0.59867126,0.9669862,False,0.0
4762.952271042,0,-0.08924049,0.013958126,-0.16405714,-0.54708105,-0.5867562,0.982122,False,0.0
4762.972271042,0,-0.077777475,0.007850796,-0.16644311,-0.5465905,-0.52052635,0.9753934,False,0.0
4762.992271042,0,-0.06990662,0.0006201863,-0.12280691,-0.48222125,-0.4851508,0.9615631,False,0.0
4763.012271042,0,-0.054612353,0.00040981174,-0.09841949,-0.40200672,-0.42426252,0.9157935,False,0.0
4763.032271042,20000000,-0.05567488,0.0069797635,-0.056645453,-0.32600266,-0.36866456,0.8866452,False,0.0
4763.052271042,0,-0.04643795,0.006483227,-0.021084964,-0.2767895,-0.33184755,0.86814815,False,0.0
4763.072271042,20000000,-0.03721966,0.005995512,0.01447314,-0.22757629,-0.29503053,0.84965104,False,0.0
4763.092271042,0,-0.019602597,0.0047656596,0.041325092,-0.18865004,-0.25746816,0.82164514,False,0.0
4763.112271042,20000000,-0.013715357,0.019930273,0.06488991,-0.18458469,-0.23297682,0.79680157,False,0.0
4763.132271042,0,-0.0117058605,0.04103911,0.08393133,-0.2140003,-0.25655967,0.80222243,False,0.0
4763.152271042,20000000,-0.0072322935,0.06520906,0.087839425,-0.2892122,-0.28728646,0.82312304,False,0.0
4763.172271042,0,-0.0020579398,0.08670032,0.08648175,-0.37838128,-0.330673,0.8616087,False,0.0
4763.192271042,0,0.006402403,0.10672006,0.07406312,-0.47483864,-0.35821626,0.90481764,False,0.0
4763.212271042,20000000,0.009827763,0.12459028,0.06762326,-0.56756043,-0.3786816,0.9504663,False,0.0
4763.232271042,0,0.007903233,0.14304772,0.064343214,-0.63175416,-0.40494722,1.0205203,False,0.0
4763.252271042,0,0.009904668,0.14985836,0.059148014,-0.6713553,-0.43637663,1.1144979,False,0.0
4763.272271042,20000000,0.008770198,0.14863083,0.057143986,-0.68162435,-0.43876478,1.2142096,False,0.0
4763.292271042,0,-0.0050193667,0.14850712,0.06657779,-0.6714615,-0.46106136,1.3332754,False,0.0
4763.312271042,0,-0.013602331,0.14173022,0.068170846,-0.6670963,-0.493391,1.4338281,False,0.0
4763.332271042,0,-0.006213829,0.12187606,0.05359137,-0.6734006,-0.49859026,1.4701726,False,0.0
4763.352271042,0,-0.010388643,0.107700735,0.048753917,-0.6729766,-0.47754914,1.4451334,False,0.0
4763.372271042,20000000,-0.014724925,0.09368119,0.0438931,-0.6725527,-0.45650798,1.4200943,False,0.0
4763.392271042,0,-0.018495232,0.078852326,0.042337537,-0.6474447,-0.4468843,1.364741,False,0.0
4763.432271042,0,-0.0056392252,0.053530514,0.02471459,-0.56537724,-0.36858052,1.206496,False,0.0
4763.452271042,0,-0.0042097867,0.0448229,0.031036198,-0.50448114,-0.32216367,1.1314578,False,0.0
4763.472271042,0,0.0019285977,0.040908635,0.029855847,-0.44839838,-0.2940257,1.0661212,False,0.0
4763.512271042,0,0.009208411,0.03828305,0.026837766,-0.3824024,-0.23739605,0.9226754,False,0.0
4763.532271042,20000000,0.009929299,0.044510573,0.023186445,-0.3782207,-0.22617649,0.84930325,False,0.0
4763.552271042,0,0.014740616,0.04737559,0.01820302,-0.37659663,-0.20630716,0.7806881,False,0.0
4763.572271042,0,0.01282841,0.048105747,0.019137919,-0.34938908,-0.19333036,0.7289345,False,0.0
4763.592271042,20000000,0.017965615,0.04132232,0.018192649,-0.3053909,-0.1641801,0.67504174,False,0.0
4763.612197333,0,0.024599805,0.0390862,0.017914293,-0.26081523,-0.12343222,0.6040364,False,0.0
4763.632197333,0,0.02286157,0.040359467,0.022526026,-0.23589936,-0.10716159,0.5514603,False,0.0
4763.652197333,20000000,0.021110028,0.04167363,0.027137935,-0.21098348,-0.09089096,0.49888426,False,0.0
4763.672197333,0,0.022072375,0.036893666,0.02676016,-0.18734415,-0.082899086,0.4625072,False,0.0
4763.692197333,0,0.020303458,0.032681257,0.026681185,-0.16658345,-0.07603188,0.43439445,False,0.0
4763.712197333,0,0.021024913,0.028218448,0.025207818,-0.15166976,-0.07349408,0.41635182,False,0.0
4763.732197333,20000000,0.023622394,0.021537304,0.02144593,-0.14772527,-0.06587323,0.40166223,False,0.0
4763.752197333,0,0.026428074,0.013623476,0.020452261,-0.14316179,-0.063803375,0.3884859,False,0.0
4763.772197333,0,0.029444546,0.005072713,0.020098627,-0.14249793,-0.049364325,0.3600724,False,0.0
4763.792197333,20000000,0.03033641,0.002290696,0.01941061,-0.14681385,-0.033979334,0.31964767,False,0.0
4763.812197333,40000000,0.02744919,0.0028256476,0.022891402,-0.15538923,-0.029000733,0.27588353,False,0.0
4763.832197333,0,0.024563253,0.0062731206,0.026744306,-0.16548978,-0.029205222,0.23355569,False,0.0
4763.852197333,20000000,0.024657339,0.010124624,0.02757293,-0.17304838,-0.030669428,0.1945832,False,0.0
4763.872197333,0,0.025701463,0.017814279,0.027079642,-0.18170857,-0.03197356,0.16575627,False,0.0
4763.892197333,20000000,0.027730227,0.022077143,0.028923452,-0.18483509,-0.036007266,0.14655057,False,0.0
4763.912197333,0,0.032824308,0.021906018,0.027522087,-0.17465053,-0.033950258,0.13616367,False,0.0
4763.932197333,0,0.039102137,0.020716965,0.026782572,-0.15532151,-0.025870014,0.118927285,False,0.0
4763.952197333,20000000,0.045375854,0.01953587,0.026037097,-0.13599247,-0.01778977,0.1016909,False,0.0
4763.972197333,40000000,0.05164537,0.018362671,0.025285661,-0.11666343,-0.009709525,0.08445453,False,0.0
4763.992197333,60000000,0.0554021,0.012350023,0.025734246,-0.09350199,-0.009185942,0.0666801,False,0.0
4764.012197333,0,0.062339544,0.0034722686,0.023586154,-0.06578055,-0.0034544705,0.042501602,False,0.0
4764.032197333,20000000,0.06706908,-0.0050967634,0.024631143,-0.032016918,-0.0006851533,0.015499406,False,0.0
4764.052197333,0,0.06378558,-0.008364499,0.030839026,-0.0010173433,-0.006316295,-0.007846817,False,0.0
4764.072197333,0,0.060552657,-0.005995661,0.0378322,0.016620457,-0.031190509,-0.02283096,False,0.0
4764.092197333,20000000,0.060660124,-0.0026025176,0.039886117,0.018072654,-0.058860973,-0.038263526,False,0.0
4764.112197333,0,0.06193933,-0.000690639,0.037813485,0.010943489,-0.08488138,-0.047163963,False,0.0
4764.132197333,0,0.06491411,-0.0014741421,0.03339994,0.012873748,-0.097182855,-0.047880672,False,0.0
4764.152197333,20000000,0.060803205,-0.0016666651,0.03222394,0.028976008,-0.10517698,-0.03856742,False,0.0
4764.172197333,0,0.0543949,0.0043575764,0.035889268,0.039716005,-0.12155259,-0.018932475,False,0.0
4764.192197333,0,0.05011019,0.010383546,0.03907144,0.036229838,-0.13927433,-0.004760041,False,0.0
4764.212197333,20000000,0.050435156,0.013928115,0.03668803,0.0101036355,-0.14786376,-0.011287563,False,0.0
4764.232197333,0,0.049713552,0.014105648,0.03650266,-0.0014718538,-0.13954525,-0.041212168,False,0.0
4764.252197333,20000000,0.048992783,0.014284223,0.03631389,-0.013047342,-0.13122673,-0.07113677,False,0.0
4764.272197333,0,0.048272908,0.014463872,0.036121666,-0.024622831,-0.12290821,-0.101061374,False,0.0
4764.292197333,20000000,0.04484719,0.018569082,0.04070425,-0.0153733445,-0.12070416,-0.11954439,False,0.0
4764.312197333,0,0.051162153,0.02022335,0.034906447,-0.0079440875,-0.11092842,-0.1449056,False,0.0
4764.332197333,20000000,0.057480305,0.021882951,0.029104829,-0.00051483,-0.10115269,-0.1702668,False,0.0
4764.352197333,0,0.06452963,0.017162621,0.026438057,0.006021189,-0.07398827,-0.19960316,False,0.0
4764.372197333,0,0.06908345,0.007704228,0.022638142,0.026711475,-0.038415987,-0.23259914,False,0.0
4764.392197333,20000000,0.07259807,-0.004120499,0.021344602,0.056455187,-0.002262298,-0.26981208,False,0.0
4764.412197333,0,0.07576138,-0.016485155,0.021478474,0.09218739,0.03688658,-0.31698152,False,0.0
4764.432197333,0,0.07607064,-0.027718723,0.022127688,0.13098247,0.06639135,-0.37091416,False,0.0
4764.452197333,20000000,0.07199195,-0.039192528,0.01823908,0.1572302,0.085077286,-0.43529633,False,0.0
4764.472197333,0,0.06314063,-0.04482937,0.015664041,0.17871115,0.09225002,-0.49654043,False,0.0
4764.492197333,20000000,0.0591155,-0.05084786,0.0030943155,0.18969151,0.08516615,-0.5400987,False,0.0
4764.512197333,0,0.05793065,-0.0632118,-0.015949905,0.20150512,0.07452382,-0.5865491,False,0.0
4764.532197333,0,0.042170495,-0.061531365,-0.03383273,0.1891587,0.07430488,-0.6317388,False,0.0
4764.552197333,20000000,0.026408494,-0.059800476,-0.051705122,0.17681226,0.074085936,-0.6769285,False,0.0
4764.592197333,0,-0.06147957,-0.005831003,-0.0059807897,0.11063861,-0.002325315,-0.61197394,False,0.0
4764.612197333,0,-0.096389264,0.005413264,0.0025836825,0.07513581,-0.048322216,-0.55206347,False,0.0
4764.632197333,0,-0.12557949,0.011744261,0.00081938505,0.034301776,-0.075398795,-0.50441587,False,0.0
4764.652197333,0,-0.15419279,0.023348808,-0.0017038584,-0.018448982,-0.10443045,-0.45963675,False,0.0
4764.672197333,20000000,-0.17118546,0.03399861,-0.001699686,-0.057346262,-0.13644773,-0.42387697,False,0.0
4764.692197333,0,-0.17495874,0.046523094,-0.013642013,-0.08927728,-0.14835487,-0.40943027,False,0.0
4764.712197333,0,-0.1707364,0.060517192,-0.027532876,-0.114808254,-0.12481195,-0.42629167,False,0.0
4764.732197333,20000000,-0.16763595,0.07297099,-0.031092823,-0.12031893,-0.08897066,-0.445909,False,0.0
4764.752197333,0,-0.1621469,0.08203077,-0.028630614,-0.10292415,-0.051270578,-0.45928687,False,0.0
4764.772197333,0,-0.15812746,0.08681369,-0.028949738,-0.06891385,-0.022652827,-0.4509816,False,0.0
4764.792197333,0,-0.15627578,0.086304724,-0.027940452,-0.015001535,-0.013616463,-0.41165033,False,0.0
4764.812197333,0,-0.14394525,0.07193607,-0.02934128,0.04879964,0.0014852025,-0.36387706,False,0.0
4764.832197333,20000000,-0.12740032,0.061572134,-0.027127862,0.10207493,0.042980436,-0.33368415,False,0.0
4764.852197333,0,-0.12572677,0.058840394,-0.022191525,0.097801365,0.03861817,-0.2987748,False,0.0
4764.872197333,20000000,-0.12405461,0.056130707,-0.017254531,0.0935278,0.0342559,-0.26386547,False,0.0
4764.892197333,40000000,-0.12238392,0.053443193,-0.012316942,0.08925424,0.029893631,-0.22895612,False,0.0
4764.912197333,0,-0.1010569,0.03810239,-0.017038107,0.08658981,0.041075565,-0.21111688,False,0.0
4764.932197333,0,-0.08531349,0.034374416,-0.01908946,0.078598015,0.075353816,-0.21410437,False,0.0
4764.952197333,0,-0.07756027,0.04143834,-0.01672548,0.06476963,0.10388915,-0.21570447,False,0.0
4764.972197333,20000000,-0.07254949,0.0519042,-0.011085093,0.048676223,0.12566487,-0.19795078,False,0.0
4764.992197333,0,-0.068591565,0.056239545,-0.004131913,0.043648068,0.12699038,-0.15772736,False,0.0
4765.012197333,0,-0.0575846,0.050059855,-0.0002168417,0.06054388,0.12535995,-0.10910183,False,0.0
4765.032197333,0,-0.046231776,0.04293281,0.00394094,0.084704176,0.119453065,-0.060725555,False,0.0
4765.052197333,0,-0.03851044,0.037303746,0.0070020556,0.10205562,0.10370934,-0.012351438,False,0.0
4765.072197333,0,-0.03417948,0.03289038,0.007315576,0.10625766,0.07724899,0.041816674,False,0.0
4765.092197333,0,-0.034354687,0.031596243,0.010777354,0.09287913,0.03109914,0.11063485,False,0.0
4765.112197333,0,-0.027213708,0.01385361,0.007507324,0.07979245,-0.013631549,0.17571719,False,0.0
4765.132197333,20000000,-0.013925329,-0.0054354668,0.0018636584,0.07265474,-0.02864028,0.21746512,False,0.0
4765.152197333,0,-0.009259284,-0.014672756,0.0033886433,0.06089022,-0.039019782,0.22821274,False,0.0
4765.172197333,0,-0.01574707,-0.0077039003,0.012021899,0.032170996,-0.07285821,0.2248564,False,0.0
4765.192197333,20000000,-0.02222985,-0.00073212385,0.020656109,0.003451774,-0.106696635,0.22150005,False,0.0
4765.212197333,40000000,-0.019862995,0.011829257,0.020733416,-0.028561825,-0.13106734,0.224017,False,0.0
4765.232197333,0,-0.016482905,0.019490242,0.027366698,-0.057753243,-0.15653725,0.23727787,False,0.0
4765.252197333,20000000,-0.014047429,0.03195858,0.030812442,-0.07078978,-0.17849198,0.26395148,False,0.0
4765.272197333,0,-0.01222758,0.032756925,0.024872422,-0.08034702,-0.20061867,0.3035662,False,0.0
4765.292197333,0,-0.008683935,0.012625694,0.013026595,-0.06350538,-0.22340895,0.36651775,False,0.0
4765.312197333,0,0.0062566698,-0.04735878,-0.0038622618,0.0023942217,-0.25267622,0.409916,False,0.0
4765.332197333,0,0.031083375,-0.0940052,-0.021312594,0.074610524,-0.2518583,0.37376595,False,0.0
4765.352197333,20000000,0.041764572,-0.05944997,-0.008612752,0.06515881,-0.22709787,0.26769727,False,0.0
4765.372197333,0,0.016458586,0.03660953,0.026196957,-0.07144735,-0.23288667,0.19206272,False,0.0
4765.392197333,0,-0.042083234,0.13705492,0.06714517,-0.2604328,-0.3045668,0.2569477,False,0.0
4765.412197333,20000000,-0.07165079,0.1722278,0.07275748,-0.38058722,-0.43870965,0.47273344,False,0.0
4765.432197333,0,-0.040620223,0.10851836,0.030437112,-0.34675056,-0.48104402,0.6878404,False,0.0
4765.452197333,0,-0.028205574,0.07241619,0.018360972,-0.24796504,-0.42512873,0.65799475,False,0.0
4765.472197333,20000000,-0.015800998,0.03632742,0.0062895417,-0.14917952,-0.36921346,0.6281491,False,0.0
4765.492197333,40000000,-0.0034062564,0.00025230646,-0.00577718,-0.050394,-0.31329817,0.5983034,False,0.0
4765.512197333,60000000,-0.017505407,0.020352364,0.0048462152,-0.06682261,-0.30258676,0.52241415,False,0.0
4765.532197333,0,-0.039069355,0.04172367,0.010386825,-0.10324086,-0.32155827,0.4917907,False,0.0
4765.552197333,0,-0.05040036,0.05392295,0.0024405122,-0.12604542,-0.35231024,0.5226869,False,0.0
4765.572197333,0,-0.04859774,0.044612586,-0.009650052,-0.11185713,-0.35535172,0.5635224,False,0.0
4765.592197333,0,-0.04109004,0.023899376,-0.023200214,-0.07473683,-0.33106446,0.5916647,False,0.0
4765.612197333,0,-0.031542376,-0.0033082962,-0.03227496,-0.019485936,-0.2671877,0.5795274,False,0.0
4765.632197333,0,-0.038447425,-0.009901881,-0.029051244,0.018722791,-0.20914632,0.54711735,False,0.0
4765.652197333,0,-0.045442104,-0.013822675,-0.025731623,0.032346703,-0.17658532,0.5407001,False,0.0
4765.672197333,20000000,-0.038229793,-0.031203032,-0.02947992,0.04303669,-0.13560162,0.51584786,False,0.0
4765.692197333,0,-0.0254983,-0.05602762,-0.035071373,0.055345323,-0.083801754,0.4635458,False,0.0
4765.712197333,0,-0.017171368,-0.07475421,-0.04198724,0.07066684,-0.010649338,0.36465636,False,0.0
4765.732197333,20000000,-0.017225027,-0.070335925,-0.047565103,0.07234581,0.06281583,0.249884,False,0.0
4765.752197333,0,-0.01652421,-0.07516712,-0.049651027,0.08812633,0.13873585,0.12657344,False,0.0
4765.772197333,20000000,-0.015822053,-0.07999289,-0.051750958,0.103906855,0.21465586,0.003262885,False,0.0
4765.792197333,40000000,-0.015118629,-0.084813386,-0.053864717,0.119687386,0.29057586,-0.12004766,False,0.0
4765.812197333,60000000,-0.019199833,-0.084454864,-0.051395774,0.17075141,0.38050476,-0.29059938,False,0.0
4765.832197333,0,-0.031576067,-0.06592676,-0.0480718,0.18896542,0.45286947,-0.45570052,False,0.0
4765.852197333,0,-0.04607907,-0.050608516,-0.032049954,0.21283449,0.5271295,-0.6247587,False,0.0
4765.872197333,20000000,-0.05884868,-0.03678021,-0.01700151,0.25894144,0.5731475,-0.7663937,False,0.0
4765.892197333,0,-0.07840662,-0.021422863,-0.011947989,0.30641824,0.62758285,-0.8895421,False,0.0
4765.912197333,0,-0.1097229,0.0056453645,-0.0007453561,0.35009533,0.62381345,-0.9604282,False,0.0
4765.932197333,0,-0.123710394,0.031499773,-0.0058524013,0.3828317,0.59451103,-0.9764004,False,0.0
4765.952197333,0,-0.12587735,0.043396592,-0.014447868,0.39791998,0.5979059,-0.9940446,False,0.0
4765.972161125,0,-0.13157654,0.05411574,-0.02150385,0.40433568,0.60311943,-1.0088377,False,0.0
4765.992161125,0,-0.120683864,0.04575306,-0.043034017,0.42094785,0.67032206,-1.0611341,False,0.0
4766.012161125,20000000,-0.1255152,0.032850683,-0.050990283,0.44815108,0.7321714,-1.13031,False,0.0
4766.032161125,0,-0.13300079,-0.0037342608,-0.054147482,0.5491134,0.7958342,-1.3145502,False,0.0
4766.052161125,20000000,-0.14060399,-0.040332526,-0.057362616,0.65007573,0.85949695,-1.4987903,False,0.0
4766.072161125,40000000,-0.1483233,-0.07694793,-0.060637593,0.7510381,0.92315966,-1.6830302,False,0.0
4766.092161125,60000000,-0.16495265,-0.098850936,-0.05104685,0.87449557,0.9552792,-1.9160472,False,0.0
4766.112161125,0,-0.1811671,-0.10646996,-0.043079495,0.98842347,0.9614384,-2.1677125,False,0.0
4766.132161125,20000000,-0.198166,-0.08105683,-0.039540708,1.0562814,0.9429053,-2.3615615,False,0.0
4766.152161125,0,-0.19914094,-0.034005255,-0.040659487,1.0571955,0.9111398,-2.4471624,False,0.0
4766.172161125,0,-0.18349949,0.018703312,-0.04793054,0.98650503,0.8958735,-2.423663,False,0.0
4766.212161125,0,-0.13794465,0.09075767,-0.052158833,0.7080777,0.94409347,-2.0832808,False,0.0
4766.232161125,0,-0.13723809,0.10197571,-0.034465253,0.5739655,0.94841,-1.8230516,False,0.0
4766.252161125,20000000,-0.13466057,0.09720513,-0.020046294,0.46667823,0.9105856,-1.5455555,False,0.0
4766.272161125,0,-0.13410701,0.08426598,-0.007598877,0.37028867,0.86520565,-1.3170234,False,0.0
4766.292161125,20000000,-0.13437015,0.07211986,0.008974493,0.28583857,0.8030657,-1.1444699,False,0.0
4766.312161125,0,-0.13264698,0.067423224,0.027485013,0.20992896,0.7281772,-1.0118111,False,0.0
4766.332161125,20000000,-0.12749718,0.07405934,0.047647297,0.13691854,0.6500735,-0.89271516,False,0.0
4766.352161125,0,-0.12591347,0.09123835,0.07248229,0.076000065,0.5541246,-0.7346873,False,0.0
4766.372161125,0,-0.12238334,0.10770786,0.087646365,0.01965883,0.44704232,-0.524971,False,0.0
4766.392161125,0,-0.11596213,0.13161519,0.091748476,-0.04253973,0.34790468,-0.26646855,False,0.0
4766.412161125,0,-0.109118015,0.17370698,0.0945766,-0.13973886,0.2308694,0.07387,False,0.0
4766.432161125,0,-0.08825204,0.20486939,0.08357537,-0.2770877,0.10568607,0.4849063,False,0.0
4766.452161125,0,-0.081669316,0.2197456,0.07819158,-0.45184952,-0.036337852,0.99173117,False,0.0
4766.472161125,20000000,-0.07514295,0.23482785,0.07279092,-0.62661135,-0.17836176,1.4985561,False,0.0
4766.492161125,0,-0.070867166,0.21706745,0.07036704,-0.77377164,-0.35596037,2.0263283,False,0.0
4766.512161125,20000000,-0.066686004,0.19986638,0.06800473,-0.92093194,-0.533559,2.5541005,False,0.0
4766.532161125,40000000,-0.03636542,0.16581264,0.042779326,-1.0676531,-0.7162144,2.9931371,False,0.0
4766.552161125,0,0.024923086,0.12249142,-0.0057520866,-1.2335451,-0.7978614,3.2540145,False,0.0
4766.572161125,20000000,0.09454298,0.07511935,-0.0024870038,-1.3431568,-0.79507935,3.3343494,False,0.0
4766.592161125,0,0.19723746,0.0036220849,0.00054854155,-1.3191442,-0.7063222,3.1877851,False,0.0
4766.612161125,0,0.28898922,-0.06599453,-0.006246984,-1.1714036,-0.4978924,2.8443067,False,0.0
4766.632161125,20000000,0.30446336,-0.10075748,0.027176559,-0.9377354,-0.3394579,2.438347,False,0.0
4766.652161125,0,0.28024694,-0.10374686,0.07156497,-0.68152845,-0.337599,2.0875902,False,0.0
4766.672161125,0,0.27105677,-0.106981516,0.08494425,-0.48634034,-0.41904864,1.8168575,False,0.0
4766.692161125,20000000,0.26213342,-0.10992873,0.098457694,-0.2911523,-0.50049824,1.5461247,False,0.0
4766.712161125,0,0.2482605,-0.116321534,0.102716625,-0.15458286,-0.57251245,1.3116974,False,0.0
4766.732161125,20000000,0.22661859,-0.12181264,0.09755939,-0.075125754,-0.59047794,1.0838515,False,0.0
4766.752161125,0,0.20880029,-0.12927595,0.07964933,-0.03433041,-0.5829976,0.8813902,False,0.0
4766.772161125,0,0.18740612,-0.13233854,0.067326665,0.009630036,-0.55830693,0.70278126,False,0.0
4766.792161125,0,0.15870816,-0.1369794,0.059069753,0.053100687,-0.53937685,0.5638724,False,0.0
4766.812161125,0,0.13445258,-0.13894208,0.0529806,0.110191524,-0.5620586,0.491862,False,0.0
4766.832161125,20000000,0.13273731,-0.15389946,0.037067592,0.17848232,-0.5719556,0.43985218,False,0.0
4766.852161125,0,0.1382379,-0.17163557,0.020352423,0.24627444,-0.5644094,0.39607376,False,0.0
4766.872161125,0,0.14230943,-0.186818,0.00896436,0.31338885,-0.52720815,0.3429193,False,0.0
4766.892161125,0,0.13468069,-0.19401164,-0.0025895238,0.37073296,-0.5008143,0.28628433,False,0.0
4766.912161125,20000000,0.12716582,-0.20118487,-0.014263928,0.4280771,-0.47442052,0.22964938,False,0.0
4766.932161125,0,0.10162589,-0.17885113,-0.008430421,0.4184371,-0.41319746,0.16907746,False,0.0
4766.952161125,20000000,0.076165736,-0.1564795,-0.0027224422,0.4087971,-0.3519744,0.10850554,False,0.0
4766.972161125,0,0.04291731,-0.11756244,0.012452185,0.3863436,-0.27947992,0.053175066,False,0.0
4766.992161125,0,-0.01706767,-0.06037602,0.038065672,0.33697683,-0.2747645,0.043891706,False,0.0
4767.012161125,0,-0.068589896,-0.0048938394,0.04234177,0.25537303,-0.3090229,0.060478453,False,0.0
4767.032161125,0,-0.11000559,0.030184984,0.034139633,0.1414775,-0.37889272,0.109744415,False,0.0
4767.052161125,0,-0.10930255,0.029932112,0.00780797,0.03265018,-0.47188854,0.18021776,False,0.0
4767.072161125,20000000,-0.06932047,0.012341112,-0.032470047,-0.054583706,-0.44136092,0.16767707,False,0.0
4767.092161125,0,-0.042061687,0.01040259,-0.048289835,-0.14224404,-0.3511393,0.09987351,False,0.0
4767.112161125,0,-0.030932069,0.025057763,-0.058383644,-0.25155485,-0.2656716,-0.00035823882,False,0.0
4767.132161125,20000000,-0.044965982,0.05777082,-0.04962468,-0.3882213,-0.18974048,-0.12469128,False,0.0
4767.152161125,0,-0.074581,0.10579637,-0.024710774,-0.515769,-0.17399123,-0.20661765,False,0.0
4767.172161125,0,-0.08639544,0.119466245,-0.017559707,-0.55608296,-0.17338336,-0.22198145,False,0.0
4767.192161125,0,-0.08668238,0.11439034,-0.026030242,-0.48324403,-0.14179742,-0.18979365,False,0.0
4767.212161125,0,-0.09110309,0.10824597,-0.033041537,-0.37006637,-0.07520418,-0.12743443,False,0.0
4767.232161125,20000000,-0.11831948,0.09393716,-0.033851326,-0.24697,-0.04200217,-0.04006858,False,0.0
4767.252161125,0,-0.14428274,0.067099065,-0.030843675,-0.14442366,-0.03472411,0.055361748,False,0.0
4767.272161125,0,-0.16454418,0.05291924,-0.023001254,-0.10863727,-0.07847971,0.09741467,False,0.0
4767.292161125,20000000,-0.18480915,0.03873706,-0.015166819,-0.07285088,-0.12223531,0.1394676,False,0.0
4767.312161125,40000000,-0.18292484,0.031222403,-0.014816225,-0.0915475,-0.15319267,0.10249683,False,0.0
4767.332161125,0,-0.16943529,0.030312747,-0.02315402,-0.13257888,-0.15364629,0.0055653676,False,0.0
4767.352161125,0,-0.15118235,0.033554345,-0.028572083,-0.15556733,-0.14593124,-0.10066678,False,0.0
4767.372161125,20000000,-0.12817442,0.03379768,-0.030400813,-0.14904658,-0.10744907,-0.20837861,False,0.0
4767.392161125,0,-0.118910715,0.04604441,-0.02258873,-0.13097593,-0.035784565,-0.32130373,False,0.0
4767.412161125,0,-0.14051478,0.0912413,0.00010871887,-0.12653512,-0.029961396,-0.36886185,False,0.0
4767.432161125,20000000,-0.1587265,0.13807958,0.011508107,-0.15419322,-0.08333406,-0.3380431,False,0.0
4767.452161125,0,-0.14107783,0.14553237,0.0009852052,-0.17789835,-0.11613542,-0.26154822,False,0.0
4767.472161125,0,-0.104918465,0.11510408,-0.011198401,-0.15735634,-0.060608234,-0.22093388,False,0.0
4767.492161125,20000000,-0.068738446,0.08470002,-0.02341348,-0.13681433,-0.005081054,-0.18031956,False,0.0
4767.512161125,0,-0.04357113,0.05904156,-0.025908291,-0.11444897,0.04714949,-0.17734207,False,0.0
4767.532161125,0,-0.020819753,0.031737745,-0.02510959,-0.07025227,0.090305895,-0.18790123,False,0.0
4767.552161125,0,0.008009911,0.0028744936,-0.023432791,0.0008538142,0.15814015,-0.23699489,False,0.0
4767.572161125,20000000,0.021290407,-0.007976353,-0.010725439,0.072174385,0.2277939,-0.3030097,False,0.0
4767.592161125,0,0.0057676136,0.0011843741,0.01776576,0.124441355,0.22516692,-0.32866558,False,0.0
4767.612161125,0,0.0035482496,0.017428398,0.029418468,0.13827239,0.16913381,-0.31990993,False,0.0
4767.632161125,0,0.017609522,0.024224699,0.03312272,0.11416523,0.10769902,-0.2903952,False,0.0
4767.652161125,0,0.024257973,0.027447402,0.036046267,0.086611316,0.07954198,-0.26783726,False,0.0
4767.672161125,20000000,0.022444904,0.025822967,0.041796684,0.08261892,0.04970239,-0.23498037,False,0.0
4767.692161125,0,0.024324462,0.024719924,0.037900865,0.09105842,0.044706002,-0.20219201,False,0.0
4767.712161125,0,0.021659851,0.024936706,0.031577587,0.094512075,0.037305962,-0.19803147,False,0.0
4767.732161125,20000000,0.017137751,0.03447157,0.028071642,0.07566987,0.03182608,-0.20782213,False,0.0
4767.752161125,0,0.016917825,0.040271074,0.021076262,0.04695785,0.02027936,-0.2221161,False,0.0
4767.772161125,0,0.01340723,0.04669425,0.020619154,0.012629282,0.016991211,-0.23721273,False,0.0
4767.792161125,0,0.012627929,0.053903162,0.017929018,-0.0014347425,0.009355318,-0.2294484,False,0.0
4767.812161125,0,0.00466457,0.053633213,0.024949431,0.01691584,-0.015851889,-0.19598347,False,0.0
4767.832161125,20000000,0.0074926913,0.052178174,0.018805504,0.035222568,-0.024200104,-0.15389378,False,0.0
4767.852161125,0,0.009250358,0.046890616,0.016156495,0.058166347,-0.029466271,-0.10427584,False,0.0
4767.872161125,20000000,0.011008441,0.04160568,0.013507366,0.08111013,-0.03473244,-0.054657884,False,0.0
4767.892161125,0,0.005218193,0.031694084,0.010233343,0.08806372,-0.04289681,0.0027325936,False,0.0
4767.912161125,0,0.010855943,0.023031473,-0.00084251165,0.059819456,-0.05057489,0.056327216,False,0.0
4767.932161125,0,0.021435827,0.009152621,-0.0057466626,0.016644914,-0.026255343,0.08095612,False,0.0
4767.952161125,20000000,0.022973105,-0.0010201037,-0.0066512227,-0.021368098,0.009228867,0.06960129,False,0.0
4767.972161125,0,0.013891339,-0.0069283843,0.0017440915,-0.04933645,0.017919196,0.070431404,False,0.0
4767.992161125,0,0.014577568,-0.010892451,0.006975293,-0.053637486,0.021834183,0.05806713,False,0.0
4768.012161125,20000000,0.013045147,-0.002507776,0.0075579286,-0.06378171,0.01657154,0.03682517,False,0.0
4768.032161125,0,0.011466503,0.011234552,0.013611138,-0.09025875,0.0049959384,0.019775722,False,0.0
4768.052161125,0,0.015071183,0.012830943,0.008612394,-0.104559354,0.007457094,0.025943816,False,0.0
4768.072161125,20000000,0.018234625,0.014038205,0.0103497505,-0.09044627,0.009039059,0.04785035,False,0.0
4768.092161125,0,0.023949608,0.009712696,0.009031415,-0.06662047,0.010935905,0.07752498,False,0.0
4768.112161125,0,0.016599968,0.0059363246,0.014912128,-0.03866353,-0.017495755,0.09717139,False,0.0
4768.132161125,0,0.011166051,-0.00085276365,0.0253219,-0.021753874,-0.038199812,0.101988845,False,0.0
4768.152161125,0,0.008551449,-0.005603373,0.019172609,0.0011965856,-0.07250212,0.0835879,False,0.0
4768.172161125,20000000,0.0059378445,-0.010354698,0.013022721,0.024147043,-0.10680443,0.06518696,False,0.0
4768.192161125,0,0.0052828193,-0.008417726,0.0025370717,0.033284128,-0.09087926,0.031265944,False,0.0
4768.212161125,20000000,-0.0036122054,0.0057358444,-0.00011211634,0.021498077,-0.08723282,0.0020359643,False,0.0
4768.232161125,0,-0.020958066,0.020442337,0.0031741858,-0.0062426142,-0.077946946,-0.033538528,False,0.0
4768.252161125,0,-0.023861319,0.02389425,-0.001907289,-0.028597621,-0.08173587,-0.048866596,False,0.0
4768.272161125,0,-0.016783506,0.016657114,-0.01083833,-0.024491608,-0.05646587,-0.07581603,False,0.0
4768.292161125,0,-0.01360926,0.014764249,-0.013954878,-0.0014291052,-0.013355028,-0.10397049,False,0.0
4768.312161125,20000000,-0.018525332,0.020714372,-0.009521663,0.023675619,0.010900201,-0.118468374,False,0.0
4768.332161125,0,-0.012800261,0.022480339,-0.009382367,0.058655515,0.01699142,-0.12753595,False,0.0
4768.352000375,0,-0.010378272,0.020943984,-0.008234509,0.081613235,0.04574173,-0.132445,False,0.0
4768.372000375,0,-0.012450904,0.02126345,-0.0046887994,0.087972306,0.046538666,-0.11881156,False,0.0
4768.392000375,0,-0.0058900714,0.016683608,-0.007188022,0.089431524,0.06076669,-0.10589221,False,0.0
4768.412000375,0,-0.0014930367,0.012179315,-0.007072389,0.08106021,0.0826893,-0.091666766,False,0.0
4768.432000375,0,0.001144126,0.009066075,-0.0027362704,0.062306084,0.09026293,-0.07525581,False,0.0
4768.452000375,20000000,0.0037805438,0.005951375,0.0015976429,0.043551955,0.097836554,-0.058844857,False,0.0
4768.472000375,0,0.004962072,0.00446254,0.0044201612,0.023771599,0.090818435,-0.041100398,False,0.0
4768.492000375,0,0.008109704,0.0021291077,0.0033749938,0.002750583,0.0866698,-0.024039047,False,0.0
4768.512000375,0,0.013259083,-0.0013454258,0.002451539,-0.017137503,0.085614055,-0.007855356,False,0.0
4768.532000375,0,0.020197585,-0.004886657,0.00095796585,-0.03659604,0.08915206,0.0018874239,False,0.0
4768.552000375,0,0.025177509,-0.0067595243,0.0030691028,-0.0491211,0.098015994,0.007187209,False,0.0
4768.572000375,0,0.026996821,-0.0082371235,0.0062307715,-0.05823196,0.097925305,0.013138809,False,0.0
4768.592000375,20000000,0.027068004,-0.010217607,0.009895563,-0.057843015,0.085528955,0.015831904,False,0.0
4768.612000375,0,0.02816303,-0.009961516,0.010990024,-0.052720115,0.07569976,0.012861506,False,0.0
4768.632000375,0,0.018719703,-0.0069137216,0.016920209,-0.048869636,0.05040025,0.008236786,False,0.0
4768.652000375,20000000,0.008065999,-0.0022331178,0.016705513,-0.051053062,0.021925885,0.01003525,False,0.0
4768.672000375,0,0.0054894686,-0.0031901598,0.009598136,-0.055115867,-0.0060022064,0.0066190884,False,0.0
4768.692000375,0,0.006973386,-0.0060968995,0.0022972822,-0.053099517,-0.0076238983,-0.022164583,False,0.0
4768.712000375,0,0.013107836,-0.006084919,-0.007140875,-0.05172179,0.018433226,-0.08534778,False,0.0
4768.732000375,0,0.007912815,-0.0004003942,-0.0031386018,-0.03798231,0.030052152,-0.14886983,False,0.0
4768.752000375,20000000,0.0027233362,0.005286306,0.00086301565,-0.024242833,0.04167108,-0.21239188,False,0.0
4768.772000375,0,0.0024531335,0.010378897,0.0021030903,0.007866178,0.038313642,-0.24144392,False,0.0
4768.792000375,20000000,0.008747354,0.0145736635,-0.0041870475,0.047810692,0.049227353,-0.23733711,False,0.0
4768.812000375,0,0.010485753,0.013581902,-0.0062558055,0.08962703,0.056621555,-0.193848,False,0.0
4768.832000375,0,0.0062151104,0.007099241,-0.006479621,0.12215887,0.06580126,-0.12807566,False,0.0
4768.852000375,0,-0.0037427843,-0.0020728111,-0.0059318542,0.13534641,0.056355298,-0.063091956,False,0.0
4768.872000375,0,-0.010841042,-0.020800352,-0.011681378,0.13266149,0.051723715,-0.01994434,False,0.0
4768.892000375,20000000,-0.019650653,-0.041944236,-0.01997757,0.13114782,0.062203877,-0.023099499,False,0.0
4768.912000375,0,-0.03330317,-0.058235943,-0.025143504,0.12982398,0.07698479,-0.06329945,False,0.0
4768.932000375,0,-0.04005824,-0.073738605,-0.03548795,0.12893638,0.11104514,-0.14372945,False,0.0
4768.952000375,20000000,-0.042204097,-0.08693102,-0.04311347,0.13474648,0.16641364,-0.26863387,False,0.0
4768.972000375,0,-0.04938394,-0.09762868,-0.044255972,0.15666614,0.22831239,-0.44614404,False,0.0
4768.992000375,20000000,-0.058274508,-0.10529783,-0.041425526,0.19919214,0.2775021,-0.671777,False,0.0
4769.012000375,0,-0.060579076,-0.12770772,-0.03987032,0.28279042,0.32417178,-0.9589615,False,0.0
4769.032000375,0,-0.07699908,-0.12887654,-0.038055062,0.43484056,0.36360875,-1.2815206,False,0.0
4769.052000375,20000000,-0.09350337,-0.12987617,-0.0362249,0.5868907,0.4030457,-1.6040797,False,0.0
4769.072000375,40000000,-0.110097185,-0.13070905,-0.034382224,0.73894083,0.44248265,-1.926639,False,0.0
4769.092000375,0,-0.11723714,-0.10586572,-0.036604464,0.8441591,0.4696903,-2.2234995,False,0.0
4769.112000375,0,-0.12841937,-0.069518775,-0.043440282,0.8912607,0.504761,-2.4762158,False,0.0
4769.132000375,20000000,-0.14344917,-0.022474915,-0.046075225,0.8810392,0.5427739,-2.6395159,False,0.0
4769.152000375,0,-0.14437887,0.017996252,-0.04954338,0.83761024,0.5781613,-2.6934748,False,0.0
4769.172000375,0,-0.14402175,0.055092037,-0.047613442,0.780743,0.62658143,-2.6531124,False,0.0
4769.192000375,20000000,-0.1379592,0.090013,-0.049509406,0.7042271,0.6671347,-2.5168042,False,0.0
4769.212000375,0,-0.12469533,0.10947758,-0.046716213,0.6183311,0.69523317,-2.3138638,False,0.0
4769.232000375,0,-0.104788676,0.117097765,-0.045513928,0.5257638,0.74276537,-2.0949767,False,0.0
4769.252000375,0,-0.08581487,0.11899823,-0.041519105,0.41746992,0.78694975,-1.8825889,False,0.0
4769.272000375,0,-0.0727774,0.11508602,-0.033632934,0.30213678,0.8247262,-1.6848159,False,0.0
4769.292000375,20000000,-0.07468013,0.10949263,-0.013959825,0.20065486,0.8225824,-1.471599,False,0.0
4769.312000375,0,-0.0878586,0.10649037,0.0069806576,0.112176016,0.79628605,-1.2922572,False,0.0
4769.332000375,0,-0.071143016,0.09275988,0.0054585338,0.03864046,0.768828,-1.1326697,False,0.0
4769.352000375,20000000,-0.05429709,0.07890627,0.0038551092,-0.034895092,0.74136996,-0.9730822,False,0.0
4769.372000375,0,-0.05464773,0.062701285,0.003887415,-0.04880804,0.7553478,-0.8553014,False,0.0
4769.392000375,20000000,-0.05487044,0.04637018,0.0037975311,-0.062720984,0.7693256,-0.73752064,False,0.0
4769.412000375,40000000,-0.061446548,0.037959397,0.009228408,-0.08640163,0.74194574,-0.66484284,False,0.0
4769.432000375,0,-0.05971402,0.025095135,0.0077258945,-0.10720367,0.7088874,-0.627928,False,0.0
4769.452000375,0,-0.05945818,0.01307106,0.0065989494,-0.1115144,0.6733814,-0.5913398,False,0.0
4769.472000375,20000000,-0.057854235,0.00981465,0.0031721592,-0.11814239,0.65696526,-0.56447095,False,0.0
4769.492000375,0,-0.05196567,0.010761678,-0.0009949207,-0.13766384,0.6435804,-0.5500738,False,0.0
4769.512000375,0,-0.04746157,0.0073441863,1.1980534e-05,-0.15885209,0.6399963,-0.5474437,False,0.0
4769.532000375,20000000,-0.05638352,0.016467065,0.0122561455,-0.18225303,0.59551805,-0.51136833,False,0.0
4769.552000375,0,-0.05655928,0.027363628,0.02765733,-0.21403484,0.541664,-0.45970264,False,0.0
4769.572000375,0,-0.041424274,0.028841645,0.030445874,-0.24997945,0.50084704,-0.3962559,False,0.0
4769.592000375,0,-0.027828157,0.029900134,0.027426064,-0.2894754,0.46505123,-0.3064518,False,0.0
4769.612000375,0,-0.021260321,0.017567009,0.02646482,-0.3196184,0.4313751,-0.21023571,False,0.0
4769.632000375,20000000,-0.019962072,0.0093995035,0.026728928,-0.34093773,0.38847333,-0.1317204,False,0.0
4769.652000375,0,-0.023596019,0.0096903145,0.026530802,-0.36511713,0.33244795,-0.07084203,False,0.0
4769.672000375,0,-0.022949219,0.011382043,0.019462466,-0.392851,0.30111155,-0.019575186,False,0.0
4769.692000375,20000000,-0.022270441,0.013113141,0.012316644,-0.42058486,0.26977515,0.03169165,False,0.0
4769.712000375,40000000,-0.02416125,0.005629897,0.0067890882,-0.4459969,0.24952611,0.10023603,False,0.0
4769.732000375,0,-0.031767994,-0.0040439665,0.0059161186,-0.45286918,0.22152704,0.18624078,False,0.0
4769.752000375,0,-0.028851032,-0.018971175,0.004062593,-0.44715798,0.18785352,0.2558098,False,0.0
4769.772000375,20000000,-0.017362207,-0.024748534,-0.0047913194,-0.45814374,0.18647522,0.28762993,False,0.0
4769.792000375,0,-0.005576968,-0.02241218,-0.009738505,-0.48377675,0.20408168,0.29638812,False,0.0
4769.812000375,0,-0.0025405288,-0.023779392,-0.009039938,-0.5127626,0.23108461,0.29237458,False,0.0
4769.832000375,0,-0.0053053796,-0.034646183,-0.0037731528,-0.5161965,0.2433958,0.2917264,False,0.0
4769.852000375,0,-0.006662607,-0.051298678,0.0013305545,-0.49224243,0.23741284,0.26194885,False,0.0
4769.872000375,20000000,-0.001254797,-0.06197825,0.0018255115,-0.46458235,0.24709047,0.18745235,False,0.0
4769.892000375,0,0.005673647,-0.06716135,0.0013594627,-0.42849335,0.27370355,0.06398869,False,0.0
4769.912000375,20000000,0.0022978187,-0.05807066,0.0062022805,-0.38917506,0.30336308,-0.062789895,False,0.0
4769.932000375,0,-0.00826478,-0.035006106,0.017537951,-0.35573235,0.3162789,-0.1484777,False,0.0
4769.952000375,0,-0.013779581,-0.009567738,0.029528439,-0.33425525,0.32174566,-0.18697579,False,0.0
4769.972000375,20000000,-0.0053479373,0.003932655,0.026662052,-0.31159335,0.32394996,-0.21293941,False,0.0
4769.992000375,0,-0.0011892319,0.015385628,0.024820864,-0.30571347,0.33773348,-0.22403674,False,0.0
4770.012000375,20000000,0.007256657,0.016140044,0.024012625,-0.30073366,0.3588912,-0.24102117,False,0.0
4770.032000375,0,0.0060993135,0.018465877,0.03194219,-0.28572622,0.3851552,-0.25581542,False,0.0
4770.052000375,0,-0.0016552508,0.02204895,0.04062444,-0.26593846,0.3878438,-0.25645357,False,0.0
4770.072000375,0,-0.008671939,0.034923136,0.044411957,-0.2590679,0.3738134,-0.24225713,False,0.0
4770.092000375,0,-0.013374835,0.052608848,0.049538136,-0.28087798,0.34272504,-0.21585266,False,0.0
4770.112000375,0,-0.0040109456,0.06447196,0.04507655,-0.32365903,0.33619383,-0.18158808,False,0.0
4770.132000375,20000000,0.009532511,0.060062706,0.041238546,-0.35126054,0.34585595,-0.16010416,False,0.0
4770.152000375,0,0.01851064,0.055907547,0.04161632,-0.3661901,0.3756967,-0.16438872,False,0.0
4770.172000375,0,0.024981499,0.055303514,0.044120193,-0.36472407,0.41084343,-0.1728582,False,0.0
4770.192000375,0,0.028107524,0.055738688,0.049447834,-0.35758257,0.4318217,-0.17639583,False,0.0
4770.212000375,0,0.04010856,0.04779142,0.048516393,-0.3352356,0.44663262,-0.17782013,False,0.0
4770.232000375,0,0.05697316,0.034815192,0.04595846,-0.3031953,0.46894994,-0.20268409,False,0.0
4770.252000375,0,0.0603182,0.019985914,0.050246358,-0.26678568,0.49322236,-0.24577658,False,0.0
4770.272000375,20000000,0.06377214,0.0051835775,0.05446422,-0.23037603,0.5174948,-0.28886905,False,0.0
4770.292000375,0,0.059882045,-0.003098011,0.064258575,-0.19002618,0.4974036,-0.32718292,False,0.0
4770.312000375,20000000,0.056233138,-0.006452024,0.07435435,-0.16777869,0.46532387,-0.35897896,False,0.0
4770.332000375,0,0.057497054,-0.0050267577,0.07961297,-0.16024192,0.43415648,-0.38813972,False,0.0
4770.352000375,20000000,0.052413195,0.011476338,0.079325795,-0.17282228,0.40656787,-0.40039542,False,0.0
4770.372000375,0,0.040426195,0.030171454,0.08162433,-0.19514406,0.3485937,-0.36573133,False,0.0
4770.392000375,0,0.038564175,0.040346146,0.077765465,-0.22372818,0.28565156,-0.30827624,False,0.0
4770.412000375,0,0.039257437,0.039968967,0.06882477,-0.24354964,0.2499544,-0.26029217,False,0.0
4770.432000375,0,0.036367238,0.04092753,0.059800744,-0.25590888,0.21928236,-0.20378207,False,0.0
4770.452000375,20000000,0.03646356,0.031714737,0.049279034,-0.25829402,0.19927964,-0.15802616,False,0.0
4770.472000375,0,0.029984385,0.027019382,0.04552549,-0.24258055,0.17736843,-0.10810541,False,0.0
4770.492000375,0,0.030385882,0.023597538,0.03907615,-0.2365503,0.15911713,-0.072537184,False,0.0
4770.512000375,20000000,0.040077984,0.0133776665,0.030177712,-0.23132084,0.15194194,-0.051732216,False,0.0
4770.532000375,0,0.043254852,0.013527393,0.027639449,-0.23307097,0.15000305,-0.055485677,False,0.0
4770.552000375,20000000,0.04645151,0.01370126,0.025079906,-0.2348211,0.14806415,-0.059239138,False,0.0
4770.572000375,40000000,0.049668044,0.013899505,0.022499561,-0.23657122,0.14612526,-0.062992595,False,0.0
4770.592000375,0,0.049156994,0.012758851,0.01831001,-0.2404611,0.12370293,-0.061336398,False,0.0
4770.612000375,20000000,0.05104068,0.0022992492,0.0041437745,-0.22758304,0.11548864,-0.06964292,False,0.0
4770.632000375,0,0.04591769,0.0007903576,0.008251309,-0.18165612,0.09858848,-0.060820933,False,0.0
4770.652000375,0,0.058160514,-0.008369863,0.007328987,-0.13436636,0.09128193,-0.055896845,False,0.0
4770.672000375,0,0.07246843,-0.021156013,0.01490432,-0.093178645,0.12361652,-0.070527345,False,0.0
4770.692000375,0,0.08369264,-0.036607027,0.029969573,-0.039518554,0.16141222,-0.11446423,False,0.0
4770.711985083,0,0.07608426,-0.030561399,0.06286983,-0.0077819303,0.18043177,-0.16408412,False,0.0
4770.731985083,20000000,0.055493593,0.002706647,0.08015278,-0.06705901,0.09889339,-0.16112141,False,0.0
4770.751985083,40000000,0.034912497,0.035978973,0.097435236,-0.12633608,0.017355017,-0.1581587,False,0.0
4770.771985083,0,0.013025761,0.058959424,0.10637733,-0.19090943,-0.08243244,-0.13494086,False,0.0
4770.791985083,0,-0.009315014,0.07527,0.10698974,-0.24807099,-0.2035979,-0.09090789,False,0.0
4770.811985083,20000000,-0.01986298,0.07344866,0.094937146,-0.28184775,-0.30680364,-0.058637623,False,0.0
4770.831985083,0,-0.036183298,0.07841408,0.07761097,-0.29846004,-0.38650823,-0.026239008,False,0.0
4770.851985083,20000000,-0.052518696,0.08339894,0.06022498,-0.31507233,-0.46621278,0.006159615,False,0.0
4770.871985083,0,-0.04592684,0.070788205,0.032607883,-0.30772594,-0.49940187,0.03122538,False,0.0
4770.891985083,20000000,-0.0331845,0.050127804,0.011254907,-0.27051914,-0.4681099,0.027871033,False,0.0
4770.911985083,0,-0.03022486,0.039741814,-0.0038641691,-0.22585237,-0.4070512,0.01047644,False,0.0
4770.931985083,0,-0.038939178,0.03087008,-0.0076649785,-0.1823913,-0.36685437,0.0035367813,False,0.0
4770.951985083,0,-0.043887436,0.021532953,-0.0115638375,-0.14280866,-0.34480807,-0.001444703,False,0.0
4770.971985083,0,-0.047210008,0.013581097,-0.01784569,-0.118412204,-0.333946,-0.0036965974,False,0.0
4770.991985083,20000000,-0.04814416,0.0076907277,-0.025453448,-0.10457416,-0.32261327,-0.012918428,False,0.0
4771.011985083,0,-0.05285245,0.007529676,-0.031677544,-0.10463224,-0.3119872,-0.027507365,False,0.0
4771.031985083,20000000,-0.060441554,0.0076872706,-0.035417736,-0.11643078,-0.31016907,-0.030683473,False,0.0
4771.051985083,0,-0.06994751,0.0101518035,-0.037055314,-0.12886219,-0.31174195,-0.022509193,False,0.0
4771.071985083,0,-0.07665974,0.0108837485,-0.041569293,-0.14336435,-0.31984064,-0.0083147725,False,0.0
4771.091985083,20000000,-0.07622683,0.014430344,-0.05128044,-0.15892603,-0.3102563,0.0030377032,False,0.0
4771.111985083,0,-0.07493845,0.024471939,-0.059032857,-0.18076037,-0.2945908,0.016131569,False,0.0
4771.131985083,20000000,-0.059331417,0.02322036,-0.06766325,-0.19671527,-0.25018764,0.03623949,False,0.0
4771.151985083,0,-0.038959324,0.014980257,-0.06680256,-0.18180425,-0.16434327,0.044628173,False,0.0
4771.171985083,0,-0.020107806,0.014095783,-0.06002289,-0.15982433,-0.056471296,0.033305023,False,0.0
4771.191985083,0,-0.010748744,0.02839452,-0.043928564,-0.15195192,0.03706792,0.012417635,False,0.0
4771.211985083,0,-0.009943038,0.036255956,-0.024431884,-0.15799168,0.100569144,0.0060664546,False,0.0
4771.231985083,20000000,-0.010318339,0.029299498,-0.004385054,-0.15048128,0.116184615,0.015684426,False,0.0
4771.251985083,0,0.0054689646,0.005274713,0.004745662,-0.112682186,0.12059821,0.013454771,False,0.0
4771.271985083,20000000,0.030049056,-0.008623123,0.0060498714,-0.07245789,0.14114115,-0.02774291,False,0.0
4771.291985083,0,0.05999455,-0.01608926,0.0024570823,-0.044056207,0.17557088,-0.10192757,False,0.0
4771.311985083,0,0.07649869,-0.025945365,0.005404532,-0.012524072,0.21830295,-0.19253568,False,0.0
4771.331985083,20000000,0.06537762,-0.026223302,0.025859475,0.025738358,0.22250547,-0.2631297,False,0.0
4771.351985083,0,0.04322052,-0.020542562,0.04537475,0.057412043,0.15333259,-0.2742863,False,0.0
4771.371985083,20000000,0.019555211,-0.006588638,0.05329424,0.06412479,0.039818473,-0.24812557,False,0.0
4771.391985083,0,0.014136255,0.008431971,0.04089552,0.03907197,-0.04626903,-0.21331227,False,0.0
4771.411985083,0,0.011790305,0.023294568,0.027882189,-0.012936521,-0.08628948,-0.18605456,False,0.0
4771.431985083,20000000,-0.0011509061,0.03903109,0.024725288,-0.055751882,-0.11471664,-0.15264516,False,0.0
4771.451985083,0,-0.006702572,0.03607714,0.017217338,-0.07933548,-0.13742372,-0.10355717,False,0.0
4771.471985083,0,0.0052829385,0.025393903,0.008935273,-0.07022699,-0.130837,-0.09135805,False,0.0
4771.491985083,20000000,0.017268747,0.014715433,0.00064462423,-0.061118495,-0.12425027,-0.07915893,False,0.0
4771.511985083,0,0.015351236,0.011778474,0.0063259304,-0.045632742,-0.11764277,-0.07685036,False,0.0
4771.531985083,0,-0.00061294436,0.015663505,0.018720806,-0.037827067,-0.15085922,-0.05185446,False,0.0
4771.551985083,0,-0.019693047,0.04627496,0.028741121,-0.0677126,-0.22134748,0.009512864,False,0.0
4771.571985083,20000000,-0.03328976,0.08930808,0.028056145,-0.1390306,-0.3148448,0.12709072,False,0.0
4771.591985083,0,-0.03408003,0.119829,0.01316306,-0.2351023,-0.3913855,0.29183367,False,0.0
4771.611985083,0,-0.03223774,0.1120134,0.0017845035,-0.29326937,-0.43214202,0.47226423,False,0.0
4771.631985083,20000000,-0.0369792,0.09543508,-0.0010088682,-0.318141,-0.4570153,0.6450292,False,0.0
4771.651985083,0,-0.034778804,0.07595152,-0.0016818941,-0.3274645,-0.47480813,0.78548175,False,0.0
4771.671985083,0,-0.017668366,0.062248588,-0.006154448,-0.34417984,-0.4570207,0.8562941,False,0.0
4771.691985083,20000000,-0.0025731623,0.035820603,-0.00012913346,-0.35236195,-0.41109014,0.8628435,False,0.0
4771.711985083,0,0.010975063,0.012742221,0.00709942,-0.33504564,-0.35736063,0.81772137,False,0.0
4771.731985083,0,0.010578126,0.0060529113,0.021342665,-0.30462748,-0.33725706,0.77001226,False,0.0
4771.751985083,0,0.020341724,-0.003557682,0.021729648,-0.26727435,-0.34811342,0.7238278,False,0.0
4771.771985083,20000000,0.030134827,-0.01306349,0.022183895,-0.22992122,-0.35896975,0.6776433,False,0.0
4771.791985083,40000000,0.03995931,-0.022465467,0.022705793,-0.1925681,-0.3698261,0.6314588,False,0.0
4771.811985083,0,0.044453472,-0.032304227,0.032042682,-0.13108984,-0.36979535,0.58678216,False,0.0
4771.831985083,20000000,0.044081092,-0.02507621,0.03952542,-0.0918901,-0.38522512,0.565468,False,0.0
4771.851985083,0,0.04229051,-0.020084083,0.032515943,-0.09874216,-0.41540438,0.5405123,False,0.0
4771.871985083,20000000,0.041261107,-0.01967442,0.025942892,-0.12434088,-0.46912113,0.518501,False,0.0
4771.891985083,0,0.043562353,-0.01651597,0.009983838,-0.1582204,-0.5099433,0.48405224,False,0.0
4771.911985083,0,0.031520694,-0.001419127,0.004780799,-0.1870781,-0.55191374,0.44590825,False,0.0
4771.931985083,20000000,0.020035177,0.013458669,-0.0037719905,-0.19975072,-0.6030621,0.42804235,False,0.0
4771.951985083,0,0.016915262,0.017147303,-0.016847312,-0.19098696,-0.62512726,0.42728043,False,0.0
4771.971985083,0,0.017492384,0.008397996,-0.033218116,-0.1447984,-0.6040434,0.419881,False,0.0
4771.991985083,0,0.0048314035,-0.0035984516,-0.035652995,-0.07902119,-0.57538027,0.42137146,False,0.0
4772.011985083,0,0.0086453855,-0.021484733,-0.043685853,-0.030004922,-0.5382974,0.39675033,False,0.0
4772.031985083,20000000,0.012540817,-0.039363027,-0.051710844,0.019011352,-0.50121456,0.3721292,False,0.0
4772.051985083,40000000,0.016517788,-0.057234168,-0.05972904,0.06802762,-0.46413174,0.34750804,False,0.0
4772.071985083,0,0.03479722,-0.07143974,-0.0593549,0.103570975,-0.39942405,0.2592043,False,0.0
4772.091985083,20000000,0.05313939,-0.085635066,-0.058990717,0.13911434,-0.33471635,0.17090054,False,0.0
4772.111985083,0,0.06928289,-0.08980489,-0.047800004,0.1698719,-0.27672625,0.058528,False,0.0
4772.131985083,0,0.07811752,-0.0893029,-0.025999308,0.20876683,-0.23534381,-0.07580305,False,0.0
4772.151985083,0,0.101340026,-0.088219345,-0.016103745,0.24650566,-0.1902971,-0.24066466,False,0.0
4772.171985083,20000000,0.116262704,-0.07177383,0.00032138824,0.28499335,-0.1571771,-0.41960526,False,0.0
4772.191985083,0,0.12791562,-0.0442999,0.019152582,0.33411387,-0.15638882,-0.5689895,False,0.0
4772.211985083,0,0.13529295,-0.021112084,0.017011166,0.38809866,-0.18450212,-0.6883213,False,0.0
4772.231985083,20000000,0.13610068,-0.004208803,-0.041449487,0.42566168,-0.23400499,-0.76640314,False,0.0
4772.251985083,0,0.11907005,-0.009028137,-0.09645361,0.43240544,-0.2179382,-0.84711117,False,0.0
4772.271985083,0,0.0440906,-0.0025661588,-0.055784583,0.4519503,-0.19144258,-0.8832233,False,0.0
4772.291985083,0,-0.04056087,0.0077616572,-0.002329111,0.49149838,-0.20715412,-0.85455966,False,0.0
4772.311985083,0,-0.10944928,0.015219927,0.03207594,0.50799435,-0.23314947,-0.79032904,False,0.0
4772.331985083,20000000,-0.15145947,0.0032920241,0.039533377,0.4910305,-0.23703909,-0.7204522,False,0.0
4772.351985083,0,-0.17537162,-0.014446855,0.018039107,0.45002547,-0.23015521,-0.67752224,False,0.0
4772.371985083,0,-0.19848788,-0.03313303,-0.02003789,0.3793308,-0.20878333,-0.6498105,False,0.0
4772.391985083,20000000,-0.2215878,-0.051612973,-0.058170438,0.3086362,-0.18741146,-0.62209874,False,0.0
4772.411985083,0,-0.24391665,-0.04553044,-0.08959371,0.20305175,-0.16179763,-0.5935152,False,0.0
4772.431985083,0,-0.26474243,-0.028023481,-0.10145706,0.098528825,-0.14283499,-0.53661895,False,0.0
4772.451985083,0,-0.26737094,-0.0133423805,-0.113122284,0.030790232,-0.10767089,-0.4598329,False,0.0
4772.471985083,20000000,-0.26265264,0.00018882751,-0.13587826,-0.00647882,-0.03131651,-0.37825242,False,0.0
4772.491985083,0,-0.23636931,-0.008909762,-0.17528528,-0.0077461875,0.09059654,-0.30862758,False,0.0
4772.511985083,0,-0.20753303,-0.03850025,-0.19847214,0.02981654,0.2759416,-0.29011065,False,0.0
4772.531985083,0,-0.20104218,-0.05818844,-0.17555112,0.109698154,0.45572987,-0.31198698,False,0.0
4772.551985083,20000000,-0.20053756,-0.05222082,-0.14780039,0.19167593,0.60443556,-0.35386458,False,0.0
4772.571985083,0,-0.21459953,-0.03327471,-0.11008692,0.26157603,0.6963187,-0.40585977,False,0.0
4772.591985083,0,-0.21479647,-0.016218483,-0.085121214,0.3133395,0.70331985,-0.40059355,False,0.0
4772.611985083,20000000,-0.18705332,-0.017678022,-0.073964834,0.37692067,0.75183564,-0.4029828,False,0.0
4772.631985083,0,-0.18505757,0.0006637573,-0.061101556,0.4118516,0.8093123,-0.40799117,False,0.0
4772.651985083,0,-0.19595681,0.0033066273,-0.054605365,0.40401733,0.7670576,-0.33571318,False,0.0
4772.671985083,20000000,-0.20692474,0.005945444,-0.048190534,0.39618304,0.7248029,-0.26343518,False,0.0
4772.691985083,40000000,-0.19709896,-0.012454212,-0.051721692,0.40251082,0.69466996,-0.19629085,False,0.0
4772.711985083,0,-0.1918841,-0.018887043,-0.05024922,0.40932536,0.71223176,-0.17835914,False,0.0
4772.731985083,20000000,-0.20902334,0.010849118,-0.03424579,0.3764463,0.7220926,-0.14374441,False,0.0
4772.751985083,0,-0.22961275,0.041895032,-0.016094387,0.31110698,0.6811931,-0.08886613,False,0.0
4772.771985083,0,-0.2432149,0.06810242,-0.02959454,0.22263908,0.6488494,-0.031258095,False,0.0
4772.791985083,20000000,-0.2512855,0.078549325,-0.03877145,0.15951265,0.5990604,0.053099822,False,0.0
4772.811985083,0,-0.23739538,0.067641616,-0.06260836,0.13725269,0.578935,0.1122998,False,0.0
4772.831985083,20000000,-0.22647938,0.061382353,-0.075402796,0.15192379,0.5816243,0.13857447,False,0.0
4772.851985083,0,-0.20687336,0.07446599,-0.09739417,0.1743909,0.627807,0.15227146,False,0.0
4772.871985083,0,-0.18108204,0.08835906,-0.12006593,0.17685811,0.6491955,0.1847731,False,0.0
4772.891985083,0,-0.13405979,0.09412795,-0.17279774,0.13861156,0.6785908,0.20735991,False,0.0
4772.911985083,0,-0.10237743,0.12519538,-0.1903702,0.051654115,0.65190184,0.28095868,False,0.0
4772.931985083,20000000,-0.046464592,0.14018917,-0.20039618,-0.063402876,0.68901426,0.3592695,False,0.0
4772.951985083,0,-0.0009901226,0.10887748,-0.13704365,-0.08502948,0.6882337,0.46904266,False,0.0
4772.971985083,20000000,0.044590116,0.07772666,-0.073887944,-0.10665609,0.6874531,0.5788158,False,0.0
4772.991985083,40000000,0.043408662,0.026140511,0.07417774,0.011529818,0.68252057,0.63887787,False,0.0
4773.011985083,0,0.0487428,-0.0504207,0.16929501,0.1929668,0.6685784,0.5607629,False,0.0
4773.031985083,20000000,0.022571415,-0.10385996,0.23912051,0.39661103,0.5469339,0.40216345,False,0.0
4773.051985083,0,0.0489949,-0.1549831,0.21923783,0.5762843,0.4502291,0.12836078,False,0.0
4773.071985083,0,0.07297373,-0.19684753,0.18849418,0.72332084,0.38798848,-0.18539217,False,0.0
4773.091976667,0,0.092706196,-0.2087277,0.1365669,0.80946803,0.36981162,-0.55027926,False,0.0
4773.111976667,20000000,0.0958648,-0.1698483,0.12063545,0.8112575,0.3916989,-0.90096164,False,0.0
4773.131976667,0,0.09798619,-0.12489456,0.09448111,0.793159,0.43346474,-1.2323096,False,0.0
4773.151976667,0,0.09840858,-0.0805949,0.06286043,0.76674104,0.4956863,-1.5179944,False,0.0
4773.171976667,20000000,0.0929178,-0.04573208,0.043559313,0.7724568,0.557413,-1.7333996,False,0.0
4773.191976667,0,0.083058864,-0.022148728,0.03227526,0.83601254,0.6175523,-1.8737453,False,0.0
4773.211976667,20000000,0.0674274,-0.0010344982,0.030374408,0.9533125,0.65718573,-1.9239193,False,0.0
4773.231976667,0,0.057888,0.0015923381,0.031313002,1.090127,0.64523554,-1.8456643,False,0.0
4773.251976667,20000000,0.048152268,0.0049852133,0.032399833,1.2269413,0.6332854,-1.7674092,False,0.0
4773.271976667,0,0.047904193,-0.006975174,0.031211734,1.2896962,0.6314421,-1.6497679,False,0.0
4773.291976667,20000000,0.04725197,-0.018225372,0.02997291,1.3524511,0.62959886,-1.5321265,False,0.0
4773.311976667,0,0.041842908,-0.028370917,0.030716121,1.358064,0.626833,-1.4199007,False,0.0
4773.331976667,20000000,0.029137105,-0.039010763,0.030569375,1.3242007,0.6037835,-1.304478,False,0.0
4773.351976667,0,0.021462142,-0.053501785,0.024793148,1.2811707,0.5786382,-1.2101705,False,0.0
4773.371976667,0,0.023715258,-0.07234788,0.016122699,1.2480341,0.56639177,-1.1497636,False,0.0
4773.391976667,20000000,0.031978935,-0.08940828,0.0027185678,1.2325877,0.5871396,-1.142203,False,0.0
4773.411976667,0,0.03232971,-0.09461656,-0.007222295,1.2214957,0.60364676,-1.1749656,False,0.0
4773.431976667,0,0.041208833,-0.09518525,-0.03628993,1.1973963,0.5988292,-1.2423373,False,0.0
4773.451976667,0,0.050754488,-0.088548094,-0.06821531,1.1550117,0.6118649,-1.3458136,False,0.0
4773.471976667,0,0.060272187,-0.07686955,-0.10618317,1.1018978,0.5823367,-1.4524158,False,0.0
4773.491976667,20000000,0.07380417,-0.069796115,-0.14061487,1.0516807,0.6054897,-1.5720544,False,0.0
4773.511976667,0,0.0777742,-0.068656415,-0.15766257,1.0498594,0.6451119,-1.679297,False,0.0
4773.531976667,20000000,0.061876923,-0.056606084,-0.16402388,1.0827684,0.69125116,-1.7757945,False,0.0
4773.551976667,0,0.061958432,-0.044231206,-0.23639983,1.1039219,0.502115,-1.7851994,False,0.0
4773.571976667,0,0.020337492,-0.029318422,-0.21749312,1.103059,0.686713,-1.925348,False,0.0
4773.591976667,20000000,0.011793345,-0.039839715,-0.24276417,1.1274759,0.75728333,-2.0459542,False,0.0
4773.611976667,0,-0.09809652,-0.014944941,-0.13465649,1.1879244,0.94245505,-2.171743,False,0.0
4773.631976667,20000000,-0.24015912,0.00039759278,0.018877566,1.3253865,0.8071159,-2.1184335,False,0.0
4773.651976667,0,-0.25034454,-0.036998212,-0.0052843094,1.4093698,0.7086786,-2.1531153,False,0.0
4773.671976667,0,-0.27512008,-0.06681526,-0.006623447,1.4311233,0.69430375,-2.2852478,False,0.0
4773.691976667,0,-0.30054986,-0.08687624,-0.011924028,1.4170873,0.61340773,-2.4777112,False,0.0
4773.711976667,0,-0.310279,-0.08788177,-0.04143119,1.3534205,0.5981734,-2.699,False,0.0
4773.731976667,0,-0.3208257,-0.08323565,-0.0629313,1.2820256,0.6175727,-2.9009445,False,0.0
4773.751976667,0,-0.32522607,-0.07618374,-0.077188015,1.2229106,0.66685283,-3.0424871,False,0.0
4773.771976667,20000000,-0.32773423,-0.0717231,-0.065768,1.1940101,0.73237836,-3.1334367,False,0.0
4773.791976667,0,-0.3157133,-0.063932866,-0.046955407,1.1737143,0.8180934,-3.1813104,False,0.0
4773.811976667,0,-0.30092818,-0.05751142,-0.010950685,1.1593114,0.89516693,-3.207444,False,0.0
4773.831976667,20000000,-0.2931901,-0.040287077,0.026231647,1.1310513,0.92995995,-3.1827528,False,0.0
4773.851976667,0,-0.28666306,-0.014819533,0.05395776,1.0727243,0.93792546,-3.0635498,False,0.0
4773.871976667,20000000,-0.26860029,-0.009624183,0.074539304,1.0262873,0.8971136,-2.9016159,False,0.0
4773.891976667,0,-0.23608801,-0.012414664,0.06503093,0.965647,0.84014577,-2.721168,False,0.0
4773.911976667,0,-0.2031636,-0.015295297,0.036847472,0.8702562,0.8189326,-2.532164,False,0.0
4773.931976667,20000000,-0.1881616,-0.021062076,0.019816399,0.77132,0.78732854,-2.3300865,False,0.0
4773.951976667,0,-0.17715268,-0.04151304,0.010951877,0.69873416,0.72897756,-2.135372,False,0.0
4773.971976667,20000000,-0.16277161,-0.06314325,-0.007054925,0.65778214,0.68439543,-2.012921,False,0.0
4773.991976667,0,-0.18976143,-0.037736088,-0.006452918,0.5977814,0.5396074,-1.8881203,False,0.0
4774.011976667,0,-0.18450797,0.0066301525,-0.05683911,0.45617175,0.3416857,-1.7652665,False,0.0
4774.031976667,20000000,-0.13224351,0.030850649,-0.10842866,0.29507357,0.1919654,-1.632524,False,0.0
4774.051976667,0,-0.05068806,0.022574827,-0.14081597,0.22584529,0.22134446,-1.5414436,False,0.0
4774.071976667,0,-0.018486366,0.035430253,-0.1199314,0.267462,0.29696867,-1.4216524,False,0.0
4774.091976667,20000000,0.19232845,-0.03734836,-0.3754927,0.24181385,0.39236557,-1.4312491,False,0.0
4774.111976667,0,0.012291059,0.069690794,-0.124025464,0.27132747,0.27397788,-1.2222073,False,0.0
4774.131976667,0,0.01713875,0.122090265,-0.07026708,0.30261278,0.39574254,-1.1475487,False,0.0
4774.151976667,0,0.024102151,0.14345443,-0.037119567,0.3517861,0.105769634,-0.85287875,False,0.0
4774.171976667,20000000,-0.052451007,0.17730093,0.10542774,0.4607863,0.39709118,-0.7323898,False,0.0
4774.191976667,0,-0.033898517,0.16221088,0.13006258,0.5479431,0.10619232,-0.47851226,False,0.0
4774.211976667,0,-0.006521538,0.18339223,0.092009604,0.4583565,0.03578505,-0.40865937,False,0.0
4774.231976667,0,-0.034074664,0.23758155,0.10578936,0.23262365,-0.10398325,-0.37907693,False,0.0
4774.251976667,20000000,-0.031129196,0.26653707,0.082253635,-0.03134297,-0.23921192,-0.35336295,False,0.0
4774.271976667,0,-0.029011294,0.26195365,0.059786737,-0.20932731,-0.29642528,-0.31291145,False,0.0
4774.291976667,20000000,-0.028674878,0.2307949,0.05788839,-0.24188691,-0.29949677,-0.20601285,False,0.0
4774.311976667,0,-0.026736721,0.18844765,0.070441484,-0.14376718,-0.25856727,-0.059774682,False,0.0
4774.331976667,0,-0.023371667,0.15921,0.0952422,0.010702074,-0.1780649,0.077056155,False,0.0
4774.351976667,20000000,-0.021538027,0.14702612,0.12690783,0.12920561,-0.13734084,0.19024238,False,0.0
4774.371976667,0,-0.005164519,0.13236484,0.1452334,0.17546695,-0.11023345,0.23744477,False,0.0
4774.391976667,20000000,0.007148668,0.12384312,0.16051084,0.17806274,-0.09872955,0.24351954,False,0.0
4774.411976667,0,0.013011113,0.116971105,0.16626114,0.15225956,-0.097401574,0.22683126,False,0.0
4774.431976667,0,0.014518991,0.10123034,0.15152675,0.1368615,-0.12907481,0.17713921,False,0.0
4774.451976667,20000000,0.032612532,0.082940936,0.12042397,0.1154124,-0.10830499,0.06152772,False,0.0
4774.471976667,0,0.039627492,0.065116346,0.094691694,0.11634934,-0.078609414,-0.108672775,False,0.0
4774.491976667,20000000,0.030098006,0.0627172,0.08222568,0.154176,-0.06041699,-0.32577115,False,0.0
4774.511976667,0,-0.001357846,0.090890855,0.08430338,0.19835234,-0.1245281,-0.5003327,False,0.0
4774.531976667,0,-0.017950349,0.11830287,0.04846263,0.21942547,-0.2274043,-0.6333263,False,0.0
4774.551976667,0,-0.0039286613,0.15258846,-0.028053224,0.22142301,-0.2516674,-0.77195936,False,0.0
4774.571976667,0,0.0060399696,0.15951833,-0.09043586,0.24250674,-0.16439515,-0.8411481,False,0.0
4774.591976667,20000000,0.015985548,0.1665619,-0.15284163,0.26359048,-0.0771229,-0.91033673,False,0.0
4774.611976667,0,0.026720472,0.16144377,-0.16275722,0.35644346,0.05157703,-0.9175882,False,0.0
4774.631976667,20000000,0.026156709,0.16278914,-0.108269334,0.48729295,0.17207152,-0.81904,False,0.0
4774.651976667,0,0.076877676,0.17085637,-0.16695917,0.45340848,0.13612771,-0.61282516,False,0.0
4774.671976667,20000000,0.12747726,0.1789267,-0.22575444,0.41952404,0.10018392,-0.40661028,False,0.0
4774.691976667,40000000,0.09729119,0.27290842,-0.17571217,0.11932415,0.3317981,-0.16618295,False,0.0
4774.711976667,0,0.04767406,0.3313948,-0.04640442,-0.13744408,0.1332792,0.5086486,False,0.0
4774.731976667,0,0.017000258,0.38850817,-0.013057709,-0.43460387,0.27561712,1.2233949,False,0.0
4774.751976667,0,-0.050813183,0.42658633,-0.01688832,-0.7522631,0.04058273,2.3224587,False,0.0
4774.771976667,0,-0.18003617,0.45002514,-0.049556613,-1.1425247,-0.09072675,3.468044,False,0.0
4774.791976667,0,-0.2826085,0.40234345,-0.091816306,-1.557985,-0.29213876,4.5762043,False,0.0
4774.811976667,0,-0.3848009,0.33527404,-0.085659385,-1.9409413,-0.43919745,5.4732623,False,0.0
4774.831976667,20000000,-0.45273763,0.25082955,-0.09126145,-2.2582629,-0.55431825,6.1653385,False,0.0
4774.851976667,0,-0.5206144,0.19293678,-0.070736825,-2.5070534,-0.628198,6.6490874,False,0.0
4774.871976667,0,-0.539042,0.12529674,-0.06001842,-2.688383,-0.6524134,6.9265924,False,0.0
4774.891976667,0,-0.5264679,0.061695337,-0.07331103,-2.7863731,-0.5716012,6.9889975,False,0.0
4774.911976667,0,-0.5174105,-0.0032261014,-0.07393408,-2.7989073,-0.4952028,6.933871,False,0.0
4774.931976667,0,-0.5031638,-0.06255323,-0.065188885,-2.7214696,-0.43213838,6.792179,False,0.0
4774.951976667,0,-0.47848016,-0.11616559,-0.040162206,-2.5695677,-0.40635046,6.5719924,False,0.0
4774.971976667,0,-0.42522457,-0.16084379,-0.030960023,-2.3610213,-0.41969326,6.207044,False,0.0
4774.991976667,20000000,-0.37094983,-0.20087042,-0.021063685,-2.152475,-0.43303606,5.8420954,False,0.0
4775.011976667,0,-0.30303943,-0.24909982,-0.014196157,-1.890334,-0.44805914,5.337632,False,0.0
4775.031976667,20000000,-0.2428194,-0.28488314,0.0048347116,-1.6129781,-0.4604684,4.746912,False,0.0
4775.051976667,0,-0.1986984,-0.2969239,0.030205548,-1.3623192,-0.46146926,4.1147547,False,0.0
4775.071976667,0,-0.16553211,-0.28118834,0.058851898,-1.076576,-0.5240278,3.471017,False,0.0
4775.091976667,0,-0.12358284,-0.23006238,0.061867356,-0.82908714,-0.60143745,2.9091568,False,0.0
4775.111976667,0,-0.08367878,-0.16208336,0.044901907,-0.66686356,-0.66332674,2.4766192,False,0.0
4775.131976667,20000000,-0.040172547,-0.09121968,0.009182155,-0.5971547,-0.6718098,2.1634355,False,0.0
4775.151976667,0,0.009586453,-0.049060613,-0.0601303,-0.59530884,-0.6795404,1.9875507,False,0.0
4775.171976667,0,0.031365097,-0.023636729,-0.08399665,-0.605278,-0.59475857,1.8555074,False,0.0
4775.191976667,0,0.0040436685,0.03947611,-0.075784564,-0.64137936,-0.5793899,1.861097,False,0.0
4775.211976667,20000000,0.012408882,0.09096965,-0.06790453,-0.6600731,-0.6299721,2.0488381,False,0.0
4775.231976667,0,0.05228138,0.093361616,-0.09950107,-0.6672396,-0.6730709,2.2696104,False,0.0
4775.251976667,20000000,0.07401028,0.11114013,-0.23776013,-0.7993058,-0.7742893,2.5299664,False,0.0
4775.271976667,0,0.102393955,0.055732682,-0.15543538,-0.78990054,-0.6220538,2.618197,False,0.0
4775.291976667,20000000,0.13138407,8.1926584e-05,-0.072969675,-0.78049535,-0.4698183,2.7064273,False,0.0
4775.311976667,0,0.14753416,-0.0674275,-0.022728562,-0.6342467,-0.3561538,2.743685,False,0.0
4775.331976667,20000000,0.12309408,-0.098886475,0.062846124,-0.44127086,-0.4129663,2.7732842,False,0.0
4775.351976667,0,0.14903587,-0.135204,-0.0017415881,-0.42042497,-0.3804409,2.7989092,False,0.0
4775.371976667,20000000,0.1605854,-0.121197425,0.047319114,-0.46766266,-0.32919547,2.7412946,False,0.0
4775.391976667,0,0.15712246,-0.08747233,0.035030425,-0.64819866,-0.27770227,2.6807969,False,0.0
4775.411976667,0,0.11500439,-0.07984957,0.090994,-0.8518852,-0.19132584,2.6129656,False,0.0
4775.431976667,20000000,0.030420274,-0.07134428,0.21913064,-0.95214,-0.24376254,2.5857131,False,0.0
4775.451976667,0,-0.016586542,-0.055960953,0.26443845,-0.9730741,-0.37560636,2.590295,False,0.0
4775.471888792,0,-0.016571356,-0.025342051,0.22535038,-1.0231051,-0.45414954,2.6327033,False,0.0
4775.491888792,20000000,0.030880481,-0.0544909,0.16321635,-1.0466201,-0.35521218,2.5818334,False,0.0
4775.511888792,0,0.054639935,-0.08603579,0.12322593,-1.0488577,-0.24342144,2.4932146,False,0.0
4775.531888792,0,0.06219852,-0.124008626,0.109550774,-0.9975991,-0.16836265,2.379515,False,0.0
4775.551888792,0,0.0715296,-0.16188507,0.09931332,-0.8730455,-0.15191935,2.2207344,False,0.0
4775.571888792,20000000,0.08100295,-0.1999126,0.08912337,-0.7484919,-0.13547605,2.0619538,False,0.0
4775.591888792,0,0.1052272,-0.23105891,0.07696283,-0.6205561,-0.10610311,1.8407445,False,0.0
4775.611888792,0,0.11513093,-0.24712549,0.07730746,-0.4988733,-0.10463484,1.5871842,False,0.0
4775.631888792,0,0.12344685,-0.26284006,0.041350186,-0.39894837,-0.15978166,1.3497694,False,0.0
4775.651888792,20000000,0.13973373,-0.2733459,0.00377208,-0.3049372,-0.21137118,1.1026003,False,0.0
4775.671888792,0,0.13560739,-0.25838083,-0.017107248,-0.23865122,-0.21864223,0.87481195,False,0.0
4775.691888792,0,0.08604479,-0.21585934,0.009127796,-0.17733619,-0.30169177,0.7324705,False,0.0
4775.711888792,0,0.041226745,-0.15997183,-0.039619684,-0.16646299,-0.52528805,0.7221601,False,0.0
4775.731888792,0,0.07141715,-0.1458161,-0.20346904,-0.25773913,-0.6028429,0.72111905,False,0.0
4775.751888792,20000000,0.09219319,-0.1279144,-0.15972346,-0.28520522,-0.3601687,0.58223355,False,0.0
4775.771888792,0,-0.0012404919,-0.022447217,-0.051622212,-0.2674309,-0.38234693,0.60881937,False,0.0
4775.791888792,0,-0.007362336,0.014636315,-0.0042721033,-0.21972387,-0.35885543,0.64063776,False,0.0
4775.811888792,20000000,0.04026264,0.03362765,-0.08317459,-0.25464886,-0.28163105,0.60400325,False,0.0
4775.831888792,0,0.10387355,0.034474343,-0.16332906,-0.3723573,-0.046702415,0.4635546,False,0.0
4775.851888792,0,0.093008935,0.039402224,-0.11965132,-0.45548588,0.10484676,0.36519858,False,0.0
4775.871888792,20000000,0.08210215,0.04435859,-0.07605708,-0.53861445,0.25639594,0.26684257,False,0.0
4775.891888792,40000000,0.06975633,0.026149947,0.0010095835,-0.47525498,0.317104,0.23965043,False,0.0
4775.911888792,0,0.050808907,0.011054214,0.08051288,-0.3154516,0.3369743,0.23473783,False,0.0
4775.931888792,20000000,0.02438426,0.0033366936,0.14808369,-0.13639459,0.34247768,0.2149777,False,0.0
4775.951888792,0,-0.004745126,0.0027940543,0.20706671,0.0012850016,0.30617404,0.20133671,False,0.0
4775.971888792,0,-0.031994075,-0.0040949397,0.23215997,0.076336354,0.21762775,0.20496048,False,0.0
4775.991888792,20000000,-0.04539767,-0.025543142,0.24630082,0.11337609,0.15266171,0.18795949,False,0.0
4776.011888792,0,-0.06081429,-0.040822167,0.24499357,0.12870982,0.0750208,0.17964786,False,0.0
4776.031888792,0,-0.06895897,-0.044907622,0.22298872,0.12773544,0.0014748946,0.19194844,False,0.0
4776.051888792,20000000,-0.061804533,-0.04810621,0.1723913,0.093032636,-0.06391631,0.2208714,False,0.0
4776.071888792,0,-0.041314214,-0.05066567,0.13044304,0.038304713,-0.0670834,0.2275745,False,0.0
4776.091888792,20000000,-0.01998198,-0.061793197,0.08263677,-0.022460546,-0.06266638,0.20666021,False,0.0
4776.111888792,0,-0.0038416684,-0.07645056,0.040376484,-0.06122539,-0.07331081,0.1639649,False,0.0
4776.131888792,0,0.02481085,-0.087753505,-0.015835464,-0.07934365,-0.06274089,0.10008748,False,0.0
4776.151888792,20000000,0.05570221,-0.08846393,-0.11370283,-0.11138278,-0.11750984,0.086422965,False,0.0
4776.171888792,0,0.09314665,-0.08109004,-0.17206693,-0.13456719,-0.062457107,0.03171244,False,0.0
4776.191888792,20000000,0.0806053,-0.03303134,-0.14610445,-0.13878264,-0.060413036,0.00928442,False,0.0
4776.211888792,0,0.07217619,0.0011776462,-0.10965049,-0.10491583,-0.11040175,0.018879801,False,0.0
4776.231888792,20000000,0.08105999,0.012387537,-0.14329183,-0.047196418,-0.25241113,0.053147163,False,0.0
4776.251888792,0,0.1337204,-0.04258265,-0.23833239,-0.032434054,-0.20480958,0.06633135,False,0.0
4776.271888792,0,0.118906856,-0.08192579,-0.06940693,0.19112116,-0.22136608,0.046072304,False,0.0
4776.291888792,20000000,0.13941032,-0.1253908,-0.014808953,0.47694364,-0.250299,0.0124824755,False,0.0
4776.311888792,0,0.21276042,-0.1691894,-0.029137969,0.68050516,-0.14632106,-0.096673205,False,0.0
4776.331888792,0,0.26305053,-0.1628173,-0.013354301,0.78068155,0.013643131,-0.26489037,False,0.0
4776.351888792,20000000,0.28192616,-0.112149745,0.0010400414,0.7275059,0.104144305,-0.41229415,False,0.0
4776.371888792,0,0.29127422,-0.069810055,-0.0063556433,0.5464238,0.16933307,-0.528307,False,0.0
4776.391888792,20000000,0.25354344,-0.03809523,0.07328999,0.36734378,0.23551384,-0.63255715,False,0.0
4776.411888792,0,0.17509142,0.00023517013,0.19078797,0.2670541,0.17766471,-0.6686117,False,0.0
4776.431888792,0,0.10463509,0.026909549,0.25673628,0.22619414,0.050692573,-0.6317032,False,0.0
4776.451888792,20000000,0.061173826,0.036602855,0.28095633,0.2232873,-0.09564637,-0.5748491,False,0.0
4776.471888792,0,0.039195538,0.031013384,0.27882147,0.2573953,-0.22497341,-0.5088895,False,0.0
4776.491888792,20000000,0.02375269,0.027276177,0.25950348,0.3058726,-0.3345731,-0.44212514,False,0.0
4776.511888792,0,0.018642396,0.027209051,0.22865134,0.3406603,-0.43442035,-0.3456347,False,0.0
4776.531888792,20000000,0.030118763,0.011451386,0.19598347,0.37729383,-0.49620122,-0.23450586,False,0.0
4776.551888792,0,0.04698968,-0.0021590814,0.16127318,0.41662705,-0.50894153,-0.10862541,False,0.0
4776.571888792,0,0.07640231,-0.01664196,0.12846261,0.4499452,-0.46181932,0.010142915,False,0.0
4776.591888792,20000000,0.111355096,-0.023647875,0.09287107,0.44211212,-0.37190467,0.08337543,False,0.0
4776.611888792,0,0.14507508,-0.030850068,0.053176403,0.38899225,-0.31170934,0.11318553,False,0.0
4776.631888792,0,0.1993947,-0.05477296,-0.037948966,0.2712098,-0.20457534,0.07102035,False,0.0
4776.651888792,0,0.21963605,-0.06345983,-0.07756376,0.14478943,-0.13570651,0.03251213,False,0.0
4776.671888792,0,0.22334471,-0.08250409,-0.09649128,0.06813343,-0.02863653,0.00077563524,False,0.0
4776.691888792,20000000,0.17673331,-0.07336095,-0.044895828,0.070588894,0.008054294,0.03910106,False,0.0
4776.711888792,0,0.13029611,-0.047551587,-0.016488314,0.119950816,-0.0628855,0.13845903,False,0.0
4776.731888792,0,0.15547091,-0.062438056,-0.15358609,0.13019623,-0.34749943,0.31102744,False,0.0
4776.751888792,20000000,0.19938177,-0.103202075,-0.22530454,0.109339125,0.07996929,0.1864796,False,0.0
4776.771888792,0,0.044872046,-0.025266245,-0.012572825,0.16529389,-0.077419594,0.3241048,False,0.0
4776.791888792,20000000,-0.01726523,-0.017649084,-0.017781198,0.22833915,-0.27549905,0.5137789,False,0.0
4776.811888792,0,-0.07385509,0.013495177,0.060824394,0.3107705,-0.29854986,0.5822216,False,0.0
4776.831888792,0,-0.021005422,0.0018095672,-0.07278651,0.2531023,-0.38589138,0.56544924,False,0.0
4776.851888792,0,0.042137533,-0.016394243,-0.1678648,0.09241709,-0.22388491,0.37102467,False,0.0
4776.871888792,0,0.043267936,-0.022228435,-0.16519475,-0.079749495,-0.05866085,0.12626722,False,0.0
4776.891888792,0,0.005831152,-0.025538668,-0.09117007,-0.17847748,0.050417587,-0.088422865,False,0.0
4776.911888792,0,-0.023295522,-0.03197901,0.010176718,-0.15260044,0.12561134,-0.27159372,False,0.0
4776.931888792,20000000,-0.027347073,-0.029880092,0.08462715,-0.049297497,0.2058092,-0.4675907,False,0.0
4776.951888792,0,-0.02445069,-0.0061528534,0.14032882,0.07874918,0.27889934,-0.65705025,False,0.0
4776.971888792,0,-0.020032018,0.021525502,0.18472302,0.20458947,0.33259207,-0.79882354,False,0.0
4776.991888792,20000000,-0.023724884,0.03963314,0.21438241,0.31208616,0.33178857,-0.8563587,False,0.0
4777.011888792,0,-0.022442937,0.03869891,0.22532713,0.41396505,0.27645373,-0.8467679,False,0.0
4777.031888792,0,-0.010375172,0.031271785,0.21872109,0.48769623,0.18950443,-0.81654435,False,0.0
4777.051888792,0,-0.012598932,0.04215634,0.22196895,0.52858615,0.072147004,-0.76692146,False,0.0
4777.071888792,0,-0.008865893,0.053951398,0.19689018,0.5180467,-0.051780537,-0.7084439,False,0.0
4777.091888792,20000000,-0.0013738275,0.064110175,0.15239894,0.46354362,-0.16356327,-0.64362323,False,0.0
4777.111888792,0,0.0065772235,0.06562015,0.09438312,0.39158386,-0.27577513,-0.5533441,False,0.0
4777.131888792,20000000,0.03971201,0.051146135,-0.02741474,0.29252604,-0.3556239,-0.42960474,False,0.0
4777.151888792,0,0.0357365,0.06704354,-0.050518572,0.2076828,-0.39505282,-0.2583546,False,0.0
4777.171888792,0,0.09187049,0.0527952,-0.14604872,0.10724441,-0.32858264,-0.0939178,False,0.0
4777.191888792,0,0.08444169,0.05560769,-0.1228621,0.05508705,-0.17635581,0.061659485,False,0.0
4777.211888792,0,0.064515114,0.0669449,-0.10128802,0.02617196,-0.1211884,0.24534746,False,0.0
4777.231888792,20000000,0.10275197,0.043639764,-0.22374797,-0.03111216,-0.26466772,0.46792638,False,0.0
4777.251888792,0,0.20123571,-0.04989192,-0.40712923,-0.123303846,-0.0111833215,0.5208169,False,0.0
4777.271888792,0,0.09988418,-0.005214721,-0.09515715,-0.06146101,0.08345117,0.6104215,False,0.0
4777.291888792,20000000,0.14776757,0.011836246,-0.026610076,0.005181968,0.0005878657,0.6785487,False,0.0
4777.311888792,0,0.2396375,0.011259094,-0.04498148,0.013292112,0.20189103,0.533075,False,0.0
4777.331888792,20000000,0.28222838,0.01990974,-0.06378156,-0.054463148,0.42765015,0.28979462,False,0.0
4777.351888792,0,0.23064819,0.07990615,-0.011106253,-0.1787527,0.46629825,0.10106613,False,0.0
4777.371888792,0,0.18275389,0.11002066,0.043258727,-0.33050355,0.31890386,0.08544495,False,0.0
4777.391888792,20000000,0.13485527,0.14014567,0.09754181,-0.4822544,0.17150944,0.06982377,False,0.0
4777.411888792,40000000,0.08459023,0.11980083,0.18355674,-0.46295354,0.014040858,0.13925457,False,0.0
4777.431888792,0,0.0445545,0.09447625,0.22297639,-0.3383609,-0.1111791,0.22499841,False,0.0
4777.451888792,0,0.015808731,0.0973695,0.22828102,-0.21216317,-0.22824258,0.31690693,False,0.0
4777.471888792,20000000,0.012224168,0.10406558,0.19695896,-0.16967943,-0.28685614,0.37317124,False,0.0
4777.491888792,0,0.022504121,0.099458925,0.16226828,-0.18375272,-0.29171017,0.40307638,False,0.0
4777.511888792,0,0.041926056,0.07610433,0.12603432,-0.2144535,-0.2542456,0.41274968,False,0.0
4777.531888792,0,0.052861273,0.04583694,0.10960621,-0.22200298,-0.18229419,0.40611443,False,0.0
4777.551888792,0,0.07281172,0.014794961,0.09140617,-0.19899857,-0.13548565,0.39707005,False,0.0
4777.571888792,20000000,0.08663258,-0.0002541393,0.09696549,-0.1567948,-0.079364374,0.34026772,False,0.0
4777.591888792,0,0.10319394,0.005157888,0.082937956,-0.14417729,-0.07401315,0.2621814,False,0.0
4777.611888792,0,0.14917246,-0.018467247,0.02038914,-0.15715492,-0.10475862,0.15312782,False,0.0
4777.631888792,20000000,0.20054445,-0.061108157,-0.055030644,-0.14965884,-0.022443019,-0.023136377,False,0.0
4777.651888792,0,0.17701575,-0.057256445,-0.039894342,-0.10013173,-0.04459061,-0.15143636,False,0.0
4777.671888792,0,0.15904388,-0.047516346,-0.027152777,-0.016709685,-0.061224006,-0.20797585,False,0.0
4777.691888792,20000000,0.14108083,-0.03779465,-0.014422059,0.06671235,-0.0778574,-0.26451534,False,0.0
4777.711888792,0,0.11441657,-0.014799848,-0.017472029,0.15142661,-0.18610154,-0.27123195,False,0.0
4777.731888792,0,0.17584595,-0.054636344,-0.25964272,0.119422376,-0.4410587,-0.24439028,False,0.0
4777.751888792,0,0.19952875,-0.10700561,-0.30380368,0.08613836,0.1673863,-0.48266375,False,0.0
4777.771888792,20000000,-0.06353024,0.013033271,0.105180144,0.23580083,-0.120936304,-0.28729644,False,0.0
4777.791888792,0,-0.06427425,0.000547871,-0.024134576,0.30189425,-0.2720171,-0.08952664,False,0.0
4777.811888792,0,-0.13969454,0.056545436,0.05213976,0.3347826,-0.3776571,0.07076809,False,0.0
4777.83183775,0,-0.08082118,0.06278127,-0.112769425,0.16685787,-0.45034274,0.09705743,False,0.0
4777.85183775,20000000,-0.06426075,0.055449925,-0.134875,-0.06971049,-0.3492587,-0.007793948,False,0.0
4777.87183775,0,-0.075525254,0.04425001,-0.10812378,-0.22486386,-0.24661961,-0.08534806,False,0.0
4777.89183775,20000000,-0.08724652,0.03662689,-0.05976838,-0.27949226,-0.13282876,-0.13133726,False,0.0
4777.91183775,0,-0.08685763,0.04007051,-0.014238477,-0.27188274,-0.0056535304,-0.16156045,False,0.0
4777.93183775,0,-0.074381635,0.051835798,0.021709323,-0.25005457,0.13446105,-0.19329393,False,0.0
4777.95183775,20000000,-0.06696522,0.065369874,0.06576985,-0.23243226,0.25619245,-0.21472976,False,0.0
4777.97183775,0,-0.06407642,0.069914594,0.109654486,-0.20089725,0.32887536,-0.20060042,False,0.0
4777.99183775,0,-0.06024857,0.060702436,0.1420458,-0.14927675,0.35495576,-0.1513702,False,0.0
4778.01183775,0,-0.059413552,0.04480888,0.16356725,-0.08425339,0.35484624,-0.07482687,False,0.0
4778.03183775,0,-0.059415266,0.030441254,0.17270684,-0.01771915,0.3269347,0.0017401204,False,0.0
4778.05183775,20000000,-0.05825527,0.025496729,0.16757733,0.025227547,0.2707408,0.069436505,False,0.0
4778.07183775,0,-0.046688676,0.0245044,0.14197195,0.019377396,0.22583099,0.103683844,False,0.0
4778.09183775,0,-0.039284125,0.024187244,0.11230445,-0.018023781,0.16586593,0.11724907,False,0.0
4778.11183775,20000000,-0.023855329,0.01661504,0.056120157,-0.07491561,0.121234484,0.10648101,False,0.0
4778.13183775,0,0.0019527674,0.003428474,-0.022730768,-0.13821915,0.049339555,0.10510173,False,0.0
4778.15183775,0,0.027279079,-0.016129836,-0.088030756,-0.18429138,0.08408888,0.084951065,False,0.0
4778.17183775,0,0.014698625,-0.013584264,-0.08516967,-0.17108499,0.080754295,0.10609758,False,0.0
4778.19183775,0,0.004909456,0.006702557,-0.07287717,-0.120218396,0.071360886,0.14363961,False,0.0
4778.21183775,20000000,0.01677069,0.037202746,-0.088311255,-0.08360802,0.033191554,0.18368022,False,0.0
4778.23183775,0,0.075999826,0.030547403,-0.22681904,-0.09773532,-0.07381926,0.27455795,False,0.0
4778.25183775,0,0.07758951,0.029789798,-0.13962173,0.003201291,0.00074887276,0.33699295,False,0.0
4778.27183775,20000000,0.07918975,0.02904296,-0.052428484,0.1041379,0.07531699,0.39942795,False,0.0
4778.29183775,0,0.1358119,0.016992152,-0.058188975,0.17627662,0.21725309,0.38025945,False,0.0
4778.31183775,0,0.18520874,0.020247236,-0.072713494,0.16091079,0.28024822,0.30816033,False,0.0
4778.33183775,20000000,0.21322608,0.0470253,-0.07908416,0.04151515,0.40064663,0.15614583,False,0.0
4778.35183775,0,0.1788339,0.11253215,-0.026667118,-0.16637689,0.3610802,0.052559637,False,0.0
4778.37183775,0,0.14961636,0.14803256,-0.011361718,-0.4087066,0.22178875,0.01777668,False,0.0
4778.39183775,20000000,0.12082964,0.13855976,0.030329943,-0.5485265,0.08133343,0.047537483,False,0.0
4778.41183775,0,0.07126728,0.11804622,0.09751451,-0.512999,-0.06989162,0.13889189,False,0.0
4778.43183775,0,0.02701804,0.10389403,0.13801652,-0.3714296,-0.18553454,0.25959566,False,0.0
4778.45183775,20000000,-0.008455366,0.096656635,0.15121132,-0.22457346,-0.2891022,0.39823726,False,0.0
4778.47183775,0,-0.024836928,0.07884009,0.1427235,-0.10589121,-0.33757615,0.5154919,False,0.0
4778.49183775,20000000,-0.026890934,0.048934717,0.12020552,-0.027089313,-0.3311345,0.5916721,False,0.0
4778.51183775,0,-0.024352908,0.01693996,0.10284072,0.013441667,-0.2729257,0.62360406,False,0.0
4778.53183775,0,-0.019809932,-0.010831848,0.09728271,0.0329421,-0.18951064,0.5931405,False,0.0
4778.55183775,20000000,-0.013876051,-0.03056249,0.09850103,0.028550798,-0.11030754,0.5093424,False,0.0
4778.57183775,0,-0.0032586157,-0.035326503,0.09759003,-0.003405938,-0.045967065,0.3647341,False,0.0
4778.59183775,20000000,0.0012538731,-0.020807043,0.106460094,-0.046748757,-0.018205998,0.19406286,False,0.0
4778.61183775,0,0.022733778,-0.008780412,0.07286203,-0.10668872,-0.06350348,0.028227746,False,0.0
4778.63183775,20000000,0.064130574,-0.011296034,0.00399369,-0.17106837,-0.03469494,-0.17522095,False,0.0
4778.65183775,0,0.077554226,0.001982145,-0.033126652,-0.20325533,-0.06065844,-0.33605078,False,0.0
4778.67183775,0,0.0790838,0.010719769,-0.052402258,-0.16664042,-0.06251143,-0.42662358,False,0.0
4778.69183775,20000000,0.07995418,0.014952339,-0.059970677,-0.035507023,-0.07190027,-0.43695933,False,0.0
4778.71183775,0,0.0873594,0.010714032,-0.10461414,0.13506058,-0.12714556,-0.39163256,False,0.0
4778.73183775,0,0.046034873,0.012633897,-0.074492216,0.24683133,-0.09704584,-0.3428131,False,0.0
4778.75183775,0,0.0046820343,0.014548674,-0.044396043,0.35860205,-0.06694612,-0.29399365,False,0.0
4778.77183775,20000000,-0.036699027,0.016457967,-0.014325619,0.4703728,-0.036846396,-0.24517421,False,0.0
4778.79183775,40000000,-0.08620636,0.031192772,0.035078943,0.53290486,-0.04336924,-0.18933867,False,0.0
4778.81183775,0,-0.12375507,0.037074767,0.05013621,0.52191335,-0.19911942,-0.12809816,False,0.0
4778.83183775,0,-0.1107319,0.0063183904,-0.022965968,0.43506396,-0.26051304,-0.14818963,False,0.0
4778.85183775,20000000,-0.11122385,-0.0101723075,-0.052547872,0.34246758,-0.32034644,-0.2005539,False,0.0
4778.87183775,0,-0.10543898,-0.01671359,-0.09155351,0.2362696,-0.3093679,-0.2799638,False,0.0
4778.89183775,0,-0.11998652,0.0005476028,-0.08021486,0.13707066,-0.2774973,-0.34638485,False,0.0
4778.91183775,0,-0.12787056,0.028828353,-0.05271691,0.04811351,-0.23213495,-0.40994588,False,0.0
4778.93183775,20000000,-0.12088972,0.05357194,-0.019428372,-0.033624656,-0.14889556,-0.48454636,False,0.0
4778.95183775,0,-0.103992805,0.06881887,0.020707846,-0.086852886,-0.015005738,-0.57011503,False,0.0
4778.97183775,0,-0.09576507,0.07613209,0.06900227,-0.09521526,0.09327728,-0.617858,False,0.0
4778.99183775,0,-0.08310871,0.068569854,0.101453185,-0.049918313,0.16639814,-0.62673247,False,0.0
4779.01183775,0,-0.07845971,0.058097698,0.13155234,0.031489972,0.20694022,-0.6026381,False,0.0
4779.03183775,20000000,-0.07827644,0.05163528,0.14390486,0.11332777,0.19245677,-0.55099696,False,0.0
4779.05183775,0,-0.08603749,0.048180684,0.14591116,0.1802056,0.14777762,-0.47388715,False,0.0
4779.07183775,0,-0.10337511,0.050992914,0.14979392,0.23287539,0.03287749,-0.3772223,False,0.0
4779.09183775,20000000,-0.094040304,0.04399634,0.10217166,0.23479122,-0.06784268,-0.29834357,False,0.0
4779.11183775,0,-0.09846604,0.044249848,0.07226187,0.20253956,-0.14103392,-0.2531098,False,0.0
4779.13183775,0,-0.096399084,0.046738863,0.026055574,0.1411663,-0.23551242,-0.22189592,False,0.0
4779.15183775,20000000,-0.08155921,0.04688122,-0.03469366,0.05646506,-0.2804492,-0.2146741,False,0.0
4779.17183775,0,-0.06130533,0.026991352,-0.09051359,-0.011981189,-0.22719568,-0.2340408,False,0.0
4779.19183775,0,-0.066786975,0.013577461,-0.10099316,0.0014664624,-0.20100936,-0.21452074,False,0.0
4779.21183775,0,-0.0638991,0.00087513775,-0.12178594,0.06381248,-0.15814474,-0.17082271,False,0.0
4779.23183775,20000000,-0.044339463,-0.0137458,-0.1458888,0.14477535,-0.1509156,-0.109265335,False,0.0
4779.25183775,0,-0.009972587,-0.028568566,-0.17998493,0.18655545,-0.060146406,-0.08598927,False,0.0
4779.27183775,0,-0.014740229,-0.0019056648,-0.06972247,0.23084047,0.036798246,-0.08595305,False,0.0
4779.29183775,0,0.012179375,0.043081105,-0.033611894,0.2064195,-0.053188257,-0.07258947,False,0.0
4779.31183775,0,0.09612656,0.02330181,-0.13135678,0.04226719,0.10415488,-0.21719937,False,0.0
4779.33183775,20000000,0.18007423,0.0035185814,-0.22910213,-0.12188509,0.261498,-0.36180928,False,0.0
4779.35183775,0,0.13356416,0.052225232,-0.13664436,-0.2522282,0.2972726,-0.50333923,False,0.0
4779.37183775,0,0.09520003,0.09538855,-0.104222596,-0.37244025,0.2511448,-0.5822753,False,0.0
4779.39183775,20000000,0.06609002,0.112958714,-0.076076865,-0.45579603,0.24249867,-0.65585375,False,0.0
4779.41183775,0,0.011390686,0.12766445,-0.010456264,-0.4456912,0.16743332,-0.6335914,False,0.0
4779.43183775,0,-0.03510554,0.11088875,0.028915584,-0.35342687,0.049231254,-0.52573234,False,0.0
4779.45183775,0,-0.065113604,0.081930265,0.05718267,-0.21299908,-0.062425688,-0.39295673,False,0.0
4779.47183775,0,-0.06504601,0.04687445,0.07400054,-0.07095146,-0.12661093,-0.30073833,False,0.0
4779.49183775,0,-0.05068393,0.014728278,0.093218684,0.04637049,-0.12484225,-0.27558643,False,0.0
4779.51183775,0,-0.032374144,0.011329733,0.10301161,0.13215183,-0.10674268,-0.27575535,False,0.0
4779.53183775,20000000,-0.0066132545,0.04086773,0.09501779,0.15256037,-0.055253077,-0.284553,False,0.0
4779.55183775,0,0.010902882,0.08120316,0.09008312,0.14366044,0.03492259,-0.26500472,False,0.0
4779.57183775,20000000,0.0071276724,0.13617536,0.09329641,0.13073249,0.09359002,-0.14825061,False,0.0
4779.59183775,0,0.023667872,0.16284248,0.08028662,0.1367912,0.121350095,0.03061159,False,0.0
4779.61183775,0,0.055256307,0.16361582,0.045176208,0.14521176,0.15016551,0.18836072,False,0.0
4779.63183775,20000000,0.08501652,0.16243583,0.01643008,0.14123994,0.20706846,0.28418583,False,0.0
4779.65183775,0,0.0880146,0.14359692,0.025553405,0.14631112,0.23857889,0.35837874,False,0.0
4779.67183775,20000000,0.07267544,0.12090333,0.048104107,0.15786117,0.2182902,0.4291079,False,0.0
4779.69183775,0,0.07058141,0.10456718,0.039889038,0.15483627,0.15874971,0.45945,False,0.0
4779.71183775,20000000,0.06851819,0.08825803,0.03165835,0.15181138,0.09920925,0.4897921,False,0.0
4779.73183775,40000000,0.08795491,0.046643507,-0.028661668,0.09680165,0.08294388,0.48451295,False,0.0
4779.75183775,0,0.08791405,0.011429124,-0.034021914,0.075572126,0.08324411,0.41666862,False,0.0
4779.77183775,0,0.0773426,-0.0014748201,-0.042702496,0.06730564,0.064653866,0.37275252,False,0.0
4779.79183775,20000000,0.06677869,-0.014362998,-0.051389277,0.059039146,0.046063624,0.32883644,False,0.0
4779.81183775,40000000,0.054964483,0.011042245,-0.033864558,0.040652785,0.0026697814,0.30136126,False,0.0
4779.83183775,0,0.056776583,0.030486532,-0.031097472,0.009374451,-0.011381373,0.23763166,False,0.0
4779.85183775,0,0.041903377,0.047627017,-0.009899914,-0.019729214,-0.034102634,0.1419259,False,0.0
4779.87183775,20000000,0.022809654,0.06706013,0.008993208,-0.026622804,-0.07686774,0.05984986,False,0.0
4779.89183775,0,-0.0026563406,0.10749006,0.026287854,-0.02842332,-0.13591519,0.015334468,False,0.0
4779.91183775,0,-0.022211164,0.15930931,0.027065158,-0.039956603,-0.21050778,0.053313788,False,0.0
4779.93183775,20000000,-0.001974374,0.1790429,0.0014678836,-0.059964046,-0.21741395,0.092246555,False,0.0
4779.95183775,0,0.029987961,0.18094671,-0.02125293,-0.06159057,-0.12955397,0.10062677,False,0.0
4779.97183775,0,0.04705897,0.17040733,-0.02639836,-0.051645294,-0.0008225441,0.08795351,False,0.0
4779.99183775,20000000,0.03894356,0.14446402,-0.014137566,-0.021292416,0.08762138,0.06558736,False,0.0
4780.01183775,0,0.026225626,0.12750667,1.8954277e-05,0.018999947,0.108936846,0.040324487,False,0.0
4780.03183775,0,0.014540225,0.1326536,-0.0035845637,0.026669437,0.08560485,0.041845597,False,0.0
4780.05183775,0,0.011696041,0.13644592,-0.013564408,0.013417633,0.058437087,0.04904911,False,0.0
4780.07183775,0,0.01190871,0.12827203,-0.028807402,-0.0006372938,0.057937577,0.05810632,False,0.0
4780.09183775,20000000,0.012120694,0.1200992,-0.044057786,-0.014692221,0.057438068,0.067163534,False,0.0
4780.11183775,0,0.002540797,0.11732819,-0.04059553,-0.005584634,0.058401395,0.0838608,False,0.0
4780.13183775,0,0.0004028082,0.10647686,-0.03886348,0.016149871,0.08394717,0.10416926,False,0.0
4780.15183775,20000000,-0.015043706,0.08910322,-0.012098312,0.07024388,0.10393052,0.117420755,False,0.0
4780.17183775,0,-0.030693114,0.066481724,0.010678947,0.12959117,0.103504874,0.12525827,False,0.0
4780.191815,0,-0.051216617,0.059266765,0.031146996,0.17569044,0.06352191,0.12173165,False,0.0
4780.211815,20000000,-0.054325357,0.06435327,0.022304177,0.13684705,0.019942254,0.1285241,False,0.0
4780.231815,0,-0.052158654,0.06418373,0.009396911,0.08101496,-0.0058015715,0.13358897,False,0.0
4780.251815,0,-0.04947585,0.06246132,-0.0034316778,0.025195211,0.0011862512,0.14075358,False,0.0
4780.271815,0,-0.047685638,0.06331863,-0.012277603,-0.027359787,0.013693618,0.1650077,False,0.0
4780.291815,0,-0.047885835,0.070460185,-0.025377333,-0.084478125,0.04218631,0.2097567,False,0.0
4780.311815,0,-0.050023317,0.07277109,-0.041047454,-0.14164372,0.06957134,0.27189538,False,0.0
4780.331815,0,-0.046166375,0.04958963,-0.044190407,-0.1529465,0.10886054,0.30581105,False,0.0
4780.351815,20000000,-0.04232523,0.026412591,-0.04734564,-0.16424927,0.14814973,0.3397267,False,0.0
4780.371815,40000000,-0.042063415,-0.011982195,-0.04811907,-0.13856988,0.17346758,0.33279824,False,0.0
4780.391815,60000000,-0.043990016,-0.05453752,-0.051637053,-0.0867964,0.17938346,0.291095,False,0.0
4780.411815,0,-0.04670894,-0.08731285,-0.047816336,-0.027796417,0.1739203,0.21495354,False,0.0
4780.431815,0,-0.047290504,-0.11084578,-0.03661269,0.026048046,0.18283589,0.10813161,False,0.0
4780.451815,0,-0.04853016,-0.12940498,-0.020680606,0.074956,0.20332356,-0.022134267,False,0.0
4780.471815,0,-0.04981816,-0.14490089,-0.009216011,0.10422047,0.21955985,-0.17915547,False,0.0
4780.491815,20000000,-0.049280554,-0.16072822,-0.0043684244,0.099213704,0.23199892,-0.3698232,False,0.0
4780.511815,0,-0.049456954,-0.17775601,-0.0020705462,0.06926473,0.23151697,-0.60575813,False,0.0
4780.531815,0,-0.051353425,-0.18661621,0.0010351539,0.017408125,0.21342823,-0.85856897,False,0.0
4780.551815,20000000,-0.050154567,-0.19139126,0.0020644665,-0.036710247,0.20506796,-1.1173918,False,0.0
4780.571815,0,-0.05154544,-0.1885601,9.047985e-05,-0.071464755,0.2022972,-1.3362,False,0.0
4780.591815,0,-0.047509193,-0.17284966,-0.0069398284,-0.10002211,0.21893775,-1.5009884,False,0.0
4780.611815,20000000,-0.036219835,-0.15764497,-0.012921989,-0.12779325,0.26681152,-1.6324393,False,0.0
4780.631815,0,-0.02878815,-0.13706179,-0.012832403,-0.16078603,0.32267764,-1.7213553,False,0.0
4780.651815,0,-0.026498228,-0.10635377,-0.00057530403,-0.19022365,0.3699519,-1.7140372,False,0.0
4780.671815,20000000,-0.023627192,-0.0758861,0.011564851,-0.21966127,0.41722617,-1.706719,False,0.0
4780.691815,0,-0.01710853,-0.0437096,0.026251376,-0.2520611,0.4248737,-1.6020745,False,0.0
4780.711815,0,0.0022779703,-0.021915052,0.0372414,-0.28263894,0.4105433,-1.453396,False,0.0
4780.731815,20000000,0.023232132,-0.007879071,0.047305763,-0.30586267,0.38429445,-1.2793596,False,0.0
4780.751815,0,0.042084724,-0.00087753683,0.052326918,-0.31981346,0.34828395,-1.0826495,False,0.0
4780.771815,0,0.062486738,-0.0019408315,0.051769316,-0.32220975,0.3138732,-0.8737898,False,0.0
4780.791815,20000000,0.08577901,-0.008903384,0.04522878,-0.32004967,0.30037016,-0.6733842,False,0.0
4780.811815,0,0.103177994,-0.020253576,0.04964137,-0.31615296,0.30527848,-0.5134823,False,0.0
4780.831815,20000000,0.11433947,-0.027595505,0.049375117,-0.33555698,0.31178248,-0.3914055,False,0.0
4780.851815,0,0.120839804,-0.038092606,0.05643201,-0.3655771,0.2954396,-0.2990776,False,0.0
4780.871815,0,0.12966794,-0.04879707,0.061460257,-0.39831024,0.26712084,-0.22717157,False,0.0
4780.891815,0,0.14224616,-0.060507044,0.061983645,-0.40678754,0.22358593,-0.17428437,False,0.0
4780.911815,0,0.14898282,-0.06672419,0.064983904,-0.39945862,0.16491385,-0.13631997,False,0.0
4780.931815,20000000,0.14874744,-0.06869728,0.059479296,-0.40338555,0.11714985,-0.097330794,False,0.0
4780.951815,0,0.13825679,-0.0796122,0.058546305,-0.38758516,0.041982703,-0.052588925,False,0.0
4780.971815,20000000,0.12776226,-0.090514466,0.057581842,-0.3717848,-0.03318444,-0.007847056,False,0.0
4780.991815,40000000,0.11726397,-0.10140389,0.056585968,-0.35598445,-0.10835158,0.036894813,False,0.0
4781.011815,60000000,0.10676187,-0.1122803,0.05555886,-0.34018406,-0.18351872,0.08163668,False,0.0
4781.031815,0,0.10134202,-0.124581575,0.050660312,-0.34455597,-0.21944286,0.097142,False,0.0
4781.051815,0,0.09362841,-0.13601449,0.046067417,-0.36427176,-0.24446349,0.08985083,False,0.0
4781.071815,0,0.081769645,-0.1437896,0.04826331,-0.40209332,-0.27462256,0.07305868,False,0.0
4781.091815,20000000,0.072194666,-0.14872995,0.05191034,-0.44204992,-0.3192621,0.052200772,False,0.0
4781.111815,0,0.06863949,-0.15246208,0.049063027,-0.48547482,-0.36138374,0.030697398,False,0.0
4781.131815,0,0.062793314,-0.15101096,0.049344957,-0.5224831,-0.39784193,0.018660339,False,0.0
4781.151815,0,0.064861864,-0.1514202,0.041794837,-0.5602827,-0.434716,0.0010581557,False,0.0
4781.171815,0,0.070255905,-0.14850256,0.033347964,-0.59637195,-0.45030645,-0.019408237,False,0.0
4781.191815,0,0.07790312,-0.14514402,0.028762817,-0.62821805,-0.44801116,-0.042668898,False,0.0
4781.211815,0,0.082288295,-0.13420223,0.025057673,-0.6518899,-0.43754783,-0.07139857,False,0.0
4781.231815,0,0.0832656,-0.1164546,0.018886268,-0.67791474,-0.42605215,-0.090270504,False,0.0
4781.251815,20000000,0.08475572,-0.103404924,0.015158534,-0.69107914,-0.4187432,-0.11587882,False,0.0
4781.271815,0,0.08730084,-0.09849116,0.010492623,-0.6767361,-0.39690506,-0.15121016,False,0.0
4781.291815,0,0.07889122,-0.09080246,0.0071206093,-0.61948603,-0.3847377,-0.17322405,False,0.0
4781.311815,0,0.06973633,-0.08412883,0.0020254254,-0.53616565,-0.36910623,-0.18460158,False,0.0
4781.331815,20000000,0.062185735,-0.07843682,0.00034028292,-0.42583442,-0.36400247,-0.1907706,False,0.0
4781.351815,0,0.05973333,-0.07121043,-0.0028123856,-0.32768756,-0.3514902,-0.19341703,False,0.0
4781.371815,0,0.05804038,-0.067994505,-0.0054561496,-0.24497813,-0.33074135,-0.19125833,False,0.0
4781.391815,20000000,0.05191821,-0.061650395,-0.00040739775,-0.17706746,-0.32357624,-0.18812035,False,0.0
4781.411815,0,0.052304953,-0.05740589,-0.0003736019,-0.116596416,-0.3122785,-0.17790353,False,0.0
4781.431815,0,0.057726562,-0.05630091,-0.0028659701,-0.045283683,-0.2694112,-0.16765508,False,0.0
4781.451815,0,0.04844168,-0.050279647,0.0010475516,0.042119518,-0.22337686,-0.14459251,False,0.0
4781.471815,0,0.03904894,-0.037201375,-0.0011768937,0.1315854,-0.20430689,-0.111656174,False,0.0
4781.491815,0,0.059134394,-0.022001088,-0.11547625,0.18982756,-0.41587818,-0.035511203,False,0.0
4781.511815,0,0.114154935,-0.037026703,-0.21203893,0.19589578,-0.019602418,-0.10101581,False,0.0
4781.531815,20000000,0.09191504,-0.0127957165,-0.24267644,0.25717005,-0.029246084,-0.04961418,False,0.0
4781.551815,0,0.043569565,0.040028572,-0.1842711,0.28507996,0.023011927,0.03657775,False,0.0
4781.571815,20000000,-0.0047662556,0.09286478,-0.12589979,0.31298986,0.07526995,0.12276968,False,0.0
4781.591815,40000000,-0.010781288,0.10513535,-0.11082393,0.34803328,0.116888784,0.1728171,False,0.0
4781.611815,0,-0.029302955,0.0933446,-0.0511232,0.43872237,0.31076026,0.15851402,False,0.0
4781.631815,20000000,-0.07104954,0.074276716,0.007995427,0.57993513,0.4230304,0.18039745,False,0.0
4781.651815,0,-0.08915971,0.034633845,0.012657762,0.7154155,0.4816883,0.21004862,False,0.0
4781.671815,0,-0.103869036,0.0051417053,0.007779479,0.8112655,0.48903865,0.21540153,False,0.0
4781.691815,0,-0.13797052,0.0076717436,0.028532803,0.8392556,0.4529818,0.21186158,False,0.0
4781.711815,0,-0.14916432,0.014997348,0.0049961805,0.78592587,0.3539309,0.1936368,False,0.0
4781.731815,20000000,-0.13267411,0.011564687,-0.03020066,0.69062084,0.29986414,0.15592422,False,0.0
4781.751815,0,-0.12026173,0.007964924,-0.042096496,0.5976449,0.31424955,0.08089748,False,0.0
4781.771815,0,-0.11642489,0.008459106,-0.037183464,0.5286587,0.33969215,0.011691481,False,0.0
4781.791815,20000000,-0.117792964,0.010451421,-0.027935088,0.51100796,0.3837245,-0.030796856,False,0.0
4781.811815,0,-0.11755803,0.010181367,-0.016486287,0.52966857,0.4123186,-0.02892174,False,0.0
4781.831815,0,-0.11354017,0.005438626,-0.008616805,0.55224687,0.4510219,0.0027575623,False,0.0
4781.851815,20000000,-0.101061314,-0.010203406,-0.0037321448,0.5764184,0.46949834,0.040694565,False,0.0
4781.871815,0,-0.09799364,-0.021023259,0.0007262826,0.5572865,0.47610834,0.061016873,False,0.0
4781.891815,20000000,-0.094905555,-0.03185586,0.0050200224,0.53815454,0.48271835,0.08133918,False,0.0
4781.911815,0,-0.093471915,-0.042519018,0.014198124,0.48947614,0.4668863,0.110665254,False,0.0
4781.931815,20000000,-0.08128065,-0.056829922,0.0052849054,0.43184558,0.49195337,0.10052094,False,0.0
4781.951815,0,-0.07534334,-0.06326503,-0.003699243,0.37284404,0.5082197,0.09287268,False,0.0
4781.971815,0,-0.07214078,-0.07166995,-0.006555736,0.30903208,0.5182991,0.084148146,False,0.0
4781.991815,20000000,-0.07211748,-0.079601824,-0.010864079,0.24767587,0.5341967,0.07877113,False,0.0
4782.011815,0,-0.07612234,-0.08868738,-0.007948577,0.20882167,0.5190274,0.071078464,False,0.0
4782.031815,0,-0.06953287,-0.09520701,-0.01979655,0.17883274,0.5321529,0.043567855,False,0.0
4782.051815,0,-0.074798256,-0.09363785,-0.019037485,0.16086787,0.53753996,0.01687132,False,0.0
4782.071815,0,-0.078062296,-0.09863606,-0.015512466,0.15040109,0.53004104,0.007987632,False,0.0
4782.091815,20000000,-0.076019734,-0.099128395,-0.01921606,0.15929858,0.5288733,-0.004768612,False,0.0
4782.111815,0,-0.07369074,-0.10233187,-0.01700455,0.17288762,0.53570056,-0.023037916,False,0.0
4782.131815,20000000,-0.078905165,-0.09357363,-0.0072870255,0.18622373,0.5404592,-0.022020828,False,0.0
4782.151815,0,-0.06539053,-0.08952467,-0.021686852,0.18320559,0.54657686,-0.0025780536,False,0.0
4782.171815,0,-0.06889424,-0.08329323,-0.021492839,0.15072581,0.519189,0.059725236,False,0.0
4782.191815,20000000,-0.07234925,-0.07706832,-0.021387875,0.118246034,0.4918011,0.122028515,False,0.0
4782.211815,0,-0.062122017,-0.08487891,-0.031526566,0.08034785,0.43055037,0.20385571,False,0.0
4782.231815,0,-0.04358232,-0.09609158,-0.046283424,0.042329006,0.4004319,0.27923465,False,0.0
4782.251815,0,-0.024344623,-0.110853985,-0.054710984,0.019768342,0.36528012,0.34297127,False,0.0
4782.271815,20000000,-9.1552734e-05,-0.12377977,-0.07047242,0.002881229,0.3074563,0.3944744,False,0.0
4782.291815,0,0.043865025,-0.13367777,-0.105686724,-0.014192041,0.3050128,0.40880936,False,0.0
4782.311815,20000000,0.08479035,-0.14152545,-0.14261872,-0.031886473,0.2770914,0.40537417,False,0.0
4782.331815,0,0.10886705,-0.11507867,-0.15008307,-0.0710627,0.29901037,0.3712183,False,0.0
4782.351815,0,0.08703351,-0.05795349,-0.0888533,-0.120755896,0.19563533,0.39990047,False,0.0
4782.371815,20000000,0.099497676,-0.0061748354,-0.040658057,-0.15850073,0.12973882,0.4193507,False,0.0
4782.391815,0,0.08945936,0.04061395,0.04275483,-0.1580116,0.10888778,0.4390682,False,0.0
4782.411815,0,0.06574178,0.091751315,0.12204224,-0.13290974,0.11012268,0.45989946,False,0.0
4782.431815,20000000,0.055744708,0.12380757,0.1703639,-0.11487136,0.10184165,0.49863064,False,0.0
4782.451815,0,0.047409177,0.14193223,0.20426035,-0.09430054,0.11016769,0.5312973,False,0.0
4782.471815,0,0.06012714,0.14234099,0.18350893,-0.101103075,0.10056469,0.5251678,False,0.0
4782.491815,20000000,0.07289863,0.14276709,0.16276348,-0.107905604,0.09096169,0.5190384,False,0.0
4782.511815,40000000,0.088683784,0.13551718,0.13541937,-0.14831488,0.07131067,0.47658706,False,0.0
4782.531815,0,0.1016736,0.12757784,0.1116572,-0.18880564,0.055492513,0.41236103,False,0.0
4782.551815,20000000,0.10256076,0.120007135,0.09234887,-0.22887793,0.04248122,0.35039842,False,0.0
4782.571701,0,0.08755693,0.118434496,0.097765036,-0.2305721,0.012483345,0.2885318,False,0.0
4782.591701,20000000,0.0739184,0.1244587,0.093963385,-0.2308698,-0.052741796,0.2797495,False,0.0
4782.611701,0,0.069331765,0.11899819,0.08114326,-0.22028778,-0.09394813,0.26966816,False,0.0
4782.631701,0,0.06173128,0.11511029,0.072606206,-0.20883766,-0.12162728,0.2638506,False,0.0
4782.651701,20000000,0.052480698,0.11689092,0.0641492,-0.20244364,-0.13999628,0.25989932,False,0.0
4782.671701,0,0.048266888,0.11729072,0.053970277,-0.21244618,-0.15360531,0.2633435,False,0.0
4782.691701,0,0.04668981,0.112080544,0.04501158,-0.22431637,-0.14593525,0.26468349,False,0.0
4782.711701,0,0.044063687,0.10451237,0.041700363,-0.22653592,-0.13359924,0.26762477,False,0.0
4782.731701,0,0.03986317,0.09803834,0.039058447,-0.21881025,-0.117702685,0.27499557,False,0.0
4782.751701,0,0.041606307,0.09099875,0.03673178,-0.20669897,-0.101440474,0.28452092,False,0.0
4782.771701,20000000,0.044741094,0.084561706,0.035384953,-0.18950558,-0.08827108,0.2905744,False,0.0
4782.791701,40000000,0.047455072,0.077249095,0.03219205,-0.1818062,-0.062626794,0.28284702,False,0.0
4782.811701,0,0.048959136,0.071004294,0.030474126,-0.1790842,-0.035474572,0.26866364,False,0.0
4782.831701,20000000,0.047914743,0.062828764,0.03299588,-0.17857222,-0.013852527,0.2576785,False,0.0
4782.851701,0,0.045017958,0.053952865,0.035184443,-0.16711049,-0.006629149,0.24616522,False,0.0
4782.871701,0,0.039117277,0.05091655,0.038829744,-0.15054446,-0.014000971,0.2392779,False,0.0
4782.891701,0,0.036959708,0.05048625,0.035674512,-0.14759593,-0.026023552,0.22747794,False,0.0
4782.911701,0,0.03324157,0.04962284,0.032315314,-0.1507285,-0.045833737,0.22051618,False,0.0
4782.931701,20000000,0.03003776,0.046562836,0.027630448,-0.15339093,-0.06088958,0.2128533,False,0.0
4782.951701,0,0.027531207,0.040346466,0.022126794,-0.15668489,-0.07742568,0.20262952,False,0.0
4782.971701,0,0.025251687,0.03310762,0.014293373,-0.15866783,-0.08878976,0.18657865,False,0.0
4782.991701,0,0.02098757,0.029293757,0.011808038,-0.1656707,-0.09671003,0.16924877,False,0.0
4783.011701,0,0.01598674,0.025385344,0.0041331053,-0.17278132,-0.09170254,0.14723529,False,0.0
4783.031701,0,0.012357831,0.01924333,-0.003192544,-0.18143885,-0.086001515,0.12856697,False,0.0
4783.051701,0,0.008583784,0.0095096305,-0.015868306,-0.19505863,-0.03663418,0.07085179,False,0.0
4783.071701,20000000,0.004806459,-0.00022452883,-0.028555512,-0.2086784,0.012733147,0.01313661,False,0.0
4783.091701,40000000,-0.011774123,0.0008585248,-0.029218972,-0.22335878,0.05630821,-0.036031682,False,0.0
4783.111701,0,-0.019790947,0.0024019778,-0.02650714,-0.22742954,0.081233814,-0.06702459,False,0.0
4783.131701,20000000,-0.018854082,0.0040760636,-0.021511734,-0.20866463,0.10097164,-0.0722504,False,0.0
4783.151701,0,-0.012012124,0.0073831715,-0.017469406,-0.17383897,0.097583845,-0.059516057,False,0.0
4783.171701,0,-0.0051648617,0.010692503,-0.0134397745,-0.13901334,0.09419606,-0.04678171,False,0.0
4783.191701,0,-0.0014894605,0.0147945285,-0.0072968006,-0.112130344,0.085376844,-0.034282297,False,0.0
4783.211701,20000000,0.008283734,0.0112672,-0.0064097643,-0.08947936,0.07449898,-0.023646267,False,0.0
4783.231701,0,0.0124771595,0.008054256,-0.0026780367,-0.06603195,0.083937906,-0.016094511,False,0.0
4783.251701,0,0.015289187,0.00038302317,0.0018215775,-0.04357142,0.08537766,-0.0059476066,False,0.0
4783.271701,0,0.014657199,-0.0047841705,0.0068101287,-0.020835549,0.08665054,0.00029856525,False,0.0
4783.291701,20000000,0.011865139,-0.011676282,0.01079011,-0.00020415522,0.074813634,0.0068774945,False,0.0
4783.311701,0,0.00715369,-0.016344193,0.011552632,0.015029326,0.07894834,0.009336455,False,0.0
4783.331701,0,0.00426805,-0.021398094,0.0076939464,0.027890446,0.07145469,0.011818148,False,0.0
4783.351701,20000000,0.004072726,-0.025071826,0.000903666,0.03990817,0.06878469,0.0029313257,False,0.0
4783.371701,0,0.002172768,-0.0193491,-0.0028842688,0.044544283,0.07743262,0.0047570686,False,0.0
4783.391701,20000000,-0.0023268461,-0.017148439,-0.0011461973,0.06915214,0.08120333,0.028477933,False,0.0
4783.411701,0,-0.0038987994,-0.0150179565,0.0007905364,0.12637798,0.07923834,0.06579109,False,0.0
4783.431701,20000000,-0.0039138794,-0.009919476,-0.0011385083,0.19855496,0.074328445,0.1105597,False,0.0
4783.451701,0,-0.005016327,-0.003976712,-0.0065593123,0.27043402,0.071235,0.14769274,False,0.0
4783.471701,0,-0.0057668686,0.0033869948,-0.011981368,0.337729,0.07756538,0.17205586,False,0.0
4783.491701,20000000,-0.014756978,0.009099988,-0.006826937,0.40894902,0.06933324,0.19847128,False,0.0
4783.511701,0,-0.015483081,0.013564242,-0.008502305,0.4959766,0.05892404,0.22507575,False,0.0
4783.531701,0,-0.0123980045,0.020996688,-0.013734639,0.570971,0.079367764,0.23508061,False,0.0
4783.551701,20000000,-0.00701195,0.02557601,-0.013791859,0.64770544,0.07531214,0.25484172,False,0.0
4783.571701,0,5.4001808e-05,0.022790458,-0.005687237,0.75332403,0.08596093,0.2760698,False,0.0
4783.591701,0,0.006635785,0.014843781,0.0071991086,0.9174506,0.08053922,0.31161565,False,0.0
4783.611701,0,0.010666132,0.01701364,0.019997716,1.1104822,0.063928194,0.36191604,False,0.0
4783.631701,0,0.018598855,0.031146541,0.024523795,1.3091652,0.0063085407,0.42140207,False,0.0
4783.651701,0,0.024736404,0.054317392,0.016619861,1.3919245,-0.06087386,0.4663252,False,0.0
4783.671701,20000000,0.03113103,0.077400595,0.007905006,1.4746839,-0.12805626,0.5112483,False,0.0
4783.691701,40000000,0.027340472,0.0826974,-0.0014231801,1.4367013,-0.15218331,0.56445116,False,0.0
4783.711701,0,0.014181554,0.06781778,-0.004264474,1.3166348,-0.1537167,0.6177844,False,0.0
4783.731701,20000000,0.0031317472,0.03592296,-0.0030831695,1.1422215,-0.15228485,0.65072155,False,0.0
4783.751701,0,0.003083229,0.003509134,-0.009487212,0.95923203,-0.1094011,0.6229552,False,0.0
4783.771701,0,-0.0027569532,-0.007846475,0.0010763407,0.78080785,-0.06565422,0.5622738,False,0.0
4783.791701,20000000,-0.001853466,-0.014032334,0.012175202,0.6342634,-0.058274344,0.48851487,False,0.0
4783.811701,0,0.010160387,-0.01897195,0.012024164,0.51094955,-0.056291267,0.38256902,False,0.0
4783.831701,0,0.026618361,-0.025752902,0.00746274,0.42244148,-0.08100724,0.2332558,False,0.0
4783.851701,0,0.039026856,-0.018809736,0.007121086,0.3554461,-0.12479233,0.06522015,False,0.0
4783.871701,0,0.042235136,-0.0013175607,0.015797436,0.31691733,-0.19698605,-0.10150698,False,0.0
4783.891701,20000000,0.04145342,0.014323205,0.019168794,0.29974055,-0.26615918,-0.23153386,False,0.0
4783.911701,0,0.053163946,0.03397268,0.009077489,0.2917396,-0.31999046,-0.32793212,False,0.0
4783.931701,0,0.062175572,0.05446896,0.011048138,0.29608893,-0.34362835,-0.3940826,False,0.0
4783.951701,20000000,0.056941032,0.07455024,0.020603418,0.3369667,-0.37211254,-0.42846757,False,0.0
4783.971701,0,0.04730469,0.08524649,0.027926326,0.40190685,-0.412687,-0.43687117,False,0.0
4783.991701,20000000,0.047828615,0.09664214,0.018107057,0.4582905,-0.45995975,-0.41370308,False,0.0
4784.011701,0,0.05320716,0.10445495,0.006806135,0.4842223,-0.47675088,-0.38322502,False,0.0
4784.031701,20000000,0.05444193,0.10462323,0.0057255626,0.48070353,-0.46203047,-0.36207664,False,0.0
4784.051701,0,0.054884374,0.09931818,0.0077528954,0.47295907,-0.47166735,-0.34331715,False,0.0
4784.071701,0,0.054748,0.10331188,0.006965637,0.459325,-0.47150916,-0.33704773,False,0.0
4784.091701,0,0.050924003,0.10563299,0.013349354,0.4471923,-0.48585677,-0.3318229,False,0.0
4784.111701,0,0.0483194,0.10623452,0.015299559,0.4389873,-0.48253062,-0.3326168,False,0.0
4784.131701,20000000,0.043145,0.10461673,0.020434618,0.42555723,-0.4909538,-0.34875476,False,0.0
4784.151701,0,0.041336715,0.099435,0.024529397,0.43065012,-0.5002577,-0.38911125,False,0.0
4784.171701,20000000,0.026254594,0.0914247,0.03795135,0.44631845,-0.5426339,-0.44158375,False,0.0
4784.191701,0,0.022370696,0.07954523,0.04168439,0.4806836,-0.61194724,-0.50649315,False,0.0
4784.211701,0,0.02159834,0.083923906,0.041703045,0.5020298,-0.659619,-0.5850072,False,0.0
4784.231701,20000000,0.021635294,0.08768639,0.041063726,0.51408535,-0.6898908,-0.6824028,False,0.0
4784.251701,0,0.003135562,0.092445225,0.047675252,0.5318907,-0.7459088,-0.7749989,False,0.0
4784.271701,0,-0.025670469,0.09772688,0.06323254,0.554338,-0.84550893,-0.8159066,False,0.0
4784.291701,20000000,-0.02478528,0.07354236,0.056872427,0.58072436,-0.9363458,-0.8644072,False,0.0
4784.311701,0,0.0023812652,0.038631678,0.023405373,0.59859514,-0.93774796,-0.9503558,False,0.0
4784.331701,0,0.007666081,0.030906528,0.022557259,0.58491397,-0.9193803,-1.0154119,False,0.0
4784.351701,0,0.013913929,0.010629892,0.029174566,0.5766201,-0.90561247,-1.0355623,False,0.0
4784.371701,20000000,0.03782043,-0.04041052,0.023279667,0.6047883,-0.8797937,-1.0700932,False,0.0
4784.391701,0,0.056269765,-0.0910064,0.015478611,0.64996713,-0.8405915,-1.1133705,False,0.0
4784.411701,0,0.0632309,-0.114130944,0.0066401362,0.6699712,-0.8323952,-1.1173869,False,0.0
4784.431701,0,0.065546274,-0.12706149,-0.008230627,0.62391704,-0.8517479,-1.0495288,False,0.0
4784.451701,0,0.0527786,-0.15944031,-0.02823174,0.55516356,-0.80951136,-0.9689296,False,0.0
4784.471701,0,0.046488762,-0.18670738,-0.034673393,0.49506646,-0.7582315,-0.881714,False,0.0
4784.491701,0,0.029105902,-0.20351669,-0.031122923,0.45164385,-0.69452566,-0.77858686,False,0.0
4784.511701,20000000,0.016993552,-0.21415749,-0.03279811,0.43639007,-0.63603485,-0.669777,False,0.0
4784.531701,0,0.006065488,-0.21583447,-0.037440836,0.3988251,-0.56941885,-0.57420504,False,0.0
4784.551701,20000000,-0.022650152,-0.2202419,-0.013711572,0.36837116,-0.56411123,-0.47470817,False,0.0
4784.571701,0,-0.03137991,-0.21637648,-0.0020282269,0.35477012,-0.54838073,-0.46786126,False,0.0
4784.591701,0,-0.040114075,-0.21244603,0.009573996,0.34116906,-0.5326502,-0.46101436,False,0.0
4784.611701,20000000,-0.050638765,-0.20176622,0.026961803,0.30880398,-0.5152332,-0.5199152,False,0.0
4784.631701,0,-0.05768639,-0.18694243,0.046106935,0.2833134,-0.4721822,-0.6242674,False,0.0
4784.651701,0,-0.0691767,-0.1713053,0.0672068,0.27315706,-0.44785854,-0.7194874,False,0.0
4784.671701,20000000,-0.07645556,-0.16437072,0.08779746,0.28954196,-0.418205,-0.7900436,False,0.0
4784.691701,0,-0.07734299,-0.14378852,0.096441984,0.30486643,-0.4145241,-0.82037705,False,0.0
4784.711701,0,-0.0744302,-0.11155805,0.09425908,0.28234422,-0.42086127,-0.8303469,False,0.0
4784.731701,0,-0.077227294,-0.084284574,0.086571276,0.21642298,-0.42964795,-0.7992899,False,0.0
4784.751701,0,-0.06753072,-0.0766474,0.06705022,0.14016308,-0.43374348,-0.7503721,False,0.0
4784.771701,20000000,-0.0640738,-0.06541717,0.053109765,0.05751335,-0.41652018,-0.6835998,False,0.0
4784.791701,0,-0.06848624,-0.062458307,0.037528157,-0.02512388,-0.39244828,-0.6078252,False,0.0
4784.811701,0,-0.06818846,-0.0631465,0.020131886,-0.09355281,-0.35187113,-0.53675914,False,0.0
4784.831701,20000000,-0.06728843,-0.051574975,0.0074388385,-0.16806176,-0.30809197,-0.45638198,False,0.0
4784.851701,0,-0.06915027,-0.029327959,0.0014889836,-0.28190163,-0.27940005,-0.31848198,False,0.0
4784.871701,0,-0.06741691,-0.012880057,0.009664178,-0.39796153,-0.2838376,-0.14260499,False,0.0
4784.891701,20000000,-0.04401809,-0.01382634,0.008695424,-0.51047117,-0.26907122,0.040929258,False,0.0
4784.911701,40000000,-0.03781259,9.1671944e-05,0.01998663,-0.6113749,-0.24469315,0.23569,False,0.0
4784.9316855,0,-0.024018591,0.0058058477,0.017706204,-0.71828926,-0.22681993,0.42983803,False,0.0
4784.9516855,0,-0.016013443,0.0013911724,0.030178428,-0.80567217,-0.18758114,0.57529885,False,0.0
4784.9716855,0,-0.0147174,0.0037908256,0.036460996,-0.88896465,-0.16296557,0.71148914,False,0.0
4784.9916855,20000000,-0.009331971,0.007868618,0.033056796,-0.9676516,-0.15170446,0.84730005,False,0.0
4785.0116855,0,0.005109161,0.0071006715,0.019405901,-1.0532379,-0.11275543,0.95407045,False,0.0
4785.0316855,0,0.010842115,0.01427035,0.016797721,-1.153475,-0.06604679,1.0384609,False,0.0
4785.0516855,0,0.008158535,0.022237092,0.022042692,-1.2757142,-0.024787322,1.0978736,False,0.0
4785.0716855,0,-0.0026082695,0.028531924,0.0281291,-1.4087136,-0.0065600704,1.1554259,False,0.0
4785.0916855,0,-0.011015087,0.026999012,0.028328955,-1.5443914,0.0010151844,1.2298665,False,0.0
4785.1116855,0,-0.009546936,0.013809949,0.019732893,-1.6693329,0.023699323,1.2944051,False,0.0
4785.1316855,0,-0.017309964,0.004566148,0.021454155,-1.782485,0.054572657,1.3492472,False,0.0
4785.1516855,0,-0.036127985,0.003413543,0.030234754,-1.8808203,0.04185135,1.4285809,False,0.0
4785.1716855,20000000,-0.055770636,0.0020141974,0.037926435,-1.9791555,0.029130042,1.5079145,False,0.0
4785.1916855,40000000,-0.072587565,-0.0034829378,0.044042468,-2.063487,-0.01228828,1.606802,False,0.0
4785.2116855,0,-0.07096523,-0.02047893,0.024903119,-2.125393,-0.07726951,1.7074715,False,0.0
4785.2316855,0,-0.061627224,-0.045719508,-0.0024776459,-2.1673362,-0.10581485,1.7818232,False,0.0
4785.2516855,0,-0.055552125,-0.06123302,-0.019315839,-2.1903455,-0.10152859,1.80533,False,0.0
4785.2716855,0,-0.041537583,-0.07368163,-0.034390867,-2.175464,-0.095699176,1.7835702,False,0.0
4785.2916855,20000000,-0.028713048,-0.08602801,-0.050908506,-2.1605823,-0.08986975,1.7618103,False,0.0
4785.3116855,0,-0.0049194694,-0.10684278,-0.06989634,-2.1074915,-0.04144249,1.7101036,False,0.0
4785.3316855,0,0.022930205,-0.13880377,-0.091751814,-1.9970727,0.0038643777,1.6150298,False,0.0
4785.3516855,0,0.059534997,-0.17213747,-0.13138276,-1.8563141,0.08570873,1.4564375,False,0.0
4785.3716855,0,0.095020354,-0.19194804,-0.14852238,-1.6817691,0.18809146,1.2338202,False,0.0
4785.3916855,20000000,0.12988815,-0.20558022,-0.14458394,-1.4859691,0.31969866,0.9455451,False,0.0
4785.4116855,0,0.14846686,-0.21919027,-0.12798053,-1.2568552,0.44602355,0.62984896,False,0.0
4785.4316855,20000000,0.15296951,-0.23133683,-0.097397506,-0.9845817,0.5409391,0.3264607,False,0.0
4785.4516855,0,0.15359232,-0.23726052,-0.06583232,-0.68931496,0.56947887,0.05602768,False,0.0
4785.4716855,20000000,0.15429786,-0.24308424,-0.03454238,-0.39404824,0.59801865,-0.21440533,False,0.0
4785.4916855,40000000,0.14652535,-0.22676556,-0.0028372407,-0.12814766,0.5847662,-0.47069865,False,0.0
4785.5116855,0,0.13501105,-0.2019918,0.01993221,0.07945424,0.5400426,-0.69674087,False,0.0
4785.5316855,20000000,0.12231326,-0.17912683,0.032340705,0.24209262,0.46887454,-0.87584233,False,0.0
4785.5516855,0,0.109865606,-0.15818635,0.037217736,0.35491446,0.4022079,-0.98762065,False,0.0
4785.5716855,0,0.09970227,-0.13922282,0.038038254,0.44189775,0.32117707,-1.0338229,False,0.0
4785.5916855,0,0.09383005,-0.12560098,0.033786893,0.5047849,0.2459811,-1.0374956,False,0.0
4785.6116855,0,0.09091443,-0.11760464,0.024860442,0.55284923,0.17904365,-1.013467,False,0.0
4785.6316855,0,0.08392158,-0.11834288,0.01469636,0.5851081,0.13076638,-0.9783386,False,0.0
4785.6516855,0,0.07006946,-0.12679037,0.014545977,0.61644304,0.08278586,-0.9174865,False,0.0
4785.6716855,20000000,0.056123883,-0.13512458,0.014341831,0.647778,0.034805343,-0.8566344,False,0.0
4785.6916855,40000000,0.053969383,-0.14664948,0.0068603754,0.6727129,0.012874225,-0.79808575,False,0.0
4785.7116855,0,0.055388093,-0.15687943,0.0015261769,0.68199795,0.019112004,-0.7693822,False,0.0
4785.7316855,0,0.06297803,-0.16419286,-0.0111935735,0.6566176,0.048920043,-0.77717984,False,0.0
4785.7516855,0,0.06649977,-0.1679633,-0.011078179,0.6081827,0.08587301,-0.8124862,False,0.0
4785.7716855,20000000,0.06992379,-0.17165694,-0.011027157,0.5597479,0.12282598,-0.8477925,False,0.0
4785.7916855,0,0.06566125,-0.16766798,-0.008716822,0.5148249,0.14243545,-0.87959737,False,0.0
4785.8116855,0,0.059170067,-0.15865634,-0.021421432,0.45927882,0.13140908,-0.9012026,False,0.0
4785.8316855,20000000,0.060693115,-0.14974625,-0.03940344,0.40668255,0.12580633,-0.8960841,False,0.0
4785.8516855,0,0.05580625,-0.13592628,-0.028074622,0.37484556,0.12934364,-0.87531483,False,0.0
4785.8716855,0,0.04357466,-0.11175892,-0.0061880946,0.34717068,0.13948427,-0.83526415,False,0.0
4785.8916855,20000000,0.03564608,-0.09652433,0.010472953,0.3225117,0.13519184,-0.7832667,False,0.0
4785.9116855,0,0.035696566,-0.09643249,0.01124686,0.29953274,0.13817744,-0.7591231,False,0.0
4785.9316855,20000000,0.03641808,-0.10124868,0.005661547,0.28673276,0.15460925,-0.7649456,False,0.0
4785.9516855,0,0.03364989,-0.101533055,0.00083976984,0.2774189,0.18360235,-0.7966357,False,0.0
4785.9716855,0,0.02449125,-0.09610516,-0.00513494,0.25897586,0.20948228,-0.8390729,False,0.0
4785.9916855,20000000,0.013999701,-0.09363064,-0.0075125694,0.25847682,0.22619498,-0.8917021,False,0.0
4786.0116855,0,0.0048917234,-0.08906554,-0.009367883,0.26839337,0.24774286,-0.9550893,False,0.0
4786.0316855,0,-0.009132892,-0.07719578,-0.010368228,0.28154257,0.27214274,-1.0252002,False,0.0
4786.0516855,20000000,-0.019226134,-0.06605309,-0.018750787,0.28914744,0.28640813,-1.096331,False,0.0
4786.0716855,0,-0.025766015,-0.06435786,-0.027574241,0.30579966,0.34007028,-1.1951241,False,0.0
4786.0916855,20000000,-0.03225854,-0.06268273,-0.03639084,0.32245192,0.39373243,-1.2939174,False,0.0
4786.1116855,40000000,-0.038703263,-0.06102644,-0.04520029,0.33910415,0.44739458,-1.3927106,False,0.0
4786.1316855,0,-0.054785848,-0.05582331,-0.04770249,0.35139084,0.4954435,-1.4966391,False,0.0
4786.1516855,0,-0.075440004,-0.058813795,-0.04215437,0.38078862,0.53542185,-1.6161224,False,0.0
4786.1716855,0,-0.08517304,-0.08003135,-0.04595518,0.43380845,0.5489804,-1.75963,False,0.0
4786.1916855,20000000,-0.08524789,-0.13260774,-0.05875063,0.53089136,0.597455,-1.9801869,False,0.0
4786.2116855,0,-0.102812275,-0.19251162,-0.0653041,0.70512843,0.62644875,-2.310618,False,0.0
4786.2316855,20000000,-0.13494405,-0.23722419,-0.07161987,0.92456675,0.6404364,-2.728804,False,0.0
4786.2516855,0,-0.17160898,-0.27918625,-0.073859155,1.1679575,0.6262851,-3.2090948,False,0.0
4786.2716855,0,-0.20634153,-0.31022486,-0.08750528,1.4270971,0.59656847,-3.7619493,False,0.0
4786.2916855,20000000,-0.25392795,-0.3012176,-0.09137869,1.6407503,0.556284,-4.2936263,False,0.0
4786.3116855,0,-0.28918272,-0.26071304,-0.093696415,1.783621,0.5254506,-4.7194633,False,0.0
4786.3316855,20000000,-0.30372387,-0.20085259,-0.09342635,1.8407317,0.49711367,-5.0228934,False,0.0
4786.3516855,0,-0.29811218,-0.12790486,-0.099108756,1.7932065,0.5124613,-5.1962314,False,0.0
4786.3716855,20000000,-0.3014932,-0.06491034,-0.08455211,1.6336601,0.53990036,-5.2015963,False,0.0
4786.3916855,40000000,-0.3054849,-0.00036136806,-0.07001889,1.4741137,0.56733936,-5.206961,False,0.0
4786.4116855,0,-0.29102403,0.056921527,-0.058427393,1.2899176,0.54719853,-5.0390916,False,0.0
4786.4316855,20000000,-0.246615,0.09698889,-0.056923807,1.0902451,0.5432136,-4.777389,False,0.0
4786.4516855,0,-0.194709,0.12397739,-0.047581673,0.89188135,0.565375,-4.4529514,False,0.0
4786.4716855,0,-0.1573805,0.1594392,-0.037189066,0.7205926,0.57810795,-4.0827494,False,0.0
4786.4916855,0,-0.12904224,0.1809299,-0.01970452,0.5794785,0.554543,-3.6638157,False,0.0
4786.5116855,0,-0.09814271,0.20041548,-0.016502202,0.4508592,0.5385155,-3.2165346,False,0.0
4786.5316855,20000000,-0.06398626,0.21080919,-0.01191479,0.34029862,0.53157216,-2.7611048,False,0.0
4786.5516855,0,-0.030875966,0.20567808,0.0013743639,0.25672254,0.50838774,-2.32264,False,0.0
4786.5716855,20000000,0.0026691407,0.19035275,0.0049262643,0.18034989,0.5078388,-1.9517431,False,0.0
4786.5916855,0,0.012613893,0.1759607,0.015236616,0.11322079,0.48565903,-1.6378357,False,0.0
4786.6116855,0,0.012898192,0.16483407,0.023667157,0.03922482,0.4467085,-1.3545412,False,0.0
4786.6316855,0,0.01991497,0.13159543,0.024899304,-0.0106394775,0.4191807,-1.1134064,False,0.0
4786.6516855,0,0.0171808,0.09765029,0.031885743,-0.022405948,0.39602533,-0.93519205,False,0.0
4786.6716855,0,0.006119013,0.08115095,0.033348918,-0.024593052,0.3435771,-0.7980527,False,0.0
4786.6916855,20000000,-0.005435616,0.0703136,0.039288342,-0.034059368,0.26476562,-0.7126008,False,0.0
4786.7116855,40000000,-0.009378701,0.06686357,0.037523925,-0.064364724,0.18098131,-0.65118986,False,0.0
4786.7316855,0,-0.011710361,0.054944903,0.034107864,-0.07178895,0.1059111,-0.6068643,False,0.0
4786.7516855,0,-0.014290363,0.039752185,0.020691693,-0.049482457,0.07269725,-0.5652584,False,0.0
4786.7716855,20000000,-0.025752276,0.028042912,0.015195191,-0.001732897,0.018501941,-0.5162828,False,0.0
4786.7916855,0,-0.046204224,0.027222186,0.013607085,0.053089302,-0.044037286,-0.45728272,False,0.0
4786.8116855,0,-0.06502209,0.01404348,0.0058444142,0.09125097,-0.11419837,-0.39424637,False,0.0
4786.8316855,20000000,-0.072837286,-0.0134245455,-0.0077847242,0.1180295,-0.1816889,-0.34482583,False,0.0
4786.8516855,0,-0.06633898,-0.061570764,-0.033143878,0.14888912,-0.18207297,-0.37779945,False,0.0
4786.8716855,20000000,-0.06658269,-0.12184928,-0.05492115,0.19128041,-0.12169954,-0.526062,False,0.0
4786.8916855,0,-0.096012995,-0.16232404,-0.05646634,0.27515206,-0.04599438,-0.77900475,False,0.0
4786.9116855,0,-0.13089983,-0.16690572,-0.048234105,0.33815035,-0.056383513,-1.0191419,False,0.0
4786.9316855,20000000,-0.13090326,-0.1522004,-0.051306546,0.37919807,-0.09227744,-1.2245356,False,0.0
4786.9516855,0,-0.1295525,-0.117021814,-0.05865991,0.3835026,-0.069934994,-1.3624804,False,0.0
4786.9716855,0,-0.12614422,-0.08367401,-0.06348461,0.34985092,-0.021543186,-1.3625013,False,0.0
4786.9916855,20000000,-0.12283015,-0.050100595,-0.06833774,0.31619924,0.026848625,-1.362522,False,0.0
4787.0116855,0,-0.11802168,-0.01718244,-0.065309346,0.23091666,0.10233122,-1.2825187,False,0.0
4787.0316855,20000000,-0.12043399,0.0070020556,-0.05138415,0.13819408,0.12648483,-1.1378767,False,0.0
4787.0516855,0,-0.115521684,0.01764816,-0.047665596,0.05532848,0.14532915,-0.97053784,False,0.0
4787.0716855,0,-0.110176496,-0.00019039214,-0.057093978,-0.007269174,0.15719128,-0.7924747,False,0.0
4787.0916855,0,-0.10831408,-0.030321002,-0.06015241,-0.035109177,0.18692674,-0.66836745,False,0.0
4787.1116855,0,-0.09887098,-0.0581131,-0.07389969,-0.038694486,0.23958386,-0.5974251,False,0.0
4787.1316855,20000000,-0.09315122,-0.08495852,-0.07292485,-0.032137975,0.2901238,-0.57511383,False,0.0
4787.1516855,0,-0.08408679,-0.098577276,-0.06633431,-0.03271568,0.3130829,-0.5984102,False,0.0
4787.1716855,0,-0.05893249,-0.09931259,-0.06482029,-0.068691105,0.36385697,-0.6410245,False,0.0
4787.1916855,20000000,-0.039541125,-0.089371786,-0.05777049,-0.13152221,0.4342706,-0.71487284,False,0.0
4787.2116855,0,-0.035808414,-0.08151804,-0.030382574,-0.17676881,0.4445087,-0.7613904,False,0.0
4787.2316855,20000000,-0.015635505,-0.08369106,-0.020781875,-0.18887623,0.48246047,-0.8182467,False,0.0
4787.2516855,0,0.004794784,-0.083246455,-0.0161224,-0.1516535,0.5410729,-0.9033752,False,0.0
4787.2716855,0,0.00011985004,-0.061591208,-0.012629092,-0.10576424,0.5730302,-0.9448748,False,0.0
4787.2916855,20000000,-0.0044753104,-0.040030986,-0.009192586,-0.059874993,0.60498744,-0.9863745,False,0.0
4787.311560458,0,-0.006967601,-0.033320915,-0.018292697,-0.0058037215,0.61468524,-0.9660669,False,0.0
4787.331560458,0,-0.013456285,-0.040275037,-0.024897397,0.03846767,0.60498273,-0.91152203,False,0.0
4787.351560458,0,-0.015869692,-0.053457662,-0.03053093,0.07550912,0.6252025,-0.8756156,False,0.0
4787.371560458,20000000,-0.01825665,-0.066757545,-0.036245048,0.11255058,0.6454222,-0.83970916,False,0.0
4787.391560458,40000000,-0.018308893,-0.076667905,-0.036574244,0.14898261,0.67985356,-0.8368556,False,0.0
4787.411560458,0,-0.015369043,-0.07318576,-0.037768424,0.17511666,0.69028056,-0.8274069,False,0.0
4787.431560458,0,0.008597344,-0.06022054,-0.05707562,0.17623334,0.7045425,-0.83728606,False,0.0
4787.451560458,20000000,0.011402488,-0.02309978,-0.04910463,0.16281332,0.703302,-0.8141534,False,0.0
4787.471560458,0,0.0059708357,0.013013363,-0.023926377,0.16500004,0.6633996,-0.7400277,False,0.0
4787.491560458,0,0.013878658,0.0382967,0.002585411,0.19203885,0.6604921,-0.6521699,False,0.0
4787.511560458,0,0.05078891,0.04512179,0.006361544,0.23778513,0.6733345,-0.5946659,False,0.0
4787.531560458,20000000,0.0793926,0.060438544,0.012572169,0.2627858,0.71446854,-0.5750834,False,0.0
4787.551560458,0,0.08672546,0.07842609,0.03263122,0.24300936,0.6799183,-0.56793255,False,0.0
4787.571560458,20000000,0.09406479,0.0962933,0.052550435,0.22323291,0.645368,-0.5607817,False,0.0
4787.591560458,40000000,0.10046768,0.092811465,0.08013672,0.23106903,0.59770316,-0.5300693,False,0.0
4787.611560458,0,0.090497464,0.077512294,0.11948967,0.28531653,0.49362954,-0.4475877,False,0.0
4787.631560458,0,0.08318275,0.06774303,0.13188589,0.33425605,0.364252,-0.35703275,False,0.0
4787.651560458,20000000,0.07254583,0.066815645,0.12762368,0.33370522,0.21981585,-0.27126712,False,0.0
4787.671560458,0,0.07088712,0.064539075,0.09962678,0.2807268,0.07028273,-0.20450571,False,0.0
4787.691560458,20000000,0.07850695,0.055559516,0.062110722,0.19308867,-0.009766825,-0.16547263,False,0.0
4787.711560458,0,0.06446442,0.049699813,0.060428858,0.13034981,-0.047514785,-0.110434465,False,0.0
4787.731560458,0,0.054852128,0.032477975,0.060279906,0.11664663,-0.055152223,-0.059009712,False,0.0
4787.751560458,0,0.055996448,0.025624603,0.0619359,0.12766558,-0.042635348,-0.024466213,False,0.0
4787.771560458,20000000,0.05714044,0.018771917,0.063589334,0.13868453,-0.030118473,0.01007729,False,0.0
4787.791560458,0,0.0668509,0.011819899,0.074534,0.15340441,0.009631168,0.014334424,False,0.0
4787.811560458,0,0.07044372,0.005277872,0.09398204,0.1806826,0.043235596,0.0013292609,False,0.0
4787.831560458,0,0.07343209,0.0068497956,0.10649216,0.21348211,0.052779924,-0.026202463,False,0.0
4787.851560458,20000000,0.080129355,0.0077991933,0.11556184,0.24369623,0.049228724,-0.06319409,False,0.0
4787.871560458,0,0.08985242,0.014242947,0.11228627,0.27293637,0.0249376,-0.10676418,False,0.0
4787.891560458,20000000,0.09504312,0.027946845,0.11247867,0.30093864,0.0009914469,-0.13699123,False,0.0
4787.911560458,0,0.10831031,0.03853859,0.10275954,0.33540285,-0.03436856,-0.14770064,False,0.0
4787.931560458,20000000,0.121059954,0.04534051,0.08624655,0.3669526,-0.04246228,-0.15246338,False,0.0
4787.951560458,0,0.12007058,0.055429995,0.08115226,0.40317604,-0.058612883,-0.13571922,False,0.0
4787.971560458,0,0.12454611,0.0555055,0.07425392,0.4542946,-0.0918358,-0.1193911,False,0.0
4787.991560458,20000000,0.14295813,0.067561224,0.040903687,0.4964183,-0.13995549,-0.12899795,False,0.0
4788.011560458,0,0.16412601,0.12131643,-0.014540195,0.47655797,-0.17153427,-0.11671371,False,0.0
4788.031560458,0,0.18149912,0.18205021,-0.06702328,0.4268604,-0.23469695,0.0120903775,False,0.0
4788.051560458,0,0.20305446,0.19694398,-0.10912144,0.4302647,-0.28694367,0.24554074,False,0.0
4788.071560458,0,0.20778245,0.19347191,-0.13599753,0.4998318,-0.28941834,0.5559184,False,0.0
4788.091560458,0,0.1716744,0.19159941,-0.1383375,0.5790431,-0.35159275,0.94618475,False,0.0
4788.111560458,0,0.16182524,0.16826038,-0.1999737,0.5920029,-0.3951605,1.3170596,False,0.0
4788.131560458,20000000,0.17738771,0.107935145,-0.31283468,0.5191037,-0.37161162,1.6162269,False,0.0
4788.151560458,0,0.06150809,0.087883286,-0.22554278,0.44079554,-0.29993314,1.8522378,False,0.0
4788.171560458,20000000,-0.05369386,0.067832164,-0.13840091,0.3624874,-0.22825465,2.0882487,False,0.0
4788.191560458,40000000,-0.14000347,0.040200412,-0.084509194,0.29626378,-0.12920891,2.1898196,False,0.0
4788.211560458,0,-0.23803294,0.03078213,-0.007409215,0.23464264,-0.15485132,2.2248375,False,0.0
4788.231560458,20000000,-0.24879982,-0.010657549,-0.03304404,0.14467913,-0.080579095,2.0982327,False,0.0
4788.251560458,0,-0.30248088,-0.010355707,0.018644452,0.058787562,-0.14475036,1.97306,False,0.0
4788.271560458,0,-0.2973877,-0.006419815,0.036860406,-0.02895362,-0.26323354,1.7738761,False,0.0
4788.291560458,20000000,-0.29198867,-0.0026561785,0.055054545,-0.116694815,-0.38171673,1.5746921,False,0.0
4788.311560458,0,-0.2741769,0.0022922223,0.06979513,-0.16775188,-0.49216512,1.3636074,False,0.0
4788.331560458,20000000,-0.227197,-0.017817067,0.073498845,-0.13949221,-0.5253743,1.1590157,False,0.0
4788.351560458,0,-0.17719783,-0.04410226,0.08040744,-0.005070165,-0.43868265,0.9758044,False,0.0
4788.371560458,0,-0.14882454,-0.053249646,0.08900863,0.18996881,-0.28575295,0.82619315,False,0.0
4788.391560458,20000000,-0.1480346,-0.031575356,0.09121144,0.34181148,-0.1254524,0.73424375,False,0.0
4788.411560458,0,-0.15442482,-0.00030972064,0.101251006,0.41372487,-0.019374818,0.7217638,False,0.0
4788.431560458,0,-0.15061806,0.021950442,0.0958516,0.4108183,0.05629596,0.7712177,False,0.0
4788.451560458,0,-0.14417902,0.04814992,0.079942405,0.3399784,0.14205793,0.89321613,False,0.0
4788.471560458,0,-0.1335381,0.052253813,0.06862283,0.24364448,0.24166672,1.0729386,False,0.0
4788.491560458,20000000,-0.13010861,0.023387205,0.05974841,0.13591643,0.3401088,1.2355947,False,0.0
4788.511560458,0,-0.13411227,-0.020319566,0.05725348,0.055796392,0.41498017,1.327688,False,0.0
4788.531560458,20000000,-0.15063585,-0.058216438,0.07046801,0.0070965104,0.43515408,1.3317921,False,0.0
4788.551560458,0,-0.17013362,-0.07964953,0.07302165,-0.024754733,0.41433418,1.2737627,False,0.0
4788.571560458,0,-0.17941257,-0.09092197,0.04525143,-0.047971465,0.32415244,1.201696,False,0.0
4788.591560458,0,-0.15832993,-0.10441099,-0.018258393,-0.056911245,0.2409888,1.1573035,False,0.0
4788.611560458,0,-0.12489468,-0.119023494,-0.084398985,-0.046989575,0.20483294,1.1167967,False,0.0
4788.631560458,20000000,-0.090421915,-0.12895638,-0.1676876,-0.042037457,0.2073468,1.0941917,False,0.0
4788.651560458,0,-0.0886755,-0.12857461,-0.17820847,-0.032501586,0.26891887,1.0560393,False,0.0
4788.671560458,0,-0.10084839,-0.11396445,-0.15632558,-0.006684413,0.264213,1.0463489,False,0.0
4788.691560458,0,-0.07503849,-0.10907693,-0.17325914,0.018258948,0.22911604,1.0149965,False,0.0
4788.711560458,0,-0.027545184,-0.10993747,-0.26854396,-0.004838137,0.16762696,0.9607401,False,0.0
4788.731560458,20000000,0.045761853,-0.15042894,-0.3858608,-0.07574665,0.29213268,0.8869561,False,0.0
4788.751560458,0,0.03375736,-0.1386057,-0.23300493,-0.0051521957,0.36632288,0.73498243,False,0.0
4788.771560458,20000000,0.021821111,-0.1266958,-0.08019608,0.065442264,0.44051304,0.5830087,False,0.0
4788.791560458,40000000,0.048608094,-0.12018503,0.01159507,0.18294181,0.52219087,0.35450953,False,0.0
4788.811560458,0,0.0969581,-0.13210785,-0.006344855,0.3014712,0.63893723,0.06747255,False,0.0
4788.831560458,0,0.1198802,-0.11973846,0.014151514,0.41539514,0.7873649,-0.26320788,False,0.0
4788.851560458,20000000,0.0881564,-0.06430577,0.07748598,0.48604637,0.87108,-0.5476078,False,0.0
4788.871560458,0,0.023976356,-0.041603565,0.1430195,0.56523895,0.721026,-0.59926164,False,0.0
4788.891560458,20000000,-0.040174216,-0.01919268,0.20823789,0.64443153,0.5709721,-0.6509155,False,0.0
4788.911560458,40000000,-0.05655226,-0.03402719,0.23519754,0.7919446,0.34393525,-0.62264156,False,0.0
4788.931560458,0,-0.05484724,-0.032759055,0.23691344,0.9383397,0.15757367,-0.60617805,False,0.0
4788.951560458,0,-0.030093223,-0.022552222,0.19412583,1.0123459,0.0017524362,-0.6295096,False,0.0
4788.971560458,20000000,-0.0019579232,-0.0084222555,0.14694124,0.9933232,-0.06602851,-0.70510614,False,0.0
4788.991560458,0,0.015103102,0.0031431168,0.11842418,0.9153037,-0.09297619,-0.8006566,False,0.0
4789.011560458,0,0.022127837,-0.0022764206,0.09654051,0.81393516,-0.068358555,-0.91317636,False,0.0
4789.031560458,20000000,0.011826187,-0.011622578,0.09654546,0.7375394,-0.057423662,-1.0224559,False,0.0
4789.051560458,0,-0.0030910075,-0.020367637,0.09670836,0.6970856,-0.06886213,-1.1204234,False,0.0
4789.071560458,20000000,-0.018089205,-0.029252678,0.09682959,0.6566319,-0.08030061,-1.218391,False,0.0
4789.091560458,40000000,-0.024893373,-0.035038173,0.101555645,0.63746285,-0.12584937,-1.3165507,False,0.0
4789.111560458,0,-0.021102041,-0.043734193,0.062595785,0.59891385,-0.21184337,-1.4018842,False,0.0
4789.131560458,20000000,0.0019391477,-0.073044404,0.00045996904,0.57305783,-0.27650395,-1.4939895,False,0.0
4789.151560458,0,0.025322646,-0.103318155,-0.07650131,0.5693728,-0.3690161,-1.5838952,False,0.0
4789.171560458,20000000,0.06658563,-0.1421266,-0.15999717,0.5958708,-0.34450206,-1.6894491,False,0.0
4789.191560458,0,0.07576537,-0.15735875,-0.16808921,0.6738471,-0.26353022,-1.7830839,False,0.0
4789.211560458,0,0.05543554,-0.1292184,-0.16720855,0.7486199,-0.18489929,-1.8794699,False,0.0
4789.231560458,0,0.017251372,-0.07844795,-0.18307692,0.7519939,-0.21054137,-1.9094832,False,0.0
4789.251560458,0,0.07142544,-0.1067581,-0.35650855,0.66439646,-0.30713674,-1.9348973,False,0.0
4789.271560458,20000000,0.016210765,-0.11193444,-0.2616043,0.69216037,0.20792869,-2.11077,False,0.0
4789.291560458,0,-0.23308438,0.021920487,0.083259225,0.8245645,0.09213482,-2.0015726,False,0.0
4789.311560458,0,-0.2509527,0.05888325,0.029878914,0.86673504,-0.25504613,-1.8077375,False,0.0
4789.331560458,20000000,-0.23418215,0.06886901,-0.07281613,0.81347144,-0.2871866,-1.696682,False,0.0
4789.351560458,0,-0.21084572,0.06049095,-0.18568718,0.6685287,-0.33539402,-1.5981174,False,0.0
4789.371560458,0,-0.19241175,0.07050808,-0.20861542,0.46892378,-0.32298782,-1.5267915,False,0.0
4789.391560458,20000000,-0.17379427,0.08052822,-0.23148721,0.26931888,-0.31058162,-1.4554656,False,0.0
4789.411560458,0,-0.18616429,0.09412777,-0.1755895,0.1172194,-0.1886304,-1.3806757,False,0.0
4789.431560458,0,-0.23162492,0.12404147,-0.078143835,0.039238565,-0.1402142,-1.2394624,False,0.0
4789.451560458,0,-0.23047242,0.14567697,-0.028060853,-0.040387258,-0.03533282,-1.1210463,False,0.0
4789.471560458,20000000,-0.23291025,0.13594644,0.042368054,-0.06055899,0.11681377,-1.0209625,False,0.0
4789.491560458,0,-0.21922034,0.08282639,0.09274304,0.028470725,0.27325946,-0.90368986,False,0.0
4789.511560458,0,-0.18752861,0.010686964,0.12722957,0.23727225,0.4394106,-0.77638966,False,0.0
4789.531560458,20000000,-0.14958861,-0.045634538,0.1466456,0.5067348,0.62733847,-0.6733394,False,0.0
4789.551560458,0,-0.11956155,-0.029023662,0.15878505,0.6935863,0.75583506,-0.6307303,False,0.0
4789.571560458,20000000,-0.08945522,-0.012745962,0.17060244,0.88043773,0.8843317,-0.5881211,False,0.0
4789.591560458,0,-0.06586227,0.03597845,0.13571501,0.76099753,0.8275925,-0.51171285,False,0.0
4789.611560458,20000000,-0.042149484,0.084348455,0.10043836,0.6415573,0.7708533,-0.43530455,False,0.0
4789.631560458,40000000,-0.04333687,0.08570121,0.0676682,0.44329628,0.5867123,-0.23575829,False,0.0
4789.6515495,0,-0.0031432484,0.022182435,-0.01767759,0.31590128,0.35173237,0.022555592,False,0.0
4789.6715495,20000000,0.049022377,-0.024442703,-0.1314758,0.24949022,0.24736631,0.20804046,False,0.0
4789.6915495,0,0.043513715,-0.03128335,-0.16969687,0.16474402,0.18749656,0.36510745,False,0.0
4789.7115495,0,0.025927722,-0.019740462,-0.1749562,0.05808276,0.10006087,0.5163213,False,0.0
4789.7315495,0,0.06788856,-0.033452123,-0.23777503,-0.07079698,-0.029289626,0.6507185,False,0.0
4789.7515495,20000000,0.16505182,-0.10108465,-0.35684472,-0.17834182,0.21191719,0.56843144,False,0.0
4789.7715495,0,0.040777206,-0.03482297,-0.16420203,-0.21209595,0.349877,0.5135025,False,0.0
4789.7915495,0,-0.029546916,0.028150141,-0.015897036,-0.2186866,0.12126516,0.5971532,False,0.0
4789.8115495,0,0.047328472,0.016508535,-0.054334223,-0.23053537,0.21112195,0.4641838,False,0.0
4789.8315495,0,0.09250772,0.027547225,-0.05893737,-0.27166706,0.3721484,0.23754792,False,0.0
4789.8515495,20000000,0.10054487,0.06601149,-0.047631383,-0.36556646,0.47436753,-0.010061383,False,0.0
4789.8715495,0,0.069565475,0.1055355,0.00040870905,-0.48266324,0.48834524,-0.20475323,False,0.0
4789.8915495,20000000,-0.0027593374,0.12958214,0.09632295,-0.54952073,0.3785253,-0.2784022,False,0.0
4789.9115495,0,-0.06741482,0.118939295,0.19274467,-0.48281375,0.114895254,-0.21842526,False,0.0
4789.9315495,0,-0.081698954,0.08717869,0.23480117,-0.29678836,-0.13391808,-0.119898625,False,0.0
4789.9515495,20000000,-0.06879848,0.06268682,0.22570032,-0.092332065,-0.3052492,-0.023000434,False,0.0
4789.9715495,0,-0.059883118,0.050729573,0.19668925,0.06410411,-0.40785784,0.046989918,False,0.0
4790.0115495,0,-0.061721683,0.026071966,0.12986732,0.20084167,-0.5524921,0.1943954,False,0.0
4790.0315495,0,-0.06258476,0.008971572,0.11572254,0.22650433,-0.5919335,0.2635758,False,0.0
4790.0515495,0,-0.044685483,-0.012881264,0.08515495,0.23253924,-0.58485425,0.29682946,False,0.0
4790.0715495,0,-0.035024524,-0.023292124,0.06461209,0.21639167,-0.52795815,0.29166958,False,0.0
4790.0915495,0,-0.029025137,-0.031753734,0.051906705,0.18510294,-0.48218283,0.27302828,False,0.0
4790.1115495,20000000,0.0008543134,-0.047831297,0.026076853,0.15859614,-0.4672109,0.25213355,False,0.0
4790.1315495,0,0.07649475,-0.08222911,-0.041794598,0.1419381,-0.32850486,0.12596749,False,0.0
4790.1515495,0,0.09708774,-0.059238955,-0.05178988,0.115973756,-0.21252316,0.003990665,False,0.0
4790.1715495,0,0.07595444,-0.0033088177,-0.041402698,0.06001691,-0.14252043,-0.03458541,False,0.0
4790.1915495,0,0.04426354,0.050966114,-0.048141062,-0.012143534,-0.15564024,0.09417904,False,0.0
4790.2115495,0,0.06368762,0.066520914,-0.1432476,-0.09021591,-0.3934623,0.45121673,False,0.0
4790.2315495,20000000,0.26939374,-0.0684163,-0.5231588,-0.21387893,0.08592239,0.5209595,False,0.0
4790.2515495,0,0.10126728,0.023873925,-0.35804087,-0.34580016,0.012315363,0.9216925,False,0.0
4790.2715495,20000000,-0.06679103,0.116124466,-0.19289196,-0.47772142,-0.061291665,1.3224255,False,0.0
4790.2915495,40000000,-0.14376462,0.15801063,-0.11581761,-0.61873263,-0.028661769,1.5832887,False,0.0
4790.3115495,0,-0.17596537,0.14551175,-0.15089518,-0.7601352,0.024284948,1.7438906,False,0.0
4790.3315495,0,-0.19835299,0.11469948,-0.19562328,-0.8835089,0.065258875,1.8371603,False,0.0
4790.3515495,0,-0.20472836,0.08550544,-0.22364682,-0.9692245,0.10492253,1.8917259,False,0.0
4790.3715495,0,-0.20955166,0.06293757,-0.21012384,-0.9987999,0.24112329,1.8684732,False,0.0
4790.3915495,20000000,-0.23660073,0.07148105,-0.13180184,-0.97605485,0.34685528,1.8326372,False,0.0
4790.4115495,0,-0.23022495,0.06516661,-0.067208886,-0.93145436,0.44243103,1.7356076,False,0.0
4790.4315495,20000000,-0.20800921,0.056411564,-0.0028838515,-0.86644864,0.5574199,1.5627779,False,0.0
4790.4515495,0,-0.18999377,0.03352022,0.053599298,-0.7660312,0.64575374,1.3540627,False,0.0
4790.4715495,0,-0.1891984,0.010152116,0.08559352,-0.6285004,0.68209183,1.1687082,False,0.0
4790.4915495,20000000,-0.20191202,-7.134676e-05,0.0979923,-0.47442865,0.6925575,1.0401504,False,0.0
4790.5115495,0,-0.22270808,0.024411783,0.10500234,-0.33131656,0.61905146,0.9977632,False,0.0
4790.5315495,0,-0.24200027,0.075388566,0.096167564,-0.2473658,0.48848915,1.06057,False,0.0
4790.5515495,0,-0.23392394,0.11157934,0.060501933,-0.23549949,0.38892213,1.18465,False,0.0
4790.5715495,0,-0.22567046,0.13191211,0.017701268,-0.27587807,0.28045788,1.3350168,False,0.0
4790.5915495,20000000,-0.20013157,0.13770264,-0.045797348,-0.3611734,0.16870502,1.4575055,False,0.0
4790.6115495,0,-0.15517426,0.13506082,-0.12871951,-0.4869663,0.101156585,1.5027525,False,0.0
4790.6315495,20000000,-0.109242916,0.1317981,-0.2152121,-0.6404978,0.13654073,1.4585973,False,0.0
4790.6515495,0,-0.07426253,0.102879226,-0.2941606,-0.7877857,0.20306355,1.3856661,False,0.0
4790.6715495,0,-0.08975503,0.10535906,-0.25643605,-0.86417454,0.3113745,1.279756,False,0.0
4790.6915495,20000000,-0.10836545,0.11659047,-0.18544489,-0.8568096,0.36330998,1.2101448,False,0.0
4790.7115495,0,-0.09420404,0.092499256,-0.17119962,-0.7659947,0.20184822,1.2330188,False,0.0
4790.7315495,0,0.0711166,-0.08470106,-0.39505756,-0.6663294,0.53596693,0.98365813,False,0.0
4790.7515495,0,0.0117788315,-0.026952803,-0.14071834,-0.4747982,0.46332344,0.87732726,False,0.0
4790.7715495,0,-0.01675126,0.017325044,-0.06331205,-0.29336575,0.25048375,0.8213019,False,0.0
4790.7915495,20000000,0.021271646,0.0017397702,-0.062429667,-0.16383466,0.20880279,0.7052894,False,0.0
4790.8115495,0,0.0888032,-0.07253826,-0.09447557,-0.00048726797,0.24406329,0.51047873,False,0.0
4790.8315495,0,0.12497869,-0.088957846,-0.076998234,0.17577334,0.30722314,0.27569088,False,0.0
4790.8515495,20000000,0.12835023,-0.0739243,-0.062234342,0.28709248,0.39028555,0.0020668209,False,0.0
4790.8715495,0,0.11199775,-0.017423213,-0.011069357,0.31555352,0.5004266,-0.3082083,False,0.0
4790.8915495,20000000,0.048872918,0.0657402,0.06388444,0.27181655,0.49975753,-0.5611404,False,0.0
4790.9115495,0,-0.026777864,0.12986526,0.109219134,0.17942742,0.33553207,-0.6550242,False,0.0
4790.9315495,0,-0.06706861,0.13117677,0.08888757,0.12070781,0.14387639,-0.66799486,False,0.0
4790.9515495,0,-0.10113776,0.10099287,0.055088818,0.13521042,0.0072268844,-0.66803306,False,0.0
4790.9715495,20000000,-0.13297081,0.073416725,0.031541824,0.21265972,-0.05639486,-0.70348066,False,0.0
4790.9915495,0,-0.17210409,0.07018472,0.03571844,0.30884334,-0.11526484,-0.7629162,False,0.0
4791.0115495,0,-0.17957154,0.06777324,0.025898278,0.38800842,-0.15786049,-0.8566255,False,0.0
4791.0315495,0,-0.16223323,0.062082395,0.019784927,0.44947678,-0.15106882,-0.9995669,False,0.0
4791.0515495,0,-0.13903695,0.06732915,0.029893637,0.48912144,-0.10632005,-1.1719056,False,0.0
4791.0715495,20000000,-0.12621295,0.078286305,0.037295043,0.5037044,-0.11518463,-1.3004049,False,0.0
4791.0915495,0,-0.08526495,0.05434932,-0.025149584,0.48569104,-0.1575367,-1.3555862,False,0.0
4791.1115495,0,-0.060857892,0.030095309,-0.024077296,0.5243371,-0.17659782,-1.3751644,False,0.0
4791.1315495,20000000,-0.031109631,-0.0129160285,-0.07358289,0.5825249,-0.23604377,-1.3276795,False,0.0
4791.1515495,0,-0.01822555,-0.038513064,-0.05480796,0.7056489,-0.27601475,-1.2999979,False,0.0
4791.1715495,20000000,-0.0052782297,-0.06417742,-0.035983384,0.8287729,-0.31598574,-1.2723162,False,0.0
4791.1915495,40000000,0.005539298,-0.07014021,-0.032017052,0.9156417,-0.38253385,-1.294452,False,0.0
4791.2115495,0,0.06643444,-0.13388184,-0.21003515,0.9190762,-0.68103313,-1.2911276,False,0.0
4791.2315495,0,0.12336141,-0.20985651,-0.30265033,0.8857543,-0.20521247,-1.6875968,False,0.0
4791.2515495,0,-0.06280464,-0.05353424,-0.07305324,0.904629,-0.48558715,-1.7800598,False,0.0
4791.2715495,0,-0.14822519,0.062351674,-0.059159994,0.8004371,-0.7174319,-1.858083,False,0.0
4791.2915495,0,-0.1965313,0.13395646,-0.06446093,0.6470844,-0.9925747,-1.8822441,False,0.0
4791.3115495,0,-0.18879938,0.14219159,-0.15638548,0.49984306,-1.0534086,-1.9462466,False,0.0
4791.3315495,20000000,-0.18409121,0.15388462,-0.20410901,0.41399246,-1.0079931,-1.9860047,False,0.0
4791.3515495,0,-0.15424049,0.15782331,-0.2854545,0.35702395,-0.8256648,-1.991765,False,0.0
4791.3715495,0,-0.1623582,0.1899458,-0.27177095,0.3308593,-0.54721963,-1.956321,False,0.0
4791.3915495,0,-0.1850059,0.22158283,-0.17508376,0.35845163,-0.3003245,-1.873114,False,0.0
4791.4115495,0,-0.18186525,0.21909913,-0.10136026,0.43278524,-0.099840075,-1.7901456,False,0.0
4791.4315495,0,-0.18044448,0.20423064,-0.030462801,0.5443236,0.07948381,-1.7429419,False,0.0
4791.4515495,0,-0.1914407,0.18852215,0.019804955,0.64487964,0.15342396,-1.692915,False,0.0
4791.4715495,0,-0.19996706,0.1768689,0.055291414,0.70568,0.14780864,-1.6243622,False,0.0
4791.5115495,0,-0.18884829,0.14544563,0.051606953,0.73027873,0.028724864,-1.4163451,False,0.0
4791.5315495,20000000,-0.18572593,0.15214373,0.032081783,0.6881554,-0.03387946,-1.2809333,False,0.0
4791.5515495,0,-0.18206468,0.17184332,0.010741949,0.5976425,-0.095029116,-1.0944812,False,0.0
4791.5715495,20000000,-0.15882286,0.17176667,-0.022838831,0.47845346,-0.11812246,-0.9224442,False,0.0
4791.5915495,0,-0.1356925,0.16834606,-0.03972763,0.36989436,-0.1015857,-0.78672975,False,0.0
4791.6115495,0,-0.10755876,0.17782894,-0.08889055,0.24744561,-0.117689505,-0.64137423,False,0.0
4791.6315495,0,-0.07014188,0.18319416,-0.13573062,0.09787737,-0.061987594,-0.5265515,False,0.0
4791.6515495,0,-0.03074634,0.17570409,-0.21025944,-0.049382925,-0.08475739,-0.40088752,False,0.0
4791.6715495,20000000,-0.03939724,0.16705838,-0.16538501,-0.10253994,0.027608052,-0.32329425,False,0.0
4791.6915495,0,-0.06970972,0.16472435,-0.09925449,-0.032914817,0.0026801322,-0.18369678,False,0.0
4791.7115495,0,-0.05404961,0.14957383,-0.052421033,0.12631421,-0.09502754,-0.059825495,False,0.0
4791.7315495,20000000,0.06003785,0.072092414,-0.2992072,0.15017746,-0.20228758,0.03238889,False,0.0
4791.7515495,0,-0.04034716,0.10565833,0.1413942,0.39766717,0.116437584,-0.0959489,False,0.0
4791.7715495,0,0.019481719,0.02065266,-0.03455311,0.4819484,-0.02978599,-0.050156523,False,0.0
4791.7915495,20000000,0.079315305,-0.06434491,-0.21060997,0.56622964,-0.17600958,-0.0043641515,False,0.0
4791.8115495,0,0.11018968,-0.13603684,-0.124215126,0.67357194,-0.17896535,-0.14304401,False,0.0
4791.8315495,0,0.13532627,-0.13174297,-0.119598806,0.6998793,-0.0050165206,-0.42608422,False,0.0
4791.8515495,20000000,0.122633755,-0.0895756,-0.120949864,0.61922514,0.12601763,-0.7203633,False,0.0
4791.8715495,0,0.0780499,-0.038688526,-0.0655933,0.5234635,0.22096162,-0.9856539,False,0.0
4791.8915495,0,0.00730294,0.036132216,0.035054862,0.4559805,0.20197438,-1.1224368,False,0.0
4791.9115495,0,-0.068946004,0.08398621,0.10753864,0.42836994,0.1362625,-1.1448108,False,0.0
4791.9315495,0,-0.13633496,0.10574948,0.13032025,0.43777174,-0.089677766,-1.0113044,False,0.0
4791.9515495,20000000,-0.15156287,0.0922239,0.10471928,0.4585653,-0.28851712,-0.8328147,False,0.0
4791.9715495,0,-0.14221913,0.07223669,0.069978,0.49561107,-0.41257536,-0.65028894,False,0.0
4791.991535708,0,-0.15031387,0.06536109,0.055497695,0.5186695,-0.46358928,-0.47639367,False,0.0
4792.011535708,0,-0.15667558,0.049473174,0.040200055,0.49147686,-0.47012118,-0.33561668,False,0.0
4792.031535708,0,-0.14071172,0.029711403,0.012414515,0.44563276,-0.43477947,-0.3081433,False,0.0
4792.051535708,20000000,-0.124741584,0.01000388,-0.015461445,0.39978868,-0.39943776,-0.2806699,False,0.0
4792.071535708,40000000,-0.10876635,-0.009650081,-0.04342878,0.35394457,-0.36409605,-0.2531965,False,0.0
4792.091535708,60000000,-0.063675016,-0.04099174,-0.111041844,0.27423579,-0.264796,-0.32148156,False,0.0
4792.111535708,0,-0.04252267,-0.05303675,-0.12928015,0.19699007,-0.19812834,-0.422936,False,0.0
4792.131535708,20000000,-0.02840361,-0.0548905,-0.14646631,0.12938942,-0.14202777,-0.5287998,False,0.0
4792.151535708,0,-0.03203696,-0.04781413,-0.10952139,0.11593167,-0.12578328,-0.6129493,False,0.0
4792.171535708,0,-0.0239034,-0.056450903,-0.08703244,0.1762959,-0.13945158,-0.68529344,False,0.0
4792.191535708,0,0.017146587,-0.10075362,-0.1643036,0.28552017,-0.2850508,-0.7249677,False,0.0
4792.211535708,0,0.10698706,-0.19465017,-0.33680344,0.38962922,-0.15382686,-0.90076154,False,0.0
4792.231535708,0,0.019329429,-0.16215464,-0.17310691,0.58134055,-0.0555263,-1.1138291,False,0.0
4792.251535708,0,-0.11248985,-0.05560091,0.0048846602,0.71695787,-0.09050544,-1.3062549,False,0.0
4792.271535708,0,-0.24101442,0.07299988,0.12940538,0.73897815,-0.41425776,-1.348247,False,0.0
4792.291535708,20000000,-0.24871615,0.09156093,0.037952483,0.6391684,-0.7649903,-1.3418348,False,0.0
4792.311535708,0,-0.2030175,0.036682546,-0.06548923,0.55135,-0.86574024,-1.4026152,False,0.0
4792.331535708,0,-0.20976818,0.04266277,-0.07099533,0.5506483,-0.7332421,-1.4984639,False,0.0
4792.351535708,20000000,-0.21625695,0.048983,-0.07656765,0.54994655,-0.60074395,-1.5943125,False,0.0
4792.371535708,40000000,-0.22249556,0.055650484,-0.08221364,0.5492448,-0.46824583,-1.6901612,False,0.0
4792.391535708,60000000,-0.25197026,0.07277504,-0.045439363,0.5747201,-0.37895283,-1.7074924,False,0.0
4792.411535708,0,-0.2551655,0.0699473,-0.021303535,0.6240094,-0.28605792,-1.6990435,False,0.0
4792.431535708,0,-0.25061962,0.067912534,-0.00288862,0.66673166,-0.20992318,-1.6806154,False,0.0
4792.451535708,20000000,-0.23934856,0.07367677,0.0017667413,0.67275053,-0.16987157,-1.6450663,False,0.0
4792.471535708,0,-0.224478,0.0860067,-0.00061535835,0.6321967,-0.14254153,-1.6034734,False,0.0
4792.491535708,20000000,-0.20956084,0.10302348,-0.010799885,0.5594069,-0.1105445,-1.5614437,False,0.0
4792.511535708,0,-0.19782716,0.12271115,-0.025325656,0.4548155,-0.09034677,-1.5182201,False,0.0
4792.531535708,20000000,-0.19628513,0.14446837,-0.023007631,0.34786075,-0.064423926,-1.4810247,False,0.0
4792.551535708,0,-0.19752583,0.16369565,-0.019591093,0.25693995,-0.06404001,-1.4352584,False,0.0
4792.571535708,20000000,-0.1912755,0.17683989,-0.02409321,0.20881237,-0.067682594,-1.3718145,False,0.0
4792.591535708,0,-0.17538154,0.17855129,-0.05150342,0.21160385,-0.07635547,-1.2786906,False,0.0
4792.611535708,0,-0.15334123,0.16753998,-0.10145724,0.26297802,-0.08096281,-1.160884,False,0.0
4792.631535708,0,-0.146867,0.15498412,-0.12803566,0.35991272,-0.049874716,-1.0254976,False,0.0
4792.651535708,0,-0.12735221,0.12880826,-0.18678755,0.46243787,-0.29631412,-0.7716189,False,0.0
4792.671535708,20000000,-0.10785654,0.1026725,-0.24555784,0.56496304,-0.5427535,-0.51774025,False,0.0
4792.691535708,40000000,0.038362682,-0.033766117,-0.37996626,0.6099744,0.033848584,-0.67084926,False,0.0
4792.711535708,0,0.08079773,-0.079126015,-0.3653639,0.6434132,0.15668869,-0.7733051,False,0.0
4792.731535708,20000000,0.025371999,-0.023055319,-0.20685798,0.6477261,0.13861057,-0.8508372,False,0.0
4792.751535708,0,0.010111034,0.021224301,-0.103278875,0.5850112,0.2519185,-0.9618675,False,0.0
4792.771535708,0,-0.021068394,0.0709923,0.004588723,0.5407708,0.106610924,-0.93305504,False,0.0
4792.791535708,20000000,-0.029569805,0.08524456,0.057300866,0.5330654,-3.20822e-05,-0.8609987,False,0.0
4792.811535708,0,0.010466993,0.058871143,0.012840271,0.51592845,-0.0061499146,-0.8192641,False,0.0
4792.831535708,20000000,0.01100266,0.057483412,0.03205943,0.4949237,0.016562179,-0.7968026,False,0.0
4792.851535708,0,0.0008017123,0.05370769,0.05316162,0.46701783,0.016875401,-0.7794311,False,0.0
4792.871535708,0,-0.014801085,0.030567985,0.064554155,0.4615442,-0.026915211,-0.7773899,False,0.0
4792.891535708,20000000,-0.03986296,0.005447518,0.06943864,0.4714291,-0.11179949,-0.7756945,False,0.0
4792.911535708,0,-0.06687406,-0.0110611245,0.072464466,0.49358538,-0.21205956,-0.7566638,False,0.0
4792.931535708,0,-0.08260971,-0.011867281,0.06288713,0.50798863,-0.31408954,-0.72607946,False,0.0
4792.951535708,20000000,-0.09351781,0.0004734099,0.051734507,0.48153597,-0.39317906,-0.6840098,False,0.0
4792.971535708,0,-0.10255626,0.005836144,0.0317446,0.42074344,-0.40760362,-0.64151216,False,0.0
4792.991535708,0,-0.11623749,0.008034531,0.023193002,0.36457705,-0.42674324,-0.57960725,False,0.0
4793.011535708,0,-0.11458519,-0.0017236546,-0.0007286668,0.3241238,-0.4188158,-0.52049536,False,0.0
4793.031535708,20000000,-0.096714914,-0.027816534,-0.03708577,0.3055433,-0.35760614,-0.5034279,False,0.0
4793.051535708,0,-0.08662781,-0.044051923,-0.057397664,0.30325523,-0.27214208,-0.53319687,False,0.0
4793.071535708,0,-0.0780963,-0.055262133,-0.06451756,0.30250347,-0.17547353,-0.60522026,False,0.0
4793.091535708,20000000,-0.059526563,-0.07057528,-0.07275087,0.30975616,-0.13334812,-0.6910538,False,0.0
4793.111535708,0,-0.030892938,-0.08950394,-0.08761829,0.33250955,-0.06505786,-0.81517196,False,0.0
4793.131535708,20000000,-0.01153487,-0.091519244,-0.08691329,0.3640777,-0.05216837,-0.9212884,False,0.0
4793.151535708,0,0.01864183,-0.08894063,-0.096681476,0.39649597,-0.038481273,-1.0094914,False,0.0
4793.171535708,0,0.0458875,-0.09038321,-0.069710314,0.46829045,-0.001587458,-1.1044227,False,0.0
4793.191535708,20000000,0.073434085,-0.08724876,-0.04677123,0.56448483,0.08450916,-1.2264236,False,0.0
4793.211535708,0,0.06799036,-0.06415424,-0.0344916,0.66142994,0.0008428246,-1.273831,False,0.0
4793.231535708,0,0.111581564,-0.09185784,-0.14569414,0.68895155,0.15394577,-1.4100908,False,0.0
4793.251535708,20000000,-0.009964377,-0.00017637014,0.042811215,0.7598078,-0.03807795,-1.371398,False,0.0
4793.271535708,0,-0.08561191,0.057826187,0.11939442,0.80360794,-0.1674487,-1.3226181,False,0.0
4793.291535708,20000000,-0.17321238,0.104349524,0.17581922,0.84151876,-0.46584585,-1.1669984,False,0.0
4793.311535708,0,-0.17114723,0.06921741,0.06866878,0.8490565,-0.7172185,-1.0044148,False,0.0
4793.331535708,20000000,-0.15180707,0.018668525,-0.01507771,0.85606736,-0.8051411,-0.93466747,False,0.0
4793.351535708,0,-0.13686946,0.010096423,-0.076262414,0.8179694,-0.83778095,-0.9302343,False,0.0
4793.371535708,0,-0.12609304,0.022709705,-0.114267945,0.69929343,-0.71283776,-1.013652,False,0.0
4793.391535708,20000000,-0.115370885,0.035599813,-0.15250415,0.5806175,-0.58789456,-1.0970697,False,0.0
4793.411535708,40000000,-0.10990822,0.044795275,-0.14051056,0.48230714,-0.43964547,-1.1316726,False,0.0
4793.431535708,0,-0.10678896,0.062056743,-0.08671129,0.43309784,-0.27599788,-1.0974672,False,0.0
4793.451535708,0,-0.105196014,0.082977824,-0.02208811,0.41336688,-0.13950275,-0.97365355,False,0.0
4793.471535708,0,-0.087096095,0.08180161,0.02132082,0.41854843,-0.02260644,-0.8111102,False,0.0
4793.491535708,20000000,-0.06412417,0.06690882,0.04691851,0.42311972,0.06999782,-0.6482521,False,0.0
4793.511535708,0,-0.047393024,0.04808575,0.071119845,0.41509914,0.1504363,-0.50449187,False,0.0
4793.531535708,0,-0.04314208,0.031262137,0.091573656,0.40115282,0.16250041,-0.3786037,False,0.0
4793.551535708,20000000,-0.030919671,0.016666882,0.09385967,0.36006135,0.16498923,-0.2827247,False,0.0
4793.571535708,0,-0.018913805,0.008339569,0.09761602,0.30376413,0.15567335,-0.21123143,False,0.0
4793.591535708,20000000,-0.005598277,0.003938064,0.084371686,0.2357293,0.14485972,-0.15255061,False,0.0
4793.611535708,0,0.0036046207,0.008648813,0.06685597,0.1355353,0.122433536,-0.11492641,False,0.0
4793.631535708,20000000,0.01851663,0.027336925,0.022469938,-0.013015792,0.05259949,-0.07355574,False,0.0
4793.651535708,0,0.041911304,0.053795636,-0.042648196,-0.22880265,0.050377093,-0.022183735,False,0.0
4793.671535708,0,0.050656617,0.0847982,-0.08553058,-0.468767,0.014934968,0.07833271,False,0.0
4793.691535708,20000000,0.04965526,0.09903992,-0.09219915,-0.66520345,0.04173305,0.22053489,False,0.0
4793.711535708,0,0.0389753,0.086200744,-0.07798064,-0.74208045,0.034627724,0.38485622,False,0.0
4793.731535708,20000000,0.03740105,0.05560284,-0.11436868,-0.74012727,-0.14837079,0.5760462,False,0.0
4793.751535708,0,0.1162518,-0.026968569,-0.22416902,-0.75461626,0.11972661,0.5340259,False,0.0
4793.771535708,0,0.086328715,-0.014446817,-0.09875405,-0.6709414,0.05220454,0.5853456,False,0.0
4793.791535708,20000000,0.056309164,-0.0019669384,0.026556015,-0.5872665,-0.015317522,0.6366653,False,0.0
4793.811535708,0,0.0711565,-0.015432864,0.13726705,-0.43713698,-0.10145716,0.62307054,False,0.0
4793.831535708,20000000,0.18911988,-0.093120396,0.00097221136,-0.3358991,-0.10012578,0.46711776,False,0.0
4793.851535708,0,0.25714618,-0.14560033,-0.04373598,-0.28930396,0.15025938,0.15836069,False,0.0
4793.871535708,0,0.20652169,-0.09186669,0.06906885,-0.24961723,0.18075168,-0.07771869,False,0.0
4793.891535708,20000000,0.16021368,-0.023324803,0.13402343,-0.29312634,0.066646285,-0.2204856,False,0.0
4793.911535708,40000000,0.14067426,0.00056601316,0.14115274,-0.38926023,-0.0461957,-0.339029,False,0.0
4793.931535708,0,0.10523367,-0.0021611564,0.17915088,-0.44284648,-0.18336427,-0.4396812,False,0.0
4793.951535708,0,0.07736325,-0.014382057,0.19945037,-0.44856513,-0.31824952,-0.53624374,False,0.0
4793.971535708,20000000,0.060191423,-0.012436718,0.18642646,-0.4399383,-0.44635916,-0.61820257,False,0.0
4793.991535708,0,0.057872117,0.013049178,0.15911847,-0.45825583,-0.5474207,-0.6565035,False,0.0
4794.011535708,0,0.08320752,0.03591424,0.1230135,-0.49504063,-0.5838728,-0.6865492,False,0.0
4794.031535708,0,0.11111182,0.06967475,0.10401952,-0.5397917,-0.5624377,-0.67327386,False,0.0
4794.051535708,0,0.15352553,0.087240204,0.07791108,-0.5479723,-0.4829148,-0.63503677,False,0.0
4794.071535708,20000000,0.17251492,0.10859008,0.07920849,-0.51020205,-0.35164976,-0.58584684,False,0.0
4794.091535708,0,0.18452132,0.14554802,0.07788491,-0.45920575,-0.21047676,-0.507962,False,0.0
4794.111535708,0,0.18002021,0.1782502,0.08492392,-0.39878154,-0.16585895,-0.38789853,False,0.0
4794.131535708,20000000,0.21786651,0.1826384,0.014178097,-0.37583044,-0.094369754,-0.31208378,False,0.0
4794.151535708,0,0.20847106,0.18726882,0.012201846,-0.34713843,-0.00063349307,-0.25678155,False,0.0
4794.171535708,0,0.17713872,0.15840712,0.009543657,-0.2586843,0.0043634498,-0.18502808,False,0.0
4794.191535708,20000000,0.14585578,0.12954614,0.006796241,-0.17023018,0.009360392,-0.11327461,False,0.0
4794.211535708,0,0.23090813,0.04820113,-0.26313317,-0.13310382,-0.120069414,-0.027428672,False,0.0
4794.231535708,0,0.13398,0.03239341,-0.18999517,-0.06481271,0.12786777,-0.002395682,False,0.0
4794.251535708,0,-0.03592202,0.099604905,-0.021592379,0.049976632,-0.1404972,0.25881365,False,0.0
4794.271535708,20000000,-0.018231839,0.08871856,-0.1418404,0.021106273,-0.09911066,0.46745563,False,0.0
4794.291535708,0,-0.09360941,0.057627097,-0.027804613,0.062310636,-0.22953106,0.7423516,False,0.0
4794.311535708,0,-0.13876644,0.010371819,0.047206283,0.16077012,-0.21306731,0.9025007,False,0.0
4794.331535708,20000000,-0.13452014,-0.023864076,-0.01657772,0.16363399,-0.18429114,0.9320842,False,0.0
4794.351535708,0,-0.18731551,-0.005244635,0.025183082,0.08615427,-0.18851815,0.9026385,False,0.0
4794.371438125,0,-0.18581802,0.0044951797,-0.008469788,-0.04553846,-0.24942082,0.8322356,False,0.0
4794.391438125,0,-0.17194305,-0.01402723,-0.024444342,-0.17937148,-0.18476973,0.69488984,False,0.0
4794.411438125,20000000,-0.13812189,-0.043277167,-0.043560505,-0.2523571,-0.08325839,0.53919184,False,0.0
4794.431438125,0,-0.10326931,-0.06825945,-0.058277905,-0.27754703,0.06274471,0.36074036,False,0.0
4794.451438125,0,-0.09895837,-0.0748621,-0.032724023,-0.24451342,0.14920893,0.23933762,False,0.0
4794.471438125,20000000,-0.094659954,-0.08146246,-0.0071862936,-0.21147981,0.23567316,0.117934875,False,0.0
4794.491438125,0,-0.093112275,-0.08002773,0.020838559,-0.16274133,0.24461508,0.04791653,False,0.0
4794.511438125,0,-0.083387345,-0.073283285,0.034835517,-0.12705293,0.22843748,-0.007927697,False,0.0
4794.531438125,0,-0.07251687,-0.0591992,0.0362103,-0.12300648,0.22657159,-0.06640732,False,0.0
4794.551438125,20000000,-0.07379179,-0.04187192,0.038268507,-0.13566369,0.24348925,-0.11454675,False,0.0
4794.571438125,0,-0.091463625,-0.024825864,0.053805947,-0.15051672,0.26445442,-0.13158412,False,0.0
4794.591438125,0,-0.11530875,-0.008489057,0.07098371,-0.15307793,0.27522457,-0.11328549,False,0.0
4794.611438125,20000000,-0.13109855,0.004641585,0.057487786,-0.16329785,0.23170513,-0.06284499,False,0.0
4794.631438125,0,-0.13584368,0.014227256,0.028684556,-0.20362067,0.18036896,-0.0079593025,False,0.0
4794.651438125,0,-0.11746526,0.01268103,-0.016495168,-0.25802362,0.16800131,0.026786935,False,0.0
4794.671438125,0,-0.09608002,0.00067926943,-0.05246991,-0.2936043,0.2007528,0.032871466,False,0.0
4794.691438125,20000000,-0.0914634,-0.005076751,-0.07792997,-0.28918758,0.23332267,0.052397467,False,0.0
4794.711438125,0,-0.0844647,-0.010516778,-0.11043739,-0.2526906,0.24867131,0.10538381,False,0.0
4794.731438125,20000000,-0.054570198,-0.02425433,-0.1573124,-0.19576643,0.2240287,0.18550256,False,0.0
4794.751438125,0,0.055745453,-0.07373158,-0.331707,-0.18677326,0.1284091,0.23063529,False,0.0
4794.771438125,0,0.07373759,-0.084083036,-0.2789088,-0.18480071,0.52124846,0.07525323,False,0.0
4794.791438125,20000000,0.028347373,-0.017618224,-0.11572635,-0.1595478,0.48574412,0.032480106,False,0.0
4794.811438125,0,0.018842489,0.052608,0.0066381097,-0.16820855,0.5387672,-0.0670252,False,0.0
4794.831438125,0,0.010697961,0.09863269,0.11970353,-0.15987436,0.5308665,-0.15642804,False,0.0
4794.851438125,0,0.041306376,0.102039024,0.11729622,-0.16310264,0.5158601,-0.23976538,False,0.0
4794.871438125,0,0.05310422,0.11274111,0.10645324,-0.19381289,0.49691355,-0.30803567,False,0.0
4794.891438125,0,0.046767056,0.13774577,0.105231225,-0.25007844,0.39580378,-0.32413554,False,0.0
4794.911438125,0,0.030422688,0.1639248,0.11694765,-0.31915918,0.23738421,-0.27982658,False,0.0
4794.931438125,0,0.029625773,0.17235656,0.114352405,-0.37820923,0.09100483,-0.2140618,False,0.0
4794.951438125,20000000,0.03651929,0.17485435,0.09313357,-0.42922974,-0.003694266,-0.16076967,False,0.0
4794.971438125,0,0.033614784,0.16216737,0.073524415,-0.46921977,-0.028839272,-0.122058794,False,0.0
4794.991438125,20000000,0.030742735,0.14950782,0.053781033,-0.5092098,-0.053984277,-0.0833479,False,0.0
4795.011438125,0,0.032784373,0.1057675,0.043791413,-0.4915763,-0.034580186,-0.075403474,False,0.0
4795.031438125,0,0.03723198,0.053404927,0.041431487,-0.40152544,0.031245247,-0.114651,False,0.0
4795.051438125,20000000,0.035037994,0.020064116,0.056019723,-0.27879617,0.11852738,-0.18262556,False,0.0
4795.071438125,0,0.035907596,0.008661553,0.08162737,-0.15715356,0.1879084,-0.27927083,False,0.0
4795.091438125,0,0.05131781,0.010638237,0.089549184,-0.07726592,0.22645202,-0.40215924,False,0.0
4795.111438125,20000000,0.07789633,0.011649936,0.08001453,-0.04974658,0.30924574,-0.59089637,False,0.0
4795.131438125,0,0.08749926,0.023808986,0.07286924,-0.04076524,0.3104473,-0.7768705,False,0.0
4795.151438125,20000000,0.08829796,0.031900108,0.07569718,-0.036697805,0.35393113,-0.94735867,False,0.0
4795.171438125,0,0.075142026,0.041815847,0.07993102,-0.0015204847,0.27273828,-1.0417639,False,0.0
4795.191438125,0,0.061376363,0.066322565,0.08266842,0.033564273,0.18566361,-1.1021242,False,0.0
4795.211438125,0,0.08474052,0.07445735,0.009396434,0.03732875,0.112961434,-1.1725694,False,0.0
4795.231438125,20000000,0.12363243,0.053442597,-0.10207987,-0.002710279,0.2348952,-1.3103513,False,0.0
4795.251438125,0,0.036756903,0.074205995,-0.028445125,0.0138507765,0.21001858,-1.3516028,False,0.0
4795.271438125,0,-0.018841982,0.091474414,0.0037326217,0.028631683,0.12925044,-1.2843724,False,0.0
4795.291438125,20000000,-0.07418507,0.10889703,0.03593421,0.04341259,0.048482306,-1.2171421,False,0.0
4795.311438125,40000000,-0.1015206,0.10297191,0.050322652,0.058158923,-0.04091938,-1.130293,False,0.0
4795.331438125,0,-0.10504517,0.07830995,0.038380384,0.07840013,-0.09582716,-1.0485576,False,0.0
4795.351438125,20000000,-0.10172334,0.048234463,0.024160862,0.1067495,-0.10184512,-0.9882798,False,0.0
4795.371438125,0,-0.09998183,0.027763098,0.005197346,0.13618484,-0.08345161,-0.9437369,False,0.0
4795.391438125,20000000,-0.09644118,0.013783038,-0.019789457,0.15069437,-0.051894717,-0.9012601,False,0.0
4795.411438125,0,-0.095529184,0.0027810037,-0.034403265,0.16645403,-0.0168357,-0.85392493,False,0.0
4795.431438125,0,-0.086089745,-0.008419514,-0.043749273,0.18505687,0.030054402,-0.81408095,False,0.0
4795.451438125,20000000,-0.08733828,-0.012268722,-0.03998232,0.19301204,0.072709955,-0.7810289,False,0.0
4795.471438125,0,-0.0946558,-0.0074898303,-0.034517527,0.18601076,0.08410488,-0.73499316,False,0.0
4795.491438125,20000000,-0.10005908,-0.0072852075,-0.03069079,0.16313857,0.062114604,-0.6821433,False,0.0
4795.511438125,0,-0.10182735,-0.0067563355,-0.02892989,0.13033916,0.018412534,-0.62896264,False,0.0
4795.531438125,0,-0.094245315,-0.0044448376,-0.027184546,0.084883004,-0.01894727,-0.5843187,False,0.0
4795.551438125,20000000,-0.085586324,-0.0013283193,-0.01684755,0.037116602,-0.04503426,-0.54460144,False,0.0
4795.571438125,0,-0.082152456,0.014265031,-0.010460854,-0.026201889,-0.071116894,-0.51907504,False,0.0
4795.591438125,20000000,-0.07868111,0.029933602,-0.004095018,-0.08952037,-0.09719952,-0.49354863,False,0.0
4795.611438125,40000000,-0.07040976,0.041558325,-0.0060505867,-0.15369542,-0.1298571,-0.4516282,False,0.0
4795.631438125,0,-0.049153194,0.03855893,-0.015499949,-0.19187006,-0.11733685,-0.42387718,False,0.0
4795.651438125,20000000,-0.035951942,0.037959903,-0.01797092,-0.1987538,-0.082907654,-0.402347,False,0.0
4795.671438125,0,-0.029724449,0.041617632,-0.015197277,-0.18793759,-0.061383747,-0.37378362,False,0.0
4795.691438125,0,-0.027001768,0.04194981,-0.007821739,-0.17073295,-0.056406394,-0.338351,False,0.0
4795.711438125,0,-0.015435696,0.036943167,-0.014031291,-0.14644232,-0.052090988,-0.2963001,False,0.0
4795.731438125,0,-0.001340121,0.030367881,-0.019406974,-0.12089856,-0.045670904,-0.26056075,False,0.0
4795.751438125,20000000,0.0103711635,0.023328483,-0.023066401,-0.09310622,-0.012323823,-0.23750657,False,0.0
4795.771438125,0,0.008464381,0.015769988,-0.016699016,-0.06330228,0.020280913,-0.1996329,False,0.0
4795.791438125,0,0.0033003688,0.00937143,-0.004820168,-0.036164522,0.022416301,-0.1624116,False,0.0
4795.811438125,0,0.0031946003,0.008679181,-0.002808392,-0.023963958,0.01623941,-0.12959944,False,0.0
4795.831438125,0,0.002677247,0.013408601,-0.0030744076,-0.032470677,0.0100061,-0.103736535,False,0.0
4795.851438125,20000000,0.004526332,0.012984544,-0.0048003793,-0.04630514,0.0067783017,-0.07683624,False,0.0
4795.871438125,0,0.0073749423,0.012373954,-0.0055419803,-0.055974536,0.01493421,-0.048031718,False,0.0
4795.891438125,20000000,0.010224894,0.011764139,-0.0062850714,-0.06564394,0.023090119,-0.019227188,False,0.0
4795.911438125,40000000,0.017428607,0.0034879446,-0.0056037903,-0.059600696,0.050532997,-0.0033020582,False,0.0
4795.931438125,0,0.01720114,-0.0012278259,0.0017171502,-0.050089926,0.06474646,0.0048018387,False,0.0
4795.951438125,0,0.011302277,-0.002678603,0.0142816305,-0.03181485,0.038885973,0.012863841,False,0.0
4795.971438125,0,0.016329661,-0.0062973797,0.010062993,-0.021899823,0.0152205005,0.014427098,False,0.0
4795.991438125,20000000,0.01917994,-0.008272618,0.006672859,-0.021324761,0.010091893,0.008086322,False,0.0
4796.011438125,0,0.020005286,-0.009906352,0.002721548,-0.0232083,0.0084365085,-0.0012361687,False,0.0
4796.031438125,0,0.018209636,-0.01019007,0.0041948557,-0.020080376,0.004607871,-0.002690089,False,0.0
4796.051438125,0,0.019460663,-0.011372268,0.0021196604,-0.018326323,-0.0011373991,-0.009152064,False,0.0
4796.071438125,0,0.016646877,-0.0060420334,0.0019985437,-0.029547632,0.00259387,-0.009339011,False,0.0
4796.091438125,20000000,0.017351404,-0.00072163343,-0.0024458766,-0.0504424,0.010701295,-0.0026473748,False,0.0
4796.111438125,0,0.018440038,-0.0010602474,-0.0020635128,-0.054707788,0.016965978,0.016346272,False,0.0
4796.131438125,0,0.021847486,-0.0016101599,-0.0020306706,-0.06281863,0.033470266,0.02401013,False,0.0
4796.151438125,0,0.02270773,-0.0047107935,0.0009652972,-0.069859505,0.04680555,0.027607929,False,0.0
4796.171438125,0,0.022175178,-0.0056549013,0.0033115149,-0.064063996,0.03757297,0.016319856,False,0.0
4796.191438125,20000000,0.021643117,-0.006597668,0.005655229,-0.05826849,0.028340386,0.005031783,False,0.0
4796.211438125,40000000,0.021111742,-0.0075389147,0.007996559,-0.052472986,0.019107804,-0.0062562907,False,0.0
4796.231438125,0,0.022701085,-0.00826934,0.007548392,-0.047997907,0.01751661,-0.018175837,False,0.0
4796.251438125,20000000,0.02680032,-0.010270268,0.0017448068,-0.028321568,0.021857131,-0.030395908,False,0.0
4796.271438125,0,0.03747043,-0.0096645355,0.00049191713,-0.012201069,0.025651393,-0.04002644,False,0.0
4796.291438125,20000000,0.04901457,-0.008530587,-0.003572762,-0.010673562,0.0672324,-0.06860938,False,0.0
4796.311438125,0,0.04510756,-0.005218476,0.004271567,-0.010096229,0.095938504,-0.083664075,False,0.0
4796.331438125,20000000,0.035671666,0.006322384,0.01612407,-0.017500924,0.08779335,-0.07687793,False,0.0
4796.351438125,0,0.035649687,0.013817936,0.021374166,-0.038661987,0.066925675,-0.059898786,False,0.0
4796.371438125,0,0.03994775,0.015953064,0.02027607,-0.048529103,0.0498901,-0.04453759,False,0.0
4796.391438125,0,0.041251883,0.012804896,0.019802988,-0.06425842,0.03714706,-0.031955224,False,0.0
4796.411438125,0,0.04022439,0.011523038,0.019604623,-0.06299929,0.021605026,-0.011913879,False,0.0
4796.431438125,20000000,0.04160878,0.008931518,0.016827941,-0.063795,0.018768782,-0.005892036,False,0.0
4796.451438125,0,0.04060799,0.0064166784,0.018951774,-0.054676954,0.011471685,-0.00720658,False,0.0
4796.471438125,0,0.040489793,0.005406946,0.017710388,-0.048178773,0.0039670225,-0.0100227,False,0.0
4796.491438125,20000000,0.040372133,0.0043979883,0.016467392,-0.041680593,-0.0035376395,-0.01283882,False,0.0
4796.511438125,40000000,0.04025507,0.003390044,0.015222847,-0.035182416,-0.0110423025,-0.01565494,False,0.0
4796.531438125,0,0.045197666,0.0043433905,0.010663748,-0.025643978,0.0054440014,-0.0011766674,False,0.0
4796.551438125,0,0.037442386,0.0030673146,0.015626252,-0.022385228,0.008601677,0.0002485083,False,0.0
4796.571438125,0,0.032339722,0.006534517,0.020999849,-0.01518344,-0.0071343537,-0.0030258629,False,0.0
4796.611438125,0,0.030053794,0.010294378,0.015529573,-0.04024125,-0.03677654,0.010235546,False,0.0
4796.631438125,20000000,0.029098183,0.01066038,0.009768486,-0.04765096,-0.035065692,0.028578952,False,0.0
4796.651438125,0,0.023958564,0.008853346,0.012222648,-0.039210167,-0.049197525,0.044910967,False,0.0
4796.671438125,0,0.025646508,0.0060499907,0.007952511,-0.04391445,-0.039488327,0.046907146,False,0.0
4796.691438125,0,0.021703333,0.003016144,0.0073806643,-0.039014928,-0.042333674,0.035505358,False,0.0
4796.711438125,0,0.020350933,0.0041173995,0.0050361753,-0.040139608,-0.043412898,0.028243225,False,0.0
4796.731438125,20000000,0.020092845,0.0013045669,0.000923872,-0.033072934,-0.0399497,0.01790658,False,0.0
4796.751282875,0,0.017503541,-1.7579034e-05,0.0012893954,-0.021191485,-0.030803358,0.015070986,False,0.0
4796.771282875,20000000,0.020381033,-0.003913969,-0.0016056895,-0.009372782,-0.020772085,0.008615847,False,0.0
4796.791282875,40000000,0.023258567,-0.007810384,-0.004500866,0.0024459222,-0.010740812,0.002160708,False,0.0
4796.811282875,60000000,0.02613622,-0.01170662,-0.0073959827,0.014264625,-0.0007095393,-0.0042944313,False,0.0
4796.831282875,0,0.02553323,-0.011836559,-0.005997181,0.015758034,0.020596059,-0.0189814,False,0.0
4796.851282875,0,0.019898593,-0.009376496,-0.0005018711,0.012788177,0.030772071,-0.023856673,False,0.0
4796.871282875,20000000,0.016421229,-0.006810367,0.00597322,0.009935189,0.01965876,-0.024203237,False,0.0
4796.891282875,0,0.017300904,-0.004908979,0.008027792,0.008096287,0.012902802,-0.02437332,False,0.0
4796.911282875,20000000,0.017197937,-0.0015358627,0.0073593855,0.006396021,0.006117886,-0.026591241,False,0.0
4796.931282875,0,0.015255123,-0.00080507994,0.006791532,0.0065967324,0.0009858585,-0.024479963,False,0.0
4796.951282875,0,0.013324946,-0.0020344555,0.00607723,0.009943801,-0.01021228,-0.021062985,False,0.0
4796.971282875,20000000,0.01213187,-0.00022250414,0.0055752397,0.006694183,-0.019314714,-0.017774759,False,0.0
4796.991282875,0,0.012859672,-0.00056260824,0.0018856525,-0.0003473065,-0.016390841,-0.015195678,False,0.0
4797.011282875,20000000,0.011854768,-0.0022147,0.0018761754,-0.0024087594,-0.016985722,-0.012196431,False,0.0
4797.031282875,0,0.009732097,-0.0036062896,0.0005258918,-0.0053300625,-0.020515729,-0.005685618,False,0.0
4797.051282875,0,0.011157662,-0.0050588846,-0.0027019978,-0.004344319,-0.015120692,-0.0026363411,False,0.0
4797.071282875,0,0.00992775,-0.0054577887,-0.0024593472,-0.0041028773,-0.00937286,-0.0019280466,False,0.0
4797.091282875,20000000,0.008697838,-0.005856633,-0.0022166967,-0.0038614355,-0.0036250297,-0.0012197521,False,0.0
4797.111282875,0,0.009077489,-0.0059600472,-0.0008203387,-0.006116572,-0.0025714813,-0.0034657903,False,0.0
4797.131282875,0,0.008396238,-0.0065202713,0.00047826767,-0.0073967148,-0.003599216,-0.005987425,False,0.0
4797.151282875,0,0.008179545,-0.005202979,0.0002348423,-0.0046045445,-0.004390735,-0.0073689157,False,0.0
4797.171282875,20000000,0.008944422,-0.0040898323,-0.0005418062,-0.0026889849,-0.0057723983,-0.0070686825,False,0.0
4797.191282875,0,0.009594023,-0.0024794936,-0.0005108714,-0.00187289,-0.0031443834,-0.007102774,False,0.0
4797.211282875,20000000,0.00883314,-0.0026290119,0.0005556941,0.0016183878,-0.00464271,-0.003382641,False,0.0
4797.231282875,0,0.009400994,-0.0009548962,-0.0008788109,0.002181177,0.0023658816,-0.0014807231,False,0.0
4797.251282875,0,0.00892359,-0.0016147494,2.169609e-05,-0.0003960391,-0.002617653,0.000116301,False,0.0
4797.271282875,0,0.009308457,-0.004161179,-0.0005668402,-6.385901e-05,-0.0019932045,-0.0022652033,False,0.0
4797.291282875,0,0.009108812,-0.0059780777,-4.9233437e-05,0.002507632,-0.0033536162,-0.006827283,False,0.0
4797.311282875,0,0.00856477,-0.006197512,0.00047630072,0.0068202354,-0.0025120317,-0.010783087,False,0.0
4797.331282875,0,0.006230265,-0.0055909157,0.0003451705,0.011962891,-0.0065985494,-0.005334846,False,0.0
4797.351282875,0,0.0057356358,-0.0038196146,0.00029098988,0.006760113,-0.011759074,-0.0015485128,False,0.0
4797.371282875,0,0.008421093,-0.004278451,-0.0023340583,-0.0013229335,0.007848015,-0.0103250425,False,0.0
4797.391282875,20000000,0.011106521,-0.0047373474,-0.004959166,-0.009405981,0.027455106,-0.019101571,False,0.0
4797.411282875,40000000,0.0059323907,-0.0036897063,0.001101613,-0.012323302,0.029554583,-0.023223545,False,0.0
4797.431282875,0,0.0043497384,-0.004303366,0.0054128766,-0.011624103,0.018651431,-0.023235658,False,0.0
4797.451282875,0,0.005354017,-0.0008639693,0.005271256,-0.012066108,0.014393371,-0.026914546,False,0.0
4797.471282875,20000000,0.0063584447,0.002575308,0.0051294565,-0.012508113,0.010135311,-0.030593434,False,0.0
4797.491282875,0,0.003955692,0.007088989,0.0057380795,-0.014684767,0.0020992858,-0.025400408,False,0.0
4797.511282875,20000000,0.0036910176,0.009993434,0.003939569,-0.020504713,-0.00039053266,-0.014856255,False,0.0
4797.531282875,0,0.0065721273,0.011922121,0.0019494891,-0.022337034,0.0010642405,-0.001380166,False,0.0
4797.551282875,20000000,0.0075734854,0.008765668,0.0017538667,-0.020688413,0.0034935744,0.008506805,False,0.0
4797.571282875,0,0.006229818,0.0054317117,0.004071951,-0.013140423,0.0057049897,0.011707865,False,0.0
4797.591282875,20000000,0.008576423,4.518032e-05,0.002625823,-0.0021936195,0.0047981273,0.0151358,False,0.0
4797.611282875,0,0.010252118,-0.0018568039,0.0017394423,0.005632311,0.005055468,0.011816513,False,0.0
4797.631282875,0,0.010307699,-0.0005905628,0.001206696,0.009735789,0.008399653,0.010539482,False,0.0
4797.651282875,0,0.007887453,-0.0006530285,0.002832234,0.008769069,0.01052467,0.011360482,False,0.0
4797.671282875,0,0.0074014366,-0.0006940067,0.0026865005,0.004441155,0.007333537,0.009486468,False,0.0
4797.691282875,20000000,0.0069154203,-0.00073489547,0.0025407076,0.00011324091,0.0041424045,0.0076124524,False,0.0
4797.711282875,0,0.0076865554,-0.0015290678,0.003113687,-0.0024623433,0.00050971797,0.007772652,False,0.0
4797.731282875,0,0.008721083,-0.0006811321,0.0011597872,0.00016825437,0.002599296,0.009100121,False,0.0
4797.751282875,20000000,0.008552879,-0.001121223,0.0021865964,-0.00785603,0.0063576023,0.013422769,False,0.0
4797.771282875,0,0.009521097,-0.0025590658,0.001881659,-0.00587039,0.007965061,0.010334846,False,0.0
4797.791282875,20000000,0.00955072,-0.005323589,0.0031915903,-0.002399232,0.0066866903,0.005221279,False,0.0
4797.811282875,0,0.011033744,-0.0058521926,0.0038608909,0.0020284604,0.0051732054,-0.0015086904,False,0.0
4797.831282875,0,0.01180318,-0.0042158067,0.0022153854,0.0029923287,0.0010384317,-0.007446322,False,0.0
4797.851282875,20000000,0.011972338,-0.0045726895,0.004430473,0.0046024066,0.0020455215,-0.012199849,False,0.0
4797.871282875,0,0.012129277,-0.0037682056,0.0024023652,0.005931017,0.0011740371,-0.012730693,False,0.0
4797.891282875,20000000,0.0076919496,-0.001034528,0.0045855045,0.010221143,-0.008107335,-0.0044870107,False,0.0
4797.911282875,0,0.007200688,-0.00043925643,0.0027185082,0.007165023,-0.018474877,0.0026379367,False,0.0
4797.931282875,0,0.016254455,-0.0028145015,-0.008043408,-0.0029887073,-0.00143205,0.000751273,False,0.0
4797.951282875,20000000,0.015470564,-0.0038107932,-0.0061097145,-0.01512455,0.030654602,-0.011930781,False,0.0
4797.971282875,0,0.010233164,-0.0037948787,0.0022508502,-0.0102559775,0.01691525,-0.012322095,False,0.0
4797.991282875,20000000,0.004995972,-0.0037789345,0.010611057,-0.005387405,0.0031759003,-0.01271341,False,0.0
4798.011282875,40000000,0.0093230605,-0.0013012886,0.007902443,0.0012394069,-0.01486691,-0.019025797,False,0.0
4798.031282875,0,0.010242254,0.004142791,0.0062549114,0.006072243,-0.019523881,-0.026440876,False,0.0
4798.051282875,20000000,0.0067022145,0.008144885,0.0031013489,0.0087771695,-0.016372573,-0.018199587,False,0.0
4798.071282875,0,0.0059984624,0.007742524,0.0008059144,0.005333624,-0.0139766475,-0.004703859,False,0.0
4798.091282875,20000000,0.0096022785,0.005329162,-0.0011529326,0.0045632226,-0.005207482,0.0049489876,False,0.0
4798.111282875,0,0.011058718,0.001406759,-0.0015318394,0.007163154,0.002641066,0.010017716,False,0.0
4798.131282875,0,0.0057736337,0.00110659,0.003365159,0.0035592231,-0.003838956,0.011301557,False,0.0
4798.151282875,20000000,0.009958476,-0.0034812689,0.0014407039,0.0009505653,-0.0041927993,0.00639262,False,0.0
4798.171282875,0,0.009607613,-0.0027308166,0.0010365248,-0.0015782653,-0.004747285,0.0057162023,False,0.0
4798.191282875,20000000,0.008217782,4.172325e-06,0.004622519,-0.008553829,-0.00072718365,0.0063668233,False,0.0
4798.211282875,0,0.0074799657,0.0019451678,0.005523443,-0.01950128,-0.009249926,0.013753198,False,0.0
4798.231282875,0,0.0086064935,0.002040267,0.0060005784,-0.025368262,-0.017044883,0.021754941,False,0.0
4798.251282875,0,0.009794354,0.00017893314,0.0017491579,-0.025466848,-0.018615166,0.025171963,False,0.0
4798.271282875,0,0.00979346,-0.00041675568,0.0012838244,-0.01672153,-0.017343493,0.02095471,False,0.0
4798.291282875,20000000,0.009792507,-0.0010124147,0.000818491,-0.007976211,-0.01607182,0.016737457,False,0.0
4798.311282875,40000000,0.009791493,-0.0016080439,0.00035321712,0.0007691076,-0.014800147,0.012520203,False,0.0
4798.331282875,0,0.008790374,-0.0014290214,0.0021643639,-1.4338875e-06,-0.012372086,0.00562537,False,0.0
4798.351282875,20000000,0.008825064,0.00072297454,0.000443995,-0.0020923489,-0.014424801,0.00056696637,False,0.0
4798.371282875,0,0.008384079,0.0019568503,-0.00061541796,-0.001853291,-0.015187341,0.0037040422,False,0.0
4798.391282875,20000000,0.00760895,0.0002503395,-0.0008736849,0.0007892847,-0.005090815,6.4407475e-05,False,0.0
4798.411282875,0,0.00491783,0.0012393296,0.0023800135,0.0043207137,-0.0059203887,0.0041182074,False,0.0
4798.431282875,0,0.007026136,-0.0011320412,0.00097316504,0.0007396552,-0.003520138,0.0075041545,False,0.0
4798.451282875,20000000,0.0041045547,-0.0033767223,0.0029448867,0.01116553,-0.013548518,0.017069975,False,0.0
4798.471282875,0,0.005339235,-0.0033526123,-0.0018450618,0.011083851,-0.01610799,0.013349735,False,0.0
4798.491282875,20000000,0.016922027,-0.005387068,-0.01043731,8.7968074e-05,0.012322752,-0.0016398989,False,0.0
4798.511282875,0,0.008882731,-0.0031470656,-0.0030694604,-0.0063580745,0.0128719155,-0.0059270966,False,0.0
4798.531282875,20000000,0.0008434057,-0.0009071529,0.0042979717,-0.012804118,0.01342108,-0.010214295,False,0.0
4798.551282875,40000000,0.0010870397,-0.0022509694,0.0061526895,-0.009299099,-0.0009781066,-0.008487087,False,0.0
4798.571282875,0,0.0070993304,-0.003909081,0.0035287142,-0.003828912,0.0005285413,-0.017844358,False,0.0
4798.591282875,0,0.004229039,0.00069880486,0.0027925372,-0.0029066524,-0.0033796881,-0.012257928,False,0.0
4798.611282875,20000000,0.0013587177,0.005306661,0.0020563006,-0.0019843928,-0.007287918,-0.0066714976,False,0.0
4798.631282875,0,0.003937334,0.0032961369,-0.0015130043,-0.0019714897,-0.01277362,0.0061260667,False,0.0
4798.651282875,0,0.0057035387,8.434057e-05,-0.005284488,-0.012396742,0.0018917061,0.008295406,False,0.0
4798.671282875,0,0.004467249,-0.003003031,-0.0019141436,-0.006633215,0.009180639,0.0048734643,False,0.0
4798.691282875,20000000,0.003817141,-0.003969729,0.00035881996,0.00019723177,0.0034638876,0.00793502,False,0.0
4798.711282875,0,0.0074955523,-0.0072374344,-0.0015285015,0.005469437,0.009858804,-0.0020235833,False,0.0
4798.731282875,0,0.0067556202,-0.0066710114,-0.002661705,0.0035074882,0.02048079,-0.010416627,False,0.0
4798.751282875,0,0.0025524497,-0.0027156174,0.0023924708,-0.0009097082,0.010813123,-0.009283253,False,0.0
4798.771282875,0,0.0028174818,-0.00055122375,0.0013114214,-0.00572691,0.01215642,-0.0111237215,False,0.0
4798.791282875,20000000,0.004354626,-0.0014055967,0.0008442402,-0.01296713,0.013264933,-0.013651844,False,0.0
4798.811282875,0,0.005168915,-0.0017215908,0.002126336,-0.0072155786,0.0124644395,-0.011664476,False,0.0
4798.831282875,20000000,0.0055526793,-0.001206994,0.0016731024,0.003964635,0.008871256,-0.014616475,False,0.0
4798.851282875,0,0.0045892596,-0.0008151829,0.0027038455,-7.209275e-05,0.010231167,-0.013341349,False,0.0
4798.871282875,0,0.004201263,-0.00044602156,0.0015399456,-0.0016879505,0.007470537,-0.010210349,False,0.0
4798.891282875,20000000,0.0038132668,-7.6919794e-05,0.0003760457,-0.0033038082,0.004709907,-0.0070793503,False,0.0
4798.911282875,40000000,0.0034254491,0.00029224157,-0.0007878542,-0.004919666,0.0019492768,-0.0039483514,False,0.0
4798.931282875,60000000,0.0053616464,-0.0010014176,-0.0037456155,-0.0027383855,0.0049671168,0.00038380735,False,0.0
4798.951282875,0,0.0052112937,-0.001681149,-0.003341496,-0.0075459513,0.013648528,0.00083974947,False,0.0
4798.971282875,0,0.0034481287,-0.001832515,0.0010223985,-0.00550778,0.0066209584,-0.0049569192,False,0.0
4798.991282875,0,-0.0020670593,-0.004866183,0.0039207935,-0.002566778,0.0011213026,-0.008598814,False,0.0
4799.011282875,0,0.0023100972,-0.007963866,-0.005741656,0.0018107062,-0.0061192694,-0.02382125,False,0.0
4799.031282875,20000000,0.014528364,-0.0064935386,-0.020572186,0.004485649,0.012365315,-0.049306702,False,0.0
4799.051282875,0,0.01708594,-0.009964913,-0.016571522,0.014925421,0.059113715,-0.10390541,False,0.0
4799.071282875,0,0.006200701,-0.014260918,-0.0021941662,0.047036164,0.06990471,-0.14218515,False,0.0
4799.091282875,0,0.0020573437,-0.019531578,0.010888755,0.10578194,0.04796332,-0.17715672,False,0.0
4799.111282875,0,0.012434065,-0.027425528,0.007507324,0.17632584,0.038946487,-0.23882858,False,0.0
4799.131238292,0,0.012229149,-0.025926182,0.0059694326,0.22798035,0.03789305,-0.2970397,False,0.0
4799.151238292,0,0.024724722,-0.028829902,-0.00023216009,0.23613754,0.05646648,-0.30235696,False,0.0
4799.171238292,20000000,0.037197173,-0.03170693,-0.0064538717,0.24429475,0.07503991,-0.30767426,False,0.0
4799.191238292,40000000,0.04964617,-0.03455761,-0.012695968,0.25245196,0.09361334,-0.31299153,False,0.0
4799.211238292,60000000,0.04434359,-0.032903522,-0.0019744635,0.22714402,0.10365671,-0.3230214,False,0.0
4799.231238292,0,0.03332448,-0.028916359,0.0086577535,0.19729632,0.09272982,-0.31333166,False,0.0
4799.251238292,0,0.02402711,-0.026787937,0.015051305,0.16590017,0.066707656,-0.28203845,False,0.0
4799.271238292,20000000,0.015625566,-0.025964499,0.018304527,0.14258395,0.040859878,-0.23915145,False,0.0
4799.291238292,0,0.006927818,-0.023638546,0.015805185,0.120129086,0.018406164,-0.19777195,False,0.0
4799.311238292,20000000,-0.0050178766,-0.014992952,0.014128208,0.08366974,-0.008211631,-0.16051182,False,0.0
4799.331238292,0,-0.0191845,-0.0064983964,0.010345399,0.035830487,-0.036835022,-0.13035236,False,0.0
4799.351238292,0,-0.030885354,0.003045112,0.0030891895,-0.024122454,-0.059612393,-0.10939251,False,0.0
4799.371238292,0,-0.04316239,0.012137473,-0.0038378835,-0.08441208,-0.08064617,-0.08825886,False,0.0
4799.391238292,0,-0.049055085,0.013388157,-0.01588887,-0.13544771,-0.08852046,-0.07215409,False,0.0
4799.411238292,20000000,-0.044188783,0.0075514615,-0.026785433,-0.17170608,-0.06328835,-0.079823904,False,0.0
4799.431238292,0,-0.036443785,-0.0028654933,-0.026548028,-0.18833141,-0.010974176,-0.12435281,False,0.0
4799.451238292,0,-0.03269376,0.0014564991,-0.015755057,-0.18391952,0.020942599,-0.20989217,False,0.0
4799.471238292,20000000,-0.02891703,0.0057961345,-0.0049770474,-0.17950763,0.052859373,-0.29543152,False,0.0
4799.491238292,40000000,-0.025113761,0.010153741,0.0057861805,-0.17509574,0.08477615,-0.38097087,False,0.0
4799.511238292,60000000,-0.022368148,0.017769694,0.012507021,-0.158231,0.08894713,-0.44109446,False,0.0
4799.531238292,0,-0.017527461,0.024034917,0.016752422,-0.12954602,0.07907191,-0.47393733,False,0.0
4799.551238292,0,-0.011544272,0.033397555,0.014591455,-0.11039016,0.07776825,-0.4780336,False,0.0
4799.571238292,20000000,-0.0055226535,0.042797476,0.012427986,-0.09123429,0.07646459,-0.48212987,False,0.0
4799.591238292,0,-0.0016218871,0.04702559,0.011250615,-0.07806143,0.07999594,-0.4687071,False,0.0
4799.611238292,20000000,0.00064207613,0.04955226,0.012334347,-0.06769048,0.08248222,-0.43942732,False,0.0
4799.631238292,0,-0.00030465424,0.050918132,0.0144642,-0.05171068,0.0740353,-0.395181,False,0.0
4799.651238292,0,0.0033393353,0.04709822,0.012591541,-0.031257555,0.06311928,-0.3423654,False,0.0
4799.671238292,20000000,0.0069998354,0.04329467,0.0107194185,-0.010804433,0.052203257,-0.28954983,False,0.0
4799.691238292,40000000,0.010323942,0.037751377,0.009566128,0.013373487,0.041492794,-0.24239857,False,0.0
4799.711238292,0,0.010788158,0.032768786,0.006247282,0.025495943,0.02545629,-0.19796285,False,0.0
4799.731238292,0,0.01427187,0.027023375,0.0030924082,0.027599767,0.008697197,-0.15873413,False,0.0
4799.751238292,20000000,0.01726292,0.017762244,0.0043299794,0.02669916,0.0029486758,-0.12857477,False,0.0
4799.771238292,0,0.017662123,0.012066364,0.0047385097,0.025900712,-0.01606422,-0.10446072,False,0.0
4799.791238292,20000000,0.018061608,0.00637269,0.0051466227,0.025102265,-0.035077117,-0.080346674,False,0.0
4799.811238292,40000000,0.018461362,0.0006812215,0.005554378,0.02430382,-0.05409001,-0.056232624,False,0.0
4799.831238292,0,0.020647705,-0.00664106,0.002167344,0.01644485,-0.061237082,-0.02927509,False,0.0
4799.851238292,20000000,0.016926348,-0.011138052,-0.000284791,0.006580131,-0.06890269,0.0042537563,False,0.0
4799.871238292,0,0.01151824,-0.015151441,-0.00094878674,-0.004498454,-0.08443346,0.035021793,False,0.0
4799.891238292,0,0.011806533,-0.023701727,-0.003832221,-0.0182929,-0.09550019,0.048893068,False,0.0
4799.911238292,0,0.008796677,-0.03267312,-0.0047855377,-0.026559273,-0.095578454,0.042129733,False,0.0
4799.931238292,20000000,0.0019263774,-0.038341522,-0.005513072,-0.027305283,-0.10435722,0.02927703,False,0.0
4799.951238292,0,-0.0054311305,-0.042149097,-0.0077064633,-0.030656401,-0.103289165,0.006495958,False,0.0
4799.971238292,0,-0.0075796694,-0.043905765,-0.0135576725,-0.03656016,-0.09865648,-0.019627955,False,0.0
4799.991238292,20000000,-0.0083654225,-0.04505971,-0.017108977,-0.04267015,-0.084847614,-0.051626552,False,0.0
4800.011238292,0,-0.010726526,-0.044375658,-0.019298017,-0.049452588,-0.069898605,-0.079917096,False,0.0
4800.031238292,0,-0.013407245,-0.042627692,-0.014424443,-0.051933754,-0.061445773,-0.10914118,False,0.0
4800.051238292,20000000,-0.00848493,-0.038052052,-0.013147175,-0.061455853,-0.04445698,-0.1345199,False,0.0
4800.071238292,0,-0.007907316,-0.027244687,-0.006938398,-0.07851617,-0.03552743,-0.14298742,False,0.0
4800.091238292,20000000,-0.0073262155,-0.016430825,-0.00073218346,-0.09557648,-0.026597876,-0.15145493,False,0.0
4800.111238292,40000000,-0.008911744,-0.0016755462,0.0060788393,-0.12686309,-0.03061398,-0.14657292,False,0.0
4800.131238292,0,0.0004479587,0.011571646,0.0043991804,-0.16567236,-0.025796913,-0.13592641,False,0.0
4800.151238292,20000000,0.00090168417,0.022524595,0.009729564,-0.21183029,-0.017104555,-0.12654892,False,0.0
4800.171238292,0,-0.0046774596,0.033548594,0.019869983,-0.24192156,-0.038518317,-0.10868763,False,0.0
4800.191238292,20000000,-0.0026343167,0.038508058,0.025443077,-0.25586328,-0.07246498,-0.087882616,False,0.0
4800.211238292,0,0.004224181,0.030667245,0.02430451,-0.24450451,-0.10324453,-0.06976988,False,0.0
4800.231238292,20000000,0.010661215,0.02466476,0.021940887,-0.21248353,-0.12343977,-0.062273096,False,0.0
4800.251238292,0,0.014872462,0.020004153,0.020626962,-0.17654063,-0.1416196,-0.058054555,False,0.0
4800.271238292,0,0.017182529,0.017627776,0.02172798,-0.13614851,-0.16493857,-0.04406142,False,0.0
4800.291238292,20000000,0.01672335,0.011919975,0.019833922,-0.10371691,-0.19461179,-0.020475786,False,0.0
4800.311238292,0,0.01909116,0.0018678904,0.012980998,-0.086386845,-0.21844146,-0.0033661276,False,0.0
4800.331238292,0,0.014797747,-0.0076166987,0.0120943785,-0.07713828,-0.231472,0.005013996,False,0.0
4800.351238292,20000000,0.009198278,-0.009353578,0.010145485,-0.08448749,-0.2509815,0.005999681,False,0.0
4800.371238292,0,0.00066001713,0.0012112856,0.0075627565,-0.10386513,-0.2509389,0.0023714872,False,0.0
4800.391238292,20000000,-0.007881448,0.011776984,0.0049564242,-0.12324277,-0.25089628,-0.0012567067,False,0.0
4800.411238292,40000000,-0.016426392,0.022343397,0.0023266673,-0.14262041,-0.2508537,-0.0048849005,False,0.0
4800.431238292,0,-0.029138431,0.037059307,0.0022909641,-0.16068356,-0.26397297,0.013085857,False,0.0
4800.451238292,20000000,-0.026423395,0.042456508,-0.0054852962,-0.17517126,-0.26005784,0.035382643,False,0.0
4800.471238292,0,-0.017255671,0.04032749,-0.017158985,-0.17354466,-0.2293348,0.03875262,False,0.0
4800.491238292,20000000,-0.015333757,0.036387384,-0.022137761,-0.16351418,-0.19046248,0.041729048,False,0.0
4800.511238292,0,-0.017518103,0.031496882,-0.02336979,-0.14518324,-0.15000153,0.052436702,False,0.0
4800.531238292,0,-0.01785896,0.024770021,-0.018447995,-0.12109807,-0.12256621,0.054699883,False,0.0
4800.551238292,20000000,-0.008523233,0.017591178,-0.021317124,-0.09742557,-0.07742645,0.03904366,False,0.0
4800.571238292,0,0.0040804073,0.008028448,-0.020238698,-0.07382075,-0.026075449,0.011059463,False,0.0
4800.591238292,20000000,0.012478054,0.0010707974,-0.012392104,-0.043089595,0.026799735,-0.02746994,False,0.0
4800.611238292,0,0.0023521557,0.01069653,0.009722531,-0.018529331,0.047811516,-0.05741953,False,0.0
4800.631238292,0,0.0010022894,0.027261138,0.016818881,-0.02169725,0.034420766,-0.06307841,False,0.0
4800.651238292,20000000,-0.0022265986,0.031592548,0.01725775,-0.029782053,0.013882251,-0.04628633,False,0.0
4800.671238292,0,-0.0026711002,0.02619338,0.011911929,-0.031474147,0.022002108,-0.030434133,False,0.0
4800.691238292,20000000,-0.0031151846,0.02079457,0.0065654516,-0.03316624,0.030121963,-0.014581939,False,0.0
4800.711238292,40000000,-0.003558807,0.015396059,0.0012184381,-0.034858335,0.03824182,0.0012702569,False,0.0
4800.731238292,0,-0.011114463,0.011017144,0.0052389503,-0.03555392,0.022725208,0.01876437,False,0.0
4800.751238292,20000000,-0.011046417,0.0009924173,0.0053688884,-0.027421981,0.00617617,0.023899253,False,0.0
4800.771238292,0,-0.008931294,0.00067579746,0.0018669963,-0.02696413,0.010521613,0.01269972,False,0.0
4800.791238292,20000000,-0.004075475,0.0042043924,-0.0033218265,-0.034665044,0.042234067,-0.00668924,False,0.0
4800.811238292,0,-0.008265801,0.010174215,-0.0012478828,-0.04337647,0.07333427,-0.018838756,False,0.0
4800.831238292,0,-0.01489868,0.020230949,0.0066532493,-0.05009097,0.071668945,-0.0011130013,False,0.0
4800.851238292,0,-0.0062109083,0.025364041,0.0026578903,-0.061162323,0.08251276,0.004060412,False,0.0
4800.871238292,0,0.0018410683,0.024401903,0.005064845,-0.06524226,0.09464336,-0.004433157,False,0.0
4800.891238292,0,0.003186226,0.020250022,0.009615183,-0.052007757,0.08437049,-0.0067567155,False,0.0
4800.911238292,0,0.009361416,0.0150952935,0.011667013,-0.029717136,0.08274912,-0.013225757,False,0.0
4800.931238292,0,0.012573123,0.018107712,0.013308048,-0.016846986,0.08196673,-0.015457276,False,0.0
4800.951238292,20000000,0.007063344,0.021321177,0.01994574,-0.006350592,0.06730428,-0.011662641,False,0.0
4800.971238292,0,0.0069072098,0.018523276,0.016900301,-0.004898583,0.043727748,0.012975273,False,0.0
4800.991238292,20000000,0.0067511573,0.01572591,0.013854504,-0.0034465746,0.020151218,0.037613187,False,0.0
4801.011238292,40000000,0.00659512,0.012929082,0.01080817,-0.001994566,-0.0034253132,0.062251102,False,0.0
4801.031238292,0,0.0049141124,0.009967446,0.004895389,-0.0031701005,-0.015522528,0.07951481,False,0.0
4801.051238292,20000000,0.0016874373,0.008622825,0.0040954947,-0.015257545,-0.014799354,0.095714286,False,0.0
4801.071238292,0,0.00081683695,0.0035698414,0.0017724037,-0.023355136,-0.017585557,0.09751005,False,0.0
4801.091238292,20000000,0.0028785914,-0.0016626716,0.00078487396,-0.02675312,-0.023505181,0.08931945,False,0.0
4801.111238292,0,0.0068481117,-0.009294033,-0.0026791692,-0.029029587,-0.012412807,0.06914622,False,0.0
4801.131238292,20000000,-0.00043453276,-0.0045671463,0.0008342862,-0.025493884,-0.017225355,0.052677974,False,0.0
4801.151238292,0,-0.0010549873,-0.0015037656,-0.0012304187,-0.034388326,-0.012168197,0.041445687,False,0.0
4801.171238292,20000000,-0.0010345876,0.002707243,-0.0053699613,-0.03215215,-0.025509171,0.03631815,False,0.0
4801.191238292,0,-0.010216087,0.0010757446,0.00030869246,-0.01618217,-0.0401092,0.04873652,False,0.0
4801.211238292,0,0.0018352717,-0.009320915,-0.013478756,0.0036421511,-0.021641817,0.049374647,False,0.0
4801.231238292,0,0.014329344,-0.014144182,-0.021850407,0.019412091,0.012564644,0.032238163,False,0.0
4801.251238292,0,0.0009850562,0.0014897585,-0.0059601665,0.00563062,0.03956823,0.021944465,False,0.0
4801.271238292,20000000,-0.0066346005,0.007701874,0.0032336712,-0.016040659,0.019419365,0.029275438,False,0.0
4801.291238292,0,-0.0033789873,0.004318416,0.002003014,-0.017572168,0.002571676,0.043122165,False,0.0
4801.311238292,20000000,-0.00012342632,0.0009356141,0.0007722974,-0.019103676,-0.014276013,0.05696889,False,0.0
4801.331238292,40000000,0.0045398623,-0.0028309822,0.0022032857,-0.004331002,-0.00533484,0.047869474,False,0.0
4801.351238292,0,0.0038056523,0.0083094835,0.0015667081,-0.011455782,0.015833784,0.030480102,False,0.0
4801.371238292,0,-0.00049324334,0.016574085,0.0065057874,-0.025090085,-0.0078082588,0.03542953,False,0.0
4801.391238292,0,0.004979521,0.008067012,-0.0027255416,-0.025755586,-0.0004743198,0.04061487,False,0.0
4801.411238292,0,0.0043634623,-0.002578795,-0.0006504059,0.0015800018,-0.010748747,0.04961116,False,0.0
4801.431238292,20000000,0.005372554,-0.006798923,-0.0022887588,0.026399571,-0.013363891,0.048206143,False,0.0
4801.451238292,0,0.009941623,-0.007684648,-0.006417334,0.0421883,0.0001677284,0.045697846,False,0.0
4801.471238292,0,0.0049054325,-0.0041815042,-0.003545165,0.027261803,0.0023588047,0.0460701,False,0.0
4801.491238292,0,0.0021515936,-0.0038116574,-0.003478527,0.016867768,0.0029589161,0.050056297,False,0.0
4801.511238292,20000000,0.0015300661,-0.0068220496,-0.0017569065,0.015760496,0.0011578263,0.05489735,False,0.0
4801.531238292,0,0.0030096471,-0.0100207925,-0.0023158193,0.012535098,0.009292273,0.04721665,False,0.0
4801.551238292,0,0.0010537207,-0.0067118406,-0.004077494,-0.0024151262,0.017122418,0.046761423,False,0.0
4801.571238292,20000000,-0.0009021312,-0.0034023523,-0.005839348,-0.017365351,0.02495256,0.046306197,False,0.0
4801.591238292,40000000,-0.002858013,-9.2446804e-05,-0.0076013207,-0.032315575,0.032782704,0.045850974,False,0.0
4801.611238292,0,-0.00045973063,2.9444695e-05,-0.008955002,-0.0376961,0.048731867,0.051816545,False,0.0
4801.631238292,0,0.0027921647,-0.003630221,-0.006930709,-0.031248048,0.081398636,0.04398559,False,0.0
4801.651238292,0,0.0021967143,0.003281176,-0.0048956275,-0.042673536,0.10734685,0.049841143,False,0.0
4801.671238292,0,-0.0012555569,0.0049916506,0.0018978715,-0.039631106,0.09719829,0.04778533,False,0.0
4801.691238292,0,-0.005419418,0.004732907,0.00812757,-0.024607338,0.06716067,0.04646521,False,0.0
4801.711238292,20000000,-0.0074124783,0.00077682734,0.006857991,-0.0078361705,0.025059294,0.038362622,False,0.0
4801.731238292,0,-0.0070946813,-0.0034473538,0.0039711,0.0016660988,-0.008553613,0.037660792,False,0.0
4801.751238292,0,-0.0027660877,-0.0076026917,-0.0033457875,0.011642691,-0.019265037,0.028232373,False,0.0
4801.771238292,0,0.0017615706,-0.008824825,-0.010176837,0.016450925,-0.00018227659,0.011396287,False,0.0
4801.791238292,0,-0.0033581406,-0.0073779225,-0.009695172,0.01161033,0.016577955,0.0012976071,False,0.0
4801.811238292,20000000,-0.010485366,-0.007879376,-0.003723681,0.010049716,0.009993633,-0.002573386,False,0.0
4801.831238292,0,-0.00815174,-0.01077193,-0.00603354,0.019965352,0.0042003933,-0.012453434,False,0.0
4801.851238292,0,-0.008531272,-0.006350577,-0.0041867495,0.01802847,0.013839528,-0.023509523,False,0.0
4801.871238292,20000000,-0.008911252,-0.0019289255,-0.002340138,0.016091587,0.023478663,-0.034565613,False,0.0
4801.891238292,40000000,-0.009291664,0.0024929643,-0.0004937053,0.014154703,0.033117797,-0.0456217,False,0.0
4801.911238292,60000000,-0.007865399,0.0047667027,-0.001744926,0.010170778,0.030467361,-0.046113912,False,0.0
4801.931238292,0,0.002907157,-0.0024325252,-0.006552458,0.01899758,0.04594333,-0.055629108,False,0.0
4801.951238292,0,0.005639881,-0.00049859285,-0.0034294128,0.028968975,0.061412875,-0.064845525,False,0.0
4801.971238292,0,0.001238212,0.007121861,0.0030287504,0.030739304,0.06264718,-0.06436765,False,0.0
4801.991238292,0,0.0007172674,0.012065113,0.0040538907,0.020896226,0.05279655,-0.056607515,False,0.0
4802.011238292,20000000,0.0032779723,0.014132857,0.0017730594,0.015197631,0.04562246,-0.043773577,False,0.0
4802.031238292,0,0.006597504,0.008923829,0.00022786856,0.02033202,0.041590672,-0.029006118,False,0.0
4802.051238292,0,0.0065998137,0.009059489,0.0029357672,0.026620427,0.03980062,-0.025897592,False,0.0
4802.071238292,20000000,0.0066015124,0.009195149,0.0056427717,0.032908835,0.03801057,-0.022789067,False,0.0
4802.091238292,40000000,0.006602794,0.0093307495,0.008349121,0.03919724,0.03622052,-0.01968054,False,0.0
4802.111238292,0,0.004839137,0.0070261955,0.008131564,0.037999444,0.020721605,-0.017406587,False,0.0
4802.131238292,0,0.0050493926,0.0031958818,0.0075154305,0.041243974,0.006993478,-0.009817733,False,0.0
4802.151238292,0,0.006532803,0.003546536,0.0060477853,0.033118017,0.010389039,-0.004685667,False,0.0
4802.171238292,20000000,0.008016169,0.0038972497,0.004579842,0.024992064,0.0137846,0.00044639967,False,0.0
4802.191238292,40000000,0.009499505,0.004248202,0.0031116009,0.016866108,0.017180162,0.0055784667,False,0.0
4802.211238292,60000000,0.009173617,0.0029792786,0.0016037822,0.011842272,0.026043024,0.01038116,False,0.0
4802.231238292,0,0.005270377,0.0037145615,0.003681779,0.008452383,0.025763325,0.01984042,False,0.0
4802.251238292,20000000,0.00090035796,0.00624758,0.006919563,0.0060112323,0.01640638,0.026492212,False,0.0
4802.271238292,0,-0.00019459426,0.006172478,0.0058535933,0.00060456665,0.007972524,0.031253047,False,0.0
4802.291238292,0,-0.0021862984,0.002697289,0.004090607,0.0010786825,-0.0050941976,0.035738613,False,0.0
4802.311238292,20000000,-0.00033570826,0.0017704964,-5.5789948e-05,0.0046941633,-0.006995597,0.038731895,False,0.0
4802.331238292,0,0.003027007,-0.0021389723,-0.00538373,-0.0009829463,0.016002677,0.030791527,False,0.0
4802.351238292,20000000,-0.00023759902,-0.0021431446,-0.0039439797,-0.0009832075,0.031423785,0.012232304,False,0.0
4802.371238292,0,-0.005949676,-0.0024636388,-0.00059580803,0.008456083,0.032465346,-0.0070911255,False,0.0
4802.391238292,0,-0.0067843795,-0.0021317601,-0.0025991201,0.021926649,0.027781826,-0.02143747,False,0.0
4802.411238292,0,-0.0030575842,-0.0047151446,-0.005662799,0.039192423,0.0465125,-0.0426578,False,0.0
4802.431238292,0,-0.0025511384,-0.00035983324,-0.010297298,0.05086255,0.069249265,-0.06558904,False,0.0
4802.451238292,20000000,-0.0056565553,0.005120933,-0.0083165765,0.061284296,0.08217689,-0.07787803,False,0.0
4802.471238292,0,-0.002543956,0.006802678,-0.012747228,0.061406974,0.098914914,-0.08334494,False,0.0
4802.491238292,20000000,0.00056652725,0.008484185,-0.017179728,0.061529648,0.11565294,-0.08881184,False,0.0
4802.511238292,40000000,0.0037691444,0.0014045835,-0.018540382,0.07345252,0.1420658,-0.09716903,False,0.0
4802.531238292,0,0.0016005635,-0.0042712092,-0.013523221,0.09667662,0.16500005,-0.106064655,False,0.0
4802.551238292,20000000,0.00023248792,-0.006102264,-0.011830151,0.11375549,0.16743712,-0.108517274,False,0.0
4802.571238292,0,0.0014382154,-0.0058881044,-0.011471689,0.124210626,0.16872354,-0.11055086,False,0.0
4802.591238292,0,0.0038325489,-0.005036235,-0.013375461,0.12318479,0.18219727,-0.11446575,False,0.0
4802.611238292,0,0.00055354834,-0.0038530827,-0.012402773,0.11975886,0.19556244,-0.11303617,False,0.0
4802.631238292,20000000,-0.006190598,-0.0034987926,-0.015713155,0.117650576,0.20333193,-0.10078919,False,0.0
4802.651238292,0,-0.008409023,-0.007763326,-0.021736264,0.122388534,0.21870685,-0.09550666,False,0.0
4802.671238292,0,-0.012992263,-0.016205609,-0.027276695,0.13451311,0.24085204,-0.097658284,False,0.0
4802.691238292,20000000,-0.021507517,-0.023539782,-0.029958725,0.16624205,0.25858268,-0.10029595,False,0.0
4802.711238292,0,-0.028325617,-0.026568115,-0.033321083,0.18159294,0.29532325,-0.102890305,False,0.0
4802.731238292,0,-0.032740936,-0.026807368,-0.036692858,0.18185495,0.3386018,-0.12319724,False,0.0
4802.751238292,0,-0.03629425,-0.0281685,-0.036114335,0.17226274,0.38866085,-0.15313978,False,0.0
4802.771238292,0,-0.045733467,-0.026381493,-0.033127785,0.16785948,0.4317596,-0.18777482,False,0.0
4802.791238292,20000000,-0.055185184,-0.02461183,-0.030187905,0.16345622,0.47485834,-0.22240987,False,0.0
4802.811238292,40000000,-0.053785026,-0.023973644,-0.03302157,0.1531886,0.52060956,-0.26242855,False,0.0
4802.831238292,0,-0.04961537,-0.023494363,-0.03381157,0.14064683,0.5714349,-0.310293,False,0.0
4802.851238292,20000000,-0.050641105,-0.022604823,-0.023560107,0.14297538,0.6144968,-0.35769707,False,0.0
4802.871238292,0,-0.051236823,-0.010353446,-0.012725115,0.13709511,0.6408224,-0.40221435,False,0.0
4802.891238292,20000000,-0.04275845,0.004895985,-0.006827235,0.10908623,0.6604095,-0.43880603,False,0.0
4802.911238292,0,-0.029017031,0.015440226,-0.0021974444,0.077352434,0.6949246,-0.48255765,False,0.0
4802.931238292,0,-0.021988377,0.025784075,0.00834012,0.061170086,0.7355694,-0.52489865,False,0.0
4802.951238292,20000000,-0.020250931,0.03878635,0.023465037,0.0652743,0.74399817,-0.53927624,False,0.0
4802.971238292,0,-0.010055721,0.048995674,0.024951458,0.08339949,0.7462954,-0.53832453,False,0.0
4802.991238292,20000000,0.00019490719,0.05913812,0.02635789,0.10152468,0.7485926,-0.5373728,False,0.0
4803.011238292,40000000,0.00341326,0.06327617,0.022064507,0.12223875,0.74060136,-0.5020734,False,0.0
4803.031238292,0,0.010965288,0.061017692,0.025280237,0.14955819,0.73005813,-0.44629428,False,0.0
4803.051238292,0,0.020922601,0.05776459,0.024314582,0.17649154,0.7140797,-0.38209343,False,0.0
4803.071238292,0,0.019713193,0.045445025,0.02841574,0.19810745,0.685368,-0.29904297,False,0.0
4803.091238292,20000000,0.01851818,0.033076644,0.03240329,0.21972334,0.6566563,-0.21599248,False,0.0
4803.111238292,40000000,0.017339408,0.02065891,0.036277473,0.24133925,0.62794465,-0.13294199,False,0.0
4803.131238292,0,0.019137383,0.010866404,0.035155892,0.22382681,0.59497046,-0.050829835,False,0.0
4803.151238292,0,0.014732569,0.0050572753,0.045310855,0.17542645,0.53004897,-0.011666983,False,0.0
4803.171238292,20000000,0.010343552,-0.00075751543,0.055371046,0.1270261,0.46512753,0.027495876,False,0.0
4803.191238292,40000000,0.0078110993,0.009344161,0.065024495,0.053808175,0.39730883,0.019301895,False,0.0
4803.211238292,0,0.0021539032,0.029320896,0.064317584,-0.03953983,0.33967572,-0.0076936856,False,0.0
4803.231238292,0,-0.014668733,0.052653432,0.06192547,-0.13566612,0.24414179,-0.00095606456,False,0.0
4803.251238292,20000000,-0.018160552,0.062149107,0.05111766,-0.19686218,0.13679829,0.042121045,False,0.0
4803.271238292,0,-0.0037118495,0.054921985,0.03087455,-0.20594153,0.08124046,0.093548566,False,0.0
4803.291238292,20000000,0.008490741,0.055702746,0.020867407,-0.17088386,0.078097105,0.15086743,False,0.0
4803.311238292,0,0.016626686,0.05807227,0.01917535,-0.12841126,0.085720114,0.19770077,False,0.0
4803.331238292,0,0.017360926,0.059355915,0.025030136,-0.08952086,0.082699925,0.24699464,False,0.0
4803.351238292,0,0.020180017,0.050849438,0.028663337,-0.04785374,0.07173348,0.2952555,False,0.0
4803.371238292,0,0.025358617,0.030308485,0.016164482,-0.014443785,0.060272247,0.3357419,False,0.0
4803.391238292,20000000,0.030551404,0.009798288,0.0036610365,0.018966168,0.048811007,0.37622833,False,0.0
4803.411238292,40000000,0.035758674,-0.010681152,-0.008846879,0.05237612,0.03734977,0.41671473,False,0.0
4803.431238292,0,0.033650726,-0.062482983,-0.01596129,0.1129687,0.017026601,0.46818277,False,0.0
4803.451238292,20000000,0.042479157,-0.10761678,-0.017953575,0.17642838,0.008347948,0.46050826,False,0.0
4803.471238292,0,0.054433703,-0.12520874,-0.0075811744,0.17341655,0.023807187,0.39386636,False,0.0
4803.491238292,20000000,0.06637466,-0.113336235,0.009318113,0.111875705,0.08197804,0.24593662,False,0.0
4803.511238292,0,0.037567288,-0.065942734,0.032782495,-0.003989704,0.10400115,0.114898264,False,0.0
4803.531238292,0,0.0018297732,-0.016555607,0.050210416,-0.1298813,0.020527497,0.07591471,False,0.0
4803.551238292,20000000,-0.00073236227,0.0075148344,0.034799814,-0.23919415,-0.06533426,0.10666584,False,0.0
4803.571238292,0,0.002440244,0.01884222,0.018765867,-0.312895,-0.1222502,0.1481399,False,0.0
4803.591238292,20000000,0.0027391315,0.037150383,0.0010710359,-0.3747545,-0.140445,0.21425597,False,0.0
4803.611238292,0,0.007411182,0.041370034,-0.0064296126,-0.41337234,-0.18177634,0.27879024,False,0.0
4803.631238292,20000000,0.018932134,0.032714963,-0.0113687515,-0.44554633,-0.18401375,0.32121298,False,0.0
4803.651238292,0,0.03031072,0.014388561,-0.011243463,-0.43810079,-0.17683333,0.33628973,False,0.0
4803.671238292,20000000,0.026329786,0.0010400414,-0.0061711073,-0.37957534,-0.16305353,0.31962237,False,0.0
4803.691238292,0,0.0148718655,7.921457e-05,-0.0029412508,-0.30780983,-0.1808888,0.35035974,False,0.0
4803.711238292,20000000,0.0033973157,-0.00086277723,0.0002834201,-0.23604435,-0.19872408,0.38109708,False,0.0
4803.731238292,40000000,0.045508683,-0.07275954,-0.023415029,-0.17272572,-0.23754744,0.36843053,False,0.0
4803.751238292,0,0.043082565,-0.11808938,0.013209522,-0.07123454,-0.12780178,0.1608782,False,0.0
4803.771238292,0,0.04890746,-0.10634592,0.041988254,0.013683483,-0.09959509,0.04471173,False,0.0
4803.791238292,20000000,0.03545302,-0.085799724,0.054817915,0.043084107,-0.16727677,-0.047051333,False,0.0
4803.811238292,0,0.083030194,-0.06886956,-0.06721169,0.050697125,-0.08808993,0.044334076,False,0.0
4803.831238292,20000000,0.010180593,-0.07594293,-0.028554738,-0.015356883,-0.08660063,0.10639897,False,0.0
4803.851204667,0,-0.037112564,-0.04956464,0.05343289,-0.048505686,-0.25478375,0.12837553,False,0.0
4803.871204667,0,-0.007521957,-0.02053976,0.049768448,-0.08364076,-0.26530927,-0.073061004,False,0.0
4803.891204667,20000000,0.022085696,0.008494973,0.04604584,-0.11877583,-0.2758348,-0.27449757,False,0.0
4803.911204667,0,0.03403595,0.04636389,0.040831566,-0.06373499,-0.253364,-0.40302846,False,0.0
4803.931204667,0,0.03701943,0.08201051,0.03231287,0.027711242,-0.21913902,-0.44203687,False,0.0
4803.951204667,20000000,0.029231548,0.0985136,0.027107,0.1359972,-0.22727895,-0.39211732,False,0.0
4803.971204667,0,0.019832969,0.08925736,0.018441021,0.22437367,-0.27315181,-0.27260047,False,0.0
4803.991204667,20000000,0.010446101,0.080048144,0.009739637,0.31275013,-0.3190247,-0.15308362,False,0.0
4804.011204667,40000000,0.00075399876,0.06105566,-0.008708477,0.348929,-0.33910498,-0.045396134,False,0.0
4804.031204667,0,-0.009470046,0.031336784,-0.022176206,0.3540588,-0.36296585,0.044801682,False,0.0
4804.051204667,20000000,-0.018898576,-0.0073639154,-0.033984125,0.34482715,-0.35146093,0.09910913,False,0.0
4804.071204667,0,-0.027944207,-0.044274718,-0.039407015,0.336896,-0.33634102,0.11299939,False,0.0
4804.091204667,0,-0.03662613,-0.07422823,-0.04056251,0.33112395,-0.30226445,0.0868887,False,0.0
4804.111204667,20000000,-0.03856331,-0.09106454,-0.039531946,0.30863306,-0.25472456,0.017917491,False,0.0
4804.131204667,0,-0.03200203,-0.0976001,-0.04095888,0.27778217,-0.19829169,-0.09027657,False,0.0
4804.151204667,0,-0.03308487,-0.08563268,-0.033650935,0.2344931,-0.123894684,-0.21901828,False,0.0
4804.171204667,0,-0.031269312,-0.06594449,-0.026078224,0.19014557,-0.084223315,-0.32516772,False,0.0
4804.191204667,0,-0.023712546,-0.04252538,-0.02074033,0.13488457,-0.039236583,-0.4166055,False,0.0
4804.211204667,20000000,-0.01656571,-0.018710345,-0.017608583,0.09162366,-0.0061959065,-0.48340806,False,0.0
4804.231204667,0,-0.013705373,0.0074493885,-0.013944447,0.06556697,0.02294848,-0.51037014,False,0.0
4804.251204667,0,-0.010794014,0.022878587,-0.0123692155,0.06682621,0.060194656,-0.47082436,False,0.0
4804.271204667,20000000,-0.007872939,0.03833878,-0.010786295,0.06808545,0.09744084,-0.4312786,False,0.0
4804.291204667,40000000,-0.0049425066,0.053830147,-0.009195685,0.069344684,0.134687,-0.39173284,False,0.0
4804.311204667,60000000,0.0006646216,0.05450833,-0.0051771402,0.072342075,0.1594649,-0.34524608,False,0.0
4804.331204667,0,0.004858315,0.04408741,0.0032681227,0.08869054,0.16956955,-0.3119828,False,0.0
4804.351204667,0,0.0039123,0.037097037,0.012605786,0.110598,0.15200132,-0.29378155,False,0.0
4804.371204667,20000000,0.002966553,0.030110002,0.021945238,0.13250545,0.13443309,-0.2755803,False,0.0
4804.391204667,0,0.0060447454,0.027117968,0.023013353,0.1471894,0.09698794,-0.24474609,False,0.0
4804.411204667,20000000,0.012901068,0.023979604,0.018849432,0.1539482,0.07389054,-0.21181512,False,0.0
4804.431204667,0,0.014337003,0.024381757,0.01552248,0.1559501,0.057506837,-0.1765853,False,0.0
4804.451204667,0,0.0050925016,0.026167989,0.018919468,0.14019005,0.030890329,-0.13728823,False,0.0
4804.471204667,0,0.004137069,0.02257824,0.015402734,0.12524988,-0.007183669,-0.103449464,False,0.0
4804.491204667,20000000,0.010346532,0.015058279,0.0058974624,0.11747554,-0.011089456,-0.08502721,False,0.0
4804.511204667,0,0.012327582,0.009553194,0.0010851026,0.1209299,-0.0022800826,-0.0677699,False,0.0
4804.531204667,0,0.010314852,0.008195996,-0.0038745403,0.12307574,0.0011428054,-0.029294346,False,0.0
4804.551204667,20000000,0.010121405,-0.0007265806,-0.0008994341,0.13325828,-0.009123421,0.01014379,False,0.0
4804.571204667,0,0.009469807,0.0020204186,0.0042263865,0.11735963,-0.024614688,0.031257287,False,0.0
4804.591204667,20000000,0.008820206,0.0047703385,0.009347677,0.10146098,-0.040105954,0.052370787,False,0.0
4804.611204667,40000000,0.0073315203,0.015421331,0.015366435,0.0684632,-0.07498889,0.087569475,False,0.0
4804.631204667,0,0.00747326,0.032151103,0.01939708,0.007745117,-0.111810796,0.14436983,False,0.0
4804.651204667,0,0.0040009916,0.074061215,0.022477508,-0.0742637,-0.18857448,0.32123494,False,0.0
4804.671204667,20000000,0.000531286,0.11597103,0.025558472,-0.15627253,-0.26533818,0.49810004,False,0.0
4804.691204667,0,0.006148368,0.13999498,0.018957973,-0.2649027,-0.33972707,0.7426911,False,0.0
4804.711204667,20000000,-0.00030565262,0.16613108,0.013768315,-0.39941254,-0.42596725,1.063926,False,0.0
4804.731204667,0,-0.0040097535,0.17357308,-0.0016517043,-0.5572781,-0.5017426,1.409203,False,0.0
4804.751204667,20000000,-0.0121667385,0.17011619,-0.01829189,-0.7213541,-0.56718796,1.7588477,False,0.0
4804.771204667,0,-0.020644069,0.14698988,-0.02441901,-0.86787695,-0.60716987,2.0730443,False,0.0
4804.791204667,20000000,-0.0409666,0.11972731,-0.0236575,-0.9900328,-0.63132244,2.327901,False,0.0
4804.811204667,0,-0.06557688,0.08348292,-0.009308875,-1.0640056,-0.68885875,2.516146,False,0.0
4804.831204667,0,-0.073718935,0.04014188,-0.0067273974,-1.0864471,-0.71302724,2.5971396,False,0.0
4804.851204667,20000000,-0.08866283,0.009109318,-0.00019806623,-1.0765892,-0.7372371,2.5916054,False,0.0
4804.871204667,0,-0.10151848,0.004475653,0.0030410886,-1.0297962,-0.80744016,2.5438147,False,0.0
4804.891204667,20000000,-0.11429992,0.0005571246,0.006544769,-0.9830032,-0.8776432,2.496024,False,0.0
4804.911204667,40000000,-0.12696704,-0.0026566982,0.010325611,-0.9362102,-0.9478463,2.448233,False,0.0
4804.931204667,60000000,-0.13029143,0.007181585,0.014042556,-0.88434607,-1.0251926,2.4001737,False,0.0
4804.951204667,0,-0.1394068,0.025206655,0.018439233,-0.84577787,-1.1162573,2.3949628,False,0.0
4804.971204667,0,-0.1613209,0.05686736,0.02685535,-0.82192165,-1.2328212,2.4714382,False,0.0
4804.991204667,20000000,-0.18367007,0.08091515,0.032850146,-0.8170873,-1.3884455,2.6959314,False,0.0
4805.011204667,0,-0.18319756,0.056038797,0.023428679,-0.80675405,-1.4940745,2.9279542,False,0.0
4805.031204667,0,-0.18667042,0.023106396,0.0055120587,-0.82211244,-1.525627,3.0930035,False,0.0
4805.051204667,0,-0.20094581,0.0022898018,-0.004363358,-0.87259257,-1.5279689,3.192535,False,0.0
4805.071204667,20000000,-0.22037058,-0.0021466017,-0.0114299655,-0.97167516,-1.5101153,3.2336366,False,0.0
4805.091204667,0,-0.22516315,0.0052888393,-0.022005856,-1.0823376,-1.5137054,3.2393587,False,0.0
4805.111204667,0,-0.21879125,0.023442537,-0.028335035,-1.1811913,-1.4739622,3.2237692,False,0.0
4805.131204667,20000000,-0.2079661,0.042296052,-0.026783407,-1.2408994,-1.4259268,3.2261398,False,0.0
4805.151204667,0,-0.18321392,0.06378189,-0.0619089,-1.2654493,-1.3968152,3.2369003,False,0.0
4805.171204667,0,-0.11918685,0.10938549,-0.11150712,-1.2977804,-1.3033059,3.33832,False,0.0
4805.191204667,20000000,-0.05454114,0.15514868,-0.16079903,-1.3301115,-1.2097965,3.4397397,False,0.0
4805.211204667,40000000,0.017539531,0.21995544,-0.1732431,-1.3683115,-1.020962,3.6938663,False,0.0
4805.231204667,0,0.06460592,0.1583398,-0.119775,-1.2415528,-0.799064,3.929871,False,0.0
4805.251204667,20000000,0.11297545,0.09791604,-0.06565744,-1.1147941,-0.57716596,4.165876,False,0.0
4805.271204667,0,0.07053757,0.055786937,0.03212613,-0.93290484,-0.54746586,4.3476243,False,0.0
4805.291204667,20000000,0.021397829,0.021457076,0.078799784,-0.815915,-0.6548284,4.4879503,False,0.0
4805.311204667,0,0.0069193244,-0.031660482,0.06730127,-0.77177125,-0.7551941,4.511601,False,0.0
4805.331204667,0,0.00082850456,-0.06684376,0.04954928,-0.80527365,-0.7867553,4.3790326,False,0.0
4805.351204667,0,-0.023449361,-0.076812424,0.051970243,-0.88810706,-0.7875394,4.128801,False,0.0
4805.371204667,0,-0.0523417,-0.08054949,0.06056708,-0.95256823,-0.8601556,3.886416,False,0.0
4805.391204667,20000000,-0.061124086,-0.10905816,0.03823322,-0.9682305,-0.9249611,3.5967116,False,0.0
4805.411204667,0,-0.060313106,-0.12236259,0.00766474,-0.974083,-0.9421215,3.2571936,False,0.0
4805.431204667,0,-0.05819136,-0.1280208,-0.010793805,-0.9430015,-0.9396317,2.9000201,False,0.0
4805.451204667,20000000,-0.06581533,-0.12781644,-0.014687777,-0.8949922,-0.9323168,2.549942,False,0.0
4805.471204667,0,-0.06782493,-0.123196736,-0.010507524,-0.8027958,-0.9622689,2.3234541,False,0.0
4805.491204667,20000000,-0.06933439,-0.119337514,-0.006502509,-0.7105994,-0.992221,2.0969663,False,0.0
4805.511204667,40000000,-0.07038033,-0.11625661,-0.002693653,-0.6184031,-1.0221732,1.8704785,False,0.0
4805.531204667,0,-0.061792314,-0.110617384,-0.0060878396,-0.54868764,-1.0170039,1.719442,False,0.0
4805.551204667,20000000,-0.050762624,-0.09877915,-0.0060017705,-0.507459,-0.98906237,1.6079942,False,0.0
4805.571204667,0,-0.03768763,-0.09454864,-0.0027956367,-0.48148176,-0.9381881,1.5242524,False,0.0
4805.591204667,20000000,-0.03380254,-0.080805704,0.01228863,-0.4661132,-0.88320416,1.4578359,False,0.0
4805.611204667,0,-0.02848795,-0.069557264,0.015231252,-0.469351,-0.8680909,1.4302593,False,0.0
4805.631204667,0,-0.0029829443,-0.072424755,-0.0007996559,-0.48464167,-0.8333199,1.4061707,False,0.0
4805.651204667,20000000,0.020516992,-0.08553538,-0.018047571,-0.49822906,-0.7385014,1.3593259,False,0.0
4805.671204667,0,0.023813277,-0.093576506,-0.019147813,-0.499536,-0.6436242,1.3227056,False,0.0
4805.691204667,20000000,0.013082832,-0.10499365,-0.0018293262,-0.48758385,-0.57485145,1.2831169,False,0.0
4805.711204667,0,0.01161629,-0.12163276,-7.4625015e-05,-0.47015226,-0.55507636,1.2501767,False,0.0
4805.731204667,20000000,0.02821675,-0.14951311,0.0040720105,-0.43581414,-0.510159,1.1926627,False,0.0
4805.751204667,0,0.033504307,-0.16007496,0.020554781,-0.38845873,-0.4784893,1.1493361,False,0.0
4805.771204667,0,0.04071343,-0.16923013,0.025848687,-0.37610215,-0.5001341,1.110886,False,0.0
4805.791204667,20000000,0.047938943,-0.17861027,0.031043112,-0.36374554,-0.5217789,1.0724359,False,0.0
4805.811204667,40000000,0.055174887,-0.18821497,0.03613627,-0.35138896,-0.54342365,1.0339856,False,0.0
4805.831204667,0,0.07084593,-0.21443391,0.028434396,-0.34923744,-0.5317493,0.9198365,False,0.0
4805.851204667,20000000,0.0721719,-0.2286225,0.039105654,-0.3236282,-0.5044667,0.76245826,False,0.0
4805.871204667,0,0.061606914,-0.22136481,0.04758489,-0.28292492,-0.52421355,0.62476367,False,0.0
4805.891204667,20000000,0.071731016,-0.21024346,0.032894313,-0.25936303,-0.5111712,0.50934917,False,0.0
4805.911204667,0,0.07412805,-0.22328137,0.03928286,-0.20804328,-0.49475572,0.39054558,False,0.0
4805.931204667,0,0.08837935,-0.24175441,0.02259922,-0.14123347,-0.48827985,0.23524556,False,0.0
4805.951204667,20000000,0.09696323,-0.26111287,0.0007594228,-0.044750303,-0.4584481,0.026086643,False,0.0
4805.971204667,0,0.05256927,-0.2414794,-0.0561831,0.012394089,-0.5360086,-0.15392454,False,0.0
4805.991204667,0,0.049092337,-0.22666207,-0.04852587,0.047783554,-0.53119224,-0.29885006,False,0.0
4806.011204667,0,0.0426348,-0.14891684,0.031704187,0.10309526,-0.45877793,-0.521432,False,0.0
4806.031204667,20000000,-0.010473803,-0.0114816185,0.08528978,0.05361159,-0.43008393,-0.6624184,False,0.0
4806.051204667,0,-0.06581434,0.091525376,0.11545575,-0.032288745,-0.5164293,-0.68459946,False,0.0
4806.071204667,0,-0.07538551,0.13611226,0.08169842,-0.12994787,-0.54076487,-0.6332298,False,0.0
4806.091204667,20000000,-0.08487349,0.18083942,0.047776997,-0.22760698,-0.56510043,-0.5818601,False,0.0
4806.111204667,40000000,-0.09428197,0.22570848,0.013691127,-0.32526612,-0.589436,-0.53049046,False,0.0
4806.131204667,60000000,-0.12854615,0.24978675,-0.016417146,-0.38615912,-0.6334058,-0.45937085,False,0.0
4806.151204667,0,-0.13760266,0.25622168,-0.051530123,-0.38786292,-0.6723447,-0.32211417,False,0.0
4806.171204667,0,-0.104766056,0.22562763,-0.07608396,-0.33650893,-0.58785844,-0.20068347,False,0.0
4806.191204667,20000000,-0.083859816,0.20026901,-0.08004588,-0.23510414,-0.4620291,-0.12222966,False,0.0
4806.211204667,0,-0.06660967,0.17828144,-0.051620185,-0.15755478,-0.3294146,-0.054724477,False,0.0
4806.231204667,0,-0.054729957,0.16319214,-0.014611244,-0.120207876,-0.2050811,-0.03907458,False,0.0
4806.251133417,0,-0.07620989,0.16877356,0.043528195,-0.13447832,-0.13709934,-0.018002309,False,0.0
4806.271133417,0,-0.06618578,0.14926696,0.054522336,-0.14378543,-0.16632944,0.01024073,False,0.0
4806.291133417,0,-0.054855727,0.13559508,0.06152284,-0.16642933,-0.1601289,0.021918295,False,0.0
4806.311133417,20000000,-0.055548966,0.13795492,0.063932,-0.22309336,-0.15227026,0.036140494,False,0.0
4806.331133417,0,-0.053288944,0.14607179,0.05411768,-0.32546753,-0.15261364,0.084090464,False,0.0
4806.351133417,0,-0.055851046,0.14116362,0.037098706,-0.48763466,-0.14586644,0.16149577,False,0.0
4806.371133417,20000000,-0.058475737,0.13626523,0.019873798,-0.64980185,-0.13911924,0.23890111,False,0.0
4806.391133417,40000000,-0.06116376,0.13137984,0.0024431348,-0.81196904,-0.13237204,0.3163064,False,0.0
4806.411133417,60000000,-0.075302824,0.11703098,-0.004791498,-0.9499408,-0.1214472,0.38649195,False,0.0
4806.431133417,0,-0.08521854,0.09518513,-0.016011536,-1.0561931,-0.11208846,0.4374505,False,0.0
4806.451133417,0,-0.08564546,0.083517715,-0.016536057,-1.0900816,-0.07959358,0.4318405,False,0.0
4806.471133417,20000000,-0.08627791,0.07197106,-0.017574608,-1.12397,-0.047098693,0.42623052,False,0.0
4806.491133417,40000000,-0.08711536,0.060558766,-0.01912421,-1.1578586,-0.014603812,0.42062053,False,0.0
4806.511133417,60000000,-0.083661124,0.05618936,-0.027490675,-1.1464138,0.017941453,0.38121694,False,0.0
4806.531133417,0,-0.081517726,0.063658714,-0.032213748,-1.1022545,0.04755663,0.33282563,False,0.0
4806.551133417,0,-0.08189716,0.07740271,-0.025839508,-1.0451399,0.056394458,0.2757762,False,0.0
4806.571133417,20000000,-0.082372114,0.091303706,-0.019876063,-0.98802525,0.065232284,0.21872675,False,0.0
4806.591133417,40000000,-0.08354944,0.10908818,-0.012552857,-0.9300709,0.047048226,0.18232004,False,0.0
4806.611133417,0,-0.08923122,0.13877007,-0.0034580827,-0.8851922,0.028619338,0.19234636,False,0.0
4806.631133417,0,-0.09293368,0.17659307,-0.002197504,-0.8626042,-0.004413627,0.26409844,False,0.0
4806.651133417,20000000,-0.09756586,0.2076143,-0.004301071,-0.86259973,-0.028134057,0.38078994,False,0.0
4806.671133417,0,-0.09560805,0.19975212,-0.015138626,-0.8418964,-0.03645441,0.5264068,False,0.0
4806.691133417,20000000,-0.09382154,0.19205645,-0.026226819,-0.8211931,-0.04477476,0.67202365,False,0.0
4806.711133417,40000000,-0.09404176,0.16871947,-0.033495486,-0.78691965,-0.022114765,0.77180654,False,0.0
4806.731133417,0,-0.09500481,0.13907728,-0.035146058,-0.74949616,-0.020218996,0.84125274,False,0.0
4806.751133417,0,-0.07413378,0.09554705,-0.038555026,-0.7075949,0.0056747887,0.85511255,False,0.0
4806.771133417,20000000,-0.05958897,0.06796628,-0.022283077,-0.66077137,0.033098616,0.84350693,False,0.0
4806.791133417,0,-0.05149287,0.04497379,0.001884222,-0.6096499,0.027552318,0.8115285,False,0.0
4806.811133417,20000000,-0.044225134,0.021297157,0.008899093,-0.5542268,-0.00074276887,0.74032557,False,0.0
4806.831133417,0,-0.038962208,-0.0066931844,0.0031524897,-0.48893455,-0.018328326,0.61057234,False,0.0
4806.851133417,0,-0.03239064,-0.033112705,-0.0071846247,-0.4214559,-0.015495272,0.44939038,False,0.0
4806.871133417,0,-0.029486,-0.05032122,-0.009690046,-0.34652779,0.020898758,0.25661957,False,0.0
4806.891133417,20000000,-0.04410351,-0.050245732,-0.0026174188,-0.26616994,0.054071337,0.08066988,False,0.0
4806.911133417,0,-0.07398657,-0.032565296,0.010103345,-0.19003412,0.04472001,-0.016175412,False,0.0
4806.931133417,0,-0.10802743,-0.008609772,0.02359134,-0.11997015,-0.0034827031,-0.023386206,False,0.0
4806.951133417,0,-0.13293673,0.018224895,0.027959704,-0.08107962,-0.07739484,0.034536906,False,0.0
4806.971133417,0,-0.13453528,0.033383787,0.011730492,-0.11934373,-0.08983819,0.110158436,False,0.0
4806.991133417,20000000,-0.13613757,0.048540175,-0.004505515,-0.15760784,-0.10228154,0.18577996,False,0.0
4807.011133417,40000000,-0.14012682,0.051055253,-0.00603503,-0.20393614,-0.07456237,0.24202277,False,0.0
4807.031133417,0,-0.14187258,0.04687053,-0.0013790131,-0.23852451,-0.023152221,0.28219628,False,0.0
4807.051133417,0,-0.13522266,0.053862035,0.011046112,-0.25226787,0.019999135,0.3164177,False,0.0
4807.071133417,20000000,-0.12859876,0.060874045,0.023447871,-0.26601124,0.063150495,0.3506391,False,0.0
4807.091133417,0,-0.11687989,0.07612008,0.032969654,-0.30181062,0.10985993,0.37679923,False,0.0
4807.111133417,20000000,-0.10806242,0.097170234,0.04902196,-0.34951782,0.13316399,0.42190647,False,0.0
4807.131133417,0,-0.110553235,0.11451304,0.05908239,-0.3970304,0.11778198,0.5085561,False,0.0
4807.151133417,20000000,-0.106076434,0.10862261,0.04801005,-0.43647125,0.0764243,0.6417984,False,0.0
4807.171133417,0,-0.09841578,0.084010005,0.04882908,-0.43351015,0.027249519,0.7877782,False,0.0
4807.191133417,20000000,-0.076967105,0.043915212,0.036914825,-0.4165145,0.019538235,0.8941605,False,0.0
4807.211133417,0,-0.05216741,0.008585274,0.02545011,-0.40031907,0.04627944,0.9273035,False,0.0
4807.231133417,0,-0.047970697,-0.010309279,0.032142103,-0.40119442,0.0678042,0.9257032,False,0.0
4807.251133417,20000000,-0.052049287,-0.028849721,0.048977017,-0.3934163,0.036128215,0.9318832,False,0.0
4807.271133417,0,-0.03359218,-0.042693198,0.028059721,-0.36451173,-0.059701674,0.93968403,False,0.0
4807.291133417,20000000,-0.015184909,-0.056331277,0.0071436763,-0.33560714,-0.15553156,0.9474849,False,0.0
4807.311133417,40000000,0.021694526,-0.056243002,-0.053727448,-0.35013902,-0.2718712,0.9523513,False,0.0
4807.331133417,0,0.07914494,-0.055367947,-0.10362607,-0.40294248,-0.30033854,0.9180208,False,0.0
4807.351133417,20000000,0.1432769,-0.05597657,-0.07303375,-0.39994952,-0.2672988,0.85509366,False,0.0
4807.371133417,0,0.1935781,-0.051217437,-0.02346456,-0.33947384,-0.24497803,0.7939809,False,0.0
4807.391133417,20000000,0.23284246,-0.04296547,0.015636802,-0.25223613,-0.24108997,0.747216,False,0.0
4807.411133417,0,0.25189215,-0.025143027,0.05001068,-0.18987502,-0.25150192,0.7043029,False,0.0
4807.431133417,0,0.26068282,-0.004357934,0.068757415,-0.15644796,-0.2939964,0.66374433,False,0.0
4807.451133417,20000000,0.25955206,0.0030395389,0.05473262,-0.15831544,-0.33701217,0.6214403,False,0.0
4807.471133417,0,0.23661397,-0.0076940656,0.052155614,-0.12855887,-0.40638936,0.6047706,False,0.0
4807.491133417,20000000,0.21368346,-0.018384635,0.04960245,-0.09880233,-0.47576654,0.5881009,False,0.0
4807.511133417,0,0.18287185,-0.021968067,0.051903546,-0.040592276,-0.5491824,0.59949595,False,0.0
4807.531133417,20000000,0.14921242,-0.015127659,0.052424014,0.017717991,-0.63395214,0.6450822,False,0.0
4807.551133417,0,0.13731815,-0.01655227,0.040914714,0.05091431,-0.68365866,0.6957641,False,0.0
4807.571133417,20000000,0.12552483,-0.013767064,0.031567812,0.057820372,-0.70706844,0.7493397,False,0.0
4807.591133417,0,0.09734407,0.011616647,0.036480606,0.034033105,-0.73835725,0.8531722,False,0.0
4807.611133417,20000000,0.079365745,0.04809606,0.038015366,-0.033231936,-0.8266159,1.100205,False,0.0
4807.631133417,0,0.084763885,0.052239716,0.014616728,-0.1274935,-0.86958706,1.4031181,False,0.0
4807.651133417,20000000,0.07868004,0.04454428,0.009046793,-0.23603782,-0.8834661,1.7199365,False,0.0
4807.671133417,0,0.06093052,0.027237475,0.010251522,-0.35455364,-0.8983382,2.00324,False,0.0
4807.691133417,0,0.03233552,0.014906347,0.014919341,-0.4830926,-0.9405616,2.256864,False,0.0
4807.711133417,0,0.009857535,-0.0017196536,0.017693222,-0.6026728,-1.0071976,2.4802532,False,0.0
4807.731133417,0,-0.0014279783,-0.020558178,0.0071076155,-0.6967188,-1.0776507,2.6555402,False,0.0
4807.751133417,0,-0.0034384131,-0.045799255,-0.018800914,-0.7743593,-1.1114498,2.755288,False,0.0
4807.771133417,0,-0.010284156,-0.06818986,-0.028449178,-0.8417732,-1.0961498,2.7774808,False,0.0
4807.791133417,20000000,-0.020106465,-0.085994065,-0.030031621,-0.90104336,-1.0618806,2.7221322,False,0.0
4807.811133417,0,-0.03808102,-0.08484927,-0.015764713,-0.9219202,-1.066432,2.6510615,False,0.0
4807.831133417,0,-0.040844947,-0.09337333,-0.011996925,-0.9129461,-1.0854063,2.5517557,False,0.0
4807.851133417,0,-0.044873595,-0.08934355,-0.01666683,-0.89855266,-1.1028576,2.4213364,False,0.0
4807.871133417,20000000,-0.04313016,-0.07142815,-0.019283772,-0.8926173,-1.1077585,2.289653,False,0.0
4807.891133417,0,-0.054528445,-0.048462868,-0.015517831,-0.9023109,-1.1334293,2.1989462,False,0.0
4807.911133417,20000000,-0.065804064,-0.025229752,-0.011563003,-0.91200453,-1.1591,2.1082392,False,0.0
4807.931133417,0,-0.07030696,-0.006809771,-0.01161778,-0.9213108,-1.1613507,2.0504208,False,0.0
4807.951133417,0,-0.07805413,0.00410372,-0.016300559,-0.91639346,-1.167601,2.0334983,False,0.0
4807.971133417,0,-0.07896614,0.013704002,-0.026958764,-0.9077046,-1.1415353,2.0097342,False,0.0
4807.991133417,20000000,-0.0785296,0.026548982,-0.04579574,-0.9265555,-1.0664988,1.9602165,False,0.0
4808.011133417,0,-0.07999334,0.029121697,-0.050457895,-0.9333032,-1.0115578,1.8971801,False,0.0
4808.031133417,0,-0.084082484,0.014451861,-0.048956037,-0.9077228,-0.9377969,1.8099468,False,0.0
4808.051133417,20000000,-0.09041244,0.0057584643,-0.047516286,-0.85327536,-0.881898,1.713265,False,0.0
4808.071133417,0,-0.08470717,0.0048015714,-0.051367998,-0.7933322,-0.828254,1.6180779,False,0.0
4808.091133417,0,-0.074058354,0.003228128,-0.05571395,-0.75015545,-0.75828606,1.5092355,False,0.0
4808.111133417,0,-0.0719437,-0.0013584495,-0.051011026,-0.6964388,-0.698319,1.4040992,False,0.0
4808.131133417,0,-0.075511575,0.00097453594,-0.03635192,-0.6424475,-0.65544194,1.3200116,False,0.0
4808.151133417,0,-0.08035469,0.010727644,-0.021505535,-0.60641265,-0.6242336,1.2560658,False,0.0
4808.171133417,0,-0.07307878,0.013301641,-0.018728375,-0.59270346,-0.61559874,1.2169839,False,0.0
4808.191133417,20000000,-0.06576052,0.015942872,-0.015895963,-0.5789943,-0.6069638,1.177902,False,0.0
4808.211133417,40000000,-0.0583975,0.018649668,-0.013008237,-0.5652851,-0.59832895,1.13882,False,0.0
4808.231133417,0,-0.05180943,0.012143314,-0.016250372,-0.555422,-0.5757338,1.0861973,False,0.0
4808.251133417,0,-0.04753965,0.001883477,-0.017530322,-0.5376854,-0.5691921,1.0216355,False,0.0
4808.271133417,0,-0.044469446,0.008050919,-0.023213923,-0.5176717,-0.56397605,0.9715801,False,0.0
4808.291133417,0,-0.046563327,0.015435636,-0.028952718,-0.5153745,-0.5568207,0.9465461,False,0.0
4808.311133417,0,-0.05298817,0.0144458115,-0.024230003,-0.50628126,-0.5472328,0.930848,False,0.0
4808.331133417,20000000,-0.062277406,0.010646731,-0.013532639,-0.48813117,-0.5506245,0.94080496,False,0.0
4808.351133417,0,-0.065491915,0.00045907497,-0.0072343946,-0.4652975,-0.5605975,0.93284667,False,0.0
4808.371133417,0,-0.062125295,-0.0057061315,-0.016031504,-0.46617094,-0.54855025,0.9194832,False,0.0
4808.391133417,20000000,-0.057423383,-0.016422868,-0.017549336,-0.4629564,-0.5512205,0.8803873,False,0.0
4808.411133417,0,-0.052334487,-0.033030123,-0.019405365,-0.44802585,-0.5400156,0.7907083,False,0.0
4808.431133417,20000000,-0.053917885,-0.037667066,-0.026207983,-0.41861358,-0.5362444,0.66935545,False,0.0
4808.451133417,0,-0.0593189,-0.032777578,-0.025751472,-0.37252092,-0.5300247,0.5637258,False,0.0
4808.471133417,0,-0.051811725,-0.035661757,-0.028067589,-0.29552895,-0.5028788,0.4663983,False,0.0
4808.491133417,20000000,-0.04428473,-0.038586408,-0.030420601,-0.21853697,-0.47573283,0.36907077,False,0.0
4808.511133417,40000000,-0.036738575,-0.04155153,-0.032810986,-0.141545,-0.44858685,0.27174324,False,0.0
4808.531133417,60000000,-0.035447627,-0.025707334,-0.03149122,-0.09240933,-0.40207213,0.16835806,False,0.0
4808.551133417,0,-0.044932693,-0.010698259,-0.013055503,-0.06916783,-0.3808612,0.07595771,False,0.0
4808.571133417,0,-0.04323533,-0.011048645,-0.006879568,-0.052873094,-0.38995075,-0.0013722852,False,0.0
4808.591133417,20000000,-0.025375634,-0.022039473,-0.023630738,-0.043721333,-0.37701806,-0.114352964,False,0.0
4808.6111155,0,-0.027140496,-0.0047483123,-0.021417024,-0.03938485,-0.34910503,-0.20825973,False,0.0
4808.6311155,0,-0.014402479,0.0071321726,-0.023549378,-0.030629642,-0.34760636,-0.21968694,False,0.0
4808.6511155,0,-0.0080938935,0.021535605,-0.023272574,-0.022383716,-0.33415303,-0.22328867,False,0.0
4808.6711155,20000000,-0.011862874,0.046148926,-0.01688826,-0.031518076,-0.32978237,-0.18928629,False,0.0
4808.6911155,0,-0.015663803,0.06861237,-0.010265291,-0.04069692,-0.33508828,-0.097119145,False,0.0
4808.7111155,20000000,-0.017841607,0.080506176,-0.0035176277,-0.038581353,-0.34601393,0.050053336,False,0.0
4808.7311155,0,-0.014268935,0.08072272,-0.010736585,-0.050570488,-0.35592794,0.23487747,False,0.0
4808.7511155,20000000,-0.0106751025,0.08092034,-0.017977297,-0.06255963,-0.36584198,0.41970164,False,0.0
4808.7711155,0,-0.027818948,0.06684205,-0.0058519244,-0.08166373,-0.37249961,0.5491007,False,0.0
4808.7911155,20000000,-0.044927984,0.052755564,0.0062754154,-0.10076783,-0.37915727,0.67849976,False,0.0
4808.8111155,40000000,-0.06028551,0.03043744,0.010676801,-0.117126964,-0.40746132,0.76572436,False,0.0
4808.8311155,0,-0.07758832,0.010444671,0.014293432,-0.13124177,-0.44801804,0.81074345,False,0.0
4808.8511155,0,-0.08937371,-0.0055602193,0.004698515,-0.15433031,-0.49494413,0.8288034,False,0.0
4808.8711155,20000000,-0.089401186,-0.011095315,-0.01543504,-0.19724736,-0.5165111,0.8182916,False,0.0
4808.8911155,0,-0.09020305,0.0013340712,-0.03325051,-0.25581193,-0.523957,0.8020927,False,0.0
4808.9111155,20000000,-0.090082884,0.024941593,-0.0424093,-0.3306341,-0.52180886,0.8146834,False,0.0
4808.9311155,0,-0.08251548,0.036185056,-0.047421515,-0.38818833,-0.51879746,0.8719435,False,0.0
4808.9511155,0,-0.071073174,0.029296398,-0.047172606,-0.41325703,-0.48176628,0.9257165,False,0.0
4808.9711155,20000000,-0.07482213,0.022775292,-0.03384608,-0.40149102,-0.45035452,0.97466946,False,0.0
4808.9911155,0,-0.091358036,0.021920234,-0.016757905,-0.37815595,-0.45466626,1.0221976,False,0.0
4809.0111155,20000000,-0.09378123,0.012249202,-0.020363748,-0.3578342,-0.46066198,1.0463431,False,0.0
4809.0311155,0,-0.0812054,-0.010328621,-0.026697338,-0.33370373,-0.43143463,1.0256412,False,0.0
4809.0511155,0,-0.072256505,-0.028863668,-0.027863145,-0.30352086,-0.3851376,0.9611083,False,0.0
4809.0711155,0,-0.065731734,-0.03453496,-0.019071221,-0.2697119,-0.3429244,0.8340651,False,0.0
4809.0911155,20000000,-0.059173137,-0.040168196,-0.01025331,-0.23590295,-0.3007112,0.7070219,False,0.0
4809.1111155,40000000,-0.048267663,-0.038389623,-0.00022101402,-0.191818,-0.27278006,0.55969715,False,0.0
4809.1311155,0,-0.04429251,-0.012282968,5.6624413e-05,-0.15332228,-0.30616182,0.4589228,False,0.0
4809.1511155,0,-0.030497253,0.025711834,-0.042865634,-0.17075007,-0.39514947,0.44963303,False,0.0
4809.1711155,0,0.013028383,0.020652652,-0.06985015,-0.19295515,-0.40253916,0.44655192,False,0.0
4809.1911155,0,0.045670033,-0.012817144,-0.052262127,-0.13991085,-0.36080894,0.38940734,False,0.0
4809.2111155,20000000,0.056463152,-0.03453076,-0.022324383,-0.03195204,-0.32935497,0.3064874,False,0.0
4809.2311155,0,0.0642243,-0.047397226,-0.0032079816,0.087273315,-0.29732206,0.19652964,False,0.0
4809.2511155,0,0.05453989,-0.04187131,0.009761095,0.17506737,-0.27929586,0.11107392,False,0.0
4809.2711155,20000000,0.044882327,-0.036336243,0.02269584,0.26286143,-0.26126966,0.025618188,False,0.0
4809.2911155,0,0.031829745,-0.017370284,0.027546883,0.29979062,-0.3041138,0.019379158,False,0.0
4809.3111155,0,0.03800413,-0.0068906844,0.006105721,0.28348184,-0.35594147,0.013614044,False,0.0
4809.3311155,0,0.060426027,-0.010036707,-0.01092124,0.25179052,-0.35090107,-0.0295069,False,0.0
4809.3511155,20000000,0.06599563,-0.007948846,-0.019057035,0.22151701,-0.3170428,-0.09469189,False,0.0
4809.3711155,0,0.059012204,-0.012688637,-0.010240436,0.22044538,-0.2644408,-0.1367651,False,0.0
4809.3911155,20000000,0.0520325,-0.017404765,-0.0014481544,0.21937375,-0.21183881,-0.17883828,False,0.0
4809.4111155,40000000,0.045056283,-0.022097409,0.007319629,0.21830212,-0.15923682,-0.22091147,False,0.0
4809.4311155,0,0.033848792,-0.026909143,0.021119773,0.2280475,-0.11780747,-0.24986643,False,0.0
4809.4511155,20000000,0.024599731,-0.028981626,0.028402865,0.2252105,-0.0991923,-0.26245424,False,0.0
4809.4711155,0,0.018916696,-0.02822131,0.03515196,0.21282211,-0.08814543,-0.2538795,False,0.0
4809.4911155,0,0.014542103,-0.024056375,0.031652212,0.1992683,-0.10338932,-0.22247158,False,0.0
4809.5111155,20000000,0.021954924,-0.023662895,0.016168058,0.17632712,-0.11148997,-0.20169568,False,0.0
4809.5311155,0,0.023299575,-0.027977794,-0.0050039887,0.15101354,-0.112662986,-0.22249699,False,0.0
4809.5511155,20000000,0.022722483,-0.030141562,-0.030686796,0.118183985,-0.114394076,-0.2881593,False,0.0
4809.5711155,0,0.011103064,-0.03174734,-0.028866112,0.115614675,-0.07976602,-0.3782366,False,0.0
4809.5911155,20000000,-0.016674131,-0.031915933,-0.009696305,0.16929871,-0.04082444,-0.46489272,False,0.0
4809.6111155,0,-0.05299577,-0.025609642,0.0032987595,0.2568794,-0.018445253,-0.52871996,False,0.0
4809.6311155,0,-0.08047016,-0.01112476,0.0017025471,0.33099273,-0.0419715,-0.5324416,False,0.0
4809.6511155,20000000,-0.0831784,-0.0063907504,-0.022894323,0.3537311,-0.06972117,-0.51550084,False,0.0
4809.6711155,0,-0.07863504,-0.0031783879,-0.030084133,0.29928666,-0.035369314,-0.51481134,False,0.0
4809.6911155,20000000,-0.07410696,9.608269e-05,-0.03728825,0.24484223,-0.0010174587,-0.51412183,False,0.0
4809.7111155,40000000,-0.069594756,0.003432572,-0.044506848,0.1903978,0.033334397,-0.5134324,False,0.0
4809.7311155,60000000,-0.065099105,0.0068306625,-0.051740408,0.13595337,0.067686245,-0.5127429,False,0.0
4809.7511155,0,-0.06550498,0.013474673,-0.060356915,0.06204682,0.08928137,-0.50944513,False,0.0
4809.7911155,0,-0.06927182,0.017996639,-0.036313295,-0.019461023,0.13381088,-0.4834281,False,0.0
4809.8111155,20000000,-0.074334115,0.014324129,-0.017458439,-0.00073120557,0.1597652,-0.45869654,False,0.0
4809.8311155,0,-0.08295721,0.010011822,-0.001277566,0.0402318,0.16457164,-0.42232937,False,0.0
4809.8511155,0,-0.08896433,0.0042404532,-0.0024337769,0.075893134,0.16163091,-0.37545982,False,0.0
4809.8711155,20000000,-0.09028643,-0.003799826,0.0023715496,0.09934198,0.1447197,-0.31948826,False,0.0
4809.8911155,0,-0.090417534,-0.0074731708,0.012650132,0.10824663,0.1328122,-0.27226734,False,0.0
4809.9111155,0,-0.094392195,-0.007318735,0.016186655,0.120325565,0.120886646,-0.2178747,False,0.0
4809.9311155,20000000,-0.104457736,-0.002294004,0.010825098,0.12489466,0.068317175,-0.16534668,False,0.0
4809.9511155,0,-0.10493769,0.006544858,-0.013264477,0.10443093,0.015662108,-0.100899935,False,0.0
4809.9711155,0,-0.10221638,0.0057072937,-0.018475771,0.07404938,-0.020922955,-0.048655935,False,0.0
4809.9911155,0,-0.10021649,0.0070961714,-0.002132237,0.06308532,-0.036395334,-0.022218414,False,0.0
4810.0111155,20000000,-0.09437223,0.008339316,0.003948629,0.064993046,-0.033344775,-0.020979084,False,0.0
4810.0311155,0,-0.08530812,0.0016004741,-0.0022115707,0.07719242,-0.013612855,-0.037467763,False,0.0
4810.0511155,20000000,-0.07624404,-0.0051347315,-0.008375466,0.0893918,0.006119065,-0.05395644,False,0.0
4810.0711155,0,-0.059408456,-0.016535193,-0.015043914,0.12021629,0.04475767,-0.092516795,False,0.0
4810.0911155,0,-0.043609247,-0.017039716,-0.023473084,0.14008182,0.100565284,-0.15265343,False,0.0
4810.1111155,20000000,-0.038600624,-0.0067530274,-0.013885736,0.144788,0.139567,-0.19908783,False,0.0
4810.1311155,0,-0.029422015,0.0030561686,-0.007363498,0.12875226,0.17625472,-0.23925754,False,0.0
4810.1511155,0,-0.031817824,0.027232647,0.001365602,0.09939021,0.18567267,-0.2391809,False,0.0
4810.1711155,20000000,-0.036830112,0.048548877,0.013174415,0.061570983,0.15138234,-0.18869328,False,0.0
4810.1911155,0,-0.03482461,0.06382617,0.016197562,0.026487552,0.1160447,-0.115336016,False,0.0
4810.2111155,0,-0.03578335,0.07748094,0.026287854,-0.015776385,0.066553295,-0.035567917,False,0.0
4810.2311155,0,-0.032570153,0.08189669,0.029240906,-0.07325477,0.032393396,0.031100743,False,0.0
4810.2511155,0,-0.031239852,0.07942942,0.029142499,-0.13070562,0.00857427,0.08514622,False,0.0
4810.2711155,0,-0.02650705,0.06923339,0.021829069,-0.159556,0.00086876564,0.097937584,False,0.0
4810.2911155,20000000,-0.021783486,0.05904624,0.014496863,-0.18840638,-0.006836739,0.11072895,False,0.0
4810.3111155,40000000,-0.017069116,0.04886821,0.0071459413,-0.21725677,-0.0145422425,0.123520315,False,0.0
4810.3311155,0,-0.013390839,0.04173827,0.004523635,-0.20267391,-0.010624519,0.110588215,False,0.0
4810.3511155,20000000,-0.006023705,0.03168288,-0.0029079914,-0.16631,0.0091125835,0.08539763,False,0.0
4810.3711155,0,0.0029304773,0.02535674,-0.0025672913,-0.110989384,0.02752709,0.062198553,False,0.0
4810.3911155,20000000,0.0062318444,0.023570985,-0.0022487044,-0.054306258,0.0360451,0.036129363,False,0.0
4810.4111155,0,0.0063661337,0.026907891,0.0031953454,-0.015868742,0.028708655,0.021991316,False,0.0
4810.4311155,20000000,0.010325581,0.02505821,0.006117642,0.004499618,0.02891121,0.0063677337,False,0.0
4810.4511155,0,0.00816372,0.019119918,0.0127967,0.020127764,0.020274103,-0.012651557,False,0.0
4810.4711155,0,0.008648381,0.015938938,0.014835238,0.02000543,0.018506132,-0.029259289,False,0.0
4810.4911155,0,0.01042515,0.014811724,0.014324129,0.012208946,0.015981304,-0.051856436,False,0.0
4810.5111155,0,0.00648126,0.016639411,0.017573237,0.0023421356,0.013548629,-0.07096795,False,0.0
4810.5311155,20000000,0.000973776,0.015500009,0.018027246,-0.01370317,-0.001634594,-0.080319196,False,0.0
4810.5511155,0,0.0045512766,0.007669717,0.013240337,-0.019132193,-0.019125486,-0.094539456,False,0.0
4810.5711155,0,0.0030021667,0.009298652,0.010648429,-0.0073807985,-0.021770991,-0.10131964,False,0.0
4810.5911155,20000000,0.0014553964,0.010931164,0.008056402,0.0043705963,-0.024416495,-0.10809982,False,0.0
4810.6111155,40000000,-8.918345e-05,0.012567073,0.0054643154,0.016121991,-0.027061999,-0.11488,False,0.0
4810.6311155,60000000,-0.0016315132,0.014206439,0.0028720498,0.027873386,-0.029707504,-0.12166018,False,0.0
4810.6511155,80000000,-0.003288284,0.017463982,0.0009329915,0.030461153,-0.025323875,-0.09803382,False,0.0
4810.6711155,0,0.0041772127,0.014671415,-0.007251501,0.029420603,-0.007613344,-0.07515946,False,0.0
4810.6911155,0,0.0033812374,0.014248192,-0.0040896535,0.031393867,0.011868341,-0.050625626,False,0.0
4810.7111155,20000000,-0.0045304596,0.010272503,0.00153023,0.035579167,0.015272072,-0.024780953,False,0.0
4810.7311155,0,-0.010668069,0.0076880455,0.0014029741,0.043635618,0.0038389247,-0.0013772361,False,0.0
4810.7511155,20000000,-0.013495952,0.0028803945,4.7683716e-07,0.045183122,-0.0041593546,0.0051687597,False,0.0
4810.7711155,0,-0.0156914,0.0031027794,-0.004308641,0.033083774,-0.0048091765,0.010294437,False,0.0
4810.7911155,0,-0.022426754,0.0032809377,0.00014477968,0.020925928,-0.01867048,0.026518367,False,0.0
4810.8111155,20000000,-0.01947014,-0.0012463927,-0.005933821,0.0026077367,-0.02204873,0.022579083,False,0.0
4810.8311155,0,-0.017170459,-0.007043034,-0.006409824,-0.0031278585,-0.011179321,0.0013507009,False,0.0
4810.8511155,0,-0.014105529,-0.01181522,-0.009081304,-0.003268213,-0.0064141583,-0.027935939,False,0.0
4810.8711155,0,-0.019452766,-0.008153409,-0.004256308,-0.0025183787,-0.0022166595,-0.049611025,False,0.0
4810.8911155,0,-0.01612778,-0.0070682764,-0.004351914,0.0036004963,-0.009885142,-0.0529277,False,0.0
4810.9111155,20000000,-0.012802601,-0.0059820414,-0.0044479966,0.009719372,-0.017553624,-0.056244373,False,0.0
4810.9311155,0,-0.015873492,0.00080144405,-0.0025385022,0.012439773,-0.02006097,-0.05173724,False,0.0
4810.9511155,0,-0.02005887,0.0066334903,-0.0034116507,-0.009733879,-0.02273788,-0.05905819,False,0.0
4810.9711155,0,-0.017730102,0.0037501454,-0.0049955845,-0.027200237,-0.025734248,-0.061647568,False,0.0
4810.991065875,0,-0.014569195,-0.0024124936,-0.0049144356,-0.026773576,-0.02155119,-0.068785906,False,0.0
4811.011065875,20000000,-0.016201109,-0.0037054718,-0.004042089,-0.013100003,-0.020235462,-0.072395146,False,0.0
4811.031065875,0,-0.0152190775,-0.0053165555,-0.003638029,-0.0041500516,-0.022498863,-0.08009272,False,0.0
4811.051065875,0,-0.01449883,-0.00767228,-0.0047468543,0.0027891435,-0.030366093,-0.093146935,False,0.0
4811.071065875,20000000,-0.014105648,-0.0069895685,-0.0050231814,0.009447481,-0.039049115,-0.09671139,False,0.0
4811.091065875,0,-0.009913921,-0.01171881,-0.0071618557,0.020087592,-0.04801134,-0.1006847,False,0.0
4811.111065875,20000000,-0.0074204057,-0.015306771,-0.0069957376,0.032848082,-0.05342221,-0.098535396,False,0.0
4811.131065875,0,-0.003546238,-0.017184407,-0.010117769,0.046316065,-0.05773054,-0.09267332,False,0.0
4811.151065875,0,0.00046990812,-0.01903987,-0.011387944,0.051357046,-0.05864232,-0.07668094,False,0.0
4811.171065875,20000000,0.0044858456,-0.020891756,-0.012661755,0.056398023,-0.0595541,-0.060688574,False,0.0
4811.191065875,40000000,0.008501634,-0.022740036,-0.013939261,0.061439,-0.06046588,-0.044696204,False,0.0
4811.211065875,60000000,0.012737066,-0.022868305,-0.010550678,0.051148467,-0.049767375,-0.037348006,False,0.0
4811.231065875,0,0.013915122,-0.021112919,-0.0069393516,0.031488925,-0.04052748,-0.029669851,False,0.0
4811.251065875,0,0.011270374,-0.017541587,-0.003512442,0.013043439,-0.051799476,-0.0080407765,False,0.0
4811.271065875,20000000,0.008625954,-0.013969988,-8.660555e-05,-0.0054020453,-0.063071474,0.0135883,False,0.0
4811.291065875,0,0.008641854,-0.013101399,-0.0008713603,-0.021390703,-0.07060126,0.036201723,False,0.0
4811.311065875,20000000,0.0062697083,-0.0099473,0.0016481876,-0.03214319,-0.07772126,0.052443475,False,0.0
4811.331065875,0,0.0043634027,-0.0050643086,0.0010101199,-0.04525974,-0.08619778,0.07108873,False,0.0
4811.351065875,0,0.0018267483,0.0001154542,-0.00044429302,-0.065848194,-0.09634655,0.09296672,False,0.0
4811.371065875,0,0.002856493,0.0005697906,-0.0010604858,-0.078556456,-0.10469925,0.11490401,False,0.0
4811.391065875,20000000,0.0040133893,0.0037416518,-0.0029177666,-0.088267036,-0.099248715,0.13919082,False,0.0
4811.411065875,0,0.0038637668,0.011015207,-0.0018453002,-0.09789272,-0.099866375,0.16805601,False,0.0
4811.431065875,20000000,0.006646827,0.020195007,-0.0031519532,-0.12076794,-0.08511852,0.1906481,False,0.0
4811.451065875,0,-0.0029627234,0.042490304,0.003792584,-0.15044978,-0.092315204,0.25369143,False,0.0
4811.471065875,0,-0.023002982,0.10749626,0.0022248626,-0.25654137,-0.13371728,0.43321902,False,0.0
4811.491065875,20000000,-0.04306689,0.17251793,0.0006480813,-0.36263293,-0.17511934,0.6127466,False,0.0
4811.511065875,40000000,-0.06353454,0.2600358,0.0007531643,-0.5632722,-0.27135,1.05614,False,0.0
4811.531065875,0,-0.03983529,0.27595094,-0.012865007,-0.80556405,-0.3317852,1.607989,False,0.0
4811.551065875,0,-0.01133129,0.24070519,-0.023061633,-1.026418,-0.2918797,2.1187968,False,0.0
4811.571065875,0,-0.0060549825,0.17771319,-0.022990406,-1.1911356,-0.22685537,2.5381885,False,0.0
4811.591065875,0,-0.022009373,0.1155428,-0.015983403,-1.3017986,-0.19413327,2.8489733,False,0.0
4811.611065875,20000000,-0.03873849,0.04675904,-0.009185433,-1.3598965,-0.18499024,3.0144072,False,0.0
4811.631065875,0,-0.04921773,-0.011777401,-0.008614004,-1.3762531,-0.22857185,3.0421247,False,0.0
4811.651065875,0,-0.04619825,-0.054285914,-0.0058251023,-1.2900605,-0.25877577,2.8309362,False,0.0
4811.671065875,20000000,-0.043361604,-0.09534553,-0.0029727817,-1.2038679,-0.28897968,2.6197474,False,0.0
4811.691065875,40000000,-0.040626913,-0.13495037,-1.8954277e-05,-1.1176752,-0.3191836,2.4085588,False,0.0
4811.711065875,60000000,-0.035604805,-0.15030676,-0.001965642,-0.98621243,-0.36510766,2.1274743,False,0.0
4811.731065875,0,-0.024200827,-0.15268421,-0.0065017343,-0.85680807,-0.3803203,1.8164287,False,0.0
4811.751065875,0,-0.0103132725,-0.15099302,-0.009974837,-0.7344425,-0.38165417,1.4878281,False,0.0
4811.771065875,0,-0.012221009,-0.13318953,-0.00231421,-0.63111943,-0.38501528,1.1811603,False,0.0
4811.791065875,20000000,-0.014145821,-0.115246415,0.005383551,-0.5277964,-0.38837638,0.8744925,False,0.0
4811.811065875,40000000,-0.012731284,-0.09465337,-0.0003335476,-0.448127,-0.40147513,0.62207764,False,0.0
4811.831065875,0,-0.013159007,-0.06930345,-0.007857442,-0.37559843,-0.40158358,0.4182089,False,0.0
4811.851065875,20000000,-0.012125522,-0.050816298,-0.016187012,-0.31255144,-0.39258236,0.28038996,False,0.0
4811.871065875,0,-0.011786044,-0.04089302,-0.021301806,-0.24966761,-0.37940857,0.18641052,False,0.0
4811.891065875,0,-0.0084453225,-0.03586796,-0.02846849,-0.1958347,-0.3400102,0.112209044,False,0.0
4811.911065875,0,-0.014970034,-0.034961104,-0.0254184,-0.15266326,-0.2979663,0.042376332,False,0.0
4811.931065875,20000000,-0.023784518,-0.031144977,-0.022346854,-0.121974066,-0.2630238,-0.023153074,False,0.0
4811.951065875,0,-0.026084721,-0.03050074,-0.0249421,-0.10096337,-0.23008773,-0.07992076,False,0.0
4811.971065875,0,-0.029835165,-0.02332583,-0.026263237,-0.08451577,-0.19487533,-0.12217668,False,0.0
4811.991065875,20000000,-0.02771604,-0.01444748,-0.02741313,-0.07149496,-0.16195521,-0.13955699,False,0.0
4812.011065875,0,-0.021014273,-0.006194681,-0.029406786,-0.06277278,-0.11774584,-0.14516138,False,0.0
4812.031065875,0,-0.01735738,0.0048055947,-0.029450178,-0.06210882,-0.07001066,-0.14109658,False,0.0
4812.051065875,20000000,-0.011691749,0.008731037,-0.027444959,-0.06614819,-0.03824938,-0.11757098,False,0.0
4812.071065875,0,-0.009617031,0.009291142,-0.018034458,-0.06510002,-0.011908818,-0.09049971,False,0.0
4812.091065875,20000000,-0.0075395107,0.0098540485,-0.008625686,-0.06405185,0.014431745,-0.06342843,False,0.0
4812.111065875,40000000,-0.0013194382,0.0067872405,-0.0038641691,-0.06121169,0.023768168,-0.03615722,False,0.0
4812.131065875,0,0.00018545985,0.0073755085,0.00082939863,-0.07113454,0.022965537,-0.018956874,False,0.0
4812.151065875,20000000,0.00092846155,0.00894627,0.003796935,-0.092036694,0.014038148,0.007852895,False,0.0
4812.171065875,0,0.0035945475,0.0043117106,0.0049678683,-0.104478195,-0.0017624302,0.02329777,False,0.0
4812.191065875,0,0.008958489,-0.0036077201,0.0035548806,-0.102432184,-0.01206585,0.023135435,False,0.0
4812.211065875,0,0.010510713,-0.0076310337,0.001706481,-0.09605995,-0.015416715,0.014532542,False,0.0
4812.231065875,0,0.006223738,-0.0088356435,0.00461936,-0.08238837,-0.0144577185,0.005803355,False,0.0
4812.251065875,20000000,0.0017282963,-0.0047187805,0.0034347177,-0.0684914,-0.034161597,0.008277492,False,0.0
4812.271065875,0,0.0063770413,-0.0049244165,-0.0021611452,-0.06666279,-0.043606937,0.018403336,False,0.0
4812.291065875,20000000,0.009416312,-0.011027038,-0.003875196,-0.06050786,-0.032399908,0.008271463,False,0.0
4812.311065875,0,0.0056842566,-0.012387514,-0.0012821555,-0.051167842,-0.029333932,-0.005368677,False,0.0
4812.331065875,0,-0.001295507,-0.010869473,0.003401339,-0.049790837,-0.034966424,-0.02215854,False,0.0
4812.351065875,20000000,-0.00084611773,-0.014325678,0.003461063,-0.056144763,-0.04868427,-0.045367595,False,0.0
4812.371065875,0,0.0018322766,-0.031477988,0.0038856268,-0.023753803,-0.042104267,-0.136942,False,0.0
4812.391065875,20000000,0.0045149624,-0.04862386,0.0043082237,0.008637153,-0.035524264,-0.2285164,False,0.0
4812.411065875,40000000,0.0072019994,-0.065763235,0.004729092,0.04102811,-0.028944261,-0.32009077,False,0.0
4812.431065875,0,0.016546637,-0.110654026,0.0036424994,0.13356122,-0.021137413,-0.52474123,False,0.0
4812.451065875,20000000,0.010282218,-0.18088251,0.0093746185,0.30039066,-0.022308601,-0.8933642,False,0.0
4812.471065875,0,-0.030719489,-0.2054652,0.018403232,0.50424963,-0.06401838,-1.360422,False,0.0
4812.491065875,20000000,-0.061493307,-0.20047835,0.015273333,0.7110971,-0.1657995,-1.7905475,False,0.0
4812.511065875,0,-0.0755686,-0.17211407,-0.006817937,0.8711686,-0.2277393,-2.1712093,False,0.0
4812.531065875,0,-0.08615698,-0.12894168,-0.024838865,0.989459,-0.25307962,-2.4623895,False,0.0
4812.551065875,20000000,-0.09471606,-0.07618186,-0.037198424,1.0444995,-0.24486731,-2.632564,False,0.0
4812.571065875,0,-0.10341358,-0.015193224,-0.042172253,1.03606,-0.21121809,-2.6835256,False,0.0
4812.591065875,20000000,-0.11193749,0.049517035,-0.034213185,0.9688424,-0.22173104,-2.5821419,False,0.0
4812.611065875,0,-0.09683442,0.097957104,-0.032800317,0.86677194,-0.23031071,-2.3735852,False,0.0
4812.631065875,0,-0.072221145,0.12503204,-0.032141805,0.7450819,-0.20594361,-2.0945983,False,0.0
4812.651065875,20000000,-0.047266766,0.14139491,-0.03546238,0.61523676,-0.1522741,-1.793489,False,0.0
4812.671065875,0,-0.03361807,0.1440399,-0.03585738,0.47420585,-0.08447618,-1.4751973,False,0.0
4812.691065875,20000000,-0.020117678,0.14717484,-0.036326706,0.333175,-0.016678259,-1.1569057,False,0.0
4812.711065875,0,-0.014255293,0.14011803,-0.030137539,0.2094472,0.05401376,-0.8573129,False,0.0
4812.731065875,0,-0.010714561,0.12062439,-0.024235785,0.10727782,0.10574579,-0.59793454,False,0.0
4812.751065875,0,-0.006863091,0.09579548,-0.013701916,0.027253285,0.14295334,-0.40191293,False,0.0
4812.771065875,0,-0.010211796,0.069916576,-0.0032929182,-0.034138195,0.16083364,-0.25454107,False,0.0
4812.791065875,20000000,-0.010753479,0.0447208,0.0032100677,-0.06806392,0.14345546,-0.15941565,False,0.0
4812.811065875,0,-0.008430041,0.025968611,0.007819593,-0.09181337,0.11031354,-0.098739795,False,0.0
4812.831065875,0,-0.00042251498,0.01630482,0.0022045374,-0.108877406,0.09745813,-0.07618114,False,0.0
4812.851065875,20000000,-0.0021246597,0.010780811,0.0077129006,-0.10885814,0.07606499,-0.057896554,False,0.0
4812.871065875,0,-0.0034250095,0.011896402,0.013649285,-0.10531921,0.051753126,-0.034547675,False,0.0
4812.891065875,20000000,-0.0050019473,0.017372519,0.017712295,-0.09919515,0.015374605,-0.0035898183,False,0.0
4812.911065875,0,-0.008030735,0.025314867,0.01763469,-0.11123975,-0.01208269,0.037001386,False,0.0
4812.931065875,0,-0.013602801,0.03567013,0.018746436,-0.12524308,-0.059251472,0.102861,False,0.0
4812.951065875,0,-0.014949124,0.043036222,0.012048781,-0.15256219,-0.08934952,0.18533161,False,0.0
4812.971065875,0,-0.0130415,0.041297853,0.006426275,-0.18106975,-0.09868383,0.270629,False,0.0
4812.991065875,20000000,-0.011154588,0.039570183,0.000793159,-0.2095773,-0.10801813,0.35592636,False,0.0
4813.011065875,40000000,-0.009424169,0.04514116,-0.0024915934,-0.24381907,-0.09428415,0.41589215,False,0.0
4813.031065875,0,-0.012822978,0.06361106,-0.005597651,-0.29473466,-0.09611997,0.49636593,False,0.0
4813.051065875,20000000,-0.01994931,0.082946,-0.01954192,-0.36208794,-0.07239352,0.62030596,False,0.0
4813.071065875,0,-0.0156243965,0.093895495,-0.029545248,-0.43174112,-0.0427781,0.79924476,False,0.0
4813.091065875,20000000,-0.015247509,0.104946256,-0.038071275,-0.5109328,0.020464603,1.0056055,False,0.0
4813.111065875,0,-0.029047891,0.12122452,-0.038115203,-0.6148547,0.07326103,1.2486905,False,0.0
4813.131065875,20000000,-0.040061206,0.12082279,-0.035691738,-0.7237212,0.09134262,1.5427327,False,0.0
4813.151065875,0,-0.03199727,0.08521986,-0.030369699,-0.82201135,0.12606455,1.7943008,False,0.0
4813.171065875,0,-0.016865656,0.034442306,-0.02787441,-0.8773393,0.18730322,1.9454696,False,0.0
4813.191065875,0,-0.018236548,-0.008399546,-0.013830721,-0.8726087,0.19109735,1.9361278,False,0.0
4813.211065875,20000000,-0.019834414,-0.05005777,-1.31726265e-05,-0.86787814,0.19489147,1.9267858,False,0.0
4813.231065875,40000000,-0.0154744685,-0.07285303,0.004581392,-0.8214754,0.18681279,1.7772241,False,0.0
4813.251065875,0,-0.018118367,-0.09119251,0.011882603,-0.74490345,0.12198531,1.5799701,False,0.0
4813.271065875,0,-0.021251202,-0.1022957,0.021664262,-0.636478,0.045076363,1.3621151,False,0.0
4813.291065875,0,-0.018582046,-0.100765854,0.018774986,-0.5182718,-0.013649475,1.1268967,False,0.0
4813.311065875,20000000,-0.015945852,-0.09888914,0.01587683,-0.40006557,-0.07237531,0.89167833,False,0.0
4813.331065875,40000000,-0.016450733,-0.08866948,0.015191376,-0.2884018,-0.1127743,0.66506225,False,0.0
4813.351065875,0,-0.016476393,-0.071918964,0.005387664,-0.20601037,-0.13287269,0.44291317,False,0.0
4813.371065875,0,-0.007609129,-0.0637669,-0.006993711,-0.12475288,-0.13212411,0.23923747,False,0.0
4813.391028875,0,-0.007882543,-0.05487011,-0.006166127,-0.039489828,-0.100479975,0.071696825,False,0.0
4813.411028875,20000000,-0.011825085,-0.03557533,-0.003853321,0.027669452,-0.09194089,-0.015752248,False,0.0
4813.431028875,0,-0.011565745,-0.019703925,-0.0065684915,0.063714914,-0.07377559,-0.090750836,False,0.0
4813.451028875,0,-0.013666093,-0.008872688,-0.0076937675,0.081593454,-0.05217192,-0.14065275,False,0.0
4813.471028875,20000000,-0.017006904,-0.0035028458,-0.007176161,0.09062577,-0.034127213,-0.17705184,False,0.0
4813.491028875,0,-0.020093173,-0.0022479892,-0.0074334145,0.09768264,-0.026869824,-0.20091565,False,0.0
4813.511028875,20000000,-0.019160211,-0.003944993,-0.010670602,0.104407504,-0.019156074,-0.2173411,False,0.0
4813.531028875,0,-0.01677236,-0.009551764,-0.017138124,0.12075728,-0.0099606775,-0.23445818,False,0.0
4813.551028875,0,-0.009913892,-0.014875054,-0.017875195,0.15050043,0.011926929,-0.24200489,False,0.0
4813.571028875,20000000,-0.00306198,-0.020177841,-0.018615544,0.18024358,0.033814535,-0.24955158,False,0.0
4813.591028875,40000000,0.0037833452,-0.025460005,-0.019359171,0.20998673,0.055702142,-0.2570983,False,0.0
4813.611028875,60000000,0.0065549016,-0.023225784,-0.017084777,0.22073323,0.078827575,-0.26702508,False,0.0
4813.631028875,0,0.006157577,-0.012365818,-0.00936234,0.21021421,0.084266834,-0.26204485,False,0.0
4813.651028875,0,0.011021137,-0.0042724013,-0.0035913587,0.18196674,0.08453999,-0.24458146,False,0.0
4813.671028875,20000000,0.017756432,0.0034932494,0.00035899878,0.14209023,0.09041214,-0.2258006,False,0.0
4813.691028875,0,0.01732114,0.011838675,0.006293416,0.09891716,0.09194484,-0.19372244,False,0.0
4813.711028875,20000000,0.012613118,0.025450706,0.015033245,0.060287427,0.08076588,-0.13961734,False,0.0
4813.731028875,0,0.009166777,0.038478017,0.023096919,0.020981487,0.048816446,-0.06127619,False,0.0
4813.751028875,0,0.010436714,0.04551685,0.025311828,-0.022182904,0.01706202,0.022015698,False,0.0
4813.771028875,20000000,0.009234816,0.048947453,0.027189255,-0.06591222,-0.015008967,0.10628777,False,0.0
4813.791028875,0,0.0068022013,0.045962274,0.026836097,-0.100487284,-0.05912966,0.18615782,False,0.0
4813.811028875,20000000,0.007966191,0.03584844,0.019765973,-0.11421438,-0.0966996,0.25057024,False,0.0
4813.831028875,0,0.010172695,0.021070004,0.01037997,-0.11237115,-0.121209756,0.2921187,False,0.0
4813.851028875,0,0.007481873,0.0047414303,0.008796275,-0.093586124,-0.1382158,0.3091917,False,0.0
4813.871028875,0,0.012059152,-0.003335774,1.847744e-05,-0.078067705,-0.13869295,0.28698617,False,0.0
4813.891028875,20000000,0.016638309,-0.011407971,-0.008756101,-0.062549286,-0.1391701,0.26478064,False,0.0
4813.911028875,40000000,0.021219343,-0.019475281,-0.017527342,-0.047030862,-0.13964726,0.2425751,False,0.0
4813.931028875,0,0.013243973,-0.020104647,-0.009159744,-0.042692248,-0.1274569,0.21599491,False,0.0
4813.971028875,0,-0.005256504,0.004366517,0.006354451,-0.050886825,-0.14574704,0.18759981,False,0.0
4813.971028875,0,0.003991753,-0.007869601,-0.0014032722,-0.046789534,-0.13660197,0.20179737,False,0.0
4813.991028875,0,-0.01719132,0.033225298,0.0040674806,-0.084752455,-0.16582385,0.22566435,False,0.0
4814.011028875,20000000,-0.022194505,0.056880593,-0.0035263896,-0.1422673,-0.16937773,0.3134882,False,0.0
4814.031028875,0,-0.02034834,0.06008786,-0.00782913,-0.19784552,-0.163108,0.42111868,False,0.0
4814.051028875,0,-0.023486108,0.043013096,-0.00683707,-0.22291501,-0.14730345,0.4878949,False,0.0
4814.071028875,20000000,-0.026637256,0.025982618,-0.0058386326,-0.2479845,-0.13149889,0.55467105,False,0.0
4814.091028875,40000000,-0.022690445,0.00085163116,-0.010312855,-0.23717265,-0.11310569,0.56034696,False,0.0
4814.111028875,0,-0.024444431,-0.014854312,-0.013654947,-0.20200711,-0.10451483,0.5366922,False,0.0
4814.131028875,0,-0.029371828,-0.021613777,-0.016486764,-0.16220479,-0.10165196,0.51511043,False,0.0
4814.151028875,20000000,-0.032363147,-0.033611536,-0.019002438,-0.11757422,-0.10385276,0.48659468,False,0.0
4814.171028875,0,-0.02625668,-0.046346724,-0.023637593,-0.07384199,-0.08606076,0.39860636,False,0.0
4814.191028875,20000000,-0.02013743,-0.05906123,-0.028264344,-0.030109756,-0.06826877,0.31061804,False,0.0
4814.211028875,40000000,-0.012070596,-0.07704741,-0.029016912,0.029143881,-0.03345232,0.16595793,False,0.0
4814.231028875,0,-0.0050852,-0.09608072,-0.026424825,0.115220055,0.013770372,-0.02921401,False,0.0
4814.251028875,20000000,-0.0030617118,-0.1001789,-0.018389285,0.21445872,0.064192325,-0.25510642,False,0.0
4814.271028875,0,-0.008779496,-0.08569619,-0.009735644,0.3041209,0.092028014,-0.46827763,False,0.0
4814.291028875,20000000,-0.015862346,-0.055484295,-0.005346775,0.35782558,0.09647013,-0.6373359,False,0.0
4814.311028875,0,-0.023590028,-0.02413547,-0.00019985437,0.3775855,0.08485733,-0.73885936,False,0.0
4814.331028875,0,-0.026146442,0.002202034,0.0010842085,0.37114877,0.059560955,-0.774899,False,0.0
4814.351028875,20000000,-0.018863142,0.020801485,0.0010752678,0.34525532,0.042278267,-0.76609665,False,0.0
4814.371028875,0,-0.006718546,0.03518212,-0.0009518862,0.30812567,0.043127153,-0.72666293,False,0.0
4814.391028875,20000000,0.002316624,0.040361762,-0.001439631,0.27282766,0.05245421,-0.67670715,False,0.0
4814.411028875,0,3.3408403e-05,0.045517147,0.0022851229,0.23631456,0.061792977,-0.5943388,False,0.0
4814.431028875,0,-0.0063695014,0.04831612,0.002731979,0.20575717,0.03711602,-0.4703811,False,0.0
4814.451028875,20000000,-0.00018334389,0.038502395,-0.004765153,0.17380947,0.01067923,-0.34502903,False,0.0
4814.471028875,0,0.013244867,0.029471874,-0.008607805,0.14143318,0.050252177,-0.27325317,False,0.0
4814.491028875,20000000,0.026669353,0.02045393,-0.012449741,0.10905689,0.08982512,-0.2014773,False,0.0
4814.511028875,40000000,0.009391516,0.033236027,0.0013642311,0.06338552,0.10447832,-0.125718,False,0.0
4814.531028875,0,-0.005428821,0.04540193,0.012696922,0.011972919,0.059713107,-0.011981711,False,0.0
4814.551028875,20000000,-0.0020388067,0.05448371,0.009238362,-0.049152065,0.030807603,0.12585245,False,0.0
4814.571028875,0,-0.0017498434,0.075347126,0.0070530176,-0.12850273,0.014217421,0.2992398,False,0.0
4814.591028875,20000000,-0.002528578,0.08943963,0.004893303,-0.23064718,0.005336796,0.5233311,False,0.0
4814.611028875,0,0.0024157763,0.08052963,0.0009275079,-0.33241314,0.012152433,0.7347331,False,0.0
4814.631028875,0,-0.007181525,0.05560434,0.005671799,-0.4124233,0.005127273,0.90245485,False,0.0
4814.651028875,20000000,-0.010052919,0.017631829,0.0058555603,-0.44533786,-0.030631665,0.9914576,False,0.0
4814.671028875,0,-0.0029628873,-0.014623821,-0.0048401356,-0.45405748,-0.03854399,0.99099517,False,0.0
4814.691028875,20000000,-0.004524797,-0.034053266,-0.012671709,-0.43021438,-0.049814,0.9276341,False,0.0
4814.711028875,0,-0.008730322,-0.043893874,-0.013534546,-0.37968087,-0.061538007,0.84299815,False,0.0
4814.731028875,0,-0.01081863,-0.047645807,-0.014863789,-0.3160317,-0.06379398,0.75100344,False,0.0
4814.751028875,0,-0.013649076,-0.050088793,-0.013567686,-0.24177352,-0.06634989,0.6549586,False,0.0
4814.771028875,0,-0.011876464,-0.0543274,-0.016301334,-0.18561183,-0.06777321,0.56102955,False,0.0
4814.791028875,20000000,-0.010091275,-0.05850801,-0.019022703,-0.12945016,-0.06919653,0.46710053,False,0.0
4814.811028875,0,0.0011888146,-0.07216522,-0.024051309,-0.075586975,-0.045516487,0.34524232,False,0.0
4814.831028875,0,0.0069103837,-0.082668096,-0.022248507,-0.020091679,-0.012135442,0.20641355,False,0.0
4814.851028875,0,0.006696105,-0.08659729,-0.017406642,0.030906763,0.014069159,0.06346576,False,0.0
4814.871028875,0,0.00079861283,-0.083088994,-0.008517146,0.07811546,0.024219142,-0.0844156,False,0.0
4814.891028875,20000000,-0.0050593615,-0.075914145,-0.0003873706,0.11108002,0.020391261,-0.2198138,False,0.0
4814.911028875,0,-0.012236297,-0.059761047,0.0038321018,0.13532265,-0.0060983524,-0.34229624,False,0.0
4814.931028875,0,-0.010432959,-0.03293538,0.00022226572,0.13862905,-0.013038134,-0.43840206,False,0.0
4814.951028875,20000000,-0.01331836,-0.0031119585,-0.00027513504,0.12366752,-0.011717912,-0.4741842,False,0.0
4814.971028875,0,-0.025158852,0.008114934,0.012393415,0.11771653,-0.011755689,-0.4803951,False,0.0
4814.991028875,20000000,-0.014680147,-0.0045232177,0.007867575,0.13254878,-0.025971431,-0.50407296,False,0.0
4815.011028875,0,-0.0012206137,-0.02507788,-0.0029255748,0.16556777,-0.010435253,-0.5892074,False,0.0
4815.031028875,0,-0.0062868893,-0.041199505,0.002819717,0.23488106,0.013068736,-0.7253857,False,0.0
4815.051028875,0,-0.022756517,-0.0321154,0.010875225,0.31119868,0.008873537,-0.8459287,False,0.0
4815.071028875,0,-0.030627519,-0.008377016,0.0078027844,0.35601205,-0.0044423304,-0.9244068,False,0.0
4815.091028875,20000000,-0.020446658,0.01061815,-0.0031749606,0.3720744,0.005359453,-0.9801474,False,0.0
4815.111028875,0,-0.015679747,0.024867833,-0.0150565505,0.36431172,0.039858125,-0.99701256,False,0.0
4815.131028875,20000000,-0.01760003,0.026654541,-0.012513757,0.36489952,0.060360588,-0.97891074,False,0.0
4815.151028875,0,-0.021063715,0.029209375,-0.009218037,0.3690604,0.05867888,-0.92304325,False,0.0
4815.171028875,20000000,-0.014045954,0.027745306,-0.008924365,0.35984272,0.07441313,-0.8500757,False,0.0
4815.191028875,0,-0.0068802685,0.026124775,-0.010730207,0.33875552,0.0968359,-0.79309595,False,0.0
4815.211028875,20000000,-0.0099514425,0.034375906,-0.007668555,0.29310974,0.111479916,-0.72644764,False,0.0
4815.231028875,0,-0.017191142,0.04291582,0.0006747246,0.2377013,0.11670296,-0.6445545,False,0.0
4815.251028875,0,-0.02236943,0.04638022,0.0032656193,0.1892952,0.11715848,-0.5674024,False,0.0
4815.271028875,0,-0.024421588,0.044876754,0.0023833513,0.15876693,0.11797358,-0.49275342,False,0.0
4815.291028875,20000000,-0.026474178,0.04340172,0.0015083551,0.12823865,0.11878868,-0.4181044,False,0.0
4815.311028875,40000000,-0.028527409,0.041955113,0.0006405711,0.09771036,0.11960378,-0.34345537,False,0.0
4815.331028875,0,-0.029147848,0.036897957,0.0030573606,0.08971234,0.1231553,-0.2964962,False,0.0
4815.351028875,0,-0.0308965,0.03603691,0.002592802,0.07097111,0.13445601,-0.25904703,False,0.0
4815.371028875,0,-0.023429096,0.027725399,-0.0012696385,0.04954856,0.14732972,-0.23763832,False,0.0
4815.391028875,20000000,-0.021161214,0.02361691,-0.00391531,0.029186636,0.16875479,-0.23212582,False,0.0
4815.411028875,0,-0.025685742,0.017076015,-0.0035138726,0.026654834,0.17413005,-0.2071439,False,0.0
4815.431028875,0,-0.027927741,0.0065687895,-0.00200814,0.027801735,0.15902677,-0.16855818,False,0.0
4815.451028875,20000000,-0.020891532,-0.0042451024,-0.009461343,0.045613766,0.13707781,-0.13408881,False,0.0
4815.471028875,0,-0.011473671,-0.012281358,-0.008704364,0.05651818,0.12502196,-0.10206817,False,0.0
4815.491028875,20000000,-0.0046134144,-0.017073631,-0.01191175,0.052623644,0.11883138,-0.077721864,False,0.0
4815.511028875,0,-0.0055092573,-0.015734732,-0.010078549,0.0329737,0.11535425,-0.03384014,False,0.0
4815.531028875,20000000,-0.002067715,-0.024044812,-0.0082963705,0.019247673,0.08716592,0.018372126,False,0.0
4815.551028875,0,0.0037055463,-0.027972758,-0.007135451,0.00677194,0.06957063,0.070873015,False,0.0
4815.571028875,0,0.010024264,-0.02706945,-0.0032410026,-0.019929677,0.08206983,0.08100818,False,0.0
4815.591028875,20000000,0.016344294,-0.026161253,0.0006491542,-0.0466313,0.09456903,0.09114335,False,0.0
4815.611028875,40000000,0.022665665,-0.02524829,0.004535079,-0.07333292,0.107068226,0.10127851,False,0.0
4815.631028875,60000000,0.013469964,-0.016507626,0.014746785,-0.09939653,0.08304854,0.115267605,False,0.0
4815.651028875,0,0.016293123,-0.00535959,0.010671973,-0.12368092,0.056045495,0.12980606,False,0.0
4815.671028875,0,0.022884458,0.00419873,0.013686061,-0.15786782,0.04338158,0.12604377,False,0.0
4815.691028875,0,0.02214025,0.026727498,0.015929163,-0.1973384,0.03022837,0.12337681,False,0.0
4815.711028875,0,0.021024778,0.04770714,0.020277143,-0.23832217,0.008949721,0.14818299,False,0.0
4815.731028875,20000000,0.027570903,0.045376956,0.018121123,-0.24775113,-0.016039187,0.18584812,False,0.0
4815.751028875,0,0.027342245,0.041857958,0.013356805,-0.2328796,2.2003427e-05,0.20328131,False,0.0
4815.771028875,0,0.024129033,0.044341385,0.01268363,-0.2013284,-0.01610676,0.2314249,False,0.0
4815.791028875,0,0.023939729,0.040000975,0.011465013,-0.17311582,-0.0057692397,0.25288093,False,0.0
4815.811028875,0,0.018627912,0.036628723,0.01435858,-0.15384811,-0.0008678343,0.25732085,False,0.0
4815.831028875,0,0.01598373,0.0294168,0.014295101,-0.14019361,-0.0101219015,0.24369441,False,0.0
4815.851028875,0,0.020435989,0.020218551,0.011710882,-0.1138398,-0.0196387,0.19353,False,0.0
4815.871028875,20000000,0.024884373,0.011028945,0.009124875,-0.087485984,-0.0291555,0.14336558,False,0.0
4815.891028875,40000000,0.029329002,0.0018479824,0.00653708,-0.061132174,-0.0386723,0.09320117,False,0.0
4815.911028875,60000000,0.0389103,-0.0035895705,-0.0022066832,-0.033175297,-0.039302066,0.044838168,False,0.0
4815.931028875,0,0.045763463,-0.016017199,-0.0099805,0.00689682,-0.026526574,-0.00062871724,False,0.0
4815.951028875,0,0.044059396,-0.03475827,-0.01241833,0.06407076,-0.010200782,-0.033345655,False,0.0
4815.971028875,0,0.0340015,-0.04908073,-0.008160591,0.12605527,-0.003181479,-0.04815103,False,0.0
4815.991028875,0,0.019660205,-0.054688096,0.0008061528,0.1781672,-0.008060731,-0.05506574,False,0.0
4816.011028875,20000000,0.0062856674,-0.04904312,0.008092821,0.19510129,-0.014640611,-0.07191126,False,0.0
4816.031028875,0,-0.015680522,-0.028023899,0.01566881,0.17376043,-0.022626497,-0.0923552,False,0.0
4816.051028875,0,-0.04269159,0.0025734305,0.02049613,0.118994355,-0.058054827,-0.0908711,False,0.0
4816.071028875,20000000,-0.062322617,0.023931205,0.018344283,0.045767605,-0.10169814,-0.08039586,False,0.0
4816.091028875,0,-0.062376946,0.029702008,0.0050290823,-0.019074678,-0.12121636,-0.084773175,False,0.0
4816.111028875,20000000,-0.053734288,0.025170207,-0.006640911,-0.05896308,-0.096302316,-0.114943236,False,0.0
4816.131028875,0,-0.045441136,0.018875062,-0.012298882,-0.06981505,-0.0446066,-0.16767883,False,0.0
4816.151028875,0,-0.03777513,0.022229671,-0.0119488835,-0.06839329,0.011178192,-0.22683826,False,0.0
4816.171028875,0,-0.03484969,0.02736801,-0.0032619238,-0.061887912,0.04118614,-0.25799716,False,0.0
4816.191028875,0,-0.031907886,0.032524884,0.0054228306,-0.05538253,0.07119409,-0.28915608,False,0.0
4816.211028875,20000000,-0.026230663,0.034610987,0.01041317,-0.04132414,0.08104446,-0.30134603,False,0.0
4816.231028875,0,-0.020411909,0.036883593,0.013090372,-0.023135077,0.07746555,-0.30382556,False,0.0
4816.251028875,0,-0.010182202,0.035766184,0.009711862,-0.0058048368,0.0744144,-0.300327,False,0.0
4816.271028875,0,0.0007042587,0.033159554,0.0045858026,0.015510844,0.077485226,-0.2945511,False,0.0
4816.291028875,0,0.0061049014,0.029764056,0.0013429523,0.041479543,0.08396237,-0.2826253,False,0.0
4816.311028875,20000000,0.0062815547,0.02612251,0.001667738,0.067614324,0.096693546,-0.26137665,False,0.0
4816.331028875,0,0.0010229349,0.02589792,0.004500091,0.08604889,0.08828207,-0.22329506,False,0.0
4816.351028875,0,-0.0035199076,0.025730789,0.0013909936,0.08486241,0.066040106,-0.17530638,False,0.0
4816.371028875,0,-0.0051891804,0.018886566,-0.0043823123,0.07844635,0.040829793,-0.11541915,False,0.0
4816.391028875,0,-0.0064358413,0.0064871907,-0.011705995,0.07322123,0.030819243,-0.059542567,False,0.0
4816.411028875,20000000,-0.012413099,-0.0037202835,-0.013791621,0.072116576,0.015166825,0.006305091,False,0.0
4816.431028875,0,-0.012106016,-0.017879307,-0.014968157,0.07545885,-0.0029629376,0.08904657,False,0.0
4816.451028875,20000000,-0.0005302727,-0.032327592,-0.016962588,0.07698739,0.00638065,0.1491527,False,0.0
4816.471028875,0,0.015138343,-0.03143853,-0.011886597,0.043620683,0.033089623,0.16067325,False,0.0
4816.491028875,20000000,0.03081201,-0.030541122,-0.0068134665,0.01025397,0.05979859,0.17219378,False,0.0
4816.511028875,0,0.046993777,-0.029102504,-0.001624763,-0.02826656,0.085126884,0.1616142,False,0.0
4816.531028875,0,0.059463665,-0.02439928,0.0070313215,-0.05968114,0.095515005,0.13986152,False,0.0
4816.551028875,20000000,0.07032624,-0.013961196,0.015200436,-0.07757105,0.08575028,0.119206205,False,0.0
4816.571028875,0,0.07667492,0.0036070943,0.025710583,-0.09181771,0.05345776,0.11881258,False,0.0
4816.591028875,0,0.076902926,0.015347004,0.041602194,-0.09482315,0.0008464381,0.13629831,False,0.0
4816.611028875,20000000,0.07232678,0.029531538,0.049263418,-0.0923544,-0.07177372,0.16936447,False,0.0
4816.631028875,0,0.072018564,0.03372854,0.048295677,-0.09151878,-0.13238338,0.20277685,False,0.0
4816.651028875,20000000,0.069319695,0.03802055,0.045669258,-0.09200136,-0.16831478,0.22662745,False,0.0
4816.671028875,0,0.053882897,0.051674247,0.0504902,-0.10033718,-0.20472454,0.25475308,False,0.0
4816.691028875,20000000,0.03607467,0.06087911,0.053795874,-0.114813745,-0.26019412,0.28848666,False,0.0
4816.711028875,0,0.027597487,0.05859399,0.049842358,-0.12231699,-0.31794554,0.31770363,False,0.0
4816.731028875,0,0.022619486,0.051478982,0.04268205,-0.121691905,-0.3573594,0.33541194,False,0.0
4816.751028875,20000000,0.014320508,0.040402293,0.03811127,-0.10959316,-0.39168578,0.34218955,False,0.0
4816.771028875,0,0.009438023,0.0279302,0.026766121,-0.088775754,-0.40850747,0.33810648,False,0.0
4816.791028875,20000000,0.004559085,0.015440404,0.015401959,-0.067958355,-0.42532915,0.33402342,False,0.0
4816.811028875,40000000,-0.00031656027,0.0029329062,0.004018545,-0.047140956,-0.44215086,0.32994035,False,0.0
4816.831028875,60000000,-0.010741383,-0.007124841,-0.007453203,-0.03450229,-0.44429204,0.32184485,False,0.0
4816.851028875,0,-0.019777954,-0.025445342,-0.021151423,-0.018100102,-0.43108305,0.3082942,False,0.0
4816.871028875,0,-0.025980756,-0.049886644,-0.035590768,0.012500033,-0.40050122,0.28049126,False,0.0
4816.891028875,20000000,-0.03744833,-0.060593903,-0.04242897,0.03166657,-0.3467749,0.23324274,False,0.0
4816.911028875,0,-0.053937912,-0.056298196,-0.044357896,0.028720168,-0.2932374,0.17217632,False,0.0
4816.931028875,0,-0.06767574,-0.04538071,-0.04395306,0.0014398284,-0.24290127,0.10852842,False,0.0
4816.951028875,20000000,-0.07633814,-0.037430406,-0.04464197,-0.02175924,-0.19104213,0.041116156,False,0.0
4816.971028875,0,-0.081164956,-0.028270125,-0.045492947,-0.03446443,-0.12805998,-0.019218482,False,0.0
4816.991028875,20000000,-0.081016615,-0.016990662,-0.044034302,-0.03209511,-0.074010976,-0.06251152,False,0.0
4817.011028875,0,-0.06372152,-0.01558131,-0.049794197,-0.0218743,0.0047131404,-0.1039024,False,0.0
4817.031028875,0,-0.05352007,-0.008724809,-0.049374104,-0.0057687145,0.0944615,-0.1500198,False,0.0
4817.051028875,20000000,-0.05660209,-0.0029235482,-0.03841728,0.009314042,0.15583195,-0.15916608,False,0.0
4817.071028875,0,-0.04626514,-0.005949557,-0.030827701,0.020992659,0.1845918,-0.16971299,False,0.0
4817.091028875,20000000,-0.03592843,-0.008978009,-0.023240209,0.03267128,0.21335167,-0.1802599,False,0.0
4817.111028875,40000000,-0.02559179,-0.012008607,-0.015654922,0.044349898,0.24211153,-0.19080679,False,0.0
4817.131028875,60000000,-0.020681411,-0.015576601,-0.0031265616,0.051261827,0.25690842,-0.21049033,False,0.0
4817.151028875,0,-0.00973472,-0.009018898,0.0031862855,0.048222143,0.2610262,-0.23889041,False,0.0
4817.171028875,0,-0.003510505,0.014665723,0.0084005,0.02434034,0.24614456,-0.25697017,False,0.0
4817.191028875,20000000,0.0066101104,0.030242503,0.008764505,-0.014248287,0.24612494,-0.2693119,False,0.0
4817.211028875,0,0.0074189007,0.041685045,0.017248034,-0.041098475,0.24089915,-0.2609423,False,0.0
4817.231028875,0,0.0035957545,0.049955964,0.022316039,-0.038730416,0.21289596,-0.2273987,False,0.0
4817.251028875,20000000,0.011955887,0.04594642,0.018367112,-0.010555347,0.17573962,-0.17878076,False,0.0
4817.271028875,0,0.023871824,0.038974226,0.016495049,0.030957447,0.1734258,-0.1422236,False,0.0
4817.291028875,0,0.01917474,0.04240352,0.023266137,0.055868004,0.15209264,-0.09110779,False,0.0
4817.311028875,0,0.014573723,0.03957373,0.028361619,0.06976838,0.104038715,-0.04010646,False,0.0
4817.331028875,0,0.016827017,0.03497708,0.024676025,0.06095508,0.05979136,0.0114523545,False,0.0
4817.351028875,20000000,0.018097922,0.022105098,0.019699574,0.05675799,0.015199725,0.062749006,False,0.0
4817.371028875,0,0.018333703,0.020110488,0.019039035,0.047914937,-0.0129057765,0.08217704,False,0.0
4817.391028875,20000000,0.018571272,0.018117964,0.018378258,0.039071888,-0.04101128,0.10160508,False,0.0
4817.411028875,40000000,0.018810704,0.016127586,0.017717302,0.030228838,-0.06911678,0.12103312,False,0.0
4817.431028875,60000000,0.015154183,0.02361089,0.021975815,-0.0011219084,-0.10414727,0.15700765,False,0.0
4817.451028875,0,0.009718001,0.025751173,0.022239268,-0.015461618,-0.1607109,0.20677337,False,0.0
4817.471028875,0,0.016278803,0.023080766,0.013293743,-0.0064587677,-0.19585997,0.26468536,False,0.0
4817.491028875,20000000,0.027119726,0.018804371,-0.002982676,-0.019312117,-0.19875781,0.31672335,False,0.0
4817.511028875,0,0.035428062,0.017036319,-0.004450202,-0.027620904,-0.17113657,0.35778925,False,0.0
4817.531028875,0,0.026493996,0.020797253,0.0028446913,-0.031545833,-0.17388731,0.4110637,False,0.0
4817.551028875,20000000,0.020961002,0.0222162,0.0076699257,-0.04694154,-0.18713497,0.47307533,False,0.0
4817.571028875,0,0.02974701,0.019218206,-0.0065852404,-0.057054944,-0.19220905,0.5319235,False,0.0
4817.591028875,20000000,0.027905151,0.024558067,-0.021564186,-0.09082632,-0.14604867,0.5940742,False,0.0
4817.611028875,0,0.026955172,0.015671194,-0.030293524,-0.11728727,-0.079511,0.64677346,False,0.0
4817.631028875,0,0.021575809,-0.0009979606,-0.03080219,-0.1276045,-0.00079637766,0.67765653,False,0.0
4817.651028875,0,0.0060038865,-0.014196277,-0.01582867,-0.13093315,0.0523769,0.66710126,False,0.0
4817.671028875,0,-0.0071316957,-0.028182507,-0.0055057406,-0.14016314,0.07180941,0.6237751,False,0.0
4817.691028875,0,-0.007927895,-0.03964001,-0.007196784,-0.14340226,0.06580214,0.5512574,False,0.0
4817.711028875,20000000,-0.008713514,-0.051016748,-0.008892477,-0.14664137,0.059794873,0.4787396,False,0.0
4817.731028875,40000000,0.0027112365,-0.072131425,-0.010587335,-0.11990349,0.089578375,0.3676565,False,0.0
4817.751028875,0,0.0043087304,-0.08024505,-0.009410083,-0.08137058,0.11012243,0.24276483,False,0.0
4817.771028875,0,-0.005795449,-0.07922578,-0.002477169,-0.051252827,0.11632142,0.11850171,False,0.0
4817.791028875,20000000,-0.016154021,-0.06849605,0.0026534796,-0.018605534,0.08243401,0.0150612,False,0.0
4817.811028875,0,-0.01914069,-0.05123067,0.0010558963,0.003164215,0.05695402,-0.07811786,False,0.0
4817.831028875,20000000,-0.025751144,-0.028356135,-0.0029881597,-0.0028522653,0.05549513,-0.15413,False,0.0
4817.851028875,0,-0.036255866,-0.003632307,-0.0066795945,-0.012199633,0.044007063,-0.19993924,False,0.0
4817.871028875,0,-0.046397,0.012554169,-0.010392249,-0.023634538,0.021394359,-0.19678998,False,0.0
4817.891028875,0,-0.052119702,0.016461313,-0.012238383,-0.008228882,-0.0010223016,-0.15627694,False,0.0
4817.911028875,0,-0.04682131,0.015556097,-0.015910089,0.011374573,-0.0026799534,-0.1126526,False,0.0
4817.931028875,0,-0.035440743,0.009845674,-0.023908675,0.024576554,0.00265856,-0.07514565,False,0.0
4817.951028875,0,-0.025471538,0.0016518831,-0.024748623,0.050554812,0.021675915,-0.04584512,False,0.0
4817.971028875,0,-0.024664193,-0.0006607771,-0.02000767,0.049964506,0.016892225,-0.035837997,False,0.0
4817.991028875,20000000,-0.023857474,-0.002972126,-0.015267611,0.0493742,0.012108535,-0.025830872,False,0.0
4818.011028875,40000000,-0.023051351,-0.005282223,-0.010528326,0.048783895,0.0073248465,-0.015823748,False,0.0
4818.031028875,60000000,-0.019681275,-0.009296536,-0.008230984,0.045383293,-0.005685202,-0.020492317,False,0.0
4818.051028875,0,-0.021862775,-0.01290375,-0.006967187,0.052747298,-0.032590773,-0.022277812,False,0.0
4818.071028875,20000000,-0.016081542,-0.013584852,-0.012766063,0.053883538,-0.0353149,-0.042463932,False,0.0
4818.091028875,0,-0.009669125,-0.013543308,-0.019509971,0.05071271,-0.030040652,-0.061621346,False,0.0
4818.111028875,0,-0.005391985,-0.01420027,-0.021068573,0.066442505,-0.003610827,-0.09126435,False,0.0
4818.131028875,20000000,-0.0035796165,-0.024181664,-0.026577234,0.08197863,0.022087384,-0.11980398,False,0.0
4818.151005458,0,-0.0003202507,-0.034803785,-0.023493346,0.12929814,0.047346063,-0.16437422,False,0.0
4818.171005458,20000000,-0.008188009,-0.046873808,-0.016339242,0.19066745,0.040902376,-0.22868274,False,0.0
4818.191005458,0,-0.012841731,-0.058539003,-0.013314664,0.24785201,0.03478226,-0.3173812,False,0.0
4818.211005458,20000000,-0.015978903,-0.06479037,-0.014051676,0.29646087,0.022842709,-0.41683945,False,0.0
4818.231005458,0,-0.016942948,-0.0654774,-0.016230822,0.33880472,0.021315817,-0.5276261,False,0.0
4818.251005458,0,-0.014429554,-0.06009528,-0.02358514,0.37320304,0.045966852,-0.6372129,False,0.0
4818.271005458,0,-0.025739,-0.03950408,-0.019709706,0.3798785,0.06638719,-0.6930914,False,0.0
4818.291005458,20000000,-0.03709899,-0.018789113,-0.01584953,0.38655394,0.08680753,-0.7489699,False,0.0
4818.311005458,40000000,-0.042027384,-0.0040225387,-0.014488697,0.3782872,0.084641695,-0.75760984,False,0.0
4818.331005458,0,-0.037276432,0.0060502887,-0.017994225,0.3572182,0.096874885,-0.75046796,False,0.0
4818.351005458,0,-0.033954382,0.017033279,-0.020193934,0.32027906,0.121596396,-0.7323033,False,0.0
4818.371005458,0,-0.034520358,0.027989447,-0.020022571,0.27334383,0.14697272,-0.6927137,False,0.0
4818.391005458,0,-0.03340459,0.032364488,-0.020057142,0.22585608,0.17508689,-0.6371277,False,0.0
4818.411005458,20000000,-0.032138765,0.031490088,-0.017212987,0.19343501,0.20480388,-0.57230073,False,0.0
4818.431005458,0,-0.030032337,0.03329712,-0.013885081,0.16661638,0.23347645,-0.50397474,False,0.0
4818.451005458,0,-0.030540243,0.039325237,-0.009813547,0.13045941,0.25005388,-0.43225712,False,0.0
4818.471005458,20000000,-0.025283858,0.039130688,-0.0065428615,0.09324123,0.2653216,-0.36994082,False,0.0
4818.491005458,0,-0.01444,0.031121433,-0.0037156343,0.065050855,0.287834,-0.32608226,False,0.0
4818.511005458,20000000,-0.009610072,0.025109053,0.0007187128,0.0449129,0.3156097,-0.2964072,False,0.0
4818.531005458,0,-0.010991782,0.027514577,0.0072875023,0.024966424,0.33112675,-0.2746446,False,0.0
4818.551005458,0,-0.0047311783,0.025475502,0.008417249,0.0032679755,0.33380505,-0.26920193,False,0.0
4818.571005458,20000000,0.0015493333,0.023424268,0.009529948,-0.018430473,0.33648336,-0.26375926,False,0.0
4818.591005458,40000000,0.007849932,0.021360934,0.01062572,-0.040128924,0.33916163,-0.25831655,False,0.0
4818.611005458,60000000,0.015795335,0.012657523,0.013458371,-0.033581797,0.34625688,-0.25832868,False,0.0
4818.631005458,0,0.02395095,0.0027621388,0.016901553,-0.008658655,0.35348684,-0.27702287,False,0.0
4818.651005458,0,0.025390983,0.0015444756,0.02028954,0.013838885,0.3463656,-0.29717112,False,0.0
4818.671005458,0,0.02451311,0.0027446747,0.020281851,0.028136414,0.3245487,-0.31312943,False,0.0
4818.691005458,0,0.025854886,0.0022847652,0.01861149,0.033359878,0.3029708,-0.32365066,False,0.0
4818.711005458,20000000,0.023940533,0.0004274845,0.022354662,0.039814398,0.27063972,-0.32804364,False,0.0
4818.731005458,0,0.023613855,-0.0022059083,0.02094543,0.050674427,0.24478953,-0.3305165,False,0.0
4818.751005458,0,0.023136914,-0.0049036145,0.022773623,0.06466276,0.21299204,-0.32831672,False,0.0
4818.771005458,0,0.021632701,-0.0014187098,0.01908797,0.06637101,0.18737221,-0.32581818,False,0.0
4818.791005458,0,0.026923552,-0.0014870763,0.011614382,0.059755046,0.1595232,-0.32909244,False,0.0
4818.811005458,20000000,0.03292337,-0.007012844,0.0076806545,0.06407788,0.15642023,-0.33388954,False,0.0
4818.831005458,0,0.027693883,-0.01186651,0.010700643,0.08597244,0.14244258,-0.3280908,False,0.0
4818.851005458,0,0.027194992,-0.012181044,0.007907391,0.09238892,0.10220379,-0.28715923,False,0.0
4818.871005458,20000000,0.026692018,-0.012488067,0.0051151514,0.0988054,0.06196498,-0.2462277,False,0.0
4818.891005458,40000000,0.026184991,-0.012787521,0.0023240447,0.105221875,0.021726176,-0.20529616,False,0.0
4818.931005458,0,0.024606675,-0.013573527,0.0019040108,0.09223428,-0.033215784,-0.12006068,False,0.0
4818.951005458,20000000,0.020852268,-0.006018758,0.004599452,0.07110099,-0.062424876,-0.066050425,False,0.0
4818.971005458,0,0.021856561,0.0010139346,0.00628227,0.04426434,-0.09181101,-0.008287266,False,0.0
4818.991005458,0,0.019767761,0.008169711,0.01146245,0.019620806,-0.12099396,0.055063948,False,0.0
4819.011005458,0,0.02120541,0.016471505,0.010999382,-0.011013994,-0.14157118,0.12515576,False,0.0
4819.031005458,0,0.024579987,0.018766284,0.011297643,-0.035694875,-0.15523809,0.18609403,False,0.0
4819.051005458,0,0.020386025,0.030039966,0.014810383,-0.07039589,-0.16476974,0.23542103,False,0.0
4819.071005458,20000000,0.019661725,0.04311979,0.016725063,-0.11310543,-0.18037823,0.28172904,False,0.0
4819.091005458,0,0.023812473,0.05389929,0.014344275,-0.15845929,-0.18481377,0.3201452,False,0.0
4819.111005458,0,0.028129354,0.060243905,0.013316393,-0.18973848,-0.18637516,0.3719983,False,0.0
4819.131005458,20000000,0.032508403,0.06490868,0.012800336,-0.20533842,-0.1866231,0.4305189,False,0.0
4819.151005458,0,0.028830752,0.06931883,0.017880201,-0.21477574,-0.19573064,0.5027138,False,0.0
4819.171005458,0,0.017784044,0.073871195,0.01885593,-0.24014741,-0.23205703,0.627564,False,0.0
4819.191005458,20000000,0.006714776,0.078478515,0.019842267,-0.26551908,-0.2683834,0.7524142,False,0.0
4819.211005458,40000000,-0.004376322,0.08314097,0.020839512,-0.29089072,-0.3047098,0.8772644,False,0.0
4819.231005458,0,-0.013264045,0.08880854,0.014333248,-0.35765937,-0.34673527,1.036912,False,0.0
4819.251005458,0,-0.024626791,0.102100134,0.0065515637,-0.46744096,-0.38435537,1.2510743,False,0.0
4819.271005458,0,-0.02275297,0.09187597,-0.003256023,-0.5837696,-0.40606797,1.4777396,False,0.0
4819.291005458,20000000,-0.023590505,0.06574577,-0.0057498813,-0.69358224,-0.38758704,1.6520969,False,0.0
4819.311005458,0,-0.034004807,0.034555852,-0.002872169,-0.7790586,-0.39917397,1.7711587,False,0.0
4819.331005458,0,-0.03551674,-0.012613058,-0.0119021535,-0.81998205,-0.4165672,1.8065188,False,0.0
4819.351005458,20000000,-0.022026122,-0.06772801,-0.026301503,-0.80341244,-0.3942551,1.7286402,False,0.0
4819.371005458,0,-0.020951599,-0.10054052,-0.023299098,-0.74404585,-0.38012832,1.5814693,False,0.0
4819.391005458,20000000,-0.026803166,-0.10423714,-0.017919421,-0.6711329,-0.38330665,1.4033273,False,0.0
4819.411005458,0,-0.024631321,-0.101294965,-0.015281975,-0.59739625,-0.40389228,1.221714,False,0.0
4819.431005458,20000000,-0.011242926,-0.103556186,-0.023851156,-0.5248236,-0.40466788,1.0384427,False,0.0
4819.451005458,0,0.006448567,-0.11326578,-0.030309737,-0.43848893,-0.37966883,0.8519764,False,0.0
4819.471005458,0,0.010496795,-0.10599637,-0.02621609,-0.38410068,-0.3514885,0.71277994,False,0.0
4819.491005458,20000000,0.01452747,-0.09869748,-0.022116363,-0.32971242,-0.32330817,0.5735835,False,0.0
4819.511005458,40000000,0.018540978,-0.09136894,-0.01801008,-0.2753242,-0.2951278,0.43438703,False,0.0
4819.531005458,0,0.016379297,-0.07519773,-0.008599043,-0.2595677,-0.29780284,0.3566472,False,0.0
4819.551005458,0,0.012914151,-0.055511594,-0.0035191774,-0.27248588,-0.3206583,0.31521624,False,0.0
4819.571005458,0,0.020376623,-0.042658865,-0.0030540228,-0.29005706,-0.30169588,0.2689591,False,0.0
4819.591005458,20000000,0.027823359,-0.02981013,-0.0026077032,-0.30762824,-0.28273347,0.22270197,False,0.0
4819.611005458,40000000,0.020203918,-0.0066209435,0.008722186,-0.30702767,-0.26550046,0.18256818,False,0.0
4819.631005458,0,0.004023105,0.03525144,0.021187246,-0.29629445,-0.25364235,0.17676753,False,0.0
4819.651005458,0,-0.0056925416,0.06979954,0.024677992,-0.29209107,-0.2615389,0.20873958,False,0.0
4819.671005458,0,-0.007659644,0.08101797,0.025618136,-0.28149396,-0.26147997,0.23827761,False,0.0
4819.691005458,20000000,0.001691997,0.072053075,0.021749437,-0.24559732,-0.2292816,0.23295243,False,0.0
4819.711005458,0,0.0057430863,0.06808913,0.02629751,-0.20474935,-0.17811796,0.18518704,False,0.0
4819.731005458,0,0.0007171035,0.07729018,0.03705269,-0.16481006,-0.15737991,0.14352359,False,0.0
4819.751005458,20000000,0.0043726265,0.0746482,0.042861342,-0.12653677,-0.15387718,0.102618955,False,0.0
4819.771005458,0,0.005196005,0.05151117,0.03298521,-0.06746493,-0.15780197,0.05132553,False,0.0
4819.791005458,20000000,0.0060193837,0.028374076,0.02310127,-0.00839309,-0.16172676,3.2100827e-05,False,0.0
4819.811005458,40000000,0.0068428516,0.005236864,0.013209701,0.050678745,-0.16565154,-0.05126133,False,0.0
4819.831005458,0,0.004027009,-0.01376456,-0.002959311,0.104361445,-0.15275474,-0.109726176,False,0.0
4819.851005458,0,-0.016724497,-0.021003664,-0.009006619,0.13714069,-0.137384,-0.1433157,False,0.0
4819.871005458,0,-0.044632494,-0.011952281,-0.016103685,0.13208291,-0.14362454,-0.14554216,False,0.0
4819.891005458,20000000,-0.053973347,-0.00081557035,-0.02856201,0.0924529,-0.13905533,-0.12124942,False,0.0
4819.911005458,0,-0.04580751,0.0010553598,-0.0379591,0.053305544,-0.068682745,-0.12099203,False,0.0
4819.931005458,0,-0.047895104,0.011438251,-0.03255254,0.027938683,0.015744843,-0.13718784,False,0.0
4819.951005458,20000000,-0.058567345,0.019852936,-0.018122315,0.013068879,0.06644443,-0.15490647,False,0.0
4819.971005458,0,-0.05487573,0.010692179,-0.015600324,0.028860936,0.08902168,-0.18339615,False,0.0
4819.991005458,20000000,-0.031867743,-0.010386109,-0.01874435,0.088086754,0.12818408,-0.24024737,False,0.0
4820.011005458,0,-0.013241321,-0.026254714,-0.0165084,0.16830342,0.17226008,-0.3132971,False,0.0
4820.031005458,0,-0.0053770244,-0.016715288,-0.008486211,0.22542632,0.19964236,-0.36706868,False,0.0
4820.051005458,20000000,-0.005841404,0.010443985,0.0024396777,0.2353107,0.19336528,-0.36756575,False,0.0
4820.071005458,0,-0.0012436211,0.019076169,-0.0007082224,0.19331743,0.16350311,-0.30254805,False,0.0
4820.091005458,20000000,0.0033450425,0.027720511,-0.003856361,0.15132415,0.13364094,-0.23753034,False,0.0
4820.111005458,40000000,0.007924587,0.036376953,-0.0070047975,0.10933087,0.103778765,-0.17251262,False,0.0
4820.131005458,0,0.0007086396,-0.00035506487,-0.014598429,0.120239556,0.06852265,-0.08179565,False,0.0
4820.151005458,0,-0.00815019,-0.04200381,-0.019902289,0.17707144,0.02990165,-0.024866682,False,0.0
4820.171005458,0,-0.012315869,-0.057445288,-0.022416472,0.20651218,0.0008919798,0.00078806654,False,0.0
4820.191005458,0,-0.003485173,-0.0638383,-0.027225733,0.19175774,-0.015824655,-0.009156441,False,0.0
4820.211005458,0,0.006211698,-0.06814313,-0.025699317,0.15720397,0.002114853,-0.049817048,False,0.0
4820.231005458,0,0.01451683,-0.06520265,-0.02272147,0.11279808,0.026817977,-0.100523464,False,0.0
4820.251005458,20000000,0.024281472,-0.058036745,-0.016980767,0.07406548,0.0696532,-0.15850417,False,0.0
4820.271005458,0,0.020247728,-0.037053347,-0.0020535588,0.051011853,0.07692327,-0.19246456,False,0.0
4820.291005458,20000000,0.016212255,-0.016066015,0.0128747225,0.027958231,0.08419336,-0.22642493,False,0.0
4820.311005458,0,0.00751701,0.009901345,0.020683944,0.007709697,0.034886874,-0.20924193,False,0.0
4820.331005458,20000000,0.008189201,0.029104173,0.018132985,-0.014100065,-0.023127768,-0.15008971,False,0.0
4820.351005458,0,0.007066965,0.037761986,0.016095936,-0.021862896,-0.054102413,-0.10477035,False,0.0
4820.371005458,20000000,-0.0045832098,0.04496199,0.016468644,-0.018818464,-0.07393932,-0.042452157,False,0.0
4820.391005458,0,-0.010791421,0.045877934,0.009023011,-0.0123619195,-0.11039189,0.040848613,False,0.0
4820.411005458,0,-0.012828618,0.034416735,0.00019228458,-0.0048353244,-0.11750072,0.078242004,False,0.0
4820.431005458,20000000,-0.014864713,0.022954106,-0.0086401105,0.0026912712,-0.12460955,0.11563541,False,0.0
4820.451005458,0,-0.011584282,0.0058884025,-0.019833684,0.007886572,-0.1082293,0.12113902,False,0.0
4820.471005458,0,-0.01644364,0.00030851364,-0.016025186,0.01374053,-0.09205093,0.10223081,False,0.0
4820.491005458,20000000,-0.02130112,-0.005271852,-0.012217104,0.01959449,-0.07587256,0.0833226,False,0.0
4820.511005458,40000000,-0.026156843,-0.010852516,-0.008409321,0.025448449,-0.059694186,0.06441438,False,0.0
4820.531005458,0,-0.021991044,-0.015938878,-0.012370288,0.015350299,-0.03862664,0.005722802,False,0.0
4820.550853542,0,-0.02156229,-0.025543991,-0.015325862,0.022505507,-0.0059596472,-0.07039149,False,0.0
4820.570853542,0,-0.02113828,-0.028617203,-0.020750046,0.052247286,0.01503402,-0.13599479,False,0.0
4820.590853542,20000000,-0.022614896,-0.029215813,-0.024110973,0.084084846,0.04490847,-0.19959468,False,0.0
4820.610853542,0,-0.020696372,-0.024846315,-0.025959253,0.11654821,0.075652525,-0.25425538,False,0.0
4820.630853542,20000000,-0.014546275,-0.021452785,-0.02684915,0.14306006,0.109647796,-0.2934247,False,0.0
4820.650853542,0,-0.007859141,-0.019519687,-0.023150682,0.17186818,0.15322116,-0.33383155,False,0.0
4820.670853542,20000000,-0.010113299,-0.009241164,-0.014730573,0.18714869,0.1884069,-0.3649194,False,0.0
4820.690853542,0,-0.021372527,0.0055440664,-0.0014628172,0.18923193,0.18398316,-0.37185183,False,0.0
4820.710853542,20000000,-0.028167814,0.012778342,0.006578982,0.18879946,0.15734138,-0.35750002,False,0.0
4820.730853542,0,-0.026227266,0.0092199445,0.0043165684,0.19106564,0.13074103,-0.3473177,False,0.0
4820.750853542,20000000,-0.011737764,-0.0031015873,-0.0073521137,0.2019794,0.13301063,-0.35779306,False,0.0
4820.770853542,0,-0.007762611,-0.014134347,-0.015337408,0.21934628,0.15229851,-0.3920269,False,0.0
4820.790853542,20000000,-0.007676035,-0.029164374,-0.024472415,0.23891155,0.17466286,-0.42942163,False,0.0
4820.810853542,0,-0.004886329,-0.045698762,-0.030877054,0.27151364,0.20301285,-0.47785163,False,0.0
4820.830853542,20000000,-0.005158305,-0.045589566,-0.031921983,0.2962647,0.23190337,-0.525368,False,0.0
4820.850853542,0,-0.0051659346,-0.03314525,-0.02369368,0.28213617,0.25149697,-0.5409448,False,0.0
4820.870853542,20000000,-0.0052070916,-0.020665765,-0.015467644,0.26800764,0.27109057,-0.5565217,False,0.0
4820.890853542,40000000,-0.005282134,-0.008151293,-0.0072440505,0.2538791,0.29068416,-0.57209855,False,0.0
4820.910853542,0,-0.0078083277,0.007932663,0.004767418,0.217653,0.29222786,-0.5591775,False,0.0
4820.930853542,0,-0.01064764,0.018656015,0.013291776,0.17332077,0.28308502,-0.5234413,False,0.0
4820.950853542,20000000,-0.011008784,0.02284503,0.0169819,0.13953464,0.25147468,-0.46798062,False,0.0
4820.970853542,0,-0.0053068697,0.024001062,0.013054073,0.11007505,0.22095124,-0.41181332,False,0.0
4820.990853542,0,0.0042368174,0.02381581,0.0061988235,0.08383708,0.21063909,-0.3646221,False,0.0
4821.010853542,0,0.005772531,0.026263237,0.0072317123,0.06185931,0.20290229,-0.31686205,False,0.0
4821.030853542,20000000,0.004536569,0.02596575,0.009419143,0.046487946,0.18502149,-0.2706837,False,0.0
4821.050853542,0,0.00652197,0.022743702,0.0077887774,0.039487652,0.17288968,-0.23386419,False,0.0
4821.070853542,20000000,0.008513659,0.01952058,0.0061581135,0.032487355,0.16075787,-0.19704467,False,0.0
4821.090853542,0,0.00929296,0.016489565,0.0063000917,0.037114214,0.14955255,-0.16832651,False,0.0
4821.110853542,20000000,0.009892434,0.016733825,0.007914007,0.040635813,0.13669154,-0.13846932,False,0.0
4821.130853542,0,0.011436582,0.016413271,0.007234454,0.040585503,0.12080937,-0.10847224,False,0.0
4821.150853542,20000000,0.0113940835,0.014000654,0.0101572275,0.03762177,0.10573694,-0.08033417,False,0.0
4821.170853542,0,0.01002714,0.0104801655,0.010922611,0.03400641,0.09585886,-0.06121481,False,0.0
4821.190853542,20000000,0.008971155,0.008720279,0.009972751,0.029016819,0.07676576,-0.040709972,False,0.0
4821.210853542,0,0.009602308,0.005075991,0.008252561,0.019638475,0.06433214,-0.026425455,False,0.0
4821.230853542,20000000,0.010202408,0.0021576881,0.006423354,0.016972391,0.057829734,-0.016076634,False,0.0
4821.250853542,0,0.008963972,0.00563848,0.0065544248,0.010814644,0.05036417,-0.010783567,False,0.0
4821.270853542,20000000,0.0077257752,0.009119093,0.006684661,0.0046568974,0.042898607,-0.0054905005,False,0.0
4821.290853542,0,0.0070922375,0.01059109,0.0075473785,-0.0037709787,0.03228108,0.0019711363,False,0.0
4821.310853542,20000000,0.00861901,0.008860171,0.0074557066,-0.010030406,0.028013548,0.0070860954,False,0.0
4821.330853542,0,0.008441061,0.00888294,0.0070596337,-0.01193422,0.022655994,0.0064481287,False,0.0
4821.350853542,20000000,0.00826326,0.008906007,0.0066631436,-0.013838034,0.01729844,0.0058101625,False,0.0
4821.370853542,0,0.009589583,0.007566333,0.0067865252,-0.01584524,0.014691729,0.004539365,False,0.0
4821.390853542,20000000,0.0110319555,0.0062857866,0.007439494,-0.010257225,0.007988357,0.00018742261,False,0.0
4821.410853542,0,0.01007244,0.0045108795,0.0066689253,-0.0029313262,0.004535958,-0.0032633014,False,0.0
4821.430853542,20000000,0.010672063,0.0017055869,0.0040414333,0.004335331,-0.0027601114,-0.0044952934,False,0.0
4821.450853542,0,0.008996218,-0.0022320151,0.0038724542,0.0139882825,-0.0068173953,-0.011829766,False,0.0
4821.470853542,20000000,0.0073203743,-0.006169498,0.0037035346,0.023641232,-0.010874679,-0.019164238,False,0.0
4821.490853542,40000000,0.0056444705,-0.010106862,0.0035344362,0.033294186,-0.014931964,-0.026498713,False,0.0
4821.510853542,0,0.0068462193,-0.017680526,-0.0038516521,0.048578907,-0.011176965,-0.04882832,False,0.0
4821.530853542,0,0.004930854,-0.022724032,-0.005213797,0.06474784,0.013936345,-0.098332375,False,0.0
4821.550853542,20000000,0.003014028,-0.027764916,-0.006576121,0.08091678,0.039049655,-0.14783643,False,0.0
4821.570853542,40000000,0.0010955036,-0.032803476,-0.007938564,0.09708571,0.06416297,-0.19734049,False,0.0
4821.590853542,60000000,-0.0051075816,-0.023005247,-0.0004376769,0.10602666,0.064833924,-0.23420358,False,0.0
4821.610853542,0,-0.00428766,-0.016263843,-0.0014849901,0.11075088,0.058021735,-0.26224568,False,0.0
4821.630853542,0,0.00022739172,-0.012431502,-0.0040029883,0.11381393,0.06175421,-0.28414488,False,0.0
4821.650853542,0,0.00051650405,-0.006371379,-0.003960669,0.11993421,0.06614866,-0.2994744,False,0.0
4821.670853542,0,-0.00271371,-0.0011051297,-0.003546238,0.119160704,0.06660683,-0.29635164,False,0.0
4821.690853542,20000000,-0.0059487224,0.004176557,-0.0031303167,0.11838721,0.067065,-0.2932289,False,0.0
4821.710853542,40000000,-0.014074385,0.005429566,0.0005981922,0.11901742,0.056281503,-0.27015227,False,0.0
4821.730853542,0,-0.012185812,0.005377829,-0.0028517842,0.11565372,0.04820986,-0.2465988,False,0.0
4821.750853542,20000000,-0.010301873,0.0053378344,-0.0063018203,0.112290025,0.040138215,-0.22304532,False,0.0
4821.770853542,0,-0.009650588,-0.0012356639,-0.00661844,0.11843927,0.05566644,-0.21986444,False,0.0
4821.790853542,20000000,-0.009003311,-0.0078004003,-0.0069350004,0.12458852,0.07119466,-0.21668357,False,0.0
4821.810853542,0,-0.015502736,-0.0009468198,-0.0044365525,0.12269232,0.060412392,-0.2050449,False,0.0
4821.830853542,20000000,-0.022007525,0.0059151053,-0.0019390583,0.12079611,0.049630117,-0.19340621,False,0.0
4821.850853542,0,-0.019335568,0.0041190386,-0.0053004622,0.09886231,0.05719302,-0.1961558,False,0.0
4821.870853542,20000000,-0.01666683,0.002329886,-0.008661807,0.07692852,0.06475592,-0.1989054,False,0.0
4821.890853542,40000000,-0.018138587,-0.0015206933,-0.006960213,0.07544265,0.07345084,-0.2012113,False,0.0
4821.910853542,0,-0.01989773,-0.00021290779,-0.0067672133,0.07848829,0.07901253,-0.19955939,False,0.0
4821.930853542,0,-0.018923357,0.0032714605,-0.0051524043,0.08385971,0.08740761,-0.19476677,False,0.0
4821.950853542,0,-0.013591498,0.002619028,-0.0028228164,0.08258418,0.0898303,-0.20271872,False,0.0
4821.970853542,0,-0.008909106,0.0050236583,-0.002291441,0.07553706,0.10421374,-0.21773383,False,0.0
4821.990853542,0,-0.007329464,0.0061617494,-0.0026276112,0.06917818,0.11713064,-0.23220037,False,0.0
4822.010853542,20000000,-0.0075024515,0.009839416,0.0030782223,0.07091977,0.12488671,-0.24910116,False,0.0
4822.030853542,0,-0.008263305,0.01904285,0.0026289225,0.06960701,0.12659357,-0.25305712,False,0.0
4822.050853542,0,-0.012218609,0.022813857,0.009028852,0.074686766,0.11777905,-0.24159342,False,0.0
4822.070853542,0,-0.004082665,0.023447156,0.005502522,0.07934055,0.11536205,-0.23078367,False,0.0
4822.090853542,20000000,0.00922142,0.018292964,-0.003296554,0.07946393,0.13341461,-0.23004866,False,0.0
4822.110853542,0,0.021512046,0.012375236,-0.0024521947,0.08752793,0.16908738,-0.24371356,False,0.0
4822.130853542,20000000,0.015199691,0.019453526,0.010560334,0.087270424,0.19541338,-0.26416332,False,0.0
4822.150853542,0,0.001393944,0.030239463,0.024704158,0.07497362,0.15999411,-0.25221786,False,0.0
4822.170853542,0,0.00011894107,0.030540407,0.024934053,0.06351354,0.12308565,-0.23641019,False,0.0
4822.190853542,0,-0.00042034686,0.026800275,0.023542047,0.058460534,0.08483917,-0.21116194,False,0.0
4822.210853542,20000000,0.003990531,0.022730231,0.013851821,0.06107526,0.06550127,-0.19115828,False,0.0
4822.230853542,0,0.003764674,0.022202075,0.010299683,0.059184,0.056194037,-0.18123324,False,0.0
4822.250853542,0,-0.00015832484,0.022812366,0.0050471425,0.051913142,0.04385952,-0.15881729,False,0.0
4822.270853542,0,-0.00048731267,0.013263047,-0.0011538863,0.068930276,0.03955595,-0.14283097,False,0.0
4822.290853542,20000000,-0.0008172244,0.00371629,-0.0073545575,0.08594741,0.035252377,-0.12684466,False,0.0
4822.310853542,40000000,-0.0011481494,-0.005827844,-0.013554931,0.102964535,0.03094881,-0.11085835,False,0.0
4822.330853542,0,0.0016288608,-0.010142565,-0.015237868,0.120885864,0.047840804,-0.10306129,False,0.0
4822.350853542,20000000,0.0044023097,-0.014454663,-0.01692319,0.13880719,0.064732805,-0.09526423,False,0.0
4822.370853542,0,-0.00082334876,-0.012793124,-0.013166547,0.14211805,0.06811199,-0.08243423,False,0.0
4822.390853542,0,-0.0008405596,-0.017551482,-0.013184667,0.14008549,0.06487451,-0.061941735,False,0.0
4822.410853542,20000000,0.002617821,-0.025568545,-0.012300432,0.14549783,0.06232521,-0.045662742,False,0.0
4822.430853542,0,0.011570841,-0.03524059,-0.011032522,0.15160188,0.06377641,-0.038539704,False,0.0
4822.450853542,20000000,0.015678793,-0.035927743,-0.008712888,0.14977431,0.06619812,-0.03670326,False,0.0
4822.470853542,0,0.011173591,-0.034934312,-0.0015220046,0.14040247,0.05611699,-0.024307791,False,0.0
4822.490853542,20000000,0.016135007,-0.041611075,-0.00035464764,0.1300778,0.032749295,-0.013115536,False,0.0
4822.510853542,0,0.020005539,-0.04802668,0.0023639202,0.11233912,0.010926895,-0.0046091694,False,0.0
4822.530853542,0,0.018587708,-0.047051072,0.0023618937,0.0913735,-0.025005333,0.008695935,False,0.0
4822.550853542,20000000,0.016089886,-0.04173264,0.004782021,0.061506733,-0.056435682,0.032002944,False,0.0
4822.570853542,40000000,0.018558621,-0.031778097,0.0014101267,0.015505664,-0.0784632,0.06499833,False,0.0
4822.590853542,0,0.009184539,-0.016636074,0.007868588,-0.04459362,-0.10824736,0.12762538,False,0.0
4822.610853542,20000000,-0.0001887083,-0.0014945269,0.014326692,-0.10469292,-0.13803153,0.19025242,False,0.0
4822.630853542,40000000,-0.0028997958,0.009236217,0.01498884,-0.17589891,-0.17727944,0.26429573,False,0.0
4822.650853542,0,0.002552539,0.00991565,0.008856475,-0.2406353,-0.16945903,0.30509773,False,0.0
4822.670853542,20000000,0.007975325,0.010611117,0.0027092695,-0.3053717,-0.16163862,0.34589976,False,0.0
4822.690853542,40000000,0.0133686215,0.011323273,-0.0034525394,-0.3701081,-0.1538182,0.38670176,False,0.0
4822.710853542,0,0.0040825456,0.015966296,0.005882442,-0.3925909,-0.16361752,0.40106034,False,0.0
4822.730853542,20000000,0.009069636,0.016459107,0.0016559958,-0.3885591,-0.1514643,0.39336318,False,0.0
4822.750853542,0,0.012759507,0.019473314,-0.00090527534,-0.36796242,-0.14507866,0.37601826,False,0.0
4822.770853542,20000000,0.014557585,0.025324643,0.0008636713,-0.33186194,-0.13566625,0.37318307,False,0.0
4822.790853542,0,0.011924043,0.030032337,0.002321422,-0.29408222,-0.14011896,0.3747619,False,0.0
4822.810853542,0,0.012376517,0.030765593,0.0058097243,-0.26471356,-0.13835916,0.38164216,False,0.0
4822.830853542,0,0.0032467842,0.024644136,0.0070794225,-0.24823089,-0.17314509,0.40587378,False,0.0
4822.850853542,20000000,-0.0059039593,0.018543601,0.008346081,-0.23174822,-0.20793101,0.4301054,False,0.0
4822.870853542,40000000,-0.01507552,0.012464404,0.009610057,-0.21526554,-0.24271692,0.45433697,False,0.0
4822.890853542,0,-0.020417526,-0.003928423,0.0020332932,-0.22050744,-0.2891078,0.4825284,False,0.0
4822.910853542,0,-0.026367202,-0.0042942166,-0.0066198707,-0.24308914,-0.3126309,0.5210073,False,0.0
4822.930716625,0,-0.031507045,0.00252787,-0.018253734,-0.27901384,-0.33864576,0.5951953,False,0.0
4822.950716625,20000000,-0.015671223,-0.016332686,-0.030758023,-0.289306,-0.3073778,0.6428446,False,0.0
4822.970716625,0,-0.0057338476,-0.026048958,-0.0341748,-0.29291186,-0.25913924,0.6658787,False,0.0
4822.990716625,20000000,-0.0024581552,-0.026255488,-0.029594064,-0.290702,-0.21952365,0.6721469,False,0.0
4823.010716625,0,-0.0019177198,-0.01931566,-0.022848606,-0.29325762,-0.18982847,0.67274547,False,0.0
4823.030716625,20000000,0.0019015968,-0.013736904,-0.01730293,-0.29742953,-0.16977896,0.669449,False,0.0
4823.050716625,0,0.003525257,-0.0025162697,-0.009772241,-0.2948975,-0.16203314,0.6722591,False,0.0
4823.070716625,20000000,0.0051299334,0.008782506,-0.0022311807,-0.29236543,-0.15428732,0.6750692,False,0.0
4823.090716625,40000000,0.006716788,0.020159721,0.0053207874,-0.2898334,-0.14654149,0.6778794,False,0.0
4823.110716625,0,0.0049452186,0.041301608,0.016190052,-0.29382652,-0.15554541,0.71047014,False,0.0
4823.130716625,0,-0.0005444288,0.07244825,0.028814018,-0.31766453,-0.20153686,0.8245815,False,0.0
4823.150716625,20000000,0.0011501908,0.07858503,0.04072821,-0.33510545,-0.2660862,0.97312725,False,0.0
4823.170716625,0,0.017215699,0.06293732,0.03374678,-0.35384244,-0.30720213,1.078196,False,0.0
4823.190716625,20000000,0.034454733,0.033371687,0.021505475,-0.3658061,-0.3062315,1.0885056,False,0.0
4823.210716625,0,0.033139914,0.0074344277,0.027962327,-0.35076264,-0.29161197,1.0323621,False,0.0
4823.230716625,20000000,0.020843536,-0.005882859,0.034879982,-0.31556836,-0.30423307,0.95360726,False,0.0
4823.250716625,0,0.024722964,-0.019883394,0.029957056,-0.27123368,-0.32139686,0.8598313,False,0.0
4823.270716625,20000000,0.028622478,-0.03382039,0.025067508,-0.22689901,-0.3385606,0.7660553,False,0.0
4823.290716625,40000000,0.03254336,-0.047694325,0.020211518,-0.18256435,-0.3557244,0.6722793,False,0.0
4823.310716625,60000000,0.040919155,-0.047487795,0.015618384,-0.15184462,-0.33991838,0.5410837,False,0.0
4823.330716625,0,0.043791264,-0.031096578,0.014104247,-0.1452215,-0.3045894,0.40504164,False,0.0
4823.350716625,0,0.033742815,-0.009449601,0.020219266,-0.15390266,-0.28058812,0.29257616,False,0.0
4823.370716625,0,0.020957708,0.01233691,0.023822784,-0.16672373,-0.26676112,0.21864724,False,0.0
4823.390716625,20000000,0.01407671,0.026945174,0.02463293,-0.1706025,-0.26928136,0.18465914,False,0.0
4823.410716625,0,0.010442406,0.036090434,0.023212314,-0.16211906,-0.26323783,0.17149715,False,0.0
4823.430716625,20000000,0.00798592,0.03961706,0.016195059,-0.1366571,-0.25063512,0.16771445,False,0.0
4823.450716625,0,0.00037550926,0.032092392,0.0060727596,-0.106824175,-0.22018307,0.13919,False,0.0
4823.470716625,20000000,-0.0072371066,0.024563968,-0.0040561557,-0.076991245,-0.18973105,0.11066555,False,0.0
4823.490716625,40000000,-0.014852017,0.017032087,-0.014191508,-0.047158316,-0.15927902,0.0821411,False,0.0
4823.510716625,0,-0.027417481,0.0027421117,-0.024253964,0.00051146373,-0.12684788,0.022271015,False,0.0
4823.530716625,0,-0.04193616,-0.015819192,-0.034586787,0.061141007,-0.0936066,-0.053695112,False,0.0
4823.550716625,20000000,-0.05551544,-0.03474033,-0.04201871,0.13325015,-0.06279913,-0.14124495,False,0.0
4823.570716625,0,-0.06171307,-0.05782625,-0.050973117,0.20765905,-0.02708475,-0.24905792,False,0.0
4823.590716625,0,-0.06370023,-0.08897486,-0.057667017,0.2982072,0.019243743,-0.38804156,False,0.0
4823.610716625,0,-0.06264177,-0.11463076,-0.06038338,0.40603638,0.066641554,-0.5581316,False,0.0
4823.630716625,20000000,-0.057559267,-0.1303415,-0.05891496,0.5128641,0.10786656,-0.74150175,False,0.0
4823.650716625,0,-0.046976745,-0.1208953,-0.05362457,0.5828309,0.15143122,-0.9263195,False,0.0
4823.670716625,20000000,-0.03648901,-0.11122289,-0.048360348,0.65279764,0.19499588,-1.1111373,False,0.0
4823.690716625,0,-0.034448326,-0.08400899,-0.031056046,0.6798094,0.22994834,-1.2603923,False,0.0
4823.710716625,20000000,-0.03257911,-0.04411882,-0.024887502,0.6671668,0.2433758,-1.3598166,False,0.0
4823.730716625,0,-0.028044537,-0.003018558,-0.021386981,0.61779946,0.25566077,-1.3843601,False,0.0
4823.750716625,20000000,-0.033358067,0.042654335,-0.006050408,0.5471886,0.26779056,-1.3406262,False,0.0
4823.770716625,0,-0.040491432,0.08238876,0.012222886,0.46429002,0.24651979,-1.2011753,False,0.0
4823.790716625,20000000,-0.0370111,0.100871325,0.02154255,0.38313308,0.21323964,-1.0225264,False,0.0
4823.810716625,0,-0.021417186,0.09087461,0.020512283,0.31677175,0.18928863,-0.8534884,False,0.0
4823.830716625,20000000,-0.0050516427,0.07100606,0.011277556,0.26908085,0.19530606,-0.7272655,False,0.0
4823.850716625,0,0.00067435205,0.03620732,-0.00037950277,0.29658064,0.21766591,-0.7407189,False,0.0
4823.870716625,20000000,0.006367907,0.0014674067,-0.012031674,0.3240804,0.24002576,-0.7541723,False,0.0
4823.890716625,40000000,0.012028217,-0.033214003,-0.023679316,0.3515802,0.2623856,-0.7676258,False,0.0
4823.910716625,60000000,0.0071993023,-0.057675153,-0.025026202,0.40066838,0.2891221,-0.8486905,False,0.0
4823.930716625,0,0.010130107,-0.067215115,-0.032419205,0.446949,0.3358093,-1.0031457,False,0.0
4823.950716625,20000000,0.012969092,-0.07663235,-0.039812803,0.49322963,0.38249648,-1.1576009,False,0.0
4823.970716625,0,0.0026443154,-0.045559973,-0.02402103,0.48945206,0.3959887,-1.2278686,False,0.0
4823.990716625,20000000,-0.0078054816,-0.014310926,-0.008221388,0.48567453,0.40948093,-1.2981361,False,0.0
4824.010716625,0,0.0008865595,0.007134646,-0.0038357377,0.44865766,0.40087596,-1.229737,False,0.0
4824.030716625,20000000,0.009471029,0.028745592,0.0005636215,0.4116408,0.392271,-1.1613379,False,0.0
4824.050716625,0,0.0104714185,0.021126479,0.0015190244,0.39503807,0.3845452,-1.0678028,False,0.0
4824.070716625,20000000,0.011391252,0.013588935,0.0024751425,0.37843534,0.37681937,-0.97426766,False,0.0
4824.090716625,40000000,0.012228906,0.0061312914,0.0034307241,0.36183262,0.36909357,-0.8807326,False,0.0
4824.110716625,0,0.0049520433,-0.0064599514,0.004028976,0.35287055,0.34627134,-0.8446134,False,0.0
4824.130716625,0,-0.0026744455,-0.024049968,-0.003842175,0.3530172,0.34147543,-0.88629806,False,0.0
4824.150716625,0,-0.017619014,-0.023138314,-0.0015042424,0.36321634,0.31016487,-0.9299271,False,0.0
4824.170716625,20000000,-0.032643214,-0.02214408,0.00083100796,0.37341544,0.2788543,-0.97355616,False,0.0
4824.190716625,0,-0.026286855,-0.017407328,-0.0066097975,0.36754283,0.2440198,-0.9574126,False,0.0
4824.210716625,20000000,-0.02001451,-0.012559116,-0.014054537,0.3616702,0.20918532,-0.9412691,False,0.0
4824.230716625,0,-0.0049536526,-0.018085837,-0.02159363,0.35007572,0.22029671,-0.88696206,False,0.0
4824.250716625,20000000,0.010029003,-0.023515433,-0.029140472,0.33848125,0.23140812,-0.83265495,False,0.0
4824.270716625,0,0.0125667155,-0.004695803,-0.02291894,0.27780652,0.24631792,-0.7661019,False,0.0
4824.290716625,20000000,0.015045553,0.014175713,-0.016703367,0.21713178,0.26122773,-0.69954884,False,0.0
4824.310716625,40000000,0.0065374076,0.035245,0.0006979108,0.12857859,0.25935864,-0.59837556,False,0.0
4824.330716625,60000000,-0.0064789504,0.048621923,0.01630032,0.045947514,0.2331251,-0.461721,False,0.0
4824.350716625,0,-0.01724273,0.059532076,0.02296555,-0.030907393,0.18269715,-0.30997056,False,0.0
4824.370716625,0,-0.018889546,0.073668,0.024579585,-0.11545776,0.12407377,-0.15313998,False,0.0
4824.390716625,0,-0.013264202,0.08564305,0.01802802,-0.21274711,0.081246644,-0.0033894181,False,0.0
4824.410716625,20000000,-0.018485114,0.097607166,0.019778669,-0.31544065,0.046696,0.1529918,False,0.0
4824.430716625,0,-0.021132931,0.096550316,0.018771589,-0.40897048,0.0045588724,0.30931145,False,0.0
4824.450716625,0,-0.0154636875,0.071178466,0.0171417,-0.4560467,-0.035093125,0.44135264,False,0.0
4824.470716625,0,-0.0021024346,0.03547004,0.0016431212,-0.4050781,-0.012892926,0.44134238,False,0.0
4824.490716625,20000000,0.011193275,-0.00016528368,-0.013915658,-0.3541095,0.009307273,0.44133213,False,0.0
4824.510716625,0,0.0027005076,-0.022829026,-0.010759592,-0.26493025,0.037636936,0.38708934,False,0.0
4824.530716625,0,-0.005422741,-0.043577284,-0.004343927,-0.15825595,0.033353165,0.29947808,False,0.0
4824.550716625,0,-0.0036677122,-0.06711185,-0.0007138252,-0.04615324,0.024865506,0.16928163,False,0.0
4824.570716625,20000000,0.00852184,-0.088986635,-0.002542913,0.057904772,0.02623314,0.001979664,False,0.0
4824.590716625,0,0.021496117,-0.10260245,-0.007990122,0.14963405,0.041318092,-0.1948412,False,0.0
4824.610716625,0,0.021615893,-0.09472129,-0.008114874,0.21617624,0.05812234,-0.3848547,False,0.0
4824.630716625,0,0.01741752,-0.07342374,-0.002162218,0.25099042,0.0623893,-0.5233507,False,0.0
4824.650716625,0,0.0143247545,-0.04005155,0.0056200027,0.24777865,0.061405834,-0.5987582,False,0.0
4824.670716625,0,0.012485027,-0.00877434,0.00902015,0.20078757,0.049136654,-0.5855744,False,0.0
4824.690716625,20000000,0.010610372,0.02256608,0.012412846,0.1537965,0.036867473,-0.5723906,False,0.0
4824.710716625,40000000,0.010402501,0.04184118,0.012518287,0.09973577,0.01993727,-0.4943109,False,0.0
4824.730716625,0,0.013086945,0.053058177,0.00586164,0.052703824,0.013168884,-0.3815785,False,0.0
4824.750716625,0,0.01129505,0.05900708,0.005688846,0.016509015,0.00064405147,-0.25310236,False,0.0
4824.770716625,0,0.00795576,0.064707965,0.0072440505,-0.021670487,-0.0010173415,-0.103370994,False,0.0
4824.790716625,0,0.0012366772,0.07972795,0.010486841,-0.08266647,-0.030030726,0.054257467,False,0.0
4824.810716625,20000000,-0.0075293556,0.10958427,0.012604296,-0.1775184,-0.07242149,0.24961516,False,0.0
4824.830716625,0,-0.0101472065,0.14785379,0.0076861978,-0.310978,-0.13073,0.5242394,False,0.0
4824.850716625,20000000,-0.0016961545,0.15691754,0.0004861951,-0.45121753,-0.15056399,0.8319855,False,0.0
4824.870716625,0,-0.0073049366,0.13903794,0.0042907596,-0.5652504,-0.16294211,1.1142285,False,0.0
4824.890716625,20000000,-0.013086185,0.12141162,0.008043408,-0.6792833,-0.17532024,1.3964716,False,0.0
4824.910716625,40000000,-0.022857934,0.094937086,0.009038091,-0.77775836,-0.2126026,1.6369148,False,0.0
4824.930716625,0,-0.028800145,0.070602894,0.0061765313,-0.8423554,-0.23802757,1.7919362,False,0.0
4824.950716625,20000000,-0.035068467,0.046937585,0.0032503605,-0.90695244,-0.26345253,1.9469576,False,0.0
4824.970716625,40000000,-0.036155507,0.03049153,-0.0056726336,-0.9488075,-0.28895065,2.044446,False,0.0
4824.990716625,0,-0.029955462,0.0038797855,-0.011386752,-0.96530455,-0.2949478,2.07387,False,0.0
4825.010716625,0,-0.034354836,-0.0028108358,-0.010231435,-0.96695364,-0.29964337,2.0566807,False,0.0
4825.030716625,0,-0.04728344,0.002496183,-0.0017075539,-0.96061724,-0.3517051,2.0682387,False,0.0
4825.050716625,20000000,-0.04619339,-0.008870125,-0.00042527914,-0.93502825,-0.42459947,2.110604,False,0.0
4825.070716625,0,-0.01757124,-0.04507053,-0.0089659095,-0.8608037,-0.43397832,2.0249367,False,0.0
4825.090716625,20000000,0.010927111,-0.08049968,-0.017387211,-0.78657925,-0.44335717,1.9392693,False,0.0
4825.110716625,40000000,0.0067896247,-0.08075902,-0.0070917606,-0.72483325,-0.4262414,1.7554282,False,0.0
4825.130716625,0,-0.0061781406,-0.07455343,0.0063977838,-0.66723883,-0.44889364,1.5773838,False,0.0
4825.150716625,0,-0.004320711,-0.07503182,0.011804104,-0.61523664,-0.486669,1.4074339,False,0.0
4825.170716625,20000000,0.011838645,-0.0831382,0.0058267117,-0.5624879,-0.50816625,1.2308264,False,0.0
4825.190716625,0,0.025066048,-0.08219239,0.0059527755,-0.52051264,-0.4931854,1.0357546,False,0.0
4825.210716625,20000000,0.028373182,-0.06841573,0.011689782,-0.47787154,-0.48617855,0.84695625,False,0.0
4825.230716625,0,0.024232984,-0.046038628,0.014919519,-0.44431227,-0.49202847,0.6994715,False,0.0
4825.250716625,20000000,0.01670602,-0.02649355,0.017727792,-0.41269207,-0.5206452,0.6144873,False,0.0
4825.270716625,0,0.017931491,-0.02427876,0.014160097,-0.37336615,-0.5237056,0.5625042,False,0.0
4825.290716625,20000000,0.019140422,-0.022083998,0.010561645,-0.33404022,-0.52676594,0.51052105,False,0.0
4825.310716625,40000000,0.020332158,-0.019908786,0.006932676,-0.29471433,-0.52982634,0.4585379,False,0.0
4825.33065475,0,0.0075725927,-0.012731048,0.010191752,-0.27024063,-0.54081184,0.428965,False,0.0
4825.35065475,0,0.007876873,-0.010964334,-0.0035842657,-0.26778886,-0.5357352,0.41215986,False,0.0
4825.37065475,0,0.0088023245,-0.012922883,-0.011246979,-0.25944588,-0.5149438,0.40397474,False,0.0
4825.39065475,0,-0.0038090348,-0.005102277,-0.008246958,-0.24187973,-0.509887,0.42286888,False,0.0
4825.41065475,0,-0.0047778487,-0.00935185,-0.01420933,-0.26240474,-0.4903233,0.46223062,False,0.0
4825.43065475,20000000,-0.005745083,-0.013615906,-0.02018392,-0.28292978,-0.47075963,0.5015924,False,0.0
4825.45065475,40000000,-0.0067109764,-0.017894328,-0.026170611,-0.3034548,-0.45119596,0.5409541,False,0.0
4825.47065475,60000000,-0.007675886,-0.022186995,-0.03216964,-0.32397982,-0.43163225,0.5803158,False,0.0
4825.49065475,0,-0.010152429,-0.02625227,-0.033474803,-0.3505398,-0.39387625,0.56782675,False,0.0
4825.51065475,0,-0.015939593,-0.032010913,-0.02732259,-0.3569781,-0.35950366,0.5240214,False,0.0
4825.53065475,0,-0.016213655,-0.03660524,-0.027163684,-0.33543107,-0.32226008,0.42758098,False,0.0
4825.55065475,20000000,-0.016513944,-0.041191995,-0.027018368,-0.31388405,-0.28501654,0.33114058,False,0.0
4825.57065475,40000000,-0.021101147,-0.04035437,-0.02408266,-0.278352,-0.24484329,0.20667303,False,0.0
4825.59065475,60000000,-0.028344482,-0.037495434,-0.020621717,-0.22834098,-0.21207397,0.08381617,False,0.0
4825.61065475,0,-0.034569323,-0.030172467,-0.020096898,-0.16710943,-0.18823792,-0.028936185,False,0.0
4825.63065475,20000000,-0.042770326,-0.014852822,-0.021254182,-0.10637996,-0.17287965,-0.1108523,False,0.0
4825.65065475,0,-0.04105261,-0.004834056,-0.023281813,-0.06670199,-0.1439978,-0.11721361,False,0.0
4825.67065475,20000000,-0.03932911,0.005197227,-0.025321364,-0.02702402,-0.11511596,-0.12357491,False,0.0
4825.69065475,40000000,-0.03759998,0.015240908,-0.027372718,0.012653962,-0.08623412,-0.12993622,False,0.0
4825.71065475,0,-0.035080016,0.017305195,-0.02678436,0.036577437,-0.0479183,-0.11039613,False,0.0
4825.73065475,0,-0.029728502,0.018837512,-0.023224175,0.040225532,-0.00888003,-0.06998786,False,0.0
4825.75065475,20000000,-0.027106225,0.023867965,-0.01756543,0.02135774,0.018098624,-0.020623818,False,0.0
4825.77065475,0,-0.024405122,0.025640965,-0.01474601,-0.013079932,0.037296377,0.039086744,False,0.0
4825.79065475,20000000,-0.02001524,0.018918335,-0.009511888,-0.04589805,0.04845457,0.091104954,False,0.0
4825.81065475,0,-0.01240319,0.010779023,-0.0060450435,-0.06670622,0.06197006,0.119262666,False,0.0
4825.83065475,20000000,-0.0060805976,0.0025093555,-0.003427744,-0.07825793,0.07690875,0.121608905,False,0.0
4825.85065475,0,-0.00033134222,-0.0026336312,-0.004630089,-0.07299587,0.076754205,0.080314204,False,0.0
4825.87065475,20000000,0.0054181516,-0.0077733994,-0.005834818,-0.06773381,0.07659966,0.0390195,False,0.0
4825.89065475,40000000,0.0111677945,-0.012910128,-0.007041812,-0.06247174,0.07644511,-0.0022752024,False,0.0
4825.91065475,0,0.007746905,-0.009028971,0.0007881522,-0.046728104,0.07773393,-0.047731873,False,0.0
4825.93065475,0,0.0030235946,0.0008133054,0.0076712966,-0.026726272,0.07389883,-0.07634137,False,0.0
4825.95065475,20000000,0.000674665,0.00933516,0.010362387,-0.0070401,0.061848946,-0.089621186,False,0.0
4825.97065475,0,0.0070025623,0.0025380254,0.004663646,0.015427688,0.060437884,-0.09978304,False,0.0
4825.99065475,20000000,0.016507745,-0.011488855,-0.006306708,0.046705022,0.08389808,-0.120642975,False,0.0
4826.01065475,0,0.017206728,-0.014598072,-0.0074899197,0.07081796,0.11480254,-0.15247798,False,0.0
4826.03065475,20000000,0.015025973,-0.009529889,-0.002528131,0.07541526,0.1406997,-0.19436297,False,0.0
4826.05065475,0,0.010060012,6.7949295e-05,0.0037532449,0.06730173,0.1296774,-0.2075302,False,0.0
4826.07065475,20000000,0.0050969124,0.009668171,0.010036945,0.05918819,0.1186551,-0.22069743,False,0.0
4826.09065475,40000000,0.00013670325,0.019270778,0.016322732,0.051074654,0.1076328,-0.23386467,False,0.0
4826.11065475,0,-0.0020083487,0.025399268,0.016657233,0.049782086,0.10332661,-0.22134869,False,0.0
4826.13065475,0,-0.00049465895,0.028836846,0.012064099,0.051317845,0.10962872,-0.19787873,False,0.0
4826.15065475,0,0.00013199449,0.034166336,0.010451496,0.043990634,0.12093608,-0.16899961,False,0.0
4826.17065475,0,-0.00075370073,0.039751768,0.015833557,0.036941234,0.12148845,-0.14096,False,0.0
4826.19065475,20000000,-0.0026518703,0.04602462,0.020079017,0.022808736,0.104138225,-0.105145104,False,0.0
4826.21065475,0,-0.00015628338,0.043832123,0.01989764,0.012028328,0.08566666,-0.068171166,False,0.0
4826.23065475,20000000,0.004553646,0.034553587,0.01909715,0.015191538,0.07423773,-0.05245989,False,0.0
4826.25065475,0,0.0055811405,0.030251324,0.015821218,0.017751604,0.061443552,-0.028283207,False,0.0
4826.27065475,20000000,0.0066092014,0.025948882,0.012544811,0.020311672,0.048649378,-0.0041065235,False,0.0
4826.29065475,40000000,0.0076378584,0.02164632,0.009267867,0.022871738,0.035855208,0.020070156,False,0.0
4826.31065475,60000000,0.011613429,0.012876987,0.0076234937,0.031931985,0.036586445,0.03100635,False,0.0
4826.33065475,0,0.012725621,0.0042075515,0.0063385367,0.041952666,0.042027347,0.021686006,False,0.0
4826.35065475,0,0.007496804,-0.0040563345,0.005695343,0.05457007,0.036460895,-0.0022483096,False,0.0
4826.37065475,0,0.0047778487,-0.011524141,-0.004050076,0.068355404,0.026341029,-0.031054568,False,0.0
4826.39065475,20000000,0.0020582676,-0.018990695,-0.0137963295,0.08214074,0.016221164,-0.059860826,False,0.0
4826.41065475,40000000,-0.0006620586,-0.026455998,-0.023543179,0.09592607,0.006101298,-0.08866708,False,0.0
4826.43065475,60000000,0.0014401674,-0.032966733,-0.032708347,0.11302171,0.03725017,-0.1342172,False,0.0
4826.45065475,0,-0.0045983195,-0.032056868,-0.029830575,0.13255338,0.07418063,-0.17872262,False,0.0
4826.47065475,0,-0.011630714,-0.031537354,-0.02362287,0.15446204,0.09734936,-0.21448854,False,0.0
4826.49065475,20000000,-0.010909259,-0.0396142,-0.023815691,0.17858085,0.12005679,-0.2628932,False,0.0
4826.51065475,0,-0.0013402998,-0.048864365,-0.026304781,0.20742671,0.15194158,-0.33690196,False,0.0
4826.53065475,0,-0.002045095,-0.049589694,-0.023629665,0.22727504,0.18485734,-0.43147004,False,0.0
4826.55065475,20000000,-0.0027665794,-0.05028528,-0.02095133,0.24712339,0.21777311,-0.5260381,False,0.0
4826.57065475,0,-0.00404647,-0.05567485,-0.018932402,0.28766662,0.23634088,-0.6421211,False,0.0
4826.59065475,20000000,-0.0053483844,-0.06100118,-0.016900659,0.32820982,0.25490865,-0.758204,False,0.0
4826.61065475,0,-0.00943324,-0.04600185,-0.019626617,0.36620858,0.26745108,-0.83560455,False,0.0
4826.63065475,20000000,-0.013554573,-0.030882537,-0.022331536,0.40420735,0.2799935,-0.91300505,False,0.0
4826.65065475,0,-0.010840923,-0.007353246,-0.01697427,0.39608726,0.29064992,-0.8568258,False,0.0
4826.67065475,20000000,-0.008175343,0.016295314,-0.01159811,0.38796717,0.30130634,-0.8006466,False,0.0
4826.69065475,40000000,-0.005560249,0.040062428,-0.006204486,0.37984705,0.31196275,-0.7444674,False,0.0
4826.71065475,60000000,0.0023472607,0.054594815,0.0025556087,0.34803268,0.3104875,-0.63325334,False,0.0
4826.73065475,0,0.005663514,0.06478143,0.010965526,0.2964331,0.30024868,-0.5020799,False,0.0
4826.75065475,0,0.0052190423,0.07134825,0.02001679,0.23973972,0.27880612,-0.36039478,False,0.0
4826.77065475,20000000,0.005420178,0.06843591,0.024427474,0.18222949,0.2486309,-0.23028432,False,0.0
4826.79065475,0,0.00676322,0.054576337,0.023502707,0.13728029,0.22427286,-0.118137896,False,0.0
4826.81065475,0,0.012957722,0.033957005,0.02294159,0.110183574,0.20743985,-0.0478243,False,0.0
4826.83065475,0,0.016803145,0.015862644,0.021690786,0.0941489,0.19607085,-0.018172177,False,0.0
4826.85065475,0,0.017430872,0.0057405233,0.02257514,0.082424894,0.17190832,-0.008149914,False,0.0
4826.87065475,0,0.014596075,0.0017458797,0.02208811,0.07953836,0.15367258,-0.028724829,False,0.0
4826.89065475,20000000,0.011761874,-0.0022504926,0.021594048,0.07665183,0.13543683,-0.04929974,False,0.0
4826.91065475,40000000,0.004681349,0.0037475824,0.017522693,0.06199202,0.12669717,-0.08166919,False,0.0
4826.93065475,0,-0.0012986362,0.003922403,0.015389264,0.04979507,0.11308532,-0.108507976,False,0.0
4826.95065475,0,0.0010328293,-0.0055669546,0.0016052723,0.051632818,0.11916759,-0.15307271,False,0.0
4826.97065475,20000000,0.012669265,-0.026547134,-0.014594495,0.07935205,0.16272892,-0.23227194,False,0.0
4826.99065475,0,0.011391997,-0.044178903,-0.0146948695,0.13306113,0.21678264,-0.3481546,False,0.0
4827.01065475,0,-0.0014660358,-0.0564999,-0.004347801,0.20813236,0.2447056,-0.4853124,False,0.0
4827.03065475,0,-0.0077795684,-0.064424634,-0.0017003417,0.28024918,0.2397243,-0.64259744,False,0.0
4827.05065475,0,-0.002319932,-0.08443886,-0.010094225,0.35619935,0.2450727,-0.8342849,False,0.0
4827.07065475,0,-0.009709775,-0.07529816,-0.011112392,0.4294057,0.2619978,-1.0332143,False,0.0
4827.09065475,20000000,-0.017147109,-0.06596297,-0.012100637,0.50261205,0.27892292,-1.2321439,False,0.0
4827.11065475,40000000,-0.027078941,-0.033925235,-0.006719768,0.5418516,0.23611778,-1.2999605,False,0.0
4827.13065475,0,-0.020857051,-0.0073565245,-0.004800856,0.5527606,0.18894246,-1.2686237,False,0.0
4827.15065475,0,-0.0072642416,0.014388919,-0.0050424933,0.5337088,0.160651,-1.1651254,False,0.0
4827.17065475,0,-0.0011886358,0.033426464,-0.0013079047,0.4888723,0.13793245,-1.0070986,False,0.0
4827.19065475,0,-0.0006773621,0.0521186,0.0025553107,0.41255638,0.11554529,-0.8150143,False,0.0
4827.21065475,20000000,-0.008143455,0.06462866,0.014926374,0.32068643,0.0723668,-0.60079557,False,0.0
4827.23065475,0,-0.008902043,0.069063544,0.018231392,0.21163268,0.022924442,-0.3846225,False,0.0
4827.25065475,20000000,-0.0047727674,0.06779283,0.015445888,0.10246182,-0.010262199,-0.20249876,False,0.0
4827.27065475,0,0.0002911389,0.061220706,0.007722378,0.0008351505,-0.024734847,-0.06003706,False,0.0
4827.29065475,20000000,0.0021220297,0.041917205,0.0010391474,-0.08025798,-0.010366302,0.044294268,False,0.0
4827.31065475,0,0.004224792,0.017209053,-0.0010010004,-0.120685615,0.0048742834,0.10421879,False,0.0
4827.33065475,0,0.0015186071,0.004580736,-0.0013099313,-0.13531244,0.01630088,0.097886615,False,0.0
4827.35065475,20000000,-0.004649535,0.009182274,-0.008022308,-0.14661987,0.026087033,0.06117965,False,0.0
4827.37065475,40000000,-0.0131246,0.0034396052,-0.0085513,-0.14153185,0.018872006,0.022265937,False,0.0
4827.39065475,0,-0.014041096,-0.008229911,-0.014823437,-0.1081271,0.02374772,-0.023505744,False,0.0
4827.41065475,0,-0.019637853,-0.016195238,-0.017954886,-0.0435045,0.040319033,-0.060217477,False,0.0
4827.43065475,0,-0.025942788,-0.016513467,-0.0167104,0.018154617,0.069657795,-0.08868169,False,0.0
4827.45065475,20000000,-0.03295359,-0.005916834,-0.013671815,0.05116068,0.07844193,-0.114410475,False,0.0
4827.47065475,0,-0.03216502,-0.007834077,-0.010537267,0.055956095,0.082075,-0.12748498,False,0.0
4827.49065475,20000000,-0.03137906,-0.009749353,-0.0074032545,0.060751513,0.08570806,-0.1405595,False,0.0
4827.51065475,40000000,-0.013861194,-0.02511388,-0.015292466,0.07482788,0.10967322,-0.17556778,False,0.0
4827.53065475,0,-0.007872701,-0.030682981,-0.008817613,0.09319791,0.14281647,-0.24215576,False,0.0
4827.55065475,20000000,-0.0018890649,-0.036247075,-0.002342105,0.11156794,0.17595974,-0.30874377,False,0.0
4827.57065475,0,0.0019351542,-0.017863333,0.008882821,0.09307709,0.16690691,-0.3696147,False,0.0
4827.59065475,0,0.0024190992,0.0008135438,0.010322511,0.062557936,0.16047864,-0.37145895,False,0.0
4827.61065475,20000000,0.002908215,0.019506216,0.0117688775,0.032038786,0.15405037,-0.3733032,False,0.0
4827.63065475,40000000,0.0034023821,0.038214624,0.013222098,0.0015196297,0.14762208,-0.37514743,False,0.0
4827.65065475,0,0.0025222003,0.048373163,0.013340771,0.0069436072,0.13236724,-0.28766492,False,0.0
4827.67065475,0,0.003764093,0.05338037,0.015620708,-0.002380719,0.11775534,-0.17854942,False,0.0
4827.69065475,20000000,0.005008951,0.05838591,0.017898798,-0.011705045,0.10314343,-0.069433935,False,0.0
4827.71065475,40000000,0.006256774,0.06338978,0.020175219,-0.02102937,0.088531524,0.039681554,False,0.0
4827.730530708,0,0.017137527,0.058324106,0.013710024,-0.06333603,0.0675223,0.14918394,False,0.0
4827.750530708,20000000,0.02319634,0.042357028,0.014735103,-0.09072264,0.05897191,0.2130633,False,0.0
4827.770530708,0,0.02431339,0.028033733,0.017040908,-0.105536506,0.046976883,0.26137936,False,0.0
4827.790530708,20000000,0.023750365,0.015009761,0.019374073,-0.11295076,0.024028603,0.28974518,False,0.0
4827.810530708,0,0.027070016,0.005150616,0.017680645,-0.11639653,0.006685214,0.296955,False,0.0
4827.830530708,0,0.027142823,-0.0017867684,0.015636504,-0.11621371,-0.010657085,0.28474364,False,0.0
4827.850530708,0,0.02542311,-0.0023447275,0.013568878,-0.103957,-0.029668976,0.26836646,False,0.0
4827.870530708,20000000,0.023698881,-0.0028877854,0.011501312,-0.09170029,-0.04868087,0.25198928,False,0.0
4827.890530708,40000000,0.021970272,-0.0034159422,0.009433746,-0.07944358,-0.067692764,0.23561211,False,0.0
4827.910530708,0,0.018758789,-0.0002180934,0.006803632,-0.07270336,-0.08322401,0.22960149,False,0.0
4827.930530708,0,0.016098857,-0.0009737611,0.004383445,-0.06730527,-0.09370751,0.2337845,False,0.0
4827.950530708,0,0.015387401,-0.0026710033,0.0037457943,-0.06627854,-0.10586255,0.23737472,False,0.0
4827.970530708,0,0.015804857,-0.006038308,0.0036859512,-0.06360163,-0.10775292,0.22740503,False,0.0
4827.990530708,0,0.010867983,-0.0038796663,0.005646229,-0.05991354,-0.12294754,0.21720959,False,0.0
4828.010530708,20000000,0.005930841,-0.0017175078,0.0076081753,-0.056225445,-0.13814215,0.20701416,False,0.0
4828.030530708,0,0.008276999,0.0007202625,0.0018663406,-0.061460864,-0.14271137,0.2029066,False,0.0
4828.050530708,20000000,0.0106230825,0.0031589866,-0.0038750172,-0.06669628,-0.1472806,0.19879901,False,0.0
4828.070530708,0,0.010230869,0.0014461279,-0.0039370656,-0.06682315,-0.14301418,0.20438552,False,0.0
4828.090530708,20000000,0.0098374635,-0.00026595592,-0.003998995,-0.066950016,-0.13874775,0.20997202,False,0.0
4828.110530708,0,0.009912312,-0.003945172,-0.0018103719,-0.06774362,-0.1394661,0.21886472,False,0.0
4828.150530708,0,0.010062993,-0.011296272,0.002571404,-0.06933084,-0.1409028,0.23665014,False,0.0
4828.170530708,0,0.004434079,-0.006330669,0.0045382977,-0.09095026,-0.1537217,0.23958941,False,0.0
4828.190530708,20000000,-0.0011967272,-0.0013626814,0.006505966,-0.112569675,-0.16654061,0.24252869,False,0.0
4828.210530708,0,-0.005685419,0.00076800585,0.0033334494,-0.1346356,-0.17959948,0.25647742,False,0.0
4828.230530708,20000000,-0.01018098,0.0029016137,0.00015950203,-0.15670152,-0.19265835,0.27042615,False,0.0
4828.250530708,0,-0.0069387555,-0.008106768,-0.006729722,-0.1407056,-0.18444864,0.27149335,False,0.0
4828.270530708,20000000,-0.00370498,-0.019111395,-0.013620675,-0.12470969,-0.17623894,0.2725605,False,0.0
4828.290530708,40000000,-0.00047960877,-0.030112147,-0.020513475,-0.108713776,-0.16802923,0.2736277,False,0.0
4828.310530708,0,-0.004671186,-0.030532598,-0.020589292,-0.09520226,-0.16832282,0.2768887,False,0.0
4828.330530708,0,-0.009660184,-0.027570724,-0.016855419,-0.090962306,-0.17710224,0.27768108,False,0.0
4828.350530708,20000000,-0.01726906,-0.019028902,-0.011218607,-0.10226472,-0.18739434,0.27875033,False,0.0
4828.370530708,0,-0.020785853,-0.012485087,-0.008585572,-0.118438035,-0.18634316,0.28249413,False,0.0
4828.390530708,20000000,-0.024304643,-0.0059398413,-0.0059522986,-0.13461135,-0.18529199,0.28623796,False,0.0
4828.410530708,0,-0.01891248,-0.004625261,-0.008625686,-0.14493792,-0.17090377,0.28575572,False,0.0
4828.430530708,20000000,-0.012598321,-0.005857229,-0.011905193,-0.15482707,-0.132214,0.2600566,False,0.0
4828.450530708,0,-0.009424582,-0.00042062998,-0.012891531,-0.15311778,-0.09353098,0.2320751,False,0.0
4828.470530708,20000000,-0.0062586367,0.0050236583,-0.013880312,-0.15140846,-0.054847978,0.20409356,False,0.0
4828.490530708,40000000,-0.0031004846,0.010475874,-0.014871657,-0.14969917,-0.016164973,0.17611204,False,0.0
4828.510530708,0,-0.00022219121,0.013459504,-0.012133598,-0.13836418,0.01954718,0.156171,False,0.0
4828.530530708,0,-0.0019093305,0.018233895,-0.005749047,-0.124292776,0.05006238,0.13868348,False,0.0
4828.550530708,20000000,-0.011758745,0.021870375,0.005891502,-0.10750473,0.05852978,0.14036329,False,0.0
4828.570530708,0,-0.017474696,0.023032606,0.009396493,-0.09297132,0.041539982,0.15176266,False,0.0
4828.590530708,20000000,-0.0029394776,0.010336101,0.00246495,-0.07889216,0.03829841,0.15137607,False,0.0
4828.610530708,0,0.0036425292,0.008725405,0.0067883134,-0.062823184,0.06947362,0.11157119,False,0.0
4828.630530708,20000000,0.010224953,0.0071205497,0.011107922,-0.04675421,0.10064882,0.07176632,False,0.0
4828.650530708,0,0.0020592809,0.014453888,0.016171455,-0.055013776,0.07854037,0.056538973,False,0.0
4828.670530708,20000000,-0.0061053187,0.021790147,0.021231294,-0.06327334,0.056431927,0.041311633,False,0.0
4828.690530708,0,0.002224803,0.009678602,0.015745103,-0.0416741,0.03273417,0.038513858,False,0.0
4828.710530708,20000000,0.010554761,-0.0024315119,0.010257959,-0.020074863,0.009036412,0.03571608,False,0.0
4828.730530708,0,0.008671194,0.008532941,0.010463119,-0.02168701,0.006925053,0.051333286,False,0.0
4828.750530708,20000000,0.0067875087,0.01949811,0.01066792,-0.023299158,0.0048136935,0.06695049,False,0.0
4828.770530708,0,0.006544709,0.014188349,0.0064693093,-0.039859,-0.013689851,0.11104442,False,0.0
4828.790530708,20000000,0.0063011944,0.008881748,0.0022707582,-0.056418844,-0.032193393,0.15513834,False,0.0
4828.810530708,0,0.0061469674,0.003150344,0.0026715398,-0.062192105,-0.026889613,0.16672911,False,0.0
4828.830530708,20000000,0.0059919357,-0.0025739074,0.003072679,-0.067965366,-0.021585833,0.17831987,False,0.0
4828.850530708,0,0.0015155375,-0.0037551522,0.004976034,-0.07814062,-0.036575302,0.17741877,False,0.0
4828.870530708,20000000,-0.0029628575,-0.0049294233,0.006879866,-0.08831586,-0.051564775,0.17651765,False,0.0
4828.890530708,0,-0.00162521,-0.01000005,0.0017000437,-0.08943187,-0.06313768,0.17354615,False,0.0
4828.910530708,20000000,-0.0002901554,-0.01506567,-0.0034792423,-0.090547875,-0.07471058,0.17057467,False,0.0
4828.930530708,0,0.0020288825,-0.017059505,-0.0061290264,-0.08267005,-0.057996232,0.14490281,False,0.0
4828.950530708,20000000,0.004345894,-0.019050062,-0.0087785125,-0.07479222,-0.041281886,0.119230956,False,0.0
4828.970530708,0,0.0031062663,-0.018581748,-0.007612109,-0.064068235,-0.029820852,0.08626971,False,0.0
4828.990530708,20000000,0.0018655658,-0.018111825,-0.006445825,-0.05334425,-0.01835982,0.053308457,False,0.0
4829.010530708,0,0.0020727217,-0.016980171,-0.00677979,-0.046231266,-0.0071367435,0.01994786,False,0.0
4829.030530708,20000000,0.0022796094,-0.015847981,-0.0071141124,-0.039118286,0.0040863343,-0.01341274,False,0.0
4829.050530708,0,-0.0015330911,-0.009569645,-0.0028907657,-0.032828607,0.008696971,-0.028703853,False,0.0
4829.070530708,20000000,-0.005345434,-0.0032910705,0.0013323426,-0.026538927,0.013307609,-0.04399497,False,0.0
4829.090530708,40000000,-0.014053732,0.0036803484,0.009557366,-0.024060233,0.002225034,-0.042017933,False,0.0
4829.110530708,0,-0.01166296,0.007198453,0.0028195381,-0.028492017,0.0006394844,-0.04230741,False,0.0
4829.130530708,0,-0.0025340617,0.008543909,-0.008833587,-0.030351518,0.014858222,-0.045200706,False,0.0
4829.150530708,0,-0.0021031797,0.008629143,-0.0085398555,-0.021114828,0.06262665,-0.061733093,False,0.0
4829.170530708,0,-0.009575605,0.010129154,-0.00063192844,-0.007039681,0.08086251,-0.06292266,False,0.0
4829.190530708,0,-0.019618317,0.018466234,0.006062329,0.0031034276,0.09026969,-0.064548984,False,0.0
4829.210530708,0,-0.022069931,0.01854831,0.006043434,0.010370041,0.07971082,-0.054485124,False,0.0
4829.230530708,0,-0.01803276,0.016473114,0.0012245178,0.016619058,0.0850234,-0.06072233,False,0.0
4829.250530708,0,-0.018926322,0.017903626,-0.0028226972,0.028187567,0.10463989,-0.061000027,False,0.0
4829.270530708,20000000,-0.019819185,0.019333243,-0.0068711042,0.03975608,0.12425638,-0.061277725,False,0.0
4829.290530708,0,-0.013715982,0.018409729,-0.012160778,0.058250878,0.13216893,-0.034380727,False,0.0
4829.310530708,20000000,-0.007613033,0.017485142,-0.01745385,0.076745674,0.14008148,-0.007483728,False,0.0
4829.330530708,0,0.0019319952,0.01099807,-0.01806724,0.08842907,0.16146076,0.009433055,False,0.0
4829.350530708,20000000,0.011476666,0.0045111775,-0.018689334,0.10011247,0.18284003,0.02634984,False,0.0
4829.370530708,0,0.010496765,-0.0013307333,-0.009733021,0.117086664,0.18062036,0.034931935,False,0.0
4829.390530708,20000000,0.009516448,-0.007170677,-0.00079089403,0.13406086,0.1784007,0.04351403,False,0.0
4829.410530708,0,0.01646626,-0.011568427,-0.0026450157,0.1396141,0.15590855,0.05668333,False,0.0
4829.430530708,20000000,0.023416221,-0.015960991,-0.0045145154,0.14516735,0.13341643,0.069852635,False,0.0
4829.450530708,40000000,0.029653966,-0.023077011,-0.0060968995,0.14642479,0.12158772,0.068700716,False,0.0
4829.470530708,0,0.037766278,-0.026290536,-0.0058674216,0.1416598,0.11841999,0.06771104,False,0.0
4829.490530708,20000000,0.03584197,-0.027502418,-0.00021779537,0.14243338,0.09976939,0.060869467,False,0.0
4829.510530708,0,0.034452677,-0.023336053,0.0056144595,0.13359271,0.07442852,0.060285665,False,0.0
4829.530530708,20000000,0.03772962,-0.02310127,0.0045255423,0.11482982,0.052730292,0.0482208,False,0.0
4829.550530708,0,0.03756377,-0.028712928,0.007886648,0.09580982,0.033559944,0.027204895,False,0.0
4829.570530708,20000000,0.031082392,-0.03656274,0.013021827,0.09713364,0.016444778,-0.011975357,False,0.0
4829.590530708,0,0.02542764,-0.042500913,0.011190116,0.10438734,-0.0069689527,-0.059709936,False,0.0
4829.610530708,20000000,0.020488858,-0.041627586,0.0072619915,0.1095844,-0.015956907,-0.13118243,False,0.0
4829.630530708,0,0.010283202,-0.022532105,0.0065463185,0.09386858,-0.009466732,-0.18377958,False,0.0
4829.650530708,20000000,-0.00044304132,-0.002876401,0.004216373,0.06456981,-0.026436653,-0.20508723,False,0.0
4829.670530708,0,0.001273185,0.0049824715,0.00056910515,0.04817812,-0.009866042,-0.208669,False,0.0
4829.690530708,20000000,0.0029900074,0.012850404,-0.0030782223,0.03178644,0.0067045707,-0.2122508,False,0.0
4829.710530708,40000000,-0.013352126,0.015764952,0.013003349,0.047041647,0.0069803554,-0.1943138,False,0.0
4829.730530708,0,-0.02071029,0.0033567548,0.014525533,0.08440285,0.007904546,-0.20581886,False,0.0
4829.750530708,0,-0.013956368,-0.019306064,0.0029258132,0.14431193,0.0037802109,-0.27076614,False,0.0
4829.770530708,0,-0.004899442,-0.07165274,-0.008980572,0.24872583,0.036498997,-0.45900524,False,0.0
4829.790530708,0,-0.017118573,-0.110318154,-0.022634864,0.39253545,0.0822311,-0.7686914,False,0.0
4829.810530708,20000000,-0.046017617,-0.12185046,-0.01871121,0.5701719,0.08350306,-1.0915079,False,0.0
4829.830530708,0,-0.052990824,-0.1159201,-0.031182647,0.7296526,0.10266346,-1.3952153,False,0.0
4829.850530708,20000000,-0.05464448,-0.095217854,-0.037400723,0.85188997,0.13677625,-1.630673,False,0.0
4829.870530708,0,-0.054504707,-0.05036369,-0.033510804,0.8888407,0.17567179,-1.7332242,False,0.0
4829.890530708,20000000,-0.054640055,-0.0047644377,-0.029683888,0.9257914,0.21456732,-1.8357751,False,0.0
4829.910530708,40000000,-0.041979432,0.039891124,-0.023639202,0.86249614,0.23848549,-1.7765443,False,0.0
4829.930530708,0,-0.023766205,0.066685975,-0.015833318,0.7679189,0.2564981,-1.635388,False,0.0
4829.950530708,0,-0.006341666,0.084320545,-0.010318518,0.65903413,0.29030618,-1.4551449,False,0.0
4829.970530708,20000000,-0.0029653609,0.101157725,0.0015087724,0.53525275,0.31464362,-1.2459995,False,0.0
4829.990530708,0,-0.00421004,0.1101712,0.00886184,0.4073794,0.3102631,-1.0248144,False,0.0
4830.010530708,0,-0.00069975853,0.117096305,0.012787342,0.26833802,0.28977558,-0.8025884,False,0.0
4830.030530708,0,0.017621458,0.10282713,0.008313656,0.15184963,0.2919534,-0.6105066,False,0.0
4830.050530708,0,0.016664013,0.085089624,0.019069374,0.082448274,0.29670504,-0.4481398,False,0.0
4830.070530708,0,0.015142471,0.08084598,0.024033308,0.026326764,0.24661396,-0.30033994,False,0.0
4830.090530708,20000000,0.013626978,0.0765948,0.028988719,-0.029794741,0.1965229,-0.15254009,False,0.0
4830.110530708,0,0.011266246,0.06553018,0.030849159,-0.04734478,0.15095387,-0.051705696,False,0.0
4830.130530708,20000000,0.008909196,0.05446613,0.032701373,-0.064894825,0.105384834,0.049128704,False,0.0
4830.150530708,40000000,0.0075597316,0.04238206,0.03108579,-0.06706159,0.06576221,0.108218014,False,0.0
4830.170530708,0,0.0053070933,0.029520452,0.026111424,-0.060323235,0.02427604,0.12979575,False,0.0
4830.190530708,0,0.0052144676,0.01577586,0.018819511,-0.051154323,-0.007027395,0.11612375,False,0.0
4830.210530708,0,0.012281701,0.0025603175,0.004802823,-0.040310167,-0.013990162,0.06974233,False,0.0
4830.230530708,0,0.011611193,-0.005530834,0.003173411,-0.023435827,-0.0061947033,0.013670012,False,0.0
4830.250530708,0,0.006945938,-0.010663122,0.006483376,0.0037851539,-0.0019225306,-0.04186392,False,0.0
4830.270530708,20000000,0.008876398,-0.012269139,0.004319072,0.030872248,-0.0036943806,-0.10062644,False,0.0
4830.290530708,0,0.013761461,-0.018923491,0.0005223155,0.061497897,0.010956965,-0.18256661,False,0.0
4830.310530708,0,0.0125581175,-0.021701276,0.0010718703,0.094306305,0.021171521,-0.27063128,False,0.0
4830.330530708,0,0.006534785,-0.021986783,0.006343901,0.13183576,0.014178322,-0.33526352,False,0.0
4830.350530708,0,0.010586768,-0.030202448,0.0010569692,0.17706096,0.012551097,-0.40035433,False,0.0
4830.370530708,0,0.0044020712,-0.030616581,0.00086051226,0.22044408,0.020741455,-0.4646414,False,0.0
4830.390530708,20000000,-0.006672904,-0.015653223,0.003241539,0.24180308,0.003276091,-0.48993444,False,0.0
4830.410530708,0,-0.007537648,-0.0046244264,0.0033184886,0.23890638,-0.02796397,-0.47783524,False,0.0
4830.430530708,20000000,-0.002627775,0.0034495294,0.0010086894,0.22013035,-0.035950553,-0.4427891,False,0.0
4830.450530708,0,-0.0039647818,0.0128804445,-0.0020813346,0.18513978,-0.037425328,-0.37177777,False,0.0
4830.470530708,20000000,-0.0053149685,0.022343308,-0.005180657,0.1501492,-0.038900103,-0.3007664,False,0.0
4830.490530708,40000000,-0.0066785812,0.03183791,-0.008289337,0.11515862,-0.04037488,-0.22975504,False,0.0
4830.510530708,0,-0.0066272765,0.027097523,-0.0050816536,0.08110978,-0.038132742,-0.11845096,False,0.0
4830.530530708,20000000,-0.0065763667,0.022358656,-0.0018752813,0.047060937,-0.035890605,-0.00714688,False,0.0
4830.550530708,40000000,-0.0065258667,0.017621309,0.0013298392,0.013012096,-0.03364847,0.10415721,False,0.0
4830.570530708,60000000,-0.008532815,0.0088816285,0.0051196218,-0.0137877315,-0.045833625,0.17550918,False,0.0
4830.590530708,0,-0.008474126,-0.0018400252,0.00494951,-0.04461489,-0.05959379,0.19231392,False,0.0
4830.610530708,0,-0.013640821,-0.012627482,0.00634259,-0.07054632,-0.08036858,0.17425251,False,0.0
4830.630530708,0,-0.01628904,-0.016850352,0.0025655627,-0.07384922,-0.09015805,0.1289672,False,0.0
4830.650530708,20000000,-0.018941611,-0.02107358,-0.0012150407,-0.07715213,-0.09994753,0.08368187,False,0.0
4830.670530708,40000000,-0.019799285,-0.015126884,-0.006788552,-0.07586142,-0.09929491,0.05060315,False,0.0
4830.690530708,0,-0.014440611,-0.008627772,-0.014119625,-0.080486156,-0.079773545,0.027336376,False,0.0
4830.710530708,0,-0.014569066,-0.0058662295,-0.013619661,-0.072466694,-0.06551608,0.01938607,False,0.0
4830.730530708,0,-0.007824354,-0.005767107,-0.018577158,-0.05975286,-0.04164084,0.026069984,False,0.0
4830.750530708,20000000,-0.0010802746,-0.005668044,-0.023535848,-0.047039025,-0.017765608,0.032753896,False,0.0
4830.770530708,0,0.0042107403,-0.0102728605,-0.020528436,-0.030075174,0.015608095,0.034556482,False,0.0
4830.790530708,20000000,0.0016793162,-0.0102035105,-0.009024501,-0.021006683,0.027206015,0.040653005,False,0.0
4830.810530708,0,-0.0016278848,-0.009860188,0.002402246,-0.013047867,0.014323219,0.04883551,False,0.0
4830.830530708,0,0.0010191351,-0.007172376,0.003052175,-0.0107413195,-0.0062019797,0.06441909,False,0.0
4830.850530708,0,0.0034853816,-0.0043640137,0.0021967292,-0.01772486,-0.01891266,0.07979354,False,0.0
4830.870530708,0,0.004108809,-0.0041900575,0.0009537935,-0.030367836,-0.031126132,0.09773137,False,0.0
4830.890530708,20000000,0.004731871,-0.0040153265,-0.00028902292,-0.043010816,-0.043339603,0.11566919,False,0.0
4830.910530708,0,0.008782126,-0.009166986,-0.003745973,-0.05319128,-0.043895055,0.124395065,False,0.0
4830.930530708,0,0.010893427,-0.014475048,-0.0070056915,-0.05990911,-0.036147416,0.12196436,False,0.0
4830.950530708,0,0.017762125,-0.026451766,-0.010276973,-0.05111999,-0.029420754,0.10203852,False,0.0
4830.970530708,20000000,0.024629101,-0.038426936,-0.013548553,-0.04233087,-0.022694092,0.08211267,False,0.0
4830.990530708,0,0.033375032,-0.062565416,-0.013355792,-0.008599494,-0.008639621,0.016555332,False,0.0
4831.010530708,0,0.032815233,-0.06702027,-0.010679424,0.03079591,0.0034264037,-0.097545646,False,0.0
4831.030530708,0,0.032403655,-0.044797063,-0.005068183,0.037434082,-0.005589094,-0.16485204,False,0.0
4831.050530708,20000000,0.031989582,-0.022566676,0.00054234266,0.044072255,-0.014604592,-0.23215842,False,0.0
4831.070530708,0,0.03281623,-0.0030829608,0.007086098,0.039477263,-0.022966675,-0.24094197,False,0.0
4831.090530708,20000000,0.029436506,0.014163703,0.015969813,0.030918896,-0.02752192,-0.22230405,False,0.0
4831.110530708,0,0.023072131,0.027812809,0.020787,0.020604922,-0.03792292,-0.19831434,False,0.0
4831.130530708,20000000,0.016063698,0.04042545,0.021914363,0.003916247,-0.05601524,-0.17292656,False,0.0
4831.150530708,0,0.008262284,0.044920355,0.02152741,-0.010899758,-0.06905261,-0.14855604,False,0.0
4831.170530708,0,-0.0014204159,0.042284966,0.017847717,-0.0076125977,-0.072931044,-0.12584834,False,0.0
4831.190530708,0,-0.015274003,0.03915286,0.017757237,0.009559317,-0.07873745,-0.10145841,False,0.0
4831.210530708,0,-0.029134348,0.036765814,0.015961409,0.026561081,-0.08445868,-0.076386146,False,0.0
4831.230530708,0,-0.03765841,0.036199987,0.009269655,0.027394468,-0.09427935,-0.060652457,False,0.0
4831.250530708,0,-0.041910972,0.028780758,0.004344821,0.02088324,-0.10596475,-0.04753103,False,0.0
4831.270530708,0,-0.039183706,0.020510823,-0.008902431,0.010243095,-0.0917948,-0.047054093,False,0.0
4831.290530708,20000000,-0.030250736,0.008260548,-0.021945477,0.0011535985,-0.06480935,-0.060917433,False,0.0
4831.310530708,0,-0.027192026,-0.003185153,-0.024574578,0.011737141,-0.012553293,-0.10209942,False,0.0
4831.330530708,20000000,-0.032039586,-0.009460926,-0.016364694,0.028966673,0.02187667,-0.14654079,False,0.0
4831.350530708,0,-0.032932565,-0.01029703,-0.011245489,0.04570338,0.045333944,-0.19413532,False,0.0
4831.370530708,20000000,-0.031452537,-0.008691251,-0.007971346,0.056663953,0.06404678,-0.23693213,False,0.0
4831.390530708,0,-0.03238189,-0.004723966,-0.004436791,0.057430714,0.08295171,-0.2594497,False,0.0
4831.410530708,20000000,-0.03304889,0.0026623309,-0.0017508268,0.045092538,0.08617408,-0.2655366,False,0.0
4831.430530708,0,-0.028380807,0.007888854,-0.0027166605,0.022363065,0.09346957,-0.26292944,False,0.0
4831.450530708,0,-0.025092728,0.011938721,-0.0047997236,-0.00937763,0.10800558,-0.2548564,False,0.0
4831.470530708,20000000,-0.024299424,0.016307741,-0.0066056848,-0.038214557,0.12493062,-0.24420133,False,0.0
4831.490530708,0,-0.015710287,0.019969761,-0.01286912,-0.061493717,0.14102185,-0.22015743,False,0.0
4831.510530708,0,-0.0019518733,0.015791208,-0.01720959,-0.071038485,0.180659,-0.21609257,False,0.0
4831.530530708,20000000,0.0043270737,0.0148412585,-0.009210169,-0.06633276,0.20535494,-0.20742613,False,0.0
4831.550530708,0,0.0025440305,0.015755773,0.003507495,-0.053954523,0.21091793,-0.18512695,False,0.0
4831.570530708,0,0.0056399778,0.013238132,0.01136601,-0.039676316,0.19320326,-0.16505593,False,0.0
4831.590530708,0,0.012523584,0.013154745,0.014981627,-0.03411535,0.17187215,-0.14720404,False,0.0
4831.610530708,0,0.018388957,0.012874663,0.014569163,-0.03222231,0.14885624,-0.13318793,False,0.0
4831.630530708,20000000,0.02314628,0.012813151,0.013914704,-0.02455005,0.1284285,-0.11832826,False,0.0
4831.650530708,0,0.0227281,0.014436781,0.013395667,-0.014301671,0.107298665,-0.093737155,False,0.0
4831.670530708,0,0.024307974,0.013516426,0.011835396,-0.011479915,0.082469344,-0.06122114,False,0.0
4831.690530708,20000000,0.025889143,0.0125950575,0.01027292,-0.0086581595,0.057640016,-0.028705124,False,0.0
4831.710530708,40000000,0.03234318,0.006524265,0.0042692423,-0.0056765433,0.052699573,-0.0033158958,False,0.0
4831.730530708,0,0.034094095,0.004403174,0.005452633,0.00031888625,0.040884007,0.025520068,False,0.0
4831.750530708,0,0.030169405,0.004775107,0.009814024,0.0027390586,0.022132756,0.06119841,False,0.0
4831.770530708,0,0.022172503,0.0060948133,0.017212093,0.0042781583,-0.0072351433,0.09046076,False,0.0
4831.790530708,0,0.018475324,0.005894661,0.0144072175,-0.00063127885,-0.0494374,0.12525244,False,0.0
4831.810530708,20000000,0.016954921,0.003258586,0.007825673,-0.019272476,-0.08271415,0.14264198,False,0.0
4831.830530708,0,0.024509415,-0.0033653975,-0.004147947,-0.03168513,-0.07164214,0.135683,False,0.0
4831.850530708,20000000,0.015834413,-0.0031040907,-0.00025355816,-0.030944737,-0.07262318,0.12606815,False,0.0
4831.870530708,0,0.002267398,0.00026625395,0.008019805,-0.023518907,-0.09366667,0.13718002,False,0.0
4831.890530708,20000000,-0.0013055652,0.0017971396,0.005734861,-0.017836787,-0.12496234,0.15039797,False,0.0
4831.910530708,0,0.0004524365,0.0036122203,0.0033331513,-0.016897226,-0.1429968,0.15143399,False,0.0
4831.930530708,0,0.0020013452,0.004758954,-0.0026378632,-0.022757528,-0.1375716,0.14575644,False,0.0
4831.950530708,0,0.0009272173,0.010165811,-0.0054132342,-0.030140232,-0.13798612,0.15849945,False,0.0
4831.970530708,0,0.00074774027,0.020935237,-0.0046468377,-0.047094163,-0.14186093,0.18657267,False,0.0
4831.990530708,20000000,0.00056580454,0.031702876,-0.0038825274,-0.0640481,-0.14573573,0.21464588,False,0.0
4832.010530708,40000000,-0.0077487826,0.07071811,-0.0039749146,-0.10163714,-0.15068465,0.31294578,False,0.0
4832.030530708,0,-0.0104727,0.128263,-0.014292002,-0.19739147,-0.17539391,0.53190297,False,0.0
4832.050530708,0,-0.007825181,0.18912017,-0.026954412,-0.36600518,-0.16350344,0.8866459,False,0.0
4832.070530708,20000000,0.0012650713,0.19709402,-0.031107366,-0.55147064,-0.11904342,1.3247327,False,0.0
4832.090530708,0,-0.002442859,0.16513795,-0.02488774,-0.7203784,-0.055827104,1.7210237,False,0.0
4832.110530708,0,-0.02820532,0.13373792,-0.0072470903,-0.8645768,-0.043436144,2.065198,False,0.0
4832.130530708,20000000,-0.0423835,0.0867669,-0.00487864,-0.98086256,-0.052820083,2.3054547,False,0.0
4832.150530708,0,-0.049518734,0.030718863,-0.0071597695,-1.055859,-0.07124598,2.4283304,False,0.0
4832.170530708,0,-0.04719366,-0.028740227,-0.0104984045,-1.0693494,-0.0811937,2.3982463,False,0.0
4832.190530708,0,-0.047494993,-0.0763824,-0.010834813,-1.0263008,-0.09324691,2.2519836,False,0.0
4832.210530708,0,-0.048618346,-0.11071378,-0.0064780116,-0.93577695,-0.12159757,2.0186334,False,0.0
4832.230530708,20000000,-0.058457345,-0.11509484,8.404255e-05,-0.81508744,-0.17053539,1.7698853,False,0.0
4832.250530708,0,-0.050141677,-0.11359203,-0.0046260357,-0.68091786,-0.19595411,1.5195822,False,0.0
4832.270530708,20000000,-0.04187873,-0.111668944,-0.009290934,-0.5467483,-0.22137286,1.269279,False,0.0
4832.290530708,40000000,-0.033656597,-0.10932475,-0.013905168,-0.4125787,-0.24679159,1.018976,False,0.0
4832.310530708,60000000,-0.03869453,-0.09440395,-0.008749247,-0.30265102,-0.23032027,0.782231,False,0.0
4832.330530708,0,-0.037415862,-0.083649755,-0.010561287,-0.21924996,-0.24994195,0.5905444,False,0.0
4832.350530708,0,-0.029879957,-0.06896263,-0.015504658,-0.15518509,-0.2472769,0.43779993,False,0.0
4832.370530708,20000000,-0.012883782,-0.059788704,-0.026948214,-0.110855564,-0.18721202,0.28467596,False,0.0
4832.390530708,0,-0.015091419,-0.040888846,-0.020221949,-0.080624044,-0.12506911,0.1697717,False,0.0
4832.410530708,0,-0.018432021,-0.02494365,-0.018484175,-0.06072598,-0.080724075,0.089989,False,0.0
4832.430530708,20000000,-0.020579398,-0.011665642,-0.017327309,-0.041751504,-0.045524273,0.03385494,False,0.0
4832.450530708,0,-0.01901859,-0.005417347,-0.015282512,-0.025870796,-0.008234341,0.0012966208,False,0.0
4832.470530708,0,-0.015658587,-0.00065010786,-0.013579965,-0.018158324,0.014515035,-0.01175404,False,0.0
4832.490530708,0,-0.013723493,0.0023989081,-0.01272136,-0.010337822,0.033959433,-0.0074922745,False,0.0
4832.510430208,0,-0.0072203064,-0.000484978,-0.013674947,-0.006440572,0.05311175,-0.0050384495,False,0.0
4832.530430208,0,-0.0059925914,-0.0056673884,-0.012521625,-0.0062164026,0.05783052,-0.02181546,False,0.0
4832.550430208,20000000,-0.0047643483,-0.010850012,-0.0113687515,-0.0059922333,0.062549286,-0.038592473,False,0.0
4832.570430208,40000000,-0.0035355687,-0.016033053,-0.010216296,-0.005768064,0.06726806,-0.05536948,False,0.0
4832.590430208,60000000,-0.002366513,-0.016549766,-0.008948743,-0.0042844317,0.07807411,-0.07386424,False,0.0
4832.610430208,0,-0.003398627,-0.009926796,-0.004252434,-0.00777052,0.07806894,-0.08118302,False,0.0
4832.630430208,0,-0.004701823,-0.0015491247,0.00018811226,-0.017083898,0.07310161,-0.08136106,False,0.0
4832.650430208,20000000,-0.004314393,0.0059547424,0.003060639,-0.029196171,0.06039215,-0.06979595,False,0.0
4832.670430208,0,-0.004137963,0.011863589,0.0057917237,-0.048797447,0.051232737,-0.05306605,False,0.0
4832.690430208,0,-0.00067460537,0.015485883,0.007955134,-0.06391379,0.039567564,-0.0323609,False,0.0
4832.710430208,0,0.0040338337,0.01659125,0.009127259,-0.07190633,0.026567083,-0.013361393,False,0.0
4832.730430208,0,0.008681804,0.015555024,0.00866127,-0.0741847,0.02213509,-0.003394274,False,0.0
4832.750430208,20000000,0.009252697,0.0148361325,0.011157036,-0.06678443,0.013336833,0.009640177,False,0.0
4832.770430208,0,0.007863581,0.015437841,0.010922372,-0.054716196,-0.000654703,0.02430205,False,0.0
4832.790430208,0,0.008388609,0.0149380565,0.012150884,-0.040306676,-0.016380856,0.040465936,False,0.0
4832.810430208,20000000,0.00903213,0.014963806,0.010900915,-0.027771967,-0.028811958,0.05667719,False,0.0
4832.830430208,0,0.009068638,0.012924552,0.00724411,-0.026464563,-0.037947066,0.072798,False,0.0
4832.850430208,20000000,0.009105504,0.010886133,0.0035877824,-0.02515716,-0.04708218,0.088918805,False,0.0
4832.870430208,40000000,0.009142667,0.008848727,-6.7949295e-05,-0.023849756,-0.056217287,0.10503962,False,0.0
4832.890430208,60000000,0.008176088,0.0038721561,-0.00055098534,-0.024419326,-0.05365885,0.10581906,False,0.0
4832.910430208,0,0.003353566,-0.00013703108,0.0047750473,-0.021403141,-0.05277748,0.09979313,False,0.0
4832.930430208,0,-0.002590686,-0.0007060766,0.008095086,-0.013649259,-0.065723404,0.0940824,False,0.0
4832.950430208,0,-0.00511685,-0.002218902,0.0062001348,-0.007889328,-0.07875497,0.08447235,False,0.0
4832.970430208,0,-0.004676163,-0.001801014,0.0016503334,-0.0067024976,-0.08251147,0.07206513,False,0.0
4832.990430208,20000000,-0.005807668,-0.002389431,-0.0009368658,-0.003331208,-0.075376764,0.060275152,False,0.0
4833.010430208,0,-0.009911865,0.0009992123,-0.0012513995,-0.003754223,-0.0748431,0.061154336,False,0.0
4833.030430208,0,-0.009062022,0.0024297833,-0.0033429265,-0.0062169502,-0.07221333,0.06580249,False,0.0
4833.050430208,20000000,-0.0073732436,0.0026158094,-0.002452612,-0.0063740546,-0.06641876,0.06458389,False,0.0
4833.070430208,0,-0.0024866164,0.00048530102,-0.0029081702,-0.0072318804,-0.053679183,0.053873938,False,0.0
4833.090430208,20000000,0.0008838177,-0.002103746,-0.003229797,-0.0014289613,-0.03939649,0.044147864,False,0.0
4833.110430208,0,-0.00047898293,0.000644207,-0.00037568808,-0.0002702464,-0.025257017,0.035331875,False,0.0
4833.130430208,0,-0.0019010901,0.0071415305,0.0020651817,-0.005645503,-0.023138955,0.030050905,False,0.0
4833.150430208,20000000,-0.00028422475,0.010849595,0.0025832057,-0.011294713,-0.014348106,0.02040372,False,0.0
4833.170430208,0,-0.003255576,0.012777746,0.007117033,-0.0051844716,-0.0211155,0.017345805,False,0.0
4833.190430208,20000000,-0.0047674775,0.01197046,0.007416606,0.010597045,-0.033485696,0.020210082,False,0.0
4833.210430208,0,-0.005632311,0.011288464,0.0046392083,0.028854325,-0.042546414,0.03162991,False,0.0
4833.230430208,20000000,-0.0036340058,0.009367168,-0.0026875734,0.042774588,-0.040676452,0.04615369,False,0.0
4833.250430208,0,-0.0011785626,0.0024051666,-0.0055500865,0.054823726,-0.032508362,0.05853957,False,0.0
4833.270430208,0,0.001794666,-0.0054405928,-0.006163001,0.067993745,-0.025849115,0.065523095,False,0.0
4833.290430208,20000000,0.005595535,-0.011226535,-0.008402228,0.07530468,-0.015951406,0.070813134,False,0.0
4833.310430208,0,0.013943106,-0.018897831,-0.0117868185,0.075015225,-0.0065089697,0.07301287,False,0.0
4833.330430208,0,0.02172029,-0.02608788,-0.013942778,0.071539685,0.008095183,0.07028542,False,0.0
4833.350430208,20000000,0.024771601,-0.029370189,-0.011789978,0.06900581,0.013358717,0.075026944,False,0.0
4833.370430208,0,0.024930298,-0.031210124,-0.005932212,0.06295112,0.0072956635,0.0756572,False,0.0
4833.390430208,20000000,0.022959799,-0.029008627,-0.0010944605,0.050733604,-0.019584745,0.07819787,False,0.0
4833.410430208,0,0.028661758,-0.02625215,-0.0030964613,0.03260813,-0.046222955,0.0805301,False,0.0
4833.430430208,0,0.027038991,-0.023216128,0.0020475984,0.020771109,-0.055052146,0.082741365,False,0.0
4833.450430208,20000000,0.025418967,-0.020178854,0.0071913004,0.008934085,-0.06388134,0.08495263,False,0.0
4833.470430208,40000000,0.015362084,-0.010397911,0.016045332,-8.930173e-05,-0.10325417,0.1036038,False,0.0
4833.490430208,0,0.013149917,-0.0021942854,0.015373886,-0.021139354,-0.1424421,0.1276455,False,0.0
4833.510430208,20000000,0.012355834,0.001296401,0.011993349,-0.04903675,-0.16410942,0.1471408,False,0.0
4833.530430208,0,0.009070009,0.0031098723,0.009822011,-0.0742708,-0.17633995,0.15576394,False,0.0
4833.550430208,0,0.0009990036,0.005127609,0.0088095665,-0.095885634,-0.17942192,0.15601176,False,0.0
4833.570430208,20000000,-0.0057753325,0.0038542747,0.007499099,-0.108169794,-0.19407292,0.15608297,False,0.0
4833.590430208,0,-0.008841485,0.0026816726,0.0015154481,-0.11170991,-0.18819332,0.14114119,False,0.0
4833.610430208,0,-0.013517439,0.0025202632,-0.0029844642,-0.10811119,-0.18011972,0.12718464,False,0.0
4833.630430208,20000000,-0.01496011,0.0009723902,-0.008584917,-0.09595847,-0.16658293,0.111511566,False,0.0
4833.650430208,0,-0.016438097,-0.0016355515,-0.012874663,-0.08136866,-0.1413152,0.08542181,False,0.0
4833.670430208,0,-0.01839903,-0.00059068203,-0.014195561,-0.06251393,-0.1169876,0.05834996,False,0.0
4833.690430208,0,-0.02278924,0.001490891,-0.013899326,-0.04751151,-0.09218135,0.031018695,False,0.0
4833.710430208,0,-0.024487942,0.0047047734,-0.01161319,-0.03184006,-0.07765007,0.0044238158,False,0.0
4833.730430208,20000000,-0.02217716,0.00038719177,-0.013455391,-0.016052801,-0.058668543,-0.022334721,False,0.0
4833.750430208,0,-0.01839456,-0.0025274754,-0.013992071,0.008512992,-0.03222797,-0.047154058,False,0.0
4833.770430208,0,-0.01606974,-0.0018479824,-0.011063695,0.027491467,-0.008153783,-0.07347464,False,0.0
4833.790430208,20000000,-0.013744682,-0.0011662841,-0.008135617,0.04646994,0.015920402,-0.09979522,False,0.0
4833.810430208,0,-0.012182832,-0.0012324452,-0.004172623,0.044798058,0.040155023,-0.123619854,False,0.0
4833.830430208,20000000,-0.0098980665,-0.00033545494,-0.0031964183,0.044145554,0.045725077,-0.14261499,False,0.0
4833.850430208,0,-0.006052345,-0.003653884,-0.0027236938,0.046841193,0.05259454,-0.16390243,False,0.0
4833.870430208,0,-0.0070183873,-0.0024178028,0.0014067292,0.055693243,0.050984792,-0.18171676,False,0.0
4833.890430208,0,-0.0056936443,0.0020486116,0.0011992455,0.060165577,0.05401792,-0.19088922,False,0.0
4833.910430208,0,-0.0040597916,0.0070921183,0.0011429787,0.061539926,0.05074821,-0.19337364,False,0.0
4833.930430208,0,-0.013227314,0.015408635,0.009817958,0.0600407,0.03998786,-0.17587307,False,0.0
4833.950430208,0,-0.011585832,0.018475175,0.0018386245,0.051720984,0.032168202,-0.142632,False,0.0
4833.970430208,20000000,0.0009494722,0.016379654,-0.010568202,0.04420621,0.050639905,-0.106719814,False,0.0
4833.990430208,0,0.0029851198,0.0125569105,-0.007440388,0.043520283,0.080754854,-0.091677375,False,0.0
4834.010430208,0,-0.003609717,0.013879418,0.008610785,0.041027546,0.074777566,-0.074908674,False,0.0
4834.030430208,20000000,-0.0034094155,0.010891736,0.012871385,0.031860456,0.051292926,-0.06339631,False,0.0
4834.050430208,0,0.00052049756,0.005573213,0.009623706,0.030014494,0.035184845,-0.06496966,False,0.0
4834.070430208,20000000,0.00202474,0.0023975372,0.01155889,0.030474324,0.030704597,-0.0714887,False,0.0
4834.090430208,0,9.691715e-05,0.008926392,0.01238209,0.02393186,0.01535404,-0.061893124,False,0.0
4834.110430208,20000000,-0.00073462725,0.015633047,0.010693252,0.016929178,-0.00985448,-0.032795534,False,0.0
4834.130430208,0,0.00012394786,0.011385143,0.006476581,0.005148028,-0.0093697235,-0.009438129,False,0.0
4834.150430208,0,0.00036111474,0.008123219,0.0055801272,0.0010965327,-0.013319062,0.0047632176,False,0.0
4834.170430208,20000000,0.002002865,0.0062740445,-0.0013452768,-0.0034878012,-0.025410756,0.026443819,False,0.0
4834.190430208,0,0.009301305,-0.0021026134,-0.0069069862,-0.00057122787,-0.008044003,0.019101966,False,0.0
4834.210430208,0,0.0090442,-0.002227664,-0.0030807853,0.015400824,0.001002281,0.014078625,False,0.0
4834.230430208,20000000,0.0070102215,-0.00045222044,-0.0015307069,0.035573784,-0.0014118364,0.012448329,False,0.0
4834.250430208,0,0.0068451464,-0.003037095,-0.0037737489,0.057405863,-0.011215156,0.0074974587,False,0.0
4834.270430208,0,0.0135991275,-0.015116513,-0.008198023,0.08568781,-0.014204297,-0.0076862145,False,0.0
4834.290430208,0,0.026372075,-0.036551833,-0.01986891,0.13247688,0.0042514056,-0.05704914,False,0.0
4834.310430208,0,0.030726999,-0.050240338,-0.02653259,0.1817701,0.055794083,-0.12864748,False,0.0
4834.330430208,20000000,0.028883845,-0.05791831,-0.026851594,0.23096898,0.084612176,-0.20902392,False,0.0
4834.350430208,0,0.026584506,-0.055722058,-0.02514273,0.25120276,0.1161913,-0.2777962,False,0.0
4834.370430208,20000000,0.024266154,-0.053507626,-0.023443937,0.2714365,0.14777043,-0.3465685,False,0.0
4834.390430208,40000000,0.0219239,-0.04764229,-0.021391511,0.27241218,0.17242453,-0.4077002,False,0.0
4834.410430208,0,0.024172753,-0.036586523,-0.01178503,0.2718562,0.20125966,-0.44757837,False,0.0
4834.430430208,20000000,0.02328515,-0.019644141,-0.0040791035,0.25339448,0.2158526,-0.46103144,False,0.0
4834.450430208,0,0.01464352,0.0031459332,0.013807356,0.22883806,0.20193073,-0.4408014,False,0.0
4834.470430208,0,0.0050188005,0.016247213,0.021373391,0.19244513,0.18577377,-0.39902702,False,0.0
4834.490430208,0,0.0042986274,0.016708493,0.015461087,0.15679142,0.14213207,-0.3485558,False,0.0
4834.510430208,0,0.011424661,0.02571553,0.005600214,0.118833125,0.14562298,-0.30940306,False,0.0
4834.530430208,20000000,0.008358747,0.04414171,0.008275211,0.08137834,0.15680936,-0.25349185,False,0.0
4834.550430208,0,-0.013611317,0.06775981,0.026363015,0.031064615,0.15030637,-0.16685727,False,0.0
4834.570430208,0,-0.035732925,0.092580736,0.039357483,-0.02289195,0.08413017,-0.025396287,False,0.0
4834.590430208,0,-0.040914178,0.092443705,0.039369345,-0.07359336,0.0041542873,0.1212364,False,0.0
4834.610430208,0,-0.024247259,0.072975814,0.021003842,-0.10811405,-0.03427724,0.22728479,False,0.0
4834.630430208,20000000,-0.018330842,0.04916352,0.012622416,-0.11638148,-0.035380978,0.2714952,False,0.0
4834.650430208,0,-0.0273934,0.033308625,0.009149373,-0.102073334,-0.045220807,0.26776522,False,0.0
4834.670430208,20000000,-0.03646204,0.01746732,0.0056753755,-0.08776519,-0.05506064,0.26403525,False,0.0
4834.690430208,0,-0.034914523,-0.007496476,-0.0034373999,-0.05376276,-0.06540252,0.21096706,False,0.0
4834.710430208,0,-0.035371542,-0.02886045,-0.010412753,-0.0033306591,-0.060305096,0.12008263,False,0.0
4834.730430208,0,-0.033020258,-0.05573201,-0.017141819,0.062906876,-0.046534274,-0.009939671,False,0.0
4834.750430208,20000000,-0.026847243,-0.08694181,-0.029728055,0.1584984,-0.0084251575,-0.19250473,False,0.0
4834.770430208,0,-0.027122438,-0.11341411,-0.03458947,0.2648683,0.04769882,-0.4338189,False,0.0
4834.790430208,20000000,-0.025960982,-0.13883197,-0.036113918,0.38429222,0.09224311,-0.705359,False,0.0
4834.810430208,0,-0.023739457,-0.16239509,-0.051683843,0.52117383,0.1660692,-1.0545814,False,0.0
4834.830430208,20000000,-0.049107343,-0.12612242,-0.040093243,0.63652706,0.2112563,-1.3347137,False,0.0
4834.850430208,0,-0.066647366,-0.06652945,-0.030203998,0.70369935,0.22243586,-1.4831519,False,0.0
4834.870430208,20000000,-0.0650931,0.0010237098,-0.025473595,0.6972486,0.21200031,-1.4871202,False,0.0
4834.890363542,0,-0.056570854,0.07640755,-0.020193271,0.6189903,0.2247397,-1.3333141,False,0.0
4834.910363542,20000000,-0.040314287,0.11641276,-0.018298328,0.47748578,0.2554057,-1.0349298,False,0.0
4834.930363542,0,-0.033251777,0.1308611,-0.014875889,0.33004662,0.289991,-0.71878433,False,0.0
4834.950363542,20000000,-0.02622047,0.14534205,-0.011452436,0.18260746,0.3245763,-0.40263888,False,0.0
4834.970363542,0,-0.03125818,0.14567006,-0.0014294386,0.0336871,0.3341309,-0.08930707,False,0.0
4834.990363542,0,-0.032416984,0.12671155,0.0053802133,-0.098560646,0.32401425,0.19409743,False,0.0
4835.010363542,0,-0.025296092,0.09348011,0.0049685836,-0.19388053,0.2984342,0.4090613,False,0.0
4835.030363542,0,-0.02157253,0.065518916,-0.0007532239,-0.2688284,0.2833863,0.55582124,False,0.0
4835.050363542,0,-0.017152458,0.037077308,-0.0034724474,-0.30810276,0.26871377,0.6552347,False,0.0
4835.070363542,0,-0.015327245,0.011290133,-0.004231572,-0.31439203,0.26043922,0.70959055,False,0.0
4835.090363542,20000000,-0.011719197,-0.011925757,-0.0065719485,-0.2943553,0.25260657,0.72110265,False,0.0
4835.110363542,0,-0.005929649,-0.032037854,-0.0073561072,-0.25992075,0.24981141,0.6920837,False,0.0
4835.130363542,0,0.0024607182,-0.053867012,-0.006623745,-0.21483353,0.25053963,0.6108402,False,0.0
4835.150363542,20000000,0.007812858,-0.07044536,-0.0038982034,-0.16419193,0.25203797,0.4936154,False,0.0
4835.170363542,0,0.009126574,-0.07745138,0.0027547479,-0.1033868,0.24674115,0.35333145,False,0.0
4835.190363542,0,0.011120319,-0.077669054,0.0070530176,-0.045687232,0.23306419,0.20567693,False,0.0
4835.210363542,0,0.009303391,-0.0741044,0.012590468,0.008237541,0.21150436,0.060417295,False,0.0
4835.230363542,0,0.008694708,-0.064664155,0.012533307,0.056170695,0.18687353,-0.07129176,False,0.0
4835.250363542,20000000,0.00972116,-0.05402249,0.0104955435,0.09636034,0.1671677,-0.18133846,False,0.0
4835.270363542,0,0.009774268,-0.043040067,0.0072836876,0.12966953,0.15876836,-0.2777067,False,0.0
4835.290363542,20000000,0.005166471,-0.02890867,0.007325411,0.15339077,0.1489383,-0.34315315,False,0.0
4835.310363542,0,0.0027408302,-0.016770422,0.007008016,0.16541988,0.14166985,-0.38567337,False,0.0
4835.330363542,20000000,-8.2165e-05,-0.0103001,0.0053915977,0.17589538,0.1286753,-0.4129259,False,0.0
4835.350363542,0,-0.0002834797,-0.01137507,0.0007597804,0.18476866,0.12467905,-0.4324023,False,0.0
4835.370363542,0,-0.0002180636,-0.021234512,-0.003549099,0.2079153,0.12869465,-0.46730027,False,0.0
4835.390363542,20000000,0.0018649697,-0.034861892,-0.008213878,0.24105197,0.14410943,-0.5285478,False,0.0
4835.410363542,0,0.0012630224,-0.05021155,-0.009260535,0.28704712,0.16512173,-0.6223368,False,0.0
4835.430363542,0,-0.0032287836,-0.05720508,-0.009569287,0.33790174,0.17741391,-0.7475474,False,0.0
4835.450363542,20000000,-0.014322847,-0.048966885,-0.0069077015,0.37966692,0.1813088,-0.86431617,False,0.0
4835.470363542,0,-0.020866036,-0.03319961,-0.0066258907,0.40930513,0.17339401,-0.94551,False,0.0
4835.490363542,0,-0.023786068,-0.014272213,-0.0067236423,0.4228628,0.17057063,-0.9908981,False,0.0
4835.510363542,0,-0.025329202,0.0027422905,-0.005240202,0.42155755,0.16584015,-0.98954093,False,0.0
4835.530363542,0,-0.027665257,0.015187383,-0.002291143,0.40946028,0.16425192,-0.9486723,False,0.0
4835.550363542,20000000,-0.02460453,0.022084236,-0.007411778,0.3953402,0.15297878,-0.88504976,False,0.0
4835.570363542,0,-0.0154880285,0.041097105,-0.013252735,0.3477227,0.15953863,-0.8203018,False,0.0
4835.590363542,20000000,-0.012182742,0.07442957,-0.013343155,0.25347066,0.19041428,-0.7255926,False,0.0
4835.610363542,0,-0.022297382,0.104121685,-0.0052072406,0.14854085,0.2009796,-0.5642516,False,0.0
4835.630363542,0,-0.028705046,0.117975295,0.0035301447,0.058278732,0.20961641,-0.35841206,False,0.0
4835.650363542,20000000,-0.026121229,0.12494856,0.008261561,-0.022048645,0.21616171,-0.13015017,False,0.0
4835.670363542,0,-0.017070979,0.11597103,0.0023758411,-0.09435223,0.22668113,0.07168183,False,0.0
4835.690363542,0,-0.015225321,0.09148234,0.0028731823,-0.14945342,0.2385968,0.2320546,False,0.0
4835.710363542,0,-0.014290959,0.052993655,0.0049579144,-0.16374072,0.23192452,0.33186707,False,0.0
4835.730363542,0,-0.0074929297,0.016978204,0.0018559694,-0.14513357,0.2229487,0.3653748,False,0.0
4835.750363542,20000000,0.0005519986,-0.01590538,-0.00017517805,-0.104375854,0.22254947,0.3305908,False,0.0
4835.770363542,0,0.005322188,-0.041371346,-0.0013813972,-0.048666406,0.22173078,0.24755102,False,0.0
4835.790363542,0,0.008921206,-0.061264127,-0.0015153289,0.0073531494,0.21812741,0.13531555,False,0.0
4835.810363542,0,0.0139858425,-0.07511115,-0.0011284351,0.06538662,0.20648824,0.009729028,False,0.0
4835.830363542,0,0.021040201,-0.0830102,-0.0018091798,0.1244947,0.20890261,-0.13491997,False,0.0
4835.850363542,20000000,0.018346697,-0.07509214,0.0009468794,0.1719385,0.21889715,-0.2730703,False,0.0
4835.870363542,0,0.009541571,-0.05897829,0.0040925145,0.19219431,0.21181236,-0.37599802,False,0.0
4835.890363542,20000000,0.005800754,-0.04407379,0.006074071,0.20193069,0.19649811,-0.44432727,False,0.0
4835.910363542,0,0.008844078,-0.03634587,0.0047000647,0.20827958,0.19182326,-0.4994251,False,0.0
4835.930363542,20000000,0.0064049065,-0.027682185,0.005150795,0.21534218,0.19788629,-0.54786414,False,0.0
4835.950363542,0,0.001457572,-0.013828218,0.0068539977,0.21290438,0.19239415,-0.5747823,False,0.0
4835.970363542,0,-0.005513996,0.0065185428,0.012684643,0.20778748,0.16734365,-0.57307816,False,0.0
4835.990363542,0,-0.008804619,0.025849521,0.015391052,0.18459669,0.13238758,-0.5298816,False,0.0
4836.010363542,0,-0.0017963648,0.03516358,0.01335609,0.15989353,0.11223513,-0.4729397,False,0.0
4836.030363542,20000000,0.0031440556,0.042357683,0.013754487,0.13902538,0.11213421,-0.415804,False,0.0
4836.050363542,0,-0.0006740391,0.052455187,0.012664497,0.108231805,0.10644117,-0.34953052,False,0.0
4836.070363542,0,-0.0073289573,0.05477637,0.017105699,0.075014755,0.09652917,-0.27424318,False,0.0
4836.090363542,20000000,-0.008601755,0.049401104,0.017191112,0.04950331,0.07260707,-0.20514871,False,0.0
4836.110363542,0,-0.0044385195,0.03826219,0.008990228,0.038933888,0.05352106,-0.14237791,False,0.0
4836.130363542,0,0.006749898,0.022959352,0.00033730268,0.03999399,0.061436385,-0.11222921,False,0.0
4836.150363542,0,0.009060711,0.008514583,0.0034860373,0.05146064,0.07712355,-0.10039368,False,0.0
4836.170363542,0,0.00897482,0.002139151,0.0101953745,0.061501082,0.09001867,-0.101732574,False,0.0
4836.190363542,0,0.004666686,0.0010348558,0.014031947,0.063577205,0.08550659,-0.112477206,False,0.0
4836.210363542,20000000,0.0036521256,0.0030916333,0.013720274,0.059523366,0.07359444,-0.12572543,False,0.0
4836.230363542,0,0.004526943,0.00536263,0.009834409,0.054751083,0.057913423,-0.13269863,False,0.0
4836.250363542,0,0.0040631294,0.00477916,0.006149173,0.047802813,0.051876567,-0.13072634,False,0.0
4836.270363542,20000000,0.0052916706,0.0005662441,0.0020022988,0.041232128,0.04436491,-0.1236448,False,0.0
4836.290363542,0,0.009742528,-0.0035936236,-0.0029168725,0.04085114,0.054987304,-0.12292052,False,0.0
4836.310363542,0,0.00512138,-0.0059464574,-0.0022335052,0.037861954,0.06631827,-0.12455353,False,0.0
4836.330363542,20000000,0.0013692081,-0.009990156,-0.0032374263,0.035768844,0.0679337,-0.1211306,False,0.0
4836.350363542,0,0.0008170903,-0.014464438,-0.0042856336,0.03204091,0.071549065,-0.13085163,False,0.0
4836.370363542,0,-0.0011542141,-0.020917356,-0.004095018,0.0336572,0.075917415,-0.15157618,False,0.0
4836.390363542,0,-0.004180789,-0.026657224,-0.0016795993,0.048641246,0.06913014,-0.17813171,False,0.0
4836.410363542,0,-0.009546757,-0.0224514,0.0010702014,0.053418458,0.0542656,-0.19694018,False,0.0
4836.430363542,20000000,-0.012639284,-0.014327645,-0.0018844008,0.04365104,0.038946677,-0.21344437,False,0.0
4836.450363542,0,-0.011295974,-0.015051663,-0.0073773265,0.033560842,0.023370206,-0.22357629,False,0.0
4836.470363542,0,-0.008219749,-0.018930197,-0.011469364,0.03641146,0.04083602,-0.24340531,False,0.0
4836.490363542,20000000,-0.005140841,-0.022799194,-0.0155591965,0.03926208,0.05830184,-0.26323432,False,0.0
4836.510363542,0,-0.008368373,-0.021891236,-0.0125383735,0.05033524,0.060341023,-0.27812523,False,0.0
4836.530363542,20000000,-0.009659767,-0.015417635,-0.010587931,0.05963809,0.054229427,-0.28683162,False,0.0
4836.550363542,0,-0.011358976,-0.009491384,-0.012152612,0.05755244,0.04083325,-0.28686395,False,0.0
4836.570363542,0,-0.0051035285,-0.010308623,-0.013543665,0.058811866,0.048271507,-0.2763635,False,0.0
4836.590363542,0,0.005748987,-0.015891254,-0.01323688,0.06172147,0.063768625,-0.26229456,False,0.0
4836.610363542,0,0.0054755807,-0.013412178,-0.008865714,0.06252469,0.078558385,-0.23783027,False,0.0
4836.630363542,20000000,0.001740545,-0.015067518,-0.0050570965,0.056886844,0.06890215,-0.21399078,False,0.0
4836.650363542,0,0.0021611452,-0.010091066,-0.0009943247,0.033543628,0.043108515,-0.18341495,False,0.0
4836.670363542,0,0.018968731,-0.013445973,-0.0095822215,0.0060411952,0.041701846,-0.17282782,False,0.0
4836.690363542,20000000,0.02470833,-0.013740003,-0.0043076277,-0.013340941,0.06580385,-0.17956321,False,0.0
4836.710363542,0,0.015320271,-0.011464596,0.0040339828,-0.011036066,0.06973865,-0.16977642,False,0.0
4836.730363542,0,0.010486871,-0.010614574,0.009157002,-0.008304117,0.040206354,-0.15124919,False,0.0
4836.750363542,0,0.014197588,-0.005456209,0.007737577,-0.012864697,0.010114636,-0.13586053,False,0.0
4836.770363542,0,0.013425112,-0.0019139647,0.009166539,-0.017253973,-0.00022806227,-0.11996293,False,0.0
4836.790363542,20000000,0.012654424,0.0016306043,0.010595679,-0.02164325,-0.010570762,-0.10406533,False,0.0
4836.810363542,0,0.012435198,0.010764778,0.012737155,-0.038081374,-0.016857496,-0.089499354,False,0.0
4836.830363542,0,0.015400261,0.016182601,0.0133636,-0.05969438,-0.021410776,-0.07568849,False,0.0
4836.850363542,0,0.01399371,0.021995306,0.013520062,-0.07606805,-0.022790838,-0.061210275,False,0.0
4836.870363542,20000000,0.011733443,0.020490348,0.010375619,-0.07419868,-0.03938272,-0.033644833,False,0.0
4836.890363542,0,0.01402238,0.020011842,0.009720206,-0.06407347,-0.058927804,0.0052253753,False,0.0
4836.910363542,0,0.01235798,0.020925999,0.010966241,-0.06678897,-0.06269794,0.035790756,False,0.0
4836.930363542,20000000,0.010692239,0.021840751,0.012210429,-0.06950446,-0.066468075,0.06635614,False,0.0
4836.950363542,40000000,0.0067556202,0.020647585,0.015543699,-0.07638367,-0.08393075,0.086149484,False,0.0
4836.970363542,0,0.0058962703,0.015487134,0.013687789,-0.08099069,-0.10671738,0.102655284,False,0.0
4836.990363542,0,0.007604927,0.014270723,0.012532353,-0.08610021,-0.11954111,0.10069354,False,0.0
4837.010363542,20000000,0.01223433,0.0067925453,0.010320008,-0.086812474,-0.120922945,0.09043215,False,0.0
4837.030363542,0,0.010160983,0.012755811,0.01629299,-0.08482165,-0.12962575,0.08252299,False,0.0
4837.050363542,0,0.010162383,0.014598548,0.018124998,-0.085378624,-0.14081097,0.077055305,False,0.0
4837.070363542,0,0.009101689,0.018184721,0.019558132,-0.096937075,-0.16614625,0.07827137,False,0.0
4837.090363542,20000000,0.008037746,0.021769047,0.020983398,-0.10849552,-0.19148152,0.079487436,False,0.0
4837.110363542,40000000,0.009988815,0.022730649,0.016172826,-0.12355215,-0.20498589,0.083185464,False,0.0
4837.130363542,0,0.0035890043,0.035887837,0.016793787,-0.13794266,-0.23153906,0.111506194,False,0.0
4837.150363542,0,0.0056625903,0.057890534,0.01483798,-0.16782229,-0.2456474,0.1781537,False,0.0
4837.170363542,20000000,-0.013546154,0.10088742,0.023649931,-0.21829845,-0.29407087,0.32851952,False,0.0
4837.190363542,0,-0.016970754,0.14780301,0.02079451,-0.31370106,-0.37467888,0.5991761,False,0.0
4837.210363542,0,0.013399571,0.15718067,0.004032254,-0.44013375,-0.37837186,0.9147686,False,0.0
4837.230363542,20000000,0.026186317,0.1379695,0.0035204291,-0.5461017,-0.35768768,1.1936367,False,0.0
4837.250363542,0,0.0076549947,0.122302234,0.012360454,-0.6463229,-0.34494653,1.4243758,False,0.0
4837.270363542,0,-0.012255132,0.09970498,0.023094654,-0.7329466,-0.40897024,1.6431181,False,0.0
4837.290363542,0,0.006258577,0.04964435,0.017386973,-0.78509516,-0.44784135,1.7370688,False,0.0
4837.310230542,0,0.007430201,0.026611743,0.020796983,-0.8140169,-0.44556662,1.7396716,False,0.0
4837.330230542,0,0.011900902,0.0039613843,0.025015593,-0.8029819,-0.47703928,1.6625313,False,0.0
4837.350230542,0,0.015999764,-0.012487948,0.031438768,-0.76108325,-0.510423,1.5368038,False,0.0
4837.370230542,0,0.019999146,-0.02854842,0.037944674,-0.71918464,-0.54380673,1.4110764,False,0.0
4837.390230542,20000000,0.021552354,-0.034032524,0.038831353,-0.67030025,-0.5881915,1.2725699,False,0.0
4837.410230542,0,0.020809859,-0.033924222,0.034599066,-0.6164894,-0.6370247,1.1336576,False,0.0
4837.430230542,0,0.01658222,-0.03704816,0.029946089,-0.5573676,-0.6785183,1.0089428,False,0.0
4837.450230542,0,0.012176454,-0.034736633,0.023521125,-0.499148,-0.7182794,0.90814006,False,0.0
4837.470230542,0,0.0077043474,-0.028274894,0.019068837,-0.45612246,-0.74319106,0.82478595,False,0.0
4837.490230542,20000000,0.004977137,-0.024578333,0.014988303,-0.4263946,-0.75968677,0.7613746,False,0.0
4837.510230542,0,-0.0005671382,-0.028637767,0.0071721077,-0.4044474,-0.7632643,0.71357405,False,0.0
4837.530230542,0,-0.012431771,-0.030944526,-0.0012696385,-0.3839298,-0.7713824,0.68377286,False,0.0
4837.550230542,20000000,-0.024395794,-0.027223349,-0.010562837,-0.37403604,-0.780702,0.68398374,False,0.0
4837.570230542,0,-0.02367258,-0.0244838,-0.024440527,-0.38304475,-0.7666144,0.6899859,False,0.0
4837.590230542,20000000,-0.020869613,-0.018573761,-0.033065796,-0.4031068,-0.7142553,0.6791305,False,0.0
4837.610230542,0,-0.028992802,-0.014235258,-0.031129181,-0.4238476,-0.6539135,0.6532566,False,0.0
4837.630230542,0,-0.038331717,-0.0135089755,-0.02649641,-0.42457363,-0.60288864,0.6271128,False,0.0
4837.650230542,0,-0.03414452,-0.01946354,-0.026416183,-0.3924328,-0.53978616,0.5745152,False,0.0
4837.670230542,20000000,-0.029990643,-0.025421858,-0.026362479,-0.36029202,-0.47668368,0.52191764,False,0.0
4837.690230542,40000000,-0.016695976,-0.030371428,-0.020659983,-0.30805832,-0.41566473,0.44083446,False,0.0
4837.710230542,0,0.0011768937,-0.026581526,-0.018467903,-0.26420358,-0.34730738,0.33200058,False,0.0
4837.730230542,0,0.0133366585,-0.018599987,-0.012150526,-0.22742544,-0.29298395,0.22239761,False,0.0
4837.750230542,0,0.021016926,-0.008890033,-0.0034586191,-0.1949362,-0.25759953,0.11445654,False,0.0
4837.770230542,0,0.02291736,0.002847612,0.010340095,-0.160529,-0.25884378,0.031835005,False,0.0
4837.790230542,20000000,0.030331492,0.007918239,0.018680453,-0.11957487,-0.27035838,-0.026313692,False,0.0
4837.810230542,0,0.040613115,0.0066028237,0.02244997,-0.07897617,-0.26739082,-0.07181814,False,0.0
4837.830230542,0,0.047495276,0.0060534477,0.027626991,-0.033562843,-0.2670386,-0.10337402,False,0.0
4837.850230542,20000000,0.047766447,0.006716788,0.037358105,-0.0064338334,-0.28167805,-0.11930537,False,0.0
4837.870230542,0,0.046739995,0.0144299865,0.045430243,-0.0046309317,-0.31209117,-0.11462274,False,0.0
4837.890230542,0,0.041727006,0.020955026,0.050463855,-0.02483498,-0.36075875,-0.09403303,False,0.0
4837.910230542,0,0.036681473,0.023053825,0.05061233,-0.051097333,-0.41686675,-0.0579727,False,0.0
4837.930230542,0,0.03229639,0.017974257,0.04497677,-0.065496124,-0.47261602,-0.008336712,False,0.0
4837.950230542,20000000,0.027563602,0.01045084,0.034699857,-0.06956329,-0.5282662,0.044683523,False,0.0
4837.970230542,0,0.022809446,0.011605024,0.026466727,-0.08663972,-0.56701297,0.0915508,False,0.0
4837.990230542,20000000,0.018951356,0.017408013,0.02287966,-0.11820394,-0.59816074,0.13195127,False,0.0
4838.010230542,0,0.009848714,0.027896285,0.023543298,-0.1655372,-0.6211698,0.17119439,False,0.0
4838.030230542,0,-0.00087851286,0.034986377,0.023025036,-0.19488455,-0.6593594,0.23950097,False,0.0
4838.050230542,0,-0.0024935007,0.026153564,0.012589991,-0.19652641,-0.68200463,0.30940187,False,0.0
4838.070230542,0,-0.006368831,0.014063656,0.0032504797,-0.17704572,-0.6762208,0.36613175,False,0.0
4838.090230542,20000000,-0.016026765,0.007938743,0.00039368868,-0.15717697,-0.6726633,0.40933186,False,0.0
4838.110230542,0,-0.021405399,0.0007136464,-0.004971266,-0.14990339,-0.66134393,0.435353,False,0.0
4838.130230542,0,-0.023070216,-0.007175684,-0.012304783,-0.14989185,-0.6364224,0.43575907,False,0.0
4838.150230542,20000000,-0.026603565,-0.015997887,-0.01322782,-0.15855253,-0.60146695,0.4239485,False,0.0
4838.170230542,0,-0.030437648,-0.022212505,-0.012114406,-0.1600507,-0.5660635,0.4056609,False,0.0
4838.190230542,20000000,-0.03034082,-0.026955783,-0.01046139,-0.16340308,-0.5271143,0.3735895,False,0.0
4838.210230542,0,-0.03066659,-0.030472398,-0.0071968436,-0.17004162,-0.47417247,0.31517616,False,0.0
4838.230230542,20000000,-0.03883545,-0.025963962,-0.004427254,-0.17602427,-0.42552564,0.25430062,False,0.0
4838.250230542,0,-0.040961713,-0.016383648,-0.011779964,-0.1845694,-0.38921848,0.20313637,False,0.0
4838.270230542,20000000,-0.04309775,-0.006816566,-0.019168496,-0.19311453,-0.35291132,0.15197212,False,0.0
4838.290230542,40000000,-0.04766129,0.008136988,-0.023955703,-0.20272408,-0.29299787,0.106593005,False,0.0
4838.310230542,0,-0.059234485,0.022038937,-0.01743275,-0.20298538,-0.23399293,0.08048734,False,0.0
4838.330230542,20000000,-0.0668571,0.027330518,-0.01825869,-0.18477364,-0.2054809,0.07876217,False,0.0
4838.350230542,0,-0.050464094,0.023811221,-0.0315302,-0.15876682,-0.1763727,0.09546282,False,0.0
4838.370230542,0,-0.025879815,0.018190563,-0.03592336,-0.12492542,-0.11856421,0.08207172,False,0.0
4838.390230542,20000000,-0.017235681,0.024242043,-0.021093369,-0.08973706,-0.051781394,0.05583561,False,0.0
4838.410230542,0,-0.020516038,0.037023783,-0.0018390417,-0.075680025,-0.022132952,0.03283634,False,0.0
4838.430230542,0,-0.015901133,0.033824265,0.004304886,-0.06560114,0.014264811,-0.018869694,False,0.0
4838.450230542,20000000,-0.009841636,0.029787004,0.006795764,-0.054690767,0.06672093,-0.09114541,False,0.0
4838.470230542,0,-0.008758798,0.022482634,0.0017700791,-0.028444702,0.11666863,-0.18519956,False,0.0
4838.490230542,20000000,-0.0059185773,0.0007677078,-0.0032547712,0.019169996,0.17125067,-0.3136598,False,0.0
4838.510230542,0,-0.009601429,-0.025449038,-0.0065872073,0.10004882,0.24315713,-0.48532292,False,0.0
4838.530230542,0,-0.02690278,-0.04008919,0.0009544492,0.20183899,0.29025793,-0.6648165,False,0.0
4838.550230542,20000000,-0.049168497,-0.036424696,0.0014104843,0.3008365,0.29580933,-0.7966008,False,0.0
4838.570230542,0,-0.05661563,-0.023805678,-0.006133914,0.35397565,0.25719535,-0.83545625,False,0.0
4838.590230542,20000000,-0.064125806,-0.0110295415,-0.013657808,0.40711477,0.21858138,-0.8743117,False,0.0
4838.610230542,0,-0.053914875,-0.0041474104,-0.02965498,0.428949,0.22970332,-0.87838715,False,0.0
4838.630230542,20000000,-0.05831921,-0.00045263767,-0.037851393,0.4243584,0.23695363,-0.8390079,False,0.0
4838.650230542,0,-0.06096498,-0.009493887,-0.057118475,0.40027767,0.26698157,-0.7927283,False,0.0
4838.670230542,0,-0.071993396,-0.025143981,-0.06687248,0.3658385,0.32697082,-0.768625,False,0.0
4838.690230542,0,-0.08841774,-0.039327264,-0.07184625,0.33721864,0.36960217,-0.7614376,False,0.0
4838.710230542,0,-0.09725036,-0.055119038,-0.07285929,0.3171536,0.41401675,-0.7854444,False,0.0
4838.730230542,20000000,-0.10564794,-0.061962664,-0.07393813,0.3110051,0.47181326,-0.8515698,False,0.0
4838.750230542,0,-0.12521234,-0.05250585,-0.060911715,0.30362654,0.51967585,-0.91722375,False,0.0
4838.770230542,0,-0.13777038,-0.039621055,-0.049198747,0.3076226,0.52501047,-0.9527412,False,0.0
4838.790230542,20000000,-0.13297056,-0.032444477,-0.047852814,0.31652698,0.5334331,-0.97708255,False,0.0
4838.810230542,0,-0.108983584,-0.028443217,-0.0604316,0.3193172,0.60370314,-1.0402234,False,0.0
4838.830230542,0,-0.11012041,-0.0018445253,-0.04525447,0.31156498,0.66951257,-1.0867097,False,0.0
4838.850230542,20000000,-0.12118915,0.033032954,-0.023053348,0.28481284,0.70286775,-1.086166,False,0.0
4838.870230542,0,-0.11100083,0.044320405,-0.022366524,0.2547186,0.71905035,-1.0475519,False,0.0
4838.890230542,20000000,-0.10087519,0.055645645,-0.02166897,0.22462438,0.7352329,-1.0089378,False,0.0
4838.910230542,0,-0.08057991,0.049344778,-0.033040047,0.22001237,0.7875681,-0.96844995,False,0.0
4838.930230542,0,-0.062256765,0.030676425,-0.03139448,0.25185546,0.8303295,-0.9177119,False,0.0
4838.950230542,0,-0.031027474,0.011091471,-0.030925691,0.2955877,0.88422096,-0.8912921,False,0.0
4838.970230542,20000000,-0.024739034,0.0050988197,-0.012168169,0.33382758,0.9180211,-0.88495016,False,0.0
4838.990230542,0,-0.034639843,0.022060096,0.010078847,0.33811072,0.90057033,-0.86780953,False,0.0
4839.010230542,0,-0.04009057,0.03773296,0.03312677,0.31923267,0.8273804,-0.79722583,False,0.0
4839.030230542,20000000,-0.028035589,0.04138112,0.0370723,0.27722996,0.7688263,-0.7281955,False,0.0
4839.050230542,0,-0.020001464,0.03409195,0.038619816,0.24051802,0.7238169,-0.66281,False,0.0
4839.070230542,0,-0.012648821,0.026040852,0.036818206,0.2118975,0.6991113,-0.6146419,False,0.0
4839.090230542,20000000,-0.0078500435,0.033688307,0.04538709,0.17176485,0.6774706,-0.6022568,False,0.0
4839.110230542,0,-0.006316051,0.050242484,0.048720658,0.10214824,0.6410003,-0.60642624,False,0.0
4839.130230542,20000000,-0.013980202,0.059728563,0.04898131,0.047368165,0.594466,-0.5923819,False,0.0
4839.150230542,0,-0.021378085,0.056449175,0.043831944,0.034057014,0.53184074,-0.53964984,False,0.0
4839.170230542,0,-0.0121717155,0.04458493,0.031199574,0.064852804,0.49675542,-0.48040482,False,0.0
4839.190230542,20000000,-0.0029504448,0.032699168,0.01854682,0.095648594,0.4616701,-0.4211598,False,0.0
4839.210230542,40000000,-0.0040941834,0.03573948,0.01735425,0.11115053,0.43756717,-0.38268268,False,0.0
4839.230230542,0,-0.005912766,0.03619659,0.016318977,0.10096311,0.4060645,-0.34397003,False,0.0
4839.250230542,0,-0.0024610907,0.026452541,0.016036928,0.092241935,0.38355142,-0.30952504,False,0.0
4839.270230542,0,-0.0060918927,0.015807092,0.01757884,0.09635109,0.35339954,-0.26393202,False,0.0
4839.290230542,0,-0.0055543333,-0.0010908246,0.012784243,0.09012322,0.32740977,-0.22706199,False,0.0
4839.310230542,0,0.00040520728,-0.017432451,0.008260131,0.088188745,0.31887522,-0.21429898,False,0.0
4839.330230542,20000000,-0.0008506328,-0.022836983,0.008655012,0.07906626,0.30047384,-0.21539955,False,0.0
4839.350230542,0,0.005860269,-0.02522099,-0.0029438138,0.056043528,0.31667635,-0.24297337,False,0.0
4839.370230542,0,-0.010545075,-0.015952885,0.008367062,0.035916783,0.30408707,-0.26072848,False,0.0
4839.390230542,0,-0.02280952,-0.0101110935,0.014141262,0.02788926,0.27993757,-0.263885,False,0.0
4839.410230542,0,-0.02396436,-0.0056267977,0.009692907,0.013879766,0.25296292,-0.26754698,False,0.0
4839.430230542,20000000,-0.024457812,0.0028290153,0.004983783,0.009079954,0.24976854,-0.28223723,False,0.0
4839.450230542,0,-0.023013324,0.0038728118,0.0015555024,0.017840542,0.24370041,-0.27195257,False,0.0
4839.470230542,20000000,-0.02999723,0.007009685,0.0044311285,0.023072775,0.23499073,-0.24568526,False,0.0
4839.490230542,0,-0.033583686,0.009615004,0.004122734,0.020913843,0.21368065,-0.21189988,False,0.0
4839.510230542,0,-0.03279835,0.01686591,0.00585109,-0.00018660538,0.19596419,-0.17400849,False,0.0
4839.530230542,20000000,-0.026413396,0.022771716,0.0021301508,-0.033286713,0.19016103,-0.14315388,False,0.0
4839.550230542,0,-0.019401595,0.023732603,-0.0010915995,-0.07484933,0.18640001,-0.11268708,False,0.0
4839.570230542,20000000,-0.012227923,0.020857632,-0.0060665607,-0.09965867,0.21976578,-0.088109486,False,0.0
4839.590230542,0,-0.014931887,0.018258035,-0.0046821237,-0.092637084,0.24788,-0.037426505,False,0.0
4839.610230542,0,-0.017122984,0.012531877,-0.009366155,-0.06941359,0.25968808,0.004230976,False,0.0
4839.630230542,0,-0.019293845,0.010197878,-0.019255877,-0.06503981,0.29707298,0.0221538,False,0.0
4839.650230542,20000000,-0.016072243,-0.005199671,-0.02102381,-0.03919468,0.31812307,0.006512193,False,0.0
4839.670230542,0,-0.0048706234,-0.030766606,-0.033261597,0.0041426867,0.36751172,-0.028320862,False,0.0
4839.690230542,0,-0.0012292862,-0.05037856,-0.036812067,0.066753,0.42864832,-0.09182819,False,0.0
4839.710194667,0,-0.008881314,-0.047236454,-0.022088902,0.13652733,0.4627605,-0.15182027,False,0.0
4839.730194667,0,-0.00826253,-0.029469848,-0.0062839985,0.15178795,0.46140394,-0.20089594,False,0.0
4839.750194667,0,-0.0037255138,-0.010055721,0.0062742233,0.13360207,0.4353416,-0.21756844,False,0.0
4839.770194667,20000000,0.000799641,0.009341836,0.01879555,0.115416184,0.40927926,-0.23424095,False,0.0
4839.790194667,40000000,0.0076848418,0.025530756,0.032498598,0.09168112,0.36861297,-0.2290655,False,0.0
4839.810194667,0,0.01787357,0.032337666,0.037822664,0.0727386,0.3398378,-0.21357223,False,0.0
4839.830194667,0,0.022256851,0.040361524,0.043700993,0.06819605,0.3031689,-0.18973157,False,0.0
4839.850194667,0,0.022999823,0.04775089,0.042559266,0.0648583,0.26608002,-0.15852195,False,0.0
4839.870194667,0,0.030891374,0.042412877,0.027986526,0.07181047,0.24295229,-0.13382185,False,0.0
4839.890194667,20000000,0.03016752,0.03223777,0.019905329,0.09470836,0.24197157,-0.120864704,False,0.0
4839.910194667,0,0.018433884,0.018565893,0.014346063,0.12769553,0.22422993,-0.09794375,False,0.0
4839.930194667,0,0.0124370605,0.0056502223,0.007898331,0.1542407,0.20525905,-0.087012984,False,0.0
4839.950194667,20000000,0.006773472,0.0019795299,0.0035349727,0.1553647,0.19391744,-0.08346208,False,0.0
4839.970194667,0,0.004612893,0.005083978,0.0046465993,0.13072287,0.1722033,-0.0699812,False,0.0
4839.990194667,0,0.0047801137,0.008479476,0.005254984,0.08372482,0.15434897,-0.047053784,False,0.0
4840.010194667,0,0.0026867837,0.009619713,0.01084578,0.025135033,0.12383412,-0.00934837,False,0.0
4840.030194667,0,0.001835838,0.005801916,0.014066398,-0.03363277,0.0918605,0.03289475,False,0.0
4840.050194667,20000000,-0.0023263246,0.00763613,0.02160424,-0.097274736,0.052932132,0.079866305,False,0.0
4840.070194667,0,0.0025987327,0.015369415,0.01903361,-0.17936265,0.0077457204,0.14322123,False,0.0
4840.090194667,20000000,0.0075169504,0.023115516,0.016454875,-0.26145056,-0.03744069,0.20657614,False,0.0
4840.110194667,0,0.015029356,0.020116746,0.01181823,-0.34064984,-0.0609658,0.26680505,False,0.0
4840.130194667,20000000,0.01728338,0.022338271,0.010126233,-0.41062495,-0.07318206,0.32905173,False,0.0
4840.150194667,0,0.020456403,0.02020663,0.0075325966,-0.46890703,-0.0891729,0.39845005,False,0.0
4840.170194667,0,0.026334852,0.008467913,0.0033183694,-0.49977154,-0.10050543,0.46252728,False,0.0
4840.190194667,20000000,0.028629899,-0.005595684,-0.0036387444,-0.5042421,-0.10625401,0.49653637,False,0.0
4840.210194667,0,0.022929013,-0.012054205,-0.005402744,-0.5086734,-0.117803276,0.52896607,False,0.0
4840.230194667,0,0.019287825,-0.019448519,-0.008492351,-0.5046168,-0.13476826,0.5605574,False,0.0
4840.250194667,20000000,0.011989981,-0.020388484,-0.0064916015,-0.5043969,-0.15487662,0.57957107,False,0.0
4840.270194667,0,0.007055253,-0.026829362,-0.0071772337,-0.51115716,-0.19282106,0.6057594,False,0.0
4840.290194667,0,0.010045767,-0.031328678,-0.012991369,-0.52204376,-0.21246748,0.62963563,False,0.0
4840.310194667,20000000,0.009702057,-0.023546875,-0.011422634,-0.53897995,-0.23358922,0.66596144,False,0.0
4840.330194667,0,0.016469717,-0.020003676,-0.012118399,-0.56073827,-0.24790399,0.7069725,False,0.0
4840.350194667,0,0.027222097,-0.02825725,-0.01022464,-0.5554962,-0.22813158,0.6810352,False,0.0
4840.370194667,20000000,0.037899792,-0.03636992,-0.008342445,-0.5502541,-0.20835917,0.655098,False,0.0
4840.390194667,40000000,0.04080975,-0.031168818,-0.0029064417,-0.5377725,-0.223866,0.6158889,False,0.0
4840.410194667,0,0.05136338,-0.029107451,-0.0053602457,-0.50965613,-0.22853449,0.5692561,False,0.0
4840.430194667,20000000,0.05960068,-0.023958564,0.0010194182,-0.46126315,-0.2315147,0.5201064,False,0.0
4840.450194667,0,0.060561717,-0.008510828,0.01131928,-0.41005698,-0.24749286,0.49794063,False,0.0
4840.470194667,0,0.0642637,0.0023408532,0.019563735,-0.36602563,-0.2608493,0.47858855,False,0.0
4840.490194667,20000000,0.06539664,0.011223793,0.030171871,-0.3317139,-0.28132725,0.45473403,False,0.0
4840.510194667,0,0.06754905,0.014235973,0.038104177,-0.297848,-0.31816113,0.43362308,False,0.0
4840.530194667,0,0.07646704,0.008798838,0.036498487,-0.25299463,-0.35036194,0.4071586,False,0.0
4840.550194667,20000000,0.0847078,0.0050758123,0.03496045,-0.20739534,-0.36619353,0.37640378,False,0.0
4840.570194667,0,0.0839234,0.0071689487,0.042535722,-0.16295452,-0.388372,0.35718146,False,0.0
4840.590194667,20000000,0.07867679,0.010079324,0.048501253,-0.12358177,-0.41063374,0.34427297,False,0.0
4840.610194667,0,0.07581046,0.013738334,0.049267888,-0.09238717,-0.46511018,0.3604219,False,0.0
4840.630194667,0,0.085012555,0.0013126135,0.041838765,-0.06537126,-0.47564015,0.3518965,False,0.0
4840.650194667,20000000,0.08104259,-0.001839757,0.043902278,-0.04462468,-0.50406027,0.35409766,False,0.0
4840.670194667,0,0.07460672,-0.0036777258,0.05317855,-0.034863703,-0.53828585,0.35903257,False,0.0
4840.690194667,20000000,0.06291726,-0.0021926165,0.06129831,-0.0462136,-0.6085947,0.38263452,False,0.0
4840.710194667,0,0.060564756,-0.007833242,0.05605066,-0.06759566,-0.6769832,0.40151268,False,0.0
4840.730194667,20000000,0.058724552,-0.023037016,0.0497244,-0.07917858,-0.72593284,0.39925253,False,0.0
4840.750194667,0,0.059033275,-0.024068892,0.04369849,-0.08908681,-0.7440463,0.37001976,False,0.0
4840.770194667,20000000,0.059396803,-0.025145829,0.03760773,-0.09899504,-0.7621597,0.340787,False,0.0
4840.790194667,40000000,0.049035132,-0.005995333,0.040102422,-0.12914538,-0.77483153,0.31568605,False,0.0
4840.810194667,0,0.033992678,0.015954554,0.045775592,-0.16765927,-0.8108462,0.3287147,False,0.0
4840.830194667,0,0.032084644,0.034460783,0.037201643,-0.212887,-0.8310118,0.34436342,False,0.0
4840.850194667,20000000,0.034612417,0.039826274,0.025555968,-0.24927801,-0.8272665,0.35528943,False,0.0
4840.870194667,0,0.024962336,0.041318834,0.021814287,-0.2568514,-0.81701994,0.36397865,False,0.0
4840.890194667,20000000,0.0064891875,0.043976188,0.028351188,-0.23177908,-0.82958555,0.39340323,False,0.0
4840.910194667,0,-0.0048168004,0.037811756,0.017935514,-0.19525576,-0.8510007,0.4178276,False,0.0
4840.930194667,0,-0.0042542815,0.018653214,0.0009185076,-0.14983852,-0.84566784,0.41158682,False,0.0
4840.950194667,20000000,-7.739663e-05,-0.00030207634,-0.011478782,-0.10625037,-0.80215114,0.3644837,False,0.0
4840.970194667,0,-0.01458621,-0.009216905,-0.006527126,-0.060774375,-0.73850846,0.28094816,False,0.0
4840.990194667,20000000,-0.029053345,-0.0181728,-0.0016717911,-0.015298381,-0.6748658,0.1974126,False,0.0
4841.010194667,0,-0.061600506,-0.015198946,0.0025094151,0.017666146,-0.63275474,0.13029474,False,0.0
4841.030194667,20000000,-0.0942505,-0.0052698255,0.009127378,0.027808337,-0.6386586,0.0898633,False,0.0
4841.050194667,0,-0.09852019,-0.010716796,-0.005543649,0.024098797,-0.62493515,0.019979,False,0.0
4841.070194667,0,-0.099498846,-0.017569304,-0.026376963,0.024534091,-0.55890465,-0.09536158,False,0.0
4841.090194667,0,-0.117107406,-0.009748161,-0.036785185,0.036136024,-0.4863356,-0.18912175,False,0.0
4841.110194667,0,-0.124965236,-0.009641528,-0.04612136,0.06945706,-0.43448773,-0.22875156,False,0.0
4841.130194667,20000000,-0.12055187,-0.011839449,-0.057693183,0.12110341,-0.37928826,-0.24189913,False,0.0
4841.150194667,0,-0.11242059,-0.007969499,-0.061710954,0.16878258,-0.30743948,-0.24947114,False,0.0
4841.170194667,0,-0.10715824,2.7179718e-05,-0.062241614,0.18635309,-0.2284689,-0.24887723,False,0.0
4841.190194667,20000000,-0.104124054,0.006498635,-0.05880934,0.18206872,-0.14937554,-0.25195226,False,0.0
4841.210194667,0,-0.10365194,0.014243126,-0.048510194,0.17481977,-0.08728123,-0.24552129,False,0.0
4841.230194667,0,-0.099408776,0.019780695,-0.0406335,0.1625807,-0.035991203,-0.24193405,False,0.0
4841.250194667,20000000,-0.086271286,0.016174436,-0.0374732,0.15864593,0.012350213,-0.23246452,False,0.0
4841.270194667,0,-0.07838029,0.0074105263,-0.032683134,0.17956623,0.064812005,-0.22160248,False,0.0
4841.290194667,20000000,-0.070501916,-0.0013318062,-0.02789855,0.20048654,0.11727379,-0.21074045,False,0.0
4841.310194667,0,-0.061946206,-0.011212051,-0.02951467,0.21927926,0.15015608,-0.20268425,False,0.0
4841.330194667,0,-0.05740925,-0.016129315,-0.025708616,0.23444511,0.17026463,-0.20179115,False,0.0
4841.350194667,0,-0.049055316,-0.014190614,-0.023825824,0.22590527,0.19815326,-0.22488162,False,0.0
4841.370194667,20000000,-0.04108449,-0.009575367,-0.022129536,0.19877538,0.2299951,-0.2687996,False,0.0
4841.390194667,0,-0.032774366,-0.010087848,-0.02012384,0.16391921,0.2582489,-0.31691077,False,0.0
4841.410194667,0,-0.02490484,-0.029747307,-0.021582544,0.15597385,0.29987922,-0.38298172,False,0.0
4841.430194667,20000000,-0.033484437,-0.04381281,-0.01370424,0.1871767,0.31074727,-0.41576982,False,0.0
4841.450194667,0,-0.033260085,-0.044708192,-0.020037055,0.21846178,0.30499193,-0.44743514,False,0.0
4841.470194667,0,-0.020705678,-0.04385817,-0.0345003,0.24170095,0.32485938,-0.5004154,False,0.0
4841.490194667,20000000,-0.014366709,-0.042592525,-0.04257846,0.26903147,0.37504628,-0.5728419,False,0.0
4841.510194667,0,-0.021914512,-0.040554166,-0.047911644,0.30373174,0.44229686,-0.6567494,False,0.0
4841.530194667,20000000,-0.043829054,-0.033343673,-0.044516146,0.3428312,0.4814097,-0.72286695,False,0.0
4841.550194667,0,-0.054526903,-0.0262416,-0.039446652,0.3784005,0.47957972,-0.7490282,False,0.0
4841.570194667,0,-0.057661973,-0.017938554,-0.031068027,0.40598714,0.48458302,-0.7546327,False,0.0
4841.590194667,20000000,-0.060911447,-0.009578168,-0.02271825,0.43357378,0.48958632,-0.7602373,False,0.0
4841.610194667,0,-0.06878935,0.0021858811,-0.014165044,0.4308007,0.4663319,-0.73326546,False,0.0
4841.630194667,0,-0.06485315,0.009135485,-0.018594444,0.4086194,0.4561768,-0.6954007,False,0.0
4841.650194667,0,-0.054396383,0.009453177,-0.0165928,0.38088754,0.4735564,-0.6549219,False,0.0
4841.670194667,20000000,-0.053916246,0.017303944,-0.0097183585,0.33639324,0.49335322,-0.61871654,False,0.0
4841.690194667,0,-0.053302966,0.032593906,-0.0051196218,0.2756628,0.51183593,-0.57932335,False,0.0
4841.710194667,0,-0.052163452,0.053257763,0.0044190288,0.19688767,0.5064918,-0.50568146,False,0.0
4841.730194667,20000000,-0.043753482,0.06540316,0.0071839094,0.114668384,0.49908698,-0.40897,False,0.0
4841.750194667,0,-0.03483273,0.07269889,0.010300875,0.053736083,0.4917343,-0.30807522,False,0.0
4841.770194667,0,-0.023327298,0.070822895,0.014276445,0.016199123,0.45838305,-0.20585456,False,0.0
4841.790194667,20000000,-0.016803637,0.06373775,0.014654875,-0.0048915446,0.4274888,-0.11653561,False,0.0
4841.810194667,0,-0.011777148,0.05305934,0.0139763355,-0.011695483,0.3967125,-0.035648912,False,0.0
4841.830194667,20000000,-0.010360643,0.040490568,0.013974726,-0.0021097856,0.34928113,0.046082735,False,0.0
4841.850194667,0,-0.005157411,0.023032904,0.007968307,0.008774827,0.30018637,0.120230794,False,0.0
4841.870194667,0,0.0035010427,0.0064478517,0.006737709,0.008384847,0.27219516,0.14989382,False,0.0
4841.890194667,20000000,0.0121652335,-0.010120213,0.005478382,0.007994868,0.24420393,0.17955685,False,0.0
4841.910194667,40000000,0.021346524,-0.02306974,0.006604016,-0.007640172,0.23231778,0.15292922,False,0.0
4841.930194667,0,0.022668868,-0.030366838,0.0077522397,-0.017060066,0.22200406,0.11230968,False,0.0
4841.950194667,0,0.030292213,-0.033383906,0.010426819,-0.011519289,0.21517862,0.07267719,False,0.0
4841.970194667,20000000,0.03680426,-0.040412247,0.013846338,0.016397502,0.20700301,0.02058313,False,0.0
4841.990194667,0,0.043052092,-0.030256987,0.011741519,0.020287542,0.21556005,-0.03702497,False,0.0
4842.010194667,0,0.04219526,-0.013309538,0.015352786,0.008971161,0.20444533,-0.07720962,False,0.0
4842.030194667,20000000,0.040015906,-0.005589068,0.018200636,-6.796513e-05,0.19562781,-0.104077175,False,0.0
4842.050194667,0,0.040357158,-0.0033619404,0.02576977,0.003030027,0.15582423,-0.106521286,False,0.0
4842.070194667,0,0.040119275,-0.000361979,0.027138352,0.020340236,0.12908438,-0.11366525,False,0.0
4842.090194667,0,0.041607216,0.002082765,0.02310121,0.037312634,0.09129973,-0.11489982,False,0.0
4842.11017125,0,0.046057846,-0.0015615472,0.020439617,0.06164928,0.05673213,-0.103882864,False,0.0
4842.13017125,0,0.044494346,-0.002871573,0.017797053,0.08775902,0.022297177,-0.07770222,False,0.0
4842.15017125,20000000,0.040301874,-0.003489077,0.014893353,0.1046376,-0.016816106,-0.037478104,False,0.0
4842.17017125,0,0.02773656,-0.0036355853,0.019303858,0.11200489,-0.061090507,0.020536441,False,0.0
4842.19017125,20000000,0.018386975,-0.012686074,0.016090393,0.10777392,-0.11454296,0.07097241,False,0.0
4842.21017125,0,0.013309568,-0.029279113,0.006078005,0.09944662,-0.14543736,0.08571101,False,0.0
4842.23017125,0,0.008171529,-0.056374103,-0.0015227795,0.10760177,-0.16007854,0.047239818,False,0.0
4842.25017125,0,0.0053271353,-0.0875189,-0.013061702,0.14200835,-0.14109634,-0.073742814,False,0.0
4842.27017125,0,-0.0021944493,-0.11192006,-0.019861639,0.21397173,-0.1191654,-0.26041454,False,0.0
4842.29017125,20000000,-0.012907982,-0.11641151,-0.027876318,0.3022793,-0.0921099,-0.47956678,False,0.0
4842.31017125,0,-0.026361153,-0.098660946,-0.03362727,0.391679,-0.06721096,-0.6705887,False,0.0
4842.33017125,0,-0.04189989,-0.064184874,-0.03171116,0.4521259,-0.054278433,-0.78651446,False,0.0
4842.35017125,20000000,-0.039919525,-0.037448794,-0.03319955,0.47706282,-0.02991939,-0.841718,False,0.0
4842.37017125,0,-0.038002543,-0.016230822,-0.029358149,0.475562,0.00073425844,-0.86270195,False,0.0
4842.39017125,0,-0.034963205,0.0019903183,-0.02726096,0.44261596,0.04221749,-0.8587612,False,0.0
4842.41017125,20000000,-0.031798378,0.0126953125,-0.025748253,0.39531648,0.084740736,-0.83449507,False,0.0
4842.43017125,0,-0.02970618,0.011232257,-0.021621108,0.35284135,0.13328929,-0.80516684,False,0.0
4842.45017125,20000000,-0.030178472,0.009869695,-0.022539437,0.3260686,0.17625053,-0.776271,False,0.0
4842.47017125,0,-0.035998628,0.00795424,-0.019206703,0.30350757,0.20736675,-0.7407628,False,0.0
4842.49017125,20000000,-0.034056343,0.005940795,-0.020340443,0.2899018,0.22352706,-0.71512485,False,0.0
4842.51017125,0,-0.029921994,0.010713279,-0.018729568,0.2655004,0.23376715,-0.6848976,False,0.0
4842.53017125,0,-0.019105062,0.017910331,-0.016875625,0.23454621,0.24741538,-0.6446509,False,0.0
4842.55017125,0,-0.012274459,0.025743276,-0.01171726,0.2022872,0.25882715,-0.59010595,False,0.0
4842.57017125,0,-0.0123801455,0.0339559,-0.001966834,0.1721501,0.2610253,-0.5134899,False,0.0
4842.59017125,20000000,-0.010125741,0.036050856,0.0028259754,0.13764778,0.25028545,-0.42650375,False,0.0
4842.61017125,0,-0.006073788,0.03229755,0.0052672625,0.10628936,0.23858064,-0.3484515,False,0.0
4842.63017125,20000000,-0.0022604614,0.030784905,0.0050767064,0.06870869,0.23309945,-0.29238537,False,0.0
4842.65017125,0,-0.007616073,0.032459944,0.009330988,0.030189928,0.2091918,-0.23605186,False,0.0
4842.67017125,0,-0.007851526,0.037032187,0.013307095,-0.015186347,0.17680414,-0.17024678,False,0.0
4842.69017125,20000000,-0.0038985834,0.0343439,0.013496101,-0.058515493,0.1473153,-0.103029855,False,0.0
4842.71017125,0,-0.0051475167,0.03040737,0.01847452,-0.09138583,0.11424495,-0.044713296,False,0.0
4842.73017125,20000000,-0.002795726,0.025243074,0.01800412,-0.11347032,0.076715305,-0.004455954,False,0.0
4842.75017125,0,0.0011547431,0.015525341,0.011354387,-0.1123656,0.065279156,-0.001662682,False,0.0
4842.77017125,20000000,0.005106829,0.0058121085,0.004696727,-0.11126089,0.053843014,0.0011305897,False,0.0
4842.79017125,40000000,0.005128704,0.00014513731,0.0013090968,-0.0958398,0.049980894,0.0021075741,False,0.0
4842.81017125,0,0.0037233755,-0.0068742633,-0.0009151697,-0.07075729,0.04215863,-0.0041549653,False,0.0
4842.83017125,20000000,0.0057438463,-0.012801141,-0.004998982,-0.04168017,0.034413427,-0.016856506,False,0.0
4842.85017125,0,0.0066477805,-0.016999662,-0.003275454,-0.011116639,0.029348008,-0.03323652,False,0.0
4842.87017125,0,0.0073572844,-0.016671777,-0.000538826,0.0044571087,0.021061528,-0.040840864,False,0.0
4842.89017125,20000000,0.008579232,-0.015978336,-0.00014543533,0.013471524,0.006344972,-0.037943218,False,0.0
4842.91017125,0,0.004998639,-0.013898909,-0.0019622445,0.0035084318,-0.005581107,-0.020075489,False,0.0
4842.93017125,20000000,0.00453721,-0.011189997,-0.0047464967,-0.015060149,-0.016958993,0.007988183,False,0.0
4842.95017125,0,0.0039368942,-0.0090895295,-0.005121529,-0.043640926,-0.026811901,0.03654823,False,0.0
4842.97017125,20000000,0.005471289,-0.0013044477,-0.0057712793,-0.081756115,-0.035113987,0.07720608,False,0.0
4842.99017125,0,0.0045011565,0.014311731,-0.002179265,-0.13816462,-0.052272566,0.15177497,False,0.0
4843.01017125,0,-0.006908901,0.049164772,0.0072898865,-0.21831688,-0.10513239,0.28875577,False,0.0
4843.03017125,20000000,-0.0029996857,0.08551937,0.0184412,-0.33602467,-0.19594875,0.50849104,False,0.0
4843.05017125,0,0.004916556,0.08670735,0.0133856535,-0.48101145,-0.24815476,0.7970531,False,0.0
4843.07017125,20000000,0.012701631,0.08801353,0.008289158,-0.62599826,-0.30036077,1.0856152,False,0.0
4843.09017125,40000000,0.014791265,0.06496656,0.0038977861,-0.729423,-0.32309622,1.3056525,False,0.0
4843.11017125,0,0.010627165,0.029465735,0.0019565225,-0.79951566,-0.3211585,1.4460905,False,0.0
4843.13017125,20000000,0.0022807717,0.0014724135,0.00048744678,-0.82665366,-0.33023828,1.517026,False,0.0
4843.15017125,0,-0.0036698133,-0.018065572,0.00264436,-0.82317525,-0.34730878,1.5154204,False,0.0
4843.17017125,0,-0.0031463355,-0.031661272,0.002366066,-0.7970992,-0.3607794,1.4570535,False,0.0
4843.19017125,20000000,0.0015583485,-0.041338325,0.0018433332,-0.75581837,-0.3677082,1.3552846,False,0.0
4843.21017125,0,0.011358827,-0.05408287,-0.0048000216,-0.6843094,-0.36442724,1.211263,False,0.0
4843.23017125,0,0.0120590925,-0.05385679,0.0022301674,-0.5909493,-0.3659158,1.0587647,False,0.0
4843.25017125,20000000,0.014509365,-0.04733503,0.004247248,-0.49823734,-0.38254178,0.91823524,False,0.0
4843.27017125,0,0.025690481,-0.041310728,0.0040394664,-0.4099239,-0.39543307,0.791883,False,0.0
4843.29017125,20000000,0.028245956,-0.031095624,0.0070762634,-0.33443612,-0.39265898,0.6837777,False,0.0
4843.31017125,0,0.022349536,-0.020041347,0.013682604,-0.27715707,-0.4061141,0.60422885,False,0.0
4843.33017125,0,0.016140625,-0.011505425,0.017353177,-0.24114227,-0.4278955,0.5434921,False,0.0
4843.35017125,0,0.013595298,-0.009505153,0.013359606,-0.21961376,-0.44230688,0.50810146,False,0.0
4843.37017125,20000000,0.0110375285,-0.007514715,0.0093515515,-0.19808525,-0.45671827,0.47271082,False,0.0
4843.39017125,40000000,0.008467078,-0.0055338144,0.0053291917,-0.17655674,-0.47112966,0.43732017,False,0.0
4843.41017125,0,0.0071715117,-0.0037443042,0.0048701167,-0.15885262,-0.47734702,0.418133,False,0.0
4843.43017125,0,9.535253e-05,0.012586176,0.0072528124,-0.15439698,-0.4869578,0.41226378,False,0.0
4843.45017125,0,-0.004572615,0.035665095,0.006723702,-0.17817406,-0.49174455,0.47839177,False,0.0
4843.47017125,20000000,-0.0059960335,0.037201047,0.008302808,-0.18633057,-0.52348834,0.57234615,False,0.0
4843.49017125,0,0.001366049,0.017727911,0.0011690259,-0.17175923,-0.5531957,0.6418654,False,0.0
4843.51017125,0,0.012853906,-0.0019905567,-0.009217858,-0.15880556,-0.5352032,0.6479516,False,0.0
4843.53017125,20000000,0.0010041744,-0.010501385,-0.0060771704,-0.15588954,-0.5243583,0.6225554,False,0.0
4843.55017125,0,-0.011735991,-0.02079469,-0.009684086,-0.16887358,-0.54875106,0.6073911,False,0.0
4843.57017125,0,-0.003608346,-0.04020548,-0.03318405,-0.1635851,-0.5420635,0.5856525,False,0.0
4843.59017125,0,-0.0031073987,-0.05666387,-0.050701678,-0.15274547,-0.49282008,0.56440985,False,0.0
4843.61017125,0,-0.012633815,-0.07761073,-0.04865688,-0.1287957,-0.4595477,0.5271852,False,0.0
4843.63017125,20000000,-0.023720145,-0.07950276,-0.044476926,-0.11106219,-0.42639583,0.4806539,False,0.0
4843.65017125,0,-0.022544965,-0.07873142,-0.04739064,-0.095322445,-0.40496257,0.4372235,False,0.0
4843.67017125,0,-0.018470377,-0.07363397,-0.044611156,-0.09473725,-0.36071417,0.35604274,False,0.0
4843.69017125,20000000,-0.014385432,-0.06854665,-0.041841507,-0.094152056,-0.31646577,0.274862,False,0.0
4843.71017125,40000000,-0.010290399,-0.06346959,-0.039081693,-0.09356686,-0.27221733,0.19368121,False,0.0
4843.73017125,60000000,-0.0014679432,-0.05766189,-0.033726335,-0.08520993,-0.20883992,0.09804524,False,0.0
4843.75017125,0,-0.003656879,-0.041530788,-0.02426225,-0.07527356,-0.14377117,0.0041231588,False,0.0
4843.77017125,0,-0.003966242,-0.02657479,-0.020337284,-0.06585534,-0.09575814,-0.07157284,False,0.0
4843.79017125,0,-0.0014309883,-0.01437819,-0.017818928,-0.0639525,-0.05952041,-0.14247604,False,0.0
4843.81017125,0,-0.0069319755,-0.0021605492,-0.010506451,-0.063675575,-0.030599732,-0.20350756,False,0.0
4843.83017125,20000000,-0.018547907,0.010301888,-0.0005635023,-0.05217623,-0.034650043,-0.21944669,False,0.0
4843.85017125,0,-0.027903304,0.023890734,0.0050028563,-0.036665127,-0.05816213,-0.20889668,False,0.0
4843.87017125,0,-0.02353178,0.029886544,-0.0012412071,-0.037293993,-0.06425936,-0.18508226,False,0.0
4843.89017125,0,-0.015881196,0.025446057,-0.004582107,-0.036230225,-0.04398939,-0.1642522,False,0.0
4843.91017125,0,-0.012082085,0.012727141,-0.007140994,-0.025756754,-0.016453663,-0.1449896,False,0.0
4843.93017125,20000000,-0.015362784,0.006238103,-0.006391883,-0.018264353,0.013068719,-0.1257086,False,0.0
4843.95017125,0,-0.020444885,0.015297353,-0.004607022,-0.030389978,0.03045553,-0.108717434,False,0.0
4843.97017125,0,-0.020157933,0.015974462,-0.004277587,-0.05969583,0.05938033,-0.11573851,False,0.0
4843.99017125,20000000,-0.019866183,0.01665473,-0.00394994,-0.089001685,0.08830513,-0.122759596,False,0.0
4844.01017125,0,-0.022709846,0.012918949,0.00048667192,-0.094146706,0.105514124,-0.13154642,False,0.0
4844.03017125,0,-0.023794562,0.01550591,-0.0042386055,-0.08602787,0.10912488,-0.12356308,False,0.0
4844.05017125,0,-0.02953726,0.018397868,0.0016182661,-0.06812662,0.091973305,-0.10002032,False,0.0
4844.07017125,0,-0.026429668,0.03781396,0.0004708171,-0.07431711,0.07868036,-0.0840727,False,0.0
4844.09017125,0,-0.020626023,0.05642289,-0.0056191683,-0.097972356,0.08662416,-0.06414161,False,0.0
4844.11017125,0,-0.026376128,0.05830568,-0.00091451406,-0.111686096,0.10611761,-0.018074196,False,0.0
4844.13017125,20000000,-0.025564864,0.0404402,0.002128601,-0.086914,0.11880792,0.019951276,False,0.0
4844.15017125,0,-0.021444276,0.034103334,0.0033575296,-0.050459366,0.12850146,0.038389966,False,0.0
4844.17017125,0,-0.0067302734,0.033004403,0.00019812584,-0.0371427,0.16519031,0.02811648,False,0.0
4844.19017125,20000000,0.005227238,0.034617007,0.00866729,-0.02449185,0.21239452,-0.008151408,False,0.0
4844.21017125,0,0.0135708,0.03637266,0.01563114,-0.012805946,0.2612298,-0.052828666,False,0.0
4844.23017125,20000000,0.020014584,0.037336826,0.018473923,0.020517193,0.29650396,-0.11075923,False,0.0
4844.25017125,0,0.01012367,0.037668943,0.031642616,0.06890264,0.28531682,-0.14458013,False,0.0
4844.27017125,0,0.011698499,0.03039509,0.023329735,0.13335387,0.264051,-0.12912236,False,0.0
4844.29017125,20000000,0.013267577,0.023115993,0.015002489,0.1978051,0.24278516,-0.113664605,False,0.0
4844.31017125,40000000,0.022897243,0.0045740604,0.0024533272,0.24975146,0.24290945,-0.098860405,False,0.0
4844.33017125,0,0.020404398,-0.0066203475,0.0014553666,0.27530196,0.25875872,-0.10169122,False,0.0
4844.35017125,0,0.015972167,-0.016914904,0.007754624,0.2691808,0.24618462,-0.105049014,False,0.0
4844.37017125,20000000,0.011528626,-0.03061986,0.012791455,0.25596416,0.23043688,-0.11704944,False,0.0
4844.39017125,0,0.014706716,-0.040154815,0.0107139945,0.23393296,0.19787812,-0.12473983,False,0.0
4844.41017125,0,0.034766465,-0.044455767,-0.0022352338,0.20494924,0.1902621,-0.14921924,False,0.0
4844.43017125,20000000,0.042004317,-0.039745867,0.0047240853,0.16964991,0.19290203,-0.16913971,False,0.0
4844.45017125,0,0.034911826,-0.025805593,0.015411019,0.14454599,0.15981574,-0.15411316,False,0.0
4844.47017125,20000000,0.0358565,-0.010090232,0.015096188,0.106062636,0.12436092,-0.13169926,False,0.0
4844.49017125,0,0.04152806,-0.006644368,0.012337983,0.07642301,0.10020389,-0.11655888,False,0.0
4844.51017125,0,0.04337354,-0.01010716,0.0071733,0.061689306,0.0858746,-0.10814572,False,0.0
4844.530038917,0,0.038628206,-0.0019784821,0.008128084,0.06834112,0.07487099,-0.09536695,False,0.0
4844.550038917,0,0.030157492,0.0026821494,0.008359253,0.068477586,0.04912074,-0.084891796,False,0.0
4844.570038917,20000000,0.021685258,0.007343352,0.008589447,0.06861405,0.023370491,-0.07441664,False,0.0
4844.590038917,40000000,0.013211563,0.01200515,0.008818686,0.06875051,-0.0023797583,-0.063941486,False,0.0
4844.610038917,60000000,0.01153712,0.013474345,0.0050728917,0.0705468,-0.011954739,-0.056518607,False,0.0
4844.630038917,0,0.0075109303,0.014145434,0.0031012297,0.07960973,-0.010442728,-0.044751827,False,0.0
4844.650038917,20000000,0.0002682954,0.009112954,0.00051420927,0.09844332,-0.01225578,-0.040257305,False,0.0
4844.670038917,0,-0.0071155727,-0.0018318892,-0.0074244738,0.13929673,-0.019179828,-0.045924235,False,0.0
4844.690038917,0,-0.009235084,-0.01744932,-0.017799735,0.1860182,-0.008038581,-0.076506026,False,0.0
4844.710038917,20000000,-0.012239531,-0.030026972,-0.021035075,0.2412448,0.0039559444,-0.12963411,False,0.0
4844.730038917,0,-0.0150306225,-0.044772446,-0.025291443,0.30299833,0.02322293,-0.22004683,False,0.0
4844.750038917,0,-0.017745063,-0.061709106,-0.028883398,0.37530792,0.05428943,-0.35570055,False,0.0
4844.770038917,0,-0.021194682,-0.078671694,-0.03528273,0.4606527,0.097609006,-0.52106124,False,0.0
4844.790038917,0,-0.02522777,-0.10214037,-0.044591367,0.57331616,0.14440244,-0.71211654,False,0.0
4844.810038917,20000000,-0.028443396,-0.116265446,-0.0568552,0.7010368,0.22632422,-0.92718476,False,0.0
4844.830038917,0,-0.04115951,-0.10670099,-0.05988717,0.81863385,0.30408293,-1.1192813,False,0.0
4844.850038917,0,-0.04607588,-0.072184,-0.057349622,0.85452485,0.36561403,-1.2287521,False,0.0
4844.870038917,20000000,-0.051320262,-0.03731531,-0.05493909,0.8904159,0.42714512,-1.3382231,False,0.0
4844.890038917,40000000,-0.05510939,-0.0033724904,-0.047333777,0.8610595,0.47714508,-1.3694856,False,0.0
4844.910038917,0,-0.054223508,0.022063315,-0.036686003,0.7923388,0.5097061,-1.3279016,False,0.0
4844.930038917,0,-0.0434677,0.0414142,-0.030627847,0.6921578,0.53065836,-1.2285323,False,0.0
4844.950038917,0,-0.024817616,0.04643148,-0.028660536,0.58079827,0.5556305,-1.1034098,False,0.0
4844.970038917,0,-0.013969392,0.04588324,-0.020680666,0.46410537,0.5905822,-0.9762795,False,0.0
4844.990038917,20000000,-0.012402415,0.041490823,-0.016230822,0.35398412,0.60844797,-0.84810853,False,0.0
4845.010038917,0,-0.017405853,0.0320794,-0.005761862,0.2582321,0.609938,-0.72822046,False,0.0
4845.030038917,0,-0.014791518,0.018122822,-0.0006695986,0.18006021,0.5930528,-0.63725346,False,0.0
4845.050038917,0,-0.009981573,0.005001664,0.0009087324,0.12147999,0.57722497,-0.5893761,False,0.0
4845.070038917,0,-0.009792447,-0.008362055,0.004854262,0.08171617,0.561796,-0.57170683,False,0.0
4845.090038917,0,-0.01831773,-0.012153655,0.012310922,0.06581637,0.5297394,-0.55933946,False,0.0
4845.110038917,0,-0.025641635,-0.0046869814,0.019721746,0.06526526,0.46378598,-0.5392157,False,0.0
4845.130038917,20000000,-0.010983452,-0.0011351407,0.01397258,0.06518353,0.4060637,-0.5186206,False,0.0
4845.150038917,0,-0.0012197345,0.01020202,0.012270868,0.072023,0.3950222,-0.5127116,False,0.0
4845.170038917,20000000,0.008551791,0.021523029,0.010558486,0.07886247,0.38398072,-0.50680256,False,0.0
4845.190038917,40000000,0.011153266,0.030204475,0.008591056,0.083337285,0.37026662,-0.47426468,False,0.0
4845.210038917,0,0.013778195,0.026515573,0.005910456,0.092271686,0.35955802,-0.4257034,False,0.0
4845.230038917,0,0.015901208,0.013926864,0.0059168935,0.110320196,0.35541686,-0.37366188,False,0.0
4845.250038917,0,0.007884353,0.007375449,0.012067258,0.1132501,0.33968344,-0.32400814,False,0.0
4845.270038917,0,0.0007632077,-0.0065843463,0.0149827,0.104038134,0.30727658,-0.30059472,False,0.0
4845.290038917,20000000,-0.0006585419,-0.017553538,0.015407562,0.081204146,0.2804418,-0.30081627,False,0.0
4845.310038917,0,-0.0071421564,-0.025701046,0.013596535,0.059141275,0.25728354,-0.32325116,False,0.0
4845.330038917,0,-0.017058372,-0.02390477,0.014022946,0.037528284,0.21270466,-0.32655618,False,0.0
4845.350038917,20000000,-0.018310934,-0.025848687,0.007954776,0.016738899,0.19106609,-0.34566402,False,0.0
4845.370038917,0,-0.019261345,-0.026014507,-0.0017926693,0.0043535456,0.18214305,-0.37430418,False,0.0
4845.390038917,20000000,-0.027126536,-0.021353543,-0.0048650503,0.0022249378,0.16882782,-0.3983482,False,0.0
4845.410038917,0,-0.03118305,-0.010243177,-0.008400917,0.0029645718,0.16491817,-0.41442716,False,0.0
4845.430038917,0,-0.034136146,0.003519684,-0.009587288,0.004795253,0.150257,-0.4024362,False,0.0
4845.450038917,0,-0.02848135,0.00970462,-0.013830602,0.010014957,0.155793,-0.38726318,False,0.0
4845.470038917,0,-0.025247931,0.012147486,-0.013969421,0.019520063,0.16628522,-0.36326998,False,0.0
4845.490038917,20000000,-0.027379975,0.014178574,-0.0075584054,0.028945386,0.1710064,-0.33315027,False,0.0
4845.510038917,0,-0.028466254,0.01687178,-0.0035369992,0.025380615,0.16130283,-0.29501897,False,0.0
4845.530038917,20000000,-0.027562276,0.01835686,-0.0009832978,0.009441687,0.14129257,-0.25833967,False,0.0
4845.550038917,0,-0.026698664,0.02244246,-0.00014102459,-0.0127620865,0.12636074,-0.21843615,False,0.0
4845.570038917,0,-0.019381896,0.024867147,-0.003744483,-0.039997235,0.121683136,-0.1763823,False,0.0
4845.590038917,20000000,-0.014017269,0.023421764,-0.0058606863,-0.0603977,0.12350417,-0.13956973,False,0.0
4845.610038917,0,-0.011138827,0.022577107,-0.0010051131,-0.06853128,0.12156444,-0.094677955,False,0.0
4845.630038917,20000000,-0.00954935,0.021608531,0.0040248036,-0.06860129,0.10280398,-0.042818386,False,0.0
4845.650038917,0,-0.00056809187,0.012732744,0.0038332343,-0.06727225,0.091963544,-0.016924974,False,0.0
4845.670038917,0,0.0052040815,0.008289933,0.0056280494,-0.062293246,0.0895946,-0.015641645,False,0.0
4845.690038917,20000000,0.0005476624,0.011871815,0.010535002,-0.06353488,0.07913899,-0.008680148,False,0.0
4845.710038917,0,-0.0019307733,0.01241529,0.012092292,-0.06157119,0.04954178,0.010268111,False,0.0
4845.730038917,0,-0.00010436773,0.011225522,0.010745585,-0.056786668,0.024554053,0.036762327,False,0.0
4845.750038917,20000000,0.0050123334,0.0039367676,0.0033187866,-0.047960892,0.020718634,0.053034768,False,0.0
4845.770038917,0,-3.2693148e-05,0.0054087043,0.003343165,-0.0512735,0.012186487,0.07058282,False,0.0
4845.790038917,20000000,-0.005078435,0.0068826675,0.0033666492,-0.054586105,0.0036543403,0.08813088,False,0.0
4845.810038917,0,-0.004693255,0.004695952,-0.0009826422,-0.065981805,-0.007621484,0.10409709,False,0.0
4845.830038917,20000000,-0.00052148104,-0.0018628836,-0.0038548112,-0.068560325,-0.007523186,0.118766084,False,0.0
4845.850038917,0,-0.00026138127,-0.0070913434,-0.009119213,-0.064274944,0.0059511275,0.12830715,False,0.0
4845.870038917,0,-0.0014957786,-0.009789169,-0.009424984,-0.06247291,0.007897552,0.14119081,False,0.0
4845.890038917,0,0.00013387203,-0.01076889,-0.008711278,-0.06545557,0.01170902,0.14636946,False,0.0
4845.910038917,20000000,0.0026006997,-0.012753606,-0.0061341524,-0.0770826,0.016443165,0.14017135,False,0.0
4845.930038917,0,0.0036017895,-0.013950229,-0.0038095713,-0.08314612,0.016657293,0.13402069,False,0.0
4845.950038917,0,0.0031316578,-0.012487292,-0.0038388968,-0.092698544,0.01619268,0.14202654,False,0.0
4845.970038917,0,0.0054122657,-0.012867153,-0.006444335,-0.099956736,0.0060706995,0.15116832,False,0.0
4845.990038917,20000000,0.013878971,-0.017156422,-0.00829953,-0.098264605,0.007176272,0.1571774,False,0.0
4846.010038917,0,0.013173118,-0.01522851,-0.0023466349,-0.100986555,-0.0009657708,0.16995677,False,0.0
4846.030038917,0,0.015990406,-0.009858727,2.95043e-05,-0.10350755,-0.012212297,0.19306044,False,0.0
4846.050038917,20000000,0.017163768,-0.009609044,0.0049064755,-0.1200898,-0.031365626,0.21619186,False,0.0
4846.070038917,0,0.02053161,-0.010016501,0.0043813586,-0.13322523,-0.048811562,0.23258008,False,0.0
4846.090038917,20000000,0.023893505,-0.010412753,0.003855586,-0.14636065,-0.06625751,0.2489683,False,0.0
4846.110038917,0,0.029065713,-0.013041854,0.00555259,-0.14308803,-0.074079596,0.2533469,False,0.0
4846.130038917,0,0.03135124,-0.011840224,0.003934264,-0.14319691,-0.08124652,0.26825517,False,0.0
4846.150038917,0,0.030624926,-0.013318419,0.0076569915,-0.13819192,-0.09905732,0.28519258,False,0.0
4846.170038917,20000000,0.029431581,-0.013343513,0.010525703,-0.12798755,-0.11972868,0.29792106,False,0.0
4846.190038917,0,0.03312929,-0.0118793845,0.0047804713,-0.1227775,-0.14683205,0.31644365,False,0.0
4846.210038917,0,0.03670083,-0.01075232,0.0032673478,-0.12552622,-0.14737542,0.3177349,False,0.0
4846.230038917,20000000,0.028793499,-0.004762113,0.00835377,-0.13913901,-0.15221395,0.31844646,False,0.0
4846.250038917,0,0.020568743,-0.00070130825,0.014386058,-0.14679423,-0.17796096,0.3355308,False,0.0
4846.270038917,20000000,0.019583106,-7.5519085e-05,0.010350943,-0.15356201,-0.19339257,0.34999824,False,0.0
4846.290038917,0,0.022223443,-0.004342556,0.0034964085,-0.15486503,-0.19790712,0.34986737,False,0.0
4846.310038917,0,0.016537622,-0.0025792122,0.004870355,-0.14852397,-0.19525619,0.3473315,False,0.0
4846.330038917,0,0.006637022,-0.003973186,0.00389719,-0.14279091,-0.20319714,0.34342873,False,0.0
4846.350038917,0,0.0032793432,-0.0047906637,0.0006362796,-0.13876835,-0.2076991,0.33345369,False,0.0
4846.370038917,20000000,-8.5160136e-05,-0.0056051016,-0.0026254654,-0.13474576,-0.21220107,0.32347864,False,0.0
4846.390038917,40000000,-0.003456384,-0.006416321,-0.005887866,-0.1307232,-0.21670304,0.31350356,False,0.0
4846.410038917,0,-0.008354917,-0.00993228,-0.008126318,-0.12730032,-0.20759082,0.2850841,False,0.0
4846.430038917,0,-0.0092535615,-0.0129547715,-0.013050139,-0.12541968,-0.18221584,0.25816736,False,0.0
4846.450038917,0,-0.017172426,-0.012101889,-0.011649787,-0.12644663,-0.1676387,0.22011125,False,0.0
4846.470038917,0,-0.02088882,-0.011769712,-0.012384355,-0.12759884,-0.14647225,0.17388299,False,0.0
4846.490038917,0,-0.017517105,-0.009336233,-0.015566587,-0.12490815,-0.114391364,0.122838885,False,0.0
4846.510038917,0,-0.017827973,-0.007439196,-0.018646717,-0.1147757,-0.079110354,0.07557647,False,0.0
4846.530038917,20000000,-0.01570043,-0.0047531724,-0.021893442,-0.105583124,-0.04138923,0.034488797,False,0.0
4846.550038917,0,-0.019224003,4.720688e-05,-0.01771605,-0.08808544,-0.013684813,-0.001442615,False,0.0
4846.570038917,20000000,-0.016902268,0.0067415833,-0.016410828,-0.07152496,0.014557296,-0.03096609,False,0.0
4846.590038917,0,-0.012942985,0.010859132,-0.015228391,-0.054120053,0.039977983,-0.04949519,False,0.0
4846.610038917,0,-0.009006798,0.016008794,-0.01540345,-0.04016936,0.06233899,-0.050925195,False,0.0
4846.630038917,20000000,-0.0053222477,0.014879346,-0.010481596,-0.019046096,0.08307111,-0.042773873,False,0.0
4846.650038917,0,-0.0074828714,0.02017814,-0.006210804,-0.0069447905,0.09121281,-0.021840038,False,0.0
4846.670038917,0,-0.0023692697,0.016982913,-0.0026655197,-0.0042883484,0.09721489,-0.0039985273,False,0.0
4846.690038917,20000000,0.0027451366,0.013787627,0.0008775592,-0.0016319063,0.10321697,0.013842985,False,0.0
4846.710038917,40000000,0.0026493073,0.00967592,0.0025856495,0.00022454176,0.09517772,0.03409636,False,0.0
4846.730038917,0,0.0067263395,0.009990811,0.002675116,-0.014929044,0.082090884,0.056036677,False,0.0
4846.750038917,0,0.016705617,0.010863006,-0.0010890961,-0.03717779,0.101707965,0.0508293,False,0.0
4846.770038917,0,0.009134471,0.008880854,0.008650124,-0.040420398,0.0967827,0.05971555,False,0.0
4846.790038917,0,0.0045432,0.006687224,0.012029171,-0.03371889,0.07762548,0.07550071,False,0.0
4846.810038917,20000000,0.007169768,-0.0013291836,0.0090453625,-0.027716884,0.06775327,0.0843336,False,0.0
4846.830038917,0,0.0139784515,-0.00742805,0.00551188,-0.022346323,0.06281528,0.06961436,False,0.0
4846.850038917,0,0.018030703,-0.011750042,0.004803419,-0.015645742,0.06471801,0.046887953,False,0.0
4846.870038917,20000000,0.017113835,-0.0094028115,0.0038138032,-0.014173173,0.06296454,0.023231236,False,0.0
4846.890038917,0,0.014560893,-0.009224057,0.0068395734,-0.009524218,0.059961934,0.013890151,False,0.0
4846.910038917,0,0.013653681,-0.011822462,0.0068827868,-0.0022923788,0.041634977,0.0088138115,False,0.0
4846.930020167,0,0.009585328,-0.0053904112,0.006637062,-0.0020116614,0.042878818,0.010141755,False,0.0
4846.950020167,20000000,0.0129977465,0.0015494227,0.0032886863,-0.013902535,0.046117198,0.0060385186,False,0.0
4846.970020167,0,0.013101593,0.01106137,0.004261613,-0.030026633,0.054060202,0.020527113,False,0.0
4846.990020167,20000000,0.014458314,0.018670738,0.0058670044,-0.04937711,0.04916374,0.058412686,False,0.0
4847.010020167,0,0.01545839,0.02306056,0.005964577,-0.07399462,0.042811833,0.10785505,False,0.0
4847.030020167,0,0.015997514,0.027810812,0.0076836944,-0.10582414,0.02756406,0.16774638,False,0.0
4847.050020167,20000000,0.012758702,0.035042763,0.013504386,-0.14588903,-0.0040388666,0.25572565,False,0.0
4847.070020167,0,0.01677522,0.027287364,0.015229583,-0.17964764,-0.038827043,0.33787876,False,0.0
4847.090020167,0,0.023974836,0.012322485,0.014161587,-0.19455168,-0.057726204,0.39693722,False,0.0
4847.110020167,0,0.026830107,-0.0026629567,0.0084655285,-0.19859758,-0.056496568,0.41447082,False,0.0
4847.130020167,0,0.024249762,-0.019056678,0.0064681172,-0.18372793,-0.061445612,0.38225317,False,0.0
4847.150020167,20000000,0.021657795,-0.03541577,0.0044697523,-0.16885829,-0.06639466,0.3500355,False,0.0
4847.170020167,0,0.017938554,-0.045446754,0.0039882064,-0.14210778,-0.064479664,0.28576627,False,0.0
4847.190020167,20000000,0.00960362,-0.046845913,0.006666839,-0.109888755,-0.0731283,0.21277317,False,0.0
4847.210020167,0,0.005419165,-0.046640694,0.007847607,-0.08449427,-0.07822651,0.13598907,False,0.0
4847.230020167,20000000,0.007909209,-0.044512928,0.0026183128,-0.06084846,-0.07588891,0.04686504,False,0.0
4847.250020167,0,0.0054982007,-0.032848835,-0.0017255545,-0.044137716,-0.052251577,-0.025572747,False,0.0
4847.270020167,20000000,0.0030875504,-0.021183968,-0.0060708523,-0.027426975,-0.028614247,-0.098010525,False,0.0
4847.290020167,40000000,-0.0028562844,-0.009451568,-0.0038235784,-0.008286197,-0.011218026,-0.14598052,False,0.0
4847.310020167,0,-0.009298235,0.0031244755,-0.0002887845,0.009640269,-0.00070502236,-0.17665839,False,0.0
4847.330020167,20000000,-0.0149305165,0.019731581,0.0015208125,0.019048057,-0.0018860305,-0.18942904,False,0.0
4847.350020167,0,-0.01635158,0.030504107,0.0019729137,0.02586534,-0.0064961812,-0.1777156,False,0.0
4847.370020167,0,-0.016141772,0.035093486,3.695488e-06,0.03269303,-0.0034245078,-0.15046225,False,0.0
4847.390020167,0,-0.015189201,0.03485048,-0.00024664402,0.042758115,0.005291247,-0.117314786,False,0.0
4847.410020167,0,-0.012437224,0.033563852,-0.0026724339,0.043470055,0.02179823,-0.08966781,False,0.0
4847.430020167,0,-0.009619817,0.026753902,-0.0047617555,0.03989488,0.04184201,-0.0707741,False,0.0
4847.450020167,20000000,-0.010418773,0.019919276,-0.004627168,0.03363625,0.058812343,-0.060398605,False,0.0
4847.470020167,0,-0.00851509,0.011226237,-0.0047286153,0.030525254,0.06144148,-0.04932785,False,0.0
4847.490020167,0,-0.006382227,0.0032727718,-0.0031735897,0.032187395,0.07233916,-0.050078195,False,0.0
4847.510020167,20000000,-0.0047145784,-0.0041633844,-0.0041816235,0.037184414,0.08313779,-0.063621774,False,0.0
4847.530020167,0,-0.004319489,-0.011438072,-0.003661275,0.045387655,0.08746786,-0.08456138,False,0.0
4847.550020167,0,-0.0043129623,-0.016599655,-0.002958417,0.05543767,0.09387438,-0.108879976,False,0.0
4847.570020167,0,-0.0036172569,-0.017423987,-0.0034618378,0.058378614,0.09608768,-0.12934028,False,0.0
4847.590020167,20000000,-0.0029228926,-0.018247843,-0.003965676,0.06131956,0.098300986,-0.14980058,False,0.0
4847.630020167,0,0.0005879402,-0.019947886,-0.0047208667,0.06383377,0.09472578,-0.18622112,False,0.0
4847.650020167,0,0.0015285611,-0.016336799,-0.003807187,0.06138803,0.101130836,-0.20446591,False,0.0
4847.670020167,0,0.00021708012,-0.009101927,-0.00397861,0.048550367,0.09648654,-0.2076268,False,0.0
4847.690020167,0,0.00044205785,-0.007698059,-0.00427109,0.03835776,0.08754925,-0.20099047,False,0.0
4847.710020167,0,0.00014624,-0.007871687,-0.0035743117,0.034750894,0.07675129,-0.18612704,False,0.0
4847.730020167,0,0.0024098754,-0.0056717396,-0.0017778277,0.034202877,0.059810597,-0.16589712,False,0.0
4847.750020167,20000000,0.0054437816,0.00021648407,0.0036717057,0.024085127,0.046616737,-0.13446335,False,0.0
4847.770020167,0,0.005184591,0.026045918,0.01209265,-0.009304676,0.00684572,-0.06183646,False,0.0
4847.790020167,20000000,-0.01010865,0.07730466,0.024276316,-0.09144504,-0.06869567,0.089945205,False,0.0
4847.810020167,0,-0.016912982,0.13874632,0.028566182,-0.23764826,-0.19010007,0.3760291,False,0.0
4847.830020167,0,-0.0018625855,0.15847117,0.027969182,-0.4093789,-0.29889584,0.7392178,False,0.0
4847.850020167,20000000,0.025922477,0.12664014,0.02656883,-0.55206805,-0.35971943,1.0790341,False,0.0
4847.870020167,0,0.0473983,0.06952864,0.026886523,-0.6412026,-0.38329712,1.3124374,False,0.0
4847.890020167,20000000,0.05720663,0.005357623,0.025875628,-0.67475486,-0.37858614,1.3957298,False,0.0
4847.910020167,0,0.04273945,-0.030562043,0.03167212,-0.6668584,-0.40652105,1.3796095,False,0.0
4847.930020167,20000000,0.029652238,-0.05100906,0.026354074,-0.6484367,-0.45887282,1.3089805,False,0.0
4847.950020167,0,0.027178913,-0.06022477,0.015045345,-0.63712966,-0.5018256,1.2100098,False,0.0
4847.970020167,0,0.02675417,-0.070708275,0.0019478798,-0.61519253,-0.51867825,1.0826399,False,0.0
4847.990020167,20000000,0.022913247,-0.07886803,-0.0094347,-0.5854856,-0.5197279,0.93432313,False,0.0
4848.010020167,0,0.016053379,-0.08418822,-0.013779044,-0.54151726,-0.5179093,0.78481317,False,0.0
4848.030020167,20000000,0.014375091,-0.094365895,-0.016150832,-0.47633436,-0.51283133,0.62448907,False,0.0
4848.050020167,0,0.014915079,-0.100224406,-0.012119651,-0.38597727,-0.49912405,0.45165855,False,0.0
4848.070020167,0,0.013227344,-0.0935145,-0.002707541,-0.29739007,-0.48649773,0.2804492,False,0.0
4848.090020167,20000000,0.017851263,-0.07707769,0.005719185,-0.22589293,-0.47836655,0.12585323,False,0.0
4848.110020167,0,0.03455329,-0.05427456,0.0063464046,-0.18076862,-0.4572616,-0.004553765,False,0.0
4848.130020167,0,0.0468044,-0.027397692,0.009417117,-0.15122944,-0.4003818,-0.10867227,False,0.0
4848.150020167,20000000,0.040239245,0.006141603,0.018380582,-0.14052188,-0.34740633,-0.1722634,False,0.0
4848.170020167,0,0.0197303,0.040653825,0.029133916,-0.15646623,-0.35392934,-0.1318952,False,0.0
4848.190020167,20000000,-0.00077044964,0.075181246,0.039841294,-0.17241058,-0.36045238,-0.091527,False,0.0
4848.210020167,0,-0.007929206,0.0790658,0.036412776,-0.16930394,-0.39324507,-0.003101766,False,0.0
4848.230020167,20000000,-0.0071560144,0.06580901,0.022583008,-0.14703012,-0.4148884,0.088486396,False,0.0
4848.250020167,0,-0.008466661,0.04657787,0.010524631,-0.13225478,-0.40726125,0.1593601,False,0.0
4848.270020167,0,-0.015431851,0.03671235,0.007900596,-0.124182366,-0.40912026,0.21228153,False,0.0
4848.290020167,0,-0.017323017,0.03716719,-0.0003708005,-0.14532804,-0.40489757,0.256922,False,0.0
4848.310020167,0,-0.023045674,0.03696668,0.0051913857,-0.16959976,-0.4181586,0.30382282,False,0.0
4848.330020167,20000000,-0.022684231,0.03518939,0.0042935014,-0.19187239,-0.4264257,0.35431832,False,0.0
4848.350020167,0,-0.021128803,0.03418207,0.0032794476,-0.20446488,-0.4403835,0.42554614,False,0.0
4848.370020167,0,-0.0090889335,0.03315544,-0.0052033067,-0.21951857,-0.4251003,0.49856532,False,0.0
4848.390020167,20000000,-0.0050019026,0.027935863,-0.00779742,-0.25258112,-0.40174398,0.54935443,False,0.0
4848.410020167,0,-0.003336221,0.008906841,-0.0060586333,-0.2739151,-0.38902956,0.5575083,False,0.0
4848.430020167,0,-0.011240616,-0.015736401,-0.018079042,-0.25436217,-0.36810526,0.49696186,False,0.0
4848.450020167,20000000,-0.019172281,-0.04036337,-0.030102313,-0.23480923,-0.34718093,0.43641543,False,0.0
4848.470020167,0,-0.036665916,-0.038655102,-0.035084844,-0.21223749,-0.34080797,0.36501336,False,0.0
4848.490020167,20000000,-0.04677336,-0.028279722,-0.03929466,-0.19367039,-0.34110525,0.3045785,False,0.0
4848.510020167,0,-0.044124693,-0.025705397,-0.044267833,-0.16454807,-0.31340352,0.24632321,False,0.0
4848.530020167,0,-0.035818562,-0.024312317,-0.04755467,-0.12325301,-0.24872601,0.18230912,False,0.0
4848.550020167,0,-0.031075403,-0.017712533,-0.042476833,-0.07471305,-0.16930757,0.12140474,False,0.0
4848.570020167,20000000,-0.027489677,-0.015785873,-0.040869057,-0.0319519,-0.08583281,0.060101755,False,0.0
4848.590020167,0,-0.031687126,-0.017528594,-0.0384745,0.008605443,-0.02335224,-0.0024591982,False,0.0
4848.610020167,0,-0.042700082,-0.021326244,-0.03281921,0.044940576,0.02404292,-0.063239515,False,0.0
4848.630020167,20000000,-0.05184497,-0.025650918,-0.028013527,0.07525922,0.02667469,-0.11798012,False,0.0
4848.650020167,0,-0.047524914,-0.029901922,-0.02795589,0.08898909,0.039796203,-0.17468598,False,0.0
4848.670020167,0,-0.038976043,-0.03280765,-0.028325856,0.107782975,0.07177004,-0.23239708,False,0.0
4848.690020167,0,-0.036188096,-0.032022655,-0.03109467,0.1231422,0.107180655,-0.28437284,False,0.0
4848.710020167,0,-0.043228984,-0.022377014,-0.026658773,0.13128462,0.13390794,-0.31561145,False,0.0
4848.730020167,20000000,-0.03934066,-0.019254148,-0.025535762,0.13029666,0.1310041,-0.31311497,False,0.0
4848.750020167,0,-0.01455757,-0.026625752,-0.029107988,0.14702582,0.16463342,-0.3252331,False,0.0
4848.770020167,0,-0.009160399,-0.010688424,-0.017979205,0.13487259,0.22073758,-0.35079908,False,0.0
4848.790020167,20000000,-0.0037742257,0.0052631497,-0.006847024,0.12271934,0.27684173,-0.37636507,False,0.0
4848.810020167,0,-0.0068751723,0.011369348,0.005345583,0.11645997,0.28739527,-0.3874734,False,0.0
4848.830020167,0,-0.0038286,-0.0055870414,0.006680429,0.15006857,0.2897986,-0.4304349,False,0.0
4848.850020167,0,0.006799251,-0.025231123,-0.0035156012,0.22093913,0.31831983,-0.509709,False,0.0
4848.870020167,0,0.0017851293,-0.020786166,-0.0013896227,0.2908495,0.34296063,-0.6089859,False,0.0
4848.890020167,0,-0.008048296,0.00014334917,0.0036482215,0.3238075,0.33614576,-0.66971135,False,0.0
4848.910020167,0,-0.0020707995,0.012065411,-0.0019723177,0.33230907,0.34017983,-0.69920313,False,0.0
4848.930020167,20000000,0.005192429,0.01422292,0.0077183843,0.3506454,0.3425809,-0.7059185,False,0.0
4848.950020167,0,0.01021342,0.023874044,0.0146942735,0.36855927,0.36419162,-0.7019928,False,0.0
4848.970020167,20000000,0.013451889,0.033207655,0.021727681,0.3583109,0.37269074,-0.6903163,False,0.0
4848.990020167,0,0.012207776,0.045185447,0.026761651,0.32790387,0.37458158,-0.67736053,False,0.0
4849.010020167,0,0.0027002543,0.053022087,0.029959798,0.28750384,0.3587599,-0.64356536,False,0.0
4849.030020167,20000000,-0.011068389,0.058818698,0.032506883,0.25815704,0.31845415,-0.5817742,False,0.0
4849.050020167,0,-0.009799525,0.050076902,0.030574381,0.2463611,0.26714766,-0.49619946,False,0.0
4849.070020167,0,0.003903672,0.032234013,0.018449724,0.24946122,0.2740304,-0.45933288,False,0.0
4849.090020167,20000000,0.017582387,0.0144100785,0.0063242316,0.25256133,0.28091314,-0.42246634,False,0.0
4849.110020167,40000000,0.014879882,0.005425513,0.0030267239,0.26440522,0.28834563,-0.41758442,False,0.0
4849.130020167,0,0.0075259656,0.0016636848,-0.0007799268,0.2723315,0.298783,-0.43849275,False,0.0
4849.150020167,0,-0.00021146238,-0.0077640414,0.00022572279,0.2898266,0.2967472,-0.47646844,False,0.0
4849.170020167,20000000,-0.00244613,-0.015372217,0.0023505092,0.3236863,0.29669178,-0.52134305,False,0.0
4849.190020167,0,-0.006930709,-0.0068348646,-0.0006148815,0.35108182,0.2938137,-0.5624456,False,0.0
4849.210020167,0,-0.0074151307,-0.009048402,-0.0046779513,0.3711489,0.28194278,-0.5799534,False,0.0
4849.230020167,20000000,-0.005771339,-0.014598072,-0.0077027082,0.3913474,0.27637434,-0.59773505,False,0.0
4849.250020167,0,-0.006074339,-0.013992727,-0.009953678,0.4039267,0.27081218,-0.5950309,False,0.0
4849.270020167,0,-0.010289341,-0.004761994,-0.00908643,0.37890267,0.2634607,-0.56711054,False,0.0
4849.290020167,20000000,-0.0056428313,0.0017529726,-0.0065858364,0.33638453,0.25286007,-0.52143466,False,0.0
4849.310020167,0,-5.2824616e-05,0.003630817,-0.0050920844,0.28923464,0.24789138,-0.46376312,False,0.0
4849.330020167,20000000,-0.0016111583,0.015095353,-0.0037998557,0.23353921,0.25749323,-0.4134984,False,0.0
4849.349865208,0,-0.0082699815,0.031867843,0.0069324793,0.15655288,0.23793027,-0.33058026,False,0.0
4849.369865208,20000000,-0.011968881,0.03163445,0.0096719265,0.10200113,0.21736237,-0.2481195,False,0.0
4849.389865208,40000000,-0.015668467,0.031396985,0.012407124,0.047449384,0.19679448,-0.16565876,False,0.0
4849.409865208,0,-0.016676992,0.026190758,0.014500082,0.020383833,0.16731733,-0.09394311,False,0.0
4849.429865208,0,-0.013516933,0.020544529,0.013034165,-0.0012725797,0.14362447,-0.04650181,False,0.0
4849.449865208,20000000,-9.316206e-05,0.009707868,0.008441627,-0.01767148,0.14437233,-0.04046592,False,0.0
4849.469865208,0,0.0030676275,0.01153183,0.011798799,-0.032492664,0.15377657,-0.055575006,False,0.0
4849.489865208,0,-0.0033961087,0.021104097,0.020453334,-0.044716027,0.13067193,-0.068832956,False,0.0
4849.509865208,0,-0.0037871301,0.034285367,0.022101402,-0.056965224,0.0867638,-0.0513513,False,0.0
4849.529865208,0,0.0019596368,0.048540354,0.022684216,-0.06790528,0.045943424,-0.013517335,False,0.0
4849.549865208,20000000,0.008110344,0.0737074,0.022936642,-0.08035777,0.0049937256,0.075708315,False,0.0
4849.569865208,0,0.0086696,0.11142641,0.026193619,-0.11876,-0.042217676,0.23548329,False,0.0
4849.589865208,0,0.007119909,0.15458989,0.032857895,-0.19862646,-0.13443434,0.5236341,False,0.0
4849.609865208,20000000,0.021579161,0.15719658,0.032176554,-0.29830196,-0.21338293,0.86325186,False,0.0
4849.629865208,0,0.034781024,0.12637228,0.029577374,-0.39882487,-0.25387546,1.1681483,False,0.0
4849.649865208,0,0.029376268,0.07449043,0.02547115,-0.46699816,-0.2854692,1.332103,False,0.0
4849.669865208,20000000,0.023898214,0.022984862,0.02141577,-0.53517145,-0.31706294,1.4960577,False,0.0
4849.689865208,40000000,0.014274031,-0.023355722,0.013888538,-0.5718589,-0.36385256,1.5586364,False,0.0
4849.709865208,0,0.0038064718,-0.0632745,0.0028164983,-0.5850103,-0.4056224,1.5390161,False,0.0
4849.729865208,20000000,-0.005435288,-0.09994367,-0.00889802,-0.56569785,-0.4410996,1.4492947,False,0.0
4849.749865208,0,-0.008683801,-0.13092649,-0.02449274,-0.5158572,-0.43733978,1.2803001,False,0.0
4849.769865208,0,-0.014918238,-0.14858618,-0.030966341,-0.44990677,-0.42105323,1.058583,False,0.0
4849.789865208,0,-0.014520228,-0.16967389,-0.031185806,-0.35597932,-0.39704937,0.79035795,False,0.0
4849.809865208,0,-0.0048892796,-0.18671635,-0.03371471,-0.23348826,-0.3497131,0.45352656,False,0.0
4849.829865208,20000000,0.0040607154,-0.19343045,-0.036506653,-0.10477768,-0.285541,0.07579577,False,0.0
4849.849865208,0,0.015741825,-0.20388651,-0.039320946,0.046994865,-0.21321435,-0.3352316,False,0.0
4849.869865208,0,0.0140526,-0.20093995,-0.03372562,0.20772687,-0.124503024,-0.762763,False,0.0
4849.889865208,20000000,0.0021551847,-0.17540848,-0.025493681,0.35336238,-0.067500666,-1.155086,False,0.0
4849.909865208,0,-0.01818879,-0.1282689,-0.0152974725,0.46284068,-0.043707937,-1.4519765,False,0.0
4849.929865208,0,-0.041181162,-0.06576568,-0.002370298,0.5356177,-0.06420135,-1.6288576,False,0.0
4849.949865208,0,-0.042328864,-0.015943706,-0.0019259453,0.5353181,-0.116406605,-1.5913022,False,0.0
4849.969865208,20000000,-0.043525666,0.03465545,-0.0015583634,0.5350184,-0.16861188,-1.5537468,False,0.0
4849.989865208,40000000,-0.02538699,0.063928604,-0.010662317,0.5088069,-0.18480307,-1.4294543,False,0.0
4850.009865208,0,-0.0026327372,0.078113675,-0.021242797,0.46802068,-0.14459014,-1.2812252,False,0.0
4850.029865208,20000000,-0.0013679937,0.09539932,-0.019354105,0.41305614,-0.09223822,-1.106281,False,0.0
4850.049865208,0,-0.013964862,0.10787797,-0.0068747997,0.33644027,-0.08604174,-0.8853874,False,0.0
4850.069865208,0,-0.00935325,0.09161979,-0.0070323944,0.26589847,-0.08619358,-0.69727385,False,0.0
4850.089865208,20000000,-0.004760757,0.07545298,-0.0072141886,0.19535665,-0.08634541,-0.5091603,False,0.0
4850.109865208,40000000,-0.00018851459,0.059376895,-0.007420361,0.12481484,-0.086497255,-0.32104674,False,0.0
4850.129865208,0,0.0072049648,0.041433036,-0.011116087,0.073572464,-0.07470001,-0.20604089,False,0.0
4850.149865208,0,0.015778989,0.033224225,-0.014225543,0.02975513,-0.05347526,-0.13882703,False,0.0
4850.169865208,0,0.019877262,0.026636422,-0.014778137,-0.009572014,-0.03863385,-0.082601085,False,0.0
4850.189865208,20000000,0.022686988,0.02185291,-0.011303723,-0.037277523,-0.018104093,-0.042460762,False,0.0
4850.209865208,0,0.027281806,0.019695044,-0.008533299,-0.062876835,-0.004256323,-0.011280084,False,0.0
4850.229865208,20000000,0.030822203,0.019155681,-0.0020446777,-0.08678801,0.010263387,0.002625876,False,0.0
4850.249865208,0,0.03455744,0.021294355,0.0063295364,-0.1024861,0.018034779,0.012110321,False,0.0
4850.269865208,0,0.02791877,0.03789383,0.015767336,-0.11852771,0.006258021,0.053131595,False,0.0
4850.289865208,0,0.022198878,0.06571162,0.019118726,-0.15830697,-0.028853405,0.14537351,False,0.0
4850.309865208,20000000,0.0128515065,0.11010504,0.021539807,-0.25156754,-0.0801126,0.33496034,False,0.0
4850.329865208,0,0.018022537,0.1426673,0.018144011,-0.38805997,-0.13180824,0.6300359,False,0.0
4850.349865208,0,0.037627846,0.13734901,0.014709413,-0.53266096,-0.14306425,0.9420291,False,0.0
4850.369865208,20000000,0.038906135,0.11926216,0.020900905,-0.66975576,-0.14356965,1.213227,False,0.0
4850.389865208,0,0.020239703,0.10128111,0.035111487,-0.78856796,-0.20020898,1.4719825,False,0.0
4850.409865208,0,0.011076331,0.073530555,0.04049331,-0.8819456,-0.29209307,1.6820955,False,0.0
4850.429865208,20000000,0.01778479,0.032927036,0.03462577,-0.9407209,-0.3778742,1.8023713,False,0.0
4850.449865208,0,0.026381373,-0.010072529,0.027638078,-0.9665216,-0.43223625,1.8191818,False,0.0
4850.469865208,0,0.031982005,-0.04935652,0.022662342,-0.9508719,-0.48139748,1.74903,False,0.0
4850.489865208,0,0.034531355,-0.07565075,0.020729363,-0.9075506,-0.5234596,1.6222692,False,0.0
4850.509865208,0,0.030765489,-0.08217639,0.023844957,-0.8475537,-0.5807385,1.4646951,False,0.0
4850.529865208,20000000,0.026807845,-0.078639805,0.02328527,-0.79410064,-0.63918936,1.303638,False,0.0
4850.549865208,0,0.03257279,-0.079288304,0.014473975,-0.7335604,-0.6894928,1.1442546,False,0.0
4850.569865208,0,0.037154943,-0.071076155,0.0082376,-0.6672294,-0.7127414,0.98850524,False,0.0
4850.589865208,20000000,0.03247565,-0.055963397,0.008865297,-0.5959724,-0.7180991,0.8585582,False,0.0
4850.609865208,0,0.026570603,-0.037692428,0.0067868233,-0.53363186,-0.7199485,0.7527865,False,0.0
4850.629865208,0,0.024252638,-0.028665006,0.0020782351,-0.48494598,-0.705137,0.65634835,False,0.0
4850.649865208,0,0.022931308,-0.024580598,-0.0062962174,-0.4372964,-0.6760596,0.5687835,False,0.0
4850.669865208,20000000,0.02332732,-0.02606994,-0.014950216,-0.38848898,-0.63384414,0.4751723,False,0.0
4850.689865208,0,0.019714385,-0.02478069,-0.017817318,-0.34680343,-0.5829573,0.38992926,False,0.0
4850.709865208,0,0.015900224,-0.023483515,-0.018180847,-0.3071819,-0.5334916,0.31535506,False,0.0
4850.729865208,20000000,0.01132974,-0.024509609,-0.018254042,-0.2697737,-0.48906836,0.25291422,False,0.0
4850.749865208,0,0.00561063,-0.021309733,-0.01615405,-0.24213466,-0.44933698,0.2067739,False,0.0
4850.769865208,0,0.0015282929,-0.023706198,-0.016731143,-0.22246318,-0.42175975,0.16530046,False,0.0
4850.789865208,0,0.0019688457,-0.034832895,-0.020631194,-0.20666784,-0.3816496,0.11316861,False,0.0
4850.809865208,0,-0.0011238754,-0.04009199,-0.020127296,-0.19109794,-0.3434173,0.05934388,False,0.0
4850.829865208,20000000,-0.0073609203,-0.0392617,-0.019405961,-0.18024382,-0.31262022,0.018832922,False,0.0
4850.849865208,0,-0.010049656,-0.041892648,-0.019209445,-0.16963819,-0.29385102,-0.00806834,False,0.0
4850.869865208,0,-0.011447132,-0.03598678,-0.024711668,-0.17172304,-0.264642,-0.028666249,False,0.0
4850.889865208,20000000,-0.01558508,-0.033679843,-0.025260448,-0.18024564,-0.23586944,-0.045754995,False,0.0
4850.909865208,0,-0.021706924,-0.033553123,-0.024079442,-0.18253972,-0.2163616,-0.0539897,False,0.0
4850.929865208,0,-0.024491623,-0.036376417,-0.026943326,-0.17905983,-0.19308922,-0.06267564,False,0.0
4850.949865208,0,-0.028624296,-0.032129407,-0.03002417,-0.18302114,-0.16365594,-0.0731129,False,0.0
4850.969865208,20000000,-0.03300394,-0.024451137,-0.030584455,-0.18706028,-0.12555765,-0.080902435,False,0.0
4850.989865208,0,-0.041495904,-0.018985808,-0.026723564,-0.18989132,-0.1011693,-0.089167625,False,0.0
4851.009865208,20000000,-0.046038315,-0.01628238,-0.02249831,-0.18546303,-0.07914731,-0.10830172,False,0.0
4851.029865208,0,-0.050067417,-0.0051395297,-0.016554475,-0.18727466,-0.055035945,-0.124980345,False,0.0
4851.049865208,20000000,-0.05956383,0.006493807,-0.008816242,-0.18077078,-0.03933632,-0.14020784,False,0.0
4851.069865208,0,-0.05619035,0.020347595,-0.012768984,-0.19023055,-0.020799732,-0.12646066,False,0.0
4851.089865208,20000000,-0.050062343,0.023908079,-0.010649443,-0.18944257,-0.0039277393,-0.13457863,False,0.0
4851.109865208,0,-0.04262895,0.025524557,-0.015370667,-0.18308185,0.044823416,-0.15200028,False,0.0
4851.129865208,0,-0.047962047,0.03220886,-0.0071840286,-0.17586133,0.092541754,-0.16554837,False,0.0
4851.149865208,0,-0.054869756,0.03783238,0.012430966,-0.15984906,0.085891485,-0.15857759,False,0.0
4851.169865208,0,-0.043134816,0.044711173,0.01373142,-0.14791481,0.09348927,-0.15164569,False,0.0
4851.189865208,20000000,-0.031388305,0.0516029,0.015027583,-0.13598058,0.10108705,-0.14471379,False,0.0
4851.209865208,40000000,-0.026497886,0.03955573,0.0134935975,-0.12076247,0.12557551,-0.16425104,False,0.0
4851.229865208,0,-0.028324597,0.028064609,0.016126573,-0.10247669,0.118978925,-0.1798802,False,0.0
4851.249865208,0,-0.017321184,0.024035096,0.012070775,-0.08065971,0.110422365,-0.19451812,False,0.0
4851.269865208,0,-0.0021184534,0.029821992,0.007255733,-0.07016128,0.13339573,-0.20890698,False,0.0
4851.289865208,0,0.00058427453,0.047216713,0.012100697,-0.061930478,0.16072172,-0.20329253,False,0.0
4851.309865208,0,-0.0038993508,0.056592405,0.023617148,-0.041628256,0.14893787,-0.14905211,False,0.0
4851.329865208,20000000,0.0029253215,0.03823042,0.020433068,-0.009626653,0.12377358,-0.074302636,False,0.0
4851.349865208,0,0.017440915,0.013512015,0.018327594,0.033035003,0.123524465,-0.03702929,False,0.0
4851.369865208,20000000,0.019908011,0.0066686273,0.020050764,0.041178145,0.09768339,0.0013218336,False,0.0
4851.389865208,0,0.02858989,0.0004094243,0.019405544,0.022081435,0.07427507,0.022748753,False,0.0
4851.409865208,0,0.034591258,-0.0033164024,0.022656381,-0.011865836,0.066381186,0.018557573,False,0.0
4851.429865208,20000000,0.032902792,-0.006829679,0.031470656,-0.04736964,0.029630717,0.012554657,False,0.0
4851.449865208,0,0.04016073,-0.015553713,0.032224476,-0.07101194,-0.00059093535,-0.0010266807,False,0.0
4851.469865208,20000000,0.042569265,-0.019026875,0.03455329,-0.090436734,-0.025706422,-0.0453251,False,0.0
4851.489865208,0,0.032371536,-0.0073901415,0.03700745,-0.112529725,-0.059678856,-0.09314604,False,0.0
4851.509865208,20000000,0.01618202,0.010065615,0.03601539,-0.1338174,-0.11614363,-0.11217798,False,0.0
4851.529865208,0,0.0037063658,0.028002381,0.031507492,-0.16334873,-0.16547233,-0.10575396,False,0.0
4851.549865208,0,0.00028651953,0.03705454,0.02007538,-0.18346715,-0.1853573,-0.08907552,False,0.0
4851.569865208,20000000,-0.0035917014,0.03561431,0.007683754,-0.18322584,-0.18353787,-0.05777243,False,0.0
4851.589865208,0,-0.007881053,0.034813404,0.00031799078,-0.15920517,-0.16828513,-0.04079982,False,0.0
4851.609865208,0,-0.009493463,0.03864646,-0.007813454,-0.14789666,-0.13350122,-0.030653223,False,0.0
4851.629865208,20000000,-0.02149041,0.03799373,-0.004088223,-0.12393723,-0.12960474,-0.011963464,False,0.0
4851.649865208,0,-0.024662718,0.03185159,-0.0066682696,-0.09680036,-0.12136817,0.016667474,False,0.0
4851.669865208,0,-0.012143314,0.015438557,-0.018205225,-0.06628209,-0.0956925,0.025190184,False,0.0
4851.689865208,0,-0.014728121,0.00028145313,-0.011545002,-0.029087145,-0.08135096,0.030365802,False,0.0
4851.709865208,0,-0.014097117,-0.013226509,-0.0051136017,-0.012089435,-0.06771673,0.022697132,False,0.0
4851.729865208,0,-0.015213929,-0.0124053955,0.0037739873,-0.01328298,-0.09284264,0.018048517,False,0.0
4851.749865208,0,-0.0026821494,-0.009316862,-0.0027174354,-0.041812062,-0.09375421,0.0010987129,False,0.0
4851.769766167,0,0.0011641392,-0.0032987832,-0.0010555796,-0.08298729,-0.072757185,-0.010509645,False,0.0
4851.789766167,20000000,-0.003589496,-0.000615716,0.0012561083,-0.09133048,-0.083206795,0.0056574894,False,0.0
4851.809766167,0,-0.0039798915,0.00043326616,-0.00046229362,-0.09490468,-0.088614754,0.022305466,False,0.0
4851.829766167,0,-0.00028067082,-0.0003402233,-0.00491935,-0.090967394,-0.08727882,0.0298134,False,0.0
4851.849766167,0,-0.0019342899,0.0018409491,-0.005518377,-0.08616923,-0.08110729,0.03537139,False,0.0
4851.869766167,20000000,-0.0035904348,0.0040237904,-0.0061196685,-0.08137106,-0.074935764,0.040929377,False,0.0
4851.889766167,0,-0.0046640635,0.0025568604,-0.0066883564,-0.073104694,-0.06564858,0.046405993,False,0.0
4851.909766167,20000000,-0.0048323944,0.00097203255,-0.0075911283,-0.057816856,-0.055089694,0.045439124,False,0.0
4851.929766167,0,-0.0056657046,7.492304e-05,-0.0070485473,-0.04569892,-0.04472733,0.040345903,False,0.0
4851.949766167,0,-0.0021056682,0.00021743774,-0.0065717697,-0.0393193,-0.033047065,0.02231488,False,0.0
4851.969766167,0,-0.0018413961,0.0011449456,-0.0025779605,-0.039772976,-0.01937771,-0.0012132842,False,0.0
4851.989766167,0,-0.0053658336,0.008541822,0.00541538,-0.044776876,-0.015831986,-0.015996976,False,0.0
4852.009766167,20000000,-0.004354775,0.0077115297,0.0043081045,-0.047066312,-0.02803362,-0.011981261,False,0.0
4852.029766167,0,0.0026850328,0.003203988,-0.0005707145,-0.039448377,-0.024349669,-0.016637404,False,0.0
4852.049766167,0,0.007623501,0.0049474835,0.00063169,-0.03218139,-0.009628629,-0.016045678,False,0.0
4852.069766167,20000000,0.012562081,0.006691277,0.0018335581,-0.0249144,0.0050924104,-0.015453954,False,0.0
4852.089766167,40000000,0.014711402,0.01068759,0.002964139,-0.026063647,0.007983794,-0.0028905338,False,0.0
4852.109766167,0,0.011762895,0.0087509155,0.0026946664,-0.028001903,-0.0067368913,0.019395057,False,0.0
4852.129766167,20000000,0.011251196,0.0032298565,0.001793325,-0.024945192,-0.020389348,0.03291715,False,0.0
4852.149766167,0,0.015446402,0.00041276217,-0.0051680207,-0.025613453,-0.029937588,0.03821484,False,0.0
4852.169766167,0,0.01442758,-0.0034885406,-0.0029287934,-0.025339974,-0.029704848,0.032839604,False,0.0
4852.189766167,20000000,0.01087489,-0.005429268,-0.004299283,-0.024359442,-0.028271668,0.021230754,False,0.0
4852.209766167,0,0.011205286,-0.008959293,-0.00796622,-0.013717414,-0.02377373,0.004219843,False,0.0
4852.229766167,0,0.0060356483,-0.006352067,-0.00753659,-0.0016444195,-0.016903793,-0.009539551,False,0.0
4852.249766167,20000000,0.0022233278,-0.00022441149,-0.0058730245,0.005707759,-0.014475103,-0.02159904,False,0.0
4852.269766167,0,0.0013486296,0.003448844,-0.0046629906,0.0042636925,-0.014266417,-0.028424911,False,0.0
4852.289766167,20000000,0.005593717,0.00025451183,-0.006324172,0.010174483,-0.0057016117,-0.039516468,False,0.0
4852.309766167,0,0.009593114,-0.003511846,-0.0034465194,0.02216671,0.013046055,-0.056346625,False,0.0
4852.329766167,20000000,0.0114031285,-0.0014628768,0.0012105107,0.032752503,0.015321248,-0.064966306,False,0.0
4852.349766167,0,0.01536458,0.0027195811,0.0048906207,0.036628816,0.0034222472,-0.052828524,False,0.0
4852.369766167,20000000,0.01932554,0.0069034696,0.008570671,0.04050513,-0.008476753,-0.040690742,False,0.0
4852.389766167,40000000,0.027472757,0.0073835254,0.012010872,0.04097592,-0.028287442,-0.022047218,False,0.0
4852.409766167,0,0.034427844,0.0081038475,0.018841028,0.04393773,-0.043566734,-0.0011967607,False,0.0
4852.429766167,0,0.04157216,0.0053102374,0.026598811,0.046626296,-0.0708337,0.015398486,False,0.0
4852.449766167,0,0.04582493,0.0045633316,0.034118295,0.047796078,-0.10272926,0.025042055,False,0.0
4852.469766167,0,0.046652548,0.0058426857,0.042372048,0.04502647,-0.14830859,0.042494528,False,0.0
4852.489766167,20000000,0.0483319,0.006786585,0.045984566,0.03986126,-0.19939736,0.06805107,False,0.0
4852.509766167,0,0.054635487,0.0022888184,0.044850707,0.03691666,-0.24436873,0.09457768,False,0.0
4852.529766167,0,0.058023565,-0.0024183393,0.04132217,0.030279424,-0.27658227,0.11029316,False,0.0
4852.549766167,20000000,0.05287388,-0.0052078366,0.043532193,0.02179232,-0.3191151,0.12228597,False,0.0
4852.569766167,0,0.049518317,-0.0146589875,0.04296291,0.02291829,-0.35968998,0.1281537,False,0.0
4852.589766167,20000000,0.047058836,-0.022466123,0.037694395,0.027833438,-0.40558448,0.12759808,False,0.0
4852.609766167,0,0.049259834,-0.026183546,0.030597866,0.027785711,-0.43818942,0.11844149,False,0.0
4852.629766167,0,0.049424894,-0.020310104,0.0239169,0.011658218,-0.459853,0.10256521,False,0.0
4852.649766167,0,0.046491444,-0.021888137,0.01974696,0.0023081992,-0.49577838,0.122409254,False,0.0
4852.689766167,0,0.040637046,-0.025079131,0.011295795,-0.01639184,-0.56762916,0.16209733,False,0.0
4852.709766167,0,0.031682454,-0.023075938,0.007466793,-0.008922681,-0.59234124,0.18238504,False,0.0
4852.729766167,20000000,0.01606515,-0.009139717,0.007852316,-0.0028479267,-0.6219782,0.23095743,False,0.0
4852.749766167,0,0.010415994,0.00015646219,0.0029954314,-0.012228786,-0.6668467,0.31332386,False,0.0
4852.769766167,20000000,0.019872822,-0.005731821,-0.01160115,-0.02395007,-0.69285977,0.3742187,False,0.0
4852.789766167,0,0.027896151,-0.0061858892,-0.016843617,-0.03128332,-0.6765398,0.4030035,False,0.0
4852.809766167,20000000,0.020578645,-0.000623405,-0.0058971643,-0.042211924,-0.6697069,0.44797763,False,0.0
4852.829766167,0,0.00679294,0.009761572,0.013012111,-0.0453664,-0.70957536,0.49439794,False,0.0
4852.849766167,0,0.0025210232,0.021254301,0.019091666,-0.060262922,-0.753176,0.52670914,False,0.0
4852.869766167,20000000,-0.0018996596,0.036704004,0.02478695,-0.09366453,-0.8027996,0.5410698,False,0.0
4852.889766167,0,-0.0064539015,0.04600984,0.027973711,-0.11872921,-0.8529391,0.55212027,False,0.0
4852.909766167,0,0.00068251044,0.0468477,0.01725477,-0.1399256,-0.87875324,0.56457835,False,0.0
4852.929766167,20000000,0.011823826,0.03515452,-0.0043509007,-0.14771233,-0.8664206,0.55669963,False,0.0
4852.949766167,0,0.0119210705,0.02833867,-0.008113325,-0.15208635,-0.8105322,0.5190953,False,0.0
4852.969766167,20000000,0.0119781345,0.02151388,-0.011903107,-0.15646036,-0.7546438,0.48149097,False,0.0
4852.989766167,40000000,0.011994556,0.014680564,-0.015719712,-0.16083436,-0.6987554,0.44388664,False,0.0
4853.009766167,0,-0.00208842,0.014153659,-0.0051009655,-0.15617453,-0.65671515,0.40855414,False,0.0
4853.029766167,20000000,-0.022811964,0.01588571,0.009556532,-0.15050054,-0.63343567,0.38290828,False,0.0
4853.049766167,0,-0.04393633,0.017270446,0.025401294,-0.14546765,-0.6308889,0.35436314,False,0.0
4853.069766167,0,-0.053864352,0.014280558,0.029690266,-0.13693567,-0.6403235,0.3180352,False,0.0
4853.089766167,0,-0.057374023,0.007450402,0.021651566,-0.123368695,-0.62078863,0.25310326,False,0.0
4853.109766167,0,-0.07023605,0.012266755,0.016985,-0.10710348,-0.6025086,0.20301051,False,0.0
4853.129766167,20000000,-0.08050302,0.016362071,0.014935613,-0.08139621,-0.6037636,0.18910603,False,0.0
4853.149766167,0,-0.082476415,0.020292997,0.008472145,-0.06633951,-0.5840912,0.17320812,False,0.0
4853.169766167,0,-0.09137288,0.028859675,0.009320557,-0.060923688,-0.57540035,0.17729707,False,0.0
4853.189766167,20000000,-0.08653549,0.032535255,-0.0017343163,-0.0627529,-0.56239164,0.18440562,False,0.0
4853.209766167,0,-0.07552539,0.02575177,-0.015577376,-0.067315646,-0.5146653,0.18267855,False,0.0
4853.229766167,0,-0.07368235,0.015367329,-0.023873806,-0.056543652,-0.44330657,0.1801587,False,0.0
4853.249766167,0,-0.07033923,0.0078068376,-0.0341534,-0.039343424,-0.3615488,0.18157372,False,0.0
4853.269766167,0,-0.06735283,0.009450614,-0.036774993,-0.02726876,-0.2646646,0.16193466,False,0.0
4853.289766167,20000000,-0.064368896,0.011091471,-0.03940296,-0.015194096,-0.1677804,0.1422956,False,0.0
4853.309766167,0,-0.05638482,0.016097486,-0.041812718,-0.018990846,-0.08134261,0.11643384,False,0.0
4853.329766167,0,-0.034225523,0.0048356056,-0.044439673,-0.008666348,0.018713951,0.06710157,False,0.0
4853.349766167,0,-0.022852506,-0.0026977658,-0.032082796,0.02012719,0.11645403,0.004656341,False,0.0
4853.369766167,20000000,-0.015840787,-0.004927814,-0.016740859,0.05527623,0.18258576,-0.057386123,False,0.0
4853.389766167,0,-0.010145934,-0.007908165,-0.0037060976,0.08458621,0.20901987,-0.10942271,False,0.0
4853.409766167,0,-0.006559519,-0.015992165,0.00023418665,0.09648698,0.21519339,-0.15024744,False,0.0
4853.429766167,20000000,0.0048029646,-0.025339961,-0.0048245788,0.10396458,0.1963081,-0.16168673,False,0.0
4853.449766167,0,0.008888096,-0.02580285,0.0038188696,0.10347213,0.18688656,-0.1699742,False,0.0
4853.469766167,0,0.013087483,-0.0150821805,0.0030192733,0.06790911,0.1545842,-0.16598302,False,0.0
4853.489766167,0,0.017592223,-0.01503253,0.0013113022,0.014320184,0.14210726,-0.17623676,False,0.0
4853.509766167,0,0.0013147285,-0.011000216,0.008586407,-0.01909374,0.11216715,-0.17160904,False,0.0
4853.529766167,20000000,-0.0075264378,-0.003140211,0.011728764,-0.03727412,0.06435163,-0.1380116,False,0.0
4853.549766167,0,-0.00776962,0.0020424724,0.0051646233,-0.054342292,0.044941835,-0.13040687,False,0.0
4853.569766167,0,-0.024914773,0.008367062,0.012362003,-0.047171444,0.04918337,-0.12663199,False,0.0
4853.589766167,20000000,-0.042056866,0.014695823,0.019560039,-0.0400006,0.0534249,-0.1228571,False,0.0
4853.609766167,40000000,-0.0591959,0.021028697,0.02675879,-0.032829754,0.057666432,-0.11908222,False,0.0
4853.629766167,0,-0.06211012,0.02751863,0.016924798,-0.037713487,0.059323665,-0.12053371,False,0.0
4853.649766167,0,-0.05161486,0.021401644,0.002157867,-0.042558193,0.09113005,-0.14731099,False,0.0
4853.669766167,0,-0.039611187,0.012698293,-0.0037001371,-0.029295519,0.14297664,-0.18476394,False,0.0
4853.689766167,0,-0.036521707,0.013899207,-0.000823915,-0.01223065,0.18844588,-0.18456858,False,0.0
4853.709766167,20000000,-0.033428643,0.015107989,0.0020576715,0.004834218,0.23391512,-0.18437323,False,0.0
4853.729766167,0,-0.04059194,0.014115691,0.008543313,0.017094105,0.2451258,-0.12823372,False,0.0
4853.749766167,0,-0.037648186,0.007014215,0.0038673878,0.033918474,0.23045214,-0.050711274,False,0.0
4853.769766167,0,-0.022996217,-0.0006265044,-0.0033550262,0.03730917,0.23551476,0.010943595,False,0.0
4853.789766167,20000000,-0.0050905882,-0.0018920898,-0.01285243,0.022078393,0.24644946,0.06760684,False,0.0
4853.809766167,0,0.009939554,-0.0043804646,-0.0126338005,0.0017373357,0.2667503,0.09084975,False,0.0
4853.829766167,20000000,0.01803822,0.00094234943,-0.005745709,-0.02140855,0.26709175,0.1240483,False,0.0
4853.849766167,0,0.036127947,0.009464502,-0.008309543,-0.04169923,0.24571612,0.1674144,False,0.0
4853.869766167,0,0.059784893,0.020372272,-0.0015091896,-0.056820296,0.22208473,0.22538489,False,0.0
4853.889766167,20000000,0.08344392,0.03130573,0.00526464,-0.07194136,0.19845334,0.28335539,False,0.0
4853.909766167,40000000,0.08907096,0.045144677,0.028100789,-0.07571834,0.11588947,0.3907536,False,0.0
4853.929766167,0,0.098477796,0.047407568,0.04173678,-0.08321455,0.019856162,0.49361318,False,0.0
4853.949766167,0,0.09710151,0.05032295,0.049512982,-0.09625287,-0.08913358,0.603613,False,0.0
4853.969766167,20000000,0.08534821,0.046954274,0.05435896,-0.11253325,-0.19550097,0.6692354,False,0.0
4853.989766167,0,0.08493082,0.039769113,0.04457122,-0.13122045,-0.28997004,0.70953625,False,0.0
4854.009766167,0,0.07431488,0.03184569,0.03344804,-0.13191098,-0.34550774,0.7277803,False,0.0
4854.029766167,0,0.062138237,0.017232299,0.02644062,-0.12317779,-0.3986375,0.71923107,False,0.0
4854.049766167,0,0.045442805,-0.0025658607,0.018538237,-0.10409578,-0.42965436,0.6827258,False,0.0
4854.069766167,0,0.029754445,-0.011698663,0.012954295,-0.08924303,-0.46089545,0.6225561,False,0.0
4854.089766167,0,0.016021162,-0.015367329,0.006129563,-0.06685638,-0.50470537,0.5756338,False,0.0
4854.109766167,0,0.009475656,-0.026281178,-0.0027199984,-0.038785603,-0.507613,0.54168814,False,0.0
4854.129766167,20000000,-0.0015109405,-0.027127802,-0.0072586536,-0.0067325383,-0.506547,0.47921515,False,0.0
4854.149690083,0,-0.016824462,-0.016225057,-0.0003745171,0.0014576932,-0.51793355,0.45834783,False,0.0
4854.169690083,20000000,-0.018017583,-0.015597582,-0.004599452,-0.007048022,-0.48180562,0.45147657,False,0.0
4854.189690083,40000000,-0.019190334,-0.014955878,-0.008808732,-0.015553737,-0.4456777,0.44460532,False,0.0
4854.209690083,0,-0.02363512,-0.0122419,-0.00840801,-0.032627895,-0.40867928,0.44823316,False,0.0
4854.229690083,0,-0.02255626,-0.013104677,-0.012958765,-0.05355481,-0.35426426,0.4441563,False,0.0
4854.249690083,20000000,-0.026117668,-0.012543082,-0.011207879,-0.07323731,-0.30345824,0.42515567,False,0.0
4854.269690083,0,-0.032031782,-0.006754875,-0.0065811872,-0.08839706,-0.25948483,0.3974803,False,0.0
4854.289690083,0,-0.02994395,-0.0033243299,-0.010110378,-0.096382365,-0.22429344,0.37019408,False,0.0
4854.309690083,0,-0.023930833,-0.0052144527,-0.016326964,-0.094105266,-0.17368872,0.3293375,False,0.0
4854.329690083,0,-0.019437537,-0.008937478,-0.01820898,-0.08065577,-0.13132536,0.28506902,False,0.0
4854.349690083,20000000,-0.017388985,-0.012599528,-0.015733063,-0.054844975,-0.08992568,0.23639531,False,0.0
4854.369690083,0,-0.021571234,-0.007265508,-0.009063959,-0.029979736,-0.06740528,0.19650908,False,0.0
4854.389690083,0,-0.016165659,-0.0041100383,-0.009228468,-0.008007821,-0.05158922,0.16034666,False,0.0
4854.409690083,0,-0.005273208,-0.010422647,-0.011724949,0.012840506,-0.011176046,0.100825965,False,0.0
4854.429690083,0,-0.00016909838,-0.00872618,-0.010148764,0.047770992,0.04459735,0.030027412,False,0.0
4854.449690083,20000000,-0.00434117,0.0024467707,-0.0030596256,0.07457892,0.07508179,-0.036248796,False,0.0
4854.469690083,0,-0.004160449,0.0069194436,0.0028392673,0.09550605,0.090329185,-0.0950001,False,0.0
4854.489690083,20000000,-0.00169155,0.0042853355,0.005434394,0.113444,0.11122135,-0.16324174,False,0.0
4854.509690083,0,-0.0004926771,0.0006787777,0.008277237,0.13873091,0.123959124,-0.23555769,False,0.0
4854.529690083,0,0.0033483803,-0.009203553,0.007460177,0.16692378,0.12833284,-0.3157041,False,0.0
4854.549690083,0,0.005597949,-0.024638355,0.009612262,0.2004796,0.12272637,-0.40160787,False,0.0
4854.569690083,0,0.0030910373,-0.040086985,0.008167982,0.24653335,0.113174945,-0.49402964,False,0.0
4854.589690083,20000000,-0.0028994307,-0.037061155,0.0051105022,0.2804911,0.08606945,-0.56287086,False,0.0
4854.609690083,0,0.0062578022,-0.024332106,-0.009724379,0.2827797,0.050768908,-0.5761918,False,0.0
4854.629690083,0,0.02502866,-0.016618013,-0.027060688,0.26330447,0.04092401,-0.552167,False,0.0
4854.649690083,0,0.04791443,-0.017598629,-0.03976786,0.23539564,0.0559033,-0.50004494,False,0.0
4854.669690083,0,0.058803804,-0.021959543,-0.03685105,0.19901787,0.092567004,-0.44207656,False,0.0
4854.689690083,20000000,0.050313637,-0.026029944,-0.0169909,0.17438658,0.09756029,-0.3533939,False,0.0
4854.709690083,0,0.03639777,-0.027308047,0.003991127,0.15052734,0.06775691,-0.2658095,False,0.0
4854.729690083,0,0.020044096,-0.023188591,0.016493857,0.10101022,0.023872878,-0.19788691,False,0.0
4854.749690083,20000000,0.010979608,-0.02032876,0.025148213,0.04143533,-0.024045192,-0.15529504,False,0.0
4854.769690083,0,0.007535398,-0.010610461,0.019800246,-0.013783049,-0.033708215,-0.15599795,False,0.0
4854.789690083,20000000,0.004092559,-0.0008857846,0.014449716,-0.06900143,-0.043371238,-0.15670085,False,0.0
4854.809690083,40000000,0.0006510392,0.008845091,0.009096503,-0.124219805,-0.05303426,-0.15740375,False,0.0
4854.829690083,0,0.0031453073,0.017580926,-0.00012415648,-0.17708479,-0.03960281,-0.16392894,False,0.0
4854.849690083,20000000,0.00230553,0.020586789,-0.0013771653,-0.2018725,-0.011771059,-0.17227238,False,0.0
4854.869690083,0,-0.004070878,0.016988218,0.0023577213,-0.18376467,0.00060466956,-0.16812724,False,0.0
4854.889690083,0,-0.007836245,0.01932329,0.00353688,-0.14336275,0.006779871,-0.15479355,False,0.0
4854.909690083,0,-0.012544218,0.026528537,0.00571692,-0.104758844,-0.0006400137,-0.13795877,False,0.0
4854.929690083,0,-0.009231273,0.029038787,-0.0030146837,-0.08303689,-0.0013309581,-0.11775981,False,0.0
4854.949690083,20000000,-0.0019294955,0.023266077,-0.010752976,-0.058937855,0.01511767,-0.1005122,False,0.0
4854.969690083,0,0.0019479915,0.019312263,-0.011525929,-0.0328431,0.04435537,-0.09387995,False,0.0
4854.989690083,0,0.0025681257,0.022449017,-0.004578352,-0.017423458,0.055205964,-0.077702776,False,0.0
4855.009690083,20000000,0.0063314885,0.022512615,0.0013269186,-0.011854555,0.057902988,-0.07130359,False,0.0
4855.029690083,0,0.014588304,0.019830525,0.0035365224,-0.009038132,0.05786797,-0.07463688,False,0.0
4855.049690083,20000000,0.020725533,0.017359614,0.0070697665,-0.003338432,0.049147863,-0.074794196,False,0.0
4855.069690083,0,0.020656254,0.01532203,0.011774659,0.013989156,0.015466776,-0.052030053,False,0.0
4855.089690083,20000000,0.02058684,0.01328516,0.01647973,0.031316746,-0.018214311,-0.02926591,False,0.0
4855.109690083,40000000,0.024024773,0.011364996,0.010986805,0.044619363,-0.058777098,0.008038096,False,0.0
4855.129690083,0,0.023596141,0.0112169385,0.00862354,0.043931663,-0.0959739,0.043410465,False,0.0
4855.149690083,0,0.014713522,0.01222837,0.010766327,0.032794476,-0.1301823,0.080710605,False,0.0
4855.169690083,20000000,0.015489034,0.008489966,-0.0009355545,0.015788175,-0.15427618,0.101109594,False,0.0
4855.189690083,0,0.019995939,0.001996994,-0.008790493,-0.00469568,-0.1434613,0.082209416,False,0.0
4855.209690083,0,0.01714044,-0.0026149154,-0.0014512539,-0.006293815,-0.12554722,0.03693487,False,0.0
4855.229690083,20000000,0.014180772,-0.0017539859,0.001672864,0.00871164,-0.12426298,-0.001993876,False,0.0
4855.249690083,0,0.016288042,-0.002972424,0.001081109,0.040096223,-0.11734223,-0.044872493,False,0.0
4855.269690083,0,0.013377659,0.0011355281,0.003277719,0.08265877,-0.11874032,-0.068681024,False,0.0
4855.289690083,0,0.008783579,0.0080605745,0.0036824942,0.12456332,-0.1397216,-0.058996107,False,0.0
4855.309690083,0,0.008272141,0.009622991,-0.0001193881,0.14938894,-0.16966572,-0.023415372,False,0.0
4855.329690083,20000000,0.005798038,0.011402667,0.0023360252,0.15250511,-0.18975665,0.025531527,False,0.0
4855.349690083,0,0.0035269558,0.008121908,-0.000121712685,0.1260226,-0.20197383,0.070801646,False,0.0
4855.369690083,0,-0.0014555901,0.001603663,-0.0031995773,0.084981605,-0.20903733,0.1130698,False,0.0
4855.389690083,20000000,-0.0040356927,-0.012021959,-0.0047344565,0.04772336,-0.20448756,0.13914065,False,0.0
4855.409690083,40000000,-0.0090704765,-0.023974717,-0.0036116838,0.03470613,-0.19879852,0.16063002,False,0.0
4855.429690083,0,-0.014844449,-0.025968373,-0.004454553,0.0254265,-0.19824614,0.16974153,False,0.0
4855.449690083,0,-0.020469114,-0.022354662,-0.00359869,-0.00209927,-0.18587503,0.16444527,False,0.0
4855.469690083,20000000,-0.029721646,-0.01721406,-0.0022639036,-0.0306056,-0.18538137,0.15411429,False,0.0
4855.489690083,0,-0.02758294,-0.015251398,-0.013701141,-0.05761963,-0.16503416,0.13545984,False,0.0
4855.509690083,0,-0.020098008,-0.014878392,-0.02787584,-0.06895836,-0.12320594,0.106008396,False,0.0
4855.529690083,20000000,-0.013667207,-0.011050522,-0.02781415,-0.07426886,-0.061819203,0.06587529,False,0.0
4855.549690083,0,-0.018808616,0.00014418364,-0.01408571,-0.059914384,-0.030191686,0.03784603,False,0.0
4855.569690083,0,-0.018954149,0.0050807595,-0.0018852353,-0.032358885,-0.026455626,0.02138825,False,0.0
4855.589690083,0,-0.010907959,0.0059022903,-0.0031132698,-0.0044612903,-0.023653062,-0.00045735575,False,0.0
4855.609690083,0,-0.008855915,0.009886563,0.00085777044,0.01493261,-0.021410953,-0.018107148,False,0.0
4855.629690083,20000000,-0.009996168,0.011043787,0.00322783,0.028709605,-0.015095664,-0.03424091,False,0.0
4855.649690083,0,-0.011885354,0.0156053305,0.0080266,0.03701841,-0.020174349,-0.04276322,False,0.0
4855.669690083,0,-0.011392964,0.021325052,0.007715285,0.03635493,-0.017365238,-0.046758316,False,0.0
4855.689690083,20000000,-0.0020332523,0.02032137,-0.0016904473,0.028153628,0.0076299217,-0.07096164,False,0.0
4855.709690083,0,0.001271043,0.016526818,-0.0069704056,0.035917938,0.02821248,-0.08064441,False,0.0
4855.729690083,0,0.0021541454,0.010627091,-0.0044107437,0.06335574,0.045748495,-0.08927112,False,0.0
4855.749690083,20000000,-0.0024781972,0.014588594,0.003127098,0.09115894,0.05199204,-0.0904447,False,0.0
4855.769690083,0,-0.008439813,0.020482242,0.0103779435,0.109163426,0.029939435,-0.08148388,False,0.0
4855.789690083,20000000,-0.0010479763,0.02064228,0.0044823885,0.11560186,0.026115263,-0.07906627,False,0.0
4855.809690083,0,0.0009179339,0.019491255,0.004244745,0.12401472,0.024022512,-0.074150495,False,0.0
4855.829690083,0,0.0018246677,0.010067761,0.0025513768,0.13570091,0.022520158,-0.05631402,False,0.0
4855.849690083,0,0.00805499,0.0013822913,-0.003117919,0.14472467,0.012085145,-0.023540191,False,0.0
4855.869690083,0,0.01656016,-0.006457448,-0.0056973696,0.1396062,0.016058713,-0.01016365,False,0.0
4855.889690083,20000000,0.025064602,-0.014292181,-0.008280933,0.13448772,0.02003228,0.0032128915,False,0.0
4855.909690083,40000000,0.024408776,-0.01629752,-0.0047486424,0.11191804,-0.0055155363,0.031847045,False,0.0
4855.929690083,0,0.039577063,-0.022390246,-0.012006998,0.08308825,-0.0062524755,0.041676786,False,0.0
4855.949690083,20000000,0.04652404,-0.030193746,-0.009734213,0.057356227,-0.026718441,0.05175172,False,0.0
4855.969690083,0,0.050814442,-0.042143404,-0.0071851015,0.034669966,-0.026031187,0.047389627,False,0.0
4855.989690083,20000000,0.036015235,-0.036861777,0.009928048,0.021880552,-0.059916027,0.05950985,False,0.0
4856.009690083,0,0.015745569,-0.03064996,0.025663853,-0.0010074303,-0.12154859,0.06366826,False,0.0
4856.029690083,0,0.009510428,-0.02203095,0.017884731,-0.045108348,-0.1758753,0.052334346,False,0.0
4856.049690083,20000000,0.014418595,-0.018870473,-0.0001103878,-0.095586,-0.19282672,0.011536658,False,0.0
4856.069690083,0,0.017018853,-0.020756662,-0.008024752,-0.12986256,-0.16867399,-0.058134988,False,0.0
4856.089690083,20000000,-0.0007285066,-0.015014887,0.00059986115,-0.12388948,-0.1513285,-0.11088842,False,0.0
4856.109690083,0,-0.010597775,-0.0060296655,-0.0006927848,-0.101224646,-0.1632851,-0.124845676,False,0.0
4856.129690083,20000000,-0.020468816,0.002967,-0.0020002127,-0.07855981,-0.17524171,-0.13880293,False,0.0
4856.149690083,0,-0.024179647,0.00754869,-0.008742213,-0.072098635,-0.147835,-0.16592859,False,0.0
4856.169690083,0,-0.036381945,0.0076445937,-0.00596565,-0.05771283,-0.12070917,-0.17119181,False,0.0
4856.189690083,0,-0.042562287,0.008053839,-0.005292654,-0.047175996,-0.08103032,-0.17067307,False,0.0
4856.209690083,0,-0.048741896,0.008476794,-0.0046268106,-0.036639158,-0.041351456,-0.17015433,False,0.0
4856.229690083,0,-0.062448613,0.015440941,-0.0019107461,-0.04282832,-0.009577442,-0.17134228,False,0.0
4856.249690083,20000000,-0.07159036,0.01679951,0.00032830238,-0.05698106,0.018020337,-0.16597031,False,0.0
4856.269690083,0,-0.06630983,0.013208091,-0.002807796,-0.06369074,0.07633725,-0.18873864,False,0.0
4856.289690083,20000000,-0.06102495,0.009628117,-0.005942166,-0.07040042,0.13465416,-0.21150698,False,0.0
4856.309690083,40000000,-0.06633499,0.007886767,0.002568245,-0.048636794,0.18456155,-0.2239133,False,0.0
4856.329690083,0,-0.059872724,0.011492431,-0.0016556382,-0.036946345,0.22715117,-0.21890011,False,0.0
4856.349690083,20000000,-0.055036865,0.018455088,-0.0029504895,-0.03909406,0.27751228,-0.21091478,False,0.0
4856.369690083,0,-0.048408248,0.016162157,-0.005217135,-0.043446574,0.31381583,-0.19032848,False,0.0
4856.389690083,0,-0.03547604,0.013216615,-0.0032961965,-0.039563898,0.35320657,-0.1638039,False,0.0
4856.409690083,20000000,-0.019966163,0.006729841,-0.0032696128,-0.027140163,0.39013934,-0.15420838,False,0.0
4856.429690083,0,-0.010118587,0.0054764748,0.00019478798,-0.030787438,0.42685583,-0.1427085,False,0.0
4856.449690083,0,-0.005411351,0.005383134,0.010482848,-0.018928409,0.41722894,-0.12766315,False,0.0
4856.469690083,0,0.010304213,0.008010447,0.00828433,-0.023396846,0.38012818,-0.11106608,False,0.0
4856.489690083,0,0.028122151,0.0065181255,0.0054748654,-0.017240312,0.3550948,-0.085686676,False,0.0
4856.509690083,0,0.045942355,0.0050203204,0.0026465654,-0.011083779,0.33006138,-0.060307268,False,0.0
4856.529663667,0,0.05464081,0.004329333,0.0060749846,-0.0027631668,0.27754655,-0.0030840363,False,0.0
4856.549663667,0,0.06321633,0.0044040084,0.005279422,-0.004860782,0.21725073,0.045454197,False,0.0
4856.569663667,20000000,0.07653183,0.004012108,-0.0025628805,-0.018790036,0.16349994,0.08016095,False,0.0
4856.589663667,0,0.086755976,0.003345251,-0.0037373304,-0.028227948,0.12882364,0.09026344,False,0.0
4856.609663667,20000000,0.08533476,0.0036715865,0.006802261,-0.033618215,0.07848217,0.103225715,False,0.0
4856.629663667,0,0.07994029,0.0053915977,0.017589629,-0.034917362,0.010991715,0.12406132,False,0.0
4856.649663667,0,0.07715503,0.0051593184,0.024713874,-0.03012707,-0.0680422,0.13813758,False,0.0
4856.669663667,20000000,0.07405783,0.0026261806,0.027330756,-0.027557904,-0.14503175,0.15057358,False,0.0
4856.689663667,0,0.06404543,0.0030978322,0.031194508,-0.024092186,-0.21641251,0.1658981,False,0.0
4856.709663667,20000000,0.050768375,0.0076501966,0.03373921,-0.027225757,-0.29556265,0.18425944,False,0.0
4856.729663667,0,0.041637965,0.010767341,0.027204335,-0.039508604,-0.36131972,0.20233083,False,0.0
4856.749663667,0,0.027053302,0.011475205,0.021440506,-0.050319918,-0.4149293,0.22235234,False,0.0
4856.769663667,0,0.015920693,0.01088053,0.009961367,-0.051914364,-0.43944252,0.24961925,False,0.0
4856.789663667,20000000,0.004776012,0.0102831125,-0.001525104,-0.05350881,-0.46395576,0.27688617,False,0.0
4856.809663667,40000000,-0.00418338,0.012777448,-0.009153783,-0.058783587,-0.46092373,0.29951248,False,0.0
4856.829663667,0,-0.013980116,0.013483763,-0.013581634,-0.059611153,-0.44608554,0.3202015,False,0.0
4856.849663667,0,-0.02333605,0.011891663,-0.014420688,-0.052133452,-0.42227423,0.34300563,False,0.0
4856.869663667,20000000,-0.028240925,0.006626606,-0.01391834,-0.040788673,-0.39342517,0.35546768,False,0.0
4856.889663667,0,-0.03133029,0.0028774142,-0.011477292,-0.02595761,-0.37299863,0.35858724,False,0.0
4856.909663667,20000000,-0.032496646,-0.0017108917,-0.0075101256,-0.012958373,-0.35296473,0.3513292,False,0.0
4856.929663667,0,-0.029770926,-0.0060915947,-0.009269297,-0.001413675,-0.33131555,0.33297396,False,0.0
4856.949663667,0,-0.028973006,-0.010337472,-0.008495867,0.0004799806,-0.30112308,0.29700297,False,0.0
4856.969663667,0,-0.03372523,-0.011361957,-0.0066646338,-0.005971223,-0.27051446,0.25560215,False,0.0
4856.989663667,0,-0.0372826,-0.012154579,-0.008356571,-0.0107530635,-0.24235325,0.21501714,False,0.0
4857.009663667,20000000,-0.036331408,-0.01376003,-0.012934923,-0.0135819875,-0.2019547,0.17354181,False,0.0
4857.029663667,0,-0.034566347,-0.016141236,-0.015861988,-0.014041981,-0.15652531,0.12879576,False,0.0
4857.049663667,0,-0.03402939,-0.014672577,-0.014189839,-0.010232062,-0.115615025,0.07792525,False,0.0
4857.069663667,0,-0.03320217,-0.015534282,-0.013547182,0.0068139164,-0.078781195,0.019211281,False,0.0
4857.089663667,20000000,-0.032374546,-0.016395926,-0.012906373,0.023859896,-0.041947365,-0.0395027,False,0.0
4857.109663667,40000000,-0.026442068,-0.012833834,-0.016738653,0.038657878,-0.0018211305,-0.089044236,False,0.0
4857.129663667,0,-0.021653924,-0.005795181,-0.017136931,0.050037988,0.037223406,-0.1252273,False,0.0
4857.149663667,0,-0.018126339,0.0044398904,-0.011695862,0.051335353,0.070921846,-0.13761678,False,0.0
4857.169663667,20000000,-0.0146026015,0.014681518,-0.0062534213,0.05263272,0.104620285,-0.15000626,False,0.0
4857.189663667,0,-0.009473672,0.019935906,-0.0022091866,0.0495814,0.12943128,-0.14906158,False,0.0
4857.209663667,20000000,-0.0035923999,0.02345848,0.0016341209,0.050369207,0.14938742,-0.14230196,False,0.0
4857.229663667,0,-0.003126326,0.02432555,0.0066532493,0.05390898,0.15923637,-0.1267712,False,0.0
4857.249663667,0,0.0014884509,0.019833684,0.00019812584,0.063251406,0.16573584,-0.11242953,False,0.0
4857.269663667,20000000,0.0060986076,0.015342295,-0.006259382,0.07259383,0.17223532,-0.09808786,False,0.0
4857.289663667,40000000,0.010704149,0.010851383,-0.012719154,0.081936255,0.1787348,-0.083746195,False,0.0
4857.309663667,0,0.012758968,0.0054867864,-0.015989423,0.09366416,0.17613465,-0.06890112,False,0.0
4857.329663667,0,0.020697327,-0.004287958,-0.02255249,0.11231846,0.1817895,-0.06527252,False,0.0
4857.349663667,0,0.033094484,-0.010329545,-0.023967564,0.11907993,0.20091957,-0.085728824,False,0.0
4857.369663667,20000000,0.045481026,-0.016368449,-0.025391638,0.1258414,0.22004963,-0.10618513,False,0.0
4857.389663667,40000000,0.05785699,-0.02240467,-0.026824951,0.13260287,0.2391797,-0.12664144,False,0.0
4857.409663667,60000000,0.051855225,-0.024285257,-0.014970481,0.14859767,0.23069653,-0.1395457,False,0.0
4857.429663667,0,0.03658934,-0.021613538,-0.0030384064,0.16406524,0.20014459,-0.13923143,False,0.0
4857.449663667,0,0.025518436,-0.017054737,-0.0028387904,0.16876985,0.17885949,-0.1500687,False,0.0
4857.469663667,0,0.0045556556,-0.013353169,0.0041285157,0.17028122,0.15541983,-0.15959716,False,0.0
4857.489663667,0,-0.009342225,-0.011779249,-0.00024282932,0.16528846,0.14838673,-0.1956048,False,0.0
4857.509663667,0,-0.021192044,-0.009880722,-0.014381707,0.15273193,0.17951709,-0.2801044,False,0.0
4857.529663667,20000000,-0.032272406,-0.009703994,-0.024203062,0.15284923,0.2420167,-0.40265134,False,0.0
4857.549663667,0,-0.03994453,-0.012147725,-0.027388453,0.1762082,0.3193878,-0.53329545,False,0.0
4857.569663667,0,-0.049762413,-0.017672956,-0.031636417,0.22896397,0.4111855,-0.67759895,False,0.0
4857.589663667,0,-0.06167538,-0.026687086,-0.04890567,0.30067748,0.53455114,-0.8386747,False,0.0
4857.609663667,0,-0.0796554,-0.043190002,-0.06379706,0.38993064,0.6753458,-1.0171736,False,0.0
4857.629663667,20000000,-0.092596725,-0.074260116,-0.07612246,0.5077322,0.8415191,-1.2394023,False,0.0
4857.649663667,0,-0.094280414,-0.11040175,-0.09473479,0.62343335,1.0390193,-1.5286252,False,0.0
4857.669663667,0,-0.08619472,-0.17410207,-0.11159396,0.7739905,1.2587569,-1.9009019,False,0.0
4857.689663667,0,-0.0920007,-0.22754738,-0.14357406,0.9630648,1.5767105,-2.464944,False,0.0
4857.709663667,20000000,-0.17441559,-0.17562073,-0.104474664,1.1103169,1.7915726,-2.9511938,False,0.0
4857.729663667,0,-0.2208603,-0.11548829,-0.0696336,1.2019504,1.8835361,-3.2745135,False,0.0
4857.749663667,20000000,-0.2391944,-0.05829823,-0.05462402,1.2343298,1.9421947,-3.4861305,False,0.0
4857.769663667,0,-0.24349278,0.010144651,-0.032964706,1.1975273,1.9686108,-3.5609367,False,0.0
4857.789663667,20000000,-0.2461981,0.081404805,-0.0057115555,1.1095843,1.9352647,-3.4962137,False,0.0
4857.809663667,0,-0.23461166,0.14900005,0.020950198,0.9638614,1.8222704,-3.287692,False,0.0
4857.829663667,20000000,-0.1800171,0.16316175,0.01798302,0.8145189,1.7542962,-3.0413234,False,0.0
4857.849663667,0,-0.14637834,0.16519457,0.02937442,0.7087786,1.7019037,-2.7643936,False,0.0
4857.869663667,0,-0.1264575,0.17331749,0.038395286,0.620921,1.6520858,-2.472183,False,0.0
4857.889663667,0,-0.10121985,0.17657226,0.041153193,0.52828145,1.574992,-2.1607118,False,0.0
4857.909663667,0,-0.07506208,0.17189735,0.04660195,0.42917332,1.5024,-1.8574743,False,0.0
4857.929663667,20000000,-0.048835374,0.13915011,0.047193527,0.3493212,1.4395992,-1.6043422,False,0.0
4857.949663667,0,-0.029526383,0.09355304,0.03503084,0.30468667,1.4114376,-1.450863,False,0.0
4857.969663667,0,-0.026145734,0.060198486,0.040161908,0.2836474,1.3735808,-1.3469568,False,0.0
4857.989663667,0,-0.023429006,0.045324087,0.05172479,0.27787688,1.3196532,-1.2797679,False,0.0
4858.009663667,20000000,-0.020195507,0.047659248,0.06212032,0.2642625,1.1966581,-1.206637,False,0.0
4858.029663667,0,0.0077278987,0.040358692,0.051206887,0.24790885,1.1019702,-1.1597589,False,0.0
4858.049663667,20000000,0.025006423,0.027685374,0.037929952,0.24379113,1.053535,-1.1303853,False,0.0
4858.069663667,0,0.021534264,0.026442796,0.03661114,0.24501711,1.0386413,-1.112751,False,0.0
4858.089663667,20000000,0.008252937,0.04425633,0.04902011,0.21792567,0.9811671,-1.0701956,False,0.0
4858.109663667,0,0.00640855,0.05865255,0.061916947,0.16761878,0.89368445,-1.0203938,False,0.0
4858.129663667,0,0.012503078,0.07215223,0.068872094,0.11245981,0.8132501,-0.9650506,False,0.0
4858.149663667,20000000,0.014575999,0.08744669,0.07221365,0.052159302,0.719373,-0.8690041,False,0.0
4858.169663667,0,0.015149984,0.09505078,0.07550943,-0.002869729,0.6331845,-0.7515961,False,0.0
4858.189663667,0,0.021663157,0.08529088,0.06768608,-0.03192871,0.5484922,-0.6433045,False,0.0
4858.209663667,0,0.023963826,0.08105138,0.062278688,-0.052387588,0.47912163,-0.559166,False,0.0
4858.229663667,0,0.025704933,0.079113066,0.052041113,-0.076742604,0.416511,-0.48725814,False,0.0
4858.249663667,0,0.018832486,0.075978816,0.053656578,-0.08266944,0.34332418,-0.40261486,False,0.0
4858.269663667,0,0.018422995,0.06202951,0.04271251,-0.06167528,0.2953203,-0.3362171,False,0.0
4858.289663667,20000000,0.018029854,0.048069596,0.031752646,-0.040681124,0.2473164,-0.26981932,False,0.0
4858.309663667,40000000,0.017653167,0.03409925,0.020776987,-0.01968697,0.19931251,-0.20342155,False,0.0
4858.329663667,0,0.016346585,0.022313625,0.0131729245,-0.00034858473,0.18439923,-0.16031952,False,0.0
4858.349663667,20000000,0.0043335296,0.019760132,0.016063333,0.0160807,0.15838344,-0.11250782,False,0.0
4858.369663667,0,0.0029316638,0.007722169,0.013368785,0.028399212,0.12776434,-0.06757712,False,0.0
4858.389663667,20000000,0.0056484714,-0.004475802,0.010952055,0.034891132,0.10269034,-0.03116712,False,0.0
4858.409663667,0,0.0038159024,-0.013130456,0.01162225,0.02666099,0.07843508,-0.0076732915,False,0.0
4858.429663667,0,0.0083578285,-0.021723598,0.009941459,0.009602187,0.0660525,-0.008963557,False,0.0
4858.449663667,20000000,0.0064329803,-0.017440885,0.011284411,-0.02109328,0.05861088,-0.020189572,False,0.0
4858.469663667,0,0.0055294223,-0.0073565245,0.012714505,-0.066464424,0.035303563,-0.014202233,False,0.0
4858.489663667,20000000,0.0034414846,0.0053839087,0.015051484,-0.106287606,0.0004643537,0.023581102,False,0.0
4858.509663667,0,0.004506508,0.019303203,0.015029371,-0.15382475,-0.027181014,0.08262174,False,0.0
4858.529663667,20000000,0.0039682724,0.033483297,0.01131171,-0.1980444,-0.056461923,0.14459771,False,0.0
4858.549663667,0,-0.008596823,0.06107238,0.012429297,-0.26969138,-0.09939538,0.24937618,False,0.0
4858.569663667,0,-0.022592653,0.10385153,0.012666225,-0.43474585,-0.1823763,0.50861746,False,0.0
4858.589663667,20000000,-0.036699377,0.14668813,0.012830257,-0.59980035,-0.26535723,0.76785874,False,0.0
4858.609663667,40000000,-0.050916627,0.1895842,0.012922406,-0.76485485,-0.34833816,1.0271001,False,0.0
4858.629663667,60000000,-0.02935464,0.16741177,-0.002074957,-0.9587123,-0.42338806,1.376464,False,0.0
4858.649663667,0,-0.018193258,0.13003677,-0.01381433,-1.1157818,-0.41152683,1.65799,False,0.0
4858.669663667,0,-0.02502067,0.09131974,-0.006997943,-1.2090019,-0.41762355,1.8887607,False,0.0
4858.689663667,20000000,-0.032672293,0.053407133,-0.00053960085,-1.302222,-0.42372024,2.1195314,False,0.0
4858.709663667,0,-0.044466753,0.012944579,-0.0017447472,-1.3091863,-0.4516041,2.2471213,False,0.0
4858.729663667,20000000,-0.046287607,-0.043319583,0.0013102293,-1.2599474,-0.48269713,2.2939324,False,0.0
4858.749663667,0,-0.041456304,-0.080430984,-0.0064920783,-1.1701968,-0.48919868,2.2065573,False,0.0
4858.769663667,20000000,-0.034116223,-0.109924674,-0.0032901764,-1.0676986,-0.5106106,2.019275,False,0.0
4858.789663667,0,-0.03181547,-0.12264073,0.004994273,-0.94970864,-0.543366,1.7520651,False,0.0
4858.809663667,0,-0.03836392,-0.10868627,0.021003425,-0.83390176,-0.61871266,1.5111573,False,0.0
4858.829663667,0,-0.038510233,-0.08083564,0.021136284,-0.7613613,-0.7128709,1.3169092,False,0.0
4858.849663667,0,-0.003624633,-0.062442183,-0.0020706058,-0.71442455,-0.75093395,1.1496352,False,0.0
4858.869663667,0,0.018474102,-0.046090305,-0.011335254,-0.65391576,-0.72205967,1.0002279,False,0.0
4858.889663667,0,0.023032278,-0.038619697,-0.012550175,-0.5851093,-0.6805039,0.9050238,False,0.0
4858.909663667,20000000,0.027423114,-0.031060398,-0.013808966,-0.5163028,-0.63894814,0.8098197,False,0.0
4858.929663667,0,0.027558401,-0.025932193,-0.010568738,-0.4424286,-0.62800914,0.76650673,False,0.0
4858.949534667,0,0.030067058,-0.018751472,-0.011235134,-0.39737952,-0.59776574,0.7088642,False,0.0
4858.969534667,20000000,0.023932025,-0.010844171,-0.002695024,-0.3723013,-0.59875816,0.6831412,False,0.0
4858.989534667,0,0.022398084,-0.0052067637,0.0052481294,-0.35997802,-0.59179825,0.648688,False,0.0
4859.009534667,20000000,0.02021119,-8.815527e-05,0.012764931,-0.34924126,-0.5898679,0.6138999,False,0.0
4859.029534667,0,0.019888878,0.0010743737,0.015590787,-0.34083223,-0.5914001,0.56732947,False,0.0
4859.049534667,0,0.020628482,-0.0005170703,0.016870677,-0.3297128,-0.59145397,0.51104695,False,0.0
4859.069534667,20000000,0.025040448,-0.004516363,0.01576227,-0.30684292,-0.58824694,0.44423914,False,0.0
4859.089534667,0,0.027540892,-0.007332146,0.0145998,-0.27886397,-0.5884946,0.37892187,False,0.0
4859.109534667,20000000,0.030035347,-0.008367717,0.013493001,-0.25040635,-0.584471,0.31881002,False,0.0
4859.129534667,0,0.031930566,-0.009096563,0.011619329,-0.21678577,-0.5822925,0.2629176,False,0.0
4859.149534667,0,0.035663202,-0.013056695,0.0095021725,-0.18469366,-0.5781426,0.21270427,False,0.0
4859.169534667,0,0.03716971,-0.01867807,0.008907199,-0.15159085,-0.5779437,0.17391239,False,0.0
4859.189534667,20000000,0.038669333,-0.024319291,0.008248627,-0.11848803,-0.5777448,0.13512051,False,0.0
4859.209534667,40000000,0.03291659,-0.025616229,0.012817323,-0.089406006,-0.5797804,0.09886347,False,0.0
4859.229534667,0,0.02152817,-0.019847512,0.019660473,-0.07491261,-0.5996353,0.08582202,False,0.0
4859.249534667,0,0.009879857,-0.0115324855,0.024995029,-0.071333796,-0.6375257,0.10161293,False,0.0
4859.269534667,20000000,0.007249579,-0.0070094466,0.018856406,-0.09009687,-0.66955703,0.1283806,False,0.0
4859.289534667,0,0.011897519,-0.0084322095,0.011039376,-0.11083475,-0.6953791,0.15688919,False,0.0
4859.309534667,20000000,0.019476019,-0.01326555,0.003916621,-0.13398424,-0.69093204,0.17550512,False,0.0
4859.329534667,0,0.018041506,-0.01742351,0.005704701,-0.14964782,-0.68166924,0.19436385,False,0.0
4859.349534667,0,0.010849774,-0.023093283,0.006958723,-0.16531473,-0.67888045,0.21264984,False,0.0
4859.369534667,20000000,0.0036372393,-0.028788805,0.008125305,-0.18098167,-0.6760917,0.23093583,False,0.0
4859.389534667,0,-0.003050588,-0.0330348,0.0085942745,-0.19896534,-0.6768248,0.23839898,False,0.0
4859.409534667,20000000,-0.009923443,-0.03567034,0.0063050985,-0.22388434,-0.67234486,0.24125792,False,0.0
4859.429534667,0,-0.015329048,-0.03768748,0.00028395653,-0.25446698,-0.6622226,0.2360237,False,0.0
4859.449534667,0,-0.017020207,-0.044118524,-0.0071011186,-0.28525776,-0.63320357,0.21807556,False,0.0
4859.469534667,0,-0.025537863,-0.044825256,-0.010436237,-0.29429415,-0.6053857,0.19124222,False,0.0
4859.489534667,20000000,-0.034107447,-0.045535445,-0.0138575435,-0.30333057,-0.57756793,0.16440889,False,0.0
4859.509534667,40000000,-0.035964906,-0.048948944,-0.022062004,-0.30842197,-0.54184914,0.12908687,False,0.0
4859.529534667,0,-0.037230406,-0.049863815,-0.025323272,-0.30480972,-0.49418128,0.08669522,False,0.0
4859.549534667,0,-0.042290248,-0.047214746,-0.026285172,-0.29821438,-0.4520616,0.06320493,False,0.0
4859.569534667,20000000,-0.04738351,-0.044554174,-0.027313292,-0.29161903,-0.40994188,0.03971465,False,0.0
4859.589534667,0,-0.04839486,-0.044232965,-0.02551043,-0.28225186,-0.373961,0.026580714,False,0.0
4859.609534667,20000000,-0.04774054,-0.04064673,-0.024350166,-0.278726,-0.3408018,0.015993755,False,0.0
4859.629534667,0,-0.051480245,-0.032699406,-0.019894302,-0.28639227,-0.30848163,0.0010436783,False,0.0
4859.649534667,0,-0.052868593,-0.020888865,-0.0167889,-0.30318597,-0.28531414,-0.01434131,False,0.0
4859.669534667,0,-0.052665718,-0.0037975907,-0.010622203,-0.32839078,-0.27047813,-0.026257943,False,0.0
4859.689534667,20000000,-0.049332984,0.011216462,-0.0042476654,-0.35206133,-0.25733134,-0.04102601,False,0.0
4859.709534667,0,-0.048728384,0.028881192,0.0035053492,-0.3709756,-0.25495836,-0.04249144,False,0.0
4859.729534667,0,-0.043931395,0.03889537,0.0038555264,-0.36883083,-0.2581538,-0.03550294,False,0.0
4859.749534667,20000000,-0.04306047,0.051173747,0.0042639375,-0.35239658,-0.2506165,-0.02568303,False,0.0
4859.769534667,0,-0.047320522,0.059848845,0.00474447,-0.33669782,-0.23940551,-0.008158594,False,0.0
4859.789534667,20000000,-0.051603917,0.068558216,0.005179584,-0.3209991,-0.22819453,0.009365844,False,0.0
4859.809534667,40000000,-0.056199964,0.070290804,0.0041315556,-0.3031704,-0.22590937,0.033554126,False,0.0
4859.829534667,0,-0.056339208,0.06193179,-0.0011566281,-0.2852769,-0.21169305,0.050020337,False,0.0
4859.849534667,20000000,-0.05562397,0.049453616,-0.006947696,-0.25924274,-0.18289183,0.05041053,False,0.0
4859.869534667,0,-0.057261307,0.041675687,-0.0075882673,-0.2326308,-0.15294233,0.035682186,False,0.0
4859.889534667,20000000,-0.059595816,0.037004173,-0.004959166,-0.21002075,-0.12295428,0.016219562,False,0.0
4859.909534667,0,-0.06248274,0.030437887,-0.009292781,-0.19320863,-0.10159548,0.01838525,False,0.0
4859.929534667,0,-0.066407695,0.025706649,-0.0063969493,-0.16581152,-0.091438845,0.015279878,False,0.0
4859.949534667,20000000,-0.0597786,0.024944365,-0.012099743,-0.1494182,-0.08605816,0.027396813,False,0.0
4859.969534667,0,-0.050471827,0.021914601,-0.017019272,-0.13906184,-0.048433892,0.02184455,False,0.0
4859.989534667,0,-0.053897433,0.025400579,-0.008906186,-0.1313757,-0.008945234,0.00033291802,False,0.0
4860.009534667,20000000,-0.06293147,0.031121254,0.0052101016,-0.12408531,0.006659033,-0.0077290675,False,0.0
4860.029534667,0,-0.05821821,0.03523636,0.0032492876,-0.11359522,0.019994052,-0.017939355,False,0.0
4860.049534667,20000000,-0.048999205,0.030402005,-0.0023413897,-0.095322534,0.046374854,-0.016775256,False,0.0
4860.069534667,0,-0.0397925,0.027267218,-0.0048647523,-0.0939638,0.06620398,0.0019046739,False,0.0
4860.089534667,20000000,-0.03058378,0.024134755,-0.0073906183,-0.09260508,0.08603311,0.020584604,False,0.0
4860.109534667,40000000,-0.021373075,0.021004498,-0.009918809,-0.091246344,0.105862245,0.039264534,False,0.0
4860.129534667,0,-0.006331967,0.0140269995,-0.0067996383,-0.0918121,0.13521415,0.047138914,False,0.0
4860.149534667,0,0.008633638,0.007881045,-0.0017024279,-0.09711072,0.1643601,0.02749139,False,0.0
4860.169534667,0,0.01540468,0.011088967,0.0122256875,-0.10520952,0.18015608,-0.012292102,False,0.0
4860.189534667,20000000,0.015262996,0.0094873905,0.025568187,-0.097046986,0.17588659,-0.049746834,False,0.0
4860.209534667,0,0.015179699,0.0074921846,0.031414747,-0.06911211,0.15221776,-0.06267947,False,0.0
4860.229534667,0,0.016307443,0.011439085,0.031336844,-0.04010835,0.12996264,-0.0706958,False,0.0
4860.249534667,20000000,0.016470324,0.012766421,0.028395057,-0.029023308,0.10925835,-0.07709384,False,0.0
4860.269534667,0,0.01139104,0.011875331,0.02964598,-0.02375285,0.08101456,-0.072917596,False,0.0
4860.289534667,20000000,0.0068645817,0.0065134764,0.028863847,-0.017092835,0.04930107,-0.060955245,False,0.0
4860.309534667,0,0.0014022561,0.0047032237,0.02654016,-0.012472404,0.015287381,-0.04296666,False,0.0
4860.329534667,0,-0.00804303,0.0021563768,0.020314872,-0.018978009,-0.017985683,-0.018902434,False,0.0
4860.349534667,0,-0.01873291,0.005566478,0.016543925,-0.030083343,-0.05269432,0.01086689,False,0.0
4860.369534667,0,-0.010395633,0.0021685362,0.0019036531,-0.05040874,-0.043451384,0.021175887,False,0.0
4860.389534667,20000000,-0.002060146,-0.0012276173,-0.012737989,-0.070734136,-0.034208443,0.031484887,False,0.0
4860.409534667,40000000,-0.0022055116,-0.006596446,-0.015086293,-0.07929655,0.003941469,0.023183476,False,0.0
4860.429534667,0,-0.0068938574,-0.00446862,-0.0034788847,-0.07659619,0.03092124,0.013729123,False,0.0
4860.449534667,20000000,-0.028822491,0.00033545494,0.013178229,-0.075391695,0.026587866,0.020932198,False,0.0
4860.469534667,0,-0.04544054,0.008382201,0.026014626,-0.07084935,-0.008014213,0.031365857,False,0.0
4860.489534667,20000000,-0.021712737,0.015653431,0.009308696,-0.094343334,-0.014401601,0.0044521037,False,0.0
4860.509534667,0,-0.0042589726,0.009001374,-0.004897058,-0.10743663,0.03160374,-0.041378267,False,0.0
4860.529534667,0,-0.016740145,0.001516223,0.0115273,-0.072047055,0.051253095,-0.046675786,False,0.0
4860.549534667,0,-0.019577038,0.01297617,0.012849271,-0.057032824,0.020734932,-0.017784437,False,0.0
4860.569534667,20000000,-0.022413503,0.024437547,0.014170647,-0.042018596,-0.009783231,0.011106912,False,0.0
4860.589534667,40000000,-0.018214226,0.020109296,-0.00034815073,-0.057164565,0.0033916682,0.011099511,False,0.0
4860.609534667,0,-0.01658307,0.011062741,-0.004427552,-0.056907553,0.035343904,0.007051614,False,0.0
4860.629534667,0,-0.017017508,0.008072019,-0.0022442937,-0.052113004,0.06486386,0.002493909,False,0.0
4860.649534667,0,-0.011925063,0.009592235,0.00057417154,-0.052635927,0.08016865,-0.019829316,False,0.0
4860.669534667,0,-0.0066246567,0.006989658,0.004490018,-0.0345933,0.07952954,-0.03821457,False,0.0
4860.689534667,20000000,-0.0013226317,0.004387915,0.008406162,-0.016550677,0.07889042,-0.05659983,False,0.0
4860.709534667,40000000,0.003981053,0.0017870069,0.012322366,0.0014919471,0.07825131,-0.07498509,False,0.0
4860.729534667,0,0.004614884,0.0054497123,0.014533699,0.011981993,0.06545182,-0.06497885,False,0.0
4860.749534667,20000000,0.0020856028,0.016412914,0.016311347,0.009805802,0.04323758,-0.026774395,False,0.0
4860.769534667,0,0.005518863,0.020825386,0.012654781,-0.01462389,0.031504653,-0.001002416,False,0.0
4860.789534667,20000000,-0.0020610504,0.025613308,0.018419683,-0.04034864,0.032628734,0.024479415,False,0.0
4860.809534667,0,-0.011512628,0.02859366,0.025608122,-0.05660153,0.0068774205,0.055151053,False,0.0
4860.829534667,0,0.00030771643,0.018652916,0.012290537,-0.060780868,-0.011861173,0.07053321,False,0.0
4860.849534667,20000000,0.013814555,0.0040491223,-0.0010219812,-0.050737288,0.008933712,0.047107145,False,0.0
4860.869534667,0,0.01021008,0.009609282,0.004558325,-0.032167606,-0.011678752,0.0472285,False,0.0
4860.889534667,20000000,0.006605438,0.015169978,0.010138452,-0.013597926,-0.03229122,0.04734986,False,0.0
4860.909534667,40000000,0.0030005155,0.02073133,0.01571846,0.004971754,-0.052903686,0.047471214,False,0.0
4860.929534667,0,0.02073294,0.017374039,0.004778743,0.001860278,-0.05537529,0.042960025,False,0.0
4860.949534667,20000000,0.031251516,0.009280682,-9.036064e-05,0.007678291,-0.02795141,0.01793634,False,0.0
4860.969534667,0,0.03306399,0.006563902,0.0092920065,0.02719992,-0.041674577,0.018068608,False,0.0
4860.989534667,20000000,0.034876816,0.0038472414,0.018674076,0.046721548,-0.05539775,0.018200876,False,0.0
4861.009534667,40000000,0.03669005,0.0011307597,0.028056026,0.06624318,-0.069120914,0.018333146,False,0.0
4861.029534667,0,0.027235609,0.01039511,0.045742452,0.061534416,-0.11328739,0.020591017,False,0.0
4861.049534667,0,0.019454382,0.014383495,0.04363084,0.045430522,-0.18573529,0.056525655,False,0.0
4861.069534667,0,0.0012730323,0.018013299,0.041823804,0.033523064,-0.23882994,0.09754948,False,0.0
4861.089534667,20000000,0.0078301765,0.0064399242,0.012098849,0.018531043,-0.2741029,0.14663747,False,0.0
4861.109534667,0,-0.006240708,-0.0043185353,0.004750848,-0.0032431204,-0.26968518,0.19753647,False,0.0
4861.129534667,20000000,-0.032484286,0.0036128163,0.01701039,-0.03331388,-0.31844133,0.25924546,False,0.0
4861.149534667,0,-0.020901281,-0.0029633641,-0.01026994,-0.09358731,-0.33833992,0.27977425,False,0.0
4861.169534667,0,-0.012145285,-0.026988864,-0.025020003,-0.12760481,-0.2951589,0.2566022,False,0.0
4861.189534667,20000000,-0.0165356,-0.03593129,-0.021965206,-0.1254397,-0.25543767,0.2302777,False,0.0
4861.209534667,0,-0.015128589,-0.036426365,-0.014267504,-0.114206925,-0.23588356,0.19647563,False,0.0
4861.229534667,20000000,-0.002033366,-0.032511115,-0.018633664,-0.11493801,-0.20243077,0.13825956,False,0.0
4861.249534667,0,0.012757318,-0.037003815,-0.02314496,-0.11896021,-0.14639139,0.05437419,False,0.0
4861.269534667,20000000,0.0010236241,-0.023281395,-0.005746782,-0.11864677,-0.12994592,0.0041732453,False,0.0
4861.289534667,0,-0.012969513,-0.0051291585,0.010605395,-0.11942194,-0.1437616,-0.001737312,False,0.0
4861.309534667,20000000,-0.026966479,0.013026416,0.026951253,-0.1201971,-0.15757729,-0.0076478687,False,0.0
4861.329534667,40000000,-0.015512837,0.028178453,0.017346084,-0.15034358,-0.15497838,-0.03048172,False,0.0
4861.349534667,0,-0.0029173512,0.031495452,0.005059123,-0.17234284,-0.12597254,-0.07867062,False,0.0
4861.369490125,0,0.0033903199,0.024350828,-0.002793146,-0.14767641,-0.08451841,-0.11918045,False,0.0
4861.389490125,0,0.0028403793,0.015718997,-0.0010331273,-0.08613023,-0.08230797,-0.111956805,False,0.0
4861.409490125,20000000,0.002566591,0.011422753,-0.00015771389,-0.037469164,-0.085020594,-0.09761354,False,0.0
4861.429490125,0,0.00017388724,0.011155486,0.0016142726,-0.02148172,-0.09847492,-0.07265803,False,0.0
4861.449490125,0,-0.0067926347,0.012208998,0.0043982267,-0.027708786,-0.12124227,-0.040276755,False,0.0
4861.469490125,20000000,-0.008468032,0.009541154,-0.0013352633,-0.04904204,-0.1345678,-0.009130063,False,0.0
4861.489490125,0,-0.008540861,0.0053681135,-0.0078446865,-0.06632338,-0.12081908,0.004053412,False,0.0
4861.509490125,0,-0.009295866,0.0043271184,-0.011177301,-0.078666314,-0.08645411,-0.00090657035,False,0.0
4861.529490125,0,-0.019452795,0.007456243,-0.0054004192,-0.082746945,-0.05530107,-0.0051951525,False,0.0
4861.549490125,20000000,-0.0290838,0.00864017,0.00214988,-0.07437021,-0.03991843,-0.0035062623,False,0.0
4861.569490125,0,-0.022881456,0.006686032,0.0005311966,-0.06800611,-0.021206288,-0.027198713,False,0.0
4861.589490125,20000000,-0.016679332,0.0047334433,-0.0010887384,-0.06164201,-0.0024941433,-0.05089117,False,0.0
4861.609490125,40000000,-0.013924256,-0.00074237585,-0.003141582,-0.04848242,0.017661998,-0.07373981,False,0.0
4861.629490125,0,-0.016770002,-0.0035033226,0.0004504919,-0.026315218,0.017252224,-0.074204385,False,0.0
4861.649490125,20000000,-0.017980695,-0.0033005476,0.0043254495,-0.011755751,0.012570225,-0.061644655,False,0.0
4861.669490125,0,-0.023718968,0.0020195246,0.010703504,-0.023155529,0.0016308734,-0.03790287,False,0.0
4861.689490125,0,-0.02761833,0.006088376,0.010784209,-0.049496006,-0.012125175,-0.019085463,False,0.0
4861.709490125,0,-0.026220318,0.004165709,0.004330814,-0.07926737,-0.0008764919,-0.011649441,False,0.0
4861.729490125,0,-0.024252176,0.002050519,-0.002180338,-0.0993641,0.024596494,-0.010955512,False,0.0
4861.749490125,20000000,-0.021293536,0.0007876158,-0.0044629574,-0.11042907,0.058344506,-0.023444898,False,0.0
4861.769490125,0,-0.016742315,0.0011296868,-0.0023832321,-0.112476274,0.07996854,-0.04813666,False,0.0
4861.789490125,0,-0.009991832,-0.00028014183,0.0016655922,-0.10567359,0.10085042,-0.07641638,False,0.0
4861.809490125,0,-0.0038900338,0.0016813278,0.0042214394,-0.085735515,0.11433238,-0.099181935,False,0.0
4861.829490125,0,0.0026667155,0.005732298,0.0061858296,-0.06487393,0.12370165,-0.11164446,False,0.0
4861.849490125,20000000,0.005928833,0.010270238,0.010485828,-0.042485535,0.12435317,-0.11893728,False,0.0
4861.869490125,0,0.017210525,0.0120508075,0.006986767,-0.032127567,0.120595805,-0.11669633,False,0.0
4861.889490125,20000000,0.028493525,0.013833702,0.003489554,-0.021769598,0.11683845,-0.11445539,False,0.0
4861.909490125,40000000,0.032294683,0.015410304,0.0068695545,-0.011609304,0.10425119,-0.09863114,False,0.0
4861.929490125,0,0.036388643,0.016522586,0.012271941,-0.0064213444,0.08773892,-0.07596651,False,0.0
4861.949490125,0,0.03555384,0.018279552,0.019266903,-0.005601132,0.047746435,-0.046053037,False,0.0
4861.969490125,20000000,0.034719247,0.0200364,0.026261717,-0.0047809193,0.0077539496,-0.016139567,False,0.0
4861.989490125,0,0.038669452,0.01894164,0.021534443,0.000968046,-0.024619091,0.01277739,False,0.0
4862.009490125,20000000,0.036131643,0.018195987,0.018891186,0.007758863,-0.059267525,0.0438103,False,0.0
4862.029490125,0,0.023622366,0.018727243,0.018828094,0.004722761,-0.09485635,0.07905638,False,0.0
4862.049490125,0,0.019915048,0.014605582,0.015570164,-0.004831206,-0.12747627,0.093456574,False,0.0
4862.069490125,20000000,0.02029029,0.006257415,0.011547536,-0.014000501,-0.12988582,0.07259835,False,0.0
4862.089490125,0,0.0133784525,0.0021386147,0.017511964,-0.0036098482,-0.13988984,0.04261624,False,0.0
4862.109490125,0,0.012325648,-0.002305746,0.014975667,0.017861258,-0.15663536,0.013624152,False,0.0
4862.129490125,0,0.012520123,-0.004322648,0.009872645,0.047564678,-0.1695725,-0.008881314,False,0.0
4862.149490125,0,0.015303396,-0.0029806495,0.0034981966,0.072649255,-0.17830083,-0.013305357,False,0.0
4862.169490125,0,0.00849038,0.00068348646,0.0040087104,0.07269806,-0.19272935,0.016895369,False,0.0
4862.189490125,20000000,0.001681488,0.0043483973,0.004513085,0.07274686,-0.20715788,0.047096092,False,0.0
4862.209490125,40000000,-0.0009691082,0.004459381,0.0018051863,0.048513405,-0.21722235,0.081107534,False,0.0
4862.229490125,0,-0.003592573,0.0001347661,-0.0022813082,0.01510166,-0.22748527,0.1099587,False,0.0
4862.249490125,20000000,-0.008936066,-0.0036904812,-0.0052927732,-0.012260715,-0.23837204,0.13914521,False,0.0
4862.269490125,0,-0.009259112,-0.0070990324,-0.009121358,-0.029217655,-0.22606082,0.15209423,False,0.0
4862.289490125,20000000,-0.012399465,-0.009662807,-0.010556757,-0.046574034,-0.21048114,0.15833347,False,0.0
4862.309490125,0,-0.015583087,-0.007251084,-0.008082211,-0.06468089,-0.19433364,0.14882064,False,0.0
4862.329490125,0,-0.012371201,-0.0078108907,-0.00903213,-0.07853198,-0.17855437,0.12083415,False,0.0
4862.349490125,20000000,-0.006754596,-0.013624966,-0.011519492,-0.07738137,-0.1600255,0.08245331,False,0.0
4862.369490125,0,-0.007524349,-0.014833152,-0.009376556,-0.054708175,-0.14300427,0.0507174,False,0.0
4862.389490125,20000000,-0.009721238,-0.0067470074,-0.0079702735,-0.03612555,-0.1364373,0.02633667,False,0.0
4862.409490125,0,-0.0006200075,-0.0019672513,-0.010962367,-0.030964293,-0.115741625,-0.00791844,False,0.0
4862.429490125,0,-0.009357631,0.004225731,-0.0037406683,-0.02834464,-0.10476695,-0.025745954,False,0.0
4862.449490125,20000000,-0.019753005,0.012158811,0.005143434,-0.0090069175,-0.11360159,-0.022308452,False,0.0
4862.469490125,0,-0.020421691,0.01245743,0.00094124675,0.0009850701,-0.08792946,-0.016882243,False,0.0
4862.489490125,20000000,-0.021090206,0.012756348,-0.0032626688,0.010977057,-0.062257327,-0.011456033,False,0.0
4862.509490125,40000000,-0.021758586,0.013055623,-0.0074683726,0.020969044,-0.036585197,-0.0060298233,False,0.0
4862.529490125,60000000,-0.0205848,0.008834362,-0.00940755,0.03256138,-0.012186529,0.002793185,False,0.0
4862.549490125,0,-0.023328722,0.005048454,-0.004376352,0.04202556,0.0019964585,0.017522668,False,0.0
4862.569490125,0,-0.019492395,0.0007336736,-0.007891983,0.042500224,0.009606682,0.02753395,False,0.0
4862.589490125,20000000,-0.013442889,-0.007189572,-0.012712777,0.03844451,0.019436385,0.020430014,False,0.0
4862.609490125,0,-0.011378251,-0.009325922,-0.013834536,0.026907692,0.043821685,0.011684919,False,0.0
4862.629490125,0,-0.01225302,-0.0065345764,-0.010799766,0.01531933,0.06426507,0.012730993,False,0.0
4862.649490125,0,-0.0120936185,-0.0055218935,-0.0062009096,0.0024562906,0.06222573,0.013873953,False,0.0
4862.669490125,20000000,-0.011934511,-0.004509151,-0.0016027093,-0.010406749,0.060186386,0.015016914,False,0.0
4862.689490125,40000000,-0.005343169,-0.00687629,-0.0014439225,-0.021938827,0.07213777,0.0077847023,False,0.0
4862.709490125,0,-0.0038477965,-0.0059096813,0.00087183714,-0.026469326,0.08326011,0.00015823217,False,0.0
4862.729490125,0,-0.00059265643,-0.002467692,-0.000107586384,-0.035244927,0.08912843,-0.0053893225,False,0.0
4862.749490125,0,0.001045607,-0.0006263852,0.0016286671,-0.041615702,0.08598263,-0.003446901,False,0.0
4862.769490125,0,0.0015456863,0.0009456873,0.0040783286,-0.044566397,0.08952866,-0.00523742,False,0.0
4862.789490125,0,0.00087589025,0.0047882795,0.0074934363,-0.051802553,0.078173526,-0.010110039,False,0.0
4862.809490125,20000000,0.007251069,0.003191352,0.0041083097,-0.053899135,0.08012149,-0.018800365,False,0.0
4862.829490125,0,0.011760332,0.0002669096,0.00014984608,-0.046650913,0.092776135,-0.03479915,False,0.0
4862.849490125,20000000,0.00780024,0.0032929182,0.00616464,-0.032761205,0.09448542,-0.04143411,False,0.0
4862.869490125,0,0.0039511733,0.008763194,0.010745108,-0.026550591,0.08034825,-0.041151743,False,0.0
4862.889490125,20000000,0.008501202,0.007850468,0.010400593,-0.022700118,0.065092556,-0.040173337,False,0.0
4862.909490125,0,0.0123790465,0.0034990907,0.004720956,-0.020292522,0.062700585,-0.035650134,False,0.0
4862.929490125,0,0.0069007836,0.00235039,0.009510279,-0.014658801,0.041987937,-0.021252152,False,0.0
4862.949490125,20000000,0.00078350306,0.0041674376,0.010442615,-0.015511367,0.03740136,-0.0116485,False,0.0
4862.969490125,0,-0.012280069,0.007914543,0.015591204,-0.020465642,0.012593029,0.009138513,False,0.0
4862.989490125,20000000,-0.013114978,0.015766144,0.011601418,-0.043899603,0.022675049,-0.008977197,False,0.0
4863.009490125,0,-0.01586036,0.019087195,0.009633809,-0.06868722,0.047072686,-0.045142263,False,0.0
4863.029490125,20000000,-0.007343933,0.017946064,0.0031573772,-0.064915195,0.07428523,-0.08771031,False,0.0
4863.049490125,0,0.0044274107,0.012182057,-0.0052077174,-0.022182066,0.11947186,-0.13523027,False,0.0
4863.069490125,0,0.004688382,0.014363527,0.0003938377,0.025232598,0.11347301,-0.11184985,False,0.0
4863.089490125,20000000,0.0049444586,0.01654905,0.0059971213,0.072647266,0.10747416,-0.08846943,False,0.0
4863.109490125,40000000,0.005195491,0.018738627,0.011602223,0.120061934,0.10147532,-0.065089,False,0.0
4863.129490125,0,0.002177652,0.019087255,0.011241198,0.11846755,0.062629364,-0.015741121,False,0.0
4863.149490125,20000000,0.009563822,0.009555399,-0.0060496926,0.095510475,0.06890944,0.0194081,False,0.0
4863.169490125,0,0.0040505193,0.005273938,-0.0072050095,0.06854534,0.11144966,0.02227922,False,0.0
4863.189490125,20000000,-0.0120117515,0.0064551234,0.0053940415,0.039063103,0.12329396,0.03252742,False,0.0
4863.209490125,0,-0.01812432,0.003541708,0.009252429,0.024598718,0.12024993,0.025504395,False,0.0
4863.229490125,0,-0.010326628,-0.005940616,0.0049444735,0.017271731,0.12600283,-0.006571971,False,0.0
4863.249490125,20000000,-0.007399276,-0.01416415,-0.0022016764,0.03285755,0.14662088,-0.053437013,False,0.0
4863.269490125,0,-0.013110466,-0.013552129,-0.0033792853,0.052791733,0.16149928,-0.08985603,False,0.0
4863.289490125,20000000,-0.024346389,-0.008816659,-0.0007202029,0.0650028,0.16480032,-0.10534033,False,0.0
4863.309490125,0,-0.027836934,-0.011762857,-0.003274262,0.06915295,0.16831133,-0.10422671,False,0.0
4863.329490125,20000000,-0.02928197,-0.01687038,-0.0024073124,0.07445041,0.18333839,-0.1028751,False,0.0
4863.349490125,0,-0.032959353,-0.020231068,-0.0026744604,0.06890591,0.19771849,-0.1042439,False,0.0
4863.369490125,0,-0.040918082,-0.024062693,-0.0070287585,0.056922596,0.22182249,-0.10283389,False,0.0
4863.389490125,20000000,-0.048883844,-0.027893662,-0.011384726,0.04493928,0.24592648,-0.10142388,False,0.0
4863.409490125,40000000,-0.05685671,-0.031723797,-0.01574254,0.032955967,0.27003047,-0.10001388,False,0.0
4863.429490125,60000000,-0.065913886,-0.029550672,-0.017677069,0.015934013,0.2770373,-0.0766534,False,0.0
4863.449490125,0,-0.06473914,-0.033887744,-0.029680967,-0.008592349,0.29694074,-0.06701732,False,0.0
4863.469490125,0,-0.06048318,-0.0390023,-0.037079573,-0.03316646,0.34019235,-0.07622084,False,0.0
4863.489490125,20000000,-0.06161265,-0.038380325,-0.042597473,-0.052633874,0.3923517,-0.09470725,False,0.0
4863.509490125,0,-0.070224285,-0.032206357,-0.03658235,-0.0741252,0.4319053,-0.09250223,False,0.0
4863.529490125,20000000,-0.071663186,-0.027439117,-0.029930055,-0.096644975,0.451848,-0.07460134,False,0.0
4863.549490125,0,-0.05672348,-0.028693855,-0.03140539,-0.116455734,0.4822751,-0.08095493,False,0.0
4863.569490125,0,-0.04681103,-0.026979625,-0.033521235,-0.14204158,0.53047436,-0.10035065,False,0.0
4863.589490125,20000000,-0.0421472,-0.02205807,-0.030075073,-0.17034641,0.57416224,-0.1196001,False,0.0
4863.609490125,0,-0.035774313,-0.010777652,-0.020928442,-0.18841147,0.58259255,-0.10796319,False,0.0
4863.629490125,20000000,-0.024490684,-0.006139934,-0.0129288435,-0.19908682,0.6234469,-0.12258973,False,0.0
4863.649490125,0,-0.032175623,0.01904422,0.0036391318,-0.22571889,0.6330187,-0.10779964,False,0.0
4863.669490125,0,-0.020836089,0.019139767,0.015693158,-0.2241826,0.6157406,-0.07623788,False,0.0
4863.689490125,0,-0.009577839,0.022643268,0.015424222,-0.21868268,0.63874286,-0.10421258,False,0.0
4863.709490125,20000000,0.0017258879,0.026149035,0.0150978565,-0.21318273,0.66174513,-0.13218729,False,0.0
4863.729490125,40000000,0.006503675,0.030454874,0.02106601,-0.19775675,0.6830302,-0.17007363,False,0.0
4863.749490125,0,0.005638926,0.0394938,0.026120842,-0.16564606,0.6886719,-0.18967326,False,0.0
4863.769490125,0,-0.010532027,0.062396944,0.043504804,-0.13830258,0.6564126,-0.16733116,False,0.0
4863.789351792,0,0.008264597,0.060522337,0.039517518,-0.10923166,0.60585356,-0.1183538,False,0.0
4863.809351792,20000000,0.026012596,0.052767634,0.037366033,-0.089553386,0.6154255,-0.11016788,False,0.0
4863.829351792,0,0.037425198,0.049878776,0.044786066,-0.07386156,0.6056887,-0.100922115,False,0.0
4863.849351792,0,0.04697694,0.048255563,0.05013749,-0.06581674,0.584485,-0.092635386,False,0.0
4863.869351792,0,0.053864747,0.044495583,0.056115955,-0.058039334,0.555655,-0.0906144,False,0.0
4863.889351792,0,0.054665223,0.042387903,0.061177462,-0.046403434,0.5135007,-0.089893594,False,0.0
4863.909351792,20000000,0.056697764,0.03856367,0.061161727,-0.03148244,0.45680168,-0.08200283,False,0.0
4863.929351792,0,0.057740778,0.03330064,0.05735019,-0.01713793,0.39970586,-0.06981479,False,0.0
4863.949351792,0,0.061524227,0.027010202,0.054372817,0.00012779236,0.34361303,-0.052912988,False,0.0
4863.969351792,0,0.061530005,0.024884641,0.049812675,0.005285021,0.3015629,-0.03296087,False,0.0
4863.989351792,20000000,0.061539445,0.022759616,0.04523745,0.0104422495,0.25951275,-0.013008753,False,0.0
4864.009351792,40000000,0.06155254,0.020635188,0.04064718,0.015599478,0.21746261,0.0069433637,False,0.0
4864.029351792,60000000,0.053340994,0.01660037,0.035502255,0.013929528,0.17495298,0.035406444,False,0.0
4864.049351792,0,0.043848347,0.005747676,0.028938323,0.015421559,0.13163188,0.061533503,False,0.0
4864.069351792,20000000,0.035638664,-0.0016086102,0.020535082,0.0121164555,0.09779748,0.07763335,False,0.0
4864.089351792,0,0.030144032,-0.0017879605,0.019545645,0.0062920987,0.070886,0.08208592,False,0.0
4864.109351792,0,0.022797417,0.0020700693,0.02191636,-0.007186036,0.04780871,0.07400444,False,0.0
4864.129351792,20000000,0.01741026,0.006492138,0.019933134,-0.015729671,0.018188681,0.07311654,False,0.0
4864.149351792,0,0.01436599,0.0071466565,0.012923449,-0.011448432,-0.01166372,0.07249819,False,0.0
4864.169351792,0,0.015512589,0.008191347,0.0062435865,0.0007412862,-0.02719415,0.07540149,False,0.0
4864.189351792,20000000,0.021145526,0.013351202,-0.00085511804,0.014191684,-0.027344184,0.07759132,False,0.0
4864.209351792,0,0.019515175,0.024693668,0.004454434,0.02355444,-0.03251103,0.08319009,False,0.0
4864.229351792,0,0.023469847,0.037908733,0.008715719,0.023489794,-0.036651954,0.10062041,False,0.0
4864.249351792,0,0.030790664,0.043201745,0.014232576,0.02894445,-0.04035672,0.120262116,False,0.0
4864.269351792,0,0.030485615,0.046031117,0.025935858,0.047863908,-0.056642383,0.13938324,False,0.0
4864.289351792,20000000,0.030182876,0.048867464,0.03764063,0.06678337,-0.07292805,0.15850437,False,0.0
4864.309351792,40000000,0.029516488,0.044552147,0.045366555,0.08803727,-0.11479059,0.18877871,False,0.0
4864.329351792,0,0.03634674,0.026290536,0.037208855,0.10746363,-0.14888772,0.2020241,False,0.0
4864.349351792,0,0.037765846,0.011025488,0.03561929,0.1274723,-0.1706657,0.19839889,False,0.0
4864.369351792,20000000,0.039197586,-0.0042260885,0.034034133,0.14748096,-0.19244367,0.19477367,False,0.0
4864.389351792,0,0.038000844,-0.013531566,0.031603664,0.15120184,-0.22610743,0.20250358,False,0.0
4864.409351792,20000000,0.040688038,-0.024030387,0.023715794,0.13784227,-0.25230423,0.19281076,False,0.0
4864.429351792,0,0.035842754,-0.034089148,0.019720614,0.12293649,-0.27131355,0.17064147,False,0.0
4864.449351792,0,0.031185202,-0.032978117,0.016398728,0.10773776,-0.29790792,0.1521788,False,0.0
4864.469351792,20000000,0.026543751,-0.031862676,0.01307565,0.09253903,-0.32450226,0.13371614,False,0.0
4864.489351792,40000000,0.033094622,-0.030364633,0.0034846663,0.061894543,-0.32830793,0.103006005,False,0.0
4864.509351792,0,0.034639373,-0.030216634,0.0018376112,0.04142867,-0.32036993,0.060520925,False,0.0
4864.529351792,0,0.031045824,-0.02831626,0.0041575134,0.03181705,-0.3227516,0.03899447,False,0.0
4864.549351792,20000000,0.029089928,-0.027809918,0.0037922263,0.03351421,-0.3342916,0.03493345,False,0.0
4864.569351792,0,0.030957557,-0.029831171,-0.002918601,0.037632376,-0.34502414,0.033804238,False,0.0
4864.589351792,20000000,0.032834254,-0.031853735,-0.00964728,0.041750543,-0.35575667,0.03267502,False,0.0
4864.609351792,40000000,0.031291,-0.035423934,-0.011702061,0.040450934,-0.36876947,0.039831497,False,0.0
4864.629351792,0,0.028915852,-0.034920633,-0.013309002,0.02783893,-0.3778818,0.05377976,False,0.0
4864.649351792,20000000,0.025335774,-0.03206116,-0.011913359,0.008698115,-0.39277673,0.06792229,False,0.0
4864.669351792,0,0.019875206,-0.029588997,-0.011200488,-0.020985933,-0.41177514,0.08015032,False,0.0
4864.689351792,20000000,0.015143793,-0.02056241,-0.00999999,-0.053679362,-0.42825207,0.085542485,False,0.0
4864.709351792,0,0.013846096,-0.013651431,-0.0096309185,-0.08701097,-0.43305862,0.075658545,False,0.0
4864.729351792,0,0.008295625,-0.0043394566,-0.0049227774,-0.11254929,-0.43241695,0.06805212,False,0.0
4864.749351792,20000000,0.0028654598,-0.00016963482,-0.0014946759,-0.12265024,-0.42928228,0.06584302,False,0.0
4864.769351792,0,-0.0087451935,0.004580915,0.0043369234,-0.10809253,-0.43331617,0.07073915,False,0.0
4864.789351792,0,-0.01753766,0.008307517,0.0017219782,-0.09387301,-0.43498796,0.074805714,False,0.0
4864.809351792,0,-0.021420352,0.015006125,-0.0045099854,-0.08520128,-0.42839015,0.07022729,False,0.0
4864.829351792,0,-0.025485504,0.019264817,-0.0072788,-0.08481771,-0.40451705,0.056302853,False,0.0
4864.849351792,20000000,-0.035802428,0.024218976,-0.004850745,-0.08110148,-0.38865027,0.052364074,False,0.0
4864.869351792,0,-0.03899578,0.02193904,-0.009627849,-0.06820817,-0.37153882,0.057369415,False,0.0
4864.889351792,20000000,-0.04219455,0.019656658,-0.014425248,-0.05531487,-0.35442737,0.062374756,False,0.0
4864.909351792,40000000,-0.045398828,0.017371833,-0.019242674,-0.042421564,-0.33731592,0.06738009,False,0.0
4864.929351792,60000000,-0.048608802,0.0150847435,-0.024080366,-0.029528258,-0.32020444,0.07238543,False,0.0
4864.949351792,0,-0.053264145,0.009702265,-0.026060164,-0.016574908,-0.28152138,0.08025852,False,0.0
4864.969351792,20000000,-0.050863136,0.0026686788,-0.02772513,-0.008543534,-0.23953661,0.07739775,False,0.0
4864.989351792,0,-0.051046513,-0.00423944,-0.027274966,-0.0047455756,-0.19556032,0.06294325,False,0.0
4865.009351792,0,-0.04943712,-0.0124819875,-0.02798462,-7.1171205e-05,-0.15266107,0.044068657,False,0.0
4865.029351792,0,-0.042781815,-0.020683646,-0.029370397,0.009583887,-0.10478726,0.023221862,False,0.0
4865.049351792,0,-0.03997072,-0.021589696,-0.026001692,0.0104691405,-0.059722118,0.004153682,False,0.0
4865.069351792,20000000,-0.038627464,-0.017049372,-0.02222097,0.000514498,-0.020891797,-0.011461578,False,0.0
4865.089351792,0,-0.038595304,-0.013975322,-0.019718885,-0.016765038,0.008183561,-0.027125074,False,0.0
4865.109351792,20000000,-0.03543544,-0.011042118,-0.016612649,-0.024729092,0.03629778,-0.039184973,False,0.0
4865.129351792,0,-0.032974273,-0.007083297,-0.014114797,-0.02832429,0.06464432,-0.04894193,False,0.0
4865.149351792,0,-0.030918367,-0.001721859,-0.012868792,-0.033969074,0.08808097,-0.056297332,False,0.0
4865.169351792,0,-0.027844984,0.0016428232,-0.008580089,-0.031299647,0.106712446,-0.050798003,False,0.0
4865.189351792,20000000,-0.024770595,0.0050081015,-0.0042907,-0.02863022,0.12534392,-0.045298673,False,0.0
4865.209351792,40000000,-0.019457709,0.007119298,-0.00490734,-0.03000628,0.14605507,-0.044781163,False,0.0
4865.229351792,0,-0.017555501,0.008644819,-0.0010600388,-0.033970177,0.16993983,-0.050087254,False,0.0
4865.249351792,20000000,-0.0187453,0.008598924,0.004839778,-0.033639677,0.1751979,-0.0543242,False,0.0
4865.269351792,0,-0.01086413,0.0058517456,0.0017960966,-0.034410823,0.18331157,-0.06409964,False,0.0
4865.289351792,20000000,-8.8997185e-06,0.0006107092,-0.005149275,-0.023427187,0.2030972,-0.080255456,False,0.0
4865.309351792,0,-0.0010254914,0.0015733242,-0.0015927255,-0.008276263,0.21616364,-0.07801408,False,0.0
4865.329351792,0,-0.003962636,0.0102418065,0.008869946,0.0027657775,0.20329893,-0.06001112,False,0.0
4865.349351792,20000000,0.0042605773,0.014939308,0.0045490563,-0.007910315,0.20119148,-0.04598947,False,0.0
4865.369351792,0,0.014736297,0.012274504,0.0017707944,-0.023273537,0.21248865,-0.04595014,False,0.0
4865.389351792,20000000,0.019528048,0.007592976,0.003703773,-0.02717234,0.22633646,-0.061240923,False,0.0
4865.409351792,0,0.021876069,0.003828168,0.0108528435,-0.015893973,0.22018299,-0.072222374,False,0.0
4865.429351792,0,0.023932956,0.00018888712,0.017225921,0.010554824,0.18855989,-0.06762157,False,0.0
4865.449351792,0,0.029422384,0.0010078549,0.016209722,0.028586525,0.15586178,-0.062395412,False,0.0
4865.469351792,20000000,0.025436128,0.007449031,0.02133432,0.032384727,0.12247541,-0.05238876,False,0.0
4865.489351792,0,0.0213819,0.010742605,0.020717412,0.01772064,0.0854802,-0.031524993,False,0.0
4865.509351792,20000000,0.017327335,0.014036119,0.020099431,0.0030565523,0.048484992,-0.010661226,False,0.0
4865.529351792,0,0.017159717,0.012807608,0.011908859,-0.01328565,0.03213656,0.006625075,False,0.0
4865.549351792,20000000,0.014197828,0.008328378,0.009364009,-0.015680082,0.014404992,0.02450911,False,0.0
4865.569351792,0,0.013398128,0.0062941313,0.007743597,-0.006631756,0.0075124744,0.0343307,False,0.0
4865.589351792,20000000,0.018026598,0.0013682246,-5.3316355e-05,0.0033803722,0.0022233343,0.02991052,False,0.0
4865.609351792,0,0.017250208,-0.00081187487,0.001031071,0.014415216,0.0052273283,0.023435278,False,0.0
4865.629351792,0,0.013147861,-0.0011096001,0.009738356,0.020577181,-0.0026386771,0.011839821,False,0.0
4865.649351792,20000000,0.0065674167,0.0067349076,0.015814483,0.017912602,-0.032679774,0.016242925,False,0.0
4865.669351792,0,0.00853388,0.00470829,0.011802733,0.011148721,-0.048050016,0.014263967,False,0.0
4865.689351792,20000000,0.012062697,0.00087702274,0.005946636,0.016477257,-0.049293246,0.009031367,False,0.0
4865.709351792,0,0.010192808,0.0010481477,0.005699992,0.021053106,-0.05438283,0.007776986,False,0.0
4865.729351792,20000000,0.006128788,0.0029429197,0.005578816,0.016903888,-0.06463819,0.017896423,False,0.0
4865.749351792,0,0.000975471,0.0041270256,0.0077906847,0.012575021,-0.08111539,0.032734856,False,0.0
4865.769351792,0,0.0003469754,0.0013107061,0.004238069,0.00635118,-0.08373782,0.026531337,False,0.0
4865.789351792,20000000,-0.00028142333,-0.0015057921,0.0006849766,0.0001273388,-0.08636025,0.020327818,False,0.0
4865.809351792,40000000,-0.00090976246,-0.0043224096,-0.0028683245,-0.0060965023,-0.08898269,0.0141242985,False,0.0
4865.829351792,60000000,-0.002472302,-0.0073824525,-0.0052704513,0.0005775378,-0.08292909,0.0031329105,False,0.0
4865.849351792,0,-0.0056885052,-0.005488038,-0.004924625,0.010906784,-0.077629626,-0.0019644587,False,0.0
4865.869351792,0,-0.0104681235,-0.003145337,-0.007520795,0.01037251,-0.07510346,0.00076532713,False,0.0
4865.889351792,20000000,-0.017208464,0.0037292838,-0.0022330582,0.004470696,-0.0806755,0.012959079,False,0.0
4865.909351792,0,-0.009687966,0.005658567,-0.0092562735,-0.0043245484,-0.073334225,0.022694245,False,0.0
4865.929351792,20000000,-0.0043690223,0.005003214,-0.01619801,-0.012456853,-0.03720625,0.024608726,False,0.0
4865.949351792,0,-0.013094734,0.008007467,-0.0069366395,-0.012263378,-0.022147799,0.030742113,False,0.0
4865.969351792,0,-0.020569947,0.008493304,-8.684397e-05,-0.011996502,-0.02360387,0.04689641,False,0.0
4865.989351792,20000000,-0.022635879,0.0029444695,0.0037638545,-0.0013499828,-0.021882322,0.05752324,False,0.0
4866.009351792,0,-0.015298358,-0.0019945502,-0.0030670464,-0.0029910337,-0.012769285,0.044423442,False,0.0
4866.029351792,20000000,-0.011187034,-0.004898131,-0.0067875683,-0.0025123921,0.00960393,0.013589894,False,0.0
4866.049351792,0,-0.013977148,-0.0047577024,-0.00019180775,-0.00021267217,0.012963809,-0.009223998,False,0.0
4866.069351792,0,-0.011646527,-0.0034880042,-0.00020131469,0.0067882654,0.013631708,-0.014725421,False,0.0
4866.089351792,0,-0.0095613785,0.0016043782,-0.0022102296,0.005256867,0.0170663,-0.004251117,False,0.0
4866.109351792,20000000,-0.0074762385,0.0066969395,-0.0042189956,0.003725469,0.02050089,0.006223188,False,0.0
4866.129351792,0,-0.0037079435,0.011311173,-0.0053004026,-0.005014918,0.03202212,0.032019757,False,0.0
4866.149351792,0,0.0021832269,0.008036733,-0.009787232,-0.020774592,0.046055462,0.05434022,False,0.0
4866.169351792,0,0.00920088,0.0035060048,-0.010643423,-0.02868934,0.06764605,0.056550235,False,0.0
4866.189277083,0,0.01226641,-0.0011793572,-0.0008556766,-0.028314045,0.074903965,0.04367568,False,0.0
4866.209277083,20000000,0.016704528,-0.0026668906,0.0041324496,-0.017874919,0.0574947,0.028514381,False,0.0
4866.229277083,0,0.020677125,-0.000680089,0.007812768,-0.00761998,0.041252352,0.013620923,False,0.0
4866.249277083,0,0.022603884,0.0032756925,0.009480774,-0.0010635634,0.02384399,0.004096141,False,0.0
4866.269277083,20000000,0.020107545,0.0056353807,0.012609333,0.0020487362,0.0056217425,0.0062715923,False,0.0
4866.289277083,0,0.01869303,0.007976651,0.014419377,0.0033353362,-0.013710737,0.013554096,False,0.0
4866.309277083,20000000,0.016520934,0.008496404,0.013311267,0.0024086994,-0.03689217,0.018286433,False,0.0
4866.329277083,0,0.016447594,0.004481137,0.00943628,0.004703966,-0.051692154,0.0153200105,False,0.0
4866.349277083,20000000,0.016374227,0.0004658103,0.0055612326,0.006999232,-0.06649214,0.012353587,False,0.0
4866.369277083,0,0.014342213,-0.001391232,0.0023654103,0.01588288,-0.072422184,0.0074345293,False,0.0
4866.389277083,20000000,0.012310453,-0.0032483935,-0.00083088875,0.024766529,-0.07835223,0.0025154715,False,0.0
4866.409277083,40000000,0.0078942515,-0.0048965216,-0.0061601102,0.03027849,-0.07778495,-0.00055175717,False,0.0
4866.429277083,0,0.0017208345,-0.008553922,-0.0065968335,0.035878856,-0.074665844,-0.0009606813,False,0.0
4866.449277083,0,-0.0027527884,-0.009384036,-0.008940339,0.033141997,-0.070621274,0.003080561,False,0.0
4866.469277083,20000000,-0.005045915,-0.010876477,-0.011136919,0.023285571,-0.061203673,0.0047878376,False,0.0
4866.489277083,0,-0.0053881947,-0.013377845,-0.013462096,0.011330993,-0.041870706,-0.00076827174,False,0.0
4866.509277083,20000000,-0.011953477,-0.011636913,-0.007411331,-0.0006979797,-0.036160108,-0.0049392893,False,0.0
4866.529277083,0,-0.01682476,-0.010223329,-0.0026432872,-0.00829974,-0.03990379,-0.0076224245,False,0.0
4866.549277083,0,-0.015566213,-0.008135557,-0.005311489,-0.016740814,-0.03640199,-0.015029898,False,0.0
4866.569277083,20000000,-0.014307702,-0.006047547,-0.007980317,-0.02518189,-0.032900196,-0.022437371,False,0.0
4866.589277083,40000000,-0.015223866,-0.0018057823,-0.010742307,-0.030406347,-0.021290535,-0.02500576,False,0.0
4866.609277083,0,-0.014228693,5.6028366e-05,-0.013700664,-0.038275898,-0.0037797447,-0.023785707,False,0.0
4866.629277083,0,-0.013853165,0.0029310584,-0.013994873,-0.03928066,0.013733508,-0.019459141,False,0.0
4866.649277083,0,-0.014274532,0.0036124587,-0.011860937,-0.035954237,0.025989566,-0.0039652595,False,0.0
4866.669277083,0,-0.01241727,0.007585287,-0.008871198,-0.037666723,0.039810546,0.0056022005,False,0.0
4866.689277083,20000000,-0.010559624,0.011558175,-0.005881995,-0.03937921,0.05363152,0.0151696615,False,0.0
4866.709277083,40000000,-0.009093571,0.011869192,-0.0008493066,-0.042155802,0.06778663,0.01947916,False,0.0
4866.729277083,0,-0.005553579,0.008987665,-0.0008047521,-0.039660897,0.07935721,0.016939301,False,0.0
4866.749277083,0,-0.0043538455,0.0059954524,0.0003657937,-0.025229104,0.08223825,0.019370705,False,0.0
4866.769277083,20000000,-0.0031535253,0.0030035973,0.0015347302,-0.010797312,0.08511929,0.021802109,False,0.0
4866.789277083,0,0.0010627117,0.0017288923,0.0014047921,-0.008247204,0.08259962,0.016065262,False,0.0
4866.809277083,20000000,0.007883113,-0.0013287663,0.0022436082,-0.013775186,0.082909055,-0.0011683702,False,0.0
4866.829277083,0,0.013525611,-0.0048086643,0.0035336018,-0.013555941,0.077996075,-0.02647585,False,0.0
4866.849277083,0,0.015427483,-0.0029259324,0.0071499944,-0.0011358373,0.067727216,-0.037640285,False,0.0
4866.869277083,20000000,0.017329494,-0.0010429621,0.010766685,0.011284267,0.057458352,-0.04880472,False,0.0
4866.909277083,0,0.017332053,0.00803566,0.009696126,0.007842168,0.024127359,-0.022136718,False,0.0
4866.929277083,0,0.01867137,0.00759393,0.0059339404,-0.0059385328,0.010283578,0.0019781832,False,0.0
4866.949277083,0,0.021261709,0.0058658123,0.003950566,-0.018474499,0.0034322627,0.0208509,False,0.0
4866.969277083,0,0.020144735,0.0035547614,0.005627781,-0.021852242,-0.010283683,0.026240032,False,0.0
4866.989277083,20000000,0.019027473,0.0012446046,0.0073047876,-0.025229985,-0.023999631,0.031629164,False,0.0
4867.009277083,0,0.018510852,-9.769201e-05,0.0075646937,-0.022040835,-0.043324452,0.03179695,False,0.0
4867.029277083,0,0.019923978,-0.001167655,0.0045461357,-0.012513435,-0.05552952,0.026562631,False,0.0
4867.049277083,20000000,0.019352566,0.0014500022,0.0047363043,-0.012825037,-0.053649686,0.016707135,False,0.0
4867.069277083,0,0.01234068,0.0065172315,0.011287987,-0.010253733,-0.06362382,0.006072756,False,0.0
4867.089277083,20000000,0.0037814565,0.007737696,0.016425788,-0.0050893207,-0.080550104,-0.0028063208,False,0.0
4867.109277083,0,-0.00041553564,0.00671041,0.013143986,0.0044830455,-0.09680791,-0.016714081,False,0.0
4867.129277083,0,-0.0030177478,0.0062044263,0.0060794055,0.01696217,-0.09869767,-0.034832716,False,0.0
4867.149277083,20000000,-0.00010609068,0.0038109422,-0.0046474934,0.036876082,-0.091714464,-0.04676274,False,0.0
4867.169277083,0,0.0054690596,0.0032565594,-0.015051484,0.054947052,-0.07248944,-0.034609094,False,0.0
4867.189277083,20000000,0.0057774074,0.0036302805,-0.011268139,0.06110753,-0.06331904,-0.007262878,False,0.0
4867.209277083,0,0.008048613,0.0016568303,-0.007210374,0.05394596,-0.06421826,0.026508644,False,0.0
4867.229277083,0,0.006408617,0.0031452775,0.0013851821,0.027386274,-0.08357879,0.06386611,False,0.0
4867.249277083,20000000,0.006070962,0.00406301,0.0076698065,-0.007412743,-0.11403158,0.09270103,False,0.0
4867.269277083,0,0.0065094214,0.0038045049,0.0099729,-0.035204794,-0.12543653,0.09725928,False,0.0
4867.289277083,20000000,0.0069454834,0.003548026,0.012277663,-0.06299684,-0.13684146,0.10181753,False,0.0
4867.309277083,40000000,0.005085489,0.0027058125,0.011448503,-0.067220785,-0.14461097,0.09533342,False,0.0
4867.329277083,0,0.003934467,-0.0002874136,0.0047727227,-0.05835499,-0.13831137,0.08223586,False,0.0
4867.349277083,20000000,0.0026418157,0.00043213367,-0.0009872317,-0.044327863,-0.1253444,0.0668461,False,0.0
4867.369277083,0,0.0073353406,-0.002000451,-0.005747944,-0.03530845,-0.1116641,0.038530998,False,0.0
4867.389277083,20000000,0.007324813,-0.0061882734,-0.0046183467,-0.019309951,-0.10161255,0.004514985,False,0.0
4867.409277083,0,0.003377797,-0.0106803775,0.00048351288,0.007569939,-0.10543541,-0.02384557,False,0.0
4867.429277083,0,-0.0027165823,-0.009574294,0.002243787,0.02026159,-0.113892496,-0.028442957,False,0.0
4867.449277083,20000000,-0.0073477235,-0.002881229,0.0016178787,0.021881446,-0.12274412,-0.027163867,False,0.0
4867.469277083,0,-0.017583545,0.003184259,0.0017924905,0.005359756,-0.12689504,-0.013031835,False,0.0
4867.489277083,20000000,-0.019891433,0.005303979,-0.0033117235,-0.016663441,-0.12364891,0.01464542,False,0.0
4867.509277083,0,-0.017448025,0.0008856654,-0.00804618,-0.029177852,-0.09859651,0.02707547,False,0.0
4867.529277083,0,-0.019477852,0.0029783845,-0.0076781213,-0.040502094,-0.059967764,0.024344677,False,0.0
4867.549277083,0,-0.034357138,0.01090157,0.008982152,-0.05508261,-0.05260182,0.020065362,False,0.0
4867.569277083,0,-0.022275403,0.0072602034,-0.0025776625,-0.039667733,-0.029162712,-0.005256003,False,0.0
4867.589277083,20000000,-0.010194392,0.003619969,-0.014138758,-0.024252858,-0.005723605,-0.030577365,False,0.0
4867.609277083,40000000,0.0018860605,-1.92523e-05,-0.025701404,-0.008837982,0.017715504,-0.055898726,False,0.0
4867.629277083,0,-0.0009587016,0.0036371946,-0.017716467,0.027076006,0.062003493,-0.060261197,False,0.0
4867.649277083,0,-0.011332611,0.013098836,-0.00017994642,0.048025858,0.06682737,-0.051397793,False,0.0
4867.669277083,0,-0.015540289,0.015648067,0.012157768,0.04977744,0.04418886,-0.036167677,False,0.0
4867.689277083,0,-0.008247342,0.012473285,0.011950791,0.03790267,0.018682709,-0.032898743,False,0.0
4867.709277083,0,0.010451043,0.006052971,-0.0027269423,0.027690869,0.03441476,-0.045515124,False,0.0
4867.729277083,20000000,0.01860375,-0.00047969818,-0.0074750185,0.0322998,0.048012793,-0.05546454,False,0.0
4867.749277083,0,0.026681578,-0.006338358,-0.010724425,0.04679711,0.050374016,-0.038296714,False,0.0
4867.769277083,0,0.040864088,-0.0075336695,-0.008675098,0.06191924,0.04172027,-0.018050216,False,0.0
4867.789277083,0,0.045979273,-0.0078024864,-0.0031847358,0.053172708,0.029465362,-0.0048699044,False,0.0
4867.809277083,0,0.03092071,-0.0068516135,0.012578994,0.03995627,-0.020670488,0.02661758,False,0.0
4867.829277083,20000000,0.015761863,-0.0066753626,0.018397152,0.026931439,-0.08405956,0.066275924,False,0.0
4867.849277083,0,0.006627436,-0.0075850487,0.017380327,0.011017557,-0.13519394,0.09920435,False,0.0
4867.869277083,0,-0.0066112746,-0.001978159,0.015311241,-0.014228199,-0.14262845,0.083375484,False,0.0
4867.889277083,20000000,-0.019852336,0.003630042,0.013243169,-0.039473955,-0.15006296,0.06754662,False,0.0
4867.909277083,40000000,-0.033095505,0.009239554,0.011176139,-0.06471971,-0.15749747,0.05171776,False,0.0
4867.929277083,0,-0.026119336,0.008915901,-0.006956488,-0.07685858,-0.1213374,0.0067986324,False,0.0
4867.949277083,0,-0.01090358,0.0019826293,-0.027235776,-0.056900684,-0.052993238,-0.04561599,False,0.0
4867.969277083,0,-0.0034711063,0.0008570552,-0.031393558,-0.00719567,0.01696863,-0.07802163,False,0.0
4867.989277083,20000000,-0.0066353744,-0.0007479191,-0.022217035,0.058102515,0.04436574,-0.07792797,False,0.0
4868.009277083,0,-0.006647672,0.0022495985,-0.0125517845,0.10462797,0.038556468,-0.049572475,False,0.0
4868.029277083,20000000,-0.0010841405,0.0021543503,-0.009799659,0.101713866,0.017660063,-0.013059448,False,0.0
4868.049277083,0,0.0019290298,-0.0032969713,-0.0064174533,0.076663814,0.018312236,0.016157163,False,0.0
4868.069277083,20000000,0.00026150048,-0.0029618144,0.0047566593,0.03481908,-0.0015734807,0.029437562,False,0.0
4868.089277083,0,0.0001723133,-0.00055617094,0.010125309,-0.0048918948,-0.007579217,0.02344837,False,0.0
4868.109277083,0,-0.005646559,0.0060460567,0.016276807,-0.028907266,-0.038172957,0.024766333,False,0.0
4868.129277083,20000000,0.0073248725,0.0018914938,0.0026003122,-0.028490255,-0.050784245,0.015425231,False,0.0
4868.149277083,0,0.022874543,-0.0007776022,-0.015201032,0.006330492,-0.031008821,-0.0019844584,False,0.0
4868.169277083,20000000,0.02117252,0.0076459646,-0.023766398,0.042743683,-0.006017223,-0.008136019,False,0.0
4868.189277083,0,-0.007912046,0.031808734,-0.010250539,0.07043849,-0.0035348176,-0.0054875333,False,0.0
4868.209277083,20000000,-0.036997363,0.055972993,0.0032648742,0.098133296,-0.0010524127,-0.0028390477,False,0.0
4868.229277083,0,-0.035335418,0.058667958,-0.023351073,0.1485431,0.07528616,-0.052846693,False,0.0
4868.249277083,20000000,-0.032057237,0.054816067,-0.04760486,0.23252761,0.17834623,-0.1270417,False,0.0
4868.269277083,0,-0.015097379,0.036614776,-0.084921956,0.3487371,0.32717583,-0.24183649,False,0.0
4868.289277083,20000000,0.013037375,-0.00016206503,-0.11966854,0.5130937,0.5540083,-0.4246043,False,0.0
4868.309277083,0,0.006424131,-0.03954041,-0.12503535,0.73313224,0.778406,-0.6346419,False,0.0
4868.329277083,20000000,0.005373673,-0.10211158,-0.12715101,1.0011652,0.97411966,-0.89430845,False,0.0
4868.349277083,0,-0.0055697574,-0.16887087,-0.13811219,1.297869,1.201667,-1.2975969,False,0.0
4868.369277083,0,-0.061844744,-0.18578333,-0.11742264,1.573676,1.3812397,-1.7208495,False,0.0
4868.389277083,20000000,-0.10571166,-0.1834963,-0.11030048,1.8056815,1.504415,-2.1380174,False,0.0
4868.409277083,0,-0.15043582,-0.13906556,-0.10341352,1.9516271,1.6061132,-2.4939368,False,0.0
4868.429277083,20000000,-0.18687439,-0.07031387,-0.07724571,1.9764696,1.6224482,-2.7009773,False,0.0
4868.449277083,0,-0.18020512,-0.016022027,-0.06544638,1.9161934,1.6016273,-2.7636216,False,0.0
4868.469277083,0,-0.17302647,0.03670436,-0.048249483,1.7901263,1.6067173,-2.7451034,False,0.0
4868.489277083,0,-0.1653989,0.08389789,-0.023423672,1.5788147,1.5472219,-2.5179257,False,0.0
4868.509277083,20000000,-0.16004504,0.13240635,0.0007863641,1.3675032,1.4877263,-2.2907484,False,0.0
4868.529277083,40000000,-0.13843329,0.14676315,0.013809204,1.1417586,1.399411,-1.9798388,False,0.0
4868.549277083,0,-0.11317463,0.1467663,0.018650472,0.92635566,1.3635942,-1.636821,False,0.0
4868.569277083,0,-0.110492624,0.13591951,0.038998008,0.7339508,1.2942867,-1.3251007,False,0.0
4868.589277083,0,-0.10955972,0.11733788,0.046554685,0.5585725,1.2202995,-1.0460901,False,0.0
4868.609163375,0,-0.09212861,0.087464534,0.03884663,0.4114287,1.1785398,-0.8532034,False,0.0
4868.629163375,0,-0.08436967,0.058193326,0.038461447,0.31834674,1.1698713,-0.7866624,False,0.0
4868.649163375,20000000,-0.08385668,0.044354677,0.043733656,0.22829524,1.1277778,-0.732151,False,0.0
4868.669163375,0,-0.078029424,0.035246193,0.052637935,0.15307647,1.0749141,-0.7003978,False,0.0
4868.689163375,0,-0.056317966,0.025951385,0.049438477,0.0949301,1.032053,-0.6942511,False,0.0
4868.709163375,0,-0.040743385,0.027950525,0.047564864,0.048925053,1.0160506,-0.69200605,False,0.0
4868.729163375,0,-0.032131344,0.02709055,0.049771547,0.016157106,1.0056195,-0.67362696,False,0.0
4868.749163375,20000000,-0.031614747,0.026010633,0.052120388,0.0047773095,0.98016995,-0.64920974,False,0.0
4868.769163375,0,-0.030700833,0.024238765,0.05196798,0.005799292,0.9210204,-0.60504866,False,0.0
4868.789163375,20000000,-0.029798418,0.02235198,0.051640093,0.0068212748,0.86187077,-0.5608876,False,0.0
4868.809163375,40000000,-0.021642672,0.016192615,0.05035335,0.012185101,0.8050982,-0.5147891,False,0.0
4868.829163375,0,-0.015188616,0.014301479,0.04970014,0.010184815,0.75645113,-0.4629347,False,0.0
4868.849163375,0,-0.012492638,0.016592681,0.051380813,-0.005483648,0.7004632,-0.39674863,False,0.0
4868.869163375,20000000,-0.012277961,0.01647979,0.052807868,-0.026594065,0.6351979,-0.3284463,False,0.0
4868.889163375,0,-0.003958879,0.01407522,0.04628122,-0.05611306,0.5822136,-0.2705549,False,0.0
4868.929163375,0,0.010168228,0.0028774738,0.033715487,-0.10547733,0.49811423,-0.20157367,False,0.0
4868.949163375,0,0.014045715,0.0036846995,0.031212091,-0.1207473,0.46876234,-0.17772314,False,0.0
4868.969163375,0,0.011012513,0.0072423816,0.031428754,-0.13967879,0.429124,-0.141429,False,0.0
4868.989163375,20000000,0.01345589,0.010374486,0.028611004,-0.15979046,0.3829496,-0.09918967,False,0.0
4869.009163375,0,0.014259294,0.015098333,0.025576591,-0.17789423,0.34883702,-0.05303556,False,0.0
4869.029163375,20000000,0.018332377,0.016013324,0.020212114,-0.19205645,0.31286246,-0.010400094,False,0.0
4869.049163375,0,0.020535238,0.01389879,0.014103234,-0.20728418,0.28503194,0.03128215,False,0.0
4869.069163375,0,0.01475627,0.014102161,0.016587615,-0.21778595,0.26594102,0.05751264,False,0.0
4869.109163375,0,0.015224695,0.0033476353,0.0118383765,-0.2515553,0.23807006,0.073778555,False,0.0
4869.129163375,0,0.024972491,-0.01202172,0.005536616,-0.269421,0.24331701,0.028420415,False,0.0
4869.149163375,0,0.024543144,-0.013734758,0.009757876,-0.2739053,0.25416228,-0.03134495,False,0.0
4869.169163375,20000000,0.024136499,-0.015431106,0.013933778,-0.2783896,0.26500753,-0.09111032,False,0.0
4869.189163375,0,0.026252978,-0.006557703,0.017613947,-0.2826833,0.26636901,-0.13082933,False,0.0
4869.209163375,20000000,0.03263496,0.009626448,0.021829188,-0.2771566,0.26115635,-0.14655785,False,0.0
4869.229163375,0,0.03958086,0.0344429,0.023391366,-0.27742708,0.27654177,-0.13848749,False,0.0
4869.249163375,0,0.03811294,0.060725093,0.02775532,-0.28290465,0.2899512,-0.09543122,False,0.0
4869.269163375,20000000,0.036674395,0.087020874,0.032073796,-0.28838223,0.30336067,-0.05237495,False,0.0
4869.289163375,0,0.028869152,0.106433034,0.038906872,-0.2848296,0.3053017,0.0027730279,False,0.0
4869.309163375,20000000,0.024602965,0.11189687,0.03887087,-0.2637627,0.30382887,0.04290432,False,0.0
4869.329163375,0,0.024445176,0.10376334,0.034261167,-0.21446049,0.30942234,0.06466363,False,0.0
4869.349163375,20000000,0.020114169,0.0867483,0.026997626,-0.13475275,0.33163,0.0469547,False,0.0
4869.369163375,0,0.0073010027,0.06257415,0.018321335,-0.017808989,0.35865673,-0.009842951,False,0.0
4869.389163375,20000000,-0.005500138,0.038401663,0.0096035,0.09913479,0.38568348,-0.0666406,False,0.0
4869.409163375,40000000,-0.01254344,0.013964713,-0.0006201267,0.2188479,0.4469272,-0.1810354,False,0.0
4869.429163375,0,-0.019993588,-0.013192713,-0.0041368604,0.33683676,0.5318482,-0.35691082,False,0.0
4869.449163375,20000000,-0.026261896,-0.04234165,-0.003427744,0.46468192,0.6236844,-0.5651494,False,0.0
4869.469163375,0,-0.028179452,-0.07404697,-0.008459389,0.62798387,0.7479859,-0.84555376,False,0.0
4869.489163375,20000000,-0.040047616,-0.086773396,-0.0056735277,0.7960135,0.8827876,-1.1573921,False,0.0
4869.509163375,0,-0.060258545,-0.08203888,0.008069575,0.9622805,0.9950713,-1.4747751,False,0.0
4869.529163375,0,-0.0793756,-0.053429782,0.015054762,1.0971953,1.0717422,-1.7655817,False,0.0
4869.549163375,20000000,-0.08726766,-0.023272276,0.021029294,1.1926308,1.1101351,-2.009851,False,0.0
4869.569163375,0,-0.086896725,0.006167352,0.023782969,1.2538782,1.1574697,-2.2009122,False,0.0
4869.589163375,20000000,-0.088686876,0.038949728,0.028723896,1.2646605,1.1986276,-2.317092,False,0.0
4869.609163375,0,-0.093706645,0.07149279,0.041721642,1.2263268,1.2179226,-2.3519728,False,0.0
4869.629163375,0,-0.08908295,0.10032979,0.056905746,1.1402103,1.1776471,-2.3156586,False,0.0
4869.649163375,20000000,-0.07366558,0.11840105,0.06686556,1.013997,1.1040815,-2.2218146,False,0.0
4869.669163375,0,-0.051761888,0.12654409,0.051936507,0.84582424,1.0292257,-2.0548787,False,0.0
4869.689163375,20000000,-0.03032519,0.13484895,0.0368973,0.6776515,0.9543699,-1.8879426,False,0.0
4869.709163375,40000000,-0.019370914,0.1319977,0.004159987,0.51146686,0.8977854,-1.684331,False,0.0
4869.729163375,0,-0.02356568,0.12134445,-0.027310073,0.35578072,0.8539461,-1.440834,False,0.0
4869.749163375,20000000,-0.036247052,0.09603745,-0.04305011,0.25573656,0.81165427,-1.1962371,False,0.0
4869.769163375,0,-0.0672872,0.06640434,-0.054294765,0.20896757,0.78653234,-0.95522344,False,0.0
4869.789163375,20000000,-0.09200059,0.02137819,-0.07620853,0.22591911,0.74265593,-0.7611581,False,0.0
4869.809163375,0,-0.11544534,-0.02328071,-0.10173786,0.28954265,0.7065239,-0.65204954,False,0.0
4869.829163375,0,-0.14193463,-0.055905968,-0.12586665,0.33657998,0.6907451,-0.6180418,False,0.0
4869.849163375,20000000,-0.15492024,-0.09032017,-0.14700395,0.39923608,0.70727503,-0.6837951,False,0.0
4869.869163375,0,-0.1505391,-0.12023857,-0.16209745,0.49291494,0.77144575,-0.8204571,False,0.0
4869.889163375,20000000,-0.13164407,-0.1506289,-0.16801798,0.63149875,0.9123404,-1.047854,False,0.0
4869.909163375,0,-0.1277077,-0.15313494,-0.15183747,0.7895886,1.0364704,-1.2807338,False,0.0
4869.929163375,0,-0.12658627,-0.1393176,-0.1257323,0.93919694,1.160097,-1.486951,False,0.0
4869.949163375,20000000,-0.116779074,-0.118466765,-0.09801942,1.0668722,1.2454207,-1.6294188,False,0.0
4869.969163375,0,-0.106573895,-0.09681001,-0.072642565,1.1334656,1.3053145,-1.6715987,False,0.0
4869.989163375,20000000,-0.09690949,-0.07543194,-0.047850788,1.2000592,1.3652084,-1.7137786,False,0.0
4870.009163375,0,-0.089087814,-0.056279063,-0.031404197,1.2089337,1.3929476,-1.7028723,False,0.0
4870.029163375,0,-0.079743326,-0.043663442,-0.02382952,1.1803102,1.3980467,-1.6615348,False,0.0
4870.049163375,20000000,-0.081397146,-0.025535434,-0.011516571,1.1077694,1.3948451,-1.5881125,False,0.0
4870.069163375,0,-0.08518289,-0.016118497,0.0063777566,0.9930866,1.3633742,-1.4984528,False,0.0
4870.089163375,20000000,-0.08275685,-0.01728043,0.01872307,0.86374617,1.3182608,-1.4001695,False,0.0
4870.109163375,0,-0.0748508,-0.021082193,0.017315626,0.7330114,1.2789577,-1.3056092,False,0.0
4870.129163375,0,-0.06611547,-0.028576434,0.0059580207,0.6015917,1.2573601,-1.2057624,False,0.0
4870.149163375,0,-0.059289664,-0.04549116,-0.007528901,0.4844104,1.2433454,-1.1116606,False,0.0
4870.169163375,0,-0.060444325,-0.06894924,-0.017351985,0.40797153,1.2493199,-1.0371574,False,0.0
4870.189163375,0,-0.07092047,-0.096649006,-0.016223192,0.36879024,1.2138215,-0.97714096,False,0.0
4870.229163375,0,-0.075235635,-0.13930744,-0.021051943,0.35654292,1.1039149,-0.9058357,False,0.0
4870.249163375,20000000,-0.06982356,-0.16435213,-0.02768004,0.37146652,1.0523138,-0.8836841,False,0.0
4870.269163375,0,-0.076907784,-0.18107711,-0.029946387,0.4105023,1.0356663,-0.8573485,False,0.0
4870.289163375,20000000,-0.083805025,-0.19803113,-0.032462478,0.4495381,1.0190189,-0.8310129,False,0.0
4870.309163375,40000000,-0.09050676,-0.21521243,-0.035223305,0.4885739,1.0023715,-0.80467737,False,0.0
4870.329163375,0,-0.106499285,-0.20067564,-0.029185176,0.4888336,0.93327177,-0.7138983,False,0.0
4870.349163375,20000000,-0.11991313,-0.18389256,-0.020163476,0.44428068,0.86416173,-0.59475994,False,0.0
4870.369163375,0,-0.1266152,-0.17554536,-0.015713036,0.39770573,0.7981288,-0.4715171,False,0.0
4870.389163375,0,-0.029205114,-0.19908693,-0.12896061,0.34453362,0.48024598,-0.30015272,False,0.0
4870.409163375,0,-0.020509422,-0.20185673,-0.16932815,0.26646987,1.2292907,-0.644668,False,0.0
4870.429163375,0,-0.19440153,-0.060899273,0.056587696,0.242402,0.6850362,-0.3709032,False,0.0
4870.449163375,20000000,0.072827935,-0.067325175,-0.18679273,0.106178015,0.8986095,-0.55522203,False,0.0
4870.469163375,0,-0.040593535,0.09710154,-0.027545989,-0.0699839,0.9146206,-0.6064929,False,0.0
4870.489163375,20000000,-0.059625715,0.21474394,0.045592427,-0.21715423,0.6614255,-0.50586504,False,0.0
4870.509163375,0,0.026278973,0.28142804,-0.0067719817,-0.36237258,0.7436121,-0.6038033,False,0.0
4870.529163375,20000000,0.044774294,0.3657744,0.008993566,-0.48065022,0.75253636,-0.5952491,False,0.0
4870.549163375,0,0.035532296,0.39759114,0.04657215,-0.4901429,0.76507163,-0.45848146,False,0.0
4870.569163375,0,0.018009484,0.3454147,0.086437285,-0.32333446,0.69083905,-0.24797995,False,0.0
4870.589163375,20000000,0.0006225705,0.2932623,0.1261571,-0.156526,0.6166065,-0.037478432,False,0.0
4870.609163375,40000000,-0.016626239,0.24113491,0.1657334,0.010282472,0.54237396,0.1730231,False,0.0
4870.629163375,0,-0.007746458,0.20163757,0.16920048,0.03396412,0.47006953,0.19735114,False,0.0
4870.649163375,20000000,0.0050403476,0.16703337,0.1777885,0.010063767,0.41862103,0.14973491,False,0.0
4870.669163375,0,0.023667574,0.14542502,0.16391385,-0.027232334,0.41073844,0.06220054,False,0.0
4870.689163375,20000000,0.024650693,0.15417603,0.15959573,-0.066820726,0.3944814,-0.011308506,False,0.0
4870.709163375,0,0.03973776,0.15801838,0.1313116,-0.11037478,0.35759717,-0.045253765,False,0.0
4870.729163375,20000000,0.052960098,0.16374725,0.11466038,-0.14933315,0.33751592,-0.04460531,False,0.0
4870.749163375,0,0.050935566,0.14238301,0.12303084,-0.13878967,0.28836676,0.010699622,False,0.0
4870.769163375,0,0.068822324,0.10046515,0.112644136,-0.07639327,0.29635108,0.04901549,False,0.0
4870.789163375,0,0.082460105,0.06327981,0.12167424,0.019090258,0.2817451,0.06827025,False,0.0
4870.809163375,0,0.102541625,0.027634144,0.117231965,0.102896355,0.32803947,0.045454275,False,0.0
4870.829163375,20000000,0.10177243,-0.0109758675,0.13401783,0.18668446,0.27165252,0.031229004,False,0.0
4870.849163375,0,0.09826261,-0.034337044,0.14354539,0.24979448,0.24191348,-0.02408699,False,0.0
4870.869163375,0,0.09440762,-0.036598295,0.1522195,0.28428453,0.15679757,-0.080858886,False,0.0
4870.889163375,0,0.07987565,-0.0050304234,0.13390732,0.20460397,0.0292162,-0.05898986,False,0.0
4870.909163375,20000000,0.06534517,0.026532352,0.11558187,0.12492341,-0.09836517,-0.037120834,False,0.0
4870.929163375,40000000,0.057650685,0.042865306,0.07365143,-0.015738145,-0.19151808,0.01624075,False,0.0
4870.949163375,0,0.05606377,0.038847625,0.041628182,-0.13611865,-0.23246711,0.062113207,False,0.0
4870.969163375,0,0.051820993,0.009998828,0.03345579,-0.17388411,-0.23601136,0.107518926,False,0.0
4870.989163375,20000000,0.023839831,-0.008600354,0.03971678,-0.13706535,-0.23408534,0.16108051,False,0.0
4871.009092833,0,0.021913584,-0.033551168,0.026023261,-0.10258806,-0.2470479,0.21621332,False,0.0
4871.029092833,0,0.031280637,-0.04950556,0.013798118,-0.082567185,-0.23390062,0.21087237,False,0.0
4871.049092833,0,0.036560833,-0.059120595,0.00080645084,-0.06060478,-0.22471727,0.20496476,False,0.0
4871.069092833,20000000,0.046928048,-0.071271926,-0.01581192,-0.036103565,-0.21582729,0.20533235,False,0.0
4871.089092833,0,0.05365652,-0.09042981,-0.037397206,-0.00032340735,-0.20594664,0.19601813,False,0.0
4871.109092833,20000000,0.05714321,-0.1088486,-0.06044048,0.028997662,-0.19902271,0.1830961,False,0.0
4871.129092833,0,0.061808288,-0.13045332,-0.085399926,0.05744657,-0.19432698,0.165905,False,0.0
4871.149092833,0,0.06624597,-0.15410659,-0.11067772,0.085063726,-0.18004712,0.14457467,False,0.0
4871.169092833,0,0.053463817,-0.16219826,-0.11203557,0.10821332,-0.1572828,0.13136397,False,0.0
4871.189092833,20000000,0.040704787,-0.17028317,-0.11340803,0.13136292,-0.13451847,0.11815328,False,0.0
4871.209092833,0,0.009349048,-0.17113072,-0.08510387,0.14747924,-0.12831773,0.12453894,False,0.0
4871.229092833,0,-0.011809647,-0.16872099,-0.065295696,0.14835744,-0.1361094,0.13370682,False,0.0
4871.249092833,0,-0.027564108,-0.15683073,-0.05321288,0.12158906,-0.13536437,0.13810936,False,0.0
4871.269092833,20000000,-0.05158609,-0.13680425,-0.03255719,0.076643035,-0.143575,0.14383674,False,0.0
4871.289092833,0,-0.07836115,-0.117953,-0.01485014,0.029892094,-0.16999538,0.1676073,False,0.0
4871.309092833,20000000,-0.098656,-0.11199072,-0.0060970187,-0.004973557,-0.18978001,0.19436774,False,0.0
4871.329092833,0,-0.11436725,-0.09773518,0.007741511,-0.03466857,-0.21099742,0.22269726,False,0.0
4871.349092833,0,-0.10039204,-0.08562067,0.012615681,-0.0663123,-0.2030714,0.22994447,False,0.0
4871.369092833,0,-0.10037804,-0.06366879,0.028247774,-0.08995431,-0.17348085,0.23744382,False,0.0
4871.389092833,0,-0.09982121,-0.052180022,0.031622708,-0.099018924,-0.1605202,0.262557,False,0.0
4871.409092833,0,-0.107388556,-0.039146096,0.03732246,-0.101620905,-0.14237164,0.28898016,False,0.0
4871.429092833,0,-0.119040966,-0.02407834,0.04204178,-0.106300175,-0.15546837,0.3538679,False,0.0
4871.449092833,0,-0.10242683,-0.021736354,0.028805614,-0.11207681,-0.15458149,0.42481667,False,0.0
4871.469092833,0,-0.097415626,-0.0046498775,0.030343473,-0.14673619,-0.1147646,0.43878508,False,0.0
4871.489092833,20000000,-0.092375875,0.01246053,0.03189999,-0.18139556,-0.074947715,0.45275348,False,0.0
4871.509092833,40000000,-0.087307274,0.029594481,0.03347528,-0.21605495,-0.035130825,0.46672186,False,0.0
4871.529092833,0,-0.07847369,0.030043066,0.022931278,-0.23569661,0.018364739,0.45151547,False,0.0
4871.549092833,0,-0.07192755,0.045954913,0.018033981,-0.26548353,0.03834433,0.4351553,False,0.0
4871.569092833,20000000,-0.065348566,0.061885953,0.0131390095,-0.29527044,0.058323927,0.41879517,False,0.0
4871.589092833,0,-0.062194526,0.084901094,0.0058713555,-0.34288648,0.05443141,0.43016577,False,0.0
4871.609092833,20000000,-0.059742868,0.09863761,0.00030362606,-0.3718933,0.056387447,0.45685548,False,0.0
4871.629092833,0,-0.056989074,0.095498055,-0.004399359,-0.3575408,0.07293975,0.49958438,False,0.0
4871.649092833,20000000,-0.05422908,0.09242469,-0.009102583,-0.34318826,0.08949205,0.5423133,False,0.0
4871.669092833,0,-0.044298947,0.0882158,-0.0054301023,-0.31660557,0.13472801,0.5273536,False,0.0
4871.689092833,20000000,-0.03435272,0.08407113,-0.0017563701,-0.2900229,0.17996396,0.51239383,False,0.0
4871.709092833,0,-0.025098085,0.08106971,-0.003894329,-0.25841624,0.20828164,0.48334792,False,0.0
4871.729092833,0,-0.02157098,0.08909348,-0.0005506873,-0.23612261,0.2077762,0.45538238,False,0.0
4871.749092833,20000000,-0.01802355,0.09717038,0.0027871132,-0.21382898,0.20727077,0.42741686,False,0.0
4871.769092833,0,-0.006112218,0.103476554,-0.011385918,-0.18338567,0.20330879,0.38228592,False,0.0
4871.789092833,20000000,0.005820036,0.109825045,-0.02556473,-0.15294236,0.19934683,0.33715498,False,0.0
4871.809092833,0,0.012842357,0.10770908,-0.038704753,-0.1446182,0.21049666,0.29330575,False,0.0
4871.829092833,0,0.020199656,0.097846985,-0.03645748,-0.11340606,0.22595997,0.2447919,False,0.0
4871.849092833,20000000,0.016483426,0.10544166,-0.029924452,-0.110630654,0.2175988,0.21628411,False,0.0
4871.869092833,0,0.029722452,0.101305604,-0.030300021,-0.13582362,0.2017196,0.19994295,False,0.0
4871.889092833,20000000,0.043725073,0.07839438,-0.022440553,-0.1569476,0.18771341,0.14665449,False,0.0
4871.909092833,0,0.039472044,0.070920676,0.0023790598,-0.16725188,0.14617038,0.09032793,False,0.0
4871.929092833,0,0.031601667,0.091825485,0.01150918,-0.19765778,0.06857001,0.034693558,False,0.0
4871.949092833,20000000,0.027530968,0.10152733,0.005571604,-0.2502921,-0.039053418,-0.0055047087,False,0.0
4871.969092833,0,0.016581178,0.11291927,-0.010784507,-0.30311394,-0.1381385,-0.02634614,False,0.0
4871.989092833,20000000,0.015993476,0.10226944,-0.035913467,-0.34457192,-0.20201787,-0.021148833,False,0.0
4872.009092833,0,-0.0009390712,0.10113415,-0.05415809,-0.33003664,-0.20896567,-0.014573723,False,0.0
4872.029092833,0,-0.01602,0.08650455,-0.060186684,-0.2814229,-0.24548042,0.018471215,False,0.0
4872.049092833,20000000,-0.026482224,0.07444152,-0.069984555,-0.204263,-0.23667255,0.046608396,False,0.0
4872.069092833,0,-0.02585107,0.04934579,-0.07084131,-0.13247055,-0.21638939,0.055908676,False,0.0
4872.089092833,20000000,-0.025209486,0.024240732,-0.07171255,-0.060678117,-0.19610623,0.06520896,False,0.0
4872.109092833,40000000,-0.018773079,0.0070854425,-0.052897096,-0.032606006,-0.18603346,0.090623036,False,0.0
4872.129092833,0,-0.031172693,-0.015989512,-0.02571845,0.0058009066,-0.22349644,0.116043046,False,0.0
4872.149092833,20000000,-0.035995126,-0.027655423,-0.024459362,0.009171965,-0.27728438,0.1437908,False,0.0
4872.169092833,0,-0.031051695,-0.03288594,-0.03683704,-0.052143306,-0.31060603,0.1750263,False,0.0
4872.189092833,0,-0.013186574,-0.051191032,-0.050304472,-0.10521641,-0.29466602,0.14303842,False,0.0
4872.209092833,0,0.0011976361,-0.072324574,-0.05139941,-0.115577266,-0.27029917,0.07631727,False,0.0
4872.229092833,0,0.0047778487,-0.07308696,-0.044732332,-0.10103041,-0.24557829,-0.010781005,False,0.0
4872.249092833,20000000,-0.0041856766,-0.055688113,-0.031251132,-0.08011841,-0.2703501,-0.08264433,False,0.0
4872.269092833,0,-0.0060780644,-0.035998493,-0.03454703,-0.056150522,-0.32868046,-0.13038029,False,0.0
4872.289092833,20000000,-0.00033706427,-0.019326717,-0.044240236,-0.027689995,-0.36131656,-0.15237123,False,0.0
4872.309092833,0,-0.0034828782,0.0021662116,-0.058035493,0.0039328057,-0.35418043,-0.14809456,False,0.0
4872.329092833,0,-0.019590735,0.012431115,-0.055661023,0.032761253,-0.35227093,-0.097356394,False,0.0
4872.349092833,20000000,-0.039550364,0.0038692355,-0.04543948,0.06745859,-0.36946815,-0.029081032,False,0.0
4872.369092833,0,-0.04989779,-0.016790181,-0.0491423,0.079028964,-0.3646952,-0.03253064,False,0.0
4872.389092833,20000000,-0.060204923,-0.037436843,-0.05288613,0.090599336,-0.35992223,-0.035980247,False,0.0
4872.409092833,0,-0.06258106,-0.04791826,-0.06656104,0.09465568,-0.3235892,-0.07631349,False,0.0
4872.429092833,0,-0.066906095,-0.042523235,-0.067566454,0.085357025,-0.26893568,-0.114878945,False,0.0
4872.449092833,20000000,-0.06766504,-0.037999958,-0.06492287,0.07253917,-0.21948251,-0.13227122,False,0.0
4872.469092833,0,-0.06353396,-0.044459045,-0.065135,0.06778688,-0.16826928,-0.14630936,False,0.0
4872.489092833,0,-0.05105126,-0.045478553,-0.059517145,0.06106559,-0.10383305,-0.17946285,False,0.0
4872.509092833,20000000,-0.038558304,-0.046480864,-0.053908587,0.054344296,-0.039396815,-0.21261634,False,0.0
4872.529092833,0,-0.036540687,-0.03401825,-0.037310302,0.041320816,-0.011729343,-0.22590701,False,0.0
4872.549092833,20000000,-0.02699548,-0.029929698,-0.029978096,0.016963227,0.02414781,-0.23201956,False,0.0
4872.569092833,0,-0.023976445,-0.028493106,-0.02123171,-0.00056005456,0.027535852,-0.22567286,False,0.0
4872.589092833,0,-0.027718127,-0.017920375,-0.004480481,-0.009892721,0.02128395,-0.20976686,False,0.0
4872.609092833,0,-0.031356454,-0.021469116,0.0033507347,-0.0008166544,-0.017027106,-0.17897968,False,0.0
4872.629092833,0,-0.027224481,-0.02788189,-0.002656579,0.020607252,-0.03517531,-0.1615866,False,0.0
4872.649092833,0,-0.019223154,-0.025663853,-0.014433861,0.030669566,-0.015708826,-0.14819492,False,0.0
4872.669092833,0,-0.018659115,-0.021851182,-0.011079431,0.0084009,0.000944566,-0.123132676,False,0.0
4872.689092833,20000000,-0.018092632,-0.018037528,-0.0077248216,-0.0138677675,0.017597958,-0.09807043,False,0.0
4872.709092833,40000000,-0.017523825,-0.01422292,-0.0043699145,-0.036136433,0.034251347,-0.07300818,False,0.0
4872.729092833,0,-0.015042603,-0.012441307,-0.0060394406,-0.051706214,0.042620823,-0.044073153,False,0.0
4872.749092833,20000000,-0.0121074915,-0.020307004,-0.0028713346,-0.05029092,0.053153254,-0.029717574,False,0.0
4872.769092833,0,-0.019032419,-0.017167866,0.003060162,-0.044199947,0.06847681,-0.025302805,False,0.0
4872.789092833,20000000,-0.021910012,-0.010806441,0.0043509007,-0.044623543,0.06408624,-0.0097496435,False,0.0
4872.809092833,0,-0.02357173,-0.0032977462,-0.0014815927,-0.045576718,0.08100061,0.013744105,False,0.0
4872.829092833,0,-0.025056362,-0.00084230304,0.0010982156,-0.03688992,0.084896356,0.036702216,False,0.0
4872.849092833,0,-0.019711554,-0.0053769946,0.0065557957,-0.043661214,0.09901394,0.05051647,False,0.0
4872.869092833,20000000,-0.014364004,-0.009908915,0.012010038,-0.050432514,0.11313152,0.06433073,False,0.0
4872.889092833,40000000,-0.0077189803,-0.010817498,0.009833574,-0.05289151,0.120913744,0.06407754,False,0.0
4872.909092833,0,-0.002790153,-0.0037507415,0.0015283227,-0.06701117,0.13652027,0.07052313,False,0.0
4872.929092833,20000000,-0.00045245886,-0.005481422,-0.0041902065,-0.07942563,0.14615525,0.08261222,False,0.0
4872.949092833,0,0.010325432,-0.015984565,-0.0036126971,-0.085586615,0.17116234,0.11345163,False,0.0
4872.969092833,0,0.014762342,-0.018125087,-0.0017980337,-0.09440875,0.19110537,0.12366991,False,0.0
4872.989092833,20000000,0.019212008,-0.020250648,3.8146973e-06,-0.103230886,0.2110484,0.13388819,False,0.0
4873.009092833,40000000,0.023674488,-0.022361338,0.0017929673,-0.11205303,0.23099141,0.14410646,False,0.0
4873.029092833,0,0.020423293,-0.026434451,0.017408013,-0.11004669,0.22765195,0.14634149,False,0.0
4873.049092833,20000000,0.024642587,-0.044424266,0.01680541,-0.07626279,0.21347927,0.1475837,False,0.0
4873.069092833,0,0.019144475,-0.040233463,0.027171671,-0.037251342,0.18858112,0.13575941,False,0.0
4873.089092833,20000000,0.01663071,-0.028141975,0.029423654,-0.028117385,0.15697607,0.15007278,False,0.0
4873.109092833,0,0.021360517,-0.028424233,0.024289012,-0.029826397,0.15039146,0.14019379,False,0.0
4873.129092833,20000000,0.011734426,-0.016552597,0.018438578,-0.056865595,0.13245626,0.1308307,False,0.0
4873.149092833,0,0.0060871243,-0.021708429,0.01617837,-0.07114572,0.094950706,0.09438679,False,0.0
4873.169092833,0,0.011659503,-0.022888988,0.006715715,-0.08625719,0.10806054,0.025401056,False,0.0
4873.189092833,20000000,0.005920708,-0.018904418,0.0053729415,-0.080371976,0.07603674,-0.02035096,False,0.0
4873.209092833,0,0.014356971,0.008174151,-0.011570513,-0.11597642,0.027506594,-0.072678745,False,0.0
4873.229092833,0,0.026764989,0.02142793,-0.026570082,-0.13314767,-0.0007970296,-0.10495221,False,0.0
4873.249092833,20000000,0.03917855,0.034685344,-0.04157847,-0.15031894,-0.029100655,-0.13722567,False,0.0
4873.269092833,0,0.034629643,0.05311477,-0.040827274,-0.13658209,-0.05780605,-0.12753168,False,0.0
4873.289092833,0,0.043347836,0.06031272,-0.052489102,-0.09461798,-0.06318253,-0.097991824,False,0.0
4873.309092833,20000000,0.052071214,0.06751275,-0.06415886,-0.052653857,-0.06855901,-0.06845196,False,0.0
4873.329092833,40000000,0.03045398,0.073625684,-0.031502843,0.00011112541,-0.10858862,-0.0058441684,False,0.0
4873.349092833,0,0.03628719,0.058100104,-0.039111137,0.029014084,-0.088910654,0.019643249,False,0.0
4873.369092833,0,0.0021117926,0.048341155,-0.019855917,0.059162043,-0.15886652,0.047557656,False,0.0
4873.389092833,0,0.0018017292,0.05690679,-0.021445632,0.035536356,-0.2329377,0.04506886,False,0.0
4873.408993667,0,0.010618676,0.05690919,-0.024292449,0.007794515,-0.28213453,0.0012876067,False,0.0
4873.428993667,0,0.031009912,0.07212171,-0.024725795,0.006131221,-0.30499083,-0.05848691,False,0.0
4873.448993667,0,0.038417876,0.11192414,-0.013863564,0.006677935,-0.37139845,-0.07395798,False,0.0
4873.468993667,0,0.056528926,0.123883605,-0.015114069,0.05713615,-0.42923808,-0.057740964,False,0.0
4873.488993667,0,0.061863184,0.1321043,-0.01818049,0.15044844,-0.47320038,-0.031320415,False,0.0
4873.508993667,20000000,0.054232657,0.15636745,-0.02979207,0.2155684,-0.5401029,0.018447112,False,0.0
4873.528993667,0,0.057228804,0.1645101,-0.050813437,0.23537101,-0.58378386,0.022760162,False,0.0
4873.548993667,0,0.05717361,0.15164158,-0.050308704,0.25701037,-0.58788633,-0.043616943,False,0.0
4873.568993667,0,0.02173996,0.15995339,-0.02371627,0.360535,-0.62786484,-0.103254035,False,0.0
4873.588993667,20000000,-0.013585687,0.16835913,0.00272578,0.46405962,-0.66784334,-0.16289112,False,0.0
4873.608993667,40000000,-0.041168272,0.1873473,0.020414114,0.5484981,-0.75133044,-0.14268513,False,0.0
4873.628993667,0,-0.0542022,0.1860176,0.02686739,0.6091607,-0.8187462,-0.099823,False,0.0
4873.648993667,0,-0.056772232,0.16339898,0.020521104,0.6563707,-0.8292288,-0.08656365,False,0.0
4873.668993667,20000000,-0.08196622,0.15140161,0.025783658,0.6746753,-0.8305206,-0.081833236,False,0.0
4873.688993667,0,-0.09850079,0.13646305,0.014576197,0.6594088,-0.82783,-0.07000822,False,0.0
4873.708993667,20000000,-0.10270804,0.10333678,0.0029228926,0.63880444,-0.7994584,-0.07013082,False,0.0
4873.728993667,0,-0.11420387,0.08165896,0.008366823,0.6142634,-0.74911106,-0.08110738,False,0.0
4873.748993667,0,-0.12053761,0.09027009,0.007059157,0.53933096,-0.69913703,-0.046324767,False,0.0
4873.768993667,20000000,-0.12675902,0.09906267,0.0054292083,0.46439856,-0.649163,-0.011542156,False,0.0
4873.788993667,0,-0.13634303,0.111723244,0.02756399,0.38079312,-0.5987773,0.07330847,False,0.0
4873.808993667,0,-0.1386295,0.12998109,0.043100953,0.2849447,-0.54469174,0.20970498,False,0.0
4873.828993667,0,-0.13210624,0.14256565,0.054563046,0.17382938,-0.50012714,0.38422695,False,0.0
4873.848993667,20000000,-0.13314885,0.15761834,0.07103187,0.024172768,-0.47113013,0.59738654,False,0.0
4873.868993667,0,-0.15087807,0.18195796,0.07665646,-0.21852821,-0.50137097,0.929543,False,0.0
4873.888993667,20000000,-0.16855177,0.20617996,0.08224082,-0.4612292,-0.53161186,1.2616996,False,0.0
4873.908993667,40000000,-0.1949918,0.2080741,0.07015437,-0.76258016,-0.5689748,1.6959,False,0.0
4873.928993667,0,-0.21116899,0.16577227,0.034375608,-1.062037,-0.5869008,2.165447,False,0.0
4873.948993667,0,-0.2091388,0.10628863,-0.0153644085,-1.3451439,-0.52643764,2.5420198,False,0.0
4873.968993667,20000000,-0.20730443,0.046912372,-0.06518835,-1.628251,-0.4659745,2.918593,False,0.0
4873.988993667,0,-0.19596827,-0.017774358,-0.10200012,-1.8743808,-0.34383148,3.1620278,False,0.0
4874.008993667,20000000,-0.17959376,-0.077161536,-0.13056755,-2.0768588,-0.2122985,3.306001,False,0.0
4874.028993667,0,-0.14678904,-0.13145632,-0.15270561,-2.1922555,-0.066618145,3.3370137,False,0.0
4874.048993667,0,-0.08957556,-0.17794451,-0.17091787,-2.2260056,0.105062336,3.2692888,False,0.0
4874.068993667,0,-0.046312302,-0.20662598,-0.15161222,-2.1660256,0.23435996,3.136848,False,0.0
4874.088993667,20000000,-0.0076242983,-0.2264119,-0.12197822,-2.0091338,0.29515216,2.936647,False,0.0
4874.108993667,0,0.023293495,-0.22372434,-0.09270871,-1.8056988,0.2755479,2.6816938,False,0.0
4874.128993667,0,0.04111308,-0.2121594,-0.06466138,-1.5887302,0.21050468,2.3869267,False,0.0
4874.148993667,20000000,0.03209257,-0.18542245,-0.034333587,-1.3747125,0.05246541,2.0970752,False,0.0
4874.168993667,0,0.01973921,-0.1611117,-0.032165825,-1.189542,-0.13772547,1.8503896,False,0.0
4874.188993667,20000000,0.0074344873,-0.13646829,-0.029936671,-1.0043716,-0.32791635,1.6037039,False,0.0
4874.208993667,0,-0.008032441,-0.113282874,-0.044793606,-0.85994035,-0.47502673,1.4057198,False,0.0
4874.228993667,0,-0.031339943,-0.10576865,-0.04266709,-0.7313646,-0.5784809,1.2380891,False,0.0
4874.248993667,20000000,-0.064623356,-0.104955286,-0.027938604,-0.6045548,-0.673936,1.0965976,False,0.0
4874.268993667,0,-0.082264185,-0.111571535,-0.02034229,-0.467274,-0.7467812,0.9679738,False,0.0
4874.288993667,20000000,-0.09976426,-0.11822337,-0.015781403,-0.3237304,-0.8033502,0.85386395,False,0.0
4874.308993667,0,-0.111668736,-0.11684892,-0.010234475,-0.19702175,-0.83091164,0.75172657,False,0.0
4874.328993667,0,-0.11286223,-0.09845774,-0.011944294,-0.12475411,-0.85113454,0.67664254,False,0.0
4874.348993667,20000000,-0.10465169,-0.08206913,-0.01828146,-0.11076075,-0.8460973,0.6147656,False,0.0
4874.368993667,0,-0.09772283,-0.07213001,-0.024226189,-0.12177496,-0.8286802,0.5714449,False,0.0
4874.388993667,20000000,-0.09958753,-0.05911687,-0.024512887,-0.14171518,-0.8187203,0.55439544,False,0.0
4874.408993667,0,-0.09572634,-0.05025135,-0.03565818,-0.16023819,-0.82520485,0.57792705,False,0.0
4874.428993667,20000000,-0.07747221,-0.048865482,-0.060273886,-0.18677065,-0.7922577,0.6076567,False,0.0
4874.448993667,0,-0.05392629,-0.06004207,-0.08535111,-0.2060637,-0.73692286,0.62650365,False,0.0
4874.468993667,0,-0.051786482,-0.062301293,-0.077793956,-0.21993329,-0.6814299,0.6083127,False,0.0
4874.488993667,20000000,-0.049552083,-0.06469762,-0.07035959,-0.23380287,-0.625937,0.5901218,False,0.0
4874.508993667,0,-0.047395676,-0.05699873,-0.06293863,-0.27138,-0.591609,0.58887064,False,0.0
4874.528993667,0,-0.04073605,-0.06439637,-0.046563387,-0.29403934,-0.5353943,0.57835555,False,0.0
4874.548993667,20000000,-0.031591475,-0.09035054,-0.034066617,-0.28508803,-0.46009687,0.5450214,False,0.0
4874.568993667,0,-0.02666244,-0.121591166,-0.002918601,-0.23232737,-0.3726568,0.47606468,False,0.0
4874.588993667,20000000,-0.02556926,-0.1296176,0.028398037,-0.1755024,-0.31417263,0.3947659,False,0.0
4874.608993667,0,-0.018815458,-0.12472414,0.057316363,-0.12636048,-0.27331713,0.3391597,False,0.0
4874.628993667,0,-0.008102566,-0.12790105,0.07788372,-0.078764774,-0.26622164,0.29754835,False,0.0
4874.648993667,20000000,0.0106423795,-0.12661314,0.07028437,-0.046130486,-0.26856393,0.27440837,False,0.0
4874.668993667,0,0.029544562,-0.11408853,0.049651027,-0.050419286,-0.27624282,0.25733322,False,0.0
4874.688993667,20000000,0.045098215,-0.09025301,0.005176902,-0.119602814,-0.30194923,0.25218406,False,0.0
4874.708993667,0,0.07807678,-0.06845857,-0.031822443,-0.24007279,-0.28521597,0.22839914,False,0.0
4874.728993667,20000000,0.10824993,-0.05109957,-0.054448962,-0.3749135,-0.21827596,0.18261066,False,0.0
4874.748993667,0,0.10724029,-0.041804552,-0.04421717,-0.46732903,-0.13500386,0.16241847,False,0.0
4874.768993667,0,0.09428269,-0.050643355,-0.023259342,-0.43617752,-0.12580854,0.22135864,False,0.0
4874.788993667,20000000,0.08129683,-0.05947344,-0.002340734,-0.40502602,-0.11661322,0.2802988,False,0.0
4874.808993667,0,0.09984836,-0.08453551,0.0019779205,-0.33124584,-0.094096504,0.27894115,False,0.0
4874.828993667,0,0.103529215,-0.10167372,0.020401299,-0.25294778,-0.061751537,0.2052528,False,0.0
4874.848993667,20000000,0.07909903,-0.098687306,0.05500084,-0.18864919,-0.083960935,0.1407757,False,0.0
4874.868993667,0,0.0661881,-0.09796136,0.073035836,-0.12190191,-0.16940254,0.11561905,False,0.0
4874.888993667,20000000,0.07431817,-0.106937036,0.062104702,-0.064738445,-0.22416066,0.10685769,False,0.0
4874.908993667,0,0.08669004,-0.12446302,0.046079338,-0.02530564,-0.2545623,0.06085714,False,0.0
4874.928993667,0,0.10470706,-0.12984353,0.0398916,-0.014897972,-0.22414906,-0.035780348,False,0.0
4874.948993667,20000000,0.09943107,-0.1300635,0.036623538,-0.029560946,-0.22083358,-0.1405326,False,0.0
4874.968993667,0,0.081373125,-0.1299735,0.038393795,-0.03727808,-0.22720663,-0.25979558,False,0.0
4874.988993667,20000000,0.053200185,-0.119388625,0.037331104,-0.019632306,-0.23422581,-0.36161008,False,0.0
4875.008993667,0,0.016490042,-0.100275554,0.04012233,0.007309258,-0.2434179,-0.45099983,False,0.0
4875.028993667,0,3.0845404e-05,-0.08971818,0.0023450851,0.034492627,-0.25573277,-0.55753684,False,0.0
4875.048993667,0,-0.008841217,-0.065902084,-0.17013347,-0.053929158,-0.3699673,-0.672559,False,0.0
4875.068993667,0,-0.08558388,-0.01536569,-0.10331017,-0.12880707,-0.30630505,-0.7655033,False,0.0
4875.088993667,20000000,-0.1621587,0.03528267,-0.036534607,-0.20368499,-0.24264276,-0.8584476,False,0.0
4875.108993667,40000000,-0.2385678,0.08604619,0.03019321,-0.2785629,-0.17898047,-0.95139194,False,0.0
4875.128993667,0,-0.29993403,0.10824743,0.024231136,-0.28651926,-0.2815836,-0.82299614,False,0.0
4875.148993667,0,-0.3145439,0.112416506,-0.020123959,-0.27633655,-0.40565002,-0.6591149,False,0.0
4875.168993667,0,-0.29587528,0.12109703,-0.08428186,-0.32909903,-0.44520682,-0.53977245,False,0.0
4875.188993667,20000000,-0.28922376,0.13999489,-0.09984046,-0.44288328,-0.4042377,-0.4493625,False,0.0
4875.208993667,0,-0.27940395,0.13402003,-0.0933758,-0.54663604,-0.29784194,-0.3751855,False,0.0
4875.228993667,0,-0.27928606,0.109312356,-0.0680387,-0.5902324,-0.15974136,-0.30311838,False,0.0
4875.248993667,0,-0.2807456,0.08428982,-0.049269795,-0.59255207,-0.0321465,-0.21704523,False,0.0
4875.268993667,20000000,-0.2825759,0.059234113,-0.03637564,-0.589368,0.07878461,-0.15194991,False,0.0
4875.288993667,0,-0.27875143,0.037062526,-0.027316868,-0.58809495,0.14558575,-0.11344676,False,0.0
4875.308993667,0,-0.2667312,0.019389927,-0.030478537,-0.6021095,0.18528607,-0.10652841,False,0.0
4875.328993667,20000000,-0.254669,0.0017767549,-0.033786476,-0.61612403,0.22498639,-0.09961006,False,0.0
4875.348993667,40000000,-0.24327616,-0.03060183,-0.03907287,-0.5812778,0.2706558,-0.13707514,False,0.0
4875.368993667,0,-0.24936813,-0.049170762,-0.040467024,-0.52268994,0.30847052,-0.21822223,False,0.0
4875.388993667,0,-0.2501857,-0.062087387,-0.047127962,-0.45777297,0.3462829,-0.3681369,False,0.0
4875.408993667,20000000,-0.25090653,-0.07495722,-0.053867698,-0.392856,0.38409528,-0.5180516,False,0.0
4875.428993667,0,-0.2426854,-0.08269957,-0.062331796,-0.33133844,0.47182313,-0.7593446,False,0.0
4875.448993667,20000000,-0.2298802,-0.069261044,-0.055702448,-0.26849777,0.5889495,-1.0340418,False,0.0
4875.468993667,0,-0.22768518,-0.027477115,-0.027899325,-0.21571997,0.6853255,-1.2694123,False,0.0
4875.488993667,20000000,-0.22050555,0.03394726,-0.03055811,-0.210763,0.6991014,-1.3939506,False,0.0
4875.508993667,0,-0.18439028,0.07475504,-0.052055657,-0.23808129,0.6983594,-1.4238389,False,0.0
4875.528993667,20000000,-0.13433108,0.096547544,-0.065784454,-0.2552905,0.72910637,-1.3931768,False,0.0
4875.548993667,0,-0.10703923,0.11967236,-0.028795958,-0.22969747,0.72564685,-1.2868115,False,0.0
4875.568993667,0,-0.0676963,0.1427857,0.0010344386,-0.21819247,0.7739139,-1.1896425,False,0.0
4875.588993667,20000000,-0.04103373,0.17183459,0.044439197,-0.2284342,0.81263685,-1.1034789,False,0.0
4875.608993667,0,-0.027844772,0.19209176,0.06952834,-0.2761269,0.8542724,-1.0291181,False,0.0
4875.628993667,20000000,-0.035137817,0.20176905,0.10756099,-0.31358847,0.814281,-0.9091849,False,0.0
4875.648993667,0,-0.03913948,0.18169123,0.13037133,-0.30146986,0.73397535,-0.75949657,False,0.0
4875.668993667,0,-0.031102821,0.15221858,0.120538,-0.27074644,0.64171135,-0.6221912,False,0.0
4875.688993667,0,-0.03011088,0.14757597,0.10484725,-0.28026104,0.5525934,-0.54708815,False,0.0
4875.708993667,20000000,-0.028977543,0.14293396,0.089086354,-0.28977564,0.46347547,-0.47198507,False,0.0
4875.728993667,40000000,-0.05095917,0.16280419,0.09087837,-0.34082013,0.3795103,-0.43623385,False,0.0
4875.748993667,0,-0.057484254,0.16681343,0.072090626,-0.38943982,0.28298935,-0.378879,False,0.0
4875.768993667,0,-0.08431417,0.16145134,0.07886481,-0.3869468,0.20199884,-0.2876199,False,0.0
4875.788993667,20000000,-0.08431965,0.14318097,0.065339565,-0.35025856,0.14649464,-0.18204096,False,0.0
4875.80895975,0,-0.091382034,0.13669147,0.057488773,-0.3280032,0.12553337,-0.06921663,False,0.0
4875.82895975,0,-0.059550464,0.11028874,0.047159374,-0.34262067,0.13324359,0.007094249,False,0.0
4875.84895975,0,-0.015833884,0.08525324,0.047237754,-0.35617557,0.19078799,0.007500443,False,0.0
4875.86895975,20000000,0.007802725,0.07474977,0.061342716,-0.36033222,0.26589108,-0.04682107,False,0.0
4875.88895975,0,0.006078452,0.07661122,0.082675636,-0.3398637,0.30071205,-0.097921215,False,0.0
4875.90895975,20000000,0.0067869723,0.06918043,0.09274417,-0.28742972,0.29624963,-0.12550811,False,0.0
4875.92895975,0,0.010477513,0.05545175,0.09292519,-0.21613234,0.25561053,-0.12937531,False,0.0
4875.94895975,0,0.014546812,0.04539323,0.079426825,-0.15472972,0.19530724,-0.12659508,False,0.0
4875.96895975,0,0.019430071,0.03843379,0.05490887,-0.13096544,0.1249977,-0.13211013,False,0.0
4875.98895975,0,0.021107882,0.030760407,0.032236576,-0.13684054,0.07103165,-0.14227408,False,0.0
4876.00895975,20000000,0.019567192,0.02176094,0.018308043,-0.13965476,0.03135127,-0.14208198,False,0.0
4876.02895975,0,0.01532951,0.014415562,0.010150611,-0.12797017,0.019479748,-0.13372605,False,0.0
4876.04895975,0,0.0028498173,0.018246233,0.01093781,-0.11638498,0.012549586,-0.10290635,False,0.0
4876.06895975,20000000,-0.014149427,0.028004527,0.014033496,-0.12661293,-0.0025243042,-0.051545423,False,0.0
4876.08895975,0,-0.02564761,0.03260982,0.01309675,-0.15229823,-0.024434753,0.0074771456,False,0.0
4876.10895975,0,-0.027880922,0.027493894,0.0060222745,-0.18408129,-0.031278554,0.052939143,False,0.0
4876.12895975,0,-0.02522695,0.01690489,0.0031203628,-0.2013303,-0.011421442,0.046882384,False,0.0
4876.14895975,20000000,-0.022577077,0.006328523,0.00020694733,-0.21857932,0.008435674,0.040825628,False,0.0
4876.16895975,0,-0.03278756,0.008399427,0.006617844,-0.23041314,0.009458413,0.018120788,False,0.0
4876.18895975,20000000,-0.0392759,0.005593717,0.0060507655,-0.2271882,-0.01357195,0.0040876297,False,0.0
4876.20895975,0,-0.033759966,-0.0024840236,-0.007107973,-0.21041214,-0.033185426,-0.009478767,False,0.0
4876.22895975,0,-0.026003286,-0.011902094,-0.018154204,-0.17274512,-0.039316703,-0.02501693,False,0.0
4876.24895975,20000000,-0.027227208,-0.012576044,-0.022129536,-0.13601752,-0.04142518,-0.03137684,False,0.0
4876.26895975,0,-0.035217494,-0.0063672066,-0.018404424,-0.11468319,-0.055290334,-0.026650246,False,0.0
4876.28895975,20000000,-0.045894533,0.0012100935,-0.013391435,-0.10663813,-0.091028966,-0.005366748,False,0.0
4876.30895975,0,-0.05278243,0.011814773,-0.011849999,-0.113767534,-0.1237405,0.0134760775,False,0.0
4876.32895975,0,-0.05289708,0.01839739,-0.014351368,-0.13084346,-0.13766035,0.02200659,False,0.0
4876.34895975,20000000,-0.05046174,0.02087593,-0.01702398,-0.1494266,-0.12692158,0.020055441,False,0.0
4876.36895975,0,-0.04738593,0.02087468,-0.018226206,-0.14857914,-0.09710488,0.0018597916,False,0.0
4876.38895975,0,-0.046332657,0.020970106,-0.020392656,-0.13298637,-0.05766074,-0.022579825,False,0.0
4876.40895975,20000000,-0.051378235,0.02242434,-0.017836273,-0.10588217,-0.028225573,-0.04424923,False,0.0
4876.42895975,0,-0.05222346,0.026908875,-0.016746283,-0.07589338,-0.01972013,-0.04723744,False,0.0
4876.44895975,20000000,-0.053067252,0.031397045,-0.015659273,-0.04590459,-0.0112146875,-0.050225653,False,0.0
4876.46895975,0,-0.04689178,0.0290097,-0.019266665,-0.02300127,0.0025203023,-0.048805647,False,0.0
4876.48895975,0,-0.041294575,0.02062422,-0.017097652,0.0037214179,0.0093909595,-0.039104465,False,0.0
4876.50895975,0,-0.032030642,0.009680033,-0.013935685,0.03056048,0.016421255,-0.025462925,False,0.0
4876.52895975,0,-0.02553995,-0.00089883804,-0.011090815,0.042290002,0.019141052,-0.016399277,False,0.0
4876.54895975,0,-0.020434693,-0.0073701143,-0.006538391,0.038484327,0.017976493,-0.017189758,False,0.0
4876.56895975,20000000,-0.015462175,-0.011850238,-0.0033074021,0.028424129,0.0125391,-0.021070035,False,0.0
4876.58895975,0,-0.011594459,-0.0129829645,-0.0004891157,0.016378727,0.00950574,-0.028850432,False,0.0
4876.60895975,0,-0.011557087,-0.012930274,-0.00045210123,0.0022901194,0.0026066052,-0.033124365,False,0.0
4876.62895975,0,-0.012602881,-0.01035583,-0.00030481815,-0.0066843387,-0.009615972,-0.026422027,False,0.0
4876.64895975,20000000,-0.008774191,-0.008977115,-0.0021610856,-0.011033968,-0.020415755,-0.015933596,False,0.0
4876.66895975,0,-0.0066467077,-0.009081483,-0.004047632,-0.01728339,-0.025834274,-0.0098707955,False,0.0
4876.68895975,20000000,-0.0048899055,-0.00987792,-0.00417763,-0.021154458,-0.03104671,-0.012710546,False,0.0
4876.70895975,0,-0.0040783584,-0.0102292895,-0.0050687194,-0.02668009,-0.029018715,-0.02757262,False,0.0
4876.72895975,0,-0.0093178,-0.009058952,-0.0061771274,-0.019197222,-0.047119845,-0.029914629,False,0.0
4876.74895975,20000000,-0.01455687,-0.007887781,-0.007286966,-0.011714356,-0.065220974,-0.032256637,False,0.0
4876.76895975,40000000,-0.010333434,-0.004031539,-0.018311977,-0.015418335,-0.06443936,-0.025770131,False,0.0
4876.78895975,0,-0.009407237,-7.224083e-05,-0.021361172,-0.024451867,-0.039614137,-0.015163815,False,0.0
4876.80895975,0,-0.01703918,0.002213955,-0.01668179,-0.027774887,-0.019344803,0.0024052747,False,0.0
4876.82895975,0,-0.025306731,0.0025513172,-0.007312596,-0.026390815,-0.031283684,0.033396676,False,0.0
4876.84895975,20000000,-0.026831388,-0.00061911345,-0.0034899712,-0.024466218,-0.03986796,0.059475422,False,0.0
4876.86895975,0,-0.025464997,0.0018027425,-0.0024371147,-0.03181813,-0.049655914,0.07162384,False,0.0
4876.88895975,20000000,-0.026787028,0.007979691,-0.0007942915,-0.058921535,-0.05911853,0.07343185,False,0.0
4876.90895975,0,-0.025017574,0.01180017,-0.0022200942,-0.091903016,-0.059424672,0.06579242,False,0.0
4876.92895975,0,-0.019591048,0.01582241,-0.0016599298,-0.11780247,-0.053798735,0.054222494,False,0.0
4876.94895975,20000000,-0.016588867,0.019241512,-1.5556812e-05,-0.12520772,-0.034188244,0.0431246,False,0.0
4876.96895975,0,-0.013493717,0.025502563,0.0024628043,-0.11185826,-0.018299468,0.036663212,False,0.0
4876.98895975,20000000,-0.0059984177,0.029361427,0.0014218092,-0.08865226,-0.010409857,0.043707207,False,0.0
4877.00895975,0,-0.0045181215,0.025392175,0.0041702986,-0.06265288,-0.0026054075,0.055107526,False,0.0
4877.02895975,20000000,-0.0030381382,0.02142471,0.006918311,-0.036653496,0.005199041,0.066507846,False,0.0
4877.04895975,40000000,-0.0015584081,0.017458975,0.009665668,-0.010654118,0.01300349,0.07790816,False,0.0
4877.06895975,60000000,-0.0001527518,0.010417104,0.010515034,0.0019287383,-0.00065918546,0.084016144,False,0.0
4877.08895975,0,0.0035322309,0.0016006827,0.00826627,0.004560208,-0.015514957,0.07386233,False,0.0
4877.10895975,0,0.006018251,-0.005647242,0.007973075,0.007462706,-0.019909294,0.050741665,False,0.0
4877.12895975,0,0.0035088211,-0.0058267117,0.010170817,0.0026859194,-0.018372282,0.031812474,False,0.0
4877.14895975,0,-0.00075495243,-0.0016884208,0.013998747,-0.009340161,-0.012348933,0.022091078,False,0.0
4877.16895975,20000000,-0.0030743927,-0.00059229136,0.016493142,-0.019360382,-0.020591296,0.010816963,False,0.0
4877.18895975,0,-0.0019688606,-0.00034874678,0.015071094,-0.031689454,-0.023037083,-0.0068124104,False,0.0
4877.20895975,0,-0.00095298886,0.0010417104,0.013202071,-0.036903862,-0.030447068,-0.024841152,False,0.0
4877.22895975,20000000,-1.642108e-05,0.00020492077,0.010821283,-0.03106656,-0.037148938,-0.03874464,False,0.0
4877.24895975,0,0.0008546561,-0.00023293495,0.0062273145,-0.023463538,-0.029607086,-0.041346326,False,0.0
4877.26895975,0,-0.0041069537,0.0013763309,0.0080548525,-0.012331847,-0.04722561,-0.027643707,False,0.0
4877.28895975,0,-0.003465265,0.002212584,0.0017723441,-0.015173755,-0.058648363,-0.010194857,False,0.0
4877.30895975,0,0.0037631094,-0.00095772743,-0.007891536,-0.021056404,-0.042083256,-0.008139068,False,0.0
4877.32895975,20000000,0.0024127811,0.0014153123,-0.007101476,-0.030215789,-0.017968562,-0.0056135505,False,0.0
4877.34895975,0,-0.0066055954,0.009221077,0.0038039684,-0.039019722,-0.016900057,0.003645924,False,0.0
4877.36895975,20000000,-0.013611972,0.016598642,0.012456119,-0.052517988,-0.039909996,0.016956517,False,0.0
4877.38895975,0,-0.010583535,0.019076884,0.010196984,-0.0672203,-0.054109763,0.024325714,False,0.0
4877.40895975,0,-0.0037006587,0.016583443,0.004409969,-0.07037366,-0.05136771,0.025978947,False,0.0
4877.42895975,0,0.0009095669,0.0061906576,0.0038916469,-0.048632234,-0.032880023,0.021561705,False,0.0
4877.44895975,0,0.001494348,-5.6147575e-05,0.0043966174,-0.020529993,-0.015977623,0.004200943,False,0.0
4877.46895975,0,-0.00045347214,0.0047003627,0.010310113,-0.0064401673,-0.017669454,-0.016773893,False,0.0
4877.48895975,0,0.0006541908,0.009781957,0.0149819255,-0.001609853,-0.033124924,-0.041217465,False,0.0
4877.50895975,0,0.0031539053,0.011340618,0.013133466,0.001784374,-0.04309188,-0.05379081,False,0.0
4877.52895975,20000000,0.0064386725,0.011356771,0.010420799,0.008197375,-0.042686325,-0.055900335,False,0.0
4877.54895975,0,0.004456818,0.01226604,0.008261144,0.024342781,-0.050956637,-0.043800287,False,0.0
4877.56895975,0,0.0020545572,0.015418887,0.010661542,0.030071694,-0.06502707,-0.020323813,False,0.0
4877.58895975,20000000,0.005884528,0.012324929,0.0075684786,0.027135862,-0.078202344,-0.011046901,False,0.0
4877.60895975,0,0.006548628,0.013480186,0.006264031,0.020160487,-0.08579363,-0.00090974104,False,0.0
4877.62895975,0,0.0021360666,0.014050603,0.008671701,0.012514118,-0.1052149,0.022487514,False,0.0
4877.64895975,20000000,-0.00054876506,0.014768064,0.011101961,0.013216737,-0.13932678,0.064101994,False,0.0
4877.66895975,40000000,0.0021654665,0.012049973,0.007055342,0.013835712,-0.16384283,0.10383211,False,0.0
4877.68895975,0,0.002791807,0.009709656,0.0069974065,0.010982106,-0.1769753,0.13183752,False,0.0
4877.70895975,0,0.002537787,0.0102466345,0.0075424314,0.008888187,-0.20152739,0.16091223,False,0.0
4877.72895975,20000000,0.0022892356,0.01078254,0.008086264,0.0067942673,-0.2260795,0.18998694,False,0.0
4877.74895975,0,0.005862817,0.01088953,0.0075562,-0.0025012475,-0.24311456,0.21173978,False,0.0
4877.76895975,20000000,0.008405089,0.010247171,0.010172069,-0.0057833134,-0.26991397,0.23037207,False,0.0
4877.78895975,0,0.0077142715,0.009263456,0.015221953,-0.0055926843,-0.29541188,0.24992782,False,0.0
4877.80895975,0,0.0038180202,0.013498187,0.020575166,-0.013837869,-0.3289586,0.27466223,False,0.0
4877.82895975,20000000,0.0030731559,0.022341013,0.022714972,-0.03625199,-0.36193255,0.30535617,False,0.0
4877.84895975,0,0.008545086,0.037536323,0.017687976,-0.072323784,-0.37828833,0.34160665,False,0.0
4877.86895975,20000000,0.00043210387,0.06096077,0.025027037,-0.11253283,-0.40568784,0.4194045,False,0.0
4877.88895975,0,-0.011108175,0.093088925,0.03151089,-0.1583671,-0.4676225,0.55418956,False,0.0
4877.90895975,20000000,-0.030635178,0.15149212,0.033602834,-0.24011514,-0.54426503,0.78453743,False,0.0
4877.92895975,0,-0.02027303,0.14043522,0.031388164,-0.3391665,-0.6116305,1.1117647,False,0.0
4877.94895975,20000000,-0.009927943,0.12966114,0.029314518,-0.43821788,-0.67899597,1.4389919,False,0.0
4877.96895975,40000000,0.0004095137,0.11916906,0.02738452,-0.53726923,-0.74636143,1.7662191,False,0.0
4877.98895975,0,-0.008451074,0.09942776,0.031125546,-0.6083364,-0.7988162,1.9685254,False,0.0
4878.00895975,20000000,-0.013309598,0.07424843,0.037796438,-0.6588289,-0.8773204,2.1244898,False,0.0
4878.02895975,0,-0.003174603,0.040352464,0.033696353,-0.689802,-0.944857,2.1978414,False,0.0
4878.04895975,0,0.010672122,0.0035719275,0.026646435,-0.69292974,-0.9724072,2.1868331,False,0.0
4878.06895975,20000000,0.0151105225,-0.017109334,0.027019799,-0.6903433,-0.9569888,2.07588,False,0.0
4878.08895975,0,0.005929798,-0.017188966,0.043551028,-0.6775901,-0.98800236,1.979999,False,0.0
4878.10895975,0,0.012075514,-0.021487832,0.050258696,-0.6528212,-1.0211787,1.8772678,False,0.0
4878.12895975,0,0.017014027,-0.010525227,0.050689638,-0.61834806,-1.0363389,1.76794,False,0.0
4878.14895975,0,0.016589165,-0.0035905838,0.05506915,-0.59309614,-1.0831687,1.6871799,False,0.0
4878.16895975,20000000,0.024654955,0.0053567886,0.04908794,-0.5723246,-1.0995029,1.6092473,False,0.0
4878.18895975,0,0.027417183,0.019792914,0.04938203,-0.543849,-1.1307873,1.5764123,False,0.0
4878.208940333,0,0.03113645,0.0135823125,0.039776042,-0.52076876,-1.1561011,1.5641489,False,0.0
4878.228940333,0,0.032119036,0.0030392408,0.034449458,-0.49185282,-1.1436381,1.4969633,False,0.0
4878.248940333,20000000,0.033369243,-0.007398188,0.029288352,-0.46293685,-1.1311752,1.4297775,False,0.0
4878.268940333,0,0.034160018,-0.017047524,0.026286066,-0.4172908,-1.1250254,1.355756,False,0.0
4878.288940333,20000000,0.034326375,-0.020601213,0.022224605,-0.38133076,-1.1100827,1.2949677,False,0.0
4878.308940333,0,0.029872179,-0.022693574,0.024223804,-0.35382304,-1.0940462,1.243213,False,0.0
4878.328940333,0,0.026079476,-0.025418103,0.02504915,-0.32891324,-1.0832404,1.1942844,False,0.0
4878.348940333,0,0.01991573,-0.020778716,0.02449894,-0.31452683,-1.0862603,1.1726567,False,0.0
4878.368940333,0,0.028189749,-0.025675595,0.017240584,-0.29982844,-1.0706328,1.1566885,False,0.0
4878.388940333,20000000,0.03598839,-0.035758674,0.01142472,-0.29074487,-1.0432253,1.131511,False,0.0
4878.408940333,0,0.038600594,-0.040985584,0.011408746,-0.29549238,-0.9979759,1.0753721,False,0.0
4878.428940333,0,0.03438753,-0.046260774,0.018801332,-0.30129895,-0.9750955,1.000811,False,0.0
4878.448940333,0,0.033254623,-0.052126944,0.02041006,-0.29858842,-0.94749117,0.90766716,False,0.0
4878.468940333,0,0.028497964,-0.05696833,0.02249062,-0.29262963,-0.925086,0.8088549,False,0.0
4878.488940333,20000000,0.025229156,-0.057344913,0.020241618,-0.28035587,-0.89977145,0.71601725,False,0.0
4878.508940333,0,0.021926433,-0.05380696,0.01723659,-0.26118666,-0.8814252,0.64575106,False,0.0
4878.528940333,0,0.027278423,-0.044071913,0.0041853786,-0.25345808,-0.86519116,0.58683693,False,0.0
4878.548940333,20000000,0.032722116,-0.034425497,-0.008961201,-0.2457295,-0.8489571,0.52792275,False,0.0
4878.568940333,0,0.031091452,-0.019512773,-0.00669837,-0.25107083,-0.81950074,0.48307067,False,0.0
4878.588940333,0,0.021914035,-0.005499065,0.0045114756,-0.26810944,-0.80108994,0.45083374,False,0.0
4878.608940333,0,0.010183811,0.003409803,0.015245259,-0.2755471,-0.78400785,0.4242342,False,0.0
4878.628940333,20000000,-0.0053801835,0.0064592957,0.024371505,-0.27067405,-0.77257216,0.39783767,False,0.0
4878.648940333,0,-0.014262289,0.004838228,0.02333361,-0.25808683,-0.75232905,0.361236,False,0.0
4878.668940333,0,-0.016917318,0.0012452602,0.01622212,-0.24053288,-0.709964,0.30611566,False,0.0
4878.688940333,20000000,-0.023532152,0.0018554926,0.011707306,-0.21818471,-0.6592894,0.25169694,False,0.0
4878.708940333,0,-0.029307067,0.001028657,0.010493338,-0.20065749,-0.61398363,0.20011109,False,0.0
4878.728940333,0,-0.032048672,-0.0005043745,0.008802235,-0.18161814,-0.57144856,0.12752983,False,0.0
4878.748940333,0,-0.0407179,0.012430489,0.0058369637,-0.17310572,-0.5346719,0.06788069,False,0.0
4878.768940333,0,-0.04488039,0.018617094,0.0008787513,-0.17108999,-0.50975394,0.020475212,False,0.0
4878.788940333,20000000,-0.046171427,0.016974628,-0.005770743,-0.16693112,-0.47755232,-0.03340021,False,0.0
4878.808940333,0,-0.056686133,0.017690003,-0.005645573,-0.1322433,-0.45301676,-0.06962328,False,0.0
4878.828940333,20000000,-0.067183554,0.018420458,-0.0055947304,-0.09755547,-0.4284812,-0.105846345,False,0.0
4878.848940333,40000000,-0.07766414,0.019166589,-0.0056182146,-0.06286765,-0.40394562,-0.14206941,False,0.0
4878.868940333,60000000,-0.08245687,0.02681005,-0.010530591,-0.03785261,-0.38686967,-0.14798513,False,0.0
4878.888940333,0,-0.073875085,0.027775228,-0.021903694,-0.02388815,-0.35447368,-0.13565072,False,0.0
4878.908940333,0,-0.07262108,0.027237117,-0.0220294,-0.017716957,-0.29572493,-0.13024351,False,0.0
4878.928940333,0,-0.08084194,0.029494345,-0.016527772,-0.023172937,-0.262721,-0.10735704,False,0.0
4878.948940333,0,-0.090010196,0.031050742,-0.008128345,-0.04239784,-0.2443622,-0.08335112,False,0.0
4878.968940333,0,-0.09695937,0.03319174,-0.004848242,-0.05998201,-0.25275555,-0.047543894,False,0.0
4878.988940333,20000000,-0.09433034,0.031817496,-0.010536909,-0.07793087,-0.2578175,-0.009444144,False,0.0
4879.008940333,0,-0.08880849,0.031535268,-0.016369522,-0.0979225,-0.24685101,0.025197119,False,0.0
4879.028940333,20000000,-0.0860008,0.029904425,-0.021497488,-0.11287874,-0.23312189,0.061217684,False,0.0
4879.048940333,0,-0.08787221,0.030249,-0.018939078,-0.13373384,-0.22186537,0.10770464,False,0.0
4879.068940333,0,-0.08772506,0.028311133,-0.015983403,-0.15390396,-0.22326764,0.16975999,False,0.0
4879.088940333,20000000,-0.077257425,0.023634791,-0.016035557,-0.16924788,-0.22853212,0.23605973,False,0.0
4879.108940333,0,-0.06872381,0.018083334,-0.015616953,-0.18314421,-0.22798084,0.29842395,False,0.0
4879.128940333,20000000,-0.05807966,0.012587428,-0.015893579,-0.1977258,-0.22652964,0.34872583,False,0.0
4879.148940333,0,-0.049108148,0.0070188046,-0.010516465,-0.21053173,-0.20660035,0.34385678,False,0.0
4879.168940333,20000000,-0.040157557,0.0014603138,-0.005146742,-0.22333765,-0.18667106,0.33898777,False,0.0
4879.188940333,40000000,-0.031227991,-0.004087925,0.0002156496,-0.23614359,-0.16674179,0.33411872,False,0.0
4879.208940333,60000000,-0.025804326,-0.004557371,0.004668176,-0.23075567,-0.1617472,0.3065622,False,0.0
4879.228940333,0,-0.014408916,-0.0023010373,-0.001258254,-0.2213262,-0.14013463,0.2680771,False,0.0
4879.248940333,0,-0.007814139,-0.0008906722,-0.00085145235,-0.21998887,-0.10729256,0.22917134,False,0.0
4879.268940333,20000000,0.000769034,-0.00010532141,-0.0011148453,-0.21386942,-0.07757408,0.18537281,False,0.0
4879.288940333,0,0.0015252978,0.0061226487,0.0003951192,-0.21609898,-0.038109377,0.14131115,False,0.0
4879.308940333,0,-0.0019542277,0.011004269,0.0043117404,-0.21890055,-0.021475192,0.110650934,False,0.0
4879.328940333,20000000,0.00028662384,0.012046039,0.0039768815,-0.21771637,0.0007980913,0.07926516,False,0.0
4879.348940333,0,-0.0010233223,0.019786835,0.010514617,-0.20313202,0.009591486,0.059415273,False,0.0
4879.368940333,0,-0.0038580745,0.03237617,0.017913342,-0.19180532,0.011482305,0.06188353,False,0.0
4879.388940333,0,-0.0045520365,0.040451765,0.022154212,-0.18424766,-0.009404526,0.08014448,False,0.0
4879.408940333,0,-0.0011415929,0.043431997,0.019004524,-0.17874968,-0.0058064396,0.08997694,False,0.0
4879.428940333,0,-0.00744015,0.041662693,0.020237684,-0.1590119,-0.012477588,0.09631066,False,0.0
4879.448940333,20000000,-0.01374267,0.039902925,0.02146393,-0.13927412,-0.019148733,0.102644384,False,0.0
4879.468940333,40000000,-0.017342642,0.03738147,0.014610648,-0.10677015,-0.02508089,0.10226241,False,0.0
4879.488940333,0,-0.021999687,0.032275796,0.0077768564,-0.085815996,-0.017561886,0.092775136,False,0.0
4879.508940333,0,-0.022476986,0.019834995,-0.004747331,-0.06986542,0.011746718,0.06295457,False,0.0
4879.528940333,0,-0.025657877,0.009883881,-0.0069395304,-0.042361867,0.046702124,0.014208939,False,0.0
4879.548940333,20000000,-0.03029874,0.009005427,-0.007324636,-0.021622518,0.08187297,-0.0333388,False,0.0
4879.568940333,0,-0.030002028,0.009175599,-0.008176088,-0.00088377856,0.12250148,-0.082407355,False,0.0
4879.588940333,20000000,-0.029125854,0.0115247965,-0.012846291,0.017936736,0.15930709,-0.11429651,False,0.0
4879.608940333,0,-0.021499708,0.014402807,-0.01865524,0.031370964,0.21299085,-0.14651763,False,0.0
4879.628940333,0,-0.009372532,0.0135189295,-0.02522701,0.047241382,0.26627064,-0.16999784,False,0.0
4879.648940333,0,-0.0010530055,0.0049051642,-0.02349633,0.07332377,0.32251948,-0.2055536,False,0.0
4879.668940333,0,0.0009608269,-0.00058954954,-0.01788199,0.107115984,0.3707638,-0.25454178,False,0.0
4879.688940333,20000000,-0.00014436245,-0.0026510954,-0.0074261427,0.15380952,0.39207578,-0.29444185,False,0.0
4879.708940333,0,0.005527824,-0.0009956956,0.0003669262,0.20217071,0.39474162,-0.33253038,False,0.0
4879.728940333,0,0.008519441,0.0048269033,0.009109139,0.23281401,0.39288998,-0.3514566,False,0.0
4879.748940333,0,0.012844026,0.009508133,0.014945686,0.24609448,0.3875027,-0.35041994,False,0.0
4879.768940333,20000000,0.017038196,0.011889577,0.018979669,0.23818469,0.384487,-0.3404337,False,0.0
4879.788940333,0,0.019370466,0.008314669,0.013663113,0.22885826,0.3817682,-0.32634,False,0.0
4879.808940333,20000000,0.01799336,-0.003934562,0.0062707067,0.21827348,0.38051558,-0.3124193,False,0.0
4879.828940333,0,0.015239358,-0.015548468,0.0018244982,0.2149485,0.37272486,-0.3012512,False,0.0
4879.848940333,0,0.019604385,-0.028375804,-0.011269808,0.20475389,0.37836906,-0.32152438,False,0.0
4879.868940333,20000000,0.024129242,-0.039306283,-0.022072613,0.19310524,0.42177427,-0.38655072,False,0.0
4879.888940333,0,0.008410782,-0.037442327,-0.0113300085,0.19510408,0.45407143,-0.45290574,False,0.0
4879.908940333,0,-0.0058628917,-0.02729386,0.0014986992,0.19733617,0.45655724,-0.49814534,False,0.0
4879.928940333,20000000,-0.0033186674,-0.022940397,-0.0018550158,0.19899473,0.45680198,-0.55399746,False,0.0
4879.948940333,0,0.0037108064,-0.030940413,-0.019785225,0.21345556,0.5024018,-0.6366869,False,0.0
4879.968940333,0,-0.003076762,-0.041382372,-0.025650024,0.25033173,0.5654614,-0.72939384,False,0.0
4879.988940333,0,-0.01441735,-0.06457025,-0.019608498,0.3095541,0.60808975,-0.8381673,False,0.0
4880.008940333,0,-0.012708634,-0.121896625,-0.022925973,0.40380782,0.66195965,-1.0582201,False,0.0
4880.028940333,20000000,-0.030932233,-0.16361833,-0.022706449,0.5200686,0.72863793,-1.406658,False,0.0
4880.048940333,0,-0.046823412,-0.19781798,-0.026093125,0.6581576,0.7745659,-1.839761,False,0.0
4880.068940333,20000000,-0.07877186,-0.1835204,-0.030525208,0.77647966,0.8587942,-2.294376,False,0.0
4880.088940333,0,-0.12247664,-0.11996788,-0.016682327,0.832418,0.8647304,-2.597311,False,0.0
4880.108940333,20000000,-0.1202072,-0.07159823,-0.021955848,0.8548576,0.8727175,-2.8019717,False,0.0
4880.128940333,0,-0.12090344,-0.015314698,-0.0301072,0.84396255,0.9192483,-2.8974802,False,0.0
4880.148940333,0,-0.14010766,0.04141736,-0.022065163,0.8191262,0.91134995,-2.8397622,False,0.0
4880.168940333,0,-0.13002346,0.081294656,-0.032704055,0.77034694,0.91745377,-2.69805,False,0.0
4880.188940333,20000000,-0.11163154,0.10732186,-0.03692466,0.6963425,0.91552377,-2.5001836,False,0.0
4880.208940333,0,-0.09007268,0.116190195,-0.03850782,0.58950984,0.9482319,-2.3057895,False,0.0
4880.228940333,20000000,-0.0732647,0.11162716,-0.03028363,0.4861147,0.98082495,-2.1079397,False,0.0
4880.248940333,0,-0.061104614,0.10771412,-0.01895082,0.3922543,1.0294399,-1.9418968,False,0.0
4880.268940333,0,-0.05237211,0.10354018,-0.0076007247,0.30959573,1.0693213,-1.7953347,False,0.0
4880.288940333,0,-0.048104998,0.09359288,0.0052741766,0.24451633,1.1194384,-1.6803273,False,0.0
4880.308940333,0,-0.05965046,0.08606285,0.021442294,0.19965002,1.141517,-1.5799646,False,0.0
4880.328940333,0,-0.0670506,0.07474798,0.023234248,0.17213999,1.1371844,-1.4913001,False,0.0
4880.348940333,20000000,-0.074494325,0.06342471,0.025014818,0.14462996,1.1328516,-1.4026356,False,0.0
4880.368940333,40000000,-0.08216678,0.05536574,0.02447021,0.11950125,1.1186683,-1.3560131,False,0.0
4880.388940333,0,-0.09346833,0.060834765,0.031463385,0.08618479,1.0675619,-1.2783777,False,0.0
4880.408940333,20000000,-0.08816278,0.057187736,0.03256607,0.055882633,1.0225843,-1.1900544,False,0.0
4880.428940333,0,-0.08578749,0.054225266,0.027224958,0.024801852,0.98927665,-1.0728868,False,0.0
4880.448940333,0,-0.07997054,0.047359943,0.020834386,0.006695155,0.97437483,-0.9497357,False,0.0
4880.468940333,0,-0.076650456,0.039753497,0.017943144,-0.021459855,0.96168077,-0.8411321,False,0.0
4880.488940333,0,-0.068857856,0.034026086,0.015218079,-0.081496164,0.9651728,-0.7870447,False,0.0
4880.508940333,0,-0.07664041,0.04135865,0.024886012,-0.14474523,0.9616732,-0.7546114,False,0.0
4880.528940333,20000000,-0.0883806,0.061665118,0.03674084,-0.20094304,0.90320206,-0.6827798,False,0.0
4880.548940333,0,-0.07555929,0.07924169,0.028731465,-0.26847798,0.85923314,-0.616103,False,0.0
4880.568940333,0,-0.046357546,0.07433921,0.0112063885,-0.30122235,0.8484283,-0.5471991,False,0.0
4880.588940333,0,-0.037393466,0.07358712,0.014356136,-0.29748842,0.8554019,-0.45973304,False,0.0
4880.608921458,0,-0.025552375,0.06892378,0.015719663,-0.27308995,0.8384489,-0.3537714,False,0.0
4880.628921458,0,-0.013663441,0.049514115,0.0226838,-0.25787985,0.8048921,-0.27828765,False,0.0
4880.648921458,20000000,-0.0016757548,0.03009051,0.029488027,-0.24266976,0.77133536,-0.20280391,False,0.0
4880.668921458,0,0.0061210245,0.020204425,0.037067294,-0.24579875,0.7530722,-0.16195914,False,0.0
4880.688921458,20000000,0.00814186,0.017034888,0.048654556,-0.26685748,0.72751236,-0.13468048,False,0.0
4880.708921458,0,0.0069370717,0.017315805,0.061449766,-0.2969928,0.69018155,-0.1101632,False,0.0
4880.728921458,20000000,0.011508793,0.016108274,0.06316209,-0.32156992,0.65194464,-0.09219547,False,0.0
4880.748921458,0,0.0075950325,0.023211181,0.064474106,-0.3509446,0.5961759,-0.060385738,False,0.0
4880.768921458,0,0.014574021,0.026351273,0.053765953,-0.3852041,0.5379669,-0.020319413,False,0.0
4880.788921458,20000000,0.025768548,0.022978544,0.044201195,-0.4078248,0.4928947,0.014257323,False,0.0
4880.808921458,0,0.03524463,0.01693821,0.03898704,-0.41248092,0.46687213,0.03717128,False,0.0
4880.828921458,0,0.034877256,0.015294254,0.041933,-0.40262848,0.44043425,0.052888636,False,0.0
4880.848921458,20000000,0.03376086,0.015217543,0.040559947,-0.39065439,0.38306832,0.08516392,False,0.0
4880.868921458,0,0.027910978,0.01270771,0.040323555,-0.38126835,0.33764952,0.10787067,False,0.0
4880.888921458,0,0.022735506,0.009221256,0.04666221,-0.3610939,0.277601,0.12664703,False,0.0
4880.908921458,0,0.01786241,0.011523366,0.05205226,-0.3391328,0.22734745,0.13023089,False,0.0
4880.928921458,0,0.015520975,0.016310513,0.056072533,-0.3188425,0.16870463,0.12968506,False,0.0
4880.948921458,20000000,0.013187423,0.021145463,0.06005478,-0.29855222,0.11006182,0.12913923,False,0.0
4880.968921458,0,0.015666053,0.029304326,0.06593484,-0.27461207,0.059964355,0.11784497,False,0.0
4880.988921458,20000000,0.02075541,0.042852223,0.06798744,-0.27040341,0.025736734,0.103784926,False,0.0
4881.008921458,0,0.024939716,0.060381353,0.07017732,-0.28847042,0.009591257,0.09968375,False,0.0
4881.028921458,0,0.031404763,0.07603532,0.06956625,-0.321961,0.008272129,0.10980529,False,0.0
4881.048921458,0,0.035883576,0.08459455,0.06984389,-0.35745037,0.008799054,0.1413573,False,0.0
4881.068921458,0,0.041139573,0.080078304,0.06855452,-0.3736019,0.0090765925,0.17725268,False,0.0
4881.088921458,20000000,0.04526061,0.06690878,0.06646526,-0.36582506,0.004976363,0.21999568,False,0.0
4881.108921458,0,0.050212115,0.042070985,0.061472356,-0.33475277,-0.0060833488,0.25779462,False,0.0
4881.128921458,0,0.051485926,0.017882228,0.059390187,-0.29092357,-0.025123524,0.28375244,False,0.0
4881.148921458,20000000,0.051007777,0.009679198,0.05542314,-0.2631396,-0.05197898,0.29183954,False,0.0
4881.168921458,0,0.04664761,0.006681323,0.05144751,-0.2549111,-0.08709255,0.29276484,False,0.0
4881.188921458,0,0.050988257,0.0041324496,0.041980147,-0.25716665,-0.11534659,0.28814283,False,0.0
4881.208921458,0,0.056984305,2.9802322e-07,0.032265246,-0.25572583,-0.13087963,0.2794807,False,0.0
4881.228921458,0,0.060017794,-1.5854836e-05,0.028221488,-0.2510041,-0.12910296,0.25904292,False,0.0
4881.248921458,20000000,0.063034356,6.0796738e-06,0.024174988,-0.24628235,-0.1273263,0.23860517,False,0.0
4881.268921458,0,0.063002646,-0.00038778782,0.022272944,-0.23174572,-0.1408747,0.22768952,False,0.0
4881.288921458,0,0.065586954,-0.005229771,0.018434882,-0.20405109,-0.164813,0.22485355,False,0.0
4881.308921458,0,0.07758546,-0.013450801,0.012259066,-0.16992888,-0.18747757,0.22447352,False,0.0
4881.348921458,0,0.11262137,-0.030418873,0.016655803,-0.11532106,-0.21556377,0.17741701,False,0.0
4881.368921458,0,0.12739116,-0.025793314,0.028275788,-0.11263684,-0.231675,0.13229881,False,0.0
4881.388921458,0,0.13021001,-0.011986971,0.042366147,-0.12361832,-0.2593842,0.092212215,False,0.0
4881.408921458,0,0.119099945,-0.0036212206,0.055704415,-0.1286167,-0.3027277,0.07496449,False,0.0
4881.428921458,20000000,0.09356156,-0.0006875396,0.065867305,-0.11284394,-0.34803805,0.071301274,False,0.0
4881.448921458,0,0.053636163,0.009510517,0.076771975,-0.09829016,-0.41740137,0.091449976,False,0.0
4881.468921458,0,0.022789598,0.020349443,0.07079211,-0.108775,-0.49088922,0.119667545,False,0.0
4881.488921458,0,-0.005503446,0.026008368,0.061186254,-0.1344741,-0.5446624,0.13383165,False,0.0
4881.508921458,0,-0.027145922,0.0290941,0.03857279,-0.15621322,-0.5653342,0.14098763,False,0.0
4881.528921458,20000000,-0.048803687,0.033836603,0.01636672,-0.17499237,-0.56450444,0.15382577,False,0.0
4881.548921458,0,-0.056370243,0.03587395,-0.0037847161,-0.18205753,-0.54255885,0.16986139,False,0.0
4881.568921458,20000000,-0.05210443,0.02474165,-0.023304522,-0.16855225,-0.48781148,0.17178087,False,0.0
4881.588921458,0,-0.055804804,0.015910447,-0.027759671,-0.13751173,-0.42736197,0.159589,False,0.0
4881.608921458,0,-0.049888715,0.0055832863,-0.0358963,-0.11117165,-0.36093912,0.13128212,False,0.0
4881.628921458,0,-0.048824966,0.0016545057,-0.032441497,-0.08871643,-0.30632457,0.09728271,False,0.0
4881.648921458,0,-0.051526427,0.0003029704,-0.024521112,-0.077139124,-0.26874754,0.068359055,False,0.0
4881.668921458,20000000,-0.056133807,0.00054222345,-0.014609933,-0.07155041,-0.25361866,0.052568495,False,0.0
4881.688921458,0,-0.06080006,-0.0039942265,-0.010356009,-0.06758187,-0.25912523,0.06121269,False,0.0
4881.708921458,0,-0.05729109,-0.012053132,-0.012242079,-0.063988335,-0.26371422,0.07020446,False,0.0
4881.728921458,0,-0.048396036,-0.0056276917,-0.011745334,-0.07189645,-0.24711774,0.06743511,False,0.0
4881.748921458,0,-0.041392848,0.009614885,-0.008879006,-0.109246954,-0.22115439,0.0445958,False,0.0
4881.768921458,20000000,-0.03669308,0.02038169,-0.0064271092,-0.15438427,-0.20042342,0.022853326,False,0.0
4881.788921458,0,-0.029971033,0.017582119,-0.011872888,-0.17465164,-0.17246467,0.019150587,False,0.0
4881.808921458,0,-0.024849072,0.00504297,-0.01643616,-0.15238315,-0.1378561,0.034133896,False,0.0
4881.828921458,20000000,-0.033536077,0.005251467,-0.009512544,-0.115981676,-0.121257484,0.05926969,False,0.0
4881.848921458,0,-0.032440737,0.0044840574,-0.011719525,-0.103643194,-0.10600631,0.069078684,False,0.0
4881.868921458,20000000,-0.028975338,0.00024586916,-0.0136627555,-0.10476876,-0.075607866,0.053236403,False,0.0
4881.888921458,0,-0.026470646,-0.0050582886,-0.013414562,-0.110050805,-0.038313594,0.030741286,False,0.0
4881.908921458,0,-0.026622117,-0.011428595,-0.008470237,-0.10622797,-0.0072187614,0.0033141878,False,0.0
4881.928921458,0,-0.022913605,-0.015709937,-0.008128285,-0.10693757,0.020362332,-0.02678493,False,0.0
4881.948921458,0,-0.01838988,-0.01818204,-0.0045494437,-0.10241054,0.03957153,-0.06891666,False,0.0
4881.968921458,20000000,-0.01915574,-0.01621002,0.0019251108,-0.09558801,0.05187701,-0.11843632,False,0.0
4881.988921458,0,-0.024577633,-0.0026895404,0.008336484,-0.099530816,0.04547184,-0.1438278,False,0.0
4882.008921458,20000000,-0.029464751,0.00862366,0.013353288,-0.10465909,0.0387204,-0.16368225,False,0.0
4882.028921458,0,-0.031013355,0.02078724,0.010939896,-0.11824327,0.023214635,-0.15991542,False,0.0
4882.048921458,0,-0.032545492,0.031978965,0.009683967,-0.12714685,0.018182015,-0.13964057,False,0.0
4882.068921458,20000000,-0.021739095,0.03149432,-0.0027734637,-0.13218209,0.04772366,-0.12866701,False,0.0
4882.088921458,0,-0.020859852,0.0279032,-0.0044983625,-0.12774858,0.078304775,-0.116667025,False,0.0
4882.108921458,20000000,-0.017502517,0.01636964,-0.003982961,-0.103732355,0.09093345,-0.115045436,False,0.0
4882.128921458,0,-0.009366065,0.00611639,-0.00024485588,-0.08154124,0.10167085,-0.14315742,False,0.0
4882.148921458,20000000,-0.0012209266,-0.004129052,0.0034932494,-0.05935012,0.11240825,-0.1712694,False,0.0
4882.168921458,40000000,0.0021820515,-0.00891006,0.011484861,-0.04422889,0.11336188,-0.20928788,False,0.0
4882.188921458,0,0.010737613,-0.013813257,0.015995204,-0.0434625,0.09747091,-0.25015682,False,0.0
4882.208921458,0,0.029883757,-0.021811247,0.009670913,-0.0397901,0.10961298,-0.3132363,False,0.0
4882.228921458,0,0.03845626,-0.020678997,0.01161319,-0.036429245,0.1197481,-0.3857345,False,0.0
4882.248921458,0,0.038124815,-0.010724485,0.021905005,-0.040397294,0.10496089,-0.42780763,False,0.0
4882.268921458,20000000,0.03973511,0.00059109926,0.022562146,-0.04723878,0.08216131,-0.4410114,False,0.0
4882.288921458,0,0.039623365,0.006211877,0.021951795,-0.050744522,0.07070897,-0.4354324,False,0.0
4882.308921458,0,0.03664957,0.006786406,0.018674314,-0.040939637,0.07360689,-0.42845058,False,0.0
4882.328921458,20000000,0.026349932,0.0055737495,0.014338255,-0.03186827,0.08792711,-0.4308986,False,0.0
4882.348921458,0,0.0077029318,0.009055316,0.015649557,-0.023066968,0.08419327,-0.43666053,False,0.0
4882.368921458,0,-0.0076548904,0.011871278,0.009081423,-0.015764777,0.065396614,-0.42727444,False,0.0
4882.388921458,20000000,-0.019715577,0.009029329,-0.0007390976,-0.0019177683,0.058528557,-0.41545933,False,0.0
4882.408921458,0,-0.02885361,0.009528041,-0.010560751,0.0040399167,0.059591547,-0.40707934,False,0.0
4882.428921458,0,-0.039260983,0.009555757,-0.016645312,0.0045885905,0.070614934,-0.40039968,False,0.0
4882.448921458,0,-0.046299554,0.0065039992,-0.024136424,-0.0036442052,0.08975083,-0.39668766,False,0.0
4882.468921458,20000000,-0.043677665,-0.00014925003,-0.03036499,-0.002705752,0.13672906,-0.40582752,False,0.0
4882.488921458,0,-0.045534737,-0.0035788417,-0.032311857,0.000106250634,0.18766555,-0.42075557,False,0.0
4882.508921458,20000000,-0.050173484,-0.0015312433,-0.027621567,0.002842131,0.24430308,-0.43471563,False,0.0
4882.528921458,0,-0.054742917,0.0037321448,-0.02061981,0.011261867,0.28661358,-0.45038542,False,0.0
4882.548921458,0,-0.07524963,0.022227049,-0.00331074,0.013281992,0.2895469,-0.42309812,False,0.0
4882.568921458,20000000,-0.0810584,0.03465587,0.0020946264,0.0065189875,0.2786785,-0.36817902,False,0.0
4882.588921458,0,-0.070255004,0.04386705,-0.004055202,-0.013391063,0.28079224,-0.31505907,False,0.0
4882.608921458,0,-0.07045604,0.04578209,-0.004033923,-0.035571232,0.30507123,-0.26326478,False,0.0
4882.628921458,0,-0.07806375,0.04224044,0.0010767579,-0.030649383,0.31960198,-0.19585574,False,0.0
4882.648921458,0,-0.08455858,0.029570997,0.010091543,-0.02281019,0.30630365,-0.14101571,False,0.0
4882.668921458,0,-0.08706281,0.020840704,0.01255095,-0.023028394,0.29473647,-0.11409353,False,0.0
4882.688921458,0,-0.08259334,0.025975049,0.013266325,-0.038810443,0.27922592,-0.111375436,False,0.0
4882.708921458,0,-0.07598684,0.024519026,0.0118816495,-0.060432516,0.28280285,-0.11563391,False,0.0
4882.728921458,20000000,-0.07188939,0.029131114,0.017695576,-0.07783681,0.2855917,-0.11095674,False,0.0
4882.748921458,0,-0.065727085,0.03759086,0.016848981,-0.09031214,0.27750188,-0.07486342,False,0.0
4882.768921458,20000000,-0.051670946,0.027876198,0.012320161,-0.082622774,0.26974797,-0.024998348,False,0.0
4882.788921458,0,-0.039967008,0.026910663,0.006455779,-0.0836034,0.25613058,0.031272657,False,0.0
4882.808921458,20000000,-0.020361908,0.017225206,-0.0030112267,-0.10837591,0.26327816,0.06007389,False,0.0
4882.828921458,0,-0.008387238,0.0082368255,-0.0075386763,-0.13174172,0.2846484,0.057742454,False,0.0
4882.848921458,0,-0.0047655925,0.001211524,-0.008383691,-0.14833906,0.29379332,0.057528052,False,0.0
4882.868921458,0,0.004257709,-0.0069715977,-0.011351049,-0.15321341,0.29008377,0.049124613,False,0.0
4882.888921458,0,0.021725789,-0.020731807,-0.014255047,-0.14003888,0.30503827,0.023160018,False,0.0
4882.908921458,0,0.023162693,-0.017313302,-0.0049766004,-0.12267883,0.32544047,-0.014205921,False,0.0
4882.928921458,20000000,0.024266556,-0.012594104,0.00412938,-0.11214813,0.31283998,-0.028235406,False,0.0
4882.948921458,0,0.0395751,-0.01901108,0.00426811,-0.0918116,0.3187913,-0.07399155,False,0.0
4882.968921458,0,0.03883548,-0.016624033,0.008853942,-0.07402908,0.3188963,-0.11646791,False,0.0
4882.988905292,0,0.039916944,-0.017701255,0.012608001,-0.059871167,0.30698213,-0.14901955,False,0.0
4883.008905292,20000000,0.043180898,-0.021729529,0.01331082,-0.01968807,0.29877084,-0.19111499,False,0.0
4883.028905292,0,0.042296946,-0.0143169165,0.015393376,0.0011622198,0.28324988,-0.22072127,False,0.0
4883.048905292,20000000,0.04141721,-0.0069001913,0.017481893,0.022012508,0.2677289,-0.25032756,False,0.0
4883.068905292,0,0.037359416,0.0046536922,0.02399233,0.023351027,0.2399849,-0.2517354,False,0.0
4883.088905292,20000000,0.035829276,0.016900957,0.024781942,0.011638074,0.20729798,-0.22969341,False,0.0
4883.108905292,0,0.037345335,0.024392664,0.021117747,-0.008608234,0.18787275,-0.19718376,False,0.0
4883.128905292,0,0.036957934,0.030297756,0.020859003,-0.027705971,0.17619975,-0.16311768,False,0.0
4883.148905292,0,0.030365705,0.03377396,0.027718842,-0.037840147,0.15794697,-0.12793615,False,0.0
4883.168905292,0,0.024969965,0.03466773,0.032917857,-0.038495786,0.12947227,-0.097649515,False,0.0
4883.188905292,20000000,0.02245155,0.03316605,0.034421086,-0.027869085,0.09611185,-0.07677884,False,0.0
4883.208905292,0,0.019204736,0.029302299,0.03129819,-0.0039411504,0.06543836,-0.058020376,False,0.0
4883.228905292,0,0.016111284,0.02567327,0.028924614,0.021800142,0.030642796,-0.03700677,False,0.0
4883.248905292,20000000,0.013209701,0.024826884,0.024935573,0.038443394,0.0018407367,-0.012382546,False,0.0
4883.268905292,0,0.011802897,0.023682237,0.018651932,0.043605752,-0.020023212,0.01100727,False,0.0
4883.288905292,20000000,0.008006707,0.021862209,0.015268773,0.041815594,-0.04135539,0.038332194,False,0.0
4883.308905292,0,0.0037826598,0.016762495,0.013142616,0.037664007,-0.059633113,0.06752568,False,0.0
4883.328905292,0,0.0011835992,0.0092659,0.012833536,0.029606074,-0.067024946,0.078417644,False,0.0
4883.348905292,20000000,-0.0014144033,0.001771152,0.012525737,0.021548139,-0.07441678,0.08930962,False,0.0
4883.368905292,0,-0.005600661,0.0016644597,0.01327315,0.007915535,-0.080832556,0.08691467,False,0.0
4883.388905292,20000000,-0.009973466,0.0012472272,0.010595381,-0.011513996,-0.09602572,0.079074524,False,0.0
4883.408905292,0,-0.008534774,-0.0068482757,0.0037929714,-0.02526784,-0.097363956,0.06145928,False,0.0
4883.428905292,20000000,-0.009030834,-0.009350359,-0.00030884147,-0.026470602,-0.09885662,0.048880927,False,0.0
4883.448905292,0,-0.007813528,-0.015375137,-0.00671649,-0.0123217525,-0.08514916,0.032376505,False,0.0
4883.468905292,0,-0.010813907,-0.013681948,-0.0072675943,-0.000185146,-0.07848675,0.03277728,False,0.0
4883.488905292,20000000,-0.007790208,-0.013974965,-0.007959187,0.00836295,-0.07004771,0.025376331,False,0.0
4883.508905292,0,-0.005453527,-0.01361984,-0.009703875,0.009243072,-0.054718796,0.014012929,False,0.0
4883.528905292,0,-0.0064523816,-0.011152208,-0.0077612996,-0.00044589397,-0.047825575,-0.00043021888,False,0.0
4883.548905292,0,-0.0086120665,-0.009083211,-0.005245596,-0.009702363,-0.041474976,-0.012458,False,0.0
4883.568905292,0,-0.01174134,-0.0045591593,-0.00505659,-0.02021266,-0.036540985,-0.017236385,False,0.0
4883.588905292,0,-0.014535636,-0.0012841821,-0.0044629276,-0.03066341,-0.03575508,-0.0153697375,False,0.0
4883.608905292,0,-0.013176233,-0.0018482804,-0.0049223304,-0.035134695,-0.028560653,-0.020203235,False,0.0
4883.648905292,0,-0.010458052,-0.0029746294,-0.0058431327,-0.04407727,-0.014171803,-0.029870227,False,0.0
4883.668905292,20000000,-0.009484962,-0.00081431866,-0.0036617815,-0.043711103,0.0033522006,-0.045285907,False,0.0
4883.688905292,0,-0.012340538,0.0020279884,0.0023701787,-0.034870736,0.007852633,-0.058465924,False,0.0
4883.708905292,0,-0.012721226,0.002093196,0.005077958,-0.026674986,0.00056360103,-0.065298066,False,0.0
4883.728905292,0,-0.00874345,0.0028895736,0.0014481544,-0.020017195,0.005005109,-0.058132306,False,0.0
4883.748905292,0,-0.009919405,0.0071756244,-0.0010962188,-0.019772582,0.01713367,-0.042000584,False,0.0
4883.768905292,20000000,-0.016372725,0.015248954,0.001617223,-0.013005189,0.009499648,-0.033726905,False,0.0
4883.788905292,0,-0.017129116,0.022701204,-0.00012180209,-0.016455736,0.0040980764,-0.020330254,False,0.0
4883.808905292,0,-0.016099088,0.02789259,-0.0007289648,-0.030043028,0.009458503,-0.0020424444,False,0.0
4883.828905292,20000000,-0.0166713,0.027232528,-0.0005649924,-0.033546954,0.013575528,0.019852392,False,0.0
4883.848905292,0,-0.014653094,0.01871717,-0.00016695261,-0.024479784,0.012598505,0.036256112,False,0.0
4883.868905292,20000000,-0.0092093125,0.009811997,-0.0045603216,-0.010961126,0.015993366,0.044083633,False,0.0
4883.888905292,0,-0.006367922,0.0011761785,-0.0054926574,0.0069092596,0.029189164,0.041641373,False,0.0
4883.908905292,0,-0.0042009503,-0.008813202,-0.00622347,0.023884133,0.02920999,0.032151874,False,0.0
4883.928905292,20000000,-0.00015369058,-0.019151688,-0.003959328,0.03758315,0.025970181,0.0029183943,False,0.0
4883.948905292,0,0.003388986,-0.025588453,-0.0044015646,0.050853923,0.031138865,-0.03520813,False,0.0
4883.968905292,20000000,0.0025197715,-0.023207963,-0.0012176931,0.054285146,0.02728828,-0.059280515,False,0.0
4883.988905292,0,0.0025219172,-0.01601851,-0.0011589229,0.045102872,0.023840228,-0.064595394,False,0.0
4884.008905292,0,0.0022538453,-0.0072689652,0.00072714686,0.025918134,0.024125947,-0.06378085,False,0.0
4884.028905292,20000000,0.002706796,0.0013283491,0.004794419,-0.0026789233,0.023997393,-0.05433839,False,0.0
4884.048905292,0,0.0011605918,0.004127383,0.007828325,-0.027127896,0.020238183,-0.046578728,False,0.0
4884.068905292,0,0.00031740963,0.004306257,0.008931935,-0.040535383,0.003574513,-0.04727092,False,0.0
4884.088905292,20000000,0.00016239285,0.001508832,0.0067902803,-0.043822993,-0.0057573384,-0.05523277,False,0.0
4884.108905292,0,-0.0010258853,-0.0028867126,0.0060207844,-0.030404422,-0.016783264,-0.06361194,False,0.0
4884.128905292,0,-0.0060159564,0.00040143728,0.0061721504,-0.015971422,-0.03054924,-0.070977174,False,0.0
4884.148905292,0,-0.010463305,0.0067476034,0.004177332,-0.011135206,-0.03911606,-0.07157277,False,0.0
4884.168905292,0,-0.014257304,0.016416788,-0.0009176135,-0.015019758,-0.04696272,-0.056730155,False,0.0
4884.188905292,20000000,-0.0140257105,0.024050593,-0.007278025,-0.029950144,-0.04224694,-0.03834582,False,0.0
4884.208905292,0,-0.009597965,0.025198936,-0.013355255,-0.041882455,-0.0199636,-0.016491486,False,0.0
4884.228905292,0,-0.012216389,0.022493124,-0.007097423,-0.037745867,-0.016505223,0.011491623,False,0.0
4884.248905292,20000000,-0.014835015,0.019788086,-0.00083997846,-0.033609282,-0.013046848,0.039474726,False,0.0
4884.268905292,0,-0.00995779,0.015013695,0.0013459325,-0.019589465,-0.016133446,0.048937492,False,0.0
4884.288905292,0,-0.005750753,0.009118021,0.0031516552,-0.011407678,-0.013374073,0.038103312,False,0.0
4884.308905292,0,-0.0069547147,0.009567022,0.0065729916,-0.004270414,-0.013974896,0.021986958,False,0.0
4884.328905292,0,-0.0086510405,0.014156103,0.0072357357,0.0011748439,-0.022249304,0.024500046,False,0.0
4884.348905292,0,-0.0070600435,0.017923415,0.003773272,0.0045313826,-0.032478657,0.034654684,False,0.0
4884.368905292,20000000,-0.0024915338,0.018743992,-0.00055390596,0.004177966,-0.024016928,0.05162868,False,0.0
4884.388905292,0,0.00062952936,0.009222984,-0.00111714,0.011171151,-0.01054121,0.062246118,False,0.0
4884.408905292,0,0.0017063096,0.0001488328,0.0029939115,0.02168708,-0.011359985,0.066968665,False,0.0
4884.428905292,0,0.004759319,-0.007068515,0.005353749,0.03392952,-0.0032555293,0.048502028,False,0.0
4884.448905292,0,0.0025386512,-0.010738611,0.0081397295,0.04289427,-0.013053832,0.022573616,False,0.0
4884.468905292,20000000,0.0029675886,-0.01371789,0.007694602,0.047615733,-0.028075628,0.0049979817,False,0.0
4884.488905292,0,0.0047685206,-0.016693711,0.0023744106,0.040867947,-0.03908956,-0.009985329,False,0.0
4884.508905292,0,0.0053516254,-0.014373124,-0.0023062825,0.03494255,-0.045038275,-0.022780186,False,0.0
4884.528905292,0,0.0024886802,-0.01209265,-0.0027118027,0.019610241,-0.042410888,-0.03194993,False,0.0
4884.548905292,20000000,-0.00037394464,-0.009811342,-0.003117919,0.0042779315,-0.039783504,-0.041119672,False,0.0
4884.568905292,40000000,-0.0038586557,-0.0050656796,-0.0017802715,-0.012743354,-0.033696022,-0.03856879,False,0.0
4884.588905292,0,-0.0072802976,-0.0029903054,0.001267463,-0.017414773,-0.042868216,-0.039481074,False,0.0
4884.608905292,0,-0.006132178,-0.00530982,-0.0016873181,-0.019672036,-0.044870425,-0.041991565,False,0.0
4884.628905292,0,-0.0077248216,-0.0030760765,0.00030049682,-0.017279778,-0.051848024,-0.04501098,False,0.0
4884.648905292,0,-0.00579606,2.0503998e-05,-0.0032216907,-0.013132498,-0.052565813,-0.036774732,False,0.0
4884.668905292,20000000,-0.00685779,0.0062828064,-0.0029857159,-0.008895472,-0.053826723,-0.027816614,False,0.0
4884.688905292,0,-0.011327967,0.013650537,0.00042802095,-0.010069737,-0.06349324,-0.0029845424,False,0.0
4884.708905292,0,-0.008853644,0.015891552,-0.00420931,-0.022062682,-0.06186516,0.022444699,False,0.0
4884.728905292,0,-0.01126264,0.012293041,-0.0006227493,-0.025236946,-0.069309875,0.05360835,False,0.0
4884.748905292,0,-0.006343253,0.010813892,-0.0044264495,-0.029086243,-0.059669778,0.06281315,False,0.0
4884.768905292,20000000,0.00043290854,0.013176739,-0.0045159757,-0.045491487,-0.039739497,0.056032244,False,0.0
4884.788905292,0,-0.0031086653,0.017643869,0.0033788085,-0.05977598,-0.038816676,0.05309589,False,0.0
4884.808905292,0,-0.006156422,0.018178225,0.008037955,-0.04832847,-0.044599842,0.053880103,False,0.0
4884.828905292,0,-0.0030462965,0.0122051835,0.006579697,-0.021272007,-0.05319366,0.051438536,False,0.0
4884.848905292,20000000,6.327033e-05,0.0062326193,0.0051218867,0.0057844557,-0.06178747,0.04899697,False,0.0
4884.868905292,40000000,-0.003278792,0.0046173334,0.0071088076,0.034162324,-0.066412106,0.036282074,False,0.0
4884.888905292,0,-0.0022646412,0.0061581135,0.006492436,0.050242566,-0.07563543,0.024508843,False,0.0
4884.908905292,20000000,0.0008601546,0.004262805,1.1444092e-05,0.048711993,-0.06619172,0.009588909,False,0.0
4884.928905292,0,0.0052737743,0.00082945824,-0.00444898,0.04928009,-0.04421784,-0.009034093,False,0.0
4884.948905292,0,0.00047560036,0.0026974678,0.0014294982,0.06251995,-0.04975237,-0.005034538,False,0.0
4884.968905292,20000000,0.002578698,0.0008136034,0.0017688572,0.072301686,-0.050740503,-0.007921871,False,0.0
4884.988905292,0,0.002406843,0.006238818,0.0056149065,0.07042183,-0.04729047,-0.0019618957,False,0.0
4885.008905292,0,-0.004248418,0.0130054355,0.009669185,0.05917434,-0.058053765,0.00978318,False,0.0
4885.028905292,20000000,-0.0043532625,0.01308161,0.008635551,0.038587116,-0.06712417,0.034253925,False,0.0
4885.048905292,0,-0.006663285,0.013229847,0.0063120723,0.027160501,-0.08072655,0.063669726,False,0.0
4885.068905292,20000000,-0.0072522014,0.0076280236,0.0019631684,0.028199306,-0.09233207,0.08681932,False,0.0
4885.088905292,0,-0.006171286,0.0052521825,-0.0032530725,0.02755713,-0.08588734,0.09910564,False,0.0
4885.108905292,0,-0.0071363524,0.004683852,-0.003421545,0.02711453,-0.09529118,0.0936151,False,0.0
4885.128905292,20000000,-0.0032688454,0.002641499,-0.003355533,0.027463647,-0.08740321,0.086355805,False,0.0
4885.148905292,0,-0.0033186674,0.0019177198,-3.9190054e-05,0.034395482,-0.08302462,0.082150914,False,0.0
4885.168905292,20000000,-0.0033665374,0.0011951327,0.0032776892,0.04132732,-0.07864604,0.07794603,False,0.0
4885.188905292,40000000,-0.0018965229,0.0059399605,0.009961486,0.043695025,-0.08676477,0.0731288,False,0.0
4885.208905292,0,0.0002624616,0.008361578,0.008190483,0.04902255,-0.09454427,0.073842265,False,0.0
4885.228905292,20000000,0.0023941696,0.011278093,0.0075632036,0.051475942,-0.10798493,0.0709618,False,0.0
4885.248905292,0,0.0017501116,0.01380384,0.005319506,0.05628627,-0.11461338,0.07826963,False,0.0
4885.268905292,0,-0.00042809546,0.01878798,0.009865284,0.073717184,-0.13174407,0.09537937,False,0.0
4885.288905292,0,0.0009807572,0.013055265,0.006694913,0.084654175,-0.12919113,0.11498498,False,0.0
4885.308905292,0,-0.0027673766,0.014020681,0.013899952,0.09578143,-0.16879764,0.15169704,False,0.0
4885.328905292,20000000,0.0016280711,0.018859088,0.008620232,0.10111899,-0.16378325,0.16183002,False,0.0
4885.348905292,0,0.009614065,0.017138481,0.006324917,0.08168493,-0.16836956,0.17301188,False,0.0
4885.368905292,0,0.009478442,0.014358103,0.009075135,0.064631045,-0.1601625,0.1786079,False,0.0
4885.388905292,0,-0.0016054437,0.0086426735,0.0208278,0.0792073,-0.18939069,0.17834918,False,0.0
4885.408905292,20000000,0.00070412457,0.01282239,0.014889002,0.08201104,-0.22544308,0.20279066,False,0.0
4885.428905292,0,-0.0002951622,0.012424469,0.011690646,0.07815865,-0.22813557,0.20800631,False,0.0
4885.448905292,20000000,-0.0012817532,0.012033939,0.008496493,0.07430626,-0.23082806,0.21322195,False,0.0
4885.468905292,0,-0.0023920387,0.014262795,0.0059829056,0.065135084,-0.2371557,0.23623285,False,0.0
4885.488905292,20000000,0.005444631,0.0066410303,0.00076156855,0.060472745,-0.23134859,0.24715662,False,0.0
4885.508905292,0,0.0090363175,0.00073617697,0.0018311143,0.06510208,-0.2203577,0.24031997,False,0.0
4885.528905292,0,0.0099666715,-0.000767529,0.0068291426,0.06967053,-0.22693977,0.2314497,False,0.0
4885.548905292,0,0.008553803,0.0006201863,0.011764437,0.06485563,-0.23906599,0.22575781,False,0.0
4885.568905292,20000000,0.009787574,0.00367558,0.010718107,0.06313407,-0.25572804,0.22362228,False,0.0
4885.588905292,0,0.0062908083,0.008411586,0.011967301,0.06066137,-0.2678106,0.23709168,False,0.0
4885.608905292,20000000,0.004676178,0.008769751,0.011579573,0.06485709,-0.2914079,0.24748898,False,0.0
4885.628905292,0,0.005818486,0.010214508,0.009055316,0.062117454,-0.30802217,0.25714883,False,0.0
4885.648905292,0,0.004917994,0.011387408,0.0076045394,0.057643265,-0.32333314,0.25943062,False,0.0
4885.668905292,20000000,0.004175693,0.01551491,0.009280801,0.05248121,-0.34191743,0.2561704,False,0.0
4885.688905292,0,0.0042890906,0.018859506,0.010075629,0.062500164,-0.35796162,0.2583915,False,0.0
4885.708905292,20000000,0.0060100257,0.01832676,0.006329,0.07284555,-0.35886317,0.27864298,False,0.0
4885.728905292,0,0.006146401,0.01649177,0.00838846,0.08368023,-0.36375082,0.29505572,False,0.0
4885.748905292,20000000,0.0063084066,0.014667153,0.010454714,0.09451491,-0.36863846,0.31146848,False,0.0
4885.768905292,40000000,0.0071754307,0.014738083,0.011866868,0.097087234,-0.3779562,0.31299442,False,0.0
4885.788905292,0,0.0038875788,0.017578542,0.01637429,0.100360416,-0.40352914,0.31964225,False,0.0
4885.808905292,0,0.0031789988,0.01980567,0.01889956,0.0964273,-0.43174106,0.33566278,False,0.0
4885.828905292,20000000,0.0005611181,0.0291726,0.019665658,0.09016151,-0.46471095,0.3701393,False,0.0
4885.848905292,0,5.2571297e-05,0.03560394,0.016924024,0.07409479,-0.4953507,0.41921222,False,0.0
4885.868905292,0,0.0043063164,0.03258097,0.011635542,0.058512732,-0.5193414,0.4839359,False,0.0
4885.888905292,20000000,0.002869144,0.029904008,0.0127004385,0.0415622,-0.5413985,0.5493387,False,0.0
4885.908905292,0,-0.0009856969,0.030593216,0.011802673,0.017889794,-0.56542206,0.6111283,False,0.0
4885.928905292,0,0.0038140714,0.028723717,0.010153115,-0.008233888,-0.5946095,0.6802312,False,0.0
4885.948905292,20000000,0.006626159,0.031351328,0.012115836,-0.03664199,-0.61337686,0.7431003,False,0.0
4885.968905292,0,0.005206555,0.030905604,0.015020788,-0.059552893,-0.6478477,0.8083922,False,0.0
4885.988905292,0,0.008341104,0.023242772,0.014445603,-0.067395024,-0.67934287,0.8547053,False,0.0
4886.008905292,0,0.018742934,0.006092429,0.0074762106,-0.068510585,-0.68624157,0.867576,False,0.0
4886.028905292,0,0.01574412,-0.0097923875,0.01106602,-0.043512285,-0.68373364,0.8297198,False,0.0
4886.048905292,20000000,0.012815431,-0.025578976,0.014740288,-0.01851399,-0.6812257,0.79186356,False,0.0
4886.068905292,0,0.011027753,-0.032939017,0.014635146,3.800355e-05,-0.6886701,0.7409158,False,0.0
4886.088905292,20000000,0.01514326,-0.03426993,0.014440954,0.005147357,-0.68068045,0.685831,False,0.0
4886.108905292,0,0.01800999,-0.036911964,0.017920256,0.02097458,-0.6724726,0.62773126,False,0.0
4886.128905292,20000000,0.020514011,-0.035874426,0.01946956,0.041231044,-0.6684262,0.5677388,False,0.0
4886.148905292,0,0.025048807,-0.031436503,0.014662981,0.04964565,-0.6598383,0.5128066,False,0.0
4886.168905292,0,0.032854557,-0.03072691,0.011997879,0.063300505,-0.6518896,0.46083507,False,0.0
4886.188905292,20000000,0.038629144,-0.026518822,0.0106986165,0.07890868,-0.63631403,0.41216382,False,0.0
4886.208905292,0,0.039433673,-0.018191576,0.013805091,0.08466977,-0.620183,0.37089443,False,0.0
4886.228905292,0,0.035204023,-0.0049864054,0.016816258,0.08299085,-0.61674863,0.34962544,False,0.0
4886.248905292,20000000,0.032916144,0.00048840046,0.014524937,0.07762039,-0.6244101,0.3510404,False,0.0
4886.268905292,0,0.032464117,0.0007299781,0.014634907,0.08450291,-0.63490206,0.366136,False,0.0
4886.288905292,20000000,0.03484842,0.002648294,0.0106986165,0.091869906,-0.63613546,0.3803464,False,0.0
4886.308905292,0,0.0346649,0.0046615005,0.010650575,0.09134391,-0.6345987,0.39473101,False,0.0
4886.328905292,0,0.032831028,0.0007041693,0.012209594,0.09073642,-0.63241017,0.4092752,False,0.0
4886.348905292,20000000,0.0310653,-0.0032553673,0.013753295,0.09012892,-0.63022166,0.42381936,False,0.0
4886.368905292,40000000,0.035147294,-0.013620317,0.011141658,0.09069653,-0.6160106,0.4279336,False,0.0
4886.388905292,0,0.03555104,-0.01623857,0.011674225,0.08244224,-0.6105623,0.4255455,False,0.0
4886.408905292,0,0.03045918,-0.014092147,0.014003336,0.07556705,-0.6247091,0.4151651,False,0.0
4886.428905292,20000000,0.02644524,-0.013043523,0.012310088,0.05715732,-0.6560654,0.40663403,False,0.0
4886.448905292,0,0.030448616,-0.011226356,0.0057659745,0.03423009,-0.6594091,0.40507165,False,0.0
4886.468905292,0,0.02770713,-0.010098815,0.005406618,0.016919836,-0.664159,0.39522934,False,0.0
4886.488905292,0,0.017369121,-0.0023553967,0.0075302124,0.0040884055,-0.67117757,0.39634112,False,0.0
4886.508905292,0,0.0042006224,-0.001144588,0.013255358,0.011660522,-0.7098186,0.4130904,False,0.0
4886.528905292,20000000,0.0004734248,-0.0019662976,0.007297337,0.021003935,-0.7390269,0.43721417,False,0.0
4886.548905292,0,0.0088419765,-0.0135625005,-0.009679794,0.038521104,-0.72447836,0.43472788,False,0.0
4886.568905292,20000000,0.0033052862,-0.017655492,-0.010429978,0.04971682,-0.6856582,0.4136339,False,0.0
4886.588905292,0,-0.007569775,-0.016077816,-0.0048108697,0.05152621,-0.6745051,0.39784706,False,0.0
4886.608905292,0,-0.011027798,-0.018517017,-0.01015687,0.04197036,-0.6585816,0.3782106,False,0.0
4886.628905292,0,-0.012102157,-0.02034533,-0.0142964125,0.048566047,-0.6359427,0.3622012,False,0.0
4886.648905292,20000000,-0.013124511,-0.022191226,-0.018473387,0.055161737,-0.61330384,0.34619185,False,0.0
4886.668905292,40000000,-0.012961268,-0.018537581,-0.01856637,0.06457631,-0.5787212,0.3350019,False,0.0
4886.688905292,0,-0.019881979,-0.0075987577,-0.016825974,0.0533117,-0.55774665,0.34294313,False,0.0
4886.708905292,0,-0.025337562,-0.004000306,-0.013897479,0.040198676,-0.54087377,0.35405985,False,0.0
4886.728905292,0,-0.030228302,-0.002801299,-0.015378952,0.026336245,-0.53129333,0.3722505,False,0.0
4886.748905292,0,-0.038581118,-0.0102190375,-0.016503155,0.019472916,-0.517392,0.38864553,False,0.0
4886.768905292,20000000,-0.044350766,-0.01145792,-0.017393947,0.001843622,-0.5119593,0.39324048,False,0.0
4886.788905292,0,-0.04548893,-0.013062358,-0.019466639,-0.020356927,-0.49549994,0.3766492,False,0.0
4886.808905292,0,-0.055456534,-0.008290112,-0.017896175,-0.040672217,-0.46957463,0.35472077,False,0.0
4886.828905292,20000000,-0.06942859,-0.003194511,-0.019300044,-0.057535425,-0.4675026,0.3398765,False,0.0
4886.848905292,0,-0.077437244,-0.00867486,-0.027929425,-0.05416972,-0.46758887,0.32885796,False,0.0
4886.868905292,0,-0.08567317,-0.018698275,-0.042937756,-0.035764877,-0.46821854,0.32736883,False,0.0
4886.888905292,0,-0.09808901,-0.027658343,-0.03536731,-0.010857558,-0.4403387,0.31949136,False,0.0
4886.908905292,0,-0.09808391,-0.026050389,-0.050136983,-0.0033643981,-0.41892654,0.30552235,False,0.0
4886.928905292,20000000,-0.09408747,-0.021622598,-0.06095326,-0.03202965,-0.37722188,0.26659444,False,0.0
4886.948905292,0,-0.09422441,-0.020016074,-0.055905044,-0.05539662,-0.3456855,0.23411924,False,0.0
4886.968905292,20000000,-0.09667975,-0.0150257945,-0.049473524,-0.07171773,-0.31559032,0.20936602,False,0.0
4886.988905292,0,-0.09631041,-0.010279119,-0.03792733,-0.079431646,-0.29136795,0.19111489,False,0.0
4887.008905292,0,-0.08742696,-0.005458176,-0.033763766,-0.08436592,-0.2460329,0.17040093,False,0.0
4887.028905292,0,-0.08013804,-0.004281342,-0.020892024,-0.07926966,-0.19829626,0.15272987,False,0.0
4887.048905292,0,-0.0785372,-0.011636972,-0.0035751462,-0.05514753,-0.16313776,0.13373578,False,0.0
4887.068905292,20000000,-0.084302805,-0.010851741,0.013969004,-0.020184226,-0.15976103,0.12528004,False,0.0
4887.088905292,0,-0.090358205,-0.007997036,0.02269727,0.0148795545,-0.1890167,0.12348191,False,0.0
4887.108905292,0,-0.09035517,5.477667e-05,0.021374822,0.034700237,-0.21548346,0.1301186,False,0.0
4887.128905292,20000000,-0.08721639,0.009908676,0.01355952,0.02909129,-0.21935035,0.14841491,False,0.0
4887.148905292,0,-0.09896654,0.022525728,0.024097621,0.01637674,-0.24938971,0.18172309,False,0.0
4887.168905292,0,-0.09709954,0.032417774,0.014124095,-0.0021199342,-0.27599835,0.22283398,False,0.0
4887.188905292,0,-0.0838876,0.034913123,-0.009303987,-0.033728898,-0.2737155,0.25471967,False,0.0
4887.208905292,0,-0.07637818,0.040252328,-0.027674496,-0.061609186,-0.23143405,0.28281543,False,0.0
4887.228905292,20000000,-0.073812306,0.042181015,-0.035820365,-0.080361366,-0.18580064,0.3295674,False,0.0
4887.248905292,0,-0.06774972,0.03485179,-0.040727913,-0.07159649,-0.16326791,0.37064373,False,0.0
4887.268905292,20000000,-0.03902793,0.013634503,-0.06825912,-0.053206906,-0.14080076,0.37577742,False,0.0
4887.288905292,0,-0.024926253,0.007317245,-0.073753536,-0.036845207,-0.08726989,0.34769607,False,0.0
4887.308905292,20000000,-0.01956717,0.0028271675,-0.06727171,-0.018339304,-0.05502269,0.3357285,False,0.0
4887.328905292,0,-0.009903252,-0.016571641,-0.052263618,0.041706815,0.0017503314,0.32353732,False,0.0
4887.348905292,0,-0.0010754168,-0.029620707,-0.034086168,0.102783464,0.059002895,0.32101056,False,0.0
4887.368905292,20000000,0.0057668686,-0.039116204,-0.015173137,0.13340664,0.11191281,0.30628932,False,0.0
4887.388905292,0,0.0056990236,-0.040275514,0.0006930828,0.13212673,0.12874614,0.26351488,False,0.0
4887.408905292,0,0.007373959,-0.03792596,0.008655131,0.11757037,0.112655915,0.22104658,False,0.0
4887.428905292,0,0.013452917,-0.03391391,0.01955378,0.1020032,0.097307295,0.16290711,False,0.0
4887.448905292,0,0.014416084,-0.01954639,0.026484668,0.09268125,0.062312547,0.12127967,False,0.0
4887.468905292,20000000,0.020929396,-0.0026038885,0.024629712,0.09492997,0.030997828,0.117416665,False,0.0
4887.488905292,0,0.02434881,0.0057839155,0.021408975,0.10328514,0.0037742406,0.13155146,False,0.0
4887.508905292,0,0.032402962,0.0075071454,0.015355825,0.10571074,-0.00010920642,0.14589666,False,0.0
4887.528905292,20000000,0.029678345,0.020571351,0.023374856,0.091992244,-0.004978413,0.16680124,False,0.0
4887.548905292,0,0.029800206,0.020591974,0.024415731,0.0634941,-0.0017642078,0.16985302,False,0.0
4887.568905292,20000000,0.021939486,0.021241188,0.027710676,0.049505483,-0.008275571,0.16628006,False,0.0
4887.588905292,0,0.016494185,0.022879422,0.019578695,0.045475334,-0.03852866,0.16827786,False,0.0
4887.608905292,20000000,0.024109304,0.01765889,0.011371553,0.05283185,-0.06654037,0.17475827,False,0.0
4887.628905292,0,0.03030929,0.0106624365,0.0047596693,0.07661522,-0.04962282,0.16753456,False,0.0
4887.648905292,20000000,0.021682635,0.011120558,0.013906121,0.11343984,-0.060053635,0.17817298,False,0.0
4887.668905292,0,0.019356653,0.013794303,0.0068980455,0.1264567,-0.04511959,0.18235913,False,0.0
4887.688905292,0,0.009920701,0.019812405,0.008728504,0.123253,-0.056684792,0.19322291,False,0.0
4887.708905292,0,0.0037422776,0.024804235,0.010392368,0.112073265,-0.067538895,0.20330596,False,0.0
4887.728905292,20000000,0.008411095,0.019192219,-0.0005957484,0.09842989,-0.052463524,0.21712774,False,0.0
4887.748905292,0,2.0772219e-05,0.011958241,-0.006049514,0.089853205,-0.04498304,0.23099807,False,0.0
4887.768905292,0,-0.0050059855,-0.0058863163,-0.0067515373,0.10974061,-0.038667288,0.23283894,False,0.0
4887.788905292,0,-0.007837459,-0.014682651,-0.025384247,0.09228515,-0.01099596,0.21082877,False,0.0
4887.808905292,0,-0.011123255,-0.029638171,-0.02957964,0.08172061,0.005901918,0.18168814,False,0.0
4887.828860792,0,-0.008767491,-0.04871755,-0.031790163,0.09106627,0.042250704,0.12378965,False,0.0
4887.848860792,0,-0.0038629621,-0.04719162,-0.020528197,0.09848784,0.0530601,0.06843468,False,0.0
4887.868860792,20000000,0.0010414273,-0.045661807,-0.00927186,0.1059094,0.0638695,0.013079707,False,0.0
4887.888860792,40000000,0.0083027035,-0.039856672,-0.0003566146,0.11208351,0.06990257,-0.03393005,False,0.0
4887.908860792,0,0.020911142,-0.034433246,0.0092304945,0.114043854,0.06953553,-0.06356586,False,0.0
4887.928860792,0,0.032176077,-0.016670048,0.02006358,0.101769276,0.06332486,-0.08129809,False,0.0
4887.948860792,20000000,0.03659518,0.010752082,0.027502835,0.052606795,0.042424828,-0.07337883,False,0.0
4887.968860792,0,0.032141596,0.0327124,0.032938182,-0.0052097254,-0.0016969778,-0.01949251,False,0.0
4887.988860792,20000000,0.028158054,0.03414637,0.0313946,-0.04457014,-0.056426052,0.05233654,False,0.0
4888.008860792,0,0.028844371,0.024866939,0.021331787,-0.06340234,-0.09052517,0.109310836,False,0.0
4888.028860792,0,0.022250697,0.019670188,0.014004827,-0.07344349,-0.11116724,0.14700529,False,0.0
4888.048860792,20000000,0.0031799823,0.024786055,0.01577419,-0.0841975,-0.1451156,0.17856841,False,0.0
4888.068860792,0,-0.011216864,0.03592515,0.013147175,-0.096927665,-0.18106064,0.20597632,False,0.0
4888.088860792,0,-0.02293408,0.047863424,0.0082196,-0.10543681,-0.20653714,0.22345385,False,0.0
4888.108860792,0,-0.027889043,0.052922845,-0.0018184185,-0.08919058,-0.22688231,0.25311643,False,0.0
4888.128860792,0,-0.015068576,0.037784517,-0.018309236,-0.03447164,-0.21083051,0.27672663,False,0.0
4888.148860792,0,-0.0037310869,0.029320896,-0.02398336,0.04755307,-0.15796722,0.28211322,False,0.0
4888.168860792,20000000,-0.00019572675,0.03577876,-0.012661338,0.11185959,-0.12016986,0.29553762,False,0.0
4888.188860792,0,0.0052278936,0.04143113,0.002128303,0.14781512,-0.09218348,0.31887534,False,0.0
4888.208860792,20000000,0.018232703,0.047641873,0.021034658,0.17410499,-0.10966639,0.39972293,False,0.0
4888.228860792,0,0.060560137,0.033157587,0.023485124,0.20004228,-0.12236578,0.4865337,False,0.0
4888.248860792,0,0.095212206,0.043439806,0.031126738,0.18956077,-0.12319795,0.5923525,False,0.0
4888.268860792,0,0.10764544,0.07929516,0.053783298,0.11391195,-0.1846106,0.8016453,False,0.0
4888.288860792,0,0.10218927,0.12048024,0.06916177,-0.022359245,-0.2818154,1.0947353,False,0.0
4888.308860792,20000000,0.07419363,0.15628028,0.086045325,-0.2042574,-0.42489728,1.4883124,False,0.0
4888.328860792,0,0.044964492,0.15038753,0.087712705,-0.39129606,-0.566752,1.9071152,False,0.0
4888.348860792,0,0.00809139,0.12618393,0.08344674,-0.5480739,-0.71639127,2.288241,False,0.0
4888.368860792,0,-0.011838138,0.09040278,0.05769074,-0.6815805,-0.82899994,2.5563989,False,0.0
4888.388860792,0,-0.01349175,0.02774465,0.017261386,-0.784575,-0.84997135,2.657219,False,0.0
4888.408860792,20000000,-0.027021378,-0.023830175,-0.007815361,-0.8299347,-0.8146387,2.5892074,False,0.0
4888.428860792,0,-0.051000416,-0.056526244,-0.01480341,-0.78949034,-0.7877148,2.3695984,False,0.0
4888.448860792,20000000,-0.07478824,-0.08834618,-0.021438062,-0.749046,-0.76079094,2.1499891,False,0.0
4888.468860792,0,-0.08475998,-0.099294186,-0.030815959,-0.65119326,-0.73636866,1.8778524,False,0.0
4888.488860792,0,-0.07716173,-0.10522595,-0.0426414,-0.5418002,-0.7086725,1.5826552,False,0.0
4888.508860792,20000000,-0.07331818,-0.108296186,-0.04540676,-0.42747137,-0.6446501,1.2456613,False,0.0
4888.528860792,0,-0.06921795,-0.10394001,-0.05013448,-0.32558855,-0.5818628,0.9150934,False,0.0
4888.548860792,0,-0.063871294,-0.10504028,-0.053850055,-0.2130613,-0.500819,0.58872837,False,0.0
4888.568860792,20000000,-0.059610546,-0.09969315,-0.052435875,-0.10135904,-0.41648263,0.27928424,False,0.0
4888.588860792,0,-0.05308935,-0.09128916,-0.053098083,0.010927469,-0.32158267,0.004059881,False,0.0
4888.608860792,0,-0.049795896,-0.0863646,-0.054180145,0.1130378,-0.22857365,-0.25232184,False,0.0
4888.628860792,20000000,-0.046313167,-0.08380237,-0.051370323,0.2060988,-0.14514512,-0.47461665,False,0.0
4888.648860792,0,-0.038084775,-0.08683929,-0.04646021,0.3011584,-0.06661408,-0.68132555,False,0.0
4888.668860792,20000000,-0.027981967,-0.09123403,-0.042455792,0.39128754,0.00037886947,-0.8966308,False,0.0
4888.688860792,0,-0.023515314,-0.06958568,-0.038983822,0.45129797,0.058763705,-1.0776076,False,0.0
4888.708860792,0,-0.03265646,-0.043223858,-0.0212996,0.4967443,0.08326131,-1.1914779,False,0.0
4888.728860792,0,-0.03231892,-0.018179297,-0.013597846,0.5065453,0.07500487,-1.18836,False,0.0
4888.748860792,20000000,-0.031976104,0.007234454,-0.005870044,0.51634634,0.066748425,-1.1852419,False,0.0
4888.768860792,40000000,-0.027534038,0.02095735,-0.0050723553,0.5001612,0.050165392,-1.1009634,False,0.0
4888.788860792,0,-0.011545122,0.018212736,-0.012255847,0.4787253,0.041585375,-0.9836307,False,0.0
4888.808860792,0,0.006999254,0.0116452575,-0.018474996,0.4528439,0.060751967,-0.8835293,False,0.0
4888.828860792,20000000,0.008650899,0.010959506,-0.013708293,0.4194302,0.08220285,-0.79485124,False,0.0
4888.848860792,0,0.0066662133,0.0092612505,-0.007378757,0.37906173,0.091997124,-0.71847034,False,0.0
4888.868860792,20000000,0.009229571,0.008489132,-0.009030223,0.3312823,0.10004358,-0.6681059,False,0.0
4888.888860792,0,0.014335126,0.006355047,-0.0102446675,0.2918452,0.12437405,-0.6354449,False,0.0
4888.908860792,0,0.012396693,0.0030836463,-0.00932461,0.263058,0.15021469,-0.6150739,False,0.0
4888.928860792,20000000,-0.0005170703,0.0041046143,-0.004615903,0.25624567,0.14401352,-0.57834923,False,0.0
4888.948860792,0,-0.0035904795,0.006362021,-0.007859051,0.2509209,0.13327059,-0.5489959,False,0.0
4888.968860792,0,0.0028012693,0.005149007,-0.016478062,0.2422112,0.12796225,-0.5176822,False,0.0
4888.988860792,20000000,0.013035312,0.0034982562,-0.020463765,0.24742931,0.14742301,-0.48912704,False,0.0
4889.008860792,0,0.017371923,0.0050693154,-0.018544793,0.25188372,0.16958345,-0.45651326,False,0.0
4889.028860792,0,0.01661843,0.0085513,-0.012097836,0.24623682,0.16274038,-0.39917496,False,0.0
4889.048860792,20000000,0.01584199,0.012055218,-0.005655408,0.24058992,0.15589729,-0.3418367,False,0.0
4889.068860792,40000000,0.019024298,0.009113729,-0.0027964711,0.22965468,0.14383353,-0.28885105,False,0.0
4889.088860792,0,0.019145474,0.004994452,0.0014799237,0.21112092,0.12505272,-0.22940338,False,0.0
4889.108860792,0,0.020606026,-0.0027706027,-0.0013815165,0.18748938,0.10494768,-0.17592499,False,0.0
4889.128860792,0,0.021701083,-0.009450614,-0.00583148,0.163241,0.100076444,-0.12500647,False,0.0
4889.148860792,0,0.022090584,-0.019115627,-0.005397022,0.14769268,0.09512973,-0.09456235,False,0.0
4889.168860792,20000000,0.019022837,-0.024597645,-0.0041694045,0.13180402,0.08512024,-0.07082167,False,0.0
4889.188860792,0,0.012585044,-0.028519213,-0.0015913844,0.11821187,0.066612005,-0.04259382,False,0.0
4889.208860792,0,0.013693392,-0.03583932,-0.0049538612,0.10379898,0.043970086,-0.032812774,False,0.0
4889.228860792,20000000,0.014374793,-0.038144767,-0.003919542,0.091074385,0.023537159,-0.02456651,False,0.0
4889.248860792,0,0.01577723,-0.03404346,-0.0056596994,0.07474973,0.02068913,-0.029203225,False,0.0
4889.268860792,0,0.011086032,-0.030635536,-0.0025535822,0.0549989,0.009246824,-0.03332546,False,0.0
4889.288860792,0,0.006272614,-0.026406705,-0.0013535023,0.033421997,-0.0012901081,-0.03457357,False,0.0
4889.308860792,0,0.0019322485,-0.019472301,-0.003279686,0.00922461,-0.011924801,-0.03225913,False,0.0
4889.328860792,20000000,-0.0021590889,-0.016057253,-0.0017841458,7.482059e-05,-0.022559352,-0.023454238,False,0.0
4889.348860792,0,-0.0031932145,-0.016209722,-0.008485854,-0.009347561,-0.025295388,-0.015968615,False,0.0
4889.368860792,20000000,-0.0030216724,-0.015867531,-0.0076578856,-0.0100541515,-0.025564946,-0.014731738,False,0.0
4889.388860792,0,-0.0026247203,-0.014269233,-0.011092901,-0.010469668,-0.022317803,-0.015643526,False,0.0
4889.408860792,0,-0.0022803992,-0.01339066,-0.012493134,-0.01545159,-0.007882455,-0.024616871,False,0.0
4889.428860792,0,-0.004512325,-0.009661615,-0.010754645,-0.015663266,-0.004556339,-0.024624117,False,0.0
4889.448860792,20000000,-0.005573839,-0.010759354,-0.011352241,-0.010448021,-0.0043746093,-0.029071098,False,0.0
4889.468860792,0,-0.00502187,-0.012962103,-0.010745883,0.0015479596,-0.00014301576,-0.038303204,False,0.0
4889.488860792,0,-0.007001132,-0.013214052,-0.009154856,0.010545178,0.0055932854,-0.046000388,False,0.0
4889.508860792,20000000,-0.008980468,-0.013465524,-0.00756371,0.019542396,0.011329587,-0.05369757,False,0.0
4889.528860792,0,-0.007641852,-0.008473396,-0.012593746,0.015650962,0.022551384,-0.057972807,False,0.0
4889.548860792,20000000,-0.001869455,-0.0102981925,-0.018201888,0.012352321,0.037268616,-0.06865035,False,0.0
4889.568860792,0,0.0036872625,-0.012707114,-0.014841318,0.019108819,0.06434175,-0.08752871,False,0.0
4889.588860792,20000000,0.0006105006,-0.007208526,-0.0062270164,0.028209358,0.076868415,-0.10403823,False,0.0
4889.608860792,0,-0.00095026195,-0.0022734404,-0.001398623,0.029680002,0.07386973,-0.10619723,False,0.0
4889.628860792,0,0.0036080182,-0.004910469,-0.0021427274,0.029127674,0.080925316,-0.11504188,False,0.0
4889.648860792,20000000,0.008165792,-0.0075472593,-0.002886951,0.028575344,0.08798091,-0.123886526,False,0.0
4889.668860792,40000000,0.004155919,-0.0064368844,0.004081011,0.028550414,0.06332808,-0.117489815,False,0.0
4889.688860792,0,0.0064077824,-0.0066333413,0.0018924475,0.03448958,0.04242217,-0.103154615,False,0.0
4889.708860792,20000000,0.014327139,-0.0061818957,-0.0014051199,0.042230614,0.02913066,-0.08751913,False,0.0
4889.728860792,0,0.0097461045,-0.0016938448,0.0014779568,0.04592949,0.027140103,-0.06702666,False,0.0
4889.748860792,0,0.0075448453,0.0038072467,-0.0060294867,0.0407312,0.014172881,-0.033455916,False,0.0
4889.768860792,20000000,0.009102866,0.0028759837,-0.0069125295,0.031885106,0.004849706,-0.005204769,False,0.0
4889.788860792,0,0.009847119,-0.0072577596,-0.008842945,0.034864493,0.014086394,0.025514781,False,0.0
4889.808860792,20000000,0.00930354,-0.011725545,-0.010887682,0.04357931,0.022660235,0.04790534,False,0.0
4889.828860792,0,0.012800589,-0.008002222,-0.007878602,0.032030813,0.0382047,0.060583398,False,0.0
4889.848860792,0,0.011259109,-0.0036448836,-0.0037288666,0.010265091,0.04968214,0.0613015,False,0.0
4889.868860792,0,0.012845799,-0.006159961,-0.0039281845,-0.016009519,0.060307276,0.056172542,False,0.0
4889.888860792,0,0.008532524,-0.0037222505,0.0013206005,-0.029212583,0.06751269,0.048823155,False,0.0
4889.908860792,20000000,0.008670315,-0.005558014,-0.00087344646,-0.027052421,0.07613784,0.029633014,False,0.0
4889.928860792,0,0.012334645,-0.009575248,-0.0028690696,-0.021050455,0.07141515,0.014840563,False,0.0
4889.948860792,0,0.0209302,-0.008214712,-0.0038068295,-0.012264597,0.10199607,-0.017133348,False,0.0
4889.968860792,20000000,0.014623523,0.008733332,0.005461812,-0.018234052,0.10632375,-0.033028718,False,0.0
4889.988860792,0,0.010941923,0.01608491,0.0075572133,-0.020930469,0.088984735,-0.023941388,False,0.0
4890.008860792,20000000,0.009295315,0.007258594,0.0022876263,-0.001956394,0.08222243,-0.0007219333,False,0.0
4890.028860792,0,-0.0002169013,0.0042513013,0.0017825961,0.027087059,0.06442275,0.032110482,False,0.0
4890.048860792,0,0.011878461,-0.0049880147,-0.01203382,0.05017869,0.087060705,0.05101306,False,0.0
4890.068860792,0,0.016405761,-0.010957539,-0.016154885,0.041223064,0.13038784,0.025192132,False,0.0
4890.088860792,0,-0.005273819,-0.008159041,0.0037220716,0.029608976,0.1438537,-0.006392954,False,0.0
4890.108860792,20000000,-0.008212477,-0.00813061,0.0026750565,0.009097315,0.13196413,-0.021299131,False,0.0
4890.128860792,0,0.006943077,-0.018778324,-0.014547467,-0.011978386,0.15472247,-0.03433789,False,0.0
4890.148860792,0,0.018834352,-0.025797844,-0.017314315,0.0015910175,0.20565654,-0.093113855,False,0.0
4890.168860792,0,0.0013040304,-0.017257512,-0.0016054511,0.014703646,0.24723399,-0.15102652,False,0.0
4890.188860792,0,-0.02227293,-0.0050585866,0.013885379,0.012237538,0.22662523,-0.15482405,False,0.0
4890.208860792,20000000,0.0011155009,-0.014185071,0.0004222393,0.0168635,0.19591491,-0.16923591,False,0.0
4890.228860792,0,-0.0015994906,-0.0108549595,0.0030341744,0.028155848,0.17601322,-0.22508611,False,0.0
4890.248860792,20000000,-0.004309565,-0.0075252056,0.005646825,0.039448194,0.15611154,-0.2809363,False,0.0
4890.268860792,0,-0.004504055,-0.00036907196,0.0047353506,0.046503,0.13318706,-0.29312935,False,0.0
4890.288860792,20000000,-0.00601086,0.0051364303,0.0039684176,0.04731181,0.12118463,-0.27830377,False,0.0
4890.308860792,0,-0.0042649806,0.0062975287,-0.0016469359,0.038810514,0.12115682,-0.25695875,False,0.0
4890.328860792,0,0.0035072863,0.0071685314,-0.0037264824,0.02634075,0.12835313,-0.2337645,False,0.0
4890.348860792,0,0.010110319,0.0055434704,-0.003139317,0.019291718,0.14340113,-0.2195044,False,0.0
4890.368860792,0,0.008171231,0.009090424,0.00443089,0.009743185,0.14977059,-0.19755837,False,0.0
4890.388860792,20000000,0.0043476224,0.012905121,0.010102928,-0.0076026833,0.13371213,-0.16252801,False,0.0
4890.408860792,0,0.0016652048,0.012762487,0.010640979,-0.026288766,0.111929424,-0.12534818,False,0.0
4890.428860792,0,0.00075370073,0.0072500706,0.007579088,-0.03640371,0.09265378,-0.09254491,False,0.0
4890.448860792,20000000,0.003453195,0.0024169087,0.0026659966,-0.042398714,0.0845505,-0.08069964,False,0.0
4890.468860792,0,0.00507164,0.0030639768,0.0009586215,-0.04422969,0.09184775,-0.085016355,False,0.0
4890.488860792,0,0.00085124373,0.009264171,0.005375445,-0.0447935,0.08905667,-0.08818895,False,0.0
4890.508860792,20000000,-0.0013992488,0.01305604,0.0073834658,-0.04675375,0.079793036,-0.088810734,False,0.0
4890.528860792,0,0.0034119189,0.008077085,0.0020769238,-0.029169872,0.08408918,-0.096328184,False,0.0
4890.548860792,20000000,0.008226126,0.0030982494,-0.003230393,-0.011585994,0.08838533,-0.10384563,False,0.0
4890.568860792,0,0.010061622,0.0009061098,0.00024932623,0.0114085525,0.09642501,-0.109897144,False,0.0
4890.588860792,20000000,0.01071465,0.00428015,0.0050168633,0.02316618,0.09900548,-0.114747845,False,0.0
4890.608860792,0,0.0069381893,0.011144578,0.011643231,0.02357814,0.085258335,-0.110173896,False,0.0
4890.628860792,0,-0.00014531612,0.015677989,0.018754125,0.022023972,0.053298283,-0.087986305,False,0.0
4890.648860792,0,0.002526164,0.016190886,0.011105299,0.020782879,0.029277064,-0.0529392,False,0.0
4890.668860792,0,0.0053947866,0.015881479,0.00021380186,0.008565005,0.0222179,-0.00820747,False,0.0
4890.688860792,20000000,0.008913606,0.013792455,-0.0046538115,2.9542483e-05,0.030473156,0.031844404,False,0.0
4890.708860792,0,0.0076406896,0.010967433,-0.0005802512,-0.009221788,0.039203912,0.06429212,False,0.0
4890.728860792,20000000,0.002537787,0.006745577,0.0049834847,-0.018779948,0.027025908,0.09280313,False,0.0
4890.748860792,0,0.005573064,-0.0026128888,0.00628978,-0.020136004,0.010858256,0.1017461,False,0.0
4890.768860792,0,0.010712981,-0.010059178,0.005644977,-0.018938515,0.0072574536,0.0813614,False,0.0
4890.788860792,20000000,0.0095489025,-0.010127425,0.0074486136,-0.023888057,0.00011544954,0.052062474,False,0.0
4890.808860792,0,0.007349938,-0.007111728,0.010209858,-0.030954164,-0.01789948,0.024957683,False,0.0
4890.828860792,0,0.0038208365,-0.002112627,0.007257104,-0.03613699,-0.034019887,0.019049225,False,0.0
4890.848860792,20000000,0.00029155612,0.0028867126,0.004303634,-0.041319817,-0.05014029,0.01314077,False,0.0
4890.868860792,0,0.0004285574,0.0036443472,-0.002285719,-0.036138184,-0.051127296,0.021133773,False,0.0
4890.888860792,0,0.0014272928,0.00028127432,-0.0071920156,-0.026545767,-0.042215623,0.03492913,False,0.0
4890.908860792,0,-0.00066530704,-0.0041177273,-0.007466793,-0.013519909,-0.02533991,0.0422968,False,0.0
4890.928860792,20000000,-0.0031358302,-0.006716609,-0.003287971,-0.00039438438,-0.008030184,0.04196324,False,0.0
4890.948860792,0,-0.009742498,-0.005945325,0.0024400353,0.0053985217,-0.009470601,0.037371226,False,0.0
4890.968860792,0,-0.014593691,-0.0062057376,0.0016244054,-0.005257061,-0.0057002413,0.026636407,False,0.0
4890.988860792,20000000,-0.020085484,-0.0021214485,0.00095814466,-0.014902199,-0.011039073,0.025078267,False,0.0
4891.008860792,0,-0.017750204,-0.0024033189,-0.008109748,-0.029939026,-0.0025585573,0.015530472,False,0.0
4891.028860792,20000000,-0.008488923,-0.007903814,-0.016111076,-0.037273154,0.030992256,-0.010158648,False,0.0
4891.048860792,0,-0.008099049,-0.009013712,-0.0123156905,-0.030402765,0.0675585,-0.04036811,False,0.0
4891.068860792,20000000,-0.009210706,-0.010358989,-0.008831322,-0.014611207,0.085773215,-0.070094615,False,0.0
4891.088860792,0,-0.009848237,-0.011270165,-0.007035315,0.014459858,0.08892165,-0.07477445,False,0.0
4891.108860792,0,-0.00031107664,-0.009415925,-0.010356784,0.021313302,0.0977312,-0.045608766,False,0.0
4891.128860792,20000000,0.009225607,-0.0075626373,-0.013680816,0.028166747,0.106540754,-0.016443081,False,0.0
4891.148860792,40000000,0.018762082,-0.0057100654,-0.01700741,0.03502019,0.11535031,0.012722604,False,0.0
4891.168860792,60000000,0.02626577,-0.015321553,-0.015443325,0.048907932,0.12759876,0.05127041,False,0.0
4891.188860792,0,0.022211373,-0.020327628,-0.0036203861,0.06490223,0.10230056,0.104890496,False,0.0
4891.208860792,0,0.028065741,-0.013722658,-0.0028290749,0.048197925,0.07290018,0.15073194,False,0.0
4891.228860792,20000000,0.038481206,-0.007563114,-0.004982412,0.00079891086,0.06641486,0.17900628,False,0.0
4891.248860792,0,0.037127703,-0.007698834,0.0046186447,-0.042616032,0.06431543,0.18641838,False,0.0
4891.268860792,0,0.030071646,-0.014379978,0.01416105,-0.05941968,0.026702557,0.19977205,False,0.0
4891.288860792,0,0.026328444,-0.018762171,0.02069503,-0.056308102,-0.015277751,0.2047858,False,0.0
4891.308860792,0,0.024769425,-0.024490952,0.020079851,-0.043129914,-0.049454488,0.19318567,False,0.0
4891.328860792,20000000,0.0147771835,-0.02197659,0.01682496,-0.036181692,-0.07843658,0.17481753,False,0.0
4891.348860792,0,0.003526777,-0.00714612,0.016522586,-0.043773394,-0.100502774,0.15642363,False,0.0
4891.368860792,0,-0.00075513124,0.006751597,0.011356473,-0.0705321,-0.118280746,0.12754697,False,0.0
4891.388860792,20000000,0.002179265,0.009159386,0.0029999018,-0.09879203,-0.10948241,0.089006305,False,0.0
4891.408860792,0,0.0023344457,0.006910324,-0.004941523,-0.0975305,-0.08409798,0.05503569,False,0.0
4891.428860792,0,-0.0016360283,0.0010781288,-0.008317947,-0.06481859,-0.08504656,0.04662771,False,0.0
4891.448860792,20000000,-0.005607486,-0.004754424,-0.011696577,-0.03210668,-0.085995145,0.038219728,False,0.0
4891.468860792,0,-0.002205938,-0.008271992,-0.014839888,-0.013106486,-0.06646947,0.010279087,False,0.0
4891.488860792,0,-0.004108697,-0.009910107,-0.0073326826,0.009217583,-0.05847097,-0.023964943,False,0.0
4891.508860792,20000000,-0.0042470098,-0.014560103,-0.0074599385,0.028445106,-0.047948454,-0.0565058,False,0.0
4891.528860792,0,-0.010753363,-0.00943017,-0.0026080608,0.034586843,-0.048513986,-0.07444581,False,0.0
4891.548860792,0,-0.014434606,-0.008255899,-0.005135119,0.029350791,-0.060321346,-0.06913827,False,0.0
4891.568860792,20000000,-0.011793584,-0.015696764,-0.0054401755,0.024724275,-0.059003763,-0.07398143,False,0.0
4891.588860792,0,-0.004260689,-0.018214166,-0.011302352,0.015035677,-0.04265278,-0.09797328,False,0.0
4891.608860792,0,-0.0030871332,-0.014538169,-0.010560691,0.0026108846,-0.009001449,-0.1307075,False,0.0
4891.628860792,20000000,-0.013345718,-0.006311476,-0.002974093,-0.00610622,0.0058975797,-0.13668552,False,0.0
4891.648860792,0,-0.019805104,0.0003643036,0.0015263557,-0.011253923,-0.0022287397,-0.113491915,False,0.0
4891.668860792,0,-0.016683161,0.007912219,-0.0026290417,-0.019275602,0.0006403532,-0.09299668,False,0.0
4891.688860792,0,-0.017890692,0.01080662,-0.0031930804,-0.036690556,0.016919898,-0.082127385,False,0.0
4891.708860792,0,-0.020483643,0.010285437,-0.0016176701,-0.04234784,0.010271788,-0.079566136,False,0.0
4891.728860792,20000000,-0.02330494,0.002924502,0.001398027,-0.03489791,0.01382653,-0.085832395,False,0.0
4891.748860792,0,-0.018227875,-0.0058357716,-0.0051939487,-0.01451855,0.017206889,-0.101186134,False,0.0
4891.768860792,20000000,-0.0063026547,-0.008531213,-0.015614748,-0.0041721463,0.042168163,-0.1222506,False,0.0
4891.788860792,0,0.0043699443,-0.0063764453,-0.020505965,0.00036857976,0.091264464,-0.15451266,False,0.0
4891.808860792,0,0.0052658617,-0.00086033344,-0.009885669,-0.0007690367,0.12771599,-0.17598408,False,0.0
4891.828860792,0,-0.0006441474,0.00968349,0.0056008697,-0.0019820565,0.14187515,-0.19449605,False,0.0
4891.848860792,0,-0.0054154694,0.01892215,0.013964593,-0.009475118,0.10400502,-0.16454734,False,0.0
4891.868860792,0,0.004640311,0.024092674,0.01127708,-0.01373346,0.094246574,-0.14366703,False,0.0
4891.888860792,0,0.019319743,0.019620359,0.006921053,-0.016218191,0.08566824,-0.12355486,False,0.0
4891.908860792,0,0.02231118,0.019839287,0.006804645,-0.013609042,0.098145396,-0.09966175,False,0.0
4891.928860792,20000000,0.0137985945,0.022954285,0.014924049,-0.008162471,0.090428375,-0.05823796,False,0.0
4891.948860792,0,0.0061698556,0.034039676,0.018118024,-0.011485523,0.048282597,0.003653232,False,0.0
4891.968860792,20000000,0.0066755414,0.03067875,0.013456285,-0.022325505,0.011377297,0.070967615,False,0.0
4891.988860792,0,0.009039819,0.020608366,0.0049896836,-0.02116156,-0.0025606714,0.1306206,False,0.0
4892.008860792,20000000,0.015755504,0.0037033558,-0.0040013194,-0.014520006,0.0003653858,0.15630376,False,0.0
4892.028860792,0,0.017023176,-0.006870806,-0.00019156933,-0.007634618,0.013604158,0.13780943,False,0.0
4892.048860792,20000000,0.01829189,-0.017439544,0.003617406,-0.0007492299,0.026842931,0.11931509,False,0.0
4892.068860792,40000000,0.01668483,-0.020691454,0.008101821,0.009916795,0.017010132,0.08604799,False,0.0
4892.088860792,0,0.017941058,-0.025398612,0.011689305,0.026607143,0.000789376,0.05526777,False,0.0
4892.108860792,20000000,0.015105367,-0.024665356,0.013529718,0.02273267,-0.007036321,0.02115209,False,0.0
4892.128860792,0,0.011533856,-0.01331377,0.013413787,0.012829948,-0.017364847,-0.0091057625,False,0.0
4892.148860792,0,0.0045693815,0.0022881627,0.011162281,-0.017775448,-0.027675845,-0.024274934,False,0.0
4892.168860792,20000000,0.0028139055,0.010625243,0.0098231435,-0.043415256,-0.03966608,-0.029496562,False,0.0
4892.188860792,0,-0.0008291602,0.015579879,0.0053776503,-0.051531285,-0.050181754,-0.014053384,False,0.0
4892.208860792,20000000,0.0041264296,0.009603381,-0.0048109293,-0.04705403,-0.04518285,0.009115126,False,0.0
4892.228860792,0,0.0057852864,0.00528121,-0.00786221,-0.023229145,-0.038484246,0.02429244,False,0.0
4892.248860792,0,0.0035788417,0.0017028451,-0.00493747,-0.0018015876,-0.037226763,0.03768646,False,0.0
4892.268860792,20000000,0.0018674433,-0.0014916658,-0.0015769005,0.012043124,-0.026807714,0.049208153,False,0.0
4892.288860792,0,-0.00090295076,-0.0036170483,-0.00020700693,0.014599096,-0.043389812,0.05421158,False,0.0
4892.308860792,20000000,0.0029231608,-0.011668503,-0.0075957775,0.01074512,-0.041568913,0.044193853,False,0.0
4892.328860792,0,0.01359126,-0.024420142,-0.015630364,0.007913928,-0.0057509467,0.0074218847,False,0.0
4892.348860792,0,0.0058272183,-0.02000624,-0.0027934313,0.0082109785,-0.013303192,-0.016790086,False,0.0
4892.368860792,20000000,-0.0019368529,-0.015592217,0.010043442,0.008508029,-0.020855438,-0.041002057,False,0.0
4892.388860792,0,-0.00086668134,-0.009836972,0.010760844,0.004560406,-0.046615005,-0.05804609,False,0.0
4892.408860792,20000000,0.0012743473,0.0019835234,0.004209578,-0.0043916893,-0.050213136,-0.06732495,False,0.0
4892.428860792,0,-0.0064949095,0.013051748,0.0025414228,-0.015220312,-0.057910614,-0.04621779,False,0.0
4892.448860792,0,-0.0107316375,0.01382333,0.00056517124,-0.023895,-0.062719814,-0.018286927,False,0.0
4892.468860792,0,-0.010803014,0.010417163,-0.007847965,-0.03100757,-0.066384345,0.003863193,False,0.0
4892.488860792,0,-0.007852018,0.0044118166,-0.008339882,-0.030819137,-0.060036395,0.01435351,False,0.0
4892.508860792,20000000,-0.0043516755,-0.0005021095,-0.013591886,-0.02372292,-0.03856929,0.0031157127,False,0.0
4892.528860792,0,-0.006159872,-0.002188146,-0.010774493,-0.012198512,-0.020283977,-0.0059764422,False,0.0
4892.548860792,0,-0.00254637,0.00069743395,-0.008878827,-0.002340842,-0.0015217904,-0.026037853,False,0.0
4892.568860792,20000000,-0.0036984384,0.001237154,-0.006313324,0.0018290859,0.016302474,-0.039290346,False,0.0
4892.588860792,0,-0.0062494576,0.007060945,0.0019749403,0.015953055,0.016453309,-0.038899727,False,0.0
4892.608860792,0,-0.0044923425,0.011611581,0.00015813112,0.017516892,0.020329857,-0.026492406,False,0.0
4892.628860792,0,0.000115036964,0.0072592497,0.0010544658,0.028861405,0.009370233,-0.017070089,False,0.0
4892.648860792,0,0.00056293607,0.006001234,0.0022403002,0.03319256,0.0049622552,-0.0077263033,False,0.0
4892.668860792,20000000,0.002583921,0.005138576,0.00417912,0.03291844,0.00062991446,0.0009091627,False,0.0
4892.688860792,0,0.0028952658,0.0034685135,0.0036821365,0.032265067,-0.0065113865,0.0046647037,False,0.0
4892.708860792,20000000,0.0040074885,0.0034326315,0.0024763346,0.032004483,-0.017472224,0.004061393,False,0.0
4892.728860792,0,0.0066566765,0.0030906796,-0.0017088652,0.034249842,-0.02367894,0.007025014,False,0.0
4892.748860792,0,0.008092225,-0.005336106,-0.0018983483,0.040019777,-0.026037134,0.0012730248,False,0.0
4892.768860792,0,0.007572919,-0.013931394,0.002726972,0.05488237,-0.02444068,-0.016399015,False,0.0
4892.788860792,0,0.004403025,-0.016014755,0.004065633,0.056933798,-0.018138507,-0.047059834,False,0.0
4892.808860792,20000000,-0.005257517,-0.012809873,0.009795904,0.04670159,-0.03172887,-0.0795317,False,0.0
4892.828860792,0,-0.012547284,-0.008099556,0.0054339767,0.02616161,-0.03610555,-0.107926734,False,0.0
4892.848860792,20000000,-0.012996972,-0.007987022,-0.0059791803,0.013310957,-0.028812487,-0.13055763,False,0.0
4892.868860792,0,-0.014226675,-0.0052948,-0.013197064,0.008247945,-0.0019242819,-0.1534225,False,0.0
4892.888860792,0,-0.018932223,0.0012049079,-0.0145686865,0.009448308,0.028132625,-0.16461177,False,0.0
4892.908860792,0,-0.0200167,0.002352655,-0.01271975,0.017487498,0.04915575,-0.18097731,False,0.0
4892.928860792,0,-0.018058956,0.0004107356,-0.008758187,0.039611682,0.0658618,-0.20449203,False,0.0
4892.948860792,20000000,-0.016099483,-0.0015257597,-0.0047944784,0.06173587,0.08256784,-0.22800675,False,0.0
4892.968860792,0,-0.016001523,-0.0045071244,-0.0022140145,0.083658025,0.085722044,-0.243741,False,0.0
4892.988860792,0,-0.011151701,-0.007096529,-0.0051283836,0.10636553,0.086949386,-0.25893423,False,0.0
4893.008860792,0,-0.00734061,-0.008024633,-0.008523703,0.11218366,0.091450974,-0.27066207,False,0.0
4893.028860792,20000000,6.0260296e-05,-0.013900459,-0.013899744,0.11506208,0.09820991,-0.27473074,False,0.0
4893.048860792,0,0.0024628043,-0.01466912,-0.013541043,0.11146558,0.11649648,-0.2849947,False,0.0
4893.068860792,0,0.00549978,-0.0108639,-0.01328665,0.106179655,0.13482493,-0.28226137,False,0.0
4893.088860792,20000000,0.010723054,-0.008419275,-0.010684669,0.10098201,0.15690371,-0.271327,False,0.0
4893.108860792,0,0.010533094,-0.002039373,-0.0012408495,0.09488293,0.16887924,-0.25389382,False,0.0
4893.128860792,0,0.011780888,0.007670641,0.0051847696,0.07915178,0.16231762,-0.22722499,False,0.0
4893.148860792,20000000,0.011736661,0.014626861,0.01330179,0.061783586,0.14408715,-0.198178,False,0.0
4893.168860792,0,0.016968727,0.015132606,0.015463531,0.054766495,0.116942495,-0.16460836,False,0.0
4893.188860792,20000000,0.01829058,0.013210356,0.017951846,0.05503664,0.08740765,-0.12790376,False,0.0
4893.208860792,0,0.015625179,0.010556877,0.020617366,0.061573274,0.05745817,-0.092557326,False,0.0
4893.228860792,0,0.015281141,0.009564877,0.017469227,0.051604424,0.03289885,-0.07156901,False,0.0
4893.248860792,20000000,0.014936835,0.008573234,0.01432097,0.041635573,0.008339534,-0.0505807,False,0.0
4893.268860792,40000000,0.0145920515,0.0075819492,0.011172533,0.031666726,-0.016219787,-0.029592387,False,0.0
4893.288860792,0,0.009958535,0.007814765,0.009109497,0.024762155,-0.03677336,-0.003552936,False,0.0
4893.308860792,0,0.0011976361,0.0072196126,0.0076335073,0.025606245,-0.044212323,0.023440856,False,0.0
4893.328860792,20000000,-0.008374959,0.008086503,0.004418373,0.024141029,-0.075699024,0.06862272,False,0.0
4893.348860792,0,-0.008454561,-0.0005456209,-0.0016233325,0.018246459,-0.08281664,0.08720715,False,0.0
4893.368860792,0,0.0025859475,-0.014674902,-0.017584324,0.0005354248,-0.053156585,0.06783807,False,0.0
4893.388860792,0,0.011509836,-0.026271164,-0.024860382,-0.014264887,-0.010775838,0.032319058,False,0.0
4893.408860792,0,0.0111812055,-0.032735646,-0.018778265,-0.011257231,0.04609534,-0.023632638,False,0.0
4893.428860792,0,0.0053572953,-0.033038974,-0.0076653957,-0.0025291461,0.061485052,-0.061575774,False,0.0
4893.448860792,0,-0.000787735,-0.028830647,-0.001878202,0.004455623,0.059547152,-0.09109104,False,0.0
4893.468860792,0,0.0058992803,-0.031514287,-0.0025916696,0.010680401,0.055910543,-0.13607278,False,0.0
4893.488860792,20000000,0.00926134,-0.031050265,-0.00029307604,0.01847414,0.05360892,-0.17943884,False,0.0
4893.508860792,0,0.008769989,-0.027597308,0.0027341247,0.028200034,0.04873565,-0.22095126,False,0.0
4893.528860792,20000000,0.0067811906,-0.015818775,0.0048395395,0.032716993,0.032296017,-0.23979169,False,0.0
4893.548860792,0,0.0032766163,-0.0035952926,0.0026974678,0.027867358,0.026309285,-0.23778032,False,0.0
4893.568860792,20000000,0.0015904903,0.008899927,0.00013124943,0.00954335,0.020428453,-0.20812348,False,0.0
4893.588860792,0,0.0033088923,0.012889087,-0.0048065186,-0.017231245,0.024742097,-0.16702884,False,0.0
4893.608860792,0,0.0013339221,0.014818847,-0.0057852864,-0.03904456,0.036629885,-0.13186035,False,0.0
4893.628860792,20000000,-0.0044450164,0.015844703,-0.0029762387,-0.05261802,0.029104436,-0.09509864,False,0.0
4893.648860792,0,-0.003802985,0.021294296,-0.008397043,-0.06719243,0.027611634,-0.06169036,False,0.0
4893.668860792,0,0.0010032952,0.022712708,-0.015007019,-0.08055219,0.039903607,-0.03966005,False,0.0
4893.688860792,0,0.0014935434,0.022718906,-0.014906883,-0.07881871,0.059886772,-0.032259826,False,0.0
4893.708860792,0,0.00020188093,0.022737026,-0.010148346,-0.059601337,0.076824404,-0.017312396,False,0.0
4893.728860792,20000000,0.0012488365,0.013760924,-0.0032385588,-0.021998521,0.09052974,-0.0030932426,False,0.0
4893.748860792,0,-0.0005658567,0.0051469207,0.0014249086,0.020759515,0.08936876,0.00859231,False,0.0
4893.768860792,0,-0.002296418,-0.0013306737,0.006727278,0.042860538,0.07518325,0.016303506,False,0.0
4893.788860792,20000000,0.0049003065,-0.007144928,0.008110642,0.041798647,0.067438446,0.008591993,False,0.0
4893.808860792,0,0.010188848,-0.010568142,0.009551346,0.028699033,0.061338432,-0.0069414657,False,0.0
4893.828860792,0,0.013218045,-0.006672621,0.009916365,0.018827215,0.049655266,-0.012958985,False,0.0
4893.848860792,20000000,0.016247272,-0.0027772784,0.010280967,0.008955397,0.037972104,-0.018976504,False,0.0
4893.868860792,40000000,0.019533187,0.002649963,0.013364673,0.00018791761,0.030994365,-0.011336407,False,0.0
4893.888860792,0,0.01436013,0.013896942,0.020036519,-0.012093475,-0.0026397835,0.026267683,False,0.0
4893.908860792,0,0.015370458,0.022115111,0.015275717,-0.03359785,-0.031558253,0.0728562,False,0.0
4893.928860792,0,0.024912328,0.015241623,0.0036863089,-0.053810418,-0.030513009,0.10253076,False,0.0
4893.948860792,0,0.024477988,0.009203851,0.0044546127,-0.06138871,-0.017797437,0.10927644,False,0.0
4893.968860792,20000000,0.017991215,0.0028741956,0.012156725,-0.055845037,-0.028497055,0.10368851,False,0.0
4893.988860792,0,0.0130648315,-0.0011641383,0.019068658,-0.045180578,-0.06210585,0.09219897,False,0.0
4894.008860792,0,0.010256529,0.0036268234,0.019224167,-0.03669778,-0.097555965,0.08583829,False,0.0
4894.028860792,0,0.005862832,0.008497894,0.017006576,-0.03473631,-0.11126719,0.08282224,False,0.0
4894.048860792,20000000,0.0014692247,0.0133677125,0.0147874355,-0.032774836,-0.12497841,0.07980619,False,0.0
4894.068860792,0,-0.004717201,0.017471611,0.013249278,-0.037660003,-0.13859132,0.08352967,False,0.0
4894.088860792,20000000,-0.008900315,0.01998198,0.011870086,-0.05292881,-0.13375342,0.07804407,False,0.0
4894.108860792,0,-0.013618082,0.017166436,0.0075880885,-0.061001416,-0.13530996,0.06598611,False,0.0
4894.128860792,0,-0.014930874,0.008996725,0.00067567825,-0.046739656,-0.13492359,0.046856,False,0.0
4894.148860792,0,-0.010022283,0.00073611736,-0.008285761,-0.018521044,-0.118508995,0.0291708,False,0.0
4894.168860792,20000000,-0.009874821,-0.009119034,-0.01412791,0.014405236,-0.094685495,0.012892695,False,0.0
4894.188860792,0,-0.018491685,-0.016936839,-0.011100471,0.04145462,-0.084685616,0.00803314,False,0.0
4894.208860792,0,-0.031634852,-0.014846444,-0.0064695477,0.04235284,-0.09615764,0.01582726,False,0.0
4894.228860792,0,-0.034967944,-0.015407801,-0.012502968,0.02141684,-0.10402156,0.01380371,False,0.0
4894.248860792,0,-0.033616602,-0.01737547,-0.016765893,-0.010052521,-0.09401649,-0.0028757108,False,0.0
4894.268860792,20000000,-0.021564782,-0.021218956,-0.023795366,-0.037370414,-0.058587294,-0.041273594,False,0.0
4894.288860792,0,-0.015284762,-0.018851638,-0.019865572,-0.045439214,-0.0072897375,-0.108350806,False,0.0
4894.308860792,0,-0.018406942,-0.008954585,-0.0061835647,-0.035694618,0.02352146,-0.166472,False,0.0
4894.328860792,20000000,-0.024810746,0.0019967556,6.0915947e-05,-0.008279903,0.01683664,-0.18536066,False,0.0
4894.348860792,0,-0.014444172,0.0011513233,-0.003548503,0.029830063,0.009203261,-0.18889274,False,0.0
4894.368860792,0,-0.005753562,0.0022516847,-0.0056393743,0.066080585,0.022098925,-0.18945661,False,0.0
4894.388860792,20000000,-0.0097975135,0.013622344,-0.0020862818,0.06969243,0.029853731,-0.18282117,False,0.0
4894.408860792,0,-0.01693374,0.019319117,0.0030859709,0.049299397,0.029368477,-0.1580076,False,0.0
4894.428860792,0,-0.0190624,0.017839432,0.0025507212,0.033288606,0.006502079,-0.11894094,False,0.0
4894.448860792,0,-0.012639239,0.010597527,-0.0073549747,0.021685593,0.016179662,-0.09272159,False,0.0
4894.468860792,20000000,-0.00070881844,-0.0002629757,-0.01625985,0.013347123,0.04710047,-0.08418255,False,0.0
4894.488860792,0,-0.0043038875,-0.0016060472,-0.0064725876,0.015218242,0.07678297,-0.086556375,False,0.0
4894.508860792,20000000,-0.012385055,-0.0053521395,0.006991923,0.017169181,0.07001833,-0.090712234,False,0.0
4894.528860792,0,-0.013111845,-0.0051066875,0.011851311,0.020620335,0.03783023,-0.09981094,False,0.0
4894.548860792,20000000,-0.004984215,-0.0047958493,0.0052939653,0.021871,0.027048334,-0.11498734,False,0.0
4894.568860792,0,-0.003162995,-0.0018435717,0.0023251772,0.022210613,0.027583476,-0.13404365,False,0.0
4894.588860792,0,-0.005464107,0.0013538599,0.0018785596,0.022877663,0.023806317,-0.13812977,False,0.0
4894.608860792,20000000,-0.007223919,0.0060240626,0.002567947,0.029228773,0.02601797,-0.12851903,False,0.0
4894.628860792,0,-0.004795894,0.010192573,-0.00124681,0.028439898,0.026942408,-0.11541741,False,0.0
4894.648860792,20000000,-0.0042517185,0.010760665,-0.0029881597,0.020202592,0.018549746,-0.10348205,False,0.0
4894.668860792,0,-0.006388679,0.0059307218,-0.0051450133,0.015332362,0.019817336,-0.09641425,False,0.0
4894.688860792,0,-0.0023077726,-0.0037799478,-0.01161474,0.024650743,0.030571891,-0.09078477,False,0.0
4894.708860792,20000000,-0.0034190267,-0.006423712,-0.010815859,0.040044185,0.040012673,-0.09316661,False,0.0
4894.728860792,0,-0.003957495,-0.0052879453,-0.009904802,0.03984641,0.040220074,-0.08620634,False,0.0
4894.748860792,20000000,-0.0044968724,-0.0041511655,-0.008994043,0.039648633,0.040427476,-0.07924607,False,0.0
4894.768860792,40000000,-0.0050371587,-0.0030133128,-0.008083522,0.03945086,0.040634878,-0.0722858,False,0.0
4894.788860792,60000000,-0.0055783093,-0.0018743873,-0.007173121,0.039253086,0.040842276,-0.06532553,False,0.0
4894.808860792,80000000,-0.010481343,0.006467521,-0.0069674253,0.028360562,0.055064324,-0.061930563,False,0.0
4894.828860792,0,-0.01411058,0.0122945905,-0.0064082146,0.020981295,0.05446497,-0.027937662,False,0.0
4894.848860792,0,-0.0007890761,0.0042271614,-0.012868524,0.01950302,0.06406086,-0.0011312887,False,0.0
4894.868860792,20000000,0.011657283,-0.0029076338,-0.019099712,0.028886456,0.09409107,0.013970116,False,0.0
4894.888860792,0,0.020018637,-0.0031875968,-0.017099798,0.03862829,0.12863706,0.025303341,False,0.0
4894.908860792,0,0.025099173,0.0035082698,-0.0073690414,0.035117425,0.14045404,0.04603685,False,0.0
4894.928860792,20000000,0.029893577,0.012750745,0.0074020624,0.03235413,0.13640589,0.076324955,False,0.0
4894.948860792,0,0.031841785,0.023082733,0.023322344,0.01653209,0.12604032,0.11480668,False,0.0
4894.968860792,0,0.02814497,0.03530407,0.039714158,0.0020947224,0.058381326,0.18388113,False,0.0
4894.988860792,0,0.02994278,0.042167068,0.041610777,-0.016926162,-0.0030698255,0.2626399,False,0.0
4895.008860792,0,0.040334195,0.033204615,0.02310443,-0.036379755,-0.04991753,0.33548278,False,0.0
4895.028860792,20000000,0.03563291,0.02242148,0.024619162,-0.04097671,-0.06816629,0.38827074,False,0.0
4895.048860792,0,0.023929179,0.015990794,0.025259554,-0.03933505,-0.109876424,0.4204386,False,0.0
4895.068860792,0,0.021188796,0.008449972,0.017436385,-0.045073137,-0.13952254,0.42673653,False,0.0
4895.088860792,20000000,0.018293947,0.0004184842,0.011043668,-0.04951544,-0.15000327,0.410246,False,0.0
4895.108860792,0,0.010662526,-0.005196333,0.009862423,-0.046413988,-0.15916368,0.38813058,False,0.0
4895.128860792,0,0.004420668,-0.011969924,0.0065947175,-0.036208116,-0.17177212,0.36680436,False,0.0
4895.148860792,0,0.0026913583,-0.017600775,0.002077639,-0.023106165,-0.17165694,0.34002042,False,0.0
4895.168860792,0,-0.001966983,-0.020953417,-0.0010432005,-0.013548221,-0.17037997,0.31076282,False,0.0
4895.188860792,0,-0.00635314,-0.022627592,-0.0028828382,-0.012657319,-0.16999456,0.2800265,False,0.0
4895.208860792,20000000,-0.009168178,-0.024336517,-0.00783962,-0.02044393,-0.16325648,0.24973099,False,0.0
4895.228860792,0,-0.008527428,-0.030008435,-0.012237549,-0.02830619,-0.1517574,0.21142471,False,0.0
4895.248860792,0,-0.0061053634,-0.037632883,-0.01708138,-0.030673169,-0.12831458,0.15565352,False,0.0
4895.268860792,20000000,-0.006334573,-0.042346418,-0.016598105,-0.026888968,-0.112577476,0.08973253,False,0.0
4895.288860792,0,-0.007849783,-0.03948444,-0.017580152,-0.019800026,-0.0921767,0.02674254,False,0.0
4895.308860792,0,-0.011029348,-0.031856775,-0.01605004,-0.015896536,-0.07614754,-0.016923063,False,0.0
4895.328860792,20000000,-0.014208108,-0.024227142,-0.014522314,-0.011993046,-0.060118385,-0.06058867,False,0.0
4895.348860792,40000000,-0.017386064,-0.016595542,-0.012997031,-0.008089555,-0.044089228,-0.104254276,False,0.0
4895.368860792,0,-0.020500466,-0.009359956,-0.011968434,-0.010742785,-0.025703495,-0.13636032,False,0.0
4895.388860792,0,-0.025649026,-0.0024125576,-0.009209752,-0.013048844,-0.012877145,-0.16296647,False,0.0
4895.408860792,0,-0.025470302,0.002313912,-0.00990957,-0.012374955,-0.0011971965,-0.18741679,False,0.0
4895.428860792,20000000,-0.02225411,0.0038332343,-0.013158977,-6.1428174e-05,0.017681085,-0.21580063,False,0.0
4895.448860792,0,-0.022161663,0.006578684,-0.012646794,0.022478696,0.042238005,-0.24305718,False,0.0
4895.468860792,0,-0.02069053,0.008550346,-0.012618184,0.049619135,0.06377243,-0.25331792,False,0.0
4895.488860792,20000000,-0.022761837,0.0095402,-0.009928107,0.07237406,0.08042978,-0.24503419,False,0.0
4895.508860792,0,-0.01822652,0.010604143,-0.015707612,0.08350622,0.10457347,-0.22097556,False,0.0
4895.528860792,0,-0.009662136,0.008491576,-0.02066809,0.084462315,0.13537192,-0.19544278,False,0.0
4895.548860792,0,-0.008152142,0.007083595,-0.017289996,0.07556113,0.16273507,-0.1713178,False,0.0
4895.568860792,0,-0.0045800507,0.0022022128,-0.013563812,0.06547625,0.17023219,-0.14720334,False,0.0
4895.588860792,20000000,0.00017260015,-0.0018296838,-0.0065859556,0.058148906,0.1736526,-0.13314553,False,0.0
4895.608860792,0,0.0066565126,-0.00090938807,0.00018244982,0.04729579,0.17439269,-0.13934632,False,0.0
4895.628860792,0,0.015491173,-2.8431416e-05,0.007213533,0.04311434,0.1695466,-0.14810106,False,0.0
4895.648860792,20000000,0.02458091,-0.0022597313,0.012785077,0.05407911,0.17244272,-0.1606177,False,0.0
4895.668860792,0,0.02901727,-0.0008776784,0.019985974,0.0673156,0.15986109,-0.15828401,False,0.0
4895.688860792,0,0.035828456,0.008215785,0.024994731,0.06608919,0.14325577,-0.14639626,False,0.0
4895.708860792,0,0.036014244,0.025259852,0.032977104,0.042809203,0.10982053,-0.12395613,False,0.0
4895.728860792,20000000,0.031098425,0.041733623,0.040827572,0.00084891915,0.05868221,-0.07004109,False,0.0
4895.748860792,0,0.03485845,0.044495165,0.03816414,-0.031925865,0.0047410913,-0.0071282387,False,0.0
4895.768860792,0,0.03691736,0.044033587,0.037959337,-0.042818263,-0.039512455,0.059962578,False,0.0
4895.788860792,20000000,0.03897497,0.043573618,0.03775394,-0.05371066,-0.083766,0.1270534,False,0.0
4895.808860792,0,0.03878647,0.041980505,0.040933967,-0.05822373,-0.1296443,0.18081519,False,0.0
4895.828860792,0,0.03621286,0.039979815,0.04316336,-0.060521636,-0.17954688,0.2174581,False,0.0
4895.848860792,20000000,0.033618554,0.03486234,0.041069627,-0.056328163,-0.22588965,0.23930037,False,0.0
4895.868860792,0,0.028767228,0.031012237,0.03676635,-0.042785153,-0.27039275,0.25365278,False,0.0
4895.888860792,0,0.022500992,0.030063093,0.031810164,-0.031596117,-0.30144557,0.25831708,False,0.0
4895.908860792,20000000,0.011486024,0.031659067,0.02760148,-0.027975628,-0.33658862,0.26460963,False,0.0
4895.928860792,0,0.0014141053,0.034671664,0.019346476,-0.035618182,-0.35799557,0.27468568,False,0.0
4895.948860792,20000000,-0.007499233,0.023971975,0.007309258,-0.03377647,-0.37415117,0.28055876,False,0.0
4895.968860792,0,-0.018118307,0.012318373,-0.004120767,-0.018632084,-0.37513378,0.27690402,False,0.0
4895.988860792,20000000,-0.02641645,-0.002515018,-0.019107342,0.0015999526,-0.35385317,0.26350972,False,0.0
4896.008860792,0,-0.033222556,-0.013715446,-0.03338951,0.01226885,-0.3303703,0.24760582,False,0.0
4896.028860792,0,-0.040704176,-0.029136479,-0.04332882,0.028531704,-0.27957976,0.21311674,False,0.0
4896.048860792,20000000,-0.04652211,-0.045379996,-0.053617418,0.04475554,-0.22530529,0.17882195,False,0.0
4896.068860792,0,-0.049674973,-0.060748786,-0.061987102,0.061378427,-0.16894719,0.14372805,False,0.0
4896.088860792,20000000,-0.04803504,-0.074735165,-0.062363803,0.07565999,-0.103463076,0.08412032,False,0.0
4896.108860792,0,-0.05495289,-0.07160741,-0.045992255,0.08185949,-0.048441608,0.023495622,False,0.0
4896.128860792,0,-0.045374006,-0.068594396,-0.040028453,0.07452832,-0.012861662,-0.037456345,False,0.0
4896.148860792,20000000,-0.035795704,-0.06557715,-0.03406924,0.06719716,0.02271828,-0.0984083,False,0.0
4896.168860792,40000000,-0.014501408,-0.06811795,-0.03593731,0.06562043,0.07787262,-0.17033005,False,0.0
4896.188860792,0,0.011338204,-0.06075421,-0.036004186,0.058210105,0.15311858,-0.2710408,False,0.0
4896.208860792,0,0.014616892,-0.018735886,-0.019364834,0.02323461,0.22358312,-0.3767445,False,0.0
4896.228860792,20000000,-0.0014156103,0.035652995,0.0063586235,-0.03191013,0.22885779,-0.4070493,False,0.0
4896.248860792,0,-0.0010160506,0.060241103,0.014132202,-0.05620277,0.21102622,-0.37207502,False,0.0
4896.268860792,0,0.0053842664,0.07120103,0.018472075,-0.029677205,0.19940342,-0.30206168,False,0.0
4896.288860792,0,0.011877507,0.06789988,0.013795912,0.02165556,0.18325812,-0.2131503,False,0.0
4896.308860792,0,0.016940176,0.050952256,0.00971359,0.073128745,0.16234486,-0.11908639,False,0.0
4896.328860792,20000000,0.013634101,0.028202236,0.0075579286,0.12629692,0.13634443,-0.031549886,False,0.0
4896.348860792,0,0.012011826,0.0031329393,0.004785955,0.14128403,0.09051785,0.03437034,False,0.0
4896.368860792,0,0.015031621,-0.0205037,-0.0010573268,0.13233583,0.059538607,0.0682317,False,0.0
4896.388860792,20000000,0.015281752,-0.043302953,-0.0036512613,0.12079416,0.033622544,0.08105628,False,0.0
4896.408860792,0,0.016221121,-0.060228974,-0.003317237,0.1064032,0.02428964,0.068626426,False,0.0
4896.428860792,0,0.016525164,-0.05752462,0.0019988418,0.07707832,0.005614456,0.0428388,False,0.0
4896.448860792,20000000,0.016830295,-0.0548186,0.007312715,0.04775344,-0.013060724,0.017051177,False,0.0
4896.468860792,40000000,0.025760874,-0.051773846,0.005109787,0.007322993,-0.005734706,-0.031975947,False,0.0
4896.488860792,0,0.03817369,-0.040586054,0.006479144,-0.023417028,0.007002925,-0.09778366,False,0.0
4896.508860792,0,0.031078368,-0.024429858,0.023804605,-0.035098236,0.008497595,-0.15620703,False,0.0
4896.528860792,0,0.034808338,-0.0038288236,0.026672482,-0.03914544,-0.014074287,-0.2040235,False,0.0
4896.548860792,0,0.040391847,0.015746832,0.027976692,-0.042647712,-0.033278976,-0.24654475,False,0.0
4896.568860792,20000000,0.041739807,0.029646695,0.037142754,-0.018315762,-0.055468947,-0.25947398,False,0.0
4896.588860792,0,0.03481388,0.04115355,0.043248594,0.028111316,-0.11357026,-0.21893628,False,0.0
4896.608860792,0,0.031504557,0.059308648,0.042292297,0.068044014,-0.1836817,-0.13253665,False,0.0
4896.628860792,20000000,0.024515241,0.08347231,0.047474444,0.072921,-0.23707959,-0.03811133,False,0.0
4896.648860792,0,0.007005349,0.11017907,0.05694276,0.044092532,-0.31531766,0.08138519,False,0.0
4896.668860792,0,-0.00547944,0.118958175,0.05101651,-0.00280549,-0.37898934,0.21110559,False,0.0
4896.688860792,20000000,-0.0104682,0.09785068,0.029595375,-0.034101337,-0.41790342,0.322946,False,0.0
4896.708860792,0,-0.016346574,0.059173882,0.00018978119,-0.0433108,-0.42661375,0.39868197,False,0.0
4896.728860792,0,-0.018552437,0.027932703,-0.012163281,-0.035135537,-0.42533734,0.42854026,False,0.0
4896.748860792,0,-0.021297544,0.005692303,-0.01238507,-0.020145351,-0.4090064,0.42783412,False,0.0
4896.768860792,0,-0.028085768,0.005696237,-0.004275322,-0.01069412,-0.4049826,0.41955492,False,0.0
4896.788860792,20000000,-0.034858733,0.00568074,0.003817439,-0.00124289,-0.4009588,0.41127568,False,0.0
4896.808860792,40000000,-0.03959018,0.018344998,0.001065135,-0.015663665,-0.40040353,0.4081214,False,0.0
4896.828860792,0,-0.03485912,0.017912447,-0.009659886,-0.038428087,-0.38552758,0.3958659,False,0.0
4896.848860792,0,-0.035233572,0.012997806,-0.013477683,-0.04589609,-0.3569442,0.38154104,False,0.0
4896.868860792,0,-0.030573353,-0.004873514,-0.020591736,-0.022249635,-0.3396593,0.3831334,False,0.0
4896.888860792,0,-0.023629457,-0.023364216,-0.027116,0.015801918,-0.30952406,0.36899003,False,0.0
4896.908860792,20000000,-0.020344585,-0.03882751,-0.023399234,0.03953752,-0.26880395,0.33730155,False,0.0
4896.928860792,0,-0.012283027,-0.047721177,-0.017808557,0.036522623,-0.21923037,0.26475167,False,0.0
4896.948860792,0,-0.010992914,-0.041362554,-0.010840774,0.019982196,-0.18333924,0.18539184,False,0.0
4896.968860792,20000000,-0.014543429,-0.04085788,-0.01432085,0.007082331,-0.16043377,0.13091356,False,0.0
4896.988860792,0,-0.02466461,-0.052330106,-0.022861898,0.051710423,-0.1575769,0.1457964,False,0.0
4897.008860792,0,-0.033521697,-0.059113324,-0.038151026,0.118419856,-0.17590328,0.2188884,False,0.0
4897.028860792,20000000,-0.037258327,-0.037518024,-0.044950247,0.13236347,-0.19378388,0.31391427,False,0.0
4897.048860792,0,-0.027641818,0.016606033,-0.040006757,-0.04864031,-0.1468064,0.4671716,False,0.0
4897.068860792,20000000,-0.018021569,0.07075393,-0.035054684,-0.2296441,-0.09982893,0.6204289,False,0.0
4897.088860792,40000000,-0.008397356,0.12492561,-0.030094087,-0.41064787,-0.052851465,0.77368623,False,0.0
4897.108860792,60000000,0.022838444,0.09480357,-0.035339177,-0.54995555,0.114960045,0.8878577,False,0.0
4897.128860792,0,0.013896614,0.028220534,-0.03600931,-0.557741,0.27417886,0.9481056,False,0.0
4897.148860792,0,-0.04058571,-0.033747822,-0.025940478,-0.45656848,0.30619702,1.0512068,False,0.0
4897.168860792,20000000,-0.07170616,-0.08109531,-0.022311449,-0.3552794,0.25704005,1.1228248,False,0.0
4897.188860792,0,-0.075608194,-0.08488503,-0.026559532,-0.35527578,0.17768767,1.0877459,False,0.0
4897.208860792,0,-0.044716418,-0.08169013,-0.03575498,-0.44341266,0.17994143,0.8825891,False,0.0
4897.228860792,20000000,-0.012763023,-0.084463686,-0.039636374,-0.5277053,0.25301266,0.5441536,False,0.0
4897.248860792,0,0.012821019,-0.11463958,-0.04075557,-0.4855048,0.4090878,0.16022173,False,0.0
4897.268860792,0,-0.01367712,-0.14210069,-0.021054447,-0.27830294,0.5106201,-0.15740854,False,0.0
4897.288860792,0,-0.03952594,-0.15164468,-0.014507532,0.006889403,0.49553242,-0.36219838,False,0.0
4897.308860792,0,-0.029595554,-0.13251495,-0.02530098,0.25113094,0.44934067,-0.5202676,False,0.0
4897.328860792,20000000,-0.026049733,-0.09704363,-0.017071307,0.36950347,0.41184056,-0.6682779,False,0.0
4897.348860792,0,-0.014324248,-0.08294889,-0.013705134,0.3543351,0.38560745,-0.8523346,False,0.0
4897.368860792,20000000,-0.0026465654,-0.06877899,-0.010330021,0.33916676,0.3593743,-1.0363914,False,0.0
4897.388860792,0,0.0150998235,-0.077741355,-0.022858381,0.36062908,0.43580663,-1.2709966,False,0.0
4897.408860792,20000000,-0.0003336668,-0.06834248,-0.02048719,0.4261027,0.5266589,-1.4706094,False,0.0
4897.428860792,0,-0.044874728,-0.015747368,-0.0048054457,0.48483938,0.55930465,-1.5562985,False,0.0
4897.448775583,0,-0.06927887,0.036215484,0.00014618796,0.48533675,0.5243363,-1.5044851,False,0.0
4897.468775583,0,-0.049347118,0.04342121,-0.009891868,0.44366142,0.54181087,-1.4292355,False,0.0
4897.488775583,20000000,-0.035762027,0.046910226,-0.011838615,0.40062228,0.5778017,-1.3561826,False,0.0
4897.508775583,0,-0.030841812,0.05000305,-0.008876264,0.3592686,0.61634207,-1.2863749,False,0.0
4897.528775583,0,-0.030736804,0.055669785,-0.007612288,0.31175908,0.6480715,-1.2117093,False,0.0
4897.548775583,20000000,-0.030929327,0.061914265,-0.008268237,0.26291618,0.6780906,-1.135174,False,0.0
4897.568775583,0,-0.03031519,0.062880576,-0.013768673,0.2200335,0.7193116,-1.0666646,False,0.0
4897.588775583,0,-0.028087392,0.056700766,-0.01870352,0.19207317,0.76581156,-1.0096484,False,0.0
4897.608775583,0,-0.018722475,0.039241195,-0.028173089,0.1886026,0.83642024,-0.99156314,False,0.0
4897.628775583,0,-0.020736113,0.030804455,-0.024109662,0.19844109,0.8959608,-1.0351074,False,0.0
4897.648775583,20000000,-0.022674039,0.022277594,-0.020113885,0.20827958,0.9555014,-1.0786517,False,0.0
4897.668775583,40000000,-0.024532989,0.013661921,-0.016183674,0.21811807,1.015042,-1.122196,False,0.0
4897.688775583,60000000,-0.017325148,0.0087867975,-0.014874756,0.22643442,1.0768219,-1.1699039,False,0.0
4897.708775583,0,-0.015118405,0.007263124,-0.008906126,0.24160032,1.1232036,-1.1923772,False,0.0
4897.728775583,0,-0.017176121,0.010294676,-0.003395915,0.2626474,1.1365172,-1.1772954,False,0.0
4897.748775583,20000000,-0.017202318,0.017638087,0.0020353794,0.27221644,1.1225358,-1.1228247,False,0.0
4897.768775583,0,-0.00862661,0.020161867,0.0017972589,0.26894054,1.0989531,-1.045833,False,0.0
4897.788775583,0,-0.0045800507,0.035855472,0.0066438913,0.25459683,1.0819659,-0.9399681,False,0.0
4897.808775583,0,-0.0024625957,0.057635367,0.00934267,0.21734548,1.0660317,-0.7868289,False,0.0
4897.828775583,0,-0.0023387372,0.076248884,0.015754163,0.15726219,1.0451248,-0.6042016,False,0.0
4897.848775583,0,0.0049021244,0.07756686,0.019393682,0.08848734,1.030898,-0.42804462,False,0.0
4897.868775583,0,0.0069500804,0.071751595,0.029264808,0.04065675,1.0058488,-0.28034076,False,0.0
4897.888775583,0,0.003990352,0.060344398,0.03936839,0.015678687,0.9585765,-0.162818,False,0.0
4897.908775583,20000000,0.0008404255,0.049350142,0.043139637,0.011300076,0.88731515,-0.07149537,False,0.0
4897.928775583,0,0.007851154,0.037778318,0.040453136,0.025657862,0.8166095,-0.024229612,False,0.0
4897.948775583,20000000,0.014947057,0.026202857,0.037575066,0.04001565,0.7459038,0.023036141,False,0.0
4897.968775583,0,0.02405566,0.010907173,0.032990694,0.061632633,0.6989255,0.03367134,False,0.0
4897.988775583,20000000,0.025308609,0.00016713142,0.032327473,0.08653889,0.65835553,0.019559778,False,0.0
4898.008775583,0,0.026298076,-0.010872781,0.03439969,0.10513755,0.6107997,-0.006971555,False,0.0
4898.028775583,0,0.027039558,-0.01951027,0.039920986,0.11844887,0.55769336,-0.0360208,False,0.0
4898.048775583,0,0.027201027,-0.025268734,0.042772412,0.12469549,0.49957794,-0.064363316,False,0.0
4898.068775583,0,0.025727063,-0.028061986,0.04537773,0.12163843,0.42458704,-0.084565565,False,0.0
4898.088775583,20000000,0.023456842,-0.026172638,0.044454277,0.105837055,0.350297,-0.09814146,False,0.0
4898.108775583,0,0.018484652,-0.020649135,0.044832766,0.08315369,0.2606833,-0.102625616,False,0.0
4898.128775583,20000000,0.013273001,-0.010901213,0.042093515,0.056888152,0.18008369,-0.09757854,False,0.0
4898.148775583,0,0.00864324,-0.0013059378,0.03741914,0.020292655,0.1079389,-0.085161686,False,0.0
4898.168775583,0,0.0039840043,0.012185335,0.030456185,-0.019034289,0.060270924,-0.05971779,False,0.0
4898.188775583,20000000,0.0019629896,0.01692301,0.019317448,-0.05265955,0.03173977,-0.022433855,False,0.0
4898.208775583,0,0.001578778,0.017855883,0.0065432787,-0.07741589,0.018503759,0.017880842,False,0.0
4898.228775583,0,0.0019785762,0.0116375685,-0.0007790923,-0.08315475,0.039011844,0.030203039,False,0.0
4898.248775583,20000000,0.0023790896,0.0054237247,-0.00810504,-0.088893615,0.05951993,0.042525236,False,0.0
4898.268775583,0,8.234382e-05,0.0013579726,-0.005415261,-0.07954016,0.06381228,0.036194187,False,0.0
4898.288775583,20000000,-0.0022127628,-0.0027034283,-0.0027294755,-0.070186704,0.068104625,0.029863136,False,0.0
4898.308775583,0,-0.0029865503,-0.0065734386,0.00059843063,-0.051037967,0.057540856,0.009835888,False,0.0
4898.328775583,20000000,-0.005826652,-0.008583546,0.0045415163,-0.025295429,0.03929141,-0.012528358,False,0.0
4898.348775583,0,-0.007599473,-0.005632758,0.0022044182,-0.009452188,0.01831483,-0.027381895,False,0.0
4898.368775583,20000000,-0.009372145,-0.0026818514,-0.00013267994,0.006391052,-0.0026617497,-0.04223543,False,0.0
4898.388775583,40000000,-0.005090952,-0.006835997,-0.0061074495,0.012598494,-0.00799828,-0.04364501,False,0.0
4898.408775583,0,-0.0053945184,-0.008222222,-0.008232951,0.022991594,-0.0063088005,-0.045759186,False,0.0
4898.428775583,0,-0.011764914,-0.005279839,-0.007959127,0.02297687,-0.0062139635,-0.040072057,False,0.0
4898.448775583,20000000,-0.012201458,-0.005289197,-0.009721637,0.010011263,-0.005544223,-0.03820724,False,0.0
4898.468775583,0,-0.013599604,-0.005342722,-0.011003852,-0.001950183,-0.0001157145,-0.039773077,False,0.0
4898.488775583,0,-0.015144676,-0.007350266,-0.0092923045,-0.008395236,0.007231573,-0.048992876,False,0.0
4898.508775583,20000000,-0.016561598,-0.0077922344,-0.0070183873,-0.0075678006,0.013535593,-0.06373015,False,0.0
4898.528775583,0,-0.015416741,-0.0057931542,-0.0061278343,-0.0042517814,0.015602801,-0.07918138,False,0.0
4898.548775583,20000000,-0.014270812,-0.003792882,-0.0052374005,-0.00093576265,0.01767001,-0.09463261,False,0.0
4898.568775583,0,-0.014665812,-0.0023508668,-0.002796173,0.0061819153,0.01927928,-0.10925623,False,0.0
4898.588775583,20000000,-0.015319884,0.00215441,-0.0031463504,0.012313986,0.019584194,-0.12020793,False,0.0
4898.608775583,0,-0.020610958,0.0078002214,-0.0019365549,0.015056193,0.0175528,-0.12377425,False,0.0
4898.628775583,0,-0.026302874,0.012473285,-0.0017937422,0.01761632,0.010507187,-0.12256191,False,0.0
4898.648775583,20000000,-0.025242537,0.0150052905,-0.0050771236,0.013872756,0.004797636,-0.118017815,False,0.0
4898.668775583,0,-0.024210185,0.015135169,-0.007442236,0.013079495,0.010578573,-0.12057892,False,0.0
4898.688775583,20000000,-0.021009982,0.012748361,-0.009080052,0.019348055,0.026057344,-0.12488066,False,0.0
4898.708775583,0,-0.019320786,0.012254238,-0.012857139,0.024506582,0.05086212,-0.13915332,False,0.0
4898.728775583,0,-0.022131562,0.006737888,-0.00906086,0.040976856,0.068850525,-0.15249513,False,0.0
4898.748775583,20000000,-0.024659425,0.0015202761,-0.0050457716,0.06380636,0.083743386,-0.17469521,False,0.0
4898.768775583,0,-0.02178675,-0.008384824,-0.007645488,0.08269234,0.09261578,-0.2168409,False,0.0
4898.788775583,20000000,-0.013351083,-0.038783133,-0.008362889,0.12515947,0.12172396,-0.2995556,False,0.0
4898.808775583,0,-0.008982837,-0.09809291,-0.0014110804,0.24213485,0.13078429,-0.4811564,False,0.0
4898.828775583,0,-0.02692008,-0.15230659,-0.0034985542,0.469845,0.11936824,-0.8810904,False,0.0
4898.848775583,20000000,-0.044864714,-0.20633316,-0.005564034,0.6975552,0.10795219,-1.2810245,False,0.0
4898.868775583,0,-0.068303525,-0.208963,-0.021576464,0.93620515,0.10062333,-1.7434999,False,0.0
4898.888775583,0,-0.08747703,-0.17177519,-0.045543373,1.1174725,0.13025287,-2.140405,False,0.0
4898.908775583,20000000,-0.0986488,-0.10791755,-0.059956133,1.2167039,0.16817927,-2.4041643,False,0.0
4898.928775583,0,-0.09555581,-0.03612578,-0.07486743,1.2123934,0.23185968,-2.5224648,False,0.0
4898.948775583,0,-0.08764432,0.028127551,-0.078093946,1.126141,0.30856368,-2.4845653,False,0.0
4898.968775583,20000000,-0.07238667,0.07014823,-0.072030306,1.0119274,0.37555963,-2.3273227,False,0.0
4898.988775583,0,-0.05521907,0.10719401,-0.06968045,0.88403124,0.44829783,-2.103592,False,0.0
4899.008775583,0,-0.048833847,0.1390863,-0.059490085,0.730827,0.5059782,-1.8311749,False,0.0
4899.028775583,20000000,-0.043193728,0.1504063,-0.046977997,0.56489766,0.5268326,-1.5200306,False,0.0
4899.048775583,0,-0.027683645,0.13549048,-0.0417884,0.4222105,0.5500542,-1.2300161,False,0.0
4899.068775583,0,-0.019402102,0.106634855,-0.036967397,0.31525886,0.5771987,-0.9748645,False,0.0
4899.088775583,0,-0.012281001,0.07072705,-0.038349986,0.23538102,0.5982354,-0.7647343,False,0.0
4899.108775583,0,-0.0047159344,0.03505498,-0.03696549,0.18627647,0.6176085,-0.6230888,False,0.0
4899.128775583,20000000,-0.00042252243,0.0039299726,-0.03457737,0.14557457,0.64416486,-0.5359837,False,0.0
4899.148775583,0,-0.0063055158,-0.017913938,-0.022411346,0.11052069,0.6339888,-0.50165033,False,0.0
4899.168775583,0,-0.0102124065,-0.033363283,-0.010799348,0.08721079,0.61979145,-0.50331575,False,0.0
4899.188775583,0,-0.018234804,-0.046408832,0.00048720837,0.09725647,0.5921708,-0.5254118,False,0.0
4899.208775583,20000000,-0.022191688,-0.05135733,0.0021306872,0.12141727,0.57891285,-0.55741614,False,0.0
4899.228775583,0,-0.032812312,-0.040444672,0.005387485,0.13099833,0.561893,-0.5794568,False,0.0
4899.248775583,0,-0.038749486,-0.032872856,0.0091353655,0.13112168,0.5333455,-0.58301264,False,0.0
4899.268775583,20000000,-0.039127722,-0.026331365,0.00016415119,0.11477922,0.5131197,-0.5753547,False,0.0
4899.288775583,0,-0.04619591,-0.022130668,-0.004505992,0.08669361,0.476081,-0.5521774,False,0.0
4899.308775583,20000000,-0.050887197,-0.015444875,-0.014205575,0.05546141,0.44317493,-0.52646124,False,0.0
4899.328775583,0,-0.050703317,-0.010366023,-0.02464509,0.016233426,0.41716525,-0.50518364,False,0.0
4899.348775583,0,-0.05228232,-0.0065027475,-0.031540215,-0.018301703,0.39876056,-0.47827694,False,0.0
4899.368775583,20000000,-0.04847224,-0.011438131,-0.037075758,-0.04089033,0.39744523,-0.4541012,False,0.0
4899.388775583,0,-0.044338197,-0.026260734,-0.03970349,-0.036542047,0.42627352,-0.4408574,False,0.0
4899.408775583,0,-0.040130615,-0.044611275,-0.035241604,0.0015236177,0.45171344,-0.4517526,False,0.0
4899.428775583,0,-0.041334257,-0.051199317,-0.025715351,0.038334485,0.47639078,-0.4795112,False,0.0
4899.448775583,0,-0.039257735,-0.05043024,-0.024018288,0.04572445,0.47092155,-0.50253856,False,0.0
4899.468775583,20000000,-0.037161276,-0.049670458,-0.022325158,0.053114418,0.4654523,-0.52556586,False,0.0
4899.488775583,40000000,-0.035044864,-0.048919797,-0.020636022,0.060504384,0.45998305,-0.5485932,False,0.0
4899.508775583,60000000,-0.035319626,-0.045448482,-0.021279931,0.05058597,0.4386563,-0.5387891,False,0.0
4899.528775583,0,-0.035956547,-0.048661232,-0.024973333,0.03345628,0.3898846,-0.51302004,False,0.0
4899.548775583,20000000,-0.028807491,-0.049498796,-0.036088765,0.006412346,0.38336092,-0.4951176,False,0.0
4899.568775583,0,-0.034977153,-0.04922563,-0.034042954,-0.01737368,0.3660775,-0.48044133,False,0.0
4899.588775583,0,-0.042229623,-0.041748405,-0.030165851,-0.05101935,0.33653957,-0.46084112,False,0.0
4899.608775583,20000000,-0.04488918,-0.034418643,-0.022147894,-0.08431894,0.29595137,-0.4234947,False,0.0
4899.628775583,0,-0.04850228,-0.026637197,-0.010115683,-0.10353887,0.26289967,-0.38265333,False,0.0
4899.648775583,0,-0.035006836,-0.021843374,-0.014272332,-0.124039985,0.21796456,-0.32835194,False,0.0
4899.668775583,0,-0.026905447,-0.019768953,-0.007099867,-0.1530664,0.20728526,-0.26814795,False,0.0
4899.688775583,0,-0.016498685,-0.01950699,0.004740417,-0.17234392,0.18768527,-0.23412162,False,0.0
4899.708775583,0,-0.016467065,-0.011045396,0.014221668,-0.1939803,0.16846862,-0.20513275,False,0.0
4899.728775583,20000000,-0.0202481,0.01145184,0.027716577,-0.2422133,0.1428627,-0.17355672,False,0.0
4899.748775583,0,-0.0032761097,0.022039592,0.037753522,-0.29222676,0.117660984,-0.13296402,False,0.0
4899.768775583,20000000,0.01371415,0.032648206,0.047765315,-0.3422402,0.09245926,-0.09237132,False,0.0
4899.788775583,0,0.021910414,0.04320693,0.06511861,-0.37953216,0.067968264,-0.047585275,False,0.0
4899.808775583,20000000,0.037195772,0.04916799,0.07240969,-0.4072651,0.04760258,-8.604303e-05,False,0.0
4899.828775583,0,0.05426769,0.03429705,0.07794541,-0.4096154,0.053568125,0.03618677,False,0.0
4899.848775583,0,0.0681677,0.030297816,0.07541335,-0.40599498,0.05969102,0.027033117,False,0.0
4899.868647792,0,0.078909926,0.036915943,0.06832982,-0.43437722,0.06775126,0.001271593,False,0.0
4899.888647792,20000000,0.08197603,0.04539752,0.06700587,-0.4673902,0.08834009,-0.023867607,False,0.0
4899.908647792,0,0.07802975,0.05586523,0.067320585,-0.49072558,0.09350635,-0.024441756,False,0.0
4899.928647792,0,0.07385613,0.061794996,0.06638831,-0.5023034,0.083471,-0.012008405,False,0.0
4899.948647792,20000000,0.07107088,0.06236416,0.06557518,-0.49950728,0.06376519,0.009028249,False,0.0
4899.968647792,0,0.06868884,0.06410432,0.06458527,-0.4882972,0.041071735,0.036589257,False,0.0
4899.988647792,0,0.06259182,0.06885022,0.06602603,-0.47697255,0.018232817,0.08108927,False,0.0
4900.008647792,0,0.054950804,0.08099949,0.069132745,-0.481937,-0.0030110925,0.15085244,False,0.0
4900.028647792,0,0.049776673,0.07700443,0.07516742,-0.4832067,-0.013936477,0.1926211,False,0.0
4900.048647792,20000000,0.044578105,0.07310051,0.08114201,-0.48447642,-0.024861861,0.23438977,False,0.0
4900.068647792,0,0.034071267,0.07351047,0.087429464,-0.4865606,-0.058601722,0.25858968,False,0.0
4900.088647792,0,0.02981332,0.06885892,0.08932328,-0.48271304,-0.09702315,0.2624547,False,0.0
4900.108647792,0,0.027676553,0.065536916,0.08545774,-0.4699931,-0.12046373,0.24848609,False,0.0
4900.128647792,20000000,0.026632756,0.063599944,0.076586366,-0.45218474,-0.13162322,0.23106064,False,0.0
4900.148647792,0,0.024953276,0.059602916,0.06678301,-0.42322233,-0.14294983,0.20766717,False,0.0
4900.168647792,0,0.023617119,0.051298857,0.056053758,-0.38598603,-0.14678638,0.18527356,False,0.0
4900.188647792,0,0.021642208,0.042405546,0.045820653,-0.33874837,-0.1444356,0.16565898,False,0.0
4900.208647792,0,0.019346058,0.03481579,0.035737872,-0.29264215,-0.14196305,0.14961515,False,0.0
4900.228647792,0,0.018916398,0.026368141,0.027626991,-0.25703645,-0.12503287,0.12236274,False,0.0
4900.248647792,20000000,0.0154186785,0.019621849,0.024296522,-0.23107007,-0.111694954,0.08435403,False,0.0
4900.268647792,0,0.01263994,0.016534328,0.022975683,-0.21351871,-0.097888455,0.03530558,False,0.0
4900.288647792,0,0.009896874,0.016827524,0.020909429,-0.20229922,-0.08705686,-0.010571033,False,0.0
4900.308647792,20000000,0.0054339767,0.020044327,0.021258056,-0.18931822,-0.080753885,-0.047945734,False,0.0
4900.328647792,0,0.007552117,0.023475647,0.023768365,-0.17510536,-0.06884862,-0.06970251,False,0.0
4900.348647792,20000000,0.009670496,0.02691871,0.026266575,-0.1608925,-0.05694335,-0.09145929,False,0.0
4900.368647792,40000000,0.008205771,0.03780639,0.032415688,-0.14814447,-0.061139174,-0.0957554,False,0.0
4900.388647792,0,0.0078105927,0.049495995,0.036797106,-0.1476248,-0.06785799,-0.084030405,False,0.0
4900.408647792,0,0.016397208,0.05747646,0.03439063,-0.15409298,-0.06776751,-0.06819741,False,0.0
4900.428647792,20000000,0.020936728,0.06317562,0.036527276,-0.15552947,-0.070689835,-0.047415383,False,0.0
4900.448647792,0,0.01744157,0.067883015,0.042490184,-0.14965793,-0.08994929,-0.006965235,False,0.0
4900.468647792,0,0.0142840445,0.07255107,0.045880556,-0.13325156,-0.12714864,0.05495817,False,0.0
4900.488647792,20000000,0.016930789,0.07992548,0.048484445,-0.11656329,-0.16231328,0.12826598,False,0.0
4900.508647792,0,0.0076385736,0.10506773,0.058228552,-0.12640116,-0.2223024,0.2417222,False,0.0
4900.528647792,20000000,0.007877797,0.11981124,0.06725997,-0.15182345,-0.291534,0.39279497,False,0.0
4900.548647792,0,0.01280126,0.11844516,0.0672667,-0.18541925,-0.3565023,0.5420571,False,0.0
4900.568647792,0,0.018755019,0.09306669,0.06047547,-0.21955457,-0.40693033,0.66244495,False,0.0
4900.588647792,20000000,0.022628456,0.052442074,0.048229158,-0.24078521,-0.44267046,0.71039736,False,0.0
4900.608647792,0,0.016674757,0.016220152,0.038434446,-0.25487646,-0.47628316,0.6954458,False,0.0
4900.628647792,0,0.009100705,0.00045108795,0.031357527,-0.27351144,-0.49617693,0.6154647,False,0.0
4900.648647792,20000000,0.0015059412,-0.015260458,0.024317503,-0.2921464,-0.5160707,0.5354836,False,0.0
4900.668647792,0,-0.0058852434,-0.01686269,0.029491365,-0.3248681,-0.52316505,0.43570328,False,0.0
4900.688647792,20000000,-0.013311923,-0.018441439,0.034665346,-0.35758984,-0.5302593,0.33592296,False,0.0
4900.708647792,0,-0.0135780275,-0.015098572,0.039919555,-0.37537202,-0.5287598,0.24346896,False,0.0
4900.728647792,0,-0.009558052,-0.00715822,0.045717955,-0.3846262,-0.52381337,0.16886063,False,0.0
4900.748647792,0,-0.0026254356,0.00442636,0.055689454,-0.37861642,-0.52504796,0.10696033,False,0.0
4900.768647792,20000000,0.0030417442,0.020044386,0.06766394,-0.36644098,-0.5234006,0.06707691,False,0.0
4900.788647792,0,0.007978499,0.037768424,0.079054296,-0.35422045,-0.548767,0.062850766,False,0.0
4900.808647792,0,0.014622062,0.047028363,0.08706227,-0.34028876,-0.5924284,0.085281596,False,0.0
4900.828647792,20000000,0.026875466,0.049570203,0.08856964,-0.32119003,-0.6400706,0.12812644,False,0.0
4900.848647792,0,0.03813851,0.041888297,0.08706415,-0.3008235,-0.6844169,0.18455987,False,0.0
4900.868647792,0,0.039881945,0.041220307,0.09354353,-0.2800018,-0.7293504,0.24266693,False,0.0
4900.888647792,20000000,0.052354306,0.037504733,0.08590254,-0.27021763,-0.76334614,0.29556322,False,0.0
4900.908647792,0,0.06088239,0.022713125,0.08438641,-0.24963136,-0.7740145,0.32816237,False,0.0
4900.928647792,20000000,0.06281328,0.007900298,0.0917764,-0.22113647,-0.7999073,0.36229238,False,0.0
4900.948647792,0,0.06735602,0.0030000806,0.10212186,-0.21026005,-0.82029915,0.36183402,False,0.0
4900.968647792,20000000,0.07189654,-0.0019181967,0.112428606,-0.19938363,-0.84069103,0.36137563,False,0.0
4900.988647792,40000000,0.076788545,0.0019028187,0.1236006,-0.21194404,-0.87377155,0.34262127,False,0.0
4901.008647792,0,0.0873424,0.0021928549,0.12982672,-0.23104906,-0.90712804,0.30734146,False,0.0
4901.028647792,0,0.10193367,-0.0047248006,0.13077646,-0.2264724,-0.9194037,0.2442506,False,0.0
4901.048647792,20000000,0.107544005,-0.005367279,0.13483396,-0.2000482,-0.92407525,0.16523477,False,0.0
4901.068647792,0,0.104052514,-0.00039237738,0.14119598,-0.17481585,-0.9388204,0.0987401,False,0.0
4901.088647792,20000000,0.10238364,0.0033916235,0.14220446,-0.14465037,-0.9773476,0.039269246,False,0.0
4901.108647792,0,0.1002848,0.005653918,0.13705978,-0.11690132,-1.0126756,-0.013355844,False,0.0
4901.128647792,0,0.08719243,0.009041965,0.13857359,-0.09230417,-1.049147,-0.045908097,False,0.0
4901.148647792,0,0.067811504,0.010718226,0.13718873,-0.06432728,-1.1043986,-0.05021165,False,0.0
4901.168647792,0,0.045854747,0.006539643,0.11919287,-0.03645995,-1.1613513,-0.03806499,False,0.0
4901.188647792,20000000,0.016924903,0.003043294,0.09045029,0.0033201315,-1.1896462,-0.025097096,False,0.0
4901.208647792,0,-0.021031022,0.0025504827,0.052741706,0.06836429,-1.2099967,0.01286546,False,0.0
4901.228647792,0,-0.03868042,0.010662675,-0.05210805,0.13287121,-1.1580263,0.062016778,False,0.0
4901.248647792,20000000,-0.0561957,0.01877135,-0.15724856,0.19737816,-1.1060559,0.1111681,False,0.0
4901.268647792,0,-0.14484105,0.08599168,-0.13454872,0.32749933,-1.0216461,0.23337558,False,0.0
4901.288647792,0,-0.2059322,0.13556886,-0.121284306,0.5628996,-1.0047605,0.45522076,False,0.0
4901.308647792,20000000,-0.20974673,0.16255283,-0.17043304,0.7609845,-0.8880087,0.5470564,False,0.0
4901.328647792,0,-0.22219792,0.16466415,-0.20811737,0.86507595,-0.6963697,0.48217872,False,0.0
4901.348647792,0,-0.25040057,0.13554776,-0.20284301,0.89219844,-0.54445124,0.36752084,False,0.0
4901.368647792,20000000,-0.24498883,0.07798278,-0.19330913,0.91687816,-0.42086816,0.21608184,False,0.0
4901.388647792,0,-0.22421077,0.021664679,-0.18161541,0.9463781,-0.28143987,0.04171987,False,0.0
4901.408647792,0,-0.20457259,-0.019121706,-0.16214877,0.9729469,-0.14374906,-0.12590916,False,0.0
4901.428647792,20000000,-0.19166544,-0.040620923,-0.12779868,0.9631417,-0.036809787,-0.25106597,False,0.0
4901.448647792,0,-0.18117628,-0.06545442,-0.093331814,0.928771,0.011497803,-0.34902313,False,0.0
4901.468647792,0,-0.1676016,-0.08697492,-0.08575082,0.8669635,0.03396023,-0.42182353,False,0.0
4901.488647792,0,-0.15447557,-0.10549277,-0.08808702,0.7928231,0.028272849,-0.46956137,False,0.0
4901.508647792,0,-0.1366229,-0.122106254,-0.0863387,0.7125704,0.040983014,-0.48074678,False,0.0
4901.528647792,20000000,-0.12514675,-0.13911003,-0.073957145,0.6449671,0.04896178,-0.45241758,False,0.0
4901.548647792,0,-0.113571644,-0.14829838,-0.06728065,0.5929219,0.076408304,-0.42885807,False,0.0
4901.568647792,0,-0.114621885,-0.14690065,-0.06105709,0.5404234,0.09732003,-0.39452234,False,0.0
4901.588647792,0,-0.11629914,-0.13583595,-0.06371409,0.48100325,0.10187327,-0.33719748,False,0.0
4901.608647792,20000000,-0.11375203,-0.13839698,-0.07187188,0.41516066,0.10093397,-0.27866748,False,0.0
4901.628647792,0,-0.114764616,-0.14476669,-0.0807752,0.35990027,0.110973254,-0.22752355,False,0.0
4901.648647792,0,-0.11462766,-0.14677474,-0.090920806,0.30482006,0.11125942,-0.16985714,False,0.0
4901.668647792,0,-0.11817493,-0.14130065,-0.094944,0.23987156,0.12335227,-0.11416331,False,0.0
4901.688647792,0,-0.11789104,-0.13642478,-0.09407771,0.16862673,0.1322028,-0.054714184,False,0.0
4901.708647792,0,-0.11251164,-0.13549113,-0.09024376,0.12231843,0.13049214,0.0020103045,False,0.0
4901.728647792,0,-0.10297762,-0.13338265,-0.090613306,0.08276318,0.15957642,0.040794224,False,0.0
4901.748647792,20000000,-0.100583054,-0.12782043,-0.08447677,0.046723258,0.17441946,0.08449922,False,0.0
4901.768647792,0,-0.095773146,-0.12650967,-0.072852254,0.026995232,0.16572306,0.108101696,False,0.0
4901.788647792,0,-0.095557235,-0.118157625,-0.07197124,0.0029673893,0.1430461,0.15100126,False,0.0
4901.808647792,20000000,-0.09350151,-0.11132449,-0.072971046,-0.02152096,0.10190134,0.21574014,False,0.0
4901.828647792,0,-0.08294742,-0.11242375,-0.0750159,-0.029547913,0.06704816,0.28851694,False,0.0
4901.848647792,0,-0.07799135,-0.114959896,-0.0734936,-0.047497608,0.043616146,0.35174072,False,0.0
4901.868647792,0,-0.078558065,-0.11215532,-0.07042229,-0.06442176,0.0055685565,0.44518632,False,0.0
4901.888647792,20000000,-0.0791145,-0.10932103,-0.06734723,-0.08134591,-0.032479037,0.5386319,False,0.0
4901.908647792,0,-0.082975335,-0.100052565,-0.05940014,-0.10247995,-0.100155234,0.6785051,False,0.0
4901.928647792,0,-0.06841296,-0.09556541,-0.059333563,-0.15129253,-0.17301323,0.83033967,False,0.0
4901.948647792,0,-0.057337083,-0.06714898,-0.043142438,-0.20793708,-0.21929657,1.0189335,False,0.0
4901.968647792,0,-0.06475954,-0.00053822994,-0.0139063,-0.2966662,-0.32369733,1.2965539,False,0.0
4901.988647792,0,-0.08209475,0.08421266,-0.0096462965,-0.45859253,-0.44186744,1.7139091,False,0.0
4902.008647792,20000000,-0.09258401,0.2033152,-0.02434665,-0.7233525,-0.66636026,2.4429994,False,0.0
4902.028647792,0,-0.06996925,0.31505042,-0.050793767,-1.123055,-0.6548693,3.197556,False,0.0
4902.048647792,0,-0.061017245,0.3658486,-0.030197084,-1.6094265,-0.6974446,4.1158504,False,0.0
4902.068647792,20000000,-0.02517064,0.27154756,-0.052060902,-2.0367572,-0.53532094,4.7947392,False,0.0
4902.088647792,0,-0.04081011,0.18697059,-0.03616762,-2.3928897,-0.37068772,5.266398,False,0.0
4902.108647792,0,-0.07958335,0.07936019,-0.0021879673,-2.616831,-0.29335523,5.5450172,False,0.0
4902.128647792,0,-0.08232534,-0.041508317,0.010708749,-2.6970732,-0.27755708,5.5951853,False,0.0
4902.148647792,0,-0.038763106,-0.12980735,-0.00039976835,-2.5955977,-0.2762284,5.291241,False,0.0
4902.168647792,20000000,0.0064653754,-0.20969638,-0.010231197,-2.4941225,-0.27489972,4.987297,False,0.0
4902.188647792,0,0.06777042,-0.25481385,-0.0040584803,-2.2184687,-0.20235713,4.3286824,False,0.0
4902.208647792,20000000,0.13115597,-0.29461935,0.0034288168,-1.942815,-0.12981454,3.670068,False,0.0
4902.228647792,40000000,0.15159512,-0.30249676,0.033906728,-1.5808215,-0.13424668,2.9569385,False,0.0
4902.248647792,0,0.14823109,-0.27669382,0.06310159,-1.2362983,-0.24724281,2.3402333,False,0.0
4902.268509917,0,0.16424723,-0.25361702,0.069351815,-0.9420775,-0.33162758,1.8332338,False,0.0
4902.288509917,0,0.13662899,-0.21378997,0.07711819,-0.75422263,-0.40851638,1.4807932,False,0.0
4902.308509917,20000000,0.11200452,-0.17512596,0.07025957,-0.61779606,-0.46615714,1.2200776,False,0.0
4902.328509917,0,0.08453107,-0.14081839,0.06485042,-0.52967656,-0.4904059,1.047512,False,0.0
4902.348509917,0,0.054857135,-0.11736792,0.063325554,-0.4759705,-0.5027852,0.945347,False,0.0
4902.368509917,0,0.031754494,-0.10261002,0.05932209,-0.44737694,-0.5013758,0.884341,False,0.0
4902.388509917,0,0.018542945,-0.09511146,0.050216407,-0.4370863,-0.485955,0.85463005,False,0.0
4902.408509917,20000000,0.013879359,-0.0897786,0.038735688,-0.4341592,-0.43704715,0.8131702,False,0.0
4902.428509917,0,0.017318487,-0.090742975,0.027760625,-0.43570223,-0.37909567,0.767194,False,0.0
4902.448509917,20000000,0.020875573,-0.09168768,0.016862929,-0.43724528,-0.32114416,0.72121775,False,0.0
4902.468509917,0,0.02568549,-0.09584683,0.011925399,-0.41917855,-0.2567885,0.64741445,False,0.0
4902.488509917,20000000,0.021607101,-0.0930295,0.014609218,-0.3900013,-0.21904406,0.5825404,False,0.0
4902.508509917,0,0.02438879,-0.09440872,0.011951864,-0.34438226,-0.18635947,0.5168095,False,0.0
4902.528509917,20000000,0.025729239,-0.08851707,0.013704002,-0.28447354,-0.15425465,0.4491572,False,0.0
4902.548509917,40000000,0.029914975,-0.07800746,0.012091041,-0.22478345,-0.12008164,0.3808818,False,0.0
4902.568509917,0,0.042102873,-0.07452339,0.0073729753,-0.1610844,-0.06449989,0.29548135,False,0.0
4902.588509917,20000000,0.051058948,-0.070861965,0.013073921,-0.08955881,-0.00623988,0.19201273,False,0.0
4902.608509917,0,0.057940006,-0.06418705,0.02607739,-0.020192824,0.033251017,0.08166735,False,0.0
4902.628509917,0,0.063631356,-0.054446727,0.037075758,0.046214737,0.051995423,-0.02402158,False,0.0
4902.648509917,0,0.07292926,-0.041502297,0.046168745,0.10521101,0.07101755,-0.12592354,False,0.0
4902.668509917,0,0.07271767,-0.028412849,0.05191803,0.16485661,0.052849703,-0.17681125,False,0.0
4902.688509917,20000000,0.07250571,-0.015323579,0.057666957,0.2245022,0.034681857,-0.22769894,False,0.0
4902.708509917,0,0.068743706,-0.013557911,0.052863836,0.2527024,0.013409544,-0.2561201,False,0.0
4902.728509917,20000000,0.06498277,-0.011781007,0.048065603,0.28090253,-0.007862767,-0.28454122,False,0.0
4902.748509917,40000000,0.06122285,-0.009992838,0.0432719,0.3091027,-0.029135078,-0.31296235,False,0.0
4902.768509917,60000000,0.063078046,-0.004668623,0.02582848,0.30584806,-0.06668277,-0.31496486,False,0.0
4902.788509917,0,0.043889582,0.005164653,0.03347355,0.29477146,-0.10794252,-0.28001243,False,0.0
4902.808509917,0,0.029439926,0.006564766,0.04553622,0.30663767,-0.15805525,-0.21155554,False,0.0
4902.828509917,20000000,0.030877352,0.0029471219,0.04194057,0.3253633,-0.19944374,-0.13255551,False,0.0
4902.848509917,0,0.056650102,-0.008238733,0.023631275,0.32763332,-0.16168655,-0.10737528,False,0.0
4902.868509917,0,0.05384469,-0.010513544,0.025813162,0.30092818,-0.11611674,-0.100574896,False,0.0
4902.888509917,20000000,0.039730787,-0.021394491,0.026869714,0.2701565,-0.11599267,-0.08597857,False,0.0
4902.908509917,0,0.01492691,-0.029020697,0.022167563,0.23763372,-0.14645064,-0.068270154,False,0.0
4902.928509917,20000000,-0.015724242,-0.017956793,0.017179132,0.18922988,-0.2086809,-0.018181443,False,0.0
4902.948509917,0,-0.029822707,-0.024317056,-0.0069585443,0.1424151,-0.26860708,0.034825463,False,0.0
4902.968509917,0,-0.025826514,-0.053689986,-0.041657805,0.11892466,-0.28051957,0.041079845,False,0.0
4902.988509917,20000000,-0.015007675,-0.083537936,-0.05794972,0.13293901,-0.22914883,-0.00729692,False,0.0
4903.008509917,0,-0.016607463,-0.07324323,-0.046091914,0.14877142,-0.20259087,-0.054154363,False,0.0
4903.028509917,0,-0.020528018,-0.056096643,-0.039833486,0.11819223,-0.18521577,-0.08467274,False,0.0
4903.048509917,20000000,-0.024434984,-0.038934916,-0.03358692,0.087613046,-0.16784069,-0.115191124,False,0.0
4903.068509917,40000000,-0.020919502,-0.038043857,-0.032486856,0.07252017,-0.15552862,-0.13075371,False,0.0
4903.088509917,0,-0.017297924,-0.041927367,-0.03486699,0.08284985,-0.13498025,-0.14370555,False,0.0
4903.108509917,20000000,-0.011455834,-0.04406151,-0.03680861,0.108244404,-0.12416976,-0.14997818,False,0.0
4903.128509917,0,-0.0010830164,-0.04449168,-0.03934312,0.1245153,-0.08822392,-0.19396737,False,0.0
4903.148509917,0,0.01767373,-0.07004896,-0.037676692,0.1543491,-0.054155216,-0.3173584,False,0.0
4903.168509917,20000000,0.043233156,-0.15907255,-0.03931594,0.2633301,0.0021957904,-0.6193692,False,0.0
4903.188509917,0,0.03051138,-0.2733082,-0.033400714,0.4826672,0.05275241,-1.1678667,False,0.0
4903.208509917,0,-0.018289983,-0.3690973,-0.031398177,0.77046514,0.06374489,-1.9212108,False,0.0
4903.228509917,20000000,-0.09173894,-0.39161342,-0.010537446,1.070257,-0.054846257,-2.7247617,False,0.0
4903.248509917,0,-0.11027473,-0.38432702,-0.030167222,1.3439052,-0.16713718,-3.5111349,False,0.0
4903.268509917,0,-0.12529653,-0.35681266,-0.06164694,1.5721722,-0.20284723,-4.215431,False,0.0
4903.288509917,0,-0.18100229,-0.3058475,-0.06401646,1.780627,-0.18222773,-4.7566457,False,0.0
4903.308509917,0,-0.22551489,-0.22324014,-0.07489002,1.95101,-0.18627535,-5.0682282,False,0.0
4903.328509917,20000000,-0.2547309,-0.08999705,-0.08148146,2.0302022,-0.18429293,-5.055583,False,0.0
4903.348509917,0,-0.2521756,0.029883921,-0.08176303,2.0243957,-0.19970636,-4.746328,False,0.0
4903.368509917,0,-0.22403216,0.14841318,-0.0845651,1.915973,-0.18908815,-4.2650366,False,0.0
4903.388509917,0,-0.1806819,0.236566,-0.087245286,1.6926293,-0.16216923,-3.6249032,False,0.0
4903.408509917,20000000,-0.14862023,0.27464545,-0.08135766,1.4238052,-0.11265755,-2.9407187,False,0.0
4903.428509917,0,-0.12443517,0.27903175,-0.07318783,1.1304932,-0.044667333,-2.259426,False,0.0
4903.448509917,0,-0.107388884,0.25808138,-0.06098783,0.8337251,0.0484189,-1.661701,False,0.0
4903.468509917,20000000,-0.08736622,0.21582687,-0.058966517,0.540524,0.12929799,-1.1618105,False,0.0
4903.488509917,0,-0.044668585,0.13903242,-0.06462687,0.30007657,0.24156836,-0.80533266,False,0.0
4903.508509917,0,-0.0133791715,0.04558456,-0.048728943,0.16355015,0.39565903,-0.62030804,False,0.0
4903.528509917,20000000,-0.021635458,0.000313282,-0.00869751,0.10775581,0.47256786,-0.5103682,False,0.0
4903.548509917,0,0.00066775084,-0.019271135,0.0022152662,0.060824346,0.5161225,-0.49424484,False,0.0
4903.568509917,0,0.017841116,-0.0034509301,0.0114405155,-0.025503632,0.5469882,-0.542094,False,0.0
4903.588509917,20000000,0.018680364,0.025651634,0.029339492,-0.12222503,0.51463974,-0.57831496,False,0.0
4903.608509917,0,0.020114943,0.05250144,0.04586345,-0.19588059,0.48169437,-0.60000086,False,0.0
4903.628509917,0,0.0017986447,0.07919657,0.06472558,-0.22995938,0.41533563,-0.5558206,False,0.0
4903.648509917,0,0.006790459,0.08380067,0.057516396,-0.22857532,0.31652126,-0.44729528,False,0.0
4903.668509917,0,0.0347649,0.07431877,0.034276247,-0.21134382,0.28641245,-0.3933965,False,0.0
4903.688509917,0,0.031445637,0.08209747,0.03354776,-0.20235904,0.25651142,-0.33706304,False,0.0
4903.708509917,20000000,0.027814269,0.08265287,0.03251189,-0.19343852,0.20607705,-0.25562018,False,0.0
4903.728509917,0,0.032743618,0.064605,0.027502239,-0.16164106,0.18071501,-0.16988313,False,0.0
4903.748509917,0,0.036021277,0.049404085,0.021817803,-0.13483131,0.16119349,-0.07955471,False,0.0
4903.768509917,0,0.03785783,0.038507998,0.017391324,-0.1470136,0.12901598,-0.009272568,False,0.0
4903.788509917,20000000,0.039702952,0.027621865,0.012947142,-0.15919591,0.09683849,0.06100957,False,0.0
4903.808509917,0,0.044394374,0.02757126,0.015339136,-0.21235274,0.040464684,0.08086489,False,0.0
4903.828509917,20000000,0.036432713,0.053810716,0.026208997,-0.28537428,0.0074248984,0.079021506,False,0.0
4903.848509917,0,-0.009862453,0.065594316,0.05642736,-0.2842929,-0.12528253,0.19213182,False,0.0
4903.868509917,20000000,0.032173917,0.020676672,0.0029277802,-0.20853865,-0.15061186,0.25428212,False,0.0
4903.888509917,0,0.05498311,-0.0073153377,-0.027344525,-0.11027476,-0.077853195,0.24642955,False,0.0
4903.908509917,0,0.025556102,-0.0058831573,-0.003404677,-0.03680017,-0.08080104,0.2679778,False,0.0
4903.928509917,0,0.011695355,-0.007173717,0.006665051,-0.010050226,-0.10510544,0.25948063,False,0.0
4903.988509917,0,0.00075027347,-0.045859993,0.013098121,0.05735343,-0.12281396,0.22096625,False,0.0
4904.028509917,0,0.005008608,-0.07306236,0.012452543,0.095623136,-0.13888696,0.1653443,False,0.0
4904.048509917,0,0.016985148,-0.07529044,0.009682357,0.07911131,-0.12831698,0.13143027,False,0.0
4904.068509917,0,0.020604864,-0.04291463,-0.0018677115,0.008232541,-0.11175915,0.107755445,False,0.0
4904.088509917,0,0.005626932,-0.0006804466,0.005138576,-0.1147771,-0.10851514,0.109967194,False,0.0
4904.108509917,20000000,-0.023979053,0.030040503,0.023418367,-0.23260435,-0.11559293,0.12929323,False,0.0
4904.128509917,0,-0.052524015,0.047073543,0.04338157,-0.28478843,-0.17963222,0.21491502,False,0.0
4904.148509917,0,-0.025358275,0.029263735,0.016867936,-0.27333447,-0.13267162,0.23218624,False,0.0
4904.168509917,20000000,-0.014117524,0.0167287,0.0019833446,-0.24195611,-0.04844509,0.21168043,False,0.0
4904.188509917,0,-0.03767769,0.014548063,0.016474903,-0.20487447,-0.0164732,0.19928943,False,0.0
4904.208509917,20000000,-0.057530776,-0.009236217,0.02526313,-0.14703901,-0.035650276,0.18522705,False,0.0
4904.228509917,0,-0.08481379,-0.00813818,0.032792985,-0.11151932,-0.10041725,0.1983231,False,0.0
4904.248509917,0,-0.072846726,-0.017800033,-0.001666367,-0.11630223,-0.11603606,0.1800148,False,0.0
4904.268509917,20000000,-0.060884982,-0.02746123,-0.03612876,-0.12108514,-0.13165487,0.16170652,False,0.0
4904.288509917,0,-0.059298754,-0.028792739,-0.050768614,-0.13881898,-0.0829294,0.1370033,False,0.0
4904.308509917,20000000,-0.061782643,-0.02617526,-0.052728713,-0.15656346,-0.031876836,0.13999194,False,0.0
4904.328509917,0,-0.06511679,-0.018458426,-0.047688365,-0.17014517,0.03212185,0.15785629,False,0.0
4904.348509917,0,-0.055814117,-0.025224388,-0.054439843,-0.14750132,0.08464235,0.18011956,False,0.0
4904.368509917,0,-0.03545305,-0.039550662,-0.0696404,-0.112378284,0.13826752,0.19407693,False,0.0
4904.388509917,0,-0.0022708178,-0.03970945,-0.085460484,-0.09805473,0.24123023,0.17109494,False,0.0
4904.408509917,20000000,0.031463772,-0.059019804,-0.0815168,-0.07366085,0.3429794,0.14619532,False,0.0
4904.428509917,0,0.05233559,-0.07209623,-0.061341166,-0.04323122,0.46283203,0.09423688,False,0.0
4904.448509917,0,0.0457682,-0.066516936,-0.018841147,-0.011469934,0.5054794,0.09362932,False,0.0
4904.468509917,20000000,0.02825877,-0.05036193,0.024628103,-0.020217147,0.47656304,0.13089615,False,0.0
4904.488509917,0,0.023462087,-0.043234527,0.036934018,-0.056556825,0.40627372,0.16423829,False,0.0
4904.508509917,20000000,0.031030655,-0.036499143,0.038045585,-0.11688146,0.378328,0.13918693,False,0.0
4904.528509917,0,0.020461947,-0.017948031,0.040141046,-0.1843785,0.3552396,0.087916486,False,0.0
4904.548509917,0,0.013886452,-0.002862215,0.039563,-0.2312805,0.30974603,0.04067318,False,0.0
4904.568509917,20000000,0.007335365,0.0122484565,0.038939774,-0.27818248,0.26425248,-0.0065701194,False,0.0
4904.588509917,0,0.0020919144,0.016631782,0.039992094,-0.2533649,0.22256866,-0.053831324,False,0.0
4904.608509917,20000000,0.0023621917,0.020904899,0.027604938,-0.20369506,0.21351558,-0.118450284,False,0.0
4904.628509917,0,-0.005822569,0.051673293,0.021071732,-0.17798105,0.21380655,-0.19060671,False,0.0
4904.648509917,0,-0.016672552,0.08247566,0.015725434,-0.18325727,0.20278466,-0.2406865,False,0.0
4904.668509917,0,-0.015799433,0.084584594,0.013650715,-0.17549695,0.22768934,-0.3231857,False,0.0
4904.688469542,0,-0.0071451035,0.081713974,0.012311772,-0.14066899,0.25711778,-0.40934873,False,0.0
4904.708469542,0,0.00020003319,0.0821718,0.016239941,-0.07172551,0.2936424,-0.46476567,False,0.0
4904.728469542,0,0.009855747,0.082834184,0.021445692,-0.00794328,0.2778141,-0.44386828,False,0.0
4904.748469542,20000000,0.019551665,0.08351779,0.026663542,0.055838965,0.26198578,-0.4229709,False,0.0
4904.768469542,40000000,0.04736826,0.06058395,0.020367444,0.12298172,0.29651615,-0.40143716,False,0.0
4904.788469542,0,0.05767685,0.04557699,0.02662611,0.18771338,0.2886056,-0.2993997,False,0.0
4904.808469542,0,0.083039194,0.018756747,0.015382111,0.17682756,0.24827242,-0.1346802,False,0.0
4904.828469542,20000000,0.108397454,-0.008061349,0.0041161776,0.16594175,0.20793924,0.030039296,False,0.0
4904.848469542,40000000,0.13375166,-0.03487736,-0.0071718693,0.15505593,0.16760606,0.1947588,False,0.0
4904.868469542,0,0.14609364,-0.054329693,-0.0068089366,0.12179276,0.15592891,0.29440853,False,0.0
4904.908469542,0,0.15361336,-0.058834672,0.0089357495,0.030611783,0.1124098,0.29469073,False,0.0
4904.928469542,0,0.14753473,-0.05861765,0.03021735,-0.00421324,0.05681801,0.24312845,False,0.0
4904.948469542,0,0.13606817,-0.056049466,0.053328335,-0.01817655,-0.018230408,0.1992519,False,0.0
4904.968469542,0,0.11702892,-0.04835403,0.06888878,-0.016477456,-0.08971128,0.1570374,False,0.0
4904.988469542,20000000,0.07600936,-0.027044952,0.092838705,-0.028326988,-0.21334548,0.16598344,False,0.0
4905.008469542,0,0.03918147,-0.009630322,0.10394287,-0.05819239,-0.33653116,0.18472975,False,0.0
4905.028469542,0,0.0072416365,0.0030187368,0.109244585,-0.09416321,-0.45793378,0.21061927,False,0.0
4905.048469542,20000000,-0.025455117,0.012886941,0.10533476,-0.14012483,-0.5350547,0.22747426,False,0.0
4905.068469542,0,-0.06625998,0.03475541,0.09872347,-0.19652092,-0.6016135,0.2679376,False,0.0
4905.088469542,0,-0.11574425,0.086511314,0.09386635,-0.2868892,-0.68708324,0.36347118,False,0.0
4905.108469542,0,-0.11747478,0.14038217,0.056049526,-0.4273792,-0.73850644,0.4745653,False,0.0
4905.128469542,0,-0.0883493,0.1473431,0.029655159,-0.501613,-0.61078423,0.5895824,False,0.0
4905.148469542,20000000,-0.059339643,0.1543591,0.0031914115,-0.57584685,-0.48306203,0.70459944,False,0.0
4905.168469542,40000000,-0.030445874,0.16143274,-0.023339272,-0.65008074,-0.35533983,0.8196165,False,0.0
4905.188469542,0,-0.039135814,0.16965497,-0.01171267,-0.65594447,-0.29230785,1.0320338,False,0.0
4905.208469542,20000000,-0.03530547,0.16986442,-0.01704365,-0.6625986,-0.28953585,1.3279932,False,0.0
4905.228469542,0,-0.007887304,0.16336912,-0.041603208,-0.7198796,-0.27700263,1.6404684,False,0.0
4905.248469542,0,0.021941423,0.16156107,-0.046477497,-0.8500599,-0.23512705,1.9131515,False,0.0
4905.268469542,20000000,0.05184996,0.16077489,-0.05120027,-0.9802402,-0.19325146,2.1858346,False,0.0
4905.288469542,0,0.09226358,0.13692445,-0.050263107,-1.088863,-0.13944522,2.3867214,False,0.0
4905.308469542,0,0.12126979,0.09961039,-0.02700603,-1.1434859,-0.12716149,2.5269945,False,0.0
4905.328469542,0,0.13081262,0.06434929,0.010931134,-1.1474968,-0.18815091,2.5987442,False,0.0
4905.348469542,20000000,0.12511641,0.033197224,0.04498899,-1.1285667,-0.30629393,2.6117194,False,0.0
4905.368469542,0,0.09466308,0.018862128,0.07833266,-1.0896214,-0.47343644,2.5983934,False,0.0
4905.388469542,20000000,0.058512807,-0.0031672716,0.10094988,-1.0340407,-0.6743048,2.5939014,False,0.0
4905.408469542,0,0.015657067,-0.024390161,0.10171777,-0.98008025,-0.87616503,2.5828938,False,0.0
4905.428469542,0,0.006226063,-0.052452266,0.07610053,-0.94498694,-0.9958273,2.4890094,False,0.0
4905.448469542,20000000,-0.0021989346,-0.07981634,0.05114329,-0.9098936,-1.1154896,2.395125,False,0.0
4905.468469542,0,0.0008842349,-0.09430599,0.02922523,-0.8818178,-1.1293672,2.197487,False,0.0
4905.488469542,0,0.0012316704,-0.08315176,0.02615124,-0.8926317,-1.0967448,1.9618435,False,0.0
4905.508469542,20000000,-0.011425972,-0.055905372,0.048893034,-0.88465756,-1.0805539,1.7271426,False,0.0
4905.528469542,0,-0.018638313,-0.03676647,0.050003707,-0.864068,-1.1222659,1.5708951,False,0.0
4905.548469542,0,0.023727536,-0.07131153,0.01640439,-0.7811814,-1.0622046,1.3546761,False,0.0
4905.568469542,20000000,0.07176602,-0.10246083,0.0021009445,-0.6469812,-0.94651437,1.1085495,False,0.0
4905.588469542,0,0.10732257,-0.10944116,0.0057857633,-0.5006959,-0.80891395,0.8606071,False,0.0
4905.608469542,0,0.13431978,-0.09810695,0.028916001,-0.36539152,-0.7017556,0.65048647,False,0.0
4905.628469542,20000000,0.16315138,-0.08408621,0.039689243,-0.2726314,-0.6154059,0.47920448,False,0.0
4905.648469542,0,0.19136798,-0.094111234,0.050259233,-0.19683824,-0.5505439,0.33832312,False,0.0
4905.668469542,20000000,0.19582206,-0.101810664,0.07504636,-0.12204885,-0.5277535,0.21068242,False,0.0
4905.688469542,0,0.17882913,-0.103096336,0.107889,-0.067507535,-0.60544527,0.13963476,False,0.0
4905.708469542,0,0.16331613,-0.10188967,0.12696648,-0.029975355,-0.71856207,0.13360663,False,0.0
4905.728469542,20000000,0.15353799,-0.10379693,0.12988383,-0.019365815,-0.80173373,0.115128525,False,0.0
4905.748469542,0,0.17093122,-0.12546444,0.10827643,-0.00959371,-0.8385673,0.076431215,False,0.0
4905.768469542,20000000,0.16666585,-0.13069952,0.1041649,-0.013481357,-0.8464996,0.029501975,False,0.0
4905.788469542,0,0.1476062,-0.13568941,0.104246736,-0.017512823,-0.8824284,0.003119789,False,0.0
4905.808469542,0,0.1272133,-0.14144641,0.10876882,-0.023008773,-0.92889494,-0.00057915435,False,0.0
4905.828469542,20000000,0.11916101,-0.15937471,0.10459334,6.362051e-05,-0.9811351,-0.026503816,False,0.0
4905.848469542,0,0.112733066,-0.17538486,0.085106134,0.008329239,-1.0050364,-0.06465417,False,0.0
4905.868469542,0,0.102996826,-0.18654968,0.06689787,0.019276382,-1.0052596,-0.12601468,False,0.0
4905.888469542,0,0.08977121,-0.19137737,0.047600687,0.02223617,-0.98566514,-0.1609731,False,0.0
4905.908469542,0,0.07555884,-0.18924299,0.036154628,0.0052245855,-0.96331495,-0.18375346,False,0.0
4905.928469542,20000000,0.056753278,-0.18334182,0.03040409,-0.022053337,-0.9584637,-0.20958495,False,0.0
4905.948469542,0,0.032203764,-0.16934967,0.023197114,-0.053363897,-0.94052285,-0.22894426,False,0.0
4905.968469542,0,0.0041106045,-0.1541253,0.018189788,-0.0961428,-0.92778134,-0.23867357,False,0.0
4905.988469542,20000000,-0.021115214,-0.1443258,0.012413621,-0.13662434,-0.8948277,-0.23776124,False,0.0
4906.008469542,0,-0.043177277,-0.12549892,0.014378428,-0.18728255,-0.8226013,-0.25696415,False,0.0
4906.028469542,0,-0.08276665,-0.08352244,0.04014665,-0.2609663,-0.77968174,-0.2738359,False,0.0
4906.048469542,0,-0.098315656,-0.047901332,0.014697373,-0.36568952,-0.755778,-0.28481606,False,0.0
4906.068469542,20000000,-0.11377749,-0.012212008,-0.011043251,-0.47041273,-0.7318743,-0.29579622,False,0.0
4906.088469542,40000000,-0.13663472,0.015437901,-0.06432581,-0.5913988,-0.69794446,-0.27375248,False,0.0
4906.108469542,0,-0.1488175,0.026455551,-0.060297012,-0.6879102,-0.6263915,-0.25974312,False,0.0
4906.128469542,20000000,-0.15210015,0.022253603,-0.00983727,-0.6907619,-0.5141818,-0.3221147,False,0.0
4906.148469542,0,-0.1675447,0.050344527,0.05069524,-0.6719795,-0.42033926,-0.43147087,False,0.0
4906.168469542,0,-0.18488343,0.09882015,0.1128512,-0.6638844,-0.3755579,-0.53168863,False,0.0
4906.188469542,0,-0.1941063,0.14340854,0.15445071,-0.65654147,-0.38265958,-0.5570086,False,0.0
4906.208469542,0,-0.17877176,0.15613002,0.16456991,-0.626672,-0.39392817,-0.54904616,False,0.0
4906.228469542,20000000,-0.17294315,0.16277969,0.16381419,-0.58472216,-0.38899395,-0.57701486,False,0.0
4906.248469542,0,-0.18751368,0.17047942,0.16135335,-0.5278156,-0.41582924,-0.5822702,False,0.0
4906.268469542,0,-0.20043312,0.17501748,0.14618361,-0.45503807,-0.46061146,-0.551055,False,0.0
4906.288469542,20000000,-0.19099812,0.15727597,0.10803354,-0.3783841,-0.46864873,-0.518593,False,0.0
4906.308469542,0,-0.1962454,0.15372002,0.071338534,-0.3312284,-0.41751182,-0.4950726,False,0.0
4906.328469542,0,-0.20180824,0.13460702,0.050073802,-0.31936684,-0.39189374,-0.42773035,False,0.0
4906.348469542,20000000,-0.20732026,0.11564386,0.0286268,-0.30750528,-0.36627567,-0.3603881,False,0.0
4906.368469542,40000000,-0.21386704,0.10951871,0.008817077,-0.32309088,-0.34734276,-0.30481896,False,0.0
4906.388469542,0,-0.20258977,0.08305138,-0.011506617,-0.34942147,-0.3207534,-0.27584758,False,0.0
4906.408469542,0,-0.20439209,0.063179195,-0.022145271,-0.3430128,-0.26562852,-0.30338156,False,0.0
4906.428469542,20000000,-0.21273723,0.067622066,-0.032218874,-0.36724424,-0.22532353,-0.30507693,False,0.0
4906.448469542,0,-0.20475364,0.05273497,-0.036539674,-0.34640285,-0.17822072,-0.326439,False,0.0
4906.468469542,0,-0.18894354,0.029853523,-0.037647784,-0.28883466,-0.14076567,-0.40506834,False,0.0
4906.488469542,0,-0.17638624,0.044009984,-0.045211077,-0.25523996,-0.10402201,-0.50106263,False,0.0
4906.508469542,0,-0.15572353,0.06890613,-0.06078458,-0.27378312,-0.03899853,-0.5140327,False,0.0
4906.528469542,20000000,-0.14532883,0.07588071,-0.05230522,-0.24962074,0.0022795089,-0.5160134,False,0.0
4906.548469542,0,-0.13281164,0.089118004,-0.054187596,-0.21879013,-0.009091873,-0.49891493,False,0.0
4906.568469542,20000000,-0.11763004,0.09508753,-0.05789751,-0.19009292,-0.014160754,-0.45541492,False,0.0
4906.588469542,0,-0.10454002,0.09274793,-0.060280144,-0.16500053,-0.018160965,-0.40853342,False,0.0
4906.608469542,0,-0.096445635,0.08739644,-0.063631415,-0.15012647,-0.00066890754,-0.3647169,False,0.0
4906.628469542,20000000,-0.087872565,0.07617062,-0.05500263,-0.13675654,0.008432538,-0.33713335,False,0.0
4906.648469542,0,-0.08315624,0.06613338,-0.044505894,-0.12943196,0.017182745,-0.29882005,False,0.0
4906.668469542,20000000,-0.07842532,0.056125104,-0.03401327,-0.122107394,0.025932956,-0.26050675,False,0.0
4906.688469542,0,-0.07122078,0.040002584,-0.025898993,-0.10789171,0.032812085,-0.22661416,False,0.0
4906.708469542,20000000,-0.06211189,0.023671806,-0.020360768,-0.08318558,0.0325312,-0.20963022,False,0.0
4906.728469542,0,-0.052593466,0.016708612,-0.018681228,-0.07616976,0.03887358,-0.20456855,False,0.0
4906.748469542,20000000,-0.051159974,0.018872619,-0.013108194,-0.08724646,0.04501564,-0.19746493,False,0.0
4906.768469542,0,-0.048503455,0.021520972,-0.011505783,-0.085075565,0.034374423,-0.17579019,False,0.0
4906.788469542,0,-0.04158193,0.017063856,-0.00509429,-0.06132389,0.0213233,-0.16021244,False,0.0
4906.808469542,20000000,-0.032148276,0.014321983,-0.0047970414,-0.033393547,0.012702248,-0.14545895,False,0.0
4906.828469542,0,-0.036428474,0.017098427,-0.0006968379,-0.031778716,0.006942603,-0.101047516,False,0.0
4906.848469542,0,-0.036844157,0.020657122,0.011603177,-0.012926398,0.0027143736,-0.058002803,False,0.0
4906.868469542,20000000,-0.034377806,0.020156264,0.013188958,0.0024073487,-0.019552266,-0.008610558,False,0.0
4906.888469542,0,-0.026781207,0.015649617,0.0063156486,0.017778914,-0.03422451,0.0010688845,False,0.0
4906.908469542,0,-0.022458553,0.01067704,0.0033200383,0.022760749,-0.035319753,0.014093404,False,0.0
4906.928469542,0,-0.024420785,0.010397613,-0.00052177906,0.025370013,-0.040215515,0.0038667182,False,0.0
4906.948469542,0,-0.0245253,0.010403693,-0.0033833385,0.008898772,-0.04830977,-0.0102101695,False,0.0
4906.968469542,20000000,-0.02462989,0.0104106665,-0.0062470436,-0.0075724702,-0.056404024,-0.024287056,False,0.0
4906.988469542,0,-0.014376193,0.007694006,-0.013382137,-0.029483572,-0.0553438,-0.03902367,False,0.0
4907.008469542,20000000,-0.009848569,0.0041100383,-0.01491797,-0.03034141,-0.044081092,-0.0537017,False,0.0
