frame,timestamp,aspect_ratio__mouth_width__nose_to_chin,thresh_1,thresh_2,thresh_3,thresh_4,thresh_5
0,0.0,0.8475081562898029,Open,Open,Open,Open,Open
1,0.0333355063016079,0.8010818012730895,Open,Open,Open,Open,Open
2,0.0666710126032159,0.7443695564234589,Open,Open,Open,Open,Closed
3,0.1000065189048239,0.7019948040257363,Open,Open,Open,Closed,Closed
4,0.1333420252064319,0.7218235713489166,Open,Open,Open,Open,Closed
5,0.16667753150804,0.7814510754885547,Open,Open,Open,Open,Open
6,0.2000130378096479,0.7043607795314784,Open,Open,Open,Closed,Closed
7,0.2333485441112559,0.7011612659797564,Open,Open,Open,Closed,Closed
8,0.2666840504128639,0.7091802857920004,Open,Open,Open,Closed,Closed
9,0.3000195567144719,0.6809333229504888,Open,Open,Open,Closed,Closed
10,0.33335506301608,0.6765733542576887,Open,Open,Open,Closed,Closed
11,0.3666905693176879,0.7034865547328715,Open,Open,Open,Closed,Closed
12,0.4000260756192959,0.7013675462541356,Open,Open,Open,Closed,Closed
13,0.4333615819209039,0.6924039494118513,Open,Open,Open,Closed,Closed
14,0.4666970882225119,0.6950692596967037,Open,Open,Open,Closed,Closed
15,0.50003259452412,0.6935676135603753,Open,Open,Open,Closed,Closed
16,0.5333681008257279,0.7214597238233077,Open,Open,Open,Open,Closed
17,0.5667036071273359,0.70957703186933,Open,Open,Open,Closed,Closed
18,0.6000391134289439,0.7163697268171155,Open,Open,Open,Open,Closed
19,0.6333746197305519,0.6941557622752202,Open,Open,Open,Closed,Closed
20,0.66671012603216,0.7170636865764773,Open,Open,Open,Open,Closed
21,0.7000456323337679,0.7126455892301243,Open,Open,Open,Open,Closed
22,0.7333811386353759,0.7388023690430086,Open,Open,Open,Open,Closed
23,0.7667166449369839,0.7409920286893553,Open,Open,Open,Open,Closed
24,0.8000521512385919,0.734071010316591,Open,Open,Open,Open,Closed
25,0.8333876575401998,0.7261661491170176,Open,Open,Open,Open,Closed
26,0.8667231638418079,0.6944288589781478,Open,Open,Open,Closed,Closed
27,0.9000586701434159,0.6522665461128355,Open,Open,Open,Closed,Closed
28,0.933394176445024,0.6453763515377795,Open,Open,Open,Closed,Closed
29,0.9667296827466318,0.62969119285912,Open,Open,Closed,Closed,Closed
30,1.00006518904824,0.6076015893706511,Open,Open,Closed,Closed,Closed
31,1.0334006953498478,0.5553044238362984,Open,Closed,Closed,Closed,Closed
32,1.066736201651456,0.5669881635108353,Open,Closed,Closed,Closed,Closed
33,1.1000717079530635,0.5403312666352549,Open,Closed,Closed,Closed,Closed
34,1.1334072142546718,0.5243741848132769,Open,Closed,Closed,Closed,Closed
35,1.16674272055628,0.6021798630178874,Open,Open,Closed,Closed,Closed
36,1.2000782268578878,0.5791245558937372,Open,Open,Closed,Closed,Closed
37,1.233413733159496,0.6240151917656723,Open,Open,Closed,Closed,Closed
38,1.2667492394611035,0.5378282842002939,Open,Closed,Closed,Closed,Closed
39,1.3000847457627118,0.6087882105437551,Open,Open,Closed,Closed,Closed
40,1.33342025206432,0.6569164952791985,Open,Open,Open,Closed,Closed
41,1.3667557583659278,0.5990951396887458,Open,Open,Closed,Closed,Closed
42,1.400091264667536,0.6285683608308463,Open,Open,Closed,Closed,Closed
43,1.4334267709691435,0.6379251137732974,Open,Open,Closed,Closed,Closed
44,1.4667622772707518,0.6270095445693986,Open,Open,Closed,Closed,Closed
45,1.5000977835723597,0.6156375745941117,Open,Open,Closed,Closed,Closed
46,1.5334332898739678,0.7332371446740922,Open,Open,Open,Open,Closed
47,1.566768796175576,0.633711975619128,Open,Open,Closed,Closed,Closed
48,1.6001043024771835,0.6815358817532232,Open,Open,Open,Closed,Closed
49,1.6334398087787918,0.6200618000612513,Open,Open,Closed,Closed,Closed
50,1.6667753150803997,0.779749199049083,Open,Open,Open,Open,Open
51,1.7001108213820078,0.6047277966422878,Open,Open,Closed,Closed,Closed
52,1.7334463276836158,0.6213394489799376,Open,Open,Closed,Closed,Closed
53,1.7667818339852237,0.657444418928937,Open,Open,Open,Closed,Closed
54,1.8001173402868318,0.6975065177242439,Open,Open,Open,Closed,Closed
55,1.8334528465884397,0.7258700593909123,Open,Open,Open,Open,Closed
56,1.8667883528900475,0.6859361169319677,Open,Open,Open,Closed,Closed
57,1.900123859191656,0.696940968913046,Open,Open,Open,Closed,Closed
58,1.9334593654932637,0.7024410296690643,Open,Open,Open,Closed,Closed
59,1.966794871794872,0.6169244541310414,Open,Open,Closed,Closed,Closed
60,2.00013037809648,0.6054561891468945,Open,Open,Closed,Closed,Closed
61,2.0334658843980877,0.5809846857011383,Open,Open,Closed,Closed,Closed
62,2.0668013906996956,0.5529354149290904,Open,Closed,Closed,Closed,Closed
63,2.100136897001304,0.6044867321426557,Open,Open,Closed,Closed,Closed
64,2.133472403302912,0.6111739384455134,Open,Open,Closed,Closed,Closed
65,2.1668079096045196,0.586193935194415,Open,Open,Closed,Closed,Closed
66,2.2001434159061275,0.5367947952778053,Open,Closed,Closed,Closed,Closed
67,2.233478922207736,0.5584377243172828,Open,Closed,Closed,Closed,Closed
68,2.2668144285093437,0.5855215339871426,Open,Open,Closed,Closed,Closed
69,2.3001499348109515,0.5862135183564803,Open,Open,Closed,Closed,Closed
70,2.33348544111256,0.5369267255503006,Open,Closed,Closed,Closed,Closed
71,2.3668209474141677,0.5520262881220657,Open,Closed,Closed,Closed,Closed
72,2.4001564537157756,0.5608444269295236,Open,Closed,Closed,Closed,Closed
73,2.433491960017383,0.5691137691353888,Open,Closed,Closed,Closed,Closed
74,2.4668274663189917,0.6784897835104539,Open,Open,Open,Closed,Closed
75,2.5001629726205996,0.584416026905813,Open,Open,Closed,Closed,Closed
76,2.5334984789222075,0.5946817940820877,Open,Open,Closed,Closed,Closed
77,2.566833985223816,0.5914799751588848,Open,Open,Closed,Closed,Closed
78,2.6001694915254236,0.6608715592458407,Open,Open,Open,Closed,Closed
79,2.6335049978270315,0.5722441177801828,Open,Closed,Closed,Closed,Closed
80,2.66684050412864,0.654120420531128,Open,Open,Open,Closed,Closed
81,2.7001760104302477,0.7183591909650461,Open,Open,Open,Open,Closed
82,2.7335115167318556,0.6934485502993669,Open,Open,Open,Closed,Closed
83,2.7668470230334634,0.6588987175844134,Open,Open,Open,Closed,Closed
84,2.8001825293350717,0.6600346017978632,Open,Open,Open,Closed,Closed
85,2.8335180356366796,0.6741540856987832,Open,Open,Open,Closed,Closed
86,2.8668535419382875,0.65151689776768,Open,Open,Open,Closed,Closed
87,2.900189048239896,0.6255454559823217,Open,Open,Closed,Closed,Closed
88,2.9335245545415036,0.6341349687297497,Open,Open,Closed,Closed,Closed
89,2.9668600608431115,0.5685495464735093,Open,Closed,Closed,Closed,Closed
90,3.0001955671447194,0.5855388426409949,Open,Open,Closed,Closed,Closed
91,3.0335310734463277,0.5819261577517334,Open,Open,Closed,Closed,Closed
92,3.0668665797479355,0.5341704049944284,Open,Closed,Closed,Closed,Closed
93,3.1002020860495434,0.5240215418529363,Open,Closed,Closed,Closed,Closed
94,3.1335375923511517,0.5271339734994569,Open,Closed,Closed,Closed,Closed
95,3.1668730986527596,0.5543804832509999,Open,Closed,Closed,Closed,Closed
96,3.200208604954367,0.5802395007388187,Open,Open,Closed,Closed,Closed
97,3.2335441112559757,0.657228157794098,Open,Open,Open,Closed,Closed
98,3.2668796175575836,0.6238564169484161,Open,Open,Closed,Closed,Closed
99,3.3002151238591915,0.6573570696485448,Open,Open,Open,Closed,Closed
100,3.3335506301607993,0.6486093242573473,Open,Open,Open,Closed,Closed
101,3.3668861364624076,0.6327343722749825,Open,Open,Closed,Closed,Closed
102,3.4002216427640155,0.6770830054690159,Open,Open,Open,Closed,Closed
103,3.4335571490656234,0.674239643474792,Open,Open,Open,Closed,Closed
104,3.4668926553672317,0.6261240526251765,Open,Open,Closed,Closed,Closed
105,3.5002281616688395,0.5929929580740416,Open,Open,Closed,Closed,Closed
106,3.5335636679704474,0.5884482522430403,Open,Open,Closed,Closed,Closed
107,3.5668991742720553,0.5304682819948419,Open,Closed,Closed,Closed,Closed
108,3.6002346805736636,0.5376377453935899,Open,Closed,Closed,Closed,Closed
109,3.633570186875271,0.5638122739603094,Open,Closed,Closed,Closed,Closed
110,3.6669056931768793,0.5732851279425033,Open,Closed,Closed,Closed,Closed
111,3.700241199478488,0.5432605479712027,Open,Closed,Closed,Closed,Closed
112,3.733576705780095,0.5806387812058375,Open,Open,Closed,Closed,Closed
113,3.7669122120817033,0.640268377498699,Open,Open,Closed,Closed,Closed
114,3.800247718383312,0.6840445497044605,Open,Open,Open,Closed,Closed
115,3.833583224684919,0.7256884228941018,Open,Open,Open,Open,Closed
116,3.8669187309865274,0.6601734394371176,Open,Open,Open,Closed,Closed
117,3.9002542372881353,0.68998236634839,Open,Open,Open,Closed,Closed
118,3.933589743589744,0.7188855598555924,Open,Open,Open,Open,Closed
119,3.966925249891351,0.6976653987574991,Open,Open,Open,Closed,Closed
120,4.00026075619296,0.758891121022452,Open,Open,Open,Open,Closed
121,4.033596262494568,0.6860587539424763,Open,Open,Open,Closed,Closed
122,4.0669317687961755,0.6251595857908636,Open,Open,Closed,Closed,Closed
123,4.100267275097783,0.6575729199923396,Open,Open,Open,Closed,Closed
124,4.133602781399391,0.6178305575248423,Open,Open,Closed,Closed,Closed
125,4.166938287700999,0.5942562374437819,Open,Open,Closed,Closed,Closed
126,4.200273794002608,0.5403316409589028,Open,Closed,Closed,Closed,Closed
127,4.233609300304216,0.5490362797127899,Open,Closed,Closed,Closed,Closed
128,4.2669448066058235,0.5319251532046919,Open,Closed,Closed,Closed,Closed
129,4.300280312907431,0.4974577702007664,Closed,Closed,Closed,Closed,Closed
130,4.333615819209039,0.497843314700662,Closed,Closed,Closed,Closed,Closed
131,4.366951325510647,0.529927594717443,Open,Closed,Closed,Closed,Closed
132,4.400286831812255,0.5972398201285052,Open,Open,Closed,Closed,Closed
133,4.433622338113864,0.6335146540036902,Open,Open,Closed,Closed,Closed
134,4.466957844415472,0.6606570996296427,Open,Open,Open,Closed,Closed
135,4.5002933507170795,0.7293894779143245,Open,Open,Open,Open,Closed
136,4.533628857018687,0.7392451079932802,Open,Open,Open,Open,Closed
137,4.566964363320295,0.7195497004557034,Open,Open,Open,Open,Closed
138,4.600299869621903,0.7179006591116522,Open,Open,Open,Open,Closed
139,4.633635375923511,0.6802889142487085,Open,Open,Open,Closed,Closed
140,4.66697088222512,0.7301401615648918,Open,Open,Open,Open,Closed
141,4.700306388526728,0.6681185431560904,Open,Open,Open,Closed,Closed
142,4.733641894828335,0.6621207779679562,Open,Open,Open,Closed,Closed
143,4.766977401129943,0.6491277242837808,Open,Open,Open,Closed,Closed
144,4.800312907431551,0.621753503108388,Open,Open,Closed,Closed,Closed
145,4.833648413733159,0.6180439124220659,Open,Open,Closed,Closed,Closed
146,4.866983920034767,0.5849236953062572,Open,Open,Closed,Closed,Closed
147,4.900319426336376,0.5878796180531491,Open,Open,Closed,Closed,Closed
148,4.9336549326379835,0.5562131786058944,Open,Closed,Closed,Closed,Closed
149,4.966990438939591,0.5440032269329266,Open,Closed,Closed,Closed,Closed
150,5.000325945241199,0.5992850894029325,Open,Open,Closed,Closed,Closed
151,5.033661451542807,0.6687629432951917,Open,Open,Open,Closed,Closed
152,5.066996957844415,0.6814622467139293,Open,Open,Open,Closed,Closed
153,5.100332464146024,0.7048352226395993,Open,Open,Open,Closed,Closed
154,5.133667970447632,0.7138874283981654,Open,Open,Open,Open,Closed
155,5.167003476749239,0.7405438355937012,Open,Open,Open,Open,Closed
156,5.200338983050847,0.7474731306977875,Open,Open,Open,Open,Closed
157,5.233674489352455,0.6905443349908424,Open,Open,Open,Closed,Closed
158,5.267009995654063,0.6260857083513037,Open,Open,Closed,Closed,Closed
159,5.300345501955671,0.6756903814473034,Open,Open,Open,Closed,Closed
160,5.33368100825728,0.5980726952562885,Open,Open,Closed,Closed,Closed
161,5.3670165145588875,0.565760936977971,Open,Closed,Closed,Closed,Closed
162,5.400352020860495,0.6038617810771488,Open,Open,Closed,Closed,Closed
163,5.433687527162103,0.5948933592068953,Open,Open,Closed,Closed,Closed
164,5.467023033463711,0.5803559136782306,Open,Open,Closed,Closed,Closed
165,5.500358539765319,0.5050487433872197,Closed,Closed,Closed,Closed,Closed
166,5.533694046066927,0.5125172793584334,Open,Closed,Closed,Closed,Closed
167,5.567029552368536,0.5128363561201523,Open,Closed,Closed,Closed,Closed
168,5.6003650586701434,0.5240559793124494,Open,Closed,Closed,Closed,Closed
169,5.633700564971751,0.5976142465314732,Open,Open,Closed,Closed,Closed
170,5.667036071273359,0.619457421624706,Open,Open,Closed,Closed,Closed
171,5.700371577574967,0.6361258733640427,Open,Open,Closed,Closed,Closed
172,5.733707083876575,0.7171123835108163,Open,Open,Open,Open,Closed
173,5.767042590178183,0.7037027706507278,Open,Open,Open,Closed,Closed
174,5.8003780964797915,0.7462428347207758,Open,Open,Open,Open,Closed
175,5.833713602781399,0.6568394673399398,Open,Open,Open,Closed,Closed
176,5.867049109083007,0.6579444941518733,Open,Open,Open,Closed,Closed
177,5.900384615384615,0.6427363598363853,Open,Open,Closed,Closed,Closed
178,5.933720121686223,0.6619916659370475,Open,Open,Open,Closed,Closed
179,5.967055627987831,0.682000450171669,Open,Open,Open,Closed,Closed
180,6.000391134289439,0.6362957060156675,Open,Open,Closed,Closed,Closed
181,6.0337266405910475,0.599155002966371,Open,Open,Closed,Closed,Closed
182,6.067062146892655,0.5873149659503271,Open,Open,Closed,Closed,Closed
183,6.100397653194263,0.5356309440968023,Open,Closed,Closed,Closed,Closed
184,6.133733159495871,0.6891259008353585,Open,Open,Open,Closed,Closed
185,6.167068665797479,0.5409248060342706,Open,Closed,Closed,Closed,Closed
186,6.200404172099087,0.6327026467624801,Open,Open,Closed,Closed,Closed
187,6.2337396784006955,0.6007982534794684,Open,Open,Closed,Closed,Closed
188,6.267075184702303,0.6746580366340112,Open,Open,Open,Closed,Closed
189,6.300410691003911,0.6912968750830638,Open,Open,Open,Closed,Closed
190,6.333746197305519,0.735369575264222,Open,Open,Open,Open,Closed
191,6.367081703607127,0.743451893915097,Open,Open,Open,Open,Closed
192,6.400417209908735,0.7741109769857194,Open,Open,Open,Open,Closed
193,6.433752716210343,0.7110085450412992,Open,Open,Open,Closed,Closed
194,6.4670882225119515,0.713294564125041,Open,Open,Open,Open,Closed
195,6.500423728813559,0.68219218047148,Open,Open,Open,Closed,Closed
196,6.533759235115167,0.6503948787582683,Open,Open,Open,Closed,Closed
197,6.567094741416775,0.6349849088136387,Open,Open,Closed,Closed,Closed
198,6.600430247718383,0.6150319541283371,Open,Open,Closed,Closed,Closed
199,6.633765754019991,0.6237211944063271,Open,Open,Closed,Closed,Closed
200,6.667101260321599,0.5907770930432734,Open,Open,Closed,Closed,Closed
201,6.700436766623207,0.5514269693641622,Open,Closed,Closed,Closed,Closed
202,6.733772272924815,0.5642239466441014,Open,Closed,Closed,Closed,Closed
203,6.767107779226423,0.5330458131669069,Open,Closed,Closed,Closed,Closed
204,6.800443285528031,0.5440445722839388,Open,Closed,Closed,Closed,Closed
205,6.833778791829639,0.6020384095302272,Open,Open,Closed,Closed,Closed
206,6.867114298131247,0.6195606556358862,Open,Open,Closed,Closed,Closed
207,6.900449804432855,0.6849530134764927,Open,Open,Open,Closed,Closed
208,6.933785310734463,0.7571258850097091,Open,Open,Open,Open,Closed
209,6.967120817036071,0.7206662838952157,Open,Open,Open,Open,Closed
210,7.000456323337679,0.7414395724377909,Open,Open,Open,Open,Closed
211,7.033791829639287,0.6795310857715244,Open,Open,Open,Closed,Closed
212,7.067127335940895,0.6644451130493704,Open,Open,Open,Closed,Closed
213,7.100462842242503,0.6497279658773856,Open,Open,Open,Closed,Closed
214,7.1337983485441105,0.6253560728591252,Open,Open,Closed,Closed,Closed
215,7.167133854845719,0.6250898422604662,Open,Open,Closed,Closed,Closed
216,7.200469361147327,0.601197672777749,Open,Open,Closed,Closed,Closed
217,7.233804867448935,0.5745041948891836,Open,Closed,Closed,Closed,Closed
218,7.267140373750543,0.6065794661496484,Open,Open,Closed,Closed,Closed
219,7.300475880052151,0.498782636183177,Closed,Closed,Closed,Closed,Closed
220,7.333811386353759,0.5638936403259334,Open,Closed,Closed,Closed,Closed
221,7.367146892655367,0.4969556783010512,Closed,Closed,Closed,Closed,Closed
222,7.400482398956975,0.5826910026739132,Open,Open,Closed,Closed,Closed
223,7.433817905258583,0.5625225454648813,Open,Closed,Closed,Closed,Closed
224,7.467153411560191,0.5261939423365078,Open,Closed,Closed,Closed,Closed
225,7.500488917861799,0.6017468753415055,Open,Open,Closed,Closed,Closed
226,7.533824424163407,0.5978328849871113,Open,Open,Closed,Closed,Closed
227,7.567159930465015,0.686483966991731,Open,Open,Open,Closed,Closed
228,7.600495436766623,0.6969050170337711,Open,Open,Open,Closed,Closed
229,7.633830943068231,0.7526023427142864,Open,Open,Open,Open,Closed
230,7.667166449369839,0.7643111146032754,Open,Open,Open,Open,Closed
231,7.700501955671447,0.6813819109840328,Open,Open,Open,Closed,Closed
232,7.733837461973055,0.7023421178809215,Open,Open,Open,Closed,Closed
233,7.767172968274663,0.6607467172964794,Open,Open,Open,Closed,Closed
234,7.8005084745762705,0.6652806651660559,Open,Open,Open,Closed,Closed
235,7.833843980877879,0.6541512060165383,Open,Open,Open,Closed,Closed
236,7.867179487179487,0.6644423769230069,Open,Open,Open,Closed,Closed
237,7.900514993481095,0.67339354733902,Open,Open,Open,Closed,Closed
238,7.933850499782703,0.6365356529955417,Open,Open,Closed,Closed,Closed
239,7.967186006084311,0.6167685776892511,Open,Open,Closed,Closed,Closed
240,8.00052151238592,0.5811910591297916,Open,Open,Closed,Closed,Closed
241,8.033857018687527,0.56221353686803,Open,Closed,Closed,Closed,Closed
242,8.067192524989135,0.6264184096662357,Open,Open,Closed,Closed,Closed
243,8.100528031290743,0.632166511736199,Open,Open,Closed,Closed,Closed
244,8.133863537592351,0.5662308385672697,Open,Closed,Closed,Closed,Closed
245,8.167199043893959,0.5870594312729309,Open,Open,Closed,Closed,Closed
246,8.200534550195567,0.63895513693876,Open,Open,Closed,Closed,Closed
247,8.233870056497175,0.6334635399857288,Open,Open,Closed,Closed,Closed
248,8.267205562798782,0.735047761068708,Open,Open,Open,Open,Closed
249,8.30054106910039,0.7220447644398853,Open,Open,Open,Open,Closed
250,8.333876575401998,0.7814273311032044,Open,Open,Open,Open,Open
251,8.367212081703606,0.7387516668623614,Open,Open,Open,Open,Closed
252,8.400547588005216,0.7230735624338662,Open,Open,Open,Open,Closed
253,8.433883094306823,0.7080989540771604,Open,Open,Open,Closed,Closed
254,8.467218600608431,0.7030314125766407,Open,Open,Open,Closed,Closed
255,8.50055410691004,0.670467860700553,Open,Open,Open,Closed,Closed
256,8.533889613211647,0.6843472032968462,Open,Open,Open,Closed,Closed
257,8.567225119513255,0.6408224119780804,Open,Open,Closed,Closed,Closed
258,8.600560625814863,0.6418514453162891,Open,Open,Closed,Closed,Closed
259,8.63389613211647,0.6162471034745509,Open,Open,Closed,Closed,Closed
260,8.667231638418079,0.5889075720598904,Open,Open,Closed,Closed,Closed
261,8.700567144719686,0.5408334664775653,Open,Closed,Closed,Closed,Closed
262,8.733902651021294,0.5311494093061128,Open,Closed,Closed,Closed,Closed
263,8.767238157322902,0.5660768116859031,Open,Closed,Closed,Closed,Closed
264,8.80057366362451,0.5213934516309244,Open,Closed,Closed,Closed,Closed
265,8.833909169926118,0.5305357295701547,Open,Closed,Closed,Closed,Closed
266,8.867244676227727,0.5346821076817945,Open,Closed,Closed,Closed,Closed
267,8.900580182529335,0.5834186020745717,Open,Open,Closed,Closed,Closed
268,8.933915688830943,0.6446411447946607,Open,Open,Open,Closed,Closed
269,8.967251195132551,0.6878438315138311,Open,Open,Open,Closed,Closed
270,9.000586701434159,0.7098163579466709,Open,Open,Open,Closed,Closed
271,9.033922207735769,0.6751711272283772,Open,Open,Open,Closed,Closed
272,9.067257714037376,0.6848414923774052,Open,Open,Open,Closed,Closed
273,9.100593220338984,0.736344593147368,Open,Open,Open,Open,Closed
274,9.13392872664059,0.725047682016555,Open,Open,Open,Open,Closed
275,9.167264232942198,0.7112550946861141,Open,Open,Open,Closed,Closed
276,9.200599739243806,0.6509718826272466,Open,Open,Open,Closed,Closed
277,9.233935245545414,0.7011994609376802,Open,Open,Open,Closed,Closed
278,9.267270751847022,0.6993775263442888,Open,Open,Open,Closed,Closed
279,9.300606258148632,0.6772486190503308,Open,Open,Open,Closed,Closed
280,9.33394176445024,0.683611572415464,Open,Open,Open,Closed,Closed
281,9.367277270751847,0.664132137939371,Open,Open,Open,Closed,Closed
282,9.400612777053457,0.6224264289960487,Open,Open,Closed,Closed,Closed
283,9.433948283355065,0.5902539453907524,Open,Open,Closed,Closed,Closed
284,9.46728378965667,0.5940004746790515,Open,Open,Closed,Closed,Closed
285,9.50061929595828,0.5276802639242048,Open,Closed,Closed,Closed,Closed
286,9.533954802259888,0.5563117871999029,Open,Closed,Closed,Closed,Closed
287,9.567290308561494,0.5440550363819907,Open,Closed,Closed,Closed,Closed
288,9.600625814863102,0.5736385334421,Open,Closed,Closed,Closed,Closed
289,9.63396132116471,0.6407030937877148,Open,Open,Closed,Closed,Closed
290,9.667296827466318,0.6749058536485025,Open,Open,Open,Closed,Closed
291,9.700632333767926,0.7471904855692294,Open,Open,Open,Open,Closed
292,9.733967840069534,0.7472472533026288,Open,Open,Open,Open,Closed
293,9.767303346371143,0.7264082847156713,Open,Open,Open,Open,Closed
294,9.800638852672751,0.7224717121229638,Open,Open,Open,Open,Closed
295,9.83397435897436,0.7269548106491911,Open,Open,Open,Open,Closed
296,9.867309865275969,0.6974308039442959,Open,Open,Open,Closed,Closed
297,9.900645371577577,0.7150503085824059,Open,Open,Open,Open,Closed
298,9.933980877879184,0.6717008225304144,Open,Open,Open,Closed,Closed
299,9.96731638418079,0.6934747199374115,Open,Open,Open,Closed,Closed
300,10.000651890482398,0.6860166525719235,Open,Open,Open,Closed,Closed
301,10.033987396784006,0.6849219810966625,Open,Open,Open,Closed,Closed
302,10.067322903085614,0.6192277148392179,Open,Open,Closed,Closed,Closed
303,10.100658409387222,0.5543703087246669,Open,Closed,Closed,Closed,Closed
304,10.13399391568883,0.52960568060521,Open,Closed,Closed,Closed,Closed
305,10.167329421990438,0.5079178777264037,Open,Closed,Closed,Closed,Closed
306,10.200664928292047,0.522602088554059,Open,Closed,Closed,Closed,Closed
307,10.234000434593655,0.5410022501790847,Open,Closed,Closed,Closed,Closed
308,10.267335940895263,0.5564529907121855,Open,Closed,Closed,Closed,Closed
309,10.300671447196873,0.5670754229542134,Open,Closed,Closed,Closed,Closed
310,10.33400695349848,0.6070199840958134,Open,Open,Closed,Closed,Closed
311,10.367342459800089,0.6779918321495789,Open,Open,Open,Closed,Closed
312,10.400677966101696,0.7360540221822446,Open,Open,Open,Open,Closed
313,10.434013472403302,0.7269204471417811,Open,Open,Open,Open,Closed
314,10.46734897870491,0.7395279385735923,Open,Open,Open,Open,Closed
315,10.500684485006518,0.742994379176153,Open,Open,Open,Open,Closed
316,10.534019991308126,0.729765781957004,Open,Open,Open,Open,Closed
317,10.567355497609734,0.726905066654091,Open,Open,Open,Open,Closed
318,10.600691003911342,0.7441928510019605,Open,Open,Open,Open,Closed
319,10.63402651021295,0.7176111980007396,Open,Open,Open,Open,Closed
320,10.66736201651456,0.6962948853418766,Open,Open,Open,Closed,Closed
321,10.700697522816167,0.7203941170242627,Open,Open,Open,Open,Closed
322,10.734033029117777,0.6979306149253278,Open,Open,Open,Closed,Closed
323,10.767368535419385,0.6532415473393358,Open,Open,Open,Closed,Closed
324,10.80070404172099,0.6345666404752779,Open,Open,Closed,Closed,Closed
325,10.8340395480226,0.640502562281542,Open,Open,Closed,Closed,Closed
326,10.867375054324206,0.5628517734728435,Open,Closed,Closed,Closed,Closed
327,10.900710560625814,0.5825952864722,Open,Open,Closed,Closed,Closed
328,10.934046066927422,0.5899590501017027,Open,Open,Closed,Closed,Closed
329,10.96738157322903,0.5798492886444241,Open,Open,Closed,Closed,Closed
330,11.000717079530638,0.5598784080021356,Open,Closed,Closed,Closed,Closed
331,11.034052585832246,0.6161646107135897,Open,Open,Closed,Closed,Closed
332,11.067388092133854,0.6202403335427483,Open,Open,Closed,Closed,Closed
333,11.100723598435462,0.6837228049436248,Open,Open,Open,Closed,Closed
334,11.134059104737071,0.7224862115122485,Open,Open,Open,Open,Closed
335,11.16739461103868,0.7385752363863657,Open,Open,Open,Open,Closed
336,11.200730117340289,0.7361876484818147,Open,Open,Open,Open,Closed
337,11.234065623641897,0.7383868783571469,Open,Open,Open,Open,Closed
338,11.267401129943504,0.717722751682307,Open,Open,Open,Open,Closed
339,11.30073663624511,0.6865404902330894,Open,Open,Open,Closed,Closed
340,11.334072142546718,0.675863209931907,Open,Open,Open,Closed,Closed
341,11.367407648848326,0.6637832613610072,Open,Open,Open,Closed,Closed
342,11.400743155149934,0.6748042761714238,Open,Open,Open,Closed,Closed
343,11.434078661451542,0.6379049124689974,Open,Open,Closed,Closed,Closed
344,11.46741416775315,0.6594328208524509,Open,Open,Open,Closed,Closed
345,11.500749674054758,0.6362690980468992,Open,Open,Closed,Closed,Closed
346,11.534085180356366,0.5966577204092652,Open,Open,Closed,Closed,Closed
347,11.567420686657975,0.5390909092248203,Open,Closed,Closed,Closed,Closed
348,11.600756192959585,0.5324714003936385,Open,Closed,Closed,Closed,Closed
349,11.634091699261193,0.4869316001655023,Closed,Closed,Closed,Closed,Closed
350,11.6674272055628,0.5005006736506905,Closed,Closed,Closed,Closed,Closed
351,11.700762711864408,0.5529488083590758,Open,Closed,Closed,Closed,Closed
352,11.734098218166016,0.5895644726637108,Open,Open,Closed,Closed,Closed
353,11.767433724467622,0.654808921570182,Open,Open,Open,Closed,Closed
354,11.80076923076923,0.7310956068230008,Open,Open,Open,Open,Closed
355,11.834104737070838,0.7374107565380134,Open,Open,Open,Open,Closed
356,11.867440243372446,0.7762528611100654,Open,Open,Open,Open,Closed
357,11.900775749674054,0.7249601327741078,Open,Open,Open,Open,Closed
358,11.934111255975662,0.7186980610031042,Open,Open,Open,Open,Closed
359,11.96744676227727,0.7462296853784826,Open,Open,Open,Open,Closed
360,12.000782268578876,0.7077710292189311,Open,Open,Open,Closed,Closed
361,12.034117774880489,0.6644844746639913,Open,Open,Open,Closed,Closed
362,12.067453281182097,0.6297034004139703,Open,Open,Closed,Closed,Closed
363,12.100788787483705,0.5956775494943066,Open,Open,Closed,Closed,Closed
364,12.13412429378531,0.5617965284096376,Open,Closed,Closed,Closed,Closed
365,12.16745980008692,0.5591786028099207,Open,Closed,Closed,Closed,Closed
366,12.200795306388526,0.5806792510573656,Open,Open,Closed,Closed,Closed
367,12.234130812690134,0.6259555854656829,Open,Open,Closed,Closed,Closed
368,12.267466318991742,0.6185940701519822,Open,Open,Closed,Closed,Closed
369,12.30080182529335,0.5564648998814153,Open,Closed,Closed,Closed,Closed
370,12.334137331594958,0.6011795301080846,Open,Open,Closed,Closed,Closed
371,12.367472837896566,0.616762354889746,Open,Open,Closed,Closed,Closed
372,12.400808344198174,0.675219759593879,Open,Open,Open,Closed,Closed
373,12.43414385049978,0.7134892756385371,Open,Open,Open,Open,Closed
374,12.467479356801393,0.7122415360574483,Open,Open,Open,Open,Closed
375,12.500814863103,0.7221484888805139,Open,Open,Open,Open,Closed
376,12.534150369404609,0.6791110106421853,Open,Open,Open,Closed,Closed
377,12.567485875706216,0.6904999703408269,Open,Open,Open,Closed,Closed
378,12.600821382007824,0.6691503690217542,Open,Open,Open,Closed,Closed
379,12.63415688830943,0.6981551065796479,Open,Open,Open,Closed,Closed
380,12.667492394611038,0.6990293078341514,Open,Open,Open,Closed,Closed
381,12.700827900912646,0.6952270530943723,Open,Open,Open,Closed,Closed
382,12.734163407214254,0.6755709663941876,Open,Open,Open,Closed,Closed
383,12.767498913515862,0.63657460344765,Open,Open,Closed,Closed,Closed
384,12.80083441981747,0.5824312622645689,Open,Open,Closed,Closed,Closed
385,12.834169926119078,0.5386234052189758,Open,Closed,Closed,Closed,Closed
386,12.867505432420684,0.5033735856355728,Closed,Closed,Closed,Closed,Closed
387,12.900840938722292,0.4851062871243644,Closed,Closed,Closed,Closed,Closed
388,12.934176445023905,0.4395852118046779,Closed,Closed,Closed,Closed,Closed
389,12.96751195132551,0.4902795384947627,Closed,Closed,Closed,Closed,Closed
390,13.00084745762712,0.4517890617013104,Closed,Closed,Closed,Closed,Closed
391,13.034182963928728,0.5061012125926221,Closed,Closed,Closed,Closed,Closed
392,13.067518470230334,0.5188989969532996,Open,Closed,Closed,Closed,Closed
393,13.100853976531942,0.5599282194047017,Open,Closed,Closed,Closed,Closed
394,13.13418948283355,0.5996458634741656,Open,Open,Closed,Closed,Closed
395,13.167524989135158,0.6585032570443405,Open,Open,Open,Closed,Closed
396,13.200860495436766,0.7093081385497092,Open,Open,Open,Closed,Closed
397,13.234196001738374,0.6980022649090512,Open,Open,Open,Closed,Closed
398,13.267531508039982,0.7103293303420861,Open,Open,Open,Closed,Closed
399,13.30086701434159,0.7328175790845308,Open,Open,Open,Open,Closed
400,13.334202520643196,0.701554954642789,Open,Open,Open,Closed,Closed
401,13.367538026944809,0.6902689100028353,Open,Open,Open,Closed,Closed
402,13.400873533246417,0.6857561376708222,Open,Open,Open,Closed,Closed
403,13.434209039548024,0.6830072871021647,Open,Open,Open,Closed,Closed
404,13.46754454584963,0.6872530048916817,Open,Open,Open,Closed,Closed
405,13.500880052151238,0.6700151584029664,Open,Open,Open,Closed,Closed
406,13.534215558452846,0.6882399685071655,Open,Open,Open,Closed,Closed
407,13.567551064754454,0.6545366009733259,Open,Open,Open,Closed,Closed
408,13.600886571056062,0.6171360986768898,Open,Open,Closed,Closed,Closed
409,13.63422207735767,0.5993523233357727,Open,Open,Closed,Closed,Closed
410,13.667557583659278,0.5460386760908803,Open,Closed,Closed,Closed,Closed
411,13.700893089960886,0.5338564949948712,Open,Closed,Closed,Closed,Closed
412,13.734228596262492,0.529384061876774,Open,Closed,Closed,Closed,Closed
413,13.7675641025641,0.541906928097935,Open,Closed,Closed,Closed,Closed
414,13.80089960886571,0.5592120363103364,Open,Closed,Closed,Closed,Closed
415,13.83423511516732,0.535511097552299,Open,Closed,Closed,Closed,Closed
416,13.867570621468928,0.5360962833521776,Open,Closed,Closed,Closed,Closed
417,13.900906127770536,0.576249636577473,Open,Open,Closed,Closed,Closed
418,13.934241634072142,0.5997846399015146,Open,Open,Closed,Closed,Closed
419,13.96757714037375,0.609278263222665,Open,Open,Closed,Closed,Closed
420,14.000912646675358,0.67565398242638,Open,Open,Open,Closed,Closed
421,14.034248152976966,0.6965128446630856,Open,Open,Open,Closed,Closed
422,14.067583659278574,0.7349457026440863,Open,Open,Open,Open,Closed
423,14.100919165580182,0.715944745719192,Open,Open,Open,Open,Closed
424,14.13425467188179,0.7211017483304571,Open,Open,Open,Open,Closed
425,14.167590178183396,0.7303646246530305,Open,Open,Open,Open,Closed
426,14.200925684485004,0.7150783407553303,Open,Open,Open,Open,Closed
427,14.234261190786611,0.6897674515979745,Open,Open,Open,Closed,Closed
428,14.26759669708822,0.6870084082849123,Open,Open,Open,Closed,Closed
429,14.30093220338983,0.6733136135357124,Open,Open,Open,Closed,Closed
430,14.33426770969144,0.6817628249954351,Open,Open,Open,Closed,Closed
431,14.367603215993046,0.5905985641999781,Open,Open,Closed,Closed,Closed
432,14.400938722294654,0.5789178473689907,Open,Open,Closed,Closed,Closed
433,14.434274228596262,0.5573031929560308,Open,Closed,Closed,Closed,Closed
434,14.46760973489787,0.5446525218444687,Open,Closed,Closed,Closed,Closed
435,14.500945241199478,0.5294622327481311,Open,Closed,Closed,Closed,Closed
436,14.534280747501086,0.4943684233077794,Closed,Closed,Closed,Closed,Closed
437,14.567616253802694,0.5130242468607286,Open,Closed,Closed,Closed,Closed
438,14.600951760104302,0.5506234829704163,Open,Closed,Closed,Closed,Closed
439,14.63428726640591,0.4979815037458378,Closed,Closed,Closed,Closed,Closed
440,14.667622772707515,0.5033542554178984,Closed,Closed,Closed,Closed,Closed
441,14.700958279009123,0.5907717551317704,Open,Open,Closed,Closed,Closed
442,14.734293785310737,0.600704989881378,Open,Open,Closed,Closed,Closed
443,14.767629291612344,0.6018353982884157,Open,Open,Closed,Closed,Closed
444,14.80096479791395,0.6141463058288631,Open,Open,Closed,Closed,Closed
445,14.834300304215558,0.6440015330292438,Open,Open,Open,Closed,Closed
446,14.867635810517166,0.6288670856738476,Open,Open,Closed,Closed,Closed
447,14.900971316818774,0.6085610079622984,Open,Open,Closed,Closed,Closed
448,14.934306823120382,0.5768793515726448,Open,Open,Closed,Closed,Closed
449,14.96764232942199,0.5240430275364243,Open,Closed,Closed,Closed,Closed
450,15.000977835723598,0.5129006372501309,Open,Closed,Closed,Closed,Closed
451,15.034313342025206,0.563060312246239,Open,Closed,Closed,Closed,Closed
452,15.067648848326812,0.6003128737853101,Open,Open,Closed,Closed,Closed
453,15.10098435462842,0.6407119870401501,Open,Open,Closed,Closed,Closed
454,15.13431986093003,0.6962123625658032,Open,Open,Open,Closed,Closed
455,15.167655367231635,0.7038094115907936,Open,Open,Open,Closed,Closed
456,15.200990873533248,0.6891774621899615,Open,Open,Open,Closed,Closed
457,15.234326379834854,0.6791465449025922,Open,Open,Open,Closed,Closed
458,15.267661886136462,0.6722479753262774,Open,Open,Open,Closed,Closed
459,15.30099739243807,0.6204343308381906,Open,Open,Closed,Closed,Closed
460,15.334332898739678,0.6215337745326296,Open,Open,Closed,Closed,Closed
461,15.367668405041286,0.6236116518005604,Open,Open,Closed,Closed,Closed
462,15.401003911342894,0.6174219456947143,Open,Open,Closed,Closed,Closed
463,15.434339417644502,0.5577701630721777,Open,Closed,Closed,Closed,Closed
464,15.46767492394611,0.559366904155432,Open,Closed,Closed,Closed,Closed
465,15.501010430247716,0.5328820769469668,Open,Closed,Closed,Closed,Closed
466,15.534345936549323,0.5653604162314698,Open,Closed,Closed,Closed,Closed
467,15.567681442850931,0.5393805409082242,Open,Closed,Closed,Closed,Closed
468,15.60101694915254,0.479834184495564,Closed,Closed,Closed,Closed,Closed
469,15.63435245545415,0.4812780283884131,Closed,Closed,Closed,Closed,Closed
470,15.66768796175576,0.5141916644181911,Open,Closed,Closed,Closed,Closed
471,15.701023468057366,0.5546335477353393,Open,Closed,Closed,Closed,Closed
472,15.734358974358974,0.5793660076469986,Open,Open,Closed,Closed,Closed
473,15.767694480660582,0.619881971924276,Open,Open,Closed,Closed,Closed
474,15.80102998696219,0.6575344559535344,Open,Open,Open,Closed,Closed
475,15.834365493263798,0.6963842323777955,Open,Open,Open,Closed,Closed
476,15.867700999565406,0.6964988494197645,Open,Open,Open,Closed,Closed
477,15.901036505867014,0.7072206726112791,Open,Open,Open,Closed,Closed
478,15.93437201216862,0.6965934157943772,Open,Open,Open,Closed,Closed
479,15.96770751847023,0.6884990197333309,Open,Open,Open,Closed,Closed
480,16.00104302477184,0.6779555192037126,Open,Open,Open,Closed,Closed
481,16.034378531073447,0.6796533475354883,Open,Open,Open,Closed,Closed
482,16.067714037375055,0.6352074584502346,Open,Open,Closed,Closed,Closed
483,16.101049543676663,0.6393399444174405,Open,Open,Closed,Closed,Closed
484,16.13438504997827,0.5969672653074822,Open,Open,Closed,Closed,Closed
485,16.16772055627988,0.6002724322230139,Open,Open,Closed,Closed,Closed
486,16.201056062581486,0.5819281613960834,Open,Open,Closed,Closed,Closed
487,16.234391568883094,0.5798639855994397,Open,Open,Closed,Closed,Closed
488,16.267727075184702,0.5554255483236415,Open,Closed,Closed,Closed,Closed
489,16.30106258148631,0.4986436447994593,Closed,Closed,Closed,Closed,Closed
490,16.334398087787918,0.502976209933795,Closed,Closed,Closed,Closed,Closed
491,16.367733594089525,0.4713975751553234,Closed,Closed,Closed,Closed,Closed
492,16.401069100391133,0.4958558422946063,Closed,Closed,Closed,Closed,Closed
493,16.43440460669274,0.524104188187041,Open,Closed,Closed,Closed,Closed
494,16.46774011299435,0.5784368733966149,Open,Open,Closed,Closed,Closed
495,16.501075619295957,0.5932435044563685,Open,Open,Closed,Closed,Closed
496,16.534411125597565,0.6303377268414717,Open,Open,Closed,Closed,Closed
497,16.567746631899173,0.6779395425224868,Open,Open,Open,Closed,Closed
498,16.60108213820078,0.7103059311697483,Open,Open,Open,Closed,Closed
499,16.63441764450239,0.7325085208700233,Open,Open,Open,Open,Closed
500,16.667753150803996,0.7399639521443343,Open,Open,Open,Open,Closed
501,16.701088657105604,0.7079280354731734,Open,Open,Open,Closed,Closed
502,16.734424163407212,0.6937746013522366,Open,Open,Open,Closed,Closed
503,16.767759669708823,0.6970268963760206,Open,Open,Open,Closed,Closed
504,16.80109517601043,0.690930628124963,Open,Open,Open,Closed,Closed
505,16.83443068231204,0.6936070706870183,Open,Open,Open,Closed,Closed
506,16.867766188613647,0.6354946425427305,Open,Open,Closed,Closed,Closed
507,16.901101694915255,0.5940332898369781,Open,Open,Closed,Closed,Closed
508,16.934437201216863,0.5956465575539429,Open,Open,Closed,Closed,Closed
509,16.96777270751847,0.5558225709061715,Open,Closed,Closed,Closed,Closed
510,17.00110821382008,0.5460550877508112,Open,Closed,Closed,Closed,Closed
511,17.034443720121686,0.5434601704691888,Open,Closed,Closed,Closed,Closed
512,17.067779226423294,0.5393402922516761,Open,Closed,Closed,Closed,Closed
513,17.101114732724902,0.5309787347463694,Open,Closed,Closed,Closed,Closed
514,17.13445023902651,0.5405783575232621,Open,Closed,Closed,Closed,Closed
515,17.167785745328118,0.4988243447789934,Closed,Closed,Closed,Closed,Closed
516,17.201121251629726,0.5635471352738973,Open,Closed,Closed,Closed,Closed
517,17.234456757931333,0.5438037530826147,Open,Closed,Closed,Closed,Closed
518,17.26779226423294,0.5767410502153545,Open,Open,Closed,Closed,Closed
519,17.30112777053455,0.6238873448650357,Open,Open,Closed,Closed,Closed
520,17.334463276836157,0.6848315948063937,Open,Open,Open,Closed,Closed
521,17.367798783137765,0.6870119909002915,Open,Open,Open,Closed,Closed
522,17.401134289439373,0.7230126935885033,Open,Open,Open,Open,Closed
523,17.43446979574098,0.7283164358070637,Open,Open,Open,Open,Closed
524,17.46780530204259,0.7377941880882007,Open,Open,Open,Open,Closed
525,17.501140808344196,0.7181292086950585,Open,Open,Open,Open,Closed
526,17.534476314645804,0.7039041431549473,Open,Open,Open,Closed,Closed
527,17.567811820947412,0.7183894485712863,Open,Open,Open,Open,Closed
528,17.60114732724902,0.6786745807525145,Open,Open,Open,Closed,Closed
529,17.634482833550628,0.6756760276943266,Open,Open,Open,Closed,Closed
530,17.667818339852236,0.6465441999088524,Open,Open,Open,Closed,Closed
531,17.701153846153847,0.5933855479523732,Open,Open,Closed,Closed,Closed
532,17.734489352455455,0.5524824473480265,Open,Closed,Closed,Closed,Closed
533,17.767824858757063,0.527191703879953,Open,Closed,Closed,Closed,Closed
534,17.80116036505867,0.5187749668533966,Open,Closed,Closed,Closed,Closed
535,17.83449587136028,0.521291495434582,Open,Closed,Closed,Closed,Closed
536,17.867831377661886,0.5577347237584988,Open,Closed,Closed,Closed,Closed
537,17.901166883963494,0.4905702746532186,Closed,Closed,Closed,Closed,Closed
538,17.934502390265102,0.4805467134614654,Closed,Closed,Closed,Closed,Closed
539,17.96783789656671,0.4803012477338127,Closed,Closed,Closed,Closed,Closed
540,18.001173402868318,0.4971205680145732,Closed,Closed,Closed,Closed,Closed
541,18.03450890916993,0.535979881110981,Open,Closed,Closed,Closed,Closed
542,18.067844415471537,0.5922582478326056,Open,Open,Closed,Closed,Closed
543,18.10117992177314,0.6488869589726736,Open,Open,Open,Closed,Closed
544,18.13451542807475,0.7077666716745243,Open,Open,Open,Closed,Closed
545,18.167850934376357,0.7263893535309088,Open,Open,Open,Open,Closed
546,18.201186440677965,0.7477299174000105,Open,Open,Open,Open,Closed
547,18.234521946979573,0.7546656875624016,Open,Open,Open,Open,Closed
548,18.26785745328118,0.7218835730430586,Open,Open,Open,Open,Closed
549,18.30119295958279,0.7360244494990518,Open,Open,Open,Open,Closed
550,18.334528465884397,0.707232013155018,Open,Open,Open,Closed,Closed
551,18.367863972186004,0.7204145712144211,Open,Open,Open,Open,Closed
552,18.401199478487612,0.6985466398338914,Open,Open,Open,Closed,Closed
553,18.43453498478922,0.6907918144999643,Open,Open,Open,Closed,Closed
554,18.467870491090828,0.6659492508340121,Open,Open,Open,Closed,Closed
555,18.501205997392436,0.6601703020635861,Open,Open,Open,Closed,Closed
556,18.534541503694044,0.6515739894177994,Open,Open,Open,Closed,Closed
557,18.56787700999565,0.5989804113577409,Open,Open,Closed,Closed,Closed
558,18.601212516297263,0.5554678262404069,Open,Closed,Closed,Closed,Closed
559,18.63454802259887,0.5398998514247473,Open,Closed,Closed,Closed,Closed
560,18.66788352890048,0.4934144611759687,Closed,Closed,Closed,Closed,Closed
561,18.701219035202087,0.5015603591629674,Closed,Closed,Closed,Closed,Closed
562,18.734554541503694,0.5201563723776597,Open,Closed,Closed,Closed,Closed
563,18.767890047805302,0.5141111534164476,Open,Closed,Closed,Closed,Closed
564,18.80122555410691,0.5200255956939814,Open,Closed,Closed,Closed,Closed
565,18.83456106040852,0.5322467838172432,Open,Closed,Closed,Closed,Closed
566,18.86789656671013,0.5918789111699643,Open,Open,Closed,Closed,Closed
567,18.901232073011737,0.6562403075902367,Open,Open,Open,Closed,Closed
568,18.93456757931334,0.699042753612152,Open,Open,Open,Closed,Closed
569,18.96790308561495,0.7202309595689017,Open,Open,Open,Open,Closed
570,19.001238591916557,0.7656711207439998,Open,Open,Open,Open,Closed
571,19.034574098218165,0.7314493582705615,Open,Open,Open,Open,Closed
572,19.067909604519773,0.7374921812112736,Open,Open,Open,Open,Closed
573,19.10124511082138,0.7240151838597652,Open,Open,Open,Open,Closed
574,19.13458061712299,0.7102210045272893,Open,Open,Open,Closed,Closed
575,19.167916123424597,0.711198721611699,Open,Open,Open,Closed,Closed
576,19.201251629726205,0.714104471360527,Open,Open,Open,Open,Closed
577,19.234587136027812,0.6897953137622401,Open,Open,Open,Closed,Closed
578,19.26792264232942,0.6821010915548128,Open,Open,Open,Closed,Closed
579,19.301258148631028,0.6430127402772242,Open,Open,Closed,Closed,Closed
580,19.334593654932636,0.6377096445565963,Open,Open,Closed,Closed,Closed
581,19.367929161234244,0.5605469725990059,Open,Closed,Closed,Closed,Closed
582,19.40126466753585,0.5210389592902436,Open,Closed,Closed,Closed,Closed
583,19.43460017383746,0.5103556540973233,Open,Closed,Closed,Closed,Closed
584,19.467935680139068,0.5905630152102038,Open,Open,Closed,Closed,Closed
585,19.50127118644068,0.566843072882315,Open,Closed,Closed,Closed,Closed
586,19.534606692742287,0.570843974804452,Open,Closed,Closed,Closed,Closed
587,19.567942199043895,0.5848575888546833,Open,Open,Closed,Closed,Closed
588,19.601277705345503,0.5952622648894956,Open,Open,Closed,Closed,Closed
589,19.63461321164711,0.6225812671606452,Open,Open,Closed,Closed,Closed
590,19.66794871794872,0.5950346664121613,Open,Open,Closed,Closed,Closed
591,19.70128422425033,0.6005932381713649,Open,Open,Closed,Closed,Closed
592,19.734619730551938,0.6144744949235891,Open,Open,Closed,Closed,Closed
593,19.767955236853545,0.6013002607590194,Open,Open,Closed,Closed,Closed
594,19.80129074315515,0.6282474845371031,Open,Open,Closed,Closed,Closed
595,19.83462624945676,0.6025409424387029,Open,Open,Closed,Closed,Closed
596,19.867961755758365,0.5967715241944833,Open,Open,Closed,Closed,Closed
597,19.901297262059973,0.5886615713992754,Open,Open,Closed,Closed,Closed
598,19.93463276836158,0.6067268999742104,Open,Open,Closed,Closed,Closed
599,19.96796827466319,0.5865816591917139,Open,Open,Closed,Closed,Closed
600,20.001303780964797,0.6016644647918993,Open,Open,Closed,Closed,Closed
601,20.034639287266405,0.6378858601326948,Open,Open,Closed,Closed,Closed
602,20.067974793568013,0.6683667182077172,Open,Open,Open,Closed,Closed
603,20.10131029986962,0.7111549838634155,Open,Open,Open,Closed,Closed
604,20.13464580617123,0.7308991367665407,Open,Open,Open,Open,Closed
605,20.167981312472836,0.7208516197998188,Open,Open,Open,Open,Closed
606,20.201316818774444,0.7022870052182052,Open,Open,Open,Closed,Closed
607,20.234652325076052,0.7019777160153903,Open,Open,Open,Closed,Closed
608,20.26798783137766,0.6988936219103171,Open,Open,Open,Closed,Closed
609,20.301323337679268,0.7199125140861887,Open,Open,Open,Open,Closed
610,20.334658843980876,0.6931748145563121,Open,Open,Open,Closed,Closed
611,20.367994350282483,0.7199859670258794,Open,Open,Open,Open,Closed
612,20.401329856584095,0.7065683948465563,Open,Open,Open,Closed,Closed
613,20.434665362885703,0.716891927986839,Open,Open,Open,Open,Closed
614,20.46800086918731,0.7185222302262563,Open,Open,Open,Open,Closed
615,20.50133637548892,0.709555173140652,Open,Open,Open,Closed,Closed
616,20.534671881790526,0.6889269188595966,Open,Open,Open,Closed,Closed
617,20.568007388092138,0.7136944152714356,Open,Open,Open,Open,Closed
618,20.601342894393746,0.6978003034806372,Open,Open,Open,Closed,Closed
619,20.63467840069535,0.7013007258052619,Open,Open,Open,Closed,Closed
620,20.66801390699696,0.6932404101068494,Open,Open,Open,Closed,Closed
621,20.70134941329857,0.7244348839766526,Open,Open,Open,Open,Closed
622,20.734684919600173,0.7172284868797153,Open,Open,Open,Open,Closed
623,20.76802042590178,0.7173347341168493,Open,Open,Open,Open,Closed
624,20.80135593220339,0.6749612214434314,Open,Open,Open,Closed,Closed
625,20.834691438504997,0.6738437227557477,Open,Open,Open,Closed,Closed
626,20.868026944806605,0.6970140318288707,Open,Open,Open,Closed,Closed
627,20.901362451108213,0.6977085558143729,Open,Open,Open,Closed,Closed
628,20.93469795740982,0.6917345960761067,Open,Open,Open,Closed,Closed
629,20.96803346371143,0.6869524237206832,Open,Open,Open,Closed,Closed
630,21.001368970013036,0.6863457128056977,Open,Open,Open,Closed,Closed
631,21.034704476314644,0.6749754427358553,Open,Open,Open,Closed,Closed
632,21.068039982616252,0.6406407832851453,Open,Open,Closed,Closed,Closed
633,21.10137548891786,0.6350574806752438,Open,Open,Closed,Closed,Closed
634,21.134710995219468,0.6300682104461376,Open,Open,Closed,Closed,Closed
635,21.168046501521076,0.6058584156189554,Open,Open,Closed,Closed,Closed
636,21.201382007822684,0.6150955461255604,Open,Open,Closed,Closed,Closed
637,21.23471751412429,0.6359524418048579,Open,Open,Closed,Closed,Closed
638,21.2680530204259,0.6431492755568489,Open,Open,Closed,Closed,Closed
639,21.30138852672751,0.6096233844097407,Open,Open,Closed,Closed,Closed
640,21.33472403302912,0.6222336794577011,Open,Open,Closed,Closed,Closed
641,21.368059539330726,0.5950377389372951,Open,Open,Closed,Closed,Closed
642,21.401395045632334,0.5951160986802504,Open,Open,Closed,Closed,Closed
643,21.434730551933946,0.5751602026592071,Open,Closed,Closed,Closed,Closed
644,21.46806605823555,0.6142089384546381,Open,Open,Closed,Closed,Closed
645,21.50140156453716,0.6267764629556724,Open,Open,Closed,Closed,Closed
646,21.53473707083877,0.6759374746876042,Open,Open,Open,Closed,Closed
647,21.568072577140377,0.692368034834201,Open,Open,Open,Closed,Closed
648,21.60140808344198,0.7306693899500358,Open,Open,Open,Open,Closed
649,21.63474358974359,0.7444685489583655,Open,Open,Open,Open,Closed
650,21.668079096045197,0.7149731613531357,Open,Open,Open,Open,Closed
651,21.701414602346805,0.7099037021388623,Open,Open,Open,Closed,Closed
652,21.734750108648413,0.7018698231187005,Open,Open,Open,Closed,Closed
653,21.76808561495002,0.7019682545520909,Open,Open,Open,Closed,Closed
654,21.80142112125163,0.7207370301341612,Open,Open,Open,Open,Closed
655,21.834756627553237,0.7026019887150694,Open,Open,Open,Closed,Closed
656,21.868092133854844,0.707297532181468,Open,Open,Open,Closed,Closed
657,21.901427640156452,0.6900642985726648,Open,Open,Open,Closed,Closed
658,21.93476314645806,0.706536546123688,Open,Open,Open,Closed,Closed
659,21.968098652759668,0.6986654447613491,Open,Open,Open,Closed,Closed
660,22.001434159061276,0.6787237749500756,Open,Open,Open,Closed,Closed
661,22.034769665362884,0.7023290778327682,Open,Open,Open,Closed,Closed
662,22.06810517166449,0.6981124871817646,Open,Open,Open,Closed,Closed
663,22.1014406779661,0.6993084522169714,Open,Open,Open,Closed,Closed
664,22.134776184267707,0.7044551907352886,Open,Open,Open,Closed,Closed
665,22.168111690569315,0.6748313130436528,Open,Open,Open,Closed,Closed
666,22.201447196870923,0.6719253550208169,Open,Open,Open,Closed,Closed
667,22.234782703172534,0.718009537344284,Open,Open,Open,Open,Closed
668,22.268118209474142,0.6506053065031585,Open,Open,Open,Closed,Closed
669,22.30145371577575,0.6784899321994984,Open,Open,Open,Closed,Closed
670,22.33478922207736,0.6835470806318025,Open,Open,Open,Closed,Closed
671,22.36812472837897,0.6845388317642704,Open,Open,Open,Closed,Closed
672,22.401460234680577,0.675060042829603,Open,Open,Open,Closed,Closed
673,22.43479574098218,0.6822591456980951,Open,Open,Open,Closed,Closed
674,22.46813124728379,0.6549344174120557,Open,Open,Open,Closed,Closed
675,22.501466753585397,0.6734439702507108,Open,Open,Open,Closed,Closed
676,22.534802259887005,0.7013028838407361,Open,Open,Open,Closed,Closed
677,22.568137766188613,0.732535860048595,Open,Open,Open,Open,Closed
678,22.60147327249022,0.6817644755227875,Open,Open,Open,Closed,Closed
679,22.63480877879183,0.6544152132859784,Open,Open,Open,Closed,Closed
680,22.668144285093437,0.7019918133521408,Open,Open,Open,Closed,Closed
681,22.701479791395045,0.6830435198010328,Open,Open,Open,Closed,Closed
682,22.734815297696652,0.6727361137478697,Open,Open,Open,Closed,Closed
683,22.76815080399826,0.6873818901599753,Open,Open,Open,Closed,Closed
684,22.801486310299868,0.6904365424147145,Open,Open,Open,Closed,Closed
685,22.834821816601476,0.690211282921677,Open,Open,Open,Closed,Closed
686,22.868157322903084,0.7354807774202088,Open,Open,Open,Open,Closed
687,22.90149282920469,0.7012340651302251,Open,Open,Open,Closed,Closed
688,22.9348283355063,0.6975142549108596,Open,Open,Open,Closed,Closed
689,22.968163841807907,0.6976781755904711,Open,Open,Open,Closed,Closed
690,23.001499348109515,0.7029668788029211,Open,Open,Open,Closed,Closed
691,23.034834854411123,0.7097001068526502,Open,Open,Open,Closed,Closed
692,23.06817036071273,0.7143493939823504,Open,Open,Open,Open,Closed
693,23.10150586701434,0.6711470125977861,Open,Open,Open,Closed,Closed
694,23.13484137331595,0.6913787057018941,Open,Open,Open,Closed,Closed
695,23.16817687961756,0.6703801308512973,Open,Open,Open,Closed,Closed
696,23.20151238591917,0.6712701827226989,Open,Open,Open,Closed,Closed
697,23.234847892220778,0.703951089405065,Open,Open,Open,Closed,Closed
698,23.268183398522385,0.6700607437424816,Open,Open,Open,Closed,Closed
699,23.30151890482399,0.6754212795531913,Open,Open,Open,Closed,Closed
700,23.3348544111256,0.6949066118545411,Open,Open,Open,Closed,Closed
701,23.368189917427205,0.6745146990777716,Open,Open,Open,Closed,Closed
702,23.401525423728813,0.6819902353566242,Open,Open,Open,Closed,Closed
703,23.43486093003042,0.6842522159997674,Open,Open,Open,Closed,Closed
704,23.46819643633203,0.6815466469719157,Open,Open,Open,Closed,Closed
705,23.501531942633637,0.681918253770363,Open,Open,Open,Closed,Closed
706,23.534867448935245,0.7023546310605167,Open,Open,Open,Closed,Closed
707,23.568202955236853,0.6639853841497959,Open,Open,Open,Closed,Closed
708,23.60153846153846,0.6690798322838729,Open,Open,Open,Closed,Closed
709,23.63487396784007,0.6769825093795575,Open,Open,Open,Closed,Closed
710,23.668209474141676,0.7205789236050681,Open,Open,Open,Open,Closed
711,23.701544980443284,0.6945263999015326,Open,Open,Open,Closed,Closed
712,23.734880486744892,0.6919944736069424,Open,Open,Open,Closed,Closed
713,23.7682159930465,0.6746502199228895,Open,Open,Open,Closed,Closed
714,23.801551499348108,0.6657342859277132,Open,Open,Open,Closed,Closed
715,23.834887005649716,0.6971010135305934,Open,Open,Open,Closed,Closed
716,23.868222511951323,0.6699969127069005,Open,Open,Open,Closed,Closed
717,23.90155801825293,0.6619835117220801,Open,Open,Open,Closed,Closed
718,23.93489352455454,0.6624191137581326,Open,Open,Open,Closed,Closed
719,23.968229030856147,0.6827798590627481,Open,Open,Open,Closed,Closed
720,24.001564537157755,0.6372406361223805,Open,Open,Closed,Closed,Closed
721,24.034900043459366,0.6116280488899718,Open,Open,Closed,Closed,Closed
722,24.068235549760978,0.5712613456756477,Open,Closed,Closed,Closed,Closed
723,24.101571056062586,0.5571474723747425,Open,Closed,Closed,Closed,Closed
724,24.13490656236419,0.5143538878631337,Open,Closed,Closed,Closed,Closed
725,24.1682420686658,0.5133870194229294,Open,Closed,Closed,Closed,Closed
726,24.20157757496741,0.7063755624682508,Open,Open,Open,Closed,Closed
727,24.234913081269013,0.6298446683156796,Open,Open,Closed,Closed,Closed
728,24.26824858757062,0.5859061783079752,Open,Open,Closed,Closed,Closed
729,24.30158409387223,0.5605590031257037,Open,Closed,Closed,Closed,Closed
730,24.334919600173837,0.5638121731525272,Open,Closed,Closed,Closed,Closed
731,24.368255106475445,0.5795454849533191,Open,Open,Closed,Closed,Closed
732,24.401590612777053,0.6040620533324332,Open,Open,Closed,Closed,Closed
733,24.43492611907866,0.6498122285721276,Open,Open,Open,Closed,Closed
734,24.46826162538027,0.6185395875554734,Open,Open,Closed,Closed,Closed
735,24.501597131681876,0.5800614637945484,Open,Open,Closed,Closed,Closed
736,24.534932637983484,0.6038554322238657,Open,Open,Closed,Closed,Closed
737,24.568268144285092,0.6030069370198363,Open,Open,Closed,Closed,Closed
738,24.6016036505867,0.5743289490763719,Open,Closed,Closed,Closed,Closed
739,24.634939156888308,0.5377469476706961,Open,Closed,Closed,Closed,Closed
740,24.668274663189916,0.5688603648851729,Open,Closed,Closed,Closed,Closed
741,24.701610169491524,0.5504477859683936,Open,Closed,Closed,Closed,Closed
742,24.73494567579313,0.612260327110856,Open,Open,Closed,Closed,Closed
743,24.76828118209474,0.6847354095462059,Open,Open,Open,Closed,Closed
744,24.801616688396347,0.7150453344129128,Open,Open,Open,Open,Closed
745,24.834952194697955,0.5533984501999463,Open,Closed,Closed,Closed,Closed
746,24.868287700999563,0.6182721976664001,Open,Open,Closed,Closed,Closed
747,24.90162320730117,0.5583788679463628,Open,Closed,Closed,Closed,Closed
748,24.934958713602786,0.6160639408336174,Open,Open,Closed,Closed,Closed
749,24.96829421990439,0.6090959666297743,Open,Open,Closed,Closed,Closed
750,25.001629726206,0.6147757343357192,Open,Open,Closed,Closed,Closed
751,25.03496523250761,0.6516307627181306,Open,Open,Open,Closed,Closed
752,25.068300738809217,0.6745032165132402,Open,Open,Open,Closed,Closed
753,25.10163624511082,0.6994591918156556,Open,Open,Open,Closed,Closed
754,25.13497175141243,0.7038593706104075,Open,Open,Open,Closed,Closed
755,25.168307257714037,0.6825890109098229,Open,Open,Open,Closed,Closed
756,25.201642764015645,0.7239214057400651,Open,Open,Open,Open,Closed
757,25.234978270317253,0.7040533979891138,Open,Open,Open,Closed,Closed
758,25.26831377661886,0.6972652484473749,Open,Open,Open,Closed,Closed
759,25.30164928292047,0.6857870439558403,Open,Open,Open,Closed,Closed
760,25.334984789222077,0.6037674668999827,Open,Open,Closed,Closed,Closed
761,25.368320295523684,0.5530059128781731,Open,Closed,Closed,Closed,Closed
762,25.401655801825292,0.498411065426205,Closed,Closed,Closed,Closed,Closed
763,25.4349913081269,0.5117656923354869,Open,Closed,Closed,Closed,Closed
764,25.468326814428508,0.4963511515107331,Closed,Closed,Closed,Closed,Closed
765,25.501662320730116,0.4802033351804934,Closed,Closed,Closed,Closed,Closed
766,25.534997827031724,0.4682760976157817,Closed,Closed,Closed,Closed,Closed
767,25.56833333333333,0.4766288174979422,Closed,Closed,Closed,Closed,Closed
768,25.60166883963494,0.5347840010112321,Open,Closed,Closed,Closed,Closed
769,25.635004345936547,0.5802632192671917,Open,Open,Closed,Closed,Closed
770,25.668339852238155,0.6228393597842514,Open,Open,Closed,Closed,Closed
771,25.701675358539763,0.6660966487562995,Open,Open,Open,Closed,Closed
772,25.73501086484137,0.7057129302171673,Open,Open,Open,Closed,Closed
773,25.76834637114298,0.6950381910791013,Open,Open,Open,Closed,Closed
774,25.801681877444587,0.6899760468165819,Open,Open,Open,Closed,Closed
775,25.8350173837462,0.6855834031447738,Open,Open,Open,Closed,Closed
776,25.86835289004781,0.7126351712425357,Open,Open,Open,Open,Closed
777,25.901688396349417,0.6965203440188396,Open,Open,Open,Closed,Closed
778,25.93502390265102,0.6957747093347038,Open,Open,Open,Closed,Closed
779,25.96835940895263,0.6740735155617351,Open,Open,Open,Closed,Closed
780,26.001694915254237,0.6821065877839664,Open,Open,Open,Closed,Closed
781,26.035030421555845,0.6597985146838057,Open,Open,Open,Closed,Closed
782,26.068365927857453,0.6560747939328926,Open,Open,Open,Closed,Closed
783,26.10170143415906,0.6027973076105888,Open,Open,Closed,Closed,Closed
784,26.13503694046067,0.5359980979362808,Open,Closed,Closed,Closed,Closed
785,26.168372446762277,0.537633363226482,Open,Closed,Closed,Closed,Closed
786,26.201707953063885,0.5218811429922887,Open,Closed,Closed,Closed,Closed
787,26.235043459365492,0.5407029040133036,Open,Closed,Closed,Closed,Closed
788,26.2683789656671,0.5320649969608323,Open,Closed,Closed,Closed,Closed
789,26.301714471968708,0.5544723413710608,Open,Closed,Closed,Closed,Closed
790,26.335049978270316,0.6132133856748009,Open,Open,Closed,Closed,Closed
791,26.368385484571924,0.7059502643454403,Open,Open,Open,Closed,Closed
792,26.40172099087353,0.7365996490079633,Open,Open,Open,Open,Closed
793,26.43505649717514,0.7571491207854475,Open,Open,Open,Open,Closed
794,26.468392003476747,0.7386050586211348,Open,Open,Open,Open,Closed
795,26.501727509778355,0.716906251611952,Open,Open,Open,Open,Closed
796,26.535063016079963,0.682999177289968,Open,Open,Open,Closed,Closed
797,26.56839852238157,0.6402174486099812,Open,Open,Closed,Closed,Closed
798,26.60173402868318,0.6656863655938591,Open,Open,Open,Closed,Closed
799,26.635069534984787,0.6544025571008538,Open,Open,Open,Closed,Closed
800,26.668405041286395,0.6319891099062075,Open,Open,Closed,Closed,Closed
801,26.701740547588003,0.6257194370597811,Open,Open,Closed,Closed,Closed
802,26.735076053889617,0.5933798140394464,Open,Open,Closed,Closed,Closed
803,26.768411560191225,0.5557172623584254,Open,Closed,Closed,Closed,Closed
804,26.80174706649283,0.4795629364517336,Closed,Closed,Closed,Closed,Closed
805,26.83508257279444,0.4805540783855828,Closed,Closed,Closed,Closed,Closed
806,26.868418079096045,0.6895833434026175,Open,Open,Open,Closed,Closed
807,26.901753585397653,0.5680130437453205,Open,Closed,Closed,Closed,Closed
808,26.93508909169926,0.6438170463038809,Open,Open,Open,Closed,Closed
809,26.96842459800087,0.6842223668735308,Open,Open,Open,Closed,Closed
810,27.001760104302477,0.7815874886234762,Open,Open,Open,Open,Open
811,27.035095610604085,0.7909337844953439,Open,Open,Open,Open,Open
812,27.068431116905693,0.7397248747708848,Open,Open,Open,Open,Closed
813,27.1017666232073,0.7396703744584558,Open,Open,Open,Open,Closed
814,27.13510212950891,0.7222797963228802,Open,Open,Open,Open,Closed
815,27.168437635810516,0.6887267371133577,Open,Open,Open,Closed,Closed
816,27.201773142112124,0.6724866240793401,Open,Open,Open,Closed,Closed
817,27.235108648413732,0.6317920524699253,Open,Open,Closed,Closed,Closed
818,27.26844415471534,0.552709234064868,Open,Closed,Closed,Closed,Closed
819,27.301779661016948,0.4985805277167556,Closed,Closed,Closed,Closed,Closed
820,27.335115167318556,0.4973334726648087,Closed,Closed,Closed,Closed,Closed
821,27.368450673620163,0.5061339744426913,Closed,Closed,Closed,Closed,Closed
822,27.40178617992177,0.4922833430940374,Closed,Closed,Closed,Closed,Closed
823,27.43512168622338,0.5109023093457746,Open,Closed,Closed,Closed,Closed
824,27.468457192524987,0.5689050365963423,Open,Closed,Closed,Closed,Closed
825,27.501792698826595,0.6481078566210196,Open,Open,Open,Closed,Closed
826,27.535128205128203,0.7145700915638604,Open,Open,Open,Open,Closed
827,27.56846371142981,0.7711650329003428,Open,Open,Open,Open,Closed
828,27.60179921773142,0.7683723398209801,Open,Open,Open,Open,Closed
829,27.635134724033023,0.7250380719589493,Open,Open,Open,Open,Closed
830,27.66847023033464,0.7352799625239638,Open,Open,Open,Open,Closed
831,27.70180573663625,0.7091875159544704,Open,Open,Open,Closed,Closed
832,27.735141242937853,0.705490477649113,Open,Open,Open,Closed,Closed
833,27.76847674923946,0.6667710401058715,Open,Open,Open,Closed,Closed
834,27.80181225554107,0.6266874887753431,Open,Open,Closed,Closed,Closed
835,27.835147761842677,0.5882467092112372,Open,Open,Closed,Closed,Closed
836,27.868483268144285,0.5754898055750255,Open,Closed,Closed,Closed,Closed
837,27.901818774445893,0.5875848598519107,Open,Open,Closed,Closed,Closed
838,27.9351542807475,0.5137474803701731,Open,Closed,Closed,Closed,Closed
839,27.96848978704911,0.5012458517200462,Closed,Closed,Closed,Closed,Closed
840,28.001825293350716,0.4851349110347828,Closed,Closed,Closed,Closed,Closed
841,28.035160799652324,0.4861748946724286,Closed,Closed,Closed,Closed,Closed
842,28.068496305953932,0.5372547686762649,Open,Closed,Closed,Closed,Closed
843,28.10183181225554,0.5912074192638426,Open,Open,Closed,Closed,Closed
844,28.135167318557148,0.69146425769636,Open,Open,Open,Closed,Closed
845,28.168502824858756,0.715141072286284,Open,Open,Open,Open,Closed
846,28.201838331160364,0.7336718170003913,Open,Open,Open,Open,Closed
847,28.23517383746197,0.7357478582069651,Open,Open,Open,Open,Closed
848,28.26850934376358,0.7244215610132896,Open,Open,Open,Open,Closed
849,28.301844850065187,0.7059676976950177,Open,Open,Open,Closed,Closed
850,28.335180356366795,0.6913329309910546,Open,Open,Open,Closed,Closed
851,28.368515862668403,0.7016831302442792,Open,Open,Open,Closed,Closed
852,28.40185136897001,0.6799339787961312,Open,Open,Open,Closed,Closed
853,28.43518687527162,0.6813213070481704,Open,Open,Open,Closed,Closed
854,28.468522381573223,0.6355184064625445,Open,Open,Closed,Closed,Closed
855,28.50185788787483,0.6164607137705158,Open,Open,Closed,Closed,Closed
856,28.53519339417644,0.6467045788595581,Open,Open,Open,Closed,Closed
857,28.568528900478057,0.664665309422529,Open,Open,Open,Closed,Closed
858,28.60186440677966,0.6237951300653323,Open,Open,Closed,Closed,Closed
859,28.63519991308127,0.6670826644498796,Open,Open,Open,Closed,Closed
860,28.668535419382877,0.6779776142860698,Open,Open,Open,Closed,Closed
861,28.701870925684485,0.6805548920669955,Open,Open,Open,Closed,Closed
862,28.735206431986093,0.6955745625746828,Open,Open,Open,Closed,Closed
863,28.7685419382877,0.6753230705610588,Open,Open,Open,Closed,Closed
864,28.80187744458931,0.6821914149857471,Open,Open,Open,Closed,Closed
865,28.835212950890917,0.6244395354457114,Open,Open,Closed,Closed,Closed
866,28.868548457192524,0.6566573335311309,Open,Open,Open,Closed,Closed
867,28.901883963494132,0.589154462229931,Open,Open,Closed,Closed,Closed
868,28.93521946979574,0.6023020901097288,Open,Open,Closed,Closed,Closed
869,28.968554976097348,0.5154433002828696,Open,Closed,Closed,Closed,Closed
870,29.001890482398956,0.4857488576636342,Closed,Closed,Closed,Closed,Closed
871,29.035225988700564,0.4997461364126122,Closed,Closed,Closed,Closed,Closed
872,29.06856149500217,0.51949248584503,Open,Closed,Closed,Closed,Closed
873,29.10189700130378,0.5705619080776252,Open,Closed,Closed,Closed,Closed
874,29.135232507605387,0.6323577201941791,Open,Open,Closed,Closed,Closed
875,29.168568013906995,0.6792350641626803,Open,Open,Open,Closed,Closed
876,29.201903520208603,0.7322763877280865,Open,Open,Open,Open,Closed
877,29.23523902651021,0.7256999213315753,Open,Open,Open,Open,Closed
878,29.26857453281182,0.710943820872985,Open,Open,Open,Closed,Closed
879,29.301910039113427,0.7059131901709201,Open,Open,Open,Closed,Closed
880,29.33524554541503,0.6840412216145187,Open,Open,Open,Closed,Closed
881,29.36858105171664,0.6706041280568424,Open,Open,Open,Closed,Closed
882,29.40191655801825,0.6539683930155671,Open,Open,Open,Closed,Closed
883,29.435252064319855,0.6987060368463556,Open,Open,Open,Closed,Closed
884,29.46858757062147,0.62361655196784,Open,Open,Closed,Closed,Closed
885,29.501923076923077,0.6404708024159848,Open,Open,Closed,Closed,Closed
886,29.535258583224685,0.603510224824021,Open,Open,Closed,Closed,Closed
887,29.568594089526293,0.5421225637855472,Open,Closed,Closed,Closed,Closed
888,29.6019295958279,0.5111034022226643,Open,Closed,Closed,Closed,Closed
889,29.63526510212951,0.5188433831396221,Open,Closed,Closed,Closed,Closed
890,29.668600608431117,0.5197599644676977,Open,Closed,Closed,Closed,Closed
891,29.701936114732725,0.5577401015986221,Open,Closed,Closed,Closed,Closed
892,29.735271621034332,0.7289654553359082,Open,Open,Open,Open,Closed
893,29.76860712733594,0.7071889822565646,Open,Open,Open,Closed,Closed
894,29.801942633637548,0.7025546736426364,Open,Open,Open,Closed,Closed
895,29.835278139939156,0.7255958901004281,Open,Open,Open,Open,Closed
896,29.868613646240764,0.6996876164771109,Open,Open,Open,Closed,Closed
897,29.90194915254237,0.6785799817927427,Open,Open,Open,Closed,Closed
898,29.93528465884398,0.7062541639720556,Open,Open,Open,Closed,Closed
899,29.968620165145587,0.6906452435265179,Open,Open,Open,Closed,Closed
900,30.001955671447195,0.6617958796121908,Open,Open,Open,Closed,Closed
901,30.035291177748803,0.6454216190548365,Open,Open,Open,Closed,Closed
902,30.06862668405041,0.6400987820892935,Open,Open,Closed,Closed,Closed
903,30.10196219035202,0.6242048742082664,Open,Open,Closed,Closed,Closed
904,30.135297696653627,0.6092246939224701,Open,Open,Closed,Closed,Closed
905,30.168633202955235,0.5856109996881337,Open,Open,Closed,Closed,Closed
906,30.201968709256843,0.5476575478412545,Open,Closed,Closed,Closed,Closed
907,30.23530421555845,0.519493125799302,Open,Closed,Closed,Closed,Closed
908,30.26863972186006,0.5935541745140138,Open,Open,Closed,Closed,Closed
909,30.301975228161663,0.515826204846843,Open,Closed,Closed,Closed,Closed
910,30.33531073446327,0.5298151214490748,Open,Closed,Closed,Closed,Closed
911,30.368646240764885,0.5689926800310693,Open,Closed,Closed,Closed,Closed
912,30.401981747066493,0.6939142607521737,Open,Open,Open,Closed,Closed
913,30.4353172533681,0.6777094104074446,Open,Open,Open,Closed,Closed
914,30.46865275966971,0.7294650457006853,Open,Open,Open,Open,Closed
915,30.501988265971317,0.7487294659248976,Open,Open,Open,Open,Closed
916,30.535323772272925,0.7027876767776468,Open,Open,Open,Closed,Closed
917,30.568659278574533,0.7210394971905847,Open,Open,Open,Open,Closed
918,30.60199478487614,0.6706839657002045,Open,Open,Open,Closed,Closed
919,30.63533029117775,0.6315542128878027,Open,Open,Closed,Closed,Closed
920,30.668665797479356,0.6354981064807326,Open,Open,Closed,Closed,Closed
921,30.702001303780964,0.6698009169744187,Open,Open,Open,Closed,Closed
922,30.735336810082572,0.6415056914352752,Open,Open,Closed,Closed,Closed
923,30.76867231638418,0.6331274541106864,Open,Open,Closed,Closed,Closed
924,30.802007822685788,0.6185239640740325,Open,Open,Closed,Closed,Closed
925,30.835343328987395,0.5446660270880667,Open,Closed,Closed,Closed,Closed
926,30.868678835289003,0.5929442052154508,Open,Open,Closed,Closed,Closed
927,30.90201434159061,0.6632597372822441,Open,Open,Open,Closed,Closed
928,30.93534984789222,0.6215544312092003,Open,Open,Closed,Closed,Closed
929,30.968685354193827,0.6601647488572666,Open,Open,Open,Closed,Closed
930,31.002020860495435,0.7343818680494394,Open,Open,Open,Open,Closed
931,31.035356366797043,0.7901152470051014,Open,Open,Open,Open,Open
932,31.06869187309865,0.7607578408944252,Open,Open,Open,Open,Closed
933,31.10202737940026,0.7352304871510421,Open,Open,Open,Open,Closed
934,31.135362885701863,0.7417791433787384,Open,Open,Open,Open,Closed
935,31.16869839200347,0.811562147225934,Open,Open,Open,Open,Open
936,31.20203389830508,0.7226191767250337,Open,Open,Open,Open,Closed
937,31.23536940460669,0.7171224242372605,Open,Open,Open,Open,Closed
938,31.2687049109083,0.7362587139822292,Open,Open,Open,Open,Closed
939,31.30204041720991,0.6983250621427015,Open,Open,Open,Closed,Closed
940,31.335375923511517,0.6900585495732678,Open,Open,Open,Closed,Closed
941,31.368711429813125,0.6356011055444176,Open,Open,Closed,Closed,Closed
942,31.402046936114733,0.63877081053034,Open,Open,Closed,Closed,Closed
943,31.43538244241634,0.6347864193789915,Open,Open,Closed,Closed,Closed
944,31.46871794871795,0.6339978096869737,Open,Open,Closed,Closed,Closed
945,31.502053455019556,0.5771441819017287,Open,Open,Closed,Closed,Closed
946,31.535388961321164,0.5285359114824175,Open,Closed,Closed,Closed,Closed
947,31.568724467622772,0.5104893792202247,Open,Closed,Closed,Closed,Closed
948,31.60205997392438,0.5148185059613868,Open,Closed,Closed,Closed,Closed
949,31.635395480225988,0.5683725659002099,Open,Closed,Closed,Closed,Closed
950,31.668730986527596,0.5451022740287785,Open,Closed,Closed,Closed,Closed
951,31.702066492829204,0.6221545638194893,Open,Open,Closed,Closed,Closed
952,31.73540199913081,0.6510515712563314,Open,Open,Open,Closed,Closed
953,31.76873750543242,0.7136122811577682,Open,Open,Open,Open,Closed
954,31.802073011734027,0.7794111478945298,Open,Open,Open,Open,Closed
955,31.835408518035635,0.7783906123447157,Open,Open,Open,Open,Closed
956,31.868744024337243,0.7819117540836084,Open,Open,Open,Open,Open
957,31.90207953063885,0.7476653144776294,Open,Open,Open,Open,Closed
958,31.93541503694046,0.7670597505315873,Open,Open,Open,Open,Closed
959,31.968750543242063,0.695716839000144,Open,Open,Open,Closed,Closed
960,32.00208604954368,0.7255513521633808,Open,Open,Open,Open,Closed
961,32.03542155584528,0.7778273811548352,Open,Open,Open,Open,Closed
962,32.068757062146894,0.6860548690720113,Open,Open,Open,Closed,Closed
963,32.1020925684485,0.6431998931800218,Open,Open,Closed,Closed,Closed
964,32.13542807475011,0.5772783496156867,Open,Open,Closed,Closed,Closed
965,32.168763581051714,0.5294093573011052,Open,Closed,Closed,Closed,Closed
966,32.202099087353325,0.5103006986959673,Open,Closed,Closed,Closed,Closed
967,32.23543459365493,0.4867656719901631,Closed,Closed,Closed,Closed,Closed
968,32.26877009995654,0.5316938001482326,Open,Closed,Closed,Closed,Closed
969,32.302105606258145,0.5590553518397693,Open,Closed,Closed,Closed,Closed
970,32.33544111255976,0.6143393132664081,Open,Open,Closed,Closed,Closed
971,32.36877661886136,0.7079741579953616,Open,Open,Open,Closed,Closed
972,32.40211212516297,0.741562713873444,Open,Open,Open,Open,Closed
973,32.43544763146458,0.8432344194294381,Open,Open,Open,Open,Open
974,32.46878313776619,0.7400890885121789,Open,Open,Open,Open,Closed
975,32.50211864406779,0.7263022638146797,Open,Open,Open,Open,Closed
976,32.535454150369404,0.7067877235221119,Open,Open,Open,Closed,Closed
977,32.56878965667101,0.6773070640731045,Open,Open,Open,Closed,Closed
978,32.60212516297262,0.6505038238718676,Open,Open,Open,Closed,Closed
979,32.63546066927423,0.6553878648827256,Open,Open,Open,Closed,Closed
980,32.668796175575835,0.6202241666223839,Open,Open,Closed,Closed,Closed
981,32.70213168187745,0.6575123920210446,Open,Open,Open,Closed,Closed
982,32.73546718817905,0.622178823706611,Open,Open,Closed,Closed,Closed
983,32.76880269448066,0.5332105409631148,Open,Closed,Closed,Closed,Closed
984,32.80213820078227,0.505548624497352,Closed,Closed,Closed,Closed,Closed
985,32.83547370708388,0.5141575820348565,Open,Closed,Closed,Closed,Closed
986,32.86880921338548,0.465127900684856,Closed,Closed,Closed,Closed,Closed
987,32.902144719687094,0.4748620050668078,Closed,Closed,Closed,Closed,Closed
988,32.9354802259887,0.4844194336123111,Closed,Closed,Closed,Closed,Closed
989,32.96881573229031,0.4827662382218501,Closed,Closed,Closed,Closed,Closed
990,33.002151238591914,0.4928427236913287,Closed,Closed,Closed,Closed,Closed
991,33.035486744893525,0.5209272064683789,Open,Closed,Closed,Closed,Closed
992,33.06882225119513,0.5382930719924728,Open,Closed,Closed,Closed,Closed
993,33.10215775749674,0.5782101695806909,Open,Open,Closed,Closed,Closed
994,33.135493263798345,0.5389142742848769,Open,Closed,Closed,Closed,Closed
995,33.16882877009996,0.6306584124335911,Open,Open,Closed,Closed,Closed
996,33.20216427640156,0.7280083313154537,Open,Open,Open,Open,Closed
997,33.23549978270317,0.7337378488047553,Open,Open,Open,Open,Closed
998,33.26883528900478,0.7436504750384736,Open,Open,Open,Open,Closed
999,33.30217079530639,0.7421974803919483,Open,Open,Open,Open,Closed
1000,33.33550630160799,0.7279455017555427,Open,Open,Open,Open,Closed
1001,33.368841807909604,0.705498673386174,Open,Open,Open,Closed,Closed
1002,33.40217731421121,0.6871589584751354,Open,Open,Open,Closed,Closed
1003,33.43551282051282,0.6607495472218085,Open,Open,Open,Closed,Closed
1004,33.468848326814424,0.6536340994490673,Open,Open,Open,Closed,Closed
1005,33.502183833116035,0.6580688284040297,Open,Open,Open,Closed,Closed
1006,33.53551933941765,0.6394899767152443,Open,Open,Closed,Closed,Closed
1007,33.56885484571925,0.5923597388027092,Open,Open,Closed,Closed,Closed
1008,33.60219035202086,0.5407157878232243,Open,Closed,Closed,Closed,Closed
1009,33.63552585832247,0.5249446425999019,Open,Closed,Closed,Closed,Closed
1010,33.66886136462408,0.5216403937845425,Open,Closed,Closed,Closed,Closed
1011,33.70219687092568,0.5550018345171377,Open,Closed,Closed,Closed,Closed
1012,33.735532377227294,0.5266848884617197,Open,Closed,Closed,Closed,Closed
1013,33.7688678835289,0.6155956327421801,Open,Open,Closed,Closed,Closed
1014,33.80220338983051,0.576595762829892,Open,Open,Closed,Closed,Closed
1015,33.835538896132114,0.606082203072571,Open,Open,Closed,Closed,Closed
1016,33.868874402433725,0.6274448050601024,Open,Open,Closed,Closed,Closed
1017,33.90220990873533,0.693326995052935,Open,Open,Open,Closed,Closed
1018,33.93554541503694,0.7427233982634115,Open,Open,Open,Open,Closed
1019,33.968880921338545,0.7532995135659835,Open,Open,Open,Open,Closed
1020,34.00221642764016,0.7316491516653345,Open,Open,Open,Open,Closed
1021,34.03555193394176,0.705727102365919,Open,Open,Open,Closed,Closed
1022,34.06888744024337,0.7044477263537022,Open,Open,Open,Closed,Closed
1023,34.10222294654498,0.6840217609477612,Open,Open,Open,Closed,Closed
1024,34.13555845284659,0.6934744034982157,Open,Open,Open,Closed,Closed
1025,34.16889395914819,0.6566958789252767,Open,Open,Open,Closed,Closed
1026,34.202229465449804,0.6090884915031142,Open,Open,Closed,Closed,Closed
1027,34.23556497175141,0.5732386969625209,Open,Closed,Closed,Closed,Closed
1028,34.26890047805302,0.5340572974566931,Open,Closed,Closed,Closed,Closed
1029,34.302235984354624,0.526029840583217,Open,Closed,Closed,Closed,Closed
1030,34.335571490656235,0.5108870554464278,Open,Closed,Closed,Closed,Closed
1031,34.36890699695784,0.4773250151965675,Closed,Closed,Closed,Closed,Closed
1032,34.40224250325945,0.4778061484981662,Closed,Closed,Closed,Closed,Closed
1033,34.43557800956106,0.4907272022112799,Closed,Closed,Closed,Closed,Closed
1034,34.46891351586267,0.4942603099626038,Closed,Closed,Closed,Closed,Closed
1035,34.50224902216428,0.5201051688307221,Open,Closed,Closed,Closed,Closed
1036,34.53558452846588,0.556631486883634,Open,Closed,Closed,Closed,Closed
1037,34.568920034767494,0.5739878564874469,Open,Closed,Closed,Closed,Closed
1038,34.6022555410691,0.6327759859202902,Open,Open,Closed,Closed,Closed
1039,34.63559104737071,0.7109173871420776,Open,Open,Open,Closed,Closed
1040,34.668926553672314,0.7414368356204594,Open,Open,Open,Open,Closed
1041,34.702262059973926,0.7072792440499857,Open,Open,Open,Closed,Closed
1042,34.73559756627553,0.745684493153317,Open,Open,Open,Open,Closed
1043,34.76893307257714,0.7195570785982636,Open,Open,Open,Open,Closed
1044,34.802268578878746,0.7130989210971626,Open,Open,Open,Open,Closed
1045,34.83560408518036,0.7061052133221194,Open,Open,Open,Closed,Closed
1046,34.86893959148196,0.6796750645395986,Open,Open,Open,Closed,Closed
1047,34.90227509778357,0.6874163863545466,Open,Open,Open,Closed,Closed
1048,34.93561060408518,0.7190500836520517,Open,Open,Open,Open,Closed
1049,34.96894611038679,0.6834043601963873,Open,Open,Open,Closed,Closed
1050,35.00228161668839,0.6964292974792701,Open,Open,Open,Closed,Closed
1051,35.035617122990004,0.6264156420663286,Open,Open,Closed,Closed,Closed
1052,35.06895262929161,0.5890256332657579,Open,Open,Closed,Closed,Closed
1053,35.10228813559322,0.548899589329007,Open,Closed,Closed,Closed,Closed
1054,35.135623641894824,0.5933112657063443,Open,Open,Closed,Closed,Closed
1055,35.168959148196436,0.6063144176651578,Open,Open,Closed,Closed,Closed
1056,35.20229465449804,0.6126698172386973,Open,Open,Closed,Closed,Closed
1057,35.23563016079965,0.6264904322571886,Open,Open,Closed,Closed,Closed
1058,35.268965667101256,0.6380746121979418,Open,Open,Closed,Closed,Closed
1059,35.30230117340287,0.6605569486225219,Open,Open,Open,Closed,Closed
1060,35.33563667970447,0.6642174386375075,Open,Open,Open,Closed,Closed
1061,35.36897218600608,0.6838510035290963,Open,Open,Open,Closed,Closed
1062,35.402307692307694,0.6498550822733058,Open,Open,Open,Closed,Closed
1063,35.4356431986093,0.6248617838943857,Open,Open,Closed,Closed,Closed
1064,35.46897870491091,0.6200967743080983,Open,Open,Closed,Closed,Closed
1065,35.502314211212514,0.5470330794538335,Open,Closed,Closed,Closed,Closed
1066,35.535649717514126,0.521163468705752,Open,Closed,Closed,Closed,Closed
1067,35.56898522381573,0.5054368858250783,Closed,Closed,Closed,Closed,Closed
1068,35.60232073011734,0.5058359556997918,Closed,Closed,Closed,Closed,Closed
1069,35.635656236418946,0.4685116168838534,Closed,Closed,Closed,Closed,Closed
1070,35.66899174272056,0.4642987649292912,Closed,Closed,Closed,Closed,Closed
1071,35.70232724902216,0.5299338987004042,Open,Closed,Closed,Closed,Closed
1072,35.73566275532377,0.5438121624601351,Open,Closed,Closed,Closed,Closed
1073,35.76899826162538,0.5511198649132116,Open,Closed,Closed,Closed,Closed
1074,35.80233376792699,0.5893402116340206,Open,Open,Closed,Closed,Closed
1075,35.83566927422859,0.6801785722263465,Open,Open,Open,Closed,Closed
1076,35.869004780530204,0.7263814978720233,Open,Open,Open,Open,Closed
1077,35.90234028683181,0.739292162096535,Open,Open,Open,Open,Closed
1078,35.93567579313342,0.7368487163544187,Open,Open,Open,Open,Closed
1079,35.969011299435024,0.7168693927164083,Open,Open,Open,Open,Closed
1080,36.002346805736636,0.710993950571773,Open,Open,Open,Closed,Closed
1081,36.03568231203824,0.6976471675328061,Open,Open,Open,Closed,Closed
1082,36.06901781833985,0.6864106830768363,Open,Open,Open,Closed,Closed
1083,36.102353324641456,0.6695107449034091,Open,Open,Open,Closed,Closed
1084,36.13568883094307,0.6696869967875171,Open,Open,Open,Closed,Closed
1085,36.16902433724467,0.6515619894205669,Open,Open,Open,Closed,Closed
1086,36.20235984354628,0.5943078234593813,Open,Open,Closed,Closed,Closed
1087,36.23569534984789,0.5774955832173804,Open,Open,Closed,Closed,Closed
1088,36.2690308561495,0.5460811699151501,Open,Closed,Closed,Closed,Closed
1089,36.30236636245111,0.5050008596120603,Closed,Closed,Closed,Closed,Closed
1090,36.335701868752714,0.5363581809517892,Open,Closed,Closed,Closed,Closed
1091,36.369037375054326,0.52236169096655,Open,Closed,Closed,Closed,Closed
1092,36.40237288135593,0.494633309637585,Closed,Closed,Closed,Closed,Closed
1093,36.43570838765754,0.5250126398287145,Open,Closed,Closed,Closed,Closed
1094,36.469043893959146,0.5859513424219082,Open,Open,Closed,Closed,Closed
1095,36.50237940026076,0.6050465371283898,Open,Open,Closed,Closed,Closed
1096,36.53571490656236,0.6874604953576046,Open,Open,Open,Closed,Closed
1097,36.56905041286397,0.7444205690930615,Open,Open,Open,Open,Closed
1098,36.60238591916558,0.7320647911076851,Open,Open,Open,Open,Closed
1099,36.63572142546719,0.7402003141343367,Open,Open,Open,Open,Closed
1100,36.66905693176879,0.723666482282065,Open,Open,Open,Open,Closed
1101,36.702392438070405,0.7072349300025641,Open,Open,Open,Closed,Closed
1102,36.73572794437201,0.7055447474176585,Open,Open,Open,Closed,Closed
1103,36.76906345067362,0.7014476731579533,Open,Open,Open,Closed,Closed
1104,36.802398956975225,0.6865227895834207,Open,Open,Open,Closed,Closed
1105,36.83573446327683,0.6890479477002115,Open,Open,Open,Closed,Closed
1106,36.86906996957844,0.6235959792446298,Open,Open,Closed,Closed,Closed
1107,36.90240547588005,0.5716811338507748,Open,Closed,Closed,Closed,Closed
1108,36.935740982181656,0.5661888103789222,Open,Closed,Closed,Closed,Closed
1109,36.96907648848327,0.536753562131529,Open,Closed,Closed,Closed,Closed
1110,37.00241199478487,0.5035887858139918,Closed,Closed,Closed,Closed,Closed
1111,37.03574750108648,0.4766615247931092,Closed,Closed,Closed,Closed,Closed
1112,37.06908300738809,0.4882480497115765,Closed,Closed,Closed,Closed,Closed
1113,37.1024185136897,0.5081631438286193,Open,Closed,Closed,Closed,Closed
1114,37.1357540199913,0.5013010339329063,Closed,Closed,Closed,Closed,Closed
1115,37.169089526292915,0.5137629243888792,Open,Closed,Closed,Closed,Closed
1116,37.202425032594526,0.5685232739527258,Open,Closed,Closed,Closed,Closed
1117,37.23576053889613,0.6148990925472871,Open,Open,Closed,Closed,Closed
1118,37.26909604519774,0.6875431012686551,Open,Open,Open,Closed,Closed
1119,37.302431551499346,0.7120281922025643,Open,Open,Open,Open,Closed
1120,37.33576705780096,0.7183779425543684,Open,Open,Open,Open,Closed
1121,37.36910256410256,0.704592940028593,Open,Open,Open,Closed,Closed
1122,37.40243807040417,0.7034572012911293,Open,Open,Open,Closed,Closed
1123,37.43577357670578,0.7317912649013407,Open,Open,Open,Open,Closed
1124,37.46910908300739,0.7124191437522082,Open,Open,Open,Open,Closed
1125,37.50244458930899,0.7069272467048565,Open,Open,Open,Closed,Closed
1126,37.535780095610605,0.7006344349397795,Open,Open,Open,Closed,Closed
1127,37.56911560191221,0.6822192282163085,Open,Open,Open,Closed,Closed
1128,37.60245110821382,0.6830278913373765,Open,Open,Open,Closed,Closed
1129,37.635786614515425,0.6592072537027949,Open,Open,Open,Closed,Closed
1130,37.66912212081704,0.6394594182690853,Open,Open,Closed,Closed,Closed
1131,37.70245762711864,0.5611314927058519,Open,Closed,Closed,Closed,Closed
1132,37.73579313342025,0.5765503892048228,Open,Open,Closed,Closed,Closed
1133,37.769128639721856,0.5353449472448228,Open,Closed,Closed,Closed,Closed
1134,37.80246414602347,0.5298654833387388,Open,Closed,Closed,Closed,Closed
1135,37.83579965232507,0.499246341535785,Closed,Closed,Closed,Closed,Closed
1136,37.86913515862668,0.5076688967066219,Open,Closed,Closed,Closed,Closed
1137,37.90247066492829,0.5344264275826631,Open,Closed,Closed,Closed,Closed
1138,37.9358061712299,0.5146467115564504,Open,Closed,Closed,Closed,Closed
1139,37.9691416775315,0.5389515734544289,Open,Closed,Closed,Closed,Closed
1140,38.002477183833115,0.5415420207016174,Open,Closed,Closed,Closed,Closed
1141,38.03581269013472,0.6109648517017009,Open,Open,Closed,Closed,Closed
1142,38.06914819643633,0.6225548720961799,Open,Open,Closed,Closed,Closed
1143,38.10248370273794,0.6632479260262989,Open,Open,Open,Closed,Closed
1144,38.135819209039546,0.7248874686175633,Open,Open,Open,Open,Closed
1145,38.16915471534116,0.7249324960752019,Open,Open,Open,Open,Closed
1146,38.20249022164276,0.7571462263787878,Open,Open,Open,Open,Closed
1147,38.23582572794437,0.7514579228478995,Open,Open,Open,Open,Closed
1148,38.26916123424598,0.7238158991800401,Open,Open,Open,Open,Closed
1149,38.30249674054759,0.6844503604062832,Open,Open,Open,Closed,Closed
1150,38.33583224684919,0.7042239714887717,Open,Open,Open,Closed,Closed
1151,38.369167753150805,0.6899030570687407,Open,Open,Open,Closed,Closed
1152,38.40250325945241,0.6814081447949674,Open,Open,Open,Closed,Closed
1153,38.43583876575402,0.6146854146122491,Open,Open,Closed,Closed,Closed
1154,38.469174272055625,0.6044206449092228,Open,Open,Closed,Closed,Closed
1155,38.50250977835723,0.580315381426544,Open,Open,Closed,Closed,Closed
1156,38.53584528465884,0.5631463313150681,Open,Closed,Closed,Closed,Closed
1157,38.56918079096045,0.5319827510909724,Open,Closed,Closed,Closed,Closed
1158,38.602516297262056,0.536493397148968,Open,Closed,Closed,Closed,Closed
1159,38.63585180356367,0.5079224634160724,Open,Closed,Closed,Closed,Closed
1160,38.66918730986527,0.5065015960172617,Closed,Closed,Closed,Closed,Closed
1161,38.70252281616688,0.5195544061630782,Open,Closed,Closed,Closed,Closed
1162,38.73585832246849,0.5013345283179926,Closed,Closed,Closed,Closed,Closed
1163,38.7691938287701,0.4927622183936128,Closed,Closed,Closed,Closed,Closed
1164,38.8025293350717,0.5506034175730152,Open,Closed,Closed,Closed,Closed
1165,38.835864841373315,0.6362012318180247,Open,Open,Closed,Closed,Closed
1166,38.86920034767492,0.6158292855351362,Open,Open,Closed,Closed,Closed
1167,38.90253585397653,0.6731852496288259,Open,Open,Open,Closed,Closed
1168,38.935871360278135,0.7318050821875044,Open,Open,Open,Open,Closed
1169,38.969206866579746,0.7585770886097536,Open,Open,Open,Open,Closed
1170,39.00254237288136,0.8035263835279669,Open,Open,Open,Open,Open
1171,39.03587787918296,0.7675024352443323,Open,Open,Open,Open,Closed
1172,39.069213385484574,0.7403358487744806,Open,Open,Open,Open,Closed
1173,39.10254889178618,0.76653856265396,Open,Open,Open,Open,Closed
1174,39.13588439808779,0.7433264933138569,Open,Open,Open,Open,Closed
1175,39.169219904389394,0.7431142335629987,Open,Open,Open,Open,Closed
1176,39.202555410691005,0.7188010539380726,Open,Open,Open,Open,Closed
1177,39.23589091699261,0.7012197163572564,Open,Open,Open,Closed,Closed
1178,39.26922642329422,0.6670351146664427,Open,Open,Open,Closed,Closed
1179,39.302561929595825,0.6281034169041538,Open,Open,Closed,Closed,Closed
1180,39.33589743589744,0.599328651919388,Open,Open,Closed,Closed,Closed
1181,39.36923294219904,0.5606875951108403,Open,Closed,Closed,Closed,Closed
1182,39.40256844850065,0.5017394650564762,Closed,Closed,Closed,Closed,Closed
1183,39.43590395480226,0.5167293426917717,Open,Closed,Closed,Closed,Closed
1184,39.46923946110387,0.4882163136706997,Closed,Closed,Closed,Closed,Closed
1185,39.50257496740547,0.5025337103055716,Closed,Closed,Closed,Closed,Closed
1186,39.53591047370709,0.5337912996795328,Open,Closed,Closed,Closed,Closed
1187,39.56924598000869,0.5025570627955421,Closed,Closed,Closed,Closed,Closed
1188,39.6025814863103,0.5433513634750721,Open,Closed,Closed,Closed,Closed
1189,39.635916992611904,0.5813711433331944,Open,Open,Closed,Closed,Closed
1190,39.669252498913515,0.6233792468632574,Open,Open,Closed,Closed,Closed
1191,39.70258800521512,0.6785755444215343,Open,Open,Open,Closed,Closed
1192,39.73592351151673,0.7371044982195393,Open,Open,Open,Open,Closed
1193,39.769259017818335,0.7709891380624312,Open,Open,Open,Open,Closed
1194,39.80259452411995,0.7686634594548818,Open,Open,Open,Open,Closed
1195,39.83593003042155,0.7710164508430523,Open,Open,Open,Open,Closed
1196,39.86926553672316,0.7462314489682584,Open,Open,Open,Open,Closed
1197,39.902601043024774,0.7407336556805179,Open,Open,Open,Open,Closed
1198,39.93593654932638,0.7478300230529519,Open,Open,Open,Open,Closed
1199,39.96927205562799,0.7249979842917175,Open,Open,Open,Open,Closed
1200,40.002607561929594,0.6705587344782408,Open,Open,Open,Closed,Closed
1201,40.035943068231205,0.6582829701275679,Open,Open,Open,Closed,Closed
1202,40.06927857453281,0.5888197846005223,Open,Open,Closed,Closed,Closed
1203,40.10261408083442,0.5489132131877246,Open,Closed,Closed,Closed,Closed
1204,40.135949587136025,0.5217031518415133,Open,Closed,Closed,Closed,Closed
1205,40.16928509343764,0.5306494618484803,Open,Closed,Closed,Closed,Closed
1206,40.20262059973924,0.5472857816235367,Open,Closed,Closed,Closed,Closed
1207,40.23595610604085,0.5417735120066507,Open,Closed,Closed,Closed,Closed
1208,40.26929161234246,0.5795516231246177,Open,Open,Closed,Closed,Closed
1209,40.30262711864407,0.5641676796230661,Open,Closed,Closed,Closed,Closed
1210,40.33596262494567,0.5482086218460687,Open,Closed,Closed,Closed,Closed
1211,40.36929813124728,0.5661352813295965,Open,Closed,Closed,Closed,Closed
1212,40.40263363754889,0.5694635490119545,Open,Closed,Closed,Closed,Closed
1213,40.4359691438505,0.5795544297414651,Open,Open,Closed,Closed,Closed
1214,40.469304650152104,0.5840559925206588,Open,Open,Closed,Closed,Closed
1215,40.502640156453715,0.592324099481459,Open,Open,Closed,Closed,Closed
1216,40.53597566275532,0.5809962489449482,Open,Open,Closed,Closed,Closed
1217,40.56931116905693,0.5871204323798878,Open,Open,Closed,Closed,Closed
1218,40.602646675358535,0.5694049045268589,Open,Closed,Closed,Closed,Closed
1219,40.63598218166015,0.5843984552823714,Open,Open,Closed,Closed,Closed
1220,40.66931768796175,0.5572765035684186,Open,Closed,Closed,Closed,Closed
1221,40.70265319426336,0.5911288477966625,Open,Open,Closed,Closed,Closed
1222,40.73598870056497,0.602158432703884,Open,Open,Closed,Closed,Closed
1223,40.76932420686658,0.6006787707162262,Open,Open,Closed,Closed,Closed
1224,40.80265971316819,0.6348728342454358,Open,Open,Closed,Closed,Closed
1225,40.835995219469794,0.6768073823622851,Open,Open,Open,Closed,Closed
1226,40.869330725771405,0.7265901076062373,Open,Open,Open,Open,Closed
1227,40.90266623207301,0.7537854563005459,Open,Open,Open,Open,Closed
1228,40.93600173837462,0.7501596890251849,Open,Open,Open,Open,Closed
1229,40.969337244676225,0.7564324350429158,Open,Open,Open,Open,Closed
1230,41.00267275097784,0.7634386122178349,Open,Open,Open,Open,Closed
1231,41.03600825727944,0.7222986849827953,Open,Open,Open,Open,Closed
1232,41.06934376358105,0.7076053846645557,Open,Open,Open,Closed,Closed
1233,41.10267926988266,0.7234894875945089,Open,Open,Open,Open,Closed
1234,41.13601477618427,0.7228176111740844,Open,Open,Open,Open,Closed
1235,41.16935028248587,0.7373068292022804,Open,Open,Open,Open,Closed
1236,41.20268578878749,0.6840293499066505,Open,Open,Open,Closed,Closed
1237,41.23602129508909,0.7402811547601742,Open,Open,Open,Open,Closed
1238,41.2693568013907,0.70678651295566,Open,Open,Open,Closed,Closed
1239,41.302692307692304,0.711838479316732,Open,Open,Open,Open,Closed
1240,41.336027813993915,0.7114051455184277,Open,Open,Open,Closed,Closed
1241,41.36936332029552,0.7057349420819942,Open,Open,Open,Closed,Closed
1242,41.40269882659713,0.7116735989713586,Open,Open,Open,Open,Closed
1243,41.436034332898735,0.7201093943469047,Open,Open,Open,Open,Closed
1244,41.46936983920035,0.7157796129389615,Open,Open,Open,Open,Closed
1245,41.50270534550195,0.6728397247122415,Open,Open,Open,Closed,Closed
1246,41.53604085180356,0.6679269466195843,Open,Open,Open,Closed,Closed
1247,41.56937635810517,0.6161258867582264,Open,Open,Closed,Closed,Closed
1248,41.60271186440678,0.6354025121128491,Open,Open,Closed,Closed,Closed
1249,41.63604737070838,0.6183414813143443,Open,Open,Closed,Closed,Closed
1250,41.669382877009994,0.6383486732239523,Open,Open,Closed,Closed,Closed
1251,41.702718383311606,0.6448334169069497,Open,Open,Open,Closed,Closed
1252,41.73605388961321,0.6379646900760473,Open,Open,Closed,Closed,Closed
1253,41.76938939591482,0.6530872000849334,Open,Open,Open,Closed,Closed
1254,41.802724902216426,0.6887072080984048,Open,Open,Open,Closed,Closed
1255,41.83606040851804,0.6179081786932015,Open,Open,Closed,Closed,Closed
1256,41.86939591481964,0.6015590391651618,Open,Open,Closed,Closed,Closed
1257,41.90273142112125,0.6233780248692935,Open,Open,Closed,Closed,Closed
1258,41.93606692742286,0.6543338026976625,Open,Open,Open,Closed,Closed
1259,41.96940243372447,0.6647677734310555,Open,Open,Open,Closed,Closed
1260,42.00273794002607,0.6694186793577404,Open,Open,Open,Closed,Closed
1261,42.03607344632768,0.7076920164409525,Open,Open,Open,Closed,Closed
1262,42.06940895262929,0.7235333636789983,Open,Open,Open,Open,Closed
1263,42.1027444589309,0.7373982460634265,Open,Open,Open,Open,Closed
1264,42.136079965232504,0.7509732727914014,Open,Open,Open,Open,Closed
1265,42.16941547153411,0.7246868356617568,Open,Open,Open,Open,Closed
1266,42.20275097783572,0.735907618870505,Open,Open,Open,Open,Closed
1267,42.23608648413733,0.716121909165523,Open,Open,Open,Open,Closed
1268,42.269421990438936,0.7167065248656768,Open,Open,Open,Open,Closed
1269,42.30275749674055,0.7235366271556691,Open,Open,Open,Open,Closed
1270,42.33609300304215,0.7083504745334177,Open,Open,Open,Closed,Closed
1271,42.36942850934376,0.7184163278272195,Open,Open,Open,Open,Closed
1272,42.40276401564537,0.6975134437957826,Open,Open,Open,Closed,Closed
1273,42.43609952194698,0.7209787750026468,Open,Open,Open,Open,Closed
1274,42.46943502824858,0.707525734194473,Open,Open,Open,Closed,Closed
1275,42.502770534550194,0.7329757662283044,Open,Open,Open,Open,Closed
1276,42.5361060408518,0.7033797961650882,Open,Open,Open,Closed,Closed
1277,42.56944154715341,0.7378704588268318,Open,Open,Open,Open,Closed
1278,42.60277705345502,0.7144551737674956,Open,Open,Open,Open,Closed
1279,42.636112559756626,0.7295312380253525,Open,Open,Open,Open,Closed
1280,42.66944806605824,0.714592509818798,Open,Open,Open,Open,Closed
1281,42.70278357235984,0.7097112847457658,Open,Open,Open,Closed,Closed
1282,42.73611907866145,0.7245614126514026,Open,Open,Open,Open,Closed
1283,42.76945458496306,0.7329539317443688,Open,Open,Open,Open,Closed
1284,42.80279009126467,0.7050521641449264,Open,Open,Open,Closed,Closed
1285,42.83612559756627,0.7034899925770495,Open,Open,Open,Closed,Closed
1286,42.86946110386789,0.6699393677958446,Open,Open,Open,Closed,Closed
1287,42.90279661016949,0.6624021712440448,Open,Open,Open,Closed,Closed
1288,42.9361321164711,0.6661711497748818,Open,Open,Open,Closed,Closed
1289,42.969467622772704,0.6435379779094952,Open,Open,Closed,Closed,Closed
1290,43.00280312907432,0.672250108341167,Open,Open,Open,Closed,Closed
1291,43.03613863537592,0.6484235415878689,Open,Open,Open,Closed,Closed
1292,43.06947414167753,0.6519409193005896,Open,Open,Open,Closed,Closed
1293,43.102809647979136,0.6500993876835406,Open,Open,Open,Closed,Closed
1294,43.13614515428075,0.6292639586882962,Open,Open,Closed,Closed,Closed
1295,43.16948066058235,0.6327376674451783,Open,Open,Closed,Closed,Closed
1296,43.20281616688396,0.639009486524262,Open,Open,Closed,Closed,Closed
1297,43.23615167318557,0.6104536407697709,Open,Open,Closed,Closed,Closed
1298,43.26948717948718,0.6020753340573268,Open,Open,Closed,Closed,Closed
1299,43.30282268578878,0.6055054697837341,Open,Open,Closed,Closed,Closed
1300,43.336158192090394,0.5724506746757826,Open,Closed,Closed,Closed,Closed
1301,43.369493698392,0.5985294039997958,Open,Open,Closed,Closed,Closed
1302,43.40282920469361,0.5853706766180692,Open,Open,Closed,Closed,Closed
1303,43.436164710995214,0.617204694209794,Open,Open,Closed,Closed,Closed
1304,43.469500217296826,0.6612621692217018,Open,Open,Open,Closed,Closed
1305,43.50283572359844,0.6896604423963012,Open,Open,Open,Closed,Closed
1306,43.53617122990004,0.7270301175275892,Open,Open,Open,Open,Closed
1307,43.56950673620165,0.7041395825676355,Open,Open,Open,Closed,Closed
1308,43.60284224250326,0.7178788682341107,Open,Open,Open,Open,Closed
1309,43.63617774880487,0.7224573421621511,Open,Open,Open,Open,Closed
1310,43.66951325510647,0.7185644309111525,Open,Open,Open,Open,Closed
1311,43.70284876140808,0.7110297267231256,Open,Open,Open,Closed,Closed
1312,43.73618426770969,0.7126719525202064,Open,Open,Open,Open,Closed
1313,43.7695197740113,0.7057593439278592,Open,Open,Open,Closed,Closed
1314,43.802855280312905,0.7045971531414318,Open,Open,Open,Closed,Closed
1315,43.83619078661451,0.6816270491784381,Open,Open,Open,Closed,Closed
1316,43.86952629291612,0.6743990682680537,Open,Open,Open,Closed,Closed
1317,43.90286179921773,0.6599239333066015,Open,Open,Open,Closed,Closed
1318,43.936197305519336,0.6795502873973093,Open,Open,Open,Closed,Closed
1319,43.96953281182095,0.6684584979080257,Open,Open,Open,Closed,Closed
1320,44.00286831812255,0.6622486579374787,Open,Open,Open,Closed,Closed
1321,44.03620382442416,0.6582175302569424,Open,Open,Open,Closed,Closed
1322,44.06953933072577,0.646369244752696,Open,Open,Open,Closed,Closed
1323,44.10287483702738,0.6435029341406476,Open,Open,Closed,Closed,Closed
1324,44.13621034332898,0.7140172511199797,Open,Open,Open,Open,Closed
1325,44.169545849630595,0.6137381144927762,Open,Open,Closed,Closed,Closed
1326,44.2028813559322,0.6500545501574779,Open,Open,Open,Closed,Closed
1327,44.23621686223381,0.6719193827399139,Open,Open,Open,Closed,Closed
1328,44.269552368535415,0.5501337039255801,Open,Closed,Closed,Closed,Closed
1329,44.302887874837026,0.5304773559188476,Open,Closed,Closed,Closed,Closed
1330,44.33622338113863,0.540975019097963,Open,Closed,Closed,Closed,Closed
1331,44.36955888744024,0.5145611849447781,Open,Closed,Closed,Closed,Closed
1332,44.402894393741846,0.5306570334285446,Open,Closed,Closed,Closed,Closed
1333,44.43622990004346,0.5234100289731075,Open,Closed,Closed,Closed,Closed
1334,44.46956540634507,0.5289925213380066,Open,Closed,Closed,Closed,Closed
1335,44.50290091264667,0.58061448834289,Open,Open,Closed,Closed,Closed
1336,44.536236418948285,0.5688488622908049,Open,Closed,Closed,Closed,Closed
1337,44.56957192524989,0.5543275775434825,Open,Closed,Closed,Closed,Closed
1338,44.6029074315515,0.6491569078911346,Open,Open,Open,Closed,Closed
1339,44.636242937853105,0.5851666175597929,Open,Open,Closed,Closed,Closed
1340,44.66957844415472,0.5217668060041436,Open,Closed,Closed,Closed,Closed
1341,44.70291395045632,0.5505549217402893,Open,Closed,Closed,Closed,Closed
1342,44.73624945675793,0.5095263473828361,Open,Closed,Closed,Closed,Closed
1343,44.769584963059536,0.5246520414044882,Open,Closed,Closed,Closed,Closed
1344,44.80292046936115,0.5022950383417901,Closed,Closed,Closed,Closed,Closed
1345,44.83625597566275,0.5257287393629031,Open,Closed,Closed,Closed,Closed
1346,44.86959148196436,0.5169138482769267,Open,Closed,Closed,Closed,Closed
1347,44.90292698826597,0.5594079472073271,Open,Closed,Closed,Closed,Closed
1348,44.93626249456758,0.5335782780029413,Open,Closed,Closed,Closed,Closed
1349,44.96959800086918,0.5424724857386136,Open,Closed,Closed,Closed,Closed
1350,45.002933507170795,0.566446424707899,Open,Closed,Closed,Closed,Closed
1351,45.0362690134724,0.5909707932581375,Open,Open,Closed,Closed,Closed
1352,45.06960451977401,0.7561624708385676,Open,Open,Open,Open,Closed
1353,45.102940026075615,0.6530472979758597,Open,Open,Open,Closed,Closed
1354,45.136275532377226,0.6573211174944169,Open,Open,Open,Closed,Closed
1355,45.16961103867883,0.6917482335348188,Open,Open,Open,Closed,Closed
1356,45.20294654498044,0.7082262518756924,Open,Open,Open,Closed,Closed
1357,45.236282051282046,0.6659681942921688,Open,Open,Open,Closed,Closed
1358,45.26961755758366,0.7640472498744655,Open,Open,Open,Open,Closed
1359,45.30295306388526,0.7393185119271152,Open,Open,Open,Open,Closed
1360,45.33628857018687,0.7341151944503396,Open,Open,Open,Open,Closed
1361,45.369624076488485,0.768981619105987,Open,Open,Open,Open,Closed
1362,45.40295958279009,0.7720259263253234,Open,Open,Open,Open,Closed
1363,45.4362950890917,0.6498375731759968,Open,Open,Open,Closed,Closed
1364,45.469630595393305,0.6311951732810327,Open,Open,Closed,Closed,Closed
1365,45.50296610169491,0.7524632911949296,Open,Open,Open,Open,Closed
1366,45.53630160799652,0.7270172093843419,Open,Open,Open,Open,Closed
1367,45.56963711429813,0.6695410908512355,Open,Open,Open,Closed,Closed
1368,45.602972620599736,0.6969992639174217,Open,Open,Open,Closed,Closed
1369,45.63630812690135,0.7263474409099384,Open,Open,Open,Open,Closed
1370,45.66964363320295,0.7418161748306761,Open,Open,Open,Open,Closed
1371,45.70297913950456,0.7637777976263868,Open,Open,Open,Open,Closed
1372,45.73631464580617,0.7541869720329687,Open,Open,Open,Open,Closed
1373,45.76965015210778,0.7463532242127419,Open,Open,Open,Open,Closed
1374,45.80298565840938,0.7296039060802254,Open,Open,Open,Open,Closed
1375,45.836321164710995,0.7361703342311076,Open,Open,Open,Open,Closed
1376,45.8696566710126,0.7027752387122698,Open,Open,Open,Closed,Closed
1377,45.90299217731421,0.6884278143973278,Open,Open,Open,Closed,Closed
1378,45.936327683615815,0.6782662475878707,Open,Open,Open,Closed,Closed
1379,45.969663189917426,0.7271906504112133,Open,Open,Open,Open,Closed
1380,46.00299869621903,0.6742708135407751,Open,Open,Open,Closed,Closed
1381,46.03633420252064,0.6765855177163571,Open,Open,Open,Closed,Closed
1382,46.069669708822246,0.633227016537554,Open,Open,Closed,Closed,Closed
1383,46.10300521512386,0.6302063435581814,Open,Open,Closed,Closed,Closed
1384,46.13634072142546,0.6174182628667374,Open,Open,Closed,Closed,Closed
1385,46.169676227727074,0.5771639967432263,Open,Open,Closed,Closed,Closed
1386,46.20301173402868,0.5824485035434286,Open,Open,Closed,Closed,Closed
1387,46.23634724033029,0.5216744662476773,Open,Closed,Closed,Closed,Closed
1388,46.2696827466319,0.7072134897517657,Open,Open,Open,Closed,Closed
1389,46.303018252933505,0.6239511372819077,Open,Open,Closed,Closed,Closed
1390,46.33635375923512,0.6672073783554534,Open,Open,Open,Closed,Closed
1391,46.36968926553672,0.6201850495272676,Open,Open,Closed,Closed,Closed
1392,46.40302477183833,0.7053347193264258,Open,Open,Open,Closed,Closed
1393,46.43636027813994,0.6675826026578733,Open,Open,Open,Closed,Closed
1394,46.46969578444155,0.6501174648097249,Open,Open,Open,Closed,Closed
1395,46.50303129074315,0.6977158455903807,Open,Open,Open,Closed,Closed
1396,46.53636679704477,0.7420554369967206,Open,Open,Open,Open,Closed
1397,46.56970230334637,0.7530674399490606,Open,Open,Open,Open,Closed
1398,46.60303780964798,0.7910175742559631,Open,Open,Open,Open,Open
1399,46.636373315949584,0.7644743642012615,Open,Open,Open,Open,Closed
1400,46.669708822251195,0.7367448879622882,Open,Open,Open,Open,Closed
1401,46.7030443285528,0.7626141116408592,Open,Open,Open,Open,Closed
1402,46.73637983485441,0.7292600058525203,Open,Open,Open,Open,Closed
1403,46.769715341156015,0.7382690200999189,Open,Open,Open,Open,Closed
1404,46.80305084745763,0.7207291690392574,Open,Open,Open,Open,Closed
1405,46.83638635375923,0.6939502308916339,Open,Open,Open,Closed,Closed
1406,46.86972186006084,0.6594430658206901,Open,Open,Open,Closed,Closed
1407,46.90305736636245,0.614279869394605,Open,Open,Closed,Closed,Closed
1408,46.93639287266406,0.5939034415571048,Open,Open,Closed,Closed,Closed
1409,46.96972837896566,0.593943308311763,Open,Open,Closed,Closed,Closed
1410,47.003063885267274,0.840152748346389,Open,Open,Open,Open,Open
1411,47.03639939156888,0.6705278260945838,Open,Open,Open,Closed,Closed
1412,47.06973489787049,0.6250250817849616,Open,Open,Closed,Closed,Closed
1413,47.103070404172094,0.6285778899536385,Open,Open,Closed,Closed,Closed
1414,47.136405910473705,0.6450153217612221,Open,Open,Open,Closed,Closed
1415,47.16974141677532,0.6391165754655989,Open,Open,Closed,Closed,Closed
1416,47.20307692307692,0.6287999782103111,Open,Open,Closed,Closed,Closed
1417,47.23641242937853,0.6867676733720933,Open,Open,Open,Closed,Closed
1418,47.26974793568014,0.7050451671460729,Open,Open,Open,Closed,Closed
1419,47.30308344198175,0.6964728550504208,Open,Open,Open,Closed,Closed
1420,47.33641894828335,0.7227077520395798,Open,Open,Open,Open,Closed
1421,47.36975445458496,0.7300694792555726,Open,Open,Open,Open,Closed
1422,47.40308996088657,0.6967317108011034,Open,Open,Open,Closed,Closed
1423,47.43642546718818,0.7007725981532236,Open,Open,Open,Closed,Closed
1424,47.469760973489784,0.6795014510948959,Open,Open,Open,Closed,Closed
1425,47.503096479791395,0.6110371896187375,Open,Open,Closed,Closed,Closed
1426,47.536431986093,0.5649935122030822,Open,Closed,Closed,Closed,Closed
1427,47.56976749239461,0.5822621368199309,Open,Open,Closed,Closed,Closed
1428,47.603102998696215,0.5700010147644203,Open,Closed,Closed,Closed,Closed
1429,47.63643850499783,0.5695042741380977,Open,Closed,Closed,Closed,Closed
1430,47.66977401129943,0.6297733546368907,Open,Open,Closed,Closed,Closed
1431,47.70310951760104,0.6082248916561297,Open,Open,Closed,Closed,Closed
1432,47.73644502390265,0.6262239361142743,Open,Open,Closed,Closed,Closed
1433,47.76978053020426,0.6543409594394336,Open,Open,Open,Closed,Closed
1434,47.80311603650586,0.6467721525212563,Open,Open,Open,Closed,Closed
1435,47.836451542807474,0.6340552434914153,Open,Open,Closed,Closed,Closed
1436,47.86978704910908,0.6826595661787864,Open,Open,Open,Closed,Closed
1437,47.90312255541069,0.6958539167998935,Open,Open,Open,Closed,Closed
1438,47.936458061712294,0.6838747854413395,Open,Open,Open,Closed,Closed
1439,47.969793568013905,0.6770853598017457,Open,Open,Open,Closed,Closed
1440,48.00312907431551,0.6959197551737257,Open,Open,Open,Closed,Closed
1441,48.03646458061712,0.6898313412267675,Open,Open,Open,Closed,Closed
1442,48.06980008691873,0.7247694297982593,Open,Open,Open,Open,Closed
1443,48.10313559322034,0.7018858484994844,Open,Open,Open,Closed,Closed
1444,48.13647109952195,0.6750744072566074,Open,Open,Open,Closed,Closed
1445,48.16980660582355,0.7093584067401211,Open,Open,Open,Closed,Closed
1446,48.20314211212517,0.7023789174976065,Open,Open,Open,Closed,Closed
1447,48.23647761842677,0.708976059383778,Open,Open,Open,Closed,Closed
1448,48.26981312472838,0.7096744784899169,Open,Open,Open,Closed,Closed
1449,48.303148631029984,0.7015435091613936,Open,Open,Open,Closed,Closed
1450,48.336484137331595,0.7173864589454937,Open,Open,Open,Open,Closed
1451,48.3698196436332,0.7193289342566193,Open,Open,Open,Open,Closed
1452,48.40315514993481,0.7222070664705247,Open,Open,Open,Open,Closed
1453,48.436490656236415,0.7253899502379274,Open,Open,Open,Open,Closed
1454,48.46982616253803,0.7039789736032902,Open,Open,Open,Closed,Closed
1455,48.50316166883963,0.725787633822924,Open,Open,Open,Open,Closed
1456,48.53649717514124,0.7228032275645635,Open,Open,Open,Open,Closed
1457,48.56983268144285,0.6824477009067246,Open,Open,Open,Closed,Closed
1458,48.60316818774446,0.7116544848360885,Open,Open,Open,Open,Closed
1459,48.63650369404606,0.6669305253972687,Open,Open,Open,Closed,Closed
1460,48.669839200347674,0.6426978650408887,Open,Open,Closed,Closed,Closed
1461,48.70317470664928,0.6308345775273345,Open,Open,Closed,Closed,Closed
1462,48.73651021295089,0.6315471474387071,Open,Open,Closed,Closed,Closed
1463,48.769845719252494,0.614569253499717,Open,Open,Closed,Closed,Closed
1464,48.803181225554106,0.6058191737022719,Open,Open,Closed,Closed,Closed
1465,48.83651673185571,0.622465706806121,Open,Open,Closed,Closed,Closed
1466,48.86985223815732,0.6395199743682286,Open,Open,Closed,Closed,Closed
1467,48.903187744458926,0.6438256439794199,Open,Open,Open,Closed,Closed
1468,48.93652325076054,0.6194379650371882,Open,Open,Closed,Closed,Closed
1469,48.96985875706215,0.630510942428985,Open,Open,Closed,Closed,Closed
1470,49.00319426336375,0.6398515025243965,Open,Open,Closed,Closed,Closed
1471,49.03652976966536,0.6919155943289799,Open,Open,Open,Closed,Closed
1472,49.06986527596697,0.7159119299404387,Open,Open,Open,Open,Closed
1473,49.10320078226858,0.7198958641337434,Open,Open,Open,Open,Closed
1474,49.136536288570184,0.7534504332394062,Open,Open,Open,Open,Closed
1475,49.16987179487179,0.7585215157081235,Open,Open,Open,Open,Closed
1476,49.2032073011734,0.7448066317870996,Open,Open,Open,Open,Closed
1477,49.23654280747501,0.7273002005780979,Open,Open,Open,Open,Closed
1478,49.269878313776616,0.7413354581695519,Open,Open,Open,Open,Closed
1479,49.30321382007823,0.7279935346881329,Open,Open,Open,Open,Closed
1480,49.33654932637983,0.7334306960405379,Open,Open,Open,Open,Closed
1481,49.36988483268144,0.7108120294749822,Open,Open,Open,Closed,Closed
1482,49.40322033898305,0.7020988932280009,Open,Open,Open,Closed,Closed
1483,49.43655584528466,0.7734608572583821,Open,Open,Open,Open,Closed
1484,49.46989135158626,0.7144711678621795,Open,Open,Open,Open,Closed
1485,49.503226857887874,0.7193028765314254,Open,Open,Open,Open,Closed
1486,49.53656236418948,0.7243304579357885,Open,Open,Open,Open,Closed
1487,49.56989787049109,0.6915800155409193,Open,Open,Open,Closed,Closed
1488,49.603233376792694,0.6805929443160523,Open,Open,Open,Closed,Closed
1489,49.636568883094306,0.679151736471728,Open,Open,Open,Closed,Closed
1490,49.66990438939591,0.7302882753045193,Open,Open,Open,Open,Closed
1491,49.70323989569752,0.707157431204997,Open,Open,Open,Closed,Closed
1492,49.736575401999126,0.7504233068587425,Open,Open,Open,Open,Closed
1493,49.76991090830074,0.6822593873685784,Open,Open,Open,Closed,Closed
1494,49.80324641460234,0.6791304547281539,Open,Open,Open,Closed,Closed
1495,49.83658192090395,0.6745206469111924,Open,Open,Open,Closed,Closed
1496,49.86991742720557,0.6623071565406715,Open,Open,Open,Closed,Closed
1497,49.90325293350717,0.7062848805782326,Open,Open,Open,Closed,Closed
1498,49.93658843980878,0.6688336244165985,Open,Open,Open,Closed,Closed
1499,49.969923946110384,0.6641459996851921,Open,Open,Open,Closed,Closed
1500,50.003259452412,0.7143963199295165,Open,Open,Open,Open,Closed
1501,50.0365949587136,0.6941482007714572,Open,Open,Open,Closed,Closed
1502,50.06993046501521,0.6815893594912729,Open,Open,Open,Closed,Closed
1503,50.103265971316816,0.6711608671088363,Open,Open,Open,Closed,Closed
1504,50.13660147761843,0.6983096097263016,Open,Open,Open,Closed,Closed
1505,50.16993698392003,0.6618724131152185,Open,Open,Open,Closed,Closed
1506,50.20327249022164,0.6733365717932083,Open,Open,Open,Closed,Closed
1507,50.23660799652325,0.6697868935704104,Open,Open,Open,Closed,Closed
1508,50.26994350282486,0.6420896555889192,Open,Open,Closed,Closed,Closed
1509,50.30327900912646,0.655888143333714,Open,Open,Open,Closed,Closed
1510,50.336614515428074,0.7178335665112905,Open,Open,Open,Open,Closed
1511,50.36995002172968,0.7082884525620675,Open,Open,Open,Closed,Closed
1512,50.40328552803129,0.6572955797650861,Open,Open,Open,Closed,Closed
1513,50.436621034332894,0.6493746210878824,Open,Open,Open,Closed,Closed
1514,50.469956540634506,0.6899950329083028,Open,Open,Open,Closed,Closed
1515,50.50329204693611,0.6987575193294292,Open,Open,Open,Closed,Closed
1516,50.53662755323772,0.6868267179731654,Open,Open,Open,Closed,Closed
1517,50.569963059539326,0.6677320423394338,Open,Open,Open,Closed,Closed
1518,50.60329856584094,0.6968536564699109,Open,Open,Open,Closed,Closed
1519,50.63663407214254,0.7388987386564138,Open,Open,Open,Open,Closed
1520,50.66996957844415,0.7261080193580325,Open,Open,Open,Open,Closed
1521,50.70330508474576,0.7896897453957354,Open,Open,Open,Open,Open
1522,50.73664059104737,0.719610702418157,Open,Open,Open,Open,Closed
1523,50.76997609734898,0.719467576445549,Open,Open,Open,Open,Closed
1524,50.803311603650585,0.70989403157373,Open,Open,Open,Closed,Closed
1525,50.83664710995219,0.6953546093902806,Open,Open,Open,Closed,Closed
1526,50.8699826162538,0.7078400842396114,Open,Open,Open,Closed,Closed
1527,50.90331812255541,0.6998443137169691,Open,Open,Open,Closed,Closed
1528,50.936653628857016,0.6982235155971149,Open,Open,Open,Closed,Closed
1529,50.96998913515863,0.7797092337994501,Open,Open,Open,Open,Open
1530,51.00332464146023,0.7494875232034557,Open,Open,Open,Open,Closed
1531,51.03666014776184,0.720516414180624,Open,Open,Open,Open,Closed
1532,51.06999565406345,0.7600906493166298,Open,Open,Open,Open,Closed
1533,51.10333116036506,0.6623929003324099,Open,Open,Open,Closed,Closed
