frame,t_rel,t_abs,mar,delta_mar,mar_bp,nose_lip_dist,delta_nose_lip_dist,chin_lip_dist,delta_chin_lip_dist,valid
0,0.000000,,0.032112,0.000000,0.000810,96.766174,0.000000,141.367264,0.000000,1
1,0.033335,,0.028436,-0.003676,-0.001498,100.529961,3.763786,147.511963,6.144699,1
2,0.066669,,0.026327,-0.002109,-0.003540,99.140160,-1.389801,151.054779,3.542816,1
3,0.100004,,0.021947,-0.004381,-0.005132,101.105469,1.965309,153.200897,2.146118,1
4,0.133339,,0.014989,-0.006957,-0.006244,106.563904,5.458435,156.388275,3.187378,1
5,0.166674,,0.028865,0.013875,-0.007000,106.067093,-0.496811,151.984756,-4.403519,1
6,0.200008,,0.028949,0.000084,-0.007526,106.906219,0.839127,154.073166,2.088409,1
7,0.233343,,0.025982,-0.002967,-0.007840,107.857430,0.951210,157.970154,3.896988,1
8,0.266678,,0.019808,-0.006175,-0.007826,109.289619,1.432190,154.343399,-3.626755,1
9,0.300012,,0.018618,-0.001190,-0.007288,108.585442,-0.704178,157.899460,3.556061,1
10,0.333347,,0.020560,0.001943,-0.006065,106.293877,-2.291565,159.351868,1.452408,1
11,0.366682,,0.016341,-0.004219,-0.004247,105.082817,-1.211060,156.110901,-3.240967,1
12,0.400016,,0.017823,0.001482,-0.002163,106.535072,1.452255,154.554550,-1.556351,1
13,0.433351,,0.039334,0.021512,-0.000345,107.619759,1.084686,157.321457,2.766907,1
14,0.466686,,0.037083,-0.002251,0.000690,109.080803,1.461044,158.416779,1.095322,1
15,0.500021,,0.030295,-0.006788,0.000648,108.600052,-0.480751,159.176361,0.759583,1
16,0.533355,,0.019421,-0.010874,-0.000450,105.191147,-3.408905,158.346954,-0.829407,1
17,0.566690,,0.036650,0.017229,-0.002171,110.504555,5.313408,159.151810,0.804855,1
18,0.600025,,0.014584,-0.022065,-0.003935,101.220459,-9.284096,154.791016,-4.360794,1
19,0.633359,,0.022751,0.008167,-0.005147,106.184517,4.964058,156.926132,2.135117,1
20,0.666694,,0.027903,0.005152,-0.005472,107.797035,1.612518,153.580261,-3.345871,1
21,0.700029,,0.016475,-0.011428,-0.004905,104.557716,-3.239319,155.474243,1.893982,1
22,0.733363,,0.016587,0.000113,-0.003764,107.142578,2.584862,154.218201,-1.256042,1
23,0.766698,,0.034437,0.017850,-0.002606,109.791855,2.649277,156.265472,2.047272,1
24,0.800033,,0.033804,-0.000633,-0.001954,109.610962,-0.180893,155.771210,-0.494263,1
25,0.833368,,0.034416,0.000612,-0.002157,109.377235,-0.233727,156.047089,0.275879,1
26,0.866702,,0.023415,-0.011000,-0.003193,108.092690,-1.284546,155.336548,-0.710541,1
27,0.900037,,0.013026,-0.010390,-0.004800,104.617340,-3.475349,153.701828,-1.634720,1
28,0.933372,,0.014558,0.001532,-0.006585,104.396523,-0.220818,151.714874,-1.986954,1
29,0.966706,,0.022726,0.008168,-0.008184,104.302773,-0.093750,151.904434,0.189560,1
30,1.000041,,0.024157,0.001430,-0.009369,105.879097,1.576324,151.968903,0.064468,1
31,1.033376,,0.018482,-0.005674,-0.010008,103.535332,-2.343765,152.801697,0.832794,1
32,1.066710,,0.017420,-0.001062,-0.010053,103.663742,0.128410,153.113968,0.312271,1
33,1.100045,,0.023019,0.005599,-0.009441,107.866196,4.202454,153.955963,0.841995,1
34,1.133380,,0.020211,-0.002807,-0.008062,107.573219,-0.292976,154.308029,0.352066,1
35,1.166715,,0.019260,-0.000952,-0.005871,103.396782,-4.176437,153.978226,-0.329803,1
36,1.200049,,0.017179,-0.002081,-0.002896,105.174988,1.778206,154.056595,0.078369,1
37,1.233384,,0.026994,0.009815,0.000685,107.234314,2.059326,153.562119,-0.494476,1
38,1.266719,,0.035007,0.008013,0.004489,108.992226,1.757912,152.675201,-0.886917,1
39,1.300053,,0.033760,-0.001246,0.008058,109.262756,0.270531,153.440872,0.765671,1
40,1.333388,,0.037781,0.004021,0.010930,110.941963,1.679207,153.404190,-0.036682,1
41,1.366723,,0.037760,-0.000021,0.012838,109.810310,-1.131653,153.833557,0.429367,1
42,1.400057,,0.046655,0.008894,0.013742,110.200768,0.390457,155.386307,1.552750,1
43,1.433392,,0.035654,-0.011001,0.013840,109.159782,-1.040985,153.381577,-2.004730,1
44,1.466727,,0.036551,0.000898,0.013575,109.821831,0.662048,152.170044,-1.211533,1
45,1.500062,,0.040510,0.003959,0.013413,109.774490,-0.047340,153.542419,1.372375,1
46,1.533396,,0.039948,-0.000562,0.013767,109.988998,0.214508,153.578461,0.036041,1
47,1.566731,,0.037784,-0.002164,0.014813,111.454597,1.465599,154.556274,0.977814,1
48,1.600066,,0.040196,0.002411,0.016493,111.959274,0.504677,155.440552,0.884277,1
49,1.633400,,0.049208,0.009013,0.018529,112.654053,0.694778,155.751511,0.310959,1
50,1.666735,,0.049393,0.000185,0.020494,111.957779,-0.696274,156.010422,0.258911,1
51,1.700070,,0.048498,-0.000895,0.021980,111.934242,-0.023537,155.836777,-0.173645,1
52,1.733404,,0.053434,0.004935,0.022663,111.733459,-0.200783,154.980316,-0.856461,1
53,1.766739,,0.050971,-0.002463,0.022449,112.115959,0.382500,156.252075,1.271759,1
54,1.800074,,0.054851,0.003880,0.021406,112.047638,-0.068321,154.252930,-1.999146,1
55,1.833409,,0.054608,-0.000243,0.019716,110.587555,-1.460083,154.813309,0.560379,1
56,1.866743,,0.044176,-0.010432,0.017646,110.256844,-0.330711,154.907074,0.093765,1
57,1.900078,,0.049525,0.005348,0.015389,110.610023,0.353180,154.879288,-0.027786,1
58,1.933413,,0.053464,0.003939,0.013039,113.459419,2.849396,155.535873,0.656586,1
59,1.966747,,0.055721,0.002257,0.010593,113.523384,0.063965,155.909805,0.373932,1
60,2.000082,,0.051202,-0.004519,0.007985,112.437027,-1.086357,154.332947,-1.576859,1
61,2.033417,,0.049668,-0.001533,0.005132,112.939308,0.502281,155.460571,1.127625,1
62,2.066752,,0.049411,-0.000257,0.001983,114.039627,1.100319,155.382477,-0.078094,1
63,2.100086,,0.055284,0.005872,-0.001494,114.291206,0.251579,155.772324,0.389847,1
64,2.133421,,0.037576,-0.017708,-0.005331,111.701942,-2.589264,155.048706,-0.723618,1
65,2.166756,,0.057529,0.019953,-0.009535,114.005638,2.303696,156.274948,1.226242,1
66,2.200090,,0.050349,-0.007180,-0.014110,114.080093,0.074455,155.753479,-0.521469,1
67,2.233425,,0.036565,-0.013784,-0.019033,113.414185,-0.665909,155.463745,-0.289734,1
68,2.266760,,0.053163,0.016598,-0.024198,114.752525,1.338341,156.555695,1.091949,1
69,2.300094,,0.049319,-0.003845,-0.029435,115.014793,0.262268,157.297623,0.741928,1
70,2.333429,,0.044355,-0.004963,-0.034508,112.230797,-2.783997,156.533829,-0.763794,1
71,2.366764,,0.047124,0.002768,-0.039190,113.672394,1.441597,157.085251,0.551422,1
72,2.400099,,0.048073,0.000950,-0.043361,112.876648,-0.795746,156.299362,-0.785889,1
73,2.433433,,0.041186,-0.006887,-0.047096,111.689392,-1.187256,155.902130,-0.397232,1
74,2.466768,,0.058255,0.017069,-0.050752,113.732445,2.043053,156.188766,0.286636,1
75,2.500103,,0.047906,-0.010349,-0.054865,112.632790,-1.099655,156.052307,-0.136459,1
76,2.533437,,0.031868,-0.016038,-0.060018,108.116074,-4.516716,156.302536,0.250229,1
77,2.566772,,0.035273,0.003405,-0.066419,110.735291,2.619217,155.980331,-0.322205,1
78,2.600107,,0.054061,0.018788,-0.073618,112.544533,1.809242,158.412430,2.432098,1
79,2.633441,,0.058643,0.004581,-0.080087,113.589066,1.044533,159.857635,1.445206,1
80,2.666776,,0.061986,0.003343,-0.083211,113.869041,0.279976,161.242767,1.385132,1
81,2.700111,,0.053610,-0.008375,-0.079656,114.093315,0.224274,160.352142,-0.890625,1
82,2.733446,,0.077748,0.024137,-0.065793,113.453323,-0.639992,164.212769,3.860626,1
83,2.766780,,0.113228,0.035480,-0.039819,118.452583,4.999260,163.428391,-0.784378,1
84,2.800115,,0.131243,0.018015,-0.001991,119.750580,1.297997,164.573853,1.145462,1
85,2.833450,,0.158081,0.026838,0.044601,120.199661,0.449081,164.794022,0.220169,1
86,2.866784,,0.211866,0.053786,0.093492,121.211189,1.011528,162.091873,-2.702148,1
87,2.900119,,0.301108,0.089241,0.136927,122.475166,1.263977,163.469650,1.377777,1
88,2.933454,,0.391633,0.090526,0.166803,123.053352,0.578186,160.418045,-3.051605,1
89,2.966788,,0.422717,0.031084,0.178129,127.240059,4.186707,158.855469,-1.562576,1
90,3.000123,,0.331579,-0.091138,0.169344,127.764130,0.524071,157.203873,-1.651596,1
91,3.033458,,0.281151,-0.050428,0.142399,124.749161,-3.014969,159.176956,1.973083,1
92,3.066793,,0.238805,-0.042346,0.103246,128.713562,3.964401,162.152649,2.975693,1
93,3.100127,,0.196464,-0.042341,0.058426,129.154099,0.440536,164.762680,2.610031,1
94,3.133462,,0.210567,0.014103,0.014328,132.046295,2.892197,162.545395,-2.217285,1
95,3.166797,,0.165011,-0.045556,-0.024038,127.118721,-4.927574,159.510788,-3.034607,1
96,3.200131,,0.160103,-0.004908,-0.053299,128.792282,1.673561,153.526505,-5.984283,1
97,3.233466,,0.112610,-0.047493,-0.071060,122.557892,-6.234390,154.140854,0.614349,1
98,3.266801,,0.123556,0.010946,-0.076700,123.705162,1.147270,153.651199,-0.489655,1
99,3.300135,,0.122013,-0.001543,-0.070353,122.372231,-1.332932,145.535019,-8.116180,1
100,3.333470,,0.109253,-0.012760,-0.053227,117.050980,-5.321251,137.808670,-7.726349,1
101,3.366805,,0.114421,0.005168,-0.028744,118.628044,1.577065,143.754669,5.945999,1
102,3.400140,,0.112895,-0.001527,-0.001482,119.320122,0.692078,154.522278,10.767609,1
103,3.433474,,0.214648,0.101753,0.022859,129.285324,9.965202,160.596939,6.074661,1
104,3.466809,,0.267111,0.052463,0.039135,134.092438,4.807114,163.726715,3.129776,1
105,3.500144,,0.304880,0.037769,0.044096,131.942978,-2.149460,164.880325,1.153610,1
106,3.533478,,0.218295,-0.086585,0.037078,124.909355,-7.033623,166.238556,1.358231,1
107,3.566813,,0.124450,-0.093845,0.021070,122.524933,-2.384422,168.484085,2.245529,1
108,3.600148,,0.090456,-0.033993,0.000563,121.766075,-0.758858,165.823868,-2.660217,1
109,3.633482,,0.124240,0.033784,-0.019386,118.474884,-3.291191,165.561462,-0.262405,1
110,3.666817,,0.207908,0.083668,-0.034617,121.923561,3.448677,165.108795,-0.452667,1
111,3.700152,,0.132022,-0.075886,-0.042516,118.151520,-3.772041,167.754852,2.646057,1
112,3.733487,,0.107336,-0.024687,-0.041826,117.073006,-1.078514,167.134628,-0.620224,1
113,3.766821,,0.098510,-0.008826,-0.033332,114.745186,-2.327820,166.510834,-0.623795,1
114,3.800156,,0.102124,0.003615,-0.018926,114.559975,-0.185211,164.269531,-2.241302,1
115,3.833491,,0.160235,0.058110,-0.001590,119.544739,4.984764,162.213745,-2.055786,1
116,3.866825,,0.129240,-0.030995,0.014926,119.747322,0.202583,160.533096,-1.680649,1
117,3.900160,,0.161862,0.032623,0.027123,121.180832,1.433510,159.245728,-1.287369,1
118,3.933495,,0.174647,0.012785,0.032068,125.343452,4.162621,160.663834,1.418106,1
119,3.966830,,0.173247,-0.001400,0.028708,127.855545,2.512093,160.675858,0.012024,1
120,4.000164,,0.140101,-0.033146,0.017532,128.319641,0.464096,163.941528,3.265671,1
121,4.033499,,0.116791,-0.023310,0.000506,128.450577,0.130936,165.616974,1.675446,1
122,4.066834,,0.083593,-0.033198,-0.019085,125.472748,-2.977829,164.662521,-0.954453,1
123,4.100168,,0.063264,-0.020329,-0.038001,122.474388,-2.998360,164.594025,-0.068497,1
124,4.133503,,0.047934,-0.015330,-0.053401,117.774368,-4.700020,162.923615,-1.670410,1
125,4.166838,,0.041086,-0.006848,-0.063671,120.041946,2.267578,163.238647,0.315033,1
126,4.200172,,0.034475,-0.006611,-0.068198,117.503113,-2.538834,162.210190,-1.028458,1
127,4.233507,,0.030044,-0.004431,-0.067026,115.671104,-1.832008,163.489929,1.279739,1
128,4.266842,,0.053207,0.023164,-0.060899,114.441940,-1.229164,167.056091,3.566162,1
129,4.300177,,0.047370,-0.005837,-0.050405,112.435471,-2.006470,167.970505,0.914413,1
130,4.333511,,0.054781,0.007411,-0.035940,109.767769,-2.667702,167.380447,-0.590057,1
131,4.366846,,0.042532,-0.012250,-0.018152,105.282608,-4.485161,164.862213,-2.518234,1
132,4.400181,,0.096725,0.054193,0.002105,107.941490,2.658882,163.676117,-1.186096,1
133,4.433515,,0.102874,0.006149,0.023363,108.828224,0.886734,163.952469,0.276352,1
134,4.466850,,0.109481,0.006607,0.043457,112.908463,4.080238,162.646820,-1.305649,1
135,4.500185,,0.148297,0.038816,0.059914,119.275017,6.366554,159.043533,-3.603287,1
136,4.533519,,0.167210,0.018913,0.070167,121.510361,2.235344,159.756516,0.712982,1
137,4.566854,,0.142711,-0.024499,0.072728,125.321304,3.810944,159.553558,-0.202957,1
138,4.600189,,0.123183,-0.019528,0.067159,123.437416,-1.883888,160.036423,0.482864,1
139,4.633524,,0.176682,0.053499,0.054254,131.600922,8.163506,163.239487,3.203064,1
140,4.666858,,0.106432,-0.070250,0.036448,128.619965,-2.980957,169.497314,6.257828,1
141,4.700193,,0.079091,-0.027341,0.016627,126.192467,-2.427498,172.209595,2.712280,1
142,4.733528,,0.058353,-0.020738,-0.002244,122.722191,-3.470276,170.752884,-1.456711,1
143,4.766862,,0.038183,-0.020171,-0.018012,118.575493,-4.146698,165.517944,-5.234940,1
144,4.800197,,0.044411,0.006228,-0.029669,124.480194,5.904701,162.566650,-2.951294,1
145,4.833532,,0.042958,-0.001453,-0.037188,119.544991,-4.935204,165.897720,3.331070,1
146,4.866866,,0.041040,-0.001918,-0.041416,121.192642,1.647652,166.483337,0.585617,1
147,4.900201,,0.024487,-0.016553,-0.043073,118.939857,-2.252785,166.101120,-0.382217,1
148,4.933536,,0.026758,0.002271,-0.042322,119.224945,0.285088,169.880112,3.778992,1
149,4.966871,,0.041792,0.015034,-0.038719,116.111938,-3.113007,169.627258,-0.252853,1
150,5.000205,,0.063666,0.021873,-0.031233,116.311340,0.199402,169.214539,-0.412720,1
151,5.033540,,0.054792,-0.008874,-0.018708,110.046776,-6.264565,166.545105,-2.669434,1
152,5.066875,,0.036091,-0.018701,-0.001031,107.128174,-2.918602,165.397430,-1.147675,1
153,5.100209,,0.068408,0.032317,0.020690,107.923035,0.794861,164.529022,-0.868408,1
154,5.133544,,0.112112,0.043704,0.043759,117.065277,9.142242,160.010345,-4.518677,1
155,5.166879,,0.156027,0.043915,0.064304,118.437210,1.371933,156.341690,-3.668655,1
156,5.200213,,0.165583,0.009557,0.078475,120.704636,2.267426,157.061661,0.719971,1
157,5.233548,,0.187626,0.022042,0.083178,124.347252,3.642616,159.930206,2.868546,1
158,5.266883,,0.134541,-0.053085,0.077786,129.763763,5.416512,164.955414,5.025208,1
159,5.300218,,0.154297,0.019756,0.063539,130.646439,0.882675,168.416931,3.461517,1
160,5.333552,,0.095836,-0.058462,0.043272,134.694382,4.047943,171.761658,3.344727,1
161,5.366887,,0.087663,-0.008173,0.020876,131.628754,-3.065628,171.877182,0.115524,1
162,5.400222,,0.079979,-0.007683,-0.000326,128.777176,-2.851578,171.804428,-0.072754,1
163,5.433556,,0.039796,-0.040183,-0.017974,125.593697,-3.183479,166.502869,-5.301559,1
164,5.466891,,0.036359,-0.003437,-0.031344,123.648972,-1.944725,168.449631,1.946762,1
165,5.500226,,0.045347,0.008988,-0.040787,122.193359,-1.455612,168.806198,0.356567,1
166,5.533560,,0.035315,-0.010032,-0.047114,121.270294,-0.923065,169.971115,1.164917,1
167,5.566895,,0.038178,0.002864,-0.051047,120.735275,-0.535019,166.527771,-3.443344,1
168,5.600230,,0.032536,-0.005643,-0.052452,119.172974,-1.562302,170.059555,3.531784,1
169,5.633565,,0.038874,0.006339,-0.050302,121.107071,1.934097,170.486862,0.427307,1
170,5.666899,,0.030640,-0.008234,-0.043466,120.652542,-0.454529,168.375916,-2.110947,1
171,5.700234,,0.028198,-0.002442,-0.031258,119.504585,-1.147957,169.379456,1.003540,1
172,5.733569,,0.031137,0.002939,-0.014212,120.456825,0.952240,168.947113,-0.432343,1
173,5.766903,,0.064760,0.033623,0.005184,122.375023,1.918198,170.824890,1.877777,1
174,5.800238,,0.102124,0.037364,0.023326,119.282806,-3.092216,166.085800,-4.739090,1
175,5.833573,,0.183102,0.080978,0.036076,125.953506,6.670700,163.781952,-2.303848,1
176,5.866907,,0.116282,-0.066820,0.040593,124.044090,-1.909416,162.267044,-1.514908,1
177,5.900242,,0.117426,0.001144,0.035899,125.496140,1.452049,165.090103,2.823059,1
178,5.933577,,0.110654,-0.006773,0.023105,128.172455,2.676315,165.409027,0.318924,1
179,5.966912,,0.063634,-0.047019,0.005548,125.781136,-2.391319,172.358841,6.949814,1
180,6.000246,,0.057299,-0.006335,-0.012997,123.015694,-2.765442,173.432770,1.073929,1
181,6.033581,,0.052535,-0.004764,-0.029024,119.946381,-3.069313,169.572342,-3.860428,1
182,6.066916,,0.043103,-0.009433,-0.040499,119.922096,-0.024284,166.532990,-3.039352,1
183,6.100250,,0.035417,-0.007686,-0.046985,117.206932,-2.715164,167.640411,1.107422,1
184,6.133585,,0.034351,-0.001066,-0.049349,116.187721,-1.019211,165.506836,-2.133575,1
185,6.166920,,0.031763,-0.002588,-0.049369,116.504044,0.316322,168.042740,2.535904,1
186,6.200255,,0.039483,0.007720,-0.048464,116.544754,0.040710,170.659775,2.617035,1
187,6.233589,,0.046153,0.006670,-0.047085,117.152855,0.608101,171.223999,0.564224,1
188,6.266924,,0.047273,0.001120,-0.044337,113.026726,-4.126129,171.348358,0.124359,1
189,6.300259,,0.062139,0.014866,-0.038199,114.198555,1.171829,170.940292,-0.408066,1
190,6.333593,,0.065321,0.003182,-0.026088,112.895752,-1.302803,170.309372,-0.630920,1
191,6.366928,,0.070020,0.004699,-0.006521,110.465050,-2.430702,168.761627,-1.547745,1
192,6.400263,,0.078602,0.008582,0.020283,109.251030,-1.214020,170.039017,1.277390,1
193,6.433597,,0.158250,0.079648,0.051657,120.284065,11.033035,170.730164,0.691147,1
194,6.466932,,0.144351,-0.013900,0.082375,122.791771,2.507706,164.282608,-6.447556,1
195,6.500267,,0.158256,0.013905,0.106235,128.106949,5.315178,167.491272,3.208664,1
196,6.533602,,0.219368,0.061112,0.117108,136.228012,8.121063,171.403183,3.911911,1
197,6.566936,,0.313234,0.093866,0.111974,146.423676,10.195663,170.964035,-0.439148,1
198,6.600271,,0.235568,-0.077666,0.091120,139.528946,-6.894730,170.561035,-0.403000,1
199,6.633606,,0.092280,-0.143288,0.058374,134.255783,-5.273163,174.574783,4.013748,1
200,6.666940,,0.060635,-0.031644,0.020639,128.410202,-5.845581,169.693085,-4.881699,1
201,6.700275,,0.053379,-0.007257,-0.015322,127.427780,-0.982422,169.976212,0.283127,1
202,6.733610,,0.027330,-0.026048,-0.044068,123.145584,-4.282196,169.254883,-0.721329,1
203,6.766944,,0.043918,0.016588,-0.063269,123.807175,0.661591,170.570740,1.315857,1
204,6.800279,,0.041457,-0.002461,-0.072948,122.551537,-1.255638,170.763779,0.193039,1
205,6.833614,,0.039239,-0.002218,-0.074472,121.399544,-1.151993,171.693085,0.929306,1
206,6.866949,,0.044014,0.004775,-0.069833,122.174095,0.774551,173.134720,1.441635,1
207,6.900283,,0.037710,-0.006304,-0.060043,120.687599,-1.486496,170.731949,-2.402771,1
208,6.933618,,0.050001,0.012290,-0.045135,120.015938,-0.671661,172.089844,1.357895,1
209,6.966953,,0.070363,0.020363,-0.025115,117.638344,-2.377594,169.969299,-2.120544,1
210,7.000287,,0.062499,-0.007864,-0.000543,114.499550,-3.138794,170.517136,0.547836,1
211,7.033622,,0.084644,0.022144,0.026440,117.189110,2.689560,175.313309,4.796173,1
212,7.066957,,0.119623,0.034979,0.051784,124.617279,7.428169,171.819992,-3.493317,1
213,7.100291,,0.163373,0.043750,0.070542,130.307831,5.690552,169.754089,-2.065903,1
214,7.133626,,0.217136,0.053764,0.077882,130.925964,0.618134,164.753815,-5.000275,1
215,7.166961,,0.245113,0.027976,0.071807,137.595505,6.669540,165.681488,0.927673,1
216,7.200296,,0.132432,-0.112681,0.053297,134.575317,-3.020187,167.895813,2.214325,1
217,7.233630,,0.100977,-0.031455,0.026445,132.231628,-2.343689,172.140686,4.244873,1
218,7.266965,,0.056116,-0.044861,-0.002348,128.794128,-3.437500,170.445084,-1.695602,1
219,7.300300,,0.041340,-0.014776,-0.027152,131.099976,2.305847,168.920135,-1.524948,1
220,7.333634,,0.035041,-0.006299,-0.043711,127.648743,-3.451233,165.884781,-3.035355,1
221,7.366969,,0.044742,0.009701,-0.051231,129.680359,2.031616,165.954102,0.069321,1
222,7.400304,,0.042554,-0.002188,-0.051523,125.110374,-4.569984,167.544601,1.590500,1
223,7.433638,,0.040418,-0.002135,-0.048114,123.507935,-1.602440,167.966415,0.421814,1
224,7.466973,,0.055347,0.014928,-0.044770,125.245834,1.737900,167.860260,-0.106155,1
225,7.500308,,0.056225,0.000878,-0.043615,127.969971,2.724136,168.484512,0.624252,1
226,7.533643,,0.059949,0.003724,-0.044441,126.184875,-1.785095,169.664398,1.179886,1
227,7.566977,,0.040292,-0.019658,-0.044602,123.300735,-2.884140,172.372925,2.708527,1
228,7.600312,,0.035328,-0.004964,-0.040300,120.820206,-2.480530,172.964493,0.591568,1
229,7.633647,,0.052731,0.017403,-0.027883,118.774666,-2.045540,171.220901,-1.743591,1
230,7.666981,,0.064547,0.011816,-0.006241,117.593964,-1.180702,171.891724,0.670822,1
231,7.700316,,0.071267,0.006720,0.022840,115.591751,-2.002213,170.237030,-1.654694,1
232,7.733651,,0.139307,0.068039,0.054415,122.368515,6.776764,170.216339,-0.020691,1
233,7.766985,,0.165271,0.025965,0.081504,124.032745,1.664230,165.530563,-4.685776,1
234,7.800320,,0.187342,0.022071,0.097440,129.546066,5.513321,166.528702,0.998138,1
235,7.833655,,0.243813,0.056470,0.097411,135.361221,5.815155,165.510544,-1.018158,1
236,7.866990,,0.209599,-0.034214,0.081366,136.623901,1.262680,166.706573,1.196030,1
237,7.900324,,0.097061,-0.112538,0.052919,133.982285,-2.641617,170.927689,4.221115,1
238,7.933659,,0.067094,-0.029967,0.018724,134.433502,0.451218,170.059021,-0.868668,1
239,7.966994,,0.041151,-0.025942,-0.013426,128.451477,-5.982025,171.501907,1.442886,1
240,8.000328,,0.047828,0.006677,-0.037410,130.465149,2.013672,165.928345,-5.573563,1
241,8.033663,,0.034239,-0.013589,-0.049749,127.202560,-3.262589,165.304657,-0.623688,1
242,8.066998,,0.045463,0.011224,-0.051121,125.470772,-1.731789,165.087433,-0.217224,1
243,8.100333,,0.037923,-0.007540,-0.044757,120.579971,-4.890800,166.628403,1.540970,1
244,8.133667,,0.049645,0.011722,-0.035483,122.408669,1.828697,167.726288,1.097885,1
245,8.167002,,0.055739,0.006094,-0.028098,124.325371,1.916702,165.929398,-1.796890,1
246,8.200337,,0.053984,-0.001755,-0.025608,122.735268,-1.590103,170.021576,4.092178,1
247,8.233671,,0.063514,0.009530,-0.028611,124.142609,1.407341,170.999771,0.978195,1
248,8.267006,,0.048064,-0.015450,-0.034735,124.086983,-0.055626,169.587845,-1.411926,1
249,8.300341,,0.043895,-0.004168,-0.039907,121.483025,-2.603958,171.746628,2.158783,1
250,8.333675,,0.054866,0.010971,-0.039302,119.536713,-1.946312,172.223709,0.477081,1
251,8.367010,,0.061045,0.006179,-0.029574,117.999191,-1.537521,173.139236,0.915527,1
252,8.400345,,0.065070,0.004025,-0.009832,116.652122,-1.347069,171.506378,-1.632858,1
253,8.433680,,0.064483,-0.000587,0.017574,113.543121,-3.109001,170.776810,-0.729568,1
254,8.467014,,0.074932,0.010449,0.046810,114.866158,1.323036,175.219147,4.442337,1
255,8.500349,,0.158449,0.083517,0.070696,127.859261,12.993103,169.792908,-5.426239,1
256,8.533684,,0.221013,0.062563,0.082190,130.763016,2.903755,166.709915,-3.082993,1
257,8.567018,,0.259442,0.038429,0.077870,135.462296,4.699280,162.059341,-4.650574,1
258,8.600353,,0.153868,-0.105573,0.058370,134.799545,-0.662750,165.484375,3.425034,1
259,8.633688,,0.066586,-0.087282,0.028495,131.331055,-3.468491,167.414368,1.929993,1
260,8.667022,,0.029744,-0.036842,-0.003865,129.492844,-1.838211,167.928207,0.513840,1
261,8.700357,,0.016946,-0.012798,-0.031229,128.663330,-0.829514,166.292511,-1.635696,1
262,8.733692,,0.046582,0.029636,-0.048065,128.376938,-0.286392,166.643845,0.351334,1
263,8.767027,,0.053054,0.006472,-0.053017,125.377327,-2.999611,168.267899,1.624054,1
264,8.800361,,0.053219,0.000166,-0.047918,124.777878,-0.599449,167.764557,-0.503342,1
265,8.833696,,0.051318,-0.001902,-0.036895,125.165405,0.387527,170.087906,2.323349,1
266,8.867031,,0.056542,0.005225,-0.024986,127.581421,2.416016,171.462891,1.374985,1
267,8.900365,,0.070173,0.013631,-0.016008,127.519119,-0.062302,172.133896,0.671005,1
268,8.933700,,0.081698,0.011525,-0.011849,127.988457,0.469337,173.097488,0.963593,1
269,8.967035,,0.083083,0.001385,-0.011709,128.205536,0.217079,172.448746,-0.648743,1
270,9.000369,,0.065980,-0.017103,-0.013033,127.183189,-1.022346,172.539703,0.090958,1
271,9.033704,,0.061916,-0.004064,-0.012339,126.064369,-1.118820,171.277649,-1.262054,1
272,9.067039,,0.065334,0.003418,-0.006825,124.985825,-1.078545,171.172638,-0.105011,1
273,9.100374,,0.068868,0.003534,0.004659,122.330017,-2.655807,171.810104,0.637466,1
274,9.133708,,0.104437,0.035569,0.021156,123.825790,1.495773,169.326019,-2.484085,1
275,9.167043,,0.149452,0.045015,0.039498,125.976608,2.150818,160.376984,-8.949036,1
276,9.200378,,0.141179,-0.008273,0.055688,123.066574,-2.910034,155.739075,-4.637909,1
277,9.233712,,0.143592,0.002413,0.065687,126.539497,3.472923,154.531204,-1.207870,1
278,9.267047,,0.151844,0.008252,0.067106,129.697464,3.157967,157.640472,3.109268,1
279,9.300382,,0.130114,-0.021730,0.059395,127.674149,-2.023315,162.702194,5.061722,1
280,9.333716,,0.166536,0.036422,0.043994,135.549408,7.875259,167.229401,4.527206,1
281,9.367051,,0.096063,-0.070473,0.024361,137.572235,2.022827,176.516937,9.287537,1
282,9.400386,,0.052824,-0.043239,0.004372,132.366837,-5.205399,177.406738,0.889801,1
283,9.433721,,0.066466,0.013642,-0.012365,132.571884,0.205048,172.599396,-4.807343,1
284,9.467055,,0.059649,-0.006817,-0.023800,131.361008,-1.210876,172.685013,0.085617,1
285,9.500390,,0.059821,0.000172,-0.029592,127.121857,-4.239151,166.490326,-6.194687,1
286,9.533725,,0.034835,-0.024986,-0.030957,126.535118,-0.586739,173.454849,6.964523,1
287,9.567059,,0.054751,0.019916,-0.030295,127.307312,0.772194,172.068924,-1.385925,1
288,9.600394,,0.057620,0.002869,-0.029912,126.844086,-0.463226,171.075546,-0.993378,1
289,9.633729,,0.049006,-0.008614,-0.031377,124.001144,-2.842941,171.435654,0.360107,1
290,9.667063,,0.039417,-0.009589,-0.034740,124.671257,0.670113,171.370773,-0.064880,1
291,9.700398,,0.049225,0.009809,-0.038616,121.299103,-3.372154,171.656891,0.286118,1
292,9.733733,,0.048270,-0.000956,-0.040459,119.802429,-1.496674,172.799225,1.142334,1
293,9.767068,,0.044506,-0.003764,-0.037621,120.374420,0.571991,172.376205,-0.423019,1
294,9.800402,,0.043778,-0.000728,-0.028249,119.020187,-1.354233,172.204758,-0.171448,1
295,9.833737,,0.053915,0.010137,-0.012061,119.347389,0.327202,170.849014,-1.355743,1
296,9.867072,,0.065622,0.011707,0.008721,119.948143,0.600754,173.761124,2.912109,1
297,9.900406,,0.094327,0.028705,0.030260,124.438087,4.489944,172.772537,-0.988586,1
298,9.933741,,0.160277,0.065950,0.047643,129.597961,5.159874,169.729584,-3.042953,1
299,9.967076,,0.164395,0.004118,0.056749,131.481110,1.883148,166.696671,-3.032913,1
300,10.000411,,0.147299,-0.017096,0.055263,133.500854,2.019745,167.695038,0.998367,1
301,10.033745,,0.150645,0.003346,0.043288,134.794357,1.293503,164.130127,-3.564911,1
302,10.067080,,0.071493,-0.079152,0.023945,130.781174,-4.013184,170.980331,6.850204,1
303,10.100415,,0.059131,-0.012362,0.001556,132.551392,1.770218,169.293823,-1.686508,1
304,10.133749,,0.064081,0.004950,-0.019183,130.997818,-1.553574,169.141418,-0.152405,1
305,10.167084,,0.057796,-0.006285,-0.034706,128.593735,-2.404083,165.885605,-3.255814,1
306,10.200419,,0.047785,-0.010011,-0.043203,125.209557,-3.384178,168.546204,2.660599,1
307,10.233753,,0.041621,-0.006164,-0.044650,124.905334,-0.304222,169.965469,1.419266,1
308,10.267088,,0.051878,0.010258,-0.040949,123.708069,-1.197266,170.825546,0.860077,1
309,10.300423,,0.056236,0.004358,-0.034657,123.959496,0.251427,171.056076,0.230530,1
310,10.333758,,0.063355,0.007118,-0.028482,122.733162,-1.226334,173.736160,2.680084,1
311,10.367092,,0.054687,-0.008668,-0.024447,121.390762,-1.342400,175.218765,1.482605,1
312,10.400427,,0.050198,-0.004489,-0.023406,118.933037,-2.457726,175.105835,-0.112930,1
313,10.433762,,0.066915,0.016716,-0.024888,119.005592,0.072556,173.939346,-1.166489,1
314,10.467096,,0.071788,0.004874,-0.027009,118.523186,-0.482407,174.296921,0.357574,1
315,10.500431,,0.077995,0.006206,-0.027107,117.256081,-1.267105,173.365768,-0.931152,1
316,10.533766,,0.087113,0.009118,-0.022151,119.278633,2.022552,174.306335,0.940567,1
317,10.567100,,0.078194,-0.008919,-0.010086,119.789909,0.511276,177.209564,2.903229,1
318,10.600435,,0.074864,-0.003330,0.009654,122.390068,2.600159,176.888260,-0.321304,1
319,10.633770,,0.121534,0.046670,0.035478,124.787598,2.397530,175.894363,-0.993896,1
320,10.667105,,0.131960,0.010426,0.063249,127.027954,2.240356,175.154526,-0.739838,1
321,10.700439,,0.178664,0.046704,0.087592,133.164062,6.136108,173.565338,-1.589188,1
322,10.733774,,0.216760,0.038095,0.102744,137.252426,4.088364,171.486450,-2.078888,1
323,10.767109,,0.216129,-0.000631,0.104995,134.680588,-2.571838,169.263824,-2.222626,1
324,10.800443,,0.241630,0.025501,0.093237,136.159134,1.478546,168.262161,-1.001663,1
325,10.833778,,0.139386,-0.102245,0.069444,131.538864,-4.620270,169.848938,1.586777,1
326,10.867113,,0.112274,-0.027111,0.038812,130.489548,-1.049316,164.636032,-5.212906,1
327,10.900447,,0.076835,-0.035439,0.007303,129.970474,-0.519073,166.879593,2.243561,1
328,10.933782,,0.050510,-0.026325,-0.019405,127.643524,-2.326950,174.680664,7.801071,1
329,10.967117,,0.056717,0.006207,-0.037792,125.469398,-2.174126,170.459152,-4.221512,1
330,11.000452,,0.069678,0.012961,-0.046693,125.044106,-0.425293,167.563385,-2.895767,1
331,11.033786,,0.052070,-0.017608,-0.047051,120.257492,-4.786613,165.118805,-2.444580,1
332,11.067121,,0.052695,0.000625,-0.041705,120.788612,0.531120,165.850266,0.731461,1
333,11.100456,,0.064464,0.011769,-0.033744,122.316658,1.528046,167.593903,1.743637,1
334,11.133790,,0.057316,-0.007149,-0.026060,121.547447,-0.769211,169.486237,1.892334,1
335,11.167125,,0.064788,0.007472,-0.020678,121.095764,-0.451683,171.592438,2.106201,1
336,11.200460,,0.065503,0.000715,-0.018596,121.667252,0.571487,170.962234,-0.630203,1
337,11.233794,,0.067063,0.001561,-0.019901,121.938049,0.270798,172.473389,1.511154,1
338,11.267129,,0.050539,-0.016524,-0.023722,121.241516,-0.696533,172.367798,-0.105591,1
339,11.300464,,0.069109,0.018570,-0.028721,122.656052,1.414536,172.483200,0.115402,1
340,11.333799,,0.062366,-0.006744,-0.033158,121.322418,-1.333633,171.991333,-0.491867,1
341,11.367133,,0.056781,-0.005585,-0.035214,119.809517,-1.512901,171.912491,-0.078842,1
342,11.400468,,0.050652,-0.006129,-0.033261,118.718613,-1.090904,169.402466,-2.510025,1
343,11.433803,,0.061676,0.011024,-0.026100,118.589867,-0.128746,169.278748,-0.123718,1
344,11.467137,,0.055864,-0.005811,-0.013710,117.387283,-1.202583,168.019943,-1.258804,1
345,11.500472,,0.083387,0.027523,0.002929,121.312202,3.924919,165.634399,-2.385544,1
346,11.533807,,0.123825,0.040438,0.021677,123.638756,2.326553,158.598877,-7.035522,1
347,11.567141,,0.113058,-0.010768,0.039480,121.101830,-2.536926,156.526306,-2.072571,1
348,11.600476,,0.116165,0.003107,0.053139,123.001640,1.899811,155.346909,-1.179398,1
349,11.633811,,0.131311,0.015146,0.059755,124.738243,1.736603,156.527359,1.180450,1
350,11.667146,,0.168601,0.037290,0.058010,127.887482,3.149239,157.332535,0.805176,1
351,11.700480,,0.147496,-0.021106,0.048119,131.027466,3.139984,165.248062,7.915527,1
352,11.733815,,0.142706,-0.004790,0.032045,135.327621,4.300156,174.343903,9.095840,1
353,11.767150,,0.062016,-0.080689,0.013325,130.083862,-5.243759,176.611343,2.267441,1
354,11.800484,,0.054242,-0.007774,-0.004422,128.575638,-1.508224,170.712036,-5.899307,1
355,11.833819,,0.054733,0.000491,-0.018237,124.024323,-4.551315,168.221115,-2.490921,1
356,11.867154,,0.055967,0.001233,-0.027003,125.139137,1.114815,168.205643,-0.015472,1
357,11.900489,,0.054179,-0.001788,-0.031281,125.550400,0.411263,168.949936,0.744293,1
358,11.933823,,0.052825,-0.001354,-0.032954,124.197807,-1.352592,169.637360,0.687424,1
359,11.967158,,0.043008,-0.009817,-0.034437,125.769180,1.571373,169.715103,0.077744,1
360,12.000493,,0.048668,0.005660,-0.037454,122.192719,-3.576462,170.863922,1.148819,1
361,12.033827,,0.042137,-0.006531,-0.042397,123.621811,1.429092,171.058777,0.194855,1
362,12.067162,,0.030276,-0.011861,-0.047856,122.012062,-1.609749,172.559769,1.500992,1
363,12.100497,,0.037186,0.006910,-0.051097,121.734398,-0.277664,173.876099,1.316330,1
364,12.133831,,0.038627,0.001441,-0.048633,119.932579,-1.801819,173.432205,-0.443893,1
365,12.167166,,0.039312,0.000685,-0.037858,120.087074,0.154495,176.682327,3.250122,1
366,12.200501,,0.056715,0.017403,-0.017753,120.615990,0.528915,174.242310,-2.440018,1
367,12.233836,,0.067263,0.010548,0.010319,121.681725,1.065735,175.585251,1.342941,1
368,12.267170,,0.125064,0.057801,0.042067,125.857643,4.175919,177.994278,2.409027,1
369,12.300505,,0.143817,0.018752,0.071712,131.049149,5.191505,172.412842,-5.581436,1
370,12.333840,,0.156570,0.012753,0.092860,129.350647,-1.698502,170.228485,-2.184357,1
371,12.367174,,0.265912,0.109342,0.100999,134.170120,4.819473,165.309357,-4.919128,1
372,12.400509,,0.157262,-0.108650,0.094274,131.490906,-2.679214,163.447586,-1.861771,1
373,12.433844,,0.197510,0.040249,0.074115,135.091263,3.600357,164.591873,1.144287,1
374,12.467178,,0.110692,-0.086818,0.045560,136.572556,1.481293,170.604034,6.012161,1
375,12.500513,,0.062469,-0.048224,0.014739,132.705307,-3.867249,171.535049,0.931015,1
376,12.533848,,0.044886,-0.017583,-0.012316,128.549805,-4.155502,168.838882,-2.696167,1
377,12.567183,,0.050305,0.005419,-0.031729,127.497025,-1.052780,167.444611,-1.394272,1
378,12.600517,,0.056051,0.005746,-0.042240,125.218193,-2.278831,164.717041,-2.727570,1
379,12.633852,,0.055003,-0.001048,-0.044998,124.163322,-1.054871,168.405731,3.688690,1
380,12.667187,,0.052154,-0.002849,-0.043111,125.731361,1.568039,169.892044,1.486313,1
381,12.700521,,0.051215,-0.000939,-0.039812,125.245499,-0.485863,170.788315,0.896271,1
382,12.733856,,0.049382,-0.001833,-0.037746,125.563751,0.318253,173.149399,2.361084,1
383,12.767191,,0.032191,-0.017192,-0.038150,123.098473,-2.465279,173.800095,0.650696,1
384,12.800525,,0.046310,0.014120,-0.040850,122.401497,-0.696976,174.568008,0.767914,1
385,12.833860,,0.029784,-0.016526,-0.044526,120.220680,-2.180817,175.678558,1.110550,1
386,12.867195,,0.033101,0.003317,-0.047215,118.952530,-1.268150,175.180237,-0.498322,1
387,12.900530,,0.039883,0.006782,-0.046955,117.667786,-1.284744,175.951859,0.771622,1
388,12.933864,,0.047185,0.007302,-0.042065,116.163551,-1.504234,175.253799,-0.698059,1
389,12.967199,,0.051142,0.003957,-0.031770,115.938629,-0.224922,176.840073,1.586273,1
390,13.000534,,0.075936,0.024794,-0.015972,121.283112,5.344482,174.774704,-2.065369,1
391,13.033868,,0.082739,0.006803,0.004656,121.870949,0.587837,171.878708,-2.895996,1
392,13.067203,,0.126839,0.044100,0.028420,123.433334,1.562386,161.182251,-10.696457,1
393,13.100538,,0.156431,0.029592,0.053061,123.346634,-0.086700,162.907593,1.725342,1
394,13.133872,,0.139197,-0.017234,0.075618,121.498756,-1.847878,160.775146,-2.132446,1
395,13.167207,,0.140837,0.001641,0.092921,124.030731,2.531975,162.188232,1.413086,1
396,13.200542,,0.163321,0.022483,0.101904,128.934601,4.903870,163.953110,1.764877,1
397,13.233877,,0.193434,0.030113,0.100113,130.821045,1.886444,162.715012,-1.238098,1
398,13.267211,,0.223089,0.029656,0.087273,136.736801,5.915756,164.711914,1.996902,1
399,13.300546,,0.207824,-0.015265,0.065004,138.569138,1.832336,173.942444,9.230530,1
400,13.333881,,0.097622,-0.110202,0.037051,134.820007,-3.749130,174.793442,0.850998,1
401,13.367215,,0.035291,-0.062331,0.008573,127.034927,-7.785080,168.008545,-6.784897,1
402,13.400550,,0.047764,0.012473,-0.015753,123.308571,-3.726357,167.745300,-0.263245,1
403,13.433885,,0.047771,0.000008,-0.032678,122.743904,-0.564667,167.735291,-0.010010,1
404,13.467219,,0.055720,0.007949,-0.041675,123.158478,0.414574,166.643707,-1.091583,1
405,13.500554,,0.046657,-0.009063,-0.044177,123.386330,0.227852,168.413574,1.769867,1
406,13.533889,,0.047956,0.001299,-0.042961,121.476799,-1.909531,167.394226,-1.019348,1
407,13.567224,,0.054848,0.006891,-0.041132,124.184570,2.707771,170.436447,3.042221,1
408,13.600558,,0.040817,-0.014030,-0.040838,124.222298,0.037727,171.434723,0.998276,1
409,13.633893,,0.032301,-0.008516,-0.042876,120.923805,-3.298492,170.980942,-0.453781,1
410,13.667228,,0.038230,0.005929,-0.046465,122.028908,1.105103,172.752319,1.771378,1
411,13.700562,,0.035314,-0.002916,-0.049896,120.263512,-1.765396,174.099350,1.347031,1
412,13.733897,,0.029536,-0.005778,-0.051100,118.868515,-1.394997,173.764587,-0.334763,1
413,13.767232,,0.037053,0.007517,-0.048622,119.272606,0.404091,175.171539,1.406952,1
414,13.800567,,0.040580,0.003526,-0.042031,118.785721,-0.486885,174.179016,-0.992523,1
415,13.833901,,0.048877,0.008297,-0.032153,119.660347,0.874626,175.177673,0.998657,1
416,13.867236,,0.065954,0.017077,-0.021045,123.450668,3.790321,175.095993,-0.081680,1
417,13.900571,,0.081541,0.015587,-0.011137,124.403000,0.952332,174.556747,-0.539246,1
418,13.933905,,0.074795,-0.006746,-0.004670,124.041840,-0.361160,174.383072,-0.173676,1
419,13.967240,,0.100150,0.025356,-0.002640,126.528275,2.486435,173.916428,-0.466644,1
420,14.000575,,0.093578,-0.006573,-0.004602,125.180138,-1.348137,175.694382,1.777954,1
421,14.033909,,0.079672,-0.013905,-0.008529,125.287560,0.107422,179.253189,3.558807,1
422,14.067244,,0.074997,-0.004675,-0.011242,123.536697,-1.750862,181.611038,2.357849,1
423,14.100579,,0.066041,-0.008956,-0.009451,121.146317,-2.390381,178.311844,-3.299194,1
424,14.133914,,0.108457,0.042415,-0.000511,123.327995,2.181679,177.763779,-0.548065,1
425,14.167248,,0.100198,-0.008258,0.016182,122.825340,-0.502655,174.177124,-3.586655,1
426,14.200583,,0.134490,0.034292,0.039314,126.957787,4.132446,171.171478,-3.005646,1
427,14.233918,,0.151103,0.016613,0.065482,125.222107,-1.735680,165.359253,-5.812225,1
428,14.267252,,0.169904,0.018801,0.089773,128.010880,2.788773,163.094208,-2.265045,1
429,14.300587,,0.216037,0.046132,0.107086,132.177948,4.167068,164.933502,1.839294,1
430,14.333922,,0.216463,0.000426,0.112998,132.220566,0.042618,164.744308,-0.189194,1
431,14.367256,,0.206134,-0.010329,0.105725,134.781647,2.561081,167.480438,2.736130,1
432,14.400591,,0.201829,-0.004305,0.085847,137.884491,3.102844,173.812897,6.332458,1
433,14.433926,,0.201969,0.000140,0.056465,138.913757,1.029266,177.026917,3.214020,1
434,14.467261,,0.055988,-0.145981,0.022804,132.249832,-6.663925,175.577698,-1.449219,1
435,14.500595,,0.070409,0.014420,-0.009844,130.991302,-1.258530,173.681274,-1.896423,1
436,14.533930,,0.060824,-0.009584,-0.036944,125.911064,-5.080238,170.436783,-3.244492,1
437,14.567265,,0.049876,-0.010949,-0.056143,126.610367,0.699303,170.176056,-0.260727,1
438,14.600599,,0.060188,0.010312,-0.067005,128.509995,1.899628,172.979218,2.803162,1
439,14.633934,,0.034837,-0.025351,-0.070674,123.049446,-5.460548,169.821671,-3.157547,1
440,14.667269,,0.032269,-0.002568,-0.069511,120.560692,-2.488754,170.705643,0.883972,1
441,14.700603,,0.035575,0.003306,-0.065793,120.332794,-0.227898,173.130981,2.425339,1
442,14.733938,,0.037816,0.002241,-0.061384,117.732414,-2.600380,173.759552,0.628571,1
443,14.767273,,0.040970,0.003154,-0.057356,119.059860,1.327446,177.531830,3.772278,1
444,14.800608,,0.045716,0.004746,-0.053858,118.405464,-0.654396,175.411209,-2.120621,1
445,14.833942,,0.055675,0.009958,-0.050229,116.936203,-1.469261,173.969299,-1.441910,1
446,14.867277,,0.070453,0.014779,-0.045270,118.545822,1.609619,176.334641,2.365341,1
447,14.900612,,0.061297,-0.009156,-0.037571,118.377235,-0.168587,176.834442,0.499802,1
448,14.933946,,0.081545,0.020248,-0.025827,121.876373,3.499138,175.647141,-1.187302,1
449,14.967281,,0.098607,0.017062,-0.009526,123.307610,1.431236,174.318115,-1.329025,1
450,15.000616,,0.123891,0.025284,0.011027,127.419365,4.111755,173.470825,-0.847290,1
451,15.033950,,0.118286,-0.005605,0.034412,124.612267,-2.807098,168.375168,-5.095657,1
452,15.067285,,0.170028,0.051742,0.058034,129.465179,4.852913,168.151199,-0.223969,1
453,15.100620,,0.185941,0.015913,0.078666,134.274948,4.809769,167.316177,-0.835022,1
454,15.133955,,0.229370,0.043429,0.092741,136.572983,2.298035,166.009033,-1.307144,1
455,15.167289,,0.146807,-0.082563,0.097572,131.118942,-5.454041,166.916641,0.907608,1
456,15.200624,,0.175858,0.029051,0.091552,136.249985,5.131042,167.760437,0.843796,1
457,15.233959,,0.247591,0.071733,0.074701,143.609024,7.359039,172.539124,4.778687,1
458,15.267293,,0.191057,-0.056534,0.049515,143.520737,-0.088287,177.701035,5.161911,1
459,15.300628,,0.095382,-0.095675,0.019862,138.416092,-5.104645,178.993744,1.292709,1
460,15.333963,,0.066692,-0.028690,-0.009404,135.822113,-2.593979,171.087540,-7.906204,1
461,15.367297,,0.056295,-0.010397,-0.033883,129.667679,-6.154434,168.540878,-2.546661,1
462,15.400632,,0.059050,0.002755,-0.050676,129.607010,-0.060669,171.064499,2.523621,1
463,15.433967,,0.045399,-0.013650,-0.058830,125.035942,-4.571068,167.654068,-3.410431,1
464,15.467302,,0.046513,0.001113,-0.059822,124.532814,-0.503128,170.042603,2.388535,1
465,15.500636,,0.047242,0.000729,-0.056265,125.948853,1.416039,170.229263,0.186661,1
466,15.533971,,0.057633,0.010391,-0.051300,127.031548,1.082695,173.688736,3.459473,1
467,15.567306,,0.057936,0.000303,-0.047561,126.916588,-0.114960,175.339203,1.650467,1
468,15.600640,,0.052670,-0.005266,-0.046374,126.650253,-0.266335,173.609970,-1.729233,1
469,15.633975,,0.048916,-0.003754,-0.047538,128.290131,1.639877,177.672867,4.062897,1
470,15.667310,,0.038433,-0.010483,-0.049338,126.354240,-1.935890,174.092041,-3.580826,1
471,15.700644,,0.058778,0.020344,-0.049277,128.071884,1.717644,172.424606,-1.667435,1
472,15.733979,,0.058173,-0.000605,-0.044607,127.721825,-0.350060,171.499313,-0.925293,1
473,15.767314,,0.057599,-0.000574,-0.033469,128.764526,1.042702,173.398254,1.898941,1
474,15.800649,,0.077462,0.019863,-0.015173,129.502258,0.737732,175.465576,2.067322,1
475,15.833983,,0.097794,0.020331,0.009387,130.533615,1.031357,173.314255,-2.151321,1
476,15.867318,,0.134895,0.037101,0.037451,131.664612,1.130997,170.609985,-2.704269,1
477,15.900653,,0.166363,0.031468,0.065301,133.675827,2.011215,164.325699,-6.284286,1
478,15.933987,,0.206452,0.040089,0.088610,130.239105,-3.436722,163.244049,-1.081650,1
479,15.967322,,0.171380,-0.035072,0.103692,130.280090,0.040985,164.361542,1.117493,1
480,16.000657,,0.189412,0.018032,0.107898,131.784515,1.504425,163.442001,-0.919540,1
481,16.033992,,0.192911,0.003499,0.100064,136.597565,4.813049,163.142548,-0.299454,1
482,16.067326,,0.192964,0.000053,0.081472,138.480652,1.883087,165.776459,2.633911,1
483,16.100661,,0.167977,-0.024987,0.054850,139.335892,0.855240,173.910294,8.133835,1
484,16.133996,,0.106401,-0.061576,0.024298,137.141449,-2.194443,175.710815,1.800522,1
485,16.167330,,0.049948,-0.056453,-0.005505,129.611740,-7.529709,172.034668,-3.676147,1
486,16.200665,,0.051429,0.001481,-0.030547,124.101120,-5.510620,169.469849,-2.564819,1
487,16.234000,,0.043843,-0.007585,-0.047974,126.446846,2.345726,168.704834,-0.765015,1
488,16.267334,,0.043714,-0.000130,-0.057033,125.508255,-0.938591,171.363892,2.659058,1
489,16.300669,,0.031826,-0.011888,-0.058415,122.619858,-2.888397,171.666885,0.302994,1
490,16.334004,,0.035100,0.003274,-0.054045,122.649773,0.029915,174.232468,2.565582,1
491,16.367339,,0.028588,-0.006512,-0.046720,123.541206,0.891434,176.573898,2.341431,1
492,16.400673,,0.036175,0.007588,-0.039059,122.359543,-1.181664,176.161209,-0.412689,1
493,16.434008,,0.047797,0.011622,-0.033181,124.272820,1.913277,175.848297,-0.312912,1
494,16.467343,,0.054172,0.006375,-0.030046,123.437584,-0.835236,176.733765,0.885468,1
495,16.500677,,0.065563,0.011391,-0.029356,123.637047,0.199463,177.074173,0.340408,1
496,16.534012,,0.060643,-0.004920,-0.029535,123.751122,0.114075,176.451050,-0.623123,1
497,16.567347,,0.050293,-0.010350,-0.028135,120.159042,-3.592079,174.911407,-1.539642,1
498,16.600681,,0.066750,0.016457,-0.022634,120.614532,0.455490,173.456787,-1.454620,1
499,16.634016,,0.060503,-0.006246,-0.011144,122.308563,1.694031,175.106903,1.650116,1
500,16.667351,,0.073150,0.012647,0.006429,123.123528,0.814964,173.819580,-1.287323,1
501,16.700686,,0.108103,0.034953,0.028457,128.892776,5.769249,172.743744,-1.075836,1
502,16.734020,,0.114577,0.006474,0.051509,129.460831,0.568054,170.774155,-1.969589,1
503,16.767355,,0.188417,0.073840,0.071149,134.974976,5.514145,165.108200,-5.665955,1
504,16.800690,,0.152683,-0.035734,0.083108,130.714584,-4.260391,168.465027,3.356827,1
505,16.834024,,0.155382,0.002699,0.084159,134.486343,3.771759,170.379669,1.914642,1
506,16.867359,,0.198703,0.043321,0.073668,133.411957,-1.074387,169.981354,-0.398315,1
507,16.900694,,0.119196,-0.079508,0.053052,135.533707,2.121750,173.745438,3.764084,1
508,16.934028,,0.102011,-0.017184,0.025758,135.595276,0.061569,174.745834,1.000397,1
509,16.967363,,0.061598,-0.040414,-0.003412,131.776962,-3.818314,173.242004,-1.503830,1
510,17.000698,,0.042073,-0.019525,-0.029896,124.993904,-6.783058,167.876358,-5.365646,1
511,17.034033,,0.038020,-0.004053,-0.050004,121.300797,-3.693108,167.574646,-0.301712,1
512,17.067367,,0.027227,-0.010793,-0.062062,122.933624,1.632828,172.463715,4.889069,1
513,17.100702,,0.009491,-0.017736,-0.066063,121.082130,-1.851494,175.295929,2.832214,1
514,17.134037,,0.018796,0.009306,-0.063534,121.679825,0.597694,177.060684,1.764755,1
515,17.167371,,0.029816,0.011019,-0.057214,121.929565,0.249741,176.706360,-0.354324,1
516,17.200706,,0.026654,-0.003162,-0.049846,120.621460,-1.308105,176.162857,-0.543503,1
517,17.234041,,0.036792,0.010139,-0.043738,121.784035,1.162575,175.634903,-0.527954,1
518,17.267375,,0.036419,-0.000373,-0.040051,119.926979,-1.857056,176.331497,0.696594,1
519,17.300710,,0.043413,0.006994,-0.038658,121.356766,1.429787,176.034775,-0.296722,1
520,17.334045,,0.054568,0.011155,-0.038156,122.456039,1.099274,177.547653,1.512878,1
521,17.367380,,0.050738,-0.003830,-0.036265,121.558983,-0.897057,179.306473,1.758820,1
522,17.400714,,0.043072,-0.007666,-0.030533,118.290489,-3.268494,179.480255,0.173782,1
523,17.434049,,0.052425,0.009353,-0.018961,118.520134,0.229645,176.836212,-2.644043,1
524,17.467384,,0.072517,0.020092,-0.001068,119.304619,0.784485,176.482803,-0.353409,1
525,17.500718,,0.110041,0.037524,0.022171,124.874832,5.570213,177.830673,1.347870,1
526,17.534053,,0.119988,0.009947,0.048161,128.955994,4.081161,174.540390,-3.290283,1
527,17.567388,,0.175589,0.055600,0.073118,136.924072,7.968079,179.510941,4.970551,1
528,17.600722,,0.175870,0.000282,0.093004,137.800888,0.876816,175.393997,-4.116943,1
529,17.634057,,0.165614,-0.010256,0.104091,136.388489,-1.412399,170.400970,-4.993027,1
530,17.667392,,0.156105,-0.009509,0.104329,134.520401,-1.868088,171.423981,1.023010,1
531,17.700727,,0.182823,0.026718,0.093212,138.103378,3.582977,169.608246,-1.815735,1
532,17.734061,,0.216748,0.033926,0.072186,141.484146,3.380768,172.201035,2.592789,1
533,17.767396,,0.108329,-0.108419,0.044891,139.064774,-2.419373,178.290604,6.089569,1
534,17.800731,,0.075209,-0.033120,0.015750,138.694595,-0.370178,175.031281,-3.259323,1
535,17.834065,,0.038778,-0.036432,-0.010657,127.991425,-10.703171,168.847595,-6.183685,1
536,17.867400,,0.038605,-0.000172,-0.031035,123.354561,-4.636864,168.120682,-0.726913,1
537,17.900735,,0.030532,-0.008073,-0.043835,124.361603,1.007042,168.590744,0.470062,1
538,17.934070,,0.037908,0.007376,-0.049344,124.790817,0.429214,169.959885,1.369141,1
539,17.967404,,0.032559,-0.005350,-0.049573,121.952896,-2.837921,170.525482,0.565598,1
540,18.000739,,0.036664,0.004106,-0.046936,123.450348,1.497452,173.754654,3.229172,1
541,18.034074,,0.028086,-0.008578,-0.043723,121.261749,-2.188599,174.558090,0.803436,1
542,18.067408,,0.019523,-0.008563,-0.041448,120.235893,-1.025856,175.844086,1.285995,1
543,18.100743,,0.036685,0.017162,-0.040618,120.471252,0.235359,175.236053,-0.608032,1
544,18.134078,,0.026825,-0.009860,-0.040843,119.319290,-1.151962,176.648315,1.412262,1
545,18.167412,,0.020902,-0.005923,-0.041081,119.882065,0.562775,176.152100,-0.496216,1
546,18.200747,,0.027373,0.006470,-0.040080,120.619003,0.736938,176.442108,0.290009,1
547,18.234082,,0.043223,0.015851,-0.036603,120.974670,0.355667,178.400177,1.958069,1
548,18.267417,,0.040068,-0.003155,-0.029814,120.207809,-0.766861,179.602127,1.201950,1
549,18.300751,,0.052462,0.012394,-0.019204,120.263992,0.056183,179.623291,0.021164,1
550,18.334086,,0.052947,0.000485,-0.004675,119.226685,-1.037308,179.633942,0.010651,1
551,18.367421,,0.110258,0.057311,0.013218,124.688354,5.461670,178.664597,-0.969345,1
552,18.400755,,0.106625,-0.003633,0.033504,125.120216,0.431862,176.077576,-2.587021,1
553,18.434090,,0.117721,0.011096,0.054596,128.245132,3.124916,177.222763,1.145187,1
554,18.467425,,0.142264,0.024543,0.074308,131.138916,2.893784,172.656693,-4.566071,1
555,18.500759,,0.151613,0.009349,0.090023,130.071777,-1.067139,170.892578,-1.764114,1
556,18.534094,,0.165949,0.014337,0.098863,129.777710,-0.294067,168.980988,-1.911591,1
557,18.567429,,0.162121,-0.003829,0.098730,130.411072,0.633362,168.145203,-0.835785,1
558,18.600764,,0.167726,0.005606,0.088491,135.463623,5.052551,171.030899,2.885696,1
559,18.634098,,0.229417,0.061691,0.068665,139.412338,3.948715,172.526382,1.495483,1
560,18.667433,,0.104556,-0.124861,0.042038,135.231628,-4.180710,176.851883,4.325500,1
561,18.700768,,0.067231,-0.037325,0.012530,134.138672,-1.092957,176.273209,-0.578674,1
562,18.734102,,0.032423,-0.034808,-0.015382,126.931709,-7.206963,169.972137,-6.301071,1
563,18.767437,,0.046657,0.014233,-0.038094,125.949036,-0.982674,167.309235,-2.662903,1
564,18.800772,,0.032354,-0.014303,-0.053561,124.670189,-1.278847,172.007217,4.697983,1
565,18.834106,,0.042162,0.009808,-0.061498,125.906097,1.235909,173.610001,1.602783,1
566,18.867441,,0.030673,-0.011488,-0.063449,122.443863,-3.462234,173.103165,-0.506836,1
567,18.900776,,0.028199,-0.002475,-0.061561,119.896385,-2.547478,173.991394,0.888229,1
568,18.934111,,0.040912,0.012713,-0.058099,118.770729,-1.125656,175.181671,1.190277,1
569,18.967445,,0.048236,0.007324,-0.054810,118.215401,-0.555328,175.679184,0.497513,1
570,19.000780,,0.035741,-0.012495,-0.052520,117.933281,-0.282120,175.885727,0.206543,1
571,19.034115,,0.036802,0.001061,-0.051211,116.067154,-1.866127,176.230484,0.344757,1
572,19.067449,,0.055127,0.018325,-0.050202,117.601326,1.534172,175.309006,-0.921478,1
573,19.100784,,0.063094,0.007967,-0.048592,116.570221,-1.031105,173.547256,-1.761749,1
574,19.134119,,0.062260,-0.000833,-0.045546,115.401100,-1.169121,171.101227,-2.446030,1
575,19.167453,,0.061605,-0.000656,-0.040686,114.354713,-1.046387,168.349945,-2.751282,1
576,19.200788,,0.083049,0.021444,-0.034159,115.397636,1.042923,166.679932,-1.670013,1
577,19.234123,,0.092574,0.009525,-0.026734,118.067032,2.669395,168.896591,2.216660,1
578,19.267458,,0.097475,0.004901,-0.019717,117.534523,-0.532509,166.581207,-2.315384,1
579,19.300792,,0.122783,0.025308,-0.014662,123.645035,6.110512,170.493774,3.912567,1
580,19.334127,,0.096875,-0.025908,-0.013143,124.468468,0.823433,165.836685,-4.657089,1
581,19.367462,,0.056420,-0.040455,-0.016092,120.836838,-3.631630,163.008957,-2.827728,1
582,19.400796,,0.078521,0.022101,-0.023559,124.050011,3.213173,161.294373,-1.714584,1
583,19.434131,,0.085673,0.007151,-0.034040,124.972725,0.922714,158.294464,-2.999908,1
584,19.467466,,0.125737,0.040064,-0.043997,129.637619,4.664894,155.171310,-3.123154,1
585,19.500800,,0.159713,0.033977,-0.048158,131.694977,2.057358,154.646851,-0.524460,1
586,19.534135,,0.090857,-0.068856,-0.040109,127.994545,-3.700432,158.055634,3.408783,1
587,19.567470,,0.067663,-0.023194,-0.015035,126.101524,-1.893021,157.050400,-1.005234,1
588,19.600805,,0.096175,0.028512,0.028857,128.778320,2.676796,162.253860,5.203461,1
589,19.634139,,0.196352,0.100177,0.088205,135.740738,6.962418,162.063293,-0.190567,1
590,19.667474,,0.278732,0.082380,0.153573,137.800949,2.060211,162.025009,-0.038284,1
591,19.700809,,0.287968,0.009236,0.212144,135.774429,-2.026520,157.953323,-4.071686,1
592,19.734143,,0.388756,0.100789,0.249963,141.537292,5.762863,155.726547,-2.226776,1
593,19.767478,,0.500039,0.111283,0.257442,150.021881,8.484589,160.458694,4.732147,1
594,19.800813,,0.419524,-0.080516,0.231021,145.643280,-4.378601,168.670593,8.211899,1
595,19.834148,,0.314440,-0.105084,0.174920,139.917557,-5.725723,170.374359,1.703766,1
596,19.867482,,0.165256,-0.149184,0.101091,132.300949,-7.616608,172.212219,1.837860,1
597,19.900817,,0.052130,-0.113126,0.023801,127.445053,-4.855896,172.632584,0.420364,1
598,19.934152,,0.037859,-0.014271,-0.043196,125.394974,-2.050079,170.429977,-2.202606,1
599,19.967486,,0.040727,0.002868,-0.091166,125.411636,0.016663,170.824615,0.394638,1
600,20.000821,,0.023371,-0.017356,-0.117008,122.473343,-2.938293,168.706238,-2.118378,1
601,20.034156,,0.024156,0.000785,-0.122914,119.068069,-3.405273,169.206390,0.500153,1
602,20.067490,,0.019579,-0.004577,-0.115277,118.479080,-0.588989,167.529984,-1.676407,1
603,20.100825,,0.015297,-0.004282,-0.100937,116.016144,-2.462936,168.229706,0.699722,1
604,20.134160,,0.023597,0.008300,-0.085927,117.510017,1.493874,168.137604,-0.092102,1
605,20.167495,,0.010696,-0.012901,-0.074064,115.155273,-2.354744,169.883926,1.746323,1
606,20.200829,,0.016409,0.005714,-0.066809,114.495659,-0.659615,171.382645,1.498718,1
607,20.234164,,0.021680,0.005271,-0.063826,114.683060,0.187401,173.079773,1.697128,1
608,20.267499,,0.041029,0.019349,-0.063542,116.484245,1.801186,172.473312,-0.606461,1
609,20.300833,,0.039258,-0.001771,-0.064122,117.924393,1.440147,171.018417,-1.454895,1
610,20.334168,,0.030244,-0.009014,-0.063709,119.665077,1.740685,169.838593,-1.179825,1
611,20.367503,,0.038207,0.007963,-0.060766,123.110329,3.445251,169.237747,-0.600845,1
612,20.400837,,0.051520,0.013312,-0.054086,123.660553,0.550224,162.554779,-6.682968,1
613,20.434172,,0.048245,-0.003275,-0.042867,122.186768,-1.473785,161.731247,-0.823532,1
614,20.467507,,0.048604,0.000359,-0.027142,122.052383,-0.134384,160.653366,-1.077881,1
615,20.500842,,0.066638,0.018034,-0.007693,121.392464,-0.659920,157.300644,-3.352722,1
616,20.534176,,0.093822,0.027184,0.013650,124.303925,2.911461,156.701370,-0.599274,1
617,20.567511,,0.099340,0.005518,0.034125,122.957405,-1.346519,157.279312,0.577942,1
618,20.600846,,0.122257,0.022916,0.050594,122.464577,-0.492828,159.036758,1.757446,1
619,20.634180,,0.162443,0.040186,0.060078,127.581009,5.116432,159.231812,0.195053,1
620,20.667515,,0.142098,-0.020345,0.060989,125.721611,-1.859398,161.144653,1.912842,1
621,20.700850,,0.132545,-0.009554,0.053202,128.067795,2.346184,162.634567,1.489914,1
622,20.734184,,0.119736,-0.012809,0.038387,132.503693,4.435898,169.893692,7.259125,1
623,20.767519,,0.075382,-0.044354,0.019842,127.263733,-5.239960,171.083237,1.189545,1
624,20.800854,,0.074920,-0.000462,0.001222,128.797729,1.533997,168.007645,-3.075592,1
625,20.834189,,0.047081,-0.027839,-0.014112,124.457611,-4.340118,166.274384,-1.733261,1
626,20.867523,,0.038389,-0.008692,-0.024210,120.260002,-4.197609,163.872711,-2.401672,1
627,20.900858,,0.037393,-0.000996,-0.028682,119.515129,-0.744873,162.970581,-0.902130,1
628,20.934193,,0.035792,-0.001601,-0.028682,117.477196,-2.037933,164.252899,1.282318,1
629,20.967527,,0.039781,0.003989,-0.026475,116.246017,-1.231178,165.472595,1.219696,1
630,21.000862,,0.054373,0.014593,-0.024297,117.249474,1.003456,167.689545,2.216949,1
631,21.034197,,0.048442,-0.005931,-0.023690,118.017044,0.767570,169.557800,1.868256,1
632,21.067531,,0.051048,0.002606,-0.024799,118.988029,0.970985,165.558075,-3.999725,1
633,21.100866,,0.026287,-0.024762,-0.026433,116.048431,-2.939598,166.185654,0.627579,1
634,21.134201,,0.031496,0.005210,-0.026375,119.044182,2.995750,163.754669,-2.430984,1
635,21.167536,,0.036506,0.005010,-0.022311,121.180000,2.135818,162.575424,-1.179245,1
636,21.200870,,0.042720,0.006213,-0.012507,119.367897,-1.812103,165.967270,3.391846,1
637,21.234205,,0.071446,0.028727,0.003571,123.344948,3.977051,170.305252,4.337982,1
638,21.267540,,0.101456,0.030010,0.024699,124.356316,1.011368,168.586212,-1.719040,1
639,21.300874,,0.113894,0.012437,0.048462,126.344559,1.988243,165.078918,-3.507294,1
640,21.334209,,0.119139,0.005245,0.071437,125.181107,-1.163452,165.160873,0.081955,1
641,21.367544,,0.156867,0.037728,0.090045,123.540558,-1.640549,163.444962,-1.715912,1
642,21.400878,,0.168261,0.011394,0.101179,124.967888,1.427330,163.990219,0.545258,1
643,21.434213,,0.155903,-0.012358,0.102771,122.907669,-2.060219,164.380920,0.390701,1
644,21.467548,,0.179985,0.024082,0.094732,127.555511,4.647842,161.177170,-3.203751,1
645,21.500883,,0.154425,-0.025560,0.078373,129.007477,1.451965,163.126160,1.948990,1
646,21.534217,,0.098911,-0.055514,0.056417,130.099899,1.092422,167.413452,4.287292,1
647,21.567552,,0.100796,0.001885,0.032457,129.872849,-0.227051,175.582504,8.169052,1
648,21.600887,,0.059809,-0.040987,0.009819,127.613434,-2.259415,177.372437,1.789932,1
649,21.634221,,0.053834,-0.005976,-0.008884,125.443367,-2.170067,167.855118,-9.517319,1
650,21.667556,,0.040367,-0.013467,-0.022461,119.408539,-6.034828,165.507111,-2.348007,1
651,21.700891,,0.041271,0.000903,-0.030871,120.696152,1.287613,165.962891,0.455780,1
652,21.734226,,0.031204,-0.010066,-0.035039,117.007744,-3.688408,167.999756,2.036865,1
653,21.767560,,0.031706,0.000502,-0.036503,116.685867,-0.321877,170.196411,2.196655,1
654,21.800895,,0.028592,-0.003115,-0.036649,115.135040,-1.550827,170.078278,-0.118134,1
655,21.834230,,0.022369,-0.006223,-0.036494,114.228905,-0.906136,173.196838,3.118561,1
656,21.867564,,0.030406,0.008037,-0.036468,114.738586,0.509682,175.612122,2.415283,1
657,21.900899,,0.030424,0.000018,-0.036448,115.180977,0.442390,175.340652,-0.271469,1
658,21.934234,,0.036780,0.006357,-0.035938,116.063087,0.882111,173.427780,-1.912872,1
659,21.967568,,0.029076,-0.007704,-0.034396,115.497375,-0.565712,176.051956,2.624176,1
660,22.000903,,0.035147,0.006071,-0.031482,119.012306,3.514931,176.693756,0.641800,1
661,22.034238,,0.039862,0.004715,-0.027282,119.078529,0.066223,172.482834,-4.210922,1
662,22.067573,,0.051200,0.011338,-0.022434,122.602547,3.524017,173.940079,1.457245,1
663,22.100907,,0.039204,-0.011996,-0.017932,120.168121,-2.434425,172.164948,-1.775131,1
664,22.134242,,0.074452,0.035248,-0.014942,123.354591,3.186470,170.741058,-1.423889,1
665,22.167577,,0.052087,-0.022364,-0.014354,119.355270,-3.999321,168.870102,-1.870956,1
666,22.200911,,0.060195,0.008107,-0.016599,121.371719,2.016449,170.507919,1.637817,1
667,22.234246,,0.061366,0.001171,-0.021454,124.498558,3.126839,171.355042,0.847122,1
668,22.267581,,0.041428,-0.019938,-0.027973,123.843536,-0.655022,172.529663,1.174622,1
669,22.300915,,0.043121,0.001693,-0.034887,123.304443,-0.539093,171.874084,-0.655579,1
670,22.334250,,0.042070,-0.001052,-0.040821,123.460976,0.156532,171.900620,0.026535,1
671,22.367585,,0.032759,-0.009311,-0.044749,120.587875,-2.873100,170.623535,-1.277084,1
672,22.400920,,0.031858,-0.000901,-0.046142,122.389557,1.801682,173.123428,2.499893,1
673,22.434254,,0.025685,-0.006173,-0.045015,122.497246,0.107689,171.596054,-1.527374,1
674,22.467589,,0.038638,0.012952,-0.041835,124.393616,1.896370,171.708710,0.112656,1
675,22.500924,,0.043889,0.005252,-0.036955,125.737686,1.344070,170.176422,-1.532288,1
676,22.534258,,0.055334,0.011445,-0.030226,128.812973,3.075287,167.406036,-2.770386,1
677,22.567593,,0.068604,0.013270,-0.020766,130.518707,1.705734,164.310974,-3.095062,1
678,22.600928,,0.114940,0.046336,-0.006895,135.939468,5.420761,165.004166,0.693192,1
679,22.634262,,0.125102,0.010162,0.013351,137.375732,1.436264,161.993958,-3.010208,1
680,22.667597,,0.149883,0.024781,0.040885,137.506790,0.131058,158.683075,-3.310883,1
681,22.700932,,0.116373,-0.033510,0.074837,133.147934,-4.358856,173.274155,14.591080,1
682,22.734267,,0.160162,0.043788,0.111430,139.515137,6.367203,166.502136,-6.772018,1
683,22.767601,,0.190749,0.030587,0.144091,142.027725,2.512589,163.956299,-2.545837,1
684,22.800936,,0.247101,0.056352,0.164870,141.510147,-0.517578,164.258072,0.301773,1
685,22.834271,,0.330440,0.083339,0.166443,145.120621,3.610474,165.572403,1.314331,1
686,22.867605,,0.331177,0.000737,0.145839,142.061478,-3.059143,174.766632,9.194229,1
687,22.900940,,0.262156,-0.069021,0.104810,137.825912,-4.235565,173.922577,-0.844055,1
688,22.934275,,0.089708,-0.172448,0.050471,127.465622,-10.360291,170.659729,-3.262848,1
689,22.967609,,0.012075,-0.077633,-0.006483,121.040184,-6.425438,169.406403,-1.253326,1
690,23.000944,,0.012202,0.000127,-0.055647,120.009521,-1.030663,172.157089,2.750687,1
691,23.034279,,0.012921,0.000718,-0.089222,117.771339,-2.238182,170.386688,-1.770401,1
692,23.067614,,0.007746,-0.005174,-0.104754,115.889595,-1.881744,169.853714,-0.532974,1
693,23.100948,,0.008243,0.000496,-0.104056,114.775734,-1.113861,170.658707,0.804993,1
694,23.134283,,0.019972,0.011729,-0.092380,116.054901,1.279167,171.281082,0.622375,1
695,23.167618,,0.027553,0.007581,-0.076457,114.636711,-1.418190,174.926498,3.645416,1
696,23.200952,,0.051836,0.024283,-0.061727,114.287476,-0.349236,174.111526,-0.814972,1
697,23.234287,,0.061554,0.009718,-0.051239,114.713829,0.426353,175.801575,1.690048,1
698,23.267622,,0.022724,-0.038830,-0.044822,113.087372,-1.626457,173.342102,-2.459473,1
699,23.300956,,0.081592,0.058868,-0.039964,118.102425,5.015053,176.624542,3.282440,1
700,23.334291,,0.051718,-0.029873,-0.032891,119.164078,1.061653,177.346375,0.721832,1
701,23.367626,,0.053223,0.001505,-0.020386,117.193481,-1.970596,175.563492,-1.782883,1
702,23.400961,,0.091743,0.038520,-0.000905,124.634033,7.440552,176.319534,0.756042,1
703,23.434295,,0.133059,0.041315,0.024695,129.999847,5.365814,175.425278,-0.894257,1
704,23.467630,,0.174385,0.041326,0.053104,129.281754,-0.718094,173.691895,-1.733383,1
705,23.500965,,0.190881,0.016496,0.079756,134.505615,5.223862,173.881561,0.189667,1
706,23.534299,,0.199898,0.009017,0.099666,132.213318,-2.292297,168.872849,-5.008713,1
707,23.567634,,0.176280,-0.023618,0.109073,130.902435,-1.310883,167.911331,-0.961517,1
708,23.600969,,0.202836,0.026556,0.105786,129.330322,-1.572113,166.081757,-1.829575,1
709,23.634304,,0.187726,-0.015109,0.089807,130.491425,1.161102,167.908096,1.826340,1
710,23.667638,,0.222349,0.034623,0.063829,133.416534,2.925110,169.538071,1.629974,1
711,23.700973,,0.106805,-0.115545,0.031946,130.949646,-2.466888,177.185318,7.647247,1
712,23.734308,,0.101500,-0.005305,-0.000793,131.783279,0.833633,182.700912,5.515594,1
713,23.767642,,0.045436,-0.056064,-0.029818,127.197044,-4.586235,177.512421,-5.188492,1
714,23.800977,,0.028198,-0.017238,-0.052076,124.187431,-3.009613,173.210205,-4.302216,1
715,23.834312,,0.027185,-0.001014,-0.066525,124.355850,0.168419,171.700394,-1.509811,1
716,23.867646,,0.028078,0.000893,-0.074340,122.872993,-1.482857,175.785995,4.085602,1
717,23.900981,,0.044851,0.016774,-0.077609,121.001213,-1.871780,175.193237,-0.592758,1
718,23.934316,,0.022733,-0.022118,-0.078514,119.301529,-1.699684,173.965515,-1.227722,1
719,23.967651,,0.023653,0.000919,-0.078357,119.589119,0.287590,174.652115,0.686600,1
720,24.000985,,0.035277,0.011624,-0.077004,121.253792,1.664673,176.651398,1.999283,1
721,24.034320,,0.030303,-0.004973,-0.073128,119.552284,-1.701508,176.330597,-0.320801,1
722,24.067655,,0.021077,-0.009226,-0.065112,118.528252,-1.024033,175.962738,-0.367859,1
723,24.100989,,0.039061,0.017983,-0.051882,122.600143,4.071892,177.151886,1.189148,1
724,24.134324,,0.043809,0.004748,-0.033827,123.398422,0.798279,175.404755,-1.747131,1
725,24.167659,,0.070767,0.026958,-0.013262,124.622696,1.224274,176.995361,1.590607,1
726,24.200993,,0.111906,0.041139,0.006294,128.502960,3.880264,177.167023,0.171661,1
727,24.234328,,0.161803,0.049898,0.020895,133.910431,5.407471,179.424896,2.257874,1
728,24.267663,,0.156764,-0.005039,0.027799,136.651215,2.740784,177.108109,-2.316788,1
729,24.300998,,0.131498,-0.025266,0.026035,131.148453,-5.502762,178.964737,1.856628,1
730,24.334332,,0.097138,-0.034360,0.016821,129.941315,-1.207138,176.145996,-2.818741,1
731,24.367667,,0.090614,-0.006524,0.003304,124.838150,-5.103165,172.418457,-3.727539,1
732,24.401002,,0.085114,-0.005500,-0.010837,127.140854,2.302704,173.424515,1.006058,1
733,24.434336,,0.063435,-0.021680,-0.022063,127.749664,0.608810,172.613556,-0.810959,1
734,24.467671,,0.065529,0.002095,-0.027944,125.934319,-1.815346,170.464035,-2.149521,1
735,24.501006,,0.077071,0.011542,-0.027122,127.680542,1.746223,169.848572,-0.615463,1
736,24.534340,,0.096215,0.019144,-0.019175,133.020035,5.339493,171.850693,2.002121,1
737,24.567675,,0.132148,0.035933,-0.004532,135.061737,2.041702,172.054855,0.204163,1
738,24.601010,,0.106388,-0.025761,0.016227,132.111511,-2.950226,169.259216,-2.795639,1
739,24.634345,,0.146038,0.039650,0.042055,138.572601,6.461090,170.895508,1.636292,1
740,24.667679,,0.134584,-0.011454,0.070966,137.227142,-1.345459,170.143372,-0.752136,1
741,24.701014,,0.195819,0.061235,0.099951,140.498657,3.271515,169.182419,-0.960953,1
742,24.734349,,0.201388,0.005569,0.124696,140.526932,0.028275,169.727997,0.545578,1
743,24.767683,,0.232129,0.030740,0.140501,141.638901,1.111969,169.301544,-0.426453,1
744,24.801018,,0.210140,-0.021988,0.143036,139.759674,-1.879227,168.503708,-0.797836,1
745,24.834353,,0.259834,0.049693,0.129732,142.164001,2.404327,168.835617,0.331909,1
746,24.867687,,0.272168,0.012334,0.101588,142.850983,0.686981,167.082367,-1.753250,1
747,24.901022,,0.160229,-0.111938,0.062489,132.403473,-10.447510,167.354034,0.271667,1
748,24.934357,,0.062030,-0.098199,0.019084,125.781181,-6.622292,166.212265,-1.141769,1
749,24.967692,,0.020515,-0.041515,-0.021124,124.915993,-0.865189,164.359787,-1.852478,1
750,25.001026,,0.011581,-0.008935,-0.051943,120.822464,-4.093529,164.175308,-0.184479,1
751,25.034361,,0.020639,0.009058,-0.069810,121.365776,0.543312,166.320282,2.144974,1
752,25.067696,,0.020785,0.000146,-0.074948,121.841255,0.475479,168.987213,2.666931,1
753,25.101030,,0.028723,0.007939,-0.069949,121.430893,-0.410362,169.703125,0.715912,1
754,25.134365,,0.042849,0.014126,-0.059004,120.955109,-0.475784,168.846222,-0.856903,1
755,25.167700,,0.029680,-0.013169,-0.046498,121.702980,0.747871,168.508698,-0.337524,1
756,25.201034,,0.031147,0.001467,-0.035637,120.774651,-0.928329,171.892960,3.384262,1
757,25.234369,,0.044778,0.013631,-0.028158,122.462357,1.687706,169.553162,-2.339798,1
758,25.267704,,0.049657,0.004878,-0.024159,122.316818,-0.145538,170.098724,0.545563,1
759,25.301039,,0.052002,0.002345,-0.022793,123.518227,1.201408,170.723785,0.625061,1
760,25.334373,,0.047856,-0.004146,-0.022761,123.089455,-0.428772,169.307098,-1.416687,1
761,25.367708,,0.043426,-0.004430,-0.022898,123.239120,0.149666,170.885040,1.577942,1
762,25.401043,,0.050239,0.006812,-0.022591,124.406281,1.167160,172.174438,1.289398,1
763,25.434377,,0.055884,0.005645,-0.021810,125.928726,1.522446,172.563568,0.389130,1
764,25.467712,,0.058363,0.002479,-0.020957,126.393723,0.464996,171.528473,-1.035095,1
765,25.501047,,0.050892,-0.007471,-0.020524,125.191338,-1.202385,170.746719,-0.781754,1
766,25.534381,,0.054028,0.003135,-0.020828,126.700447,1.509109,171.972870,1.226151,1
767,25.567716,,0.042980,-0.011048,-0.021822,122.832893,-3.867554,171.711761,-0.261108,1
768,25.601051,,0.049467,0.006487,-0.023160,124.322487,1.489594,171.899521,0.187759,1
769,25.634386,,0.040277,-0.009190,-0.024322,123.089066,-1.233421,171.755966,-0.143555,1
770,25.667720,,0.052660,0.012382,-0.024861,125.227844,2.138779,173.958557,2.202591,1
771,25.701055,,0.045926,-0.006733,-0.024566,124.190086,-1.037758,174.394608,0.436050,1
772,25.734390,,0.047853,0.001927,-0.023578,124.815697,0.625610,174.186172,-0.208435,1
773,25.767724,,0.054417,0.006563,-0.022383,124.367729,-0.447968,174.858994,0.672821,1
774,25.801059,,0.051713,-0.002703,-0.021635,125.088577,0.720848,176.294952,1.435959,1
775,25.834394,,0.046024,-0.005689,-0.021947,125.459198,0.370621,175.845413,-0.449539,1
776,25.867729,,0.048422,0.002398,-0.023543,125.428192,-0.031006,176.426544,0.581131,1
777,25.901063,,0.052236,0.003814,-0.026079,128.726807,3.298615,176.009155,-0.417389,1
778,25.934398,,0.055397,0.003161,-0.028426,132.678497,3.951691,178.543182,2.534027,1
779,25.967733,,0.036284,-0.019113,-0.028770,129.347839,-3.330658,176.920395,-1.622787,1
780,26.001067,,0.056821,0.020537,-0.024864,135.065430,5.717590,177.712509,0.792114,1
781,26.034402,,0.078543,0.021722,-0.014503,134.632538,-0.432892,173.860931,-3.851578,1
782,26.067737,,0.093969,0.015426,0.003479,135.734604,1.102066,177.182144,3.321213,1
783,26.101071,,0.108003,0.014034,0.028951,137.104187,1.369583,175.942841,-1.239304,1
784,26.134406,,0.108209,0.000206,0.059750,136.883759,-0.220428,177.547684,1.604843,1
785,26.167741,,0.165181,0.056972,0.091558,138.365372,1.481613,171.271332,-6.276352,1
786,26.201076,,0.178532,0.013351,0.118754,138.979919,0.614548,165.660233,-5.611099,1
787,26.234410,,0.202379,0.023847,0.135337,136.796539,-2.183380,165.329132,-0.331100,1
788,26.267745,,0.251450,0.049071,0.137177,143.555405,6.758865,165.336960,0.007828,1
789,26.301080,,0.280654,0.029204,0.122699,149.007370,5.451965,168.777756,3.440796,1
790,26.334414,,0.188725,-0.091929,0.093983,144.650024,-4.357346,171.931473,3.153717,1
791,26.367749,,0.094374,-0.094350,0.056679,139.456604,-5.193420,174.242706,2.311234,1
792,26.401084,,0.052521,-0.041854,0.017697,132.788132,-6.668472,174.547958,0.305252,1
793,26.434418,,0.038090,-0.014430,-0.016226,130.969910,-1.818222,173.073105,-1.474854,1
794,26.467753,,0.042023,0.003932,-0.040720,127.777931,-3.191978,174.566879,1.493774,1
795,26.501088,,0.049789,0.007767,-0.054120,126.550377,-1.227554,176.033325,1.466446,1
796,26.534423,,0.030161,-0.019629,-0.057449,124.659714,-1.890663,174.685654,-1.347672,1
797,26.567757,,0.031894,0.001733,-0.053777,125.081390,0.421677,174.505447,-0.180206,1
798,26.601092,,0.023325,-0.008569,-0.046504,122.358337,-2.723053,171.364960,-3.140488,1
799,26.634427,,0.028621,0.005296,-0.038732,123.295876,0.937538,172.252304,0.887344,1
800,26.667761,,0.036810,0.008189,-0.032498,123.106857,-0.189018,172.857544,0.605240,1
801,26.701096,,0.032583,-0.004227,-0.028633,121.741638,-1.365219,173.402527,0.544983,1
802,26.734431,,0.035728,0.003145,-0.026938,122.460487,0.718849,174.906326,1.503799,1
803,26.767765,,0.041530,0.005802,-0.026497,122.590820,0.130333,176.146652,1.240326,1
804,26.801100,,0.038286,-0.003244,-0.026237,122.431801,-0.159019,175.573395,-0.573257,1
805,26.834435,,0.036688,-0.001598,-0.025217,122.121605,-0.310196,176.407837,0.834442,1
806,26.867770,,0.033547,-0.003141,-0.022949,121.357048,-0.764557,175.521469,-0.886368,1
807,26.901104,,0.031048,-0.002499,-0.019412,122.352089,0.995041,175.418076,-0.103394,1
808,26.934439,,0.035740,0.004692,-0.015024,122.346291,-0.005798,173.445465,-1.972610,1
809,26.967774,,0.049765,0.014025,-0.010450,122.166985,-0.179306,173.220428,-0.225037,1
810,27.001108,,0.043908,-0.005857,-0.006317,121.910812,-0.256172,172.308350,-0.912079,1
811,27.034443,,0.046243,0.002336,-0.003045,123.029518,1.118706,173.327255,1.018906,1
812,27.067778,,0.042645,-0.003599,-0.000703,122.923119,-0.106400,174.634537,1.307281,1
813,27.101112,,0.031719,-0.010926,0.000892,120.576248,-2.346870,171.881332,-2.753204,1
814,27.134447,,0.050747,0.019028,0.002072,122.992195,2.415947,174.121506,2.240173,1
815,27.167782,,0.031051,-0.019696,0.003170,121.111427,-1.880768,172.970673,-1.150833,1
816,27.201117,,0.043630,0.012579,0.004396,121.454926,0.343498,172.796692,-0.173981,1
817,27.234451,,0.041453,-0.002177,0.005822,121.029266,-0.425659,172.555679,-0.241013,1
818,27.267786,,0.044699,0.003247,0.007404,122.519157,1.489891,174.240692,1.685013,1
819,27.301121,,0.038395,-0.006304,0.009065,123.818764,1.299606,174.101807,-0.138885,1
820,27.334455,,0.042755,0.004360,0.010737,123.846268,0.027504,173.360657,-0.741150,1
821,27.367790,,0.038670,-0.004085,0.012383,123.757370,-0.088898,172.020554,-1.340103,1
822,27.401125,,0.043061,0.004391,0.013967,123.310585,-0.446785,172.337173,0.316620,1
823,27.434459,,0.039230,-0.003831,0.015423,122.463478,-0.847107,172.401962,0.064789,1
824,27.467794,,0.045579,0.006348,0.016637,123.432457,0.968979,172.746033,0.344070,1
825,27.501129,,0.043432,-0.002147,0.017441,122.141785,-1.290672,172.240021,-0.506012,1
826,27.534464,,0.044370,0.000938,0.017663,122.166046,0.024261,170.858154,-1.381866,1
827,27.567798,,0.048228,0.003858,0.017204,122.715897,0.549850,171.833893,0.975739,1
828,27.601133,,0.042848,-0.005379,0.016062,122.467094,-0.248802,172.146759,0.312866,1
829,27.634468,,0.048552,0.005703,0.014364,125.248116,2.781021,173.239075,1.092316,1
830,27.667802,,0.037705,-0.010846,0.012352,122.416420,-2.831696,171.559021,-1.680054,1
831,27.701137,,0.043428,0.005723,0.010277,122.390625,-0.025795,170.464233,-1.094788,1
832,27.734472,,0.041385,-0.002043,0.008331,124.062248,1.671623,173.023987,2.559753,1
833,27.767807,,0.038570,-0.002815,0.006559,122.961533,-1.100716,172.098709,-0.925278,1
834,27.801141,,0.039763,0.001193,0.004854,121.871857,-1.089676,170.354736,-1.743973,1
835,27.834476,,0.044904,0.005141,0.002985,125.223190,3.351334,171.191864,0.837128,1
836,27.867811,,0.045528,0.000624,0.000710,122.185524,-3.037666,169.775345,-1.416519,1
837,27.901145,,0.039041,-0.006487,-0.002132,121.313553,-0.871971,169.663239,-0.112106,1
838,27.934480,,0.047833,0.008792,-0.005532,122.769936,1.456383,170.529724,0.866486,1
839,27.967815,,0.046210,-0.001623,-0.009286,123.109581,0.339645,171.505798,0.976074,1
840,28.001149,,0.032742,-0.013468,-0.013091,122.318604,-0.790977,170.063873,-1.441925,1
841,28.034484,,0.040481,0.007740,-0.016637,122.278992,-0.039612,170.915115,0.851242,1
842,28.067819,,0.040513,0.000032,-0.019765,123.357948,1.078957,170.907333,-0.007782,1
843,28.101154,,0.043681,0.003167,-0.022515,123.649910,0.291962,171.548782,0.641449,1
844,28.134488,,0.040502,-0.003179,-0.025128,122.649796,-1.000114,172.151459,0.602676,1
845,28.167823,,0.047811,0.007309,-0.027937,122.254562,-0.395233,173.648117,1.496658,1
846,28.201158,,0.032210,-0.015600,-0.031210,119.243355,-3.011208,170.826782,-2.821335,1
847,28.234492,,0.061263,0.029053,-0.034987,121.918968,2.675613,172.736710,1.909927,1
848,28.267827,,0.047522,-0.013741,-0.038952,122.017731,0.098763,175.321106,2.584396,1
849,28.301162,,0.036089,-0.011433,-0.042433,118.525551,-3.492180,172.325439,-2.995667,1
850,28.334496,,0.037149,0.001060,-0.044484,116.821861,-1.703690,171.777740,-0.547699,1
851,28.367831,,0.060098,0.022950,-0.044171,119.108162,2.286301,174.439560,2.661819,1
852,28.401166,,0.067311,0.007213,-0.040698,118.363441,-0.744720,176.932877,2.493317,1
853,28.434501,,0.063104,-0.004207,-0.033651,116.587265,-1.776176,179.731415,2.798538,1
854,28.467835,,0.069793,0.006690,-0.023248,118.861549,2.274284,183.507965,3.776550,1
855,28.501170,,0.063168,-0.006626,-0.010149,118.187859,-0.673691,187.622635,4.114670,1
856,28.534505,,0.127275,0.064108,0.004545,123.962563,5.774704,190.002808,2.380173,1
857,28.567839,,0.207146,0.079870,0.019586,128.892105,4.929543,190.969910,0.967102,1
858,28.601174,,0.153008,-0.054138,0.033920,136.740067,7.847961,188.766190,-2.203720,1
859,28.634509,,0.099516,-0.053492,0.046723,125.974022,-10.766045,173.419022,-15.347168,1
860,28.667843,,0.157198,0.057681,0.057356,nan,nan,nan,nan,0
861,28.701178,,0.214879,0.057681,0.065097,94.719009,nan,146.422256,nan,1
862,28.734513,,0.207601,-0.007278,0.069234,nan,nan,nan,nan,0
863,28.767848,,0.200322,-0.007278,0.069432,nan,nan,nan,nan,0
864,28.801182,,0.193044,-0.007278,0.065770,nan,nan,nan,nan,0
865,28.834517,,0.185766,-0.007278,0.058973,nan,nan,nan,nan,0
866,28.867852,,0.178487,-0.007278,0.050333,nan,nan,nan,nan,0
867,28.901186,,0.171209,-0.007278,0.041258,nan,nan,nan,nan,0
868,28.934521,,0.163931,-0.007278,0.033013,nan,nan,nan,nan,0
869,28.967856,,0.156652,-0.007278,0.026298,nan,nan,nan,nan,0
870,29.001190,,0.149374,-0.007278,0.021136,nan,nan,nan,nan,0
871,29.034525,,0.142096,-0.007278,0.016851,nan,nan,nan,nan,0
872,29.067860,,0.134817,-0.007278,0.012321,nan,nan,nan,nan,0
873,29.101195,,0.127539,-0.007278,0.006423,88.366508,nan,130.851089,nan,1
874,29.134529,,0.151930,0.024391,-0.001534,94.620651,6.254143,148.374207,17.523117,1
875,29.167864,,0.136638,-0.015292,-0.011382,111.975014,17.354362,170.705902,22.331696,1
876,29.201199,,0.090589,-0.046048,-0.022161,117.896904,5.921890,175.906769,5.200867,1
877,29.234533,,0.084536,-0.006053,-0.032339,112.873863,-5.023041,172.074051,-3.832718,1
878,29.267868,,0.074696,-0.009841,-0.040473,109.890945,-2.982918,174.367142,2.293091,1
879,29.301203,,0.060602,-0.014094,-0.045709,111.707100,1.816154,177.060654,2.693512,1
880,29.334537,,0.071499,0.010898,-0.048142,111.814819,0.107719,179.377090,2.316437,1
881,29.367872,,0.079890,0.008390,-0.048818,112.625427,0.810608,174.845734,-4.531357,1
882,29.401207,,0.070985,-0.008905,-0.049152,112.844788,0.219360,174.523254,-0.322479,1
883,29.434542,,0.045371,-0.025613,-0.050406,111.239090,-1.605698,176.487015,1.963760,1
884,29.467876,,0.063129,0.017758,-0.053016,112.121162,0.882072,176.800217,0.313202,1
885,29.501211,,0.069175,0.006046,-0.056325,111.983124,-0.138039,177.402664,0.602448,1
886,29.534546,,0.043880,-0.025295,-0.058530,111.774857,-0.208267,174.168182,-3.234482,1
887,29.567880,,0.050489,0.006609,-0.057250,110.664200,-1.110657,172.546127,-1.622055,1
888,29.601215,,0.058768,0.008278,-0.050169,110.361389,-0.302811,172.248856,-0.297272,1
889,29.634550,,0.045226,-0.013542,-0.035954,109.978455,-0.382935,172.399643,0.150787,1
890,29.667885,,0.044502,-0.000724,-0.015165,114.216316,4.237862,174.035858,1.636215,1
891,29.701219,,0.110672,0.066170,0.009964,117.069969,2.853653,169.791336,-4.244522,1
892,29.734554,,0.111095,0.000423,0.035660,120.559616,3.489647,169.346649,-0.444687,1
893,29.767889,,0.231152,0.120058,0.057751,132.048843,11.489227,169.557495,0.210846,1
894,29.801223,,0.164043,-0.067109,0.072703,133.218353,1.169510,174.591400,5.033905,1
895,29.834558,,0.125661,-0.038382,0.078443,131.363785,-1.854568,172.970657,-1.620743,1
896,29.867893,,0.125714,0.000053,0.074980,134.586243,3.222458,176.421448,3.450790,1
897,29.901227,,0.170423,0.044709,0.063611,136.989594,2.403351,177.335846,0.914398,1
898,29.934562,,0.159597,-0.010826,0.046775,136.208389,-0.781204,182.140579,4.804733,1
899,29.967897,,0.100427,-0.059170,0.027440,132.522507,-3.685883,182.791763,0.651184,1
900,30.001232,,0.071533,-0.028894,0.008257,129.564560,-2.957947,180.220352,-2.571411,1
901,30.034566,,0.055347,-0.016185,-0.008781,123.777336,-5.787224,179.683670,-0.536682,1
902,30.067901,,0.051588,-0.003760,-0.022759,125.769386,1.992050,175.652161,-4.031509,1
903,30.101236,,0.039157,-0.012431,-0.033554,120.779861,-4.989525,175.676559,0.024399,1
904,30.134570,,0.042400,0.003243,-0.041478,122.630486,1.850624,174.010361,-1.666199,1
905,30.167905,,0.031423,-0.010977,-0.046765,120.556946,-2.073540,172.908035,-1.102325,1
906,30.201240,,0.029824,-0.001599,-0.048984,119.971115,-0.585831,173.636383,0.728348,1
907,30.234574,,0.032389,0.002565,-0.047041,116.656693,-3.314423,171.420151,-2.216232,1
908,30.267909,,0.033342,0.000953,-0.039695,116.605614,-0.051079,170.883347,-0.536804,1
909,30.301244,,0.041589,0.008247,-0.025980,114.861671,-1.743942,170.872879,-0.010468,1
910,30.334579,,0.052604,0.011015,-0.006147,113.155708,-1.705963,169.305145,-1.567734,1
911,30.367913,,0.059134,0.006530,0.017715,113.147354,-0.008354,170.289993,0.984848,1
912,30.401248,,0.092368,0.033234,0.042024,115.631271,2.483917,165.953934,-4.336060,1
913,30.434583,,0.154242,0.061874,0.062155,121.702843,6.071571,165.859970,-0.093964,1
914,30.467917,,0.171370,0.017128,0.074003,126.656677,4.953835,165.662613,-0.197357,1
915,30.501252,,0.157698,-0.013672,0.074907,130.912674,4.255997,167.690887,2.028275,1
916,30.534587,,0.149089,-0.008609,0.064706,135.947708,5.035034,169.482407,1.791519,1
917,30.567921,,0.109433,-0.039656,0.046038,133.108429,-2.839279,174.194336,4.711929,1
918,30.601256,,0.074549,-0.034884,0.022988,133.530655,0.422226,169.435944,-4.758392,1
919,30.634591,,0.063687,-0.010861,0.000223,125.071068,-8.459587,167.006058,-2.429886,1
920,30.667926,,0.031791,-0.031896,-0.018591,121.139786,-3.931282,164.080872,-2.925186,1
921,30.701260,,0.047362,0.015571,-0.031535,118.198151,-2.941635,164.714569,0.633698,1
922,30.734595,,0.042736,-0.004626,-0.038698,117.039093,-1.159058,163.470749,-1.243820,1
923,30.767930,,0.026893,-0.015843,-0.041810,115.511818,-1.527275,163.270844,-0.199905,1
924,30.801264,,0.035674,0.008781,-0.043010,115.365784,-0.146034,164.030441,0.759598,1
925,30.834599,,0.031519,-0.004154,-0.044031,116.784523,1.418739,165.146225,1.115784,1
926,30.867934,,0.030090,-0.001429,-0.045354,115.608894,-1.175629,166.996323,1.850098,1
927,30.901268,,0.033994,0.003904,-0.046001,112.876350,-2.732544,167.930862,0.934540,1
928,30.934603,,0.042543,0.008549,-0.043857,111.530968,-1.345383,166.840271,-1.090591,1
929,30.967938,,0.046906,0.004363,-0.036712,110.267860,-1.263107,164.882217,-1.958054,1
930,31.001273,,0.040599,-0.006307,-0.023130,107.963440,-2.304420,162.322617,-2.559601,1
931,31.034607,,0.027940,-0.012659,-0.003527,103.995377,-3.968063,161.975571,-0.347046,1
932,31.067942,,0.070179,0.042239,0.019357,108.205566,4.210190,163.383240,1.407669,1
933,31.101277,,0.141483,0.071304,0.041203,117.860245,9.654678,163.843460,0.460220,1
934,31.134611,,0.156756,0.015273,0.057098,125.421883,7.561638,165.033997,1.190536,1
935,31.167946,,0.170934,0.014178,0.063495,126.132210,0.710327,166.826248,1.792252,1
936,31.201281,,0.157013,-0.013921,0.059003,131.511765,5.379555,172.424850,5.598602,1
937,31.234615,,0.130395,-0.026617,0.045099,134.697891,3.186127,173.993668,1.568817,1
938,31.267950,,0.075871,-0.054524,0.025663,130.030853,-4.667038,175.798660,1.804993,1
939,31.301285,,0.053279,-0.022593,0.005238,123.714088,-6.316765,173.247498,-2.551163,1
940,31.334620,,0.070186,0.016907,-0.012130,126.168892,2.454803,171.754440,-1.493057,1
941,31.367954,,0.056695,-0.013491,-0.024248,119.823273,-6.345619,174.748947,2.994507,1
942,31.401289,,0.051186,-0.005509,-0.030813,122.440987,2.617714,174.905701,0.156754,1
943,31.434624,,0.061478,0.010292,-0.033111,120.231094,-2.209892,174.354401,-0.551300,1
944,31.467958,,0.045763,-0.015715,-0.033087,121.162300,0.931206,174.115250,-0.239151,1
945,31.501293,,0.060990,0.015227,-0.032121,118.975410,-2.186890,174.715271,0.600021,1
946,31.534628,,0.066931,0.005942,-0.030437,123.409798,4.434387,174.703278,-0.011993,1
947,31.567963,,0.063235,-0.003696,-0.026990,118.943062,-4.466736,173.042038,-1.661240,1
948,31.601297,,0.067731,0.004496,-0.019957,117.007126,-1.935936,171.164795,-1.877243,1
949,31.634632,,0.071509,0.003778,-0.007770,113.514328,-3.492798,169.914902,-1.249893,1
950,31.667967,,0.064085,-0.007424,0.009611,110.910530,-2.603798,168.264664,-1.650238,1
951,31.701301,,0.078143,0.014058,0.030327,111.255287,0.344757,168.806458,0.541794,1
952,31.734636,,0.136626,0.058483,0.050466,117.965416,6.710129,161.886063,-6.920395,1
953,31.767971,,0.172741,0.036115,0.065283,122.593857,4.628441,162.869415,0.983353,1
954,31.801305,,0.203000,0.030260,0.070565,127.679710,5.085854,164.542877,1.673462,1
955,31.834640,,0.157388,-0.045613,0.064200,127.248482,-0.431229,166.730270,2.187393,1
956,31.867975,,0.161201,0.003813,0.047312,136.740631,9.492149,173.133148,6.402878,1
957,31.901310,,0.079339,-0.081862,0.023360,134.406265,-2.334366,173.906677,0.773529,1
958,31.934644,,0.059129,-0.020210,-0.002555,130.266266,-4.139999,166.502457,-7.404221,1
959,31.967979,,0.053816,-0.005313,-0.025556,123.453056,-6.813210,166.967651,0.465195,1
960,32.001314,,0.037756,-0.016060,-0.042319,121.026726,-2.426331,168.216766,1.249115,1
961,32.034648,,0.044698,0.006942,-0.051778,122.832970,1.806244,170.073059,1.856293,1
962,32.067983,,0.035937,-0.008762,-0.055159,122.625175,-0.207794,171.907684,1.834625,1
963,32.101318,,0.044366,0.008430,-0.054709,123.024292,0.399117,174.141739,2.234055,1
964,32.134652,,0.036778,-0.007588,-0.052779,121.819321,-1.204971,174.500000,0.358261,1
965,32.167987,,0.046947,0.010169,-0.050662,121.482903,-0.336418,175.581329,1.081329,1
966,32.201322,,0.049282,0.002335,-0.048034,120.752640,-0.730263,175.137726,-0.443604,1
967,32.234657,,0.058825,0.009543,-0.043113,120.611008,-0.141632,175.627960,0.490234,1
968,32.267991,,0.062255,0.003430,-0.033623,118.568199,-2.042809,173.258682,-2.369278,1
969,32.301326,,0.066837,0.004582,-0.017826,117.141495,-1.426704,169.760056,-3.498627,1
970,32.334661,,0.057997,-0.008840,0.004187,110.298714,-6.842781,170.660797,0.900742,1
971,32.367995,,0.084494,0.026497,0.029784,112.219864,1.921150,174.419342,3.758545,1
972,32.401330,,0.139771,0.055277,0.054378,122.715218,10.495354,172.332565,-2.086777,1
973,32.434665,,0.210134,0.070364,0.072417,133.962189,11.246971,168.555115,-3.777451,1
974,32.467999,,0.207036,-0.003098,0.079592,135.970184,2.007996,170.919861,2.364746,1
975,32.501334,,0.184289,-0.022747,0.073907,135.610306,-0.359879,175.667480,4.747620,1
976,32.534669,,0.172874,-0.011416,0.056736,141.960770,6.350464,174.096725,-1.570755,1
977,32.568004,,0.083572,-0.089301,0.032482,131.670959,-10.289810,175.167786,1.071060,1
978,32.601338,,0.055038,-0.028534,0.006621,128.525116,-3.145844,175.659683,0.491898,1
979,32.634673,,0.074953,0.019915,-0.015667,129.805557,1.280441,176.183731,0.524048,1
980,32.668008,,0.060882,-0.014071,-0.031263,122.307838,-7.497719,176.143341,-0.040390,1
981,32.701342,,0.066791,0.005909,-0.039329,124.710968,2.403130,175.654556,-0.488785,1
982,32.734677,,0.066434,-0.000357,-0.041197,126.087563,1.376595,175.233612,-0.420944,1
983,32.768012,,0.061180,-0.005254,-0.039464,124.704582,-1.382980,176.822052,1.588440,1
984,32.801346,,0.054221,-0.006959,-0.036608,122.920303,-1.784279,177.373215,0.551163,1
985,32.834681,,0.054962,0.000740,-0.034272,123.772186,0.851883,177.172150,-0.201065,1
986,32.868016,,0.051516,-0.003446,-0.032709,120.909889,-2.862297,177.480545,0.308395,1
987,32.901351,,0.063259,0.011743,-0.030902,121.445320,0.535431,176.362015,-1.118530,1
988,32.934685,,0.068803,0.005544,-0.026995,119.198097,-2.247223,176.033218,-0.328796,1
989,32.968020,,0.080003,0.011201,-0.019181,119.750931,0.552834,176.521851,0.488632,1
990,33.001355,,0.076924,-0.003079,-0.006308,117.916008,-1.834923,173.904434,-2.617416,1
991,33.034689,,0.091067,0.014143,0.011386,115.713043,-2.202965,170.664917,-3.239517,1
992,33.068024,,0.115279,0.024212,0.031983,117.528519,1.815475,165.348923,-5.315994,1
993,33.101359,,0.154070,0.038791,0.052360,122.474373,4.945854,164.068085,-1.280838,1
994,33.134693,,0.159390,0.005320,0.068698,124.399529,1.925156,165.967682,1.899597,1
995,33.168028,,0.193081,0.033691,0.077736,130.402267,6.002739,168.999573,3.031891,1
996,33.201363,,0.135170,-0.057911,0.077324,129.229568,-1.172699,172.509064,3.509491,1
997,33.234698,,0.158290,0.023120,0.067222,133.383224,4.153656,174.097443,1.588379,1
998,33.268032,,0.210737,0.052447,0.049348,139.476898,6.093674,183.000107,8.902664,1
999,33.301367,,0.087337,-0.123400,0.026865,127.870972,-11.605927,179.667297,-3.332809,1
1000,33.334702,,0.070009,-0.017328,0.003667,122.302567,-5.568405,177.244949,-2.422348,1
1001,33.368036,,0.068320,-0.001689,-0.016915,122.957993,0.655426,176.351883,-0.893066,1
1002,33.401371,,0.051882,-0.016438,-0.032881,120.023430,-2.934563,174.184540,-2.167343,1
1003,33.434706,,0.039644,-0.012239,-0.043917,120.660568,0.637138,173.354050,-0.830490,1
1004,33.468041,,0.045692,0.006048,-0.051141,121.275085,0.614517,172.353973,-1.000076,1
1005,33.501375,,0.034430,-0.011262,-0.056023,118.673515,-2.601570,172.895828,0.541855,1
1006,33.534710,,0.042648,0.008218,-0.059559,117.899666,-0.773849,173.373779,0.477951,1
1007,33.568045,,0.041456,-0.001192,-0.061521,116.452675,-1.446991,172.437607,-0.936172,1
1008,33.601379,,0.048754,0.007298,-0.060259,117.142494,0.689819,173.610657,1.173050,1
1009,33.634714,,0.050881,0.002127,-0.053311,116.994568,-0.147926,175.787460,2.176804,1
1010,33.668049,,0.050335,-0.000547,-0.038782,115.098717,-1.895851,174.351959,-1.435501,1
1011,33.701383,,0.032759,-0.017575,-0.016288,113.131355,-1.967361,173.540848,-0.811111,1
1012,33.734718,,0.074675,0.041916,0.011834,119.786995,6.655640,175.236832,1.695984,1
1013,33.768053,,0.075058,0.000383,0.040618,122.519821,2.732826,173.842270,-1.394562,1
1014,33.801388,,0.200269,0.125211,0.063786,128.657028,6.137207,172.213257,-1.629013,1
1015,33.834722,,0.244864,0.044595,0.075570,139.532898,10.875870,176.435379,4.222122,1
1016,33.868057,,0.231868,-0.012996,0.073245,138.741714,-0.791183,176.975006,0.539627,1
1017,33.901392,,0.143396,-0.088472,0.057505,138.819550,0.077835,182.536270,5.561264,1
1018,33.934726,,0.075307,-0.068089,0.032687,133.308746,-5.510803,179.330933,-3.205338,1
1019,33.968061,,0.054923,-0.020384,0.005035,127.265106,-6.043640,179.447235,0.116302,1
1020,34.001396,,0.070814,0.015891,-0.019668,125.795113,-1.469994,175.601181,-3.846054,1
1021,34.034730,,0.073107,0.002293,-0.037525,123.712379,-2.082733,173.450882,-2.150299,1
1022,34.068065,,0.064874,-0.008233,-0.047528,123.422874,-0.289505,172.974579,-0.476303,1
1023,34.101400,,0.047240,-0.017634,-0.050725,122.223206,-1.199669,173.748596,0.774017,1
1024,34.134735,,0.054686,0.007447,-0.049450,121.218414,-1.004791,174.346191,0.597595,1
1025,34.168069,,0.064251,0.009565,-0.045961,119.741119,-1.477295,176.460098,2.113907,1
1026,34.201404,,0.085482,0.021231,-0.041300,120.987411,1.246292,178.071854,1.611755,1
1027,34.234739,,0.084888,-0.000594,-0.035053,121.085686,0.098274,176.176208,-1.895645,1
1028,34.268073,,0.065631,-0.019256,-0.025827,118.316574,-2.769112,175.728653,-0.447556,1
1029,34.301408,,0.050769,-0.014862,-0.012143,116.062630,-2.253944,173.740021,-1.988632,1
1030,34.334743,,0.094322,0.043553,0.006319,115.913704,-0.148926,172.034882,-1.705139,1
1031,34.368077,,0.128715,0.034393,0.027931,118.674835,2.761131,172.172043,0.137161,1
1032,34.401412,,0.185195,0.056480,0.049403,127.234489,8.559654,171.182571,-0.989471,1
1033,34.434747,,0.180755,-0.004441,0.066428,131.903717,4.669228,173.917267,2.734695,1
1034,34.468082,,0.163040,-0.017714,0.075269,133.348740,1.445023,175.857834,1.940567,1
1035,34.501416,,0.218937,0.055896,0.073578,139.027603,5.678864,176.612473,0.754639,1
1036,34.534751,,0.188716,-0.030221,0.061399,134.509979,-4.517624,175.246140,-1.366333,1
1037,34.568086,,0.156635,-0.032081,0.041304,138.550186,4.040207,177.609467,2.363327,1
1038,34.601420,,0.077144,-0.079491,0.017186,130.852905,-7.697281,177.388412,-0.221054,1
1039,34.634755,,0.090836,0.013692,-0.006548,130.675003,-0.177902,182.569885,5.181473,1
1040,34.668090,,0.092322,0.001486,-0.026425,127.124565,-3.550438,180.448349,-2.121536,1
1041,34.701424,,0.080128,-0.012194,-0.040467,126.224991,-0.899574,178.991211,-1.457138,1
1042,34.734759,,0.065051,-0.015077,-0.048415,121.375618,-4.849373,177.407700,-1.583511,1
1043,34.768094,,0.053343,-0.011707,-0.051401,119.981194,-1.394424,177.352356,-0.055344,1
1044,34.801429,,0.057370,0.004027,-0.050943,122.875412,2.894218,176.804916,-0.547440,1
1045,34.834763,,0.071439,0.014068,-0.048401,120.036400,-2.839012,177.218719,0.413803,1
1046,34.868098,,0.066892,-0.004547,-0.044366,121.227531,1.191132,177.918045,0.699326,1
1047,34.901433,,0.088896,0.022004,-0.038411,121.083771,-0.143761,176.712418,-1.205627,1
1048,34.934767,,0.072224,-0.016671,-0.029413,119.987137,-1.096634,175.103775,-1.608643,1
1049,34.968102,,0.076387,0.004162,-0.016293,120.784157,0.797020,177.155289,2.051514,1
1050,35.001437,,0.112872,0.036486,0.001407,122.637794,1.853638,177.405945,0.250656,1
1051,35.034771,,0.125711,0.012839,0.022765,124.693794,2.056000,179.741043,2.335098,1
1052,35.068106,,0.160353,0.034641,0.045317,127.721664,3.027870,180.493591,0.752548,1
1053,35.101441,,0.170599,0.010246,0.065511,133.898514,6.176849,173.626526,-6.867065,1
1054,35.134776,,0.178160,0.007561,0.079363,134.811813,0.913300,172.363571,-1.262955,1
1055,35.168110,,0.180773,0.002613,0.083795,138.403107,3.591293,176.829300,4.465729,1
1056,35.201445,,0.203408,0.022635,0.077150,142.054565,3.651459,180.349243,3.519943,1
1057,35.234780,,0.205592,0.002185,0.060159,139.204269,-2.850296,178.560333,-1.788910,1
1058,35.268114,,0.143536,-0.062057,0.036024,134.769516,-4.434753,185.320160,6.759827,1
1059,35.301449,,0.099876,-0.043660,0.009254,130.697968,-4.071548,184.787781,-0.532379,1
1060,35.334784,,0.071242,-0.028634,-0.015247,130.950607,0.252640,183.671173,-1.116608,1
1061,35.368119,,0.059741,-0.011501,-0.033892,126.908447,-4.042160,175.564621,-8.106552,1
1062,35.401453,,0.041562,-0.018179,-0.045101,124.566284,-2.342163,172.900146,-2.664474,1
1063,35.434788,,0.050191,0.008629,-0.049685,126.877853,2.311569,173.994553,1.094406,1
1064,35.468123,,0.053737,0.003546,-0.050207,125.027321,-1.850533,174.932617,0.938065,1
1065,35.501457,,0.071506,0.017770,-0.049455,124.157860,-0.869461,175.676437,0.743820,1
1066,35.534792,,0.069557,-0.001949,-0.049298,123.871765,-0.286095,178.412872,2.736435,1
1067,35.568127,,0.066781,-0.002776,-0.049674,122.139999,-1.731766,179.953445,1.540573,1
1068,35.601461,,0.051696,-0.015085,-0.048600,120.740387,-1.399612,179.075562,-0.877884,1
1069,35.634796,,0.065677,0.013982,-0.042992,119.881454,-0.858932,178.647964,-0.427597,1
1070,35.668131,,0.051353,-0.014324,-0.030368,119.557838,-0.323616,177.932739,-0.715225,1
1071,35.701466,,0.062284,0.010931,-0.010030,117.514297,-2.043541,176.843338,-1.089401,1
1072,35.734800,,0.089783,0.027499,0.015734,120.402115,2.887817,178.484695,1.641357,1
1073,35.768135,,0.117966,0.028183,0.041893,124.476311,4.074196,179.926956,1.442261,1
1074,35.801470,,0.155361,0.037395,0.062103,135.919907,11.443596,177.398438,-2.528519,1
1075,35.834804,,0.246698,0.091337,0.070655,139.337326,3.417419,177.607605,0.209167,1
1076,35.868139,,0.246995,0.000297,0.064990,140.482086,1.144760,177.129196,-0.478409,1
1077,35.901474,,0.124859,-0.122136,0.046096,137.297165,-3.184921,181.804901,4.675705,1
1078,35.934808,,0.070123,-0.054736,0.018777,132.768417,-4.528748,176.280716,-5.524185,1
1079,35.968143,,0.046224,-0.023899,-0.010216,128.715973,-4.052444,177.117508,0.836792,1
1080,36.001478,,0.054462,0.008238,-0.034579,122.953758,-5.762215,173.204285,-3.913223,1
1081,36.034813,,0.051694,-0.002768,-0.050088,123.539185,0.585426,172.415802,-0.788483,1
1082,36.068147,,0.063017,0.011324,-0.055773,122.405975,-1.133209,173.843140,1.427338,1
1083,36.101482,,0.060100,-0.002918,-0.053089,121.536110,-0.869865,174.036667,0.193527,1
1084,36.134817,,0.060058,-0.000042,-0.045246,119.504768,-2.031342,174.754105,0.717438,1
1085,36.168151,,0.068438,0.008380,-0.035688,119.370285,-0.134483,176.349625,1.595520,1
1086,36.201486,,0.073483,0.005045,-0.026795,120.160728,0.790443,178.270142,1.920517,1
1087,36.234821,,0.087401,0.013918,-0.019347,119.502510,-0.658218,179.454514,1.184372,1
1088,36.268155,,0.100447,0.013046,-0.012483,121.653694,2.151184,178.151154,-1.303360,1
1089,36.301490,,0.087511,-0.012936,-0.004387,118.553062,-3.100632,177.527664,-0.623489,1
1090,36.334825,,0.078244,-0.009267,0.006786,117.048302,-1.504761,176.531403,-0.996262,1
1091,36.368160,,0.144164,0.065921,0.021812,120.976669,3.928368,173.021637,-3.509766,1
1092,36.401494,,0.145123,0.000958,0.039993,124.979034,4.002365,169.412430,-3.609207,1
1093,36.434829,,0.159480,0.014358,0.058930,128.160690,3.181656,167.792770,-1.619659,1
1094,36.468164,,0.184418,0.024937,0.075169,130.376633,2.215942,166.995499,-0.797272,1
1095,36.501498,,0.186900,0.002482,0.084979,133.765411,3.388779,171.054535,4.059036,1
1096,36.534833,,0.186930,0.000030,0.085424,140.236877,6.471466,176.339325,5.284790,1
1097,36.568168,,0.198499,0.011569,0.075482,140.782120,0.545242,175.662445,-0.676880,1
1098,36.601502,,0.201212,0.002713,0.055960,139.308975,-1.473145,178.591324,2.928879,1
1099,36.634837,,0.116931,-0.084281,0.029822,132.203308,-7.105667,183.831314,5.239990,1
1100,36.668172,,0.081921,-0.035010,0.001351,129.399902,-2.803406,186.173264,2.341949,1
1101,36.701507,,0.070302,-0.011619,-0.025082,124.185989,-5.213913,179.905350,-6.267914,1
1102,36.734841,,0.075461,0.005160,-0.045889,126.952583,2.766594,175.583710,-4.321640,1
1103,36.768176,,0.053216,-0.022245,-0.059211,125.086800,-1.865784,175.393753,-0.189957,1
1104,36.801511,,0.042336,-0.010881,-0.064705,122.017075,-3.069725,176.168884,0.775131,1
1105,36.834845,,0.052432,0.010097,-0.063583,121.833488,-0.183586,174.972610,-1.196274,1
1106,36.868180,,0.058551,0.006118,-0.058036,120.406731,-1.426758,175.631622,0.659012,1
1107,36.901515,,0.059515,0.000964,-0.050329,120.231316,-0.175415,175.161270,-0.470352,1
1108,36.934849,,0.055971,-0.003544,-0.042426,119.135139,-1.096176,177.547562,2.386292,1
1109,36.968184,,0.063067,0.007096,-0.035457,120.116806,0.981667,178.554718,1.007156,1
1110,37.001519,,0.087183,0.024115,-0.029592,121.903839,1.787033,181.305267,2.750549,1
1111,37.034854,,0.100888,0.013706,-0.024050,123.538094,1.634254,183.724747,2.419479,1
1112,37.068188,,0.112980,0.012092,-0.017435,122.779373,-0.758720,183.782837,0.058090,1
1113,37.101523,,0.102485,-0.010495,-0.008224,122.181747,-0.597626,185.203156,1.420319,1
1114,37.134858,,0.086168,-0.016318,0.004542,122.545296,0.363548,177.914215,-7.288940,1
1115,37.168192,,0.121344,0.035177,0.020588,127.200134,4.654839,173.722183,-4.192032,1
1116,37.201527,,0.170252,0.048908,0.038305,131.764465,4.564331,174.207794,0.485611,1
1117,37.234862,,0.164417,-0.005835,0.054816,136.126831,4.362366,177.807632,3.599838,1
1118,37.268196,,0.157945,-0.006472,0.066854,131.953033,-4.173798,180.465149,2.657516,1
1119,37.301531,,0.179501,0.021556,0.071496,134.001495,2.048462,178.654892,-1.810257,1
1120,37.334866,,0.236030,0.056529,0.067221,133.419830,-0.581665,181.433197,2.778305,1
1121,37.368201,,0.176112,-0.059918,0.054635,131.917709,-1.502121,180.610275,-0.822922,1
1122,37.401535,,0.133002,-0.043110,0.036022,118.430977,-13.486732,170.505585,-10.104691,1
1123,37.434870,,0.104596,-0.028406,0.015060,117.755058,-0.675919,168.538513,-1.967072,1
1124,37.468205,,0.118132,0.013536,-0.004477,119.095650,1.340591,169.933304,1.394791,1
1125,37.501539,,0.070804,-0.047329,-0.019738,117.887489,-1.208160,166.738861,-3.194443,1
1126,37.534874,,0.084608,0.013804,-0.029509,119.451492,1.564003,167.741425,1.002563,1
1127,37.568209,,0.097668,0.013060,-0.034424,119.771667,0.320175,168.266464,0.525040,1
1128,37.601544,,0.080328,-0.017340,-0.036240,119.729889,-0.041779,168.853928,0.587463,1
1129,37.634878,,0.069777,-0.010550,-0.037236,111.464165,-8.265724,162.822006,-6.031921,1
1130,37.668213,,0.069155,-0.000622,-0.039192,108.000641,-3.463524,155.579254,-7.242752,1
1131,37.701548,,0.081443,0.012287,-0.042747,108.866745,0.866104,153.889023,-1.690231,1
1132,37.734882,,0.066124,-0.015319,-0.047061,108.802544,-0.064201,153.818634,-0.070389,1
1133,37.768217,,0.072669,0.006545,-0.050042,109.315697,0.513153,153.866211,0.047577,1
1134,37.801552,,0.073199,0.000530,-0.048949,107.882996,-1.432701,151.056870,-2.809341,1
1135,37.834886,,0.067505,-0.005694,-0.041359,108.505219,0.622223,153.646698,2.589828,1
1136,37.868221,,0.061781,-0.005725,-0.026327,110.432770,1.927551,155.427933,1.781235,1
1137,37.901556,,0.096688,0.034908,-0.004672,118.182602,7.749832,166.188187,10.760254,1
1138,37.934891,,0.127716,0.031028,0.020608,123.964035,5.781433,172.547516,6.359329,1
1139,37.968225,,0.171065,0.043349,0.045126,nan,nan,nan,nan,0
1140,38.001560,,0.214413,0.043349,0.064220,106.536751,nan,137.914062,nan,1
1141,38.034895,,0.184494,-0.029920,0.074182,117.860672,11.323921,146.018814,8.104752,1
1142,38.068229,,0.159234,-0.025260,0.073479,119.925102,2.064430,165.528183,19.509369,1
1143,38.101564,,0.196324,0.037090,0.062559,129.246735,9.321632,181.559708,16.031525,1
1144,38.134899,,0.159865,-0.036459,0.044041,131.117981,1.871246,186.886230,5.326523,1
1145,38.168233,,0.122168,-0.037697,0.021831,125.069038,-6.048943,183.718124,-3.168106,1
1146,38.201568,,0.101104,-0.021065,-0.000093,121.171684,-3.897354,179.197556,-4.520569,1
1147,38.234903,,0.097330,-0.003773,-0.018456,119.222755,-1.948929,179.810196,0.612640,1
1148,38.268238,,0.077040,-0.020291,-0.031565,117.937653,-1.285103,177.243942,-2.566254,1
1149,38.301572,,0.067378,-0.009662,-0.039213,122.220497,4.282845,177.089249,-0.154694,1
1150,38.334907,,0.066287,-0.001091,-0.042576,119.078011,-3.142487,179.306839,2.217590,1
1151,38.368242,,0.054099,-0.012188,-0.043470,120.241676,1.163666,175.002289,-4.304550,1
1152,38.401576,,0.072294,0.018195,-0.043381,119.404709,-0.836967,175.201447,0.199158,1
1153,38.434911,,0.063579,-0.008714,-0.042858,118.961899,-0.442810,175.046341,-0.155106,1
1154,38.468246,,0.077614,0.014034,-0.041139,118.799080,-0.162819,174.151337,-0.895004,1
1155,38.501580,,0.089697,0.012084,-0.036313,121.307579,2.508499,178.040588,3.889252,1
1156,38.534915,,0.075673,-0.014024,-0.026108,118.790184,-2.517395,176.714386,-1.326202,1
1157,38.568250,,0.084100,0.008426,-0.009163,121.138023,2.347839,176.444489,-0.269897,1
1158,38.601585,,0.085884,0.001784,0.014217,116.731705,-4.406319,177.344879,0.900391,1
1159,38.634919,,0.118645,0.032761,0.041161,123.311157,6.579453,175.627228,-1.717651,1
1160,38.668254,,0.151251,0.032606,0.066708,126.258530,2.947372,177.794724,2.167496,1
1161,38.701589,,0.182684,0.031433,0.084986,132.375473,6.116943,179.152573,1.357849,1
1162,38.734923,,0.250771,0.068087,0.091022,139.487198,7.111725,177.049500,-2.103073,1
1163,38.768258,,0.213079,-0.037692,0.082828,137.192276,-2.294922,175.915985,-1.133514,1
1164,38.801593,,0.164714,-0.048364,0.061614,138.961761,1.769485,175.491623,-0.424362,1
1165,38.834927,,0.092358,-0.072357,0.032129,133.266449,-5.695312,172.436050,-3.055573,1
1166,38.868262,,0.059673,-0.032684,0.000925,128.161209,-5.105240,168.412445,-4.023605,1
1167,38.901597,,0.047178,-0.012496,-0.025732,123.956909,-4.204300,169.597412,1.184967,1
1168,38.934932,,0.048515,0.001337,-0.043500,122.381241,-1.575668,168.316528,-1.280884,1
1169,38.968266,,0.041676,-0.006838,-0.051194,123.332253,0.951012,166.007904,-2.308624,1
1170,39.001601,,0.041023,-0.000653,-0.050179,124.729866,1.397614,167.348801,1.340897,1
1171,39.034936,,0.048310,0.007287,-0.043890,124.010765,-0.719101,169.856247,2.507446,1
1172,39.068270,,0.050670,0.002360,-0.036257,124.661438,0.650673,169.896072,0.039825,1
1173,39.101605,,0.053406,0.002737,-0.030310,125.732384,1.070946,170.185242,0.289169,1
1174,39.134940,,0.062761,0.009354,-0.027367,123.568680,-2.163704,169.909653,-0.275589,1
1175,39.168274,,0.053206,-0.009554,-0.026738,118.628929,-4.939751,166.169037,-3.740616,1
1176,39.201609,,0.049442,-0.003764,-0.026338,118.838356,0.209427,167.757858,1.588821,1
1177,39.234944,,0.037057,-0.012385,-0.023549,116.380226,-2.458130,164.004044,-3.753815,1
1178,39.268279,,0.050004,0.012947,-0.016491,116.333771,-0.046455,167.587006,3.582962,1
1179,39.301613,,0.062856,0.012851,-0.004669,115.690422,-0.643349,170.872223,3.285217,1
1180,39.334948,,0.089638,0.026782,0.010537,118.083229,2.392807,170.439346,-0.432877,1
1181,39.368283,,0.110821,0.021183,0.026283,122.538391,4.455162,167.875839,-2.563507,1
1182,39.401617,,0.103498,-0.007323,0.039118,123.413414,0.875023,165.780960,-2.094879,1
1183,39.434952,,0.116694,0.013196,0.045965,124.759773,1.346359,165.344986,-0.435974,1
1184,39.468287,,0.106851,-0.009843,0.045230,128.570602,3.810829,168.536407,3.191422,1
1185,39.501622,,0.149584,0.042732,0.036961,134.436996,5.866394,169.155930,0.619522,1
1186,39.534956,,0.080205,-0.069379,0.023181,124.620140,-9.816856,170.707581,1.551651,1
1187,39.568291,,0.052790,-0.027415,0.007209,120.344116,-4.276024,169.435196,-1.272385,1
1188,39.601626,,0.045230,-0.007560,-0.007422,119.532135,-0.811981,166.630219,-2.804977,1
1189,39.634960,,0.048235,0.003005,-0.017850,121.303764,1.771629,162.926666,-3.703552,1
1190,39.668295,,0.039030,-0.009205,-0.022796,119.485092,-1.818672,166.232178,3.305511,1
1191,39.701630,,0.051486,0.012456,-0.022500,119.165382,-0.319710,167.861526,1.629349,1
1192,39.734964,,0.046668,-0.004818,-0.018694,119.772896,0.607513,169.148880,1.287354,1
1193,39.768299,,0.058718,0.012050,-0.013867,120.021049,0.248154,172.472229,3.323349,1
1194,39.801634,,0.054016,-0.004702,-0.010465,116.022163,-3.998886,173.122833,0.650604,1
1195,39.834969,,0.044385,-0.009631,-0.010278,115.604019,-0.418144,174.026550,0.903717,1
1196,39.868303,,0.034353,-0.010032,-0.013876,113.633476,-1.970543,170.773529,-3.253021,1
1197,39.901638,,0.049224,0.014872,-0.020635,112.240150,-1.393326,171.555374,0.781845,1
1198,39.934973,,0.042206,-0.007018,-0.028667,110.643608,-1.596542,170.388092,-1.167282,1
1199,39.968307,,0.030215,-0.011991,-0.035315,111.116150,0.472542,168.466492,-1.921600,1
1200,40.001642,,0.034259,0.004043,-0.037684,113.285141,2.168991,166.738968,-1.727524,1
1201,40.034977,,0.014834,-0.019425,-0.033412,107.810860,-5.474281,163.844498,-2.894470,1
1202,40.068311,,0.043308,0.028474,-0.021532,112.166603,4.355743,158.409973,-5.434525,1
1203,40.101646,,0.046065,0.002757,-0.002571,116.695526,4.528923,161.244736,2.834763,1
1204,40.134981,,0.080782,0.034717,0.021036,118.812950,2.117424,161.027679,-0.217056,1
1205,40.168316,,0.116658,0.035876,0.045527,118.567139,-0.245811,160.789703,-0.237976,1
1206,40.201650,,0.137883,0.021226,0.066657,122.738304,4.171165,163.087158,2.297455,1
1207,40.234985,,0.162173,0.024290,0.080609,126.354172,3.615868,169.732300,6.645142,1
1208,40.268320,,0.123962,-0.038211,0.085108,130.183472,3.829300,174.628281,4.895981,1
1209,40.301654,,0.186709,0.062747,0.079462,137.659912,7.476440,175.776398,1.148117,1
1210,40.334989,,0.098030,-0.088679,0.065038,131.674347,-5.985565,182.381943,6.605545,1
1211,40.368324,,0.115372,0.017342,0.044773,134.290344,2.615997,186.918457,4.536514,1
1212,40.401658,,0.098833,-0.016539,0.022181,130.070663,-4.219681,182.692047,-4.226410,1
1213,40.434993,,0.068503,-0.030330,0.000817,123.030991,-7.039673,174.531677,-8.160370,1
1214,40.468328,,0.044711,-0.023791,-0.016699,118.295204,-4.735786,171.575989,-2.955688,1
1215,40.501663,,0.047346,0.002635,-0.028960,118.727531,0.432327,169.836517,-1.739471,1
1216,40.534997,,0.038581,-0.008765,-0.036089,117.570282,-1.157249,172.559998,2.723480,1
1217,40.568332,,0.020720,-0.017861,-0.039481,113.275269,-4.295013,172.892929,0.332932,1
1218,40.601667,,0.020576,-0.000145,-0.041067,114.251907,0.976639,174.422348,1.529419,1
1219,40.635001,,0.040463,0.019887,-0.042758,112.905762,-1.346146,175.749466,1.327118,1
1220,40.668336,,0.038468,-0.001995,-0.045601,112.097420,-0.808342,175.840286,0.090820,1
1221,40.701671,,0.036245,-0.002223,-0.049365,113.555351,1.457932,176.137283,0.296997,1
1222,40.735005,,0.035160,-0.001085,-0.052443,115.147903,1.592552,174.614212,-1.523071,1
1223,40.768340,,0.013636,-0.021524,-0.052442,114.478508,-0.669395,170.837265,-3.776947,1
1224,40.801675,,0.025410,0.011775,-0.046913,115.304733,0.826225,171.000641,0.163376,1
1225,40.835010,,0.031836,0.006426,-0.034473,118.121178,2.816444,169.661514,-1.339127,1
1226,40.868344,,0.059924,0.028088,-0.015615,121.853767,3.732590,170.117020,0.455505,1
1227,40.901679,,0.091342,0.031417,0.007396,123.682800,1.829033,169.275818,-0.841202,1
1228,40.935014,,0.115714,0.024373,0.030627,128.066666,4.383865,167.819458,-1.456360,1
1229,40.968348,,0.129553,0.013839,0.049667,127.830063,-0.236603,169.306625,1.487167,1
1230,41.001683,,0.148118,0.018565,0.060571,132.496552,4.666489,171.089462,1.782837,1
1231,41.035018,,0.165281,0.017163,0.061097,129.607544,-2.889008,168.643417,-2.446045,1
1232,41.068352,,0.151520,-0.013762,0.051457,129.681808,0.074265,172.225357,3.581940,1
1233,41.101687,,0.096229,-0.055291,0.033834,133.867432,4.185623,177.916473,5.691116,1
1234,41.135022,,0.098311,0.002083,0.012236,128.127472,-5.739960,182.016296,4.099823,1
1235,41.168357,,0.064811,-0.033500,-0.008822,125.432770,-2.694702,179.904633,-2.111664,1
1236,41.201691,,0.073658,0.008847,-0.025395,123.925247,-1.507523,172.318146,-7.586487,1
1237,41.235026,,0.050996,-0.022661,-0.035008,119.922241,-4.003006,167.798477,-4.519669,1
1238,41.268361,,0.044317,-0.006679,-0.037240,119.615707,-0.306534,170.953308,3.154831,1
1239,41.301695,,0.057510,0.013193,-0.033302,120.774063,1.158356,174.097488,3.144180,1
1240,41.335030,,0.064426,0.006916,-0.025844,119.452789,-1.321274,176.079422,1.981934,1
1241,41.368365,,0.068577,0.004151,-0.017938,120.423096,0.970306,174.880280,-1.199142,1
1242,41.401700,,0.084951,0.016375,-0.012146,121.978073,1.554977,175.312790,0.432510,1
1243,41.435034,,0.078130,-0.006821,-0.009793,121.564972,-0.413101,176.587555,1.274765,1
1244,41.468369,,0.084436,0.006305,-0.010516,121.199921,-0.365051,176.372177,-0.215378,1
1245,41.501704,,0.077831,-0.006605,-0.012523,121.237953,0.038033,178.192886,1.820709,1
1246,41.535038,,0.078692,0.000861,-0.013031,120.566170,-0.671783,178.564850,0.371964,1
1247,41.568373,,0.085869,0.007177,-0.009338,122.886063,2.319893,179.153900,0.589050,1
1248,41.601708,,0.078527,-0.007342,0.000408,119.248802,-3.637260,179.739410,0.585510,1
1249,41.635042,,0.090445,0.011918,0.016240,122.033440,2.784637,175.891144,-3.848267,1
1250,41.668377,,0.130851,0.040407,0.036101,124.970558,2.937119,174.388199,-1.502945,1
1251,41.701712,,0.150112,0.019261,0.056329,132.079285,7.108727,176.578964,2.190765,1
1252,41.735047,,0.149094,-0.001018,0.072329,135.763763,3.684479,175.459503,-1.119461,1
1253,41.768381,,0.157721,0.008627,0.080061,138.950348,3.186584,180.607346,5.147842,1
1254,41.801716,,0.210353,0.052632,0.076803,143.054611,4.104263,179.064484,-1.542862,1
1255,41.835051,,0.169249,-0.041104,0.062366,139.491547,-3.563065,179.492218,0.427734,1
1256,41.868385,,0.106841,-0.062408,0.039210,137.056320,-2.435226,175.947708,-3.544510,1
1257,41.901720,,0.088334,-0.018507,0.011444,137.724030,0.667709,175.311783,-0.635925,1
1258,41.935055,,0.065398,-0.022935,-0.015919,135.082108,-2.641922,175.657059,0.345276,1
1259,41.968389,,0.043341,-0.022058,-0.038606,129.993271,-5.088837,175.268585,-0.388474,1
1260,42.001724,,0.030947,-0.012394,-0.053837,126.255409,-3.737862,172.355576,-2.913010,1
1261,42.035059,,0.023394,-0.007553,-0.061006,123.267708,-2.987701,168.132797,-4.222778,1
1262,42.068394,,0.028700,0.005305,-0.061504,126.120514,2.852806,172.427551,4.294754,1
1263,42.101728,,0.028003,-0.000696,-0.057693,122.666763,-3.453751,172.562057,0.134506,1
1264,42.135063,,0.050913,0.022910,-0.052225,125.661263,2.994499,174.048248,1.486191,1
1265,42.168398,,0.023257,-0.027656,-0.046932,119.400887,-6.260376,172.700439,-1.347809,1
1266,42.201732,,0.052489,0.029232,-0.042256,124.280540,4.879654,176.299149,3.598709,1
1267,42.235067,,0.052474,-0.000015,-0.037161,120.122696,-4.157845,174.011703,-2.287445,1
1268,42.268402,,0.063621,0.011147,-0.029645,122.205772,2.083076,178.070755,4.059052,1
1269,42.301736,,0.075499,0.011878,-0.017493,122.935944,0.730171,177.515457,-0.555298,1
1270,42.335071,,0.080794,0.005295,0.000571,122.416779,-0.519165,180.113953,2.598495,1
1271,42.368406,,0.088728,0.007934,0.023967,124.413849,1.997070,180.467621,0.353668,1
1272,42.401741,,0.140165,0.051437,0.050126,129.689850,5.276001,174.297150,-6.170471,1
1273,42.435075,,0.151654,0.011489,0.074554,131.448639,1.758789,175.175171,0.878021,1
1274,42.468410,,0.167978,0.016324,0.092172,137.924332,6.475693,174.564636,-0.610535,1
1275,42.501745,,0.224561,0.056582,0.098434,141.330780,3.406448,175.477997,0.913361,1
1276,42.535079,,0.216722,-0.007839,0.091096,139.172775,-2.158005,177.225632,1.747635,1
1277,42.568414,,0.186790,-0.029932,0.071153,137.158707,-2.014069,179.275558,2.049927,1
1278,42.601749,,0.114996,-0.071795,0.042185,134.020401,-3.138306,182.445953,3.170395,1
1279,42.635083,,0.073610,-0.041386,0.009925,128.131958,-5.888443,182.203491,-0.242462,1
1280,42.668418,,0.068956,-0.004654,-0.019763,126.586731,-1.545227,175.353226,-6.850266,1
1281,42.701753,,0.055955,-0.013001,-0.042265,123.523796,-3.062935,171.840408,-3.512817,1
1282,42.735088,,0.025317,-0.030639,-0.055346,121.385643,-2.138153,173.258881,1.418472,1
1283,42.768422,,0.064924,0.039608,-0.059431,123.741219,2.355576,173.895294,0.636414,1
1284,42.801757,,0.054210,-0.010715,-0.056609,121.936951,-1.804268,175.485809,1.590515,1
1285,42.835092,,0.062601,0.008391,-0.050051,120.981857,-0.955093,175.140976,-0.344833,1
1286,42.868426,,0.066224,0.003624,-0.042725,122.039268,1.057411,174.155334,-0.985641,1
1287,42.901761,,0.066679,0.000455,-0.036667,122.456276,0.417007,175.814072,1.658737,1
1288,42.935096,,0.072230,0.005551,-0.032747,123.170143,0.713867,177.234116,1.420044,1
1289,42.968430,,0.081063,0.008833,-0.030823,123.058640,-0.111504,177.615143,0.381027,1
1290,43.001765,,0.082810,0.001747,-0.030330,122.666420,-0.392220,177.716003,0.100861,1
1291,43.035100,,0.086418,0.003608,-0.030752,122.232071,-0.434349,176.027420,-1.688583,1
1292,43.068435,,0.082653,-0.003765,-0.032038,122.592346,0.360275,174.531891,-1.495529,1
1293,43.101769,,0.068024,-0.014629,-0.034716,120.677856,-1.914490,174.863632,0.331741,1
1294,43.135104,,0.069883,0.001859,-0.039515,122.336685,1.658829,174.843994,-0.019638,1
1295,43.168439,,0.069348,-0.000535,-0.046693,125.770859,3.434174,175.951920,1.107925,1
1296,43.201773,,0.071935,0.002587,-0.055358,127.894630,2.123772,176.254822,0.302902,1
1297,43.235108,,0.053421,-0.018514,-0.062758,125.894119,-2.000511,172.337723,-3.917099,1
1298,43.268443,,0.074058,0.020637,-0.064472,125.015442,-0.878677,171.373718,-0.964005,1
1299,43.301778,,0.104022,0.029964,-0.054908,130.170029,5.154587,171.664597,0.290878,1
1300,43.335112,,0.165304,0.061282,-0.029216,137.379196,7.209167,172.708572,1.043976,1
1301,43.368447,,0.125216,-0.040087,0.014375,135.467621,-1.911575,173.716568,1.007996,1
1302,43.401782,,0.094217,-0.031000,0.073353,129.529785,-5.937836,172.851379,-0.865189,1
1303,43.435116,,0.175291,0.081074,0.139065,139.950272,10.420486,172.190491,-0.660889,1
1304,43.468451,,0.280161,0.104870,0.198378,145.699051,5.748779,167.634995,-4.555496,1
1305,43.501786,,0.390309,0.110149,0.236452,147.544815,1.845764,165.030579,-2.604416,1
1306,43.535120,,0.527588,0.137279,0.241704,151.037247,3.492432,162.422760,-2.607819,1
1307,43.568455,,0.475464,-0.052124,0.210584,150.689819,-0.347427,169.802139,7.379379,1
1308,43.601790,,0.251189,-0.224275,0.147881,137.046692,-13.643127,171.294327,1.492188,1
1309,43.635125,,0.084319,-0.166870,0.067199,128.398010,-8.648682,170.367462,-0.926865,1
1310,43.668459,,0.022885,-0.061434,-0.014299,121.320992,-7.077019,173.050278,2.682816,1
1311,43.701794,,0.005438,-0.017447,-0.080961,118.870552,-2.450439,169.110001,-3.940277,1
1312,43.735129,,0.008457,0.003020,-0.122927,117.162300,-1.708252,169.076202,-0.033798,1
1313,43.768463,,0.007131,-0.001326,-0.138467,117.596062,0.433762,172.007523,2.931320,1
1314,43.801798,,0.012302,0.005171,-0.131950,116.107727,-1.488335,171.310928,-0.696594,1
1315,43.835133,,0.015548,0.003247,-0.112444,118.537888,2.430161,172.191483,0.880554,1
1316,43.868467,,0.043370,0.027822,-0.089556,121.130981,2.593094,174.086502,1.895020,1
1317,43.901802,,0.062979,0.019609,-0.070441,126.836182,5.705200,172.289459,-1.797043,1
1318,43.935137,,0.037422,-0.025557,-0.058207,124.944305,-1.891876,171.467911,-0.821548,1
1319,43.968472,,0.044114,0.006692,-0.051691,128.431290,3.486984,164.962921,-6.504990,1
1320,44.001806,,0.031741,-0.012373,-0.047058,126.404900,-2.026390,164.626297,-0.336624,1
1321,44.035141,,0.068201,0.036460,-0.039612,127.669022,1.264122,163.278641,-1.347656,1
1322,44.068476,,0.072566,0.004364,-0.026114,130.189041,2.520020,167.154114,3.875473,1
1323,44.101810,,0.085605,0.013039,-0.005822,130.637497,0.448456,171.072586,3.918472,1
1324,44.135145,,0.105953,0.020348,0.018870,133.886124,3.248627,169.873505,-1.199081,1
1325,44.168480,,0.131954,0.026001,0.043360,135.864807,1.978683,172.501465,2.627960,1
1326,44.201814,,0.185428,0.053474,0.062264,138.209244,2.344437,172.657364,0.155899,1
1327,44.235149,,0.179928,-0.005500,0.071183,135.128281,-3.080963,170.162521,-2.494843,1
1328,44.268484,,0.161862,-0.018066,0.068285,135.220505,0.092224,173.785202,3.622681,1
1329,44.301819,,0.133892,-0.027970,0.054314,135.940689,0.720184,179.642838,5.857635,1
1330,44.335153,,0.098696,-0.035196,0.032793,132.271072,-3.669617,182.698715,3.055878,1
1331,44.368488,,0.065753,-0.032943,0.008600,127.401161,-4.869911,177.590714,-5.108002,1
1332,44.401823,,0.053392,-0.012361,-0.013458,124.367096,-3.034065,171.239517,-6.351196,1
1333,44.435157,,0.045456,-0.007936,-0.029720,123.507553,-0.859543,171.841278,0.601761,1
1334,44.468492,,0.040180,-0.005276,-0.038509,120.663361,-2.844193,169.266129,-2.575150,1
1335,44.501827,,0.046083,0.005903,-0.039804,119.857841,-0.805519,170.874207,1.608078,1
1336,44.535161,,0.039335,-0.006747,-0.035198,118.862404,-0.995438,170.374893,-0.499313,1
1337,44.568496,,0.021025,-0.018310,-0.027084,116.501007,-2.361397,171.132828,0.757935,1
1338,44.601831,,0.037793,0.016767,-0.017900,118.283783,1.782776,171.855698,0.722870,1
1339,44.635166,,0.049683,0.011890,-0.009761,118.627098,0.343315,173.287552,1.431854,1
1340,44.668500,,0.063281,0.013598,-0.003962,121.140709,2.513611,173.990616,0.703064,1
1341,44.701835,,0.060967,-0.002314,-0.000958,120.935516,-0.205193,174.567978,0.577362,1
1342,44.735170,,0.051825,-0.009142,-0.000305,121.466988,0.531471,176.402222,1.834244,1
1343,44.768504,,0.053239,0.001414,-0.000993,120.996788,-0.470200,174.767227,-1.634995,1
1344,44.801839,,0.039557,-0.013682,-0.001879,118.704353,-2.292435,174.295929,-0.471298,1
1345,44.835174,,0.045329,0.005772,-0.002012,121.428574,2.724220,173.851715,-0.444214,1
1346,44.868508,,0.051592,0.006263,-0.000932,121.605179,0.176605,173.738113,-0.113602,1
1347,44.901843,,0.056020,0.004428,0.001343,121.359894,-0.245285,172.932953,-0.805161,1
1348,44.935178,,0.057818,0.001798,0.004375,121.776100,0.416206,170.718109,-2.214844,1
1349,44.968513,,0.049567,-0.008251,0.007555,118.766022,-3.010078,170.862473,0.144363,1
1350,45.001847,,0.057837,0.008270,0.010304,122.415138,3.649117,171.231018,0.368546,1
1351,45.035182,,0.043965,-0.013872,0.012224,119.860878,-2.554260,169.723587,-1.507431,1
1352,45.068517,,0.075824,0.031860,0.013186,124.885010,5.024132,173.543427,3.819839,1
1353,45.101851,,0.051092,-0.024733,0.013300,120.872627,-4.012383,171.079697,-2.463730,1
1354,45.135186,,0.058863,0.007771,0.012908,125.521355,4.648727,173.755630,2.675934,1
1355,45.168521,,0.049133,-0.009730,0.012437,122.194885,-3.326469,170.029800,-3.725830,1
1356,45.201856,,0.064765,0.015632,0.012272,125.680420,3.485535,173.164886,3.135086,1
1357,45.235190,,0.057519,-0.007246,0.012640,123.600250,-2.080170,169.365982,-3.798904,1
1358,45.268525,,0.054221,-0.003298,0.013538,125.239449,1.639198,171.933807,2.567825,1
1359,45.301860,,0.057978,0.003757,0.014740,123.464714,-1.774734,171.111328,-0.822479,1
1360,45.335194,,0.059776,0.001798,0.015833,125.677353,2.212639,171.090210,-0.021118,1
1361,45.368529,,0.064410,0.004635,0.016350,126.499001,0.821648,171.369858,0.279648,1
1362,45.401864,,0.063291,-0.001119,0.015886,126.824516,0.325516,171.355881,-0.013977,1
1363,45.435198,,0.064370,0.001078,0.014257,123.903351,-2.921165,170.783600,-0.572281,1
1364,45.468533,,0.061918,-0.002452,0.011556,123.622482,-0.280869,171.456787,0.673187,1
1365,45.501868,,0.045868,-0.016050,0.008087,120.823318,-2.799164,170.470612,-0.986176,1
1366,45.535203,,0.060760,0.014892,0.004308,124.580750,3.757431,171.902298,1.431686,1
1367,45.568537,,0.051907,-0.008854,0.000661,123.490074,-1.090675,171.692749,-0.209549,1
1368,45.601872,,0.043813,-0.008093,-0.002548,119.011635,-4.478439,169.564880,-2.127869,1
1369,45.635207,,0.049618,0.005805,-0.005229,123.685135,4.673500,170.435333,0.870453,1
1370,45.668541,,0.041317,-0.008301,-0.007524,122.907349,-0.777786,170.692703,0.257370,1
1371,45.701876,,0.047506,0.006190,-0.009715,123.602654,0.695305,170.304581,-0.388123,1
1372,45.735211,,0.047685,0.000179,-0.012113,122.990891,-0.611763,170.971863,0.667282,1
1373,45.768545,,0.041529,-0.006156,-0.014900,122.973083,-0.017807,170.791046,-0.180817,1
1374,45.801880,,0.044076,0.002547,-0.018049,122.280327,-0.692757,170.872192,0.081146,1
1375,45.835215,,0.030300,-0.013775,-0.021275,119.137878,-3.142448,169.097992,-1.774200,1
1376,45.868550,,0.044176,0.013876,-0.024123,121.957993,2.820114,170.536591,1.438599,1
1377,45.901884,,0.034726,-0.009450,-0.026071,120.411362,-1.546631,170.095795,-0.440796,1
1378,45.935219,,0.041505,0.006779,-0.026702,121.604454,1.193092,170.794708,0.698914,1
1379,45.968554,,0.033464,-0.008041,-0.025858,118.341431,-3.263023,170.189774,-0.604935,1
1380,46.001888,,0.041101,0.007637,-0.023652,119.373772,1.032341,170.337646,0.147873,1
1381,46.035223,,0.058696,0.017594,-0.020538,120.386086,1.012314,169.708359,-0.629288,1
1382,46.068558,,0.046946,-0.011750,-0.017153,118.004005,-2.382080,168.963181,-0.745178,1
1383,46.101892,,0.052667,0.005721,-0.014127,118.950294,0.946289,169.025345,0.062164,1
1384,46.135227,,0.066589,0.013922,-0.011869,120.627975,1.677681,169.272964,0.247620,1
1385,46.168562,,0.063720,-0.002870,-0.010360,120.845924,0.217949,172.649277,3.376312,1
1386,46.201897,,0.061044,-0.002676,-0.009075,121.317329,0.471405,174.474167,1.824890,1
1387,46.235231,,0.071487,0.010443,-0.006989,122.057510,0.740181,176.203629,1.729462,1
1388,46.268566,,0.087525,0.016038,-0.002854,123.115761,1.058250,178.865707,2.662079,1
1389,46.301901,,0.096739,0.009214,0.004538,122.030624,-1.085136,181.161469,2.295761,1
1390,46.335235,,0.098145,0.001407,0.015755,123.449051,1.418427,184.222717,3.061249,1
1391,46.368570,,0.096722,-0.001423,0.030282,121.412285,-2.036766,183.645126,-0.577591,1
1392,46.401905,,0.099949,0.003226,0.046382,121.560783,0.148499,184.717987,1.072861,1
1393,46.435239,,0.139098,0.039149,0.061060,127.875122,6.314339,189.550522,4.832535,1
1394,46.468574,,0.180891,0.041794,0.070879,127.719131,-0.155991,193.518707,3.968185,1
1395,46.501909,,0.188945,0.008054,0.072650,131.555450,3.836319,199.531235,6.012527,1
1396,46.535244,,0.146407,-0.042539,0.064702,128.205292,-3.350159,194.432373,-5.098862,1
1397,46.568578,,0.133865,-0.012541,0.047459,142.507385,14.302094,201.747711,7.315338,1
1398,46.601913,,0.108849,-0.025016,0.023081,nan,nan,nan,nan,0
1399,46.635248,,0.083833,-0.025016,-0.004597,nan,nan,nan,nan,0
1400,46.668582,,0.058817,-0.025016,-0.031276,nan,nan,nan,nan,0
1401,46.701917,,0.033801,-0.025016,-0.053007,nan,nan,nan,nan,0
1402,46.735252,,0.008785,-0.025016,-0.067078,43.426605,nan,76.319817,nan,1
1403,46.768586,,0.020097,0.011312,-0.072506,nan,nan,nan,nan,0
1404,46.801921,,0.031410,0.011312,-0.069619,nan,nan,nan,nan,0
1405,46.835256,,0.042722,0.011312,-0.060098,nan,nan,nan,nan,0
1406,46.868591,,0.054034,0.011312,-0.046180,nan,nan,nan,nan,0
1407,46.901925,,0.065346,0.011312,-0.030006,nan,nan,nan,nan,0
1408,46.935260,,0.076658,0.011312,-0.013497,nan,nan,nan,nan,0
1409,46.968595,,0.087970,0.011312,0.001890,nan,nan,nan,nan,0
1410,47.001929,,0.099283,0.011312,0.015018,nan,nan,nan,nan,0
1411,47.035264,,0.110595,0.011312,0.025093,nan,nan,nan,nan,0
1412,47.068599,,0.121907,0.011312,0.031716,nan,nan,nan,nan,0
1413,47.101933,,0.133219,0.011312,0.034869,nan,nan,nan,nan,0
1414,47.135268,,0.144531,0.011312,0.035243,nan,nan,nan,nan,0
1415,47.168603,,0.155844,0.011312,0.034122,nan,nan,nan,nan,0
1416,47.201938,,0.167156,0.011312,0.033036,67.589737,nan,111.075844,nan,1
1417,47.235272,,0.060876,-0.106280,0.033212,63.422394,-4.167343,103.807304,-7.268539,1
1418,47.268607,,0.085484,0.024608,0.034835,nan,nan,nan,nan,0
1419,47.301942,,0.110093,0.024608,0.036758,nan,nan,nan,nan,0
1420,47.335276,,0.134701,0.024608,0.036747,nan,nan,nan,nan,0
1421,47.368611,,0.159309,0.024608,0.032592,nan,nan,nan,nan,0
1422,47.401946,,0.183918,0.024608,0.023080,91.763908,nan,136.127167,nan,1
1423,47.435281,,0.137330,-0.046587,0.009024,94.628418,2.864510,144.954147,8.826981,1
1424,47.468615,,0.025836,-0.111494,-0.007013,84.357857,-10.270561,140.665146,-4.289001,1
1425,47.501950,,0.016237,-0.009599,-0.021776,82.514229,-1.843628,144.290497,3.625351,1
1426,47.535285,,0.033030,0.016793,-0.032639,90.485619,7.971390,156.876068,12.585571,1
1427,47.568619,,0.063651,0.030621,-0.038720,99.189133,8.703514,163.814499,6.938431,1
1428,47.601954,,0.084195,0.020543,-0.040784,97.808647,-1.380486,162.256409,-1.558090,1
1429,47.635289,,0.073494,-0.010700,-0.040816,102.245552,4.436905,164.026901,1.770493,1
1430,47.668623,,0.051488,-0.022006,-0.040800,106.386055,4.140503,166.110535,2.083633,1
1431,47.701958,,0.053718,0.002229,-0.041853,108.640038,2.253983,166.143661,0.033127,1
1432,47.735293,,0.028070,-0.025648,-0.043759,103.853729,-4.786308,163.055878,-3.087784,1
1433,47.768628,,0.049417,0.021347,-0.045129,103.702660,-0.151070,162.109344,-0.946533,1
1434,47.801962,,0.062270,0.012853,-0.043896,104.081978,0.379318,159.475433,-2.633911,1
1435,47.835297,,0.047732,-0.014538,-0.038124,100.415359,-3.666618,158.344559,-1.130875,1
1436,47.868632,,0.049263,0.001531,-0.026787,100.286415,-0.128944,155.801224,-2.543335,1
1437,47.901966,,0.083343,0.034081,-0.009995,107.714439,7.428024,153.178619,-2.622604,1
1438,47.935301,,0.115415,0.032072,0.010614,114.342308,6.627869,150.515533,-2.663086,1
1439,47.968636,,0.128330,0.012915,0.032392,114.173050,-0.169258,149.945694,-0.569839,1
1440,48.001970,,0.176817,0.048487,0.052257,114.367615,0.194565,149.449417,-0.496277,1
1441,48.035305,,0.165192,-0.011625,0.067334,116.437248,2.069633,150.316299,0.866882,1
1442,48.068640,,0.172239,0.007047,0.075597,119.429756,2.992508,154.859772,4.543472,1
1443,48.101975,,0.118354,-0.053885,0.075824,119.290634,-0.139122,161.323914,6.464142,1
1444,48.135309,,0.187499,0.069145,0.068065,124.772034,5.481400,159.738312,-1.585602,1
1445,48.168644,,0.181741,-0.005758,0.053477,122.903877,-1.868156,160.966904,1.228592,1
1446,48.201979,,0.165907,-0.015834,0.033982,122.283569,-0.620308,163.819611,2.852707,1
1447,48.235313,,0.103437,-0.062470,0.012310,118.800972,-3.482597,165.545105,1.725494,1
1448,48.268648,,0.058368,-0.045069,-0.008773,112.380974,-6.419998,164.272583,-1.272522,1
1449,48.301983,,0.077589,0.019221,-0.026987,115.466293,3.085320,167.713364,3.440781,1
1450,48.335317,,0.069814,-0.007775,-0.041081,111.667908,-3.798386,165.069504,-2.643860,1
1451,48.368652,,0.054162,-0.015652,-0.050957,112.362610,0.694702,164.965683,-0.103821,1
1452,48.401987,,0.047273,-0.006888,-0.057219,110.988365,-1.374245,163.273209,-1.692474,1
1453,48.435322,,0.059773,0.012499,-0.060900,111.442116,0.453751,162.772278,-0.500931,1
1454,48.468656,,0.048339,-0.011434,-0.062821,110.037697,-1.404419,162.852493,0.080215,1
1455,48.501991,,0.041384,-0.006955,-0.063176,107.035217,-3.002480,162.450226,-0.402267,1
1456,48.535326,,0.044160,0.002776,-0.061541,106.737144,-0.298073,161.133636,-1.316589,1
1457,48.568660,,0.062185,0.018025,-0.057068,107.066658,0.329514,159.744553,-1.389084,1
1458,48.601995,,0.050743,-0.011442,-0.048752,104.609756,-2.456902,156.299973,-3.444580,1
1459,48.635330,,0.061628,0.010885,-0.036037,105.933281,1.323524,156.213730,-0.086243,1
1460,48.668664,,0.089153,0.027525,-0.019090,109.502441,3.569160,157.227249,1.013519,1
1461,48.701999,,0.114324,0.025170,0.001266,110.772667,1.270226,156.929214,-0.298035,1
1462,48.735334,,0.130168,0.015844,0.023493,112.364311,1.591644,153.941620,-2.987595,1
1463,48.768669,,0.185261,0.055093,0.045812,116.118378,3.754066,149.990433,-3.951187,1
1464,48.802003,,0.182973,-0.002288,0.066470,116.184418,0.066040,151.325363,1.334930,1
1465,48.835338,,0.186288,0.003315,0.083947,120.722672,4.538254,151.371170,0.045807,1
1466,48.868673,,0.205661,0.019373,0.097010,123.775398,3.052727,158.005936,6.634766,1
1467,48.902007,,0.197949,-0.007712,0.104396,130.770874,6.995476,161.266312,3.260376,1
1468,48.935342,,0.193539,-0.004409,0.105046,129.308075,-1.462799,165.758087,4.491776,1
1469,48.968677,,0.203628,0.010089,0.098227,128.315582,-0.992493,167.708649,1.950562,1
1470,49.002011,,0.250811,0.047183,0.083596,124.641907,-3.673676,168.019012,0.310364,1
1471,49.035346,,0.164099,-0.086713,0.062013,122.471672,-2.170235,173.977386,5.958374,1
1472,49.068681,,0.144561,-0.019537,0.035494,121.131989,-1.339684,176.874130,2.896744,1
1473,49.102016,,0.109613,-0.034949,0.006829,117.306938,-3.825050,177.733093,0.858963,1
1474,49.135350,,0.075712,-0.033901,-0.020804,113.854210,-3.452728,175.892944,-1.840149,1
1475,49.168685,,0.050161,-0.025551,-0.044769,111.021912,-2.832298,173.213562,-2.679382,1
1476,49.202020,,0.038847,-0.011314,-0.063304,109.890457,-1.131454,169.679932,-3.533630,1
1477,49.235354,,0.019632,-0.019215,-0.075946,108.482544,-1.407913,167.316406,-2.363525,1
1478,49.268689,,0.023940,0.004308,-0.083218,109.544731,1.062187,167.790817,0.474411,1
1479,49.302024,,0.033329,0.009389,-0.085914,108.347710,-1.197021,167.294861,-0.495956,1
1480,49.335359,,0.025561,-0.007769,-0.084788,106.232124,-2.115585,165.923462,-1.371399,1
1481,49.368693,,0.021059,-0.004502,-0.080063,106.047020,-0.185104,165.682526,-0.240936,1
1482,49.402028,,0.025822,0.004763,-0.071320,104.672783,-1.374237,165.897232,0.214706,1
1483,49.435363,,0.034792,0.008970,-0.058092,107.438057,2.765274,165.020706,-0.876526,1
1484,49.468697,,0.053899,0.019107,-0.040370,105.627312,-1.810745,166.402008,1.381302,1
1485,49.502032,,0.068544,0.014645,-0.018958,107.771057,2.143745,168.059906,1.657898,1
1486,49.535367,,0.074222,0.005678,0.004101,113.828949,6.057892,168.902618,0.842712,1
1487,49.568701,,0.131928,0.057706,0.025964,120.351013,6.522064,165.701645,-3.200974,1
1488,49.602036,,0.152434,0.020507,0.043507,121.520370,1.169357,162.836288,-2.865356,1
1489,49.635371,,0.184552,0.032117,0.054297,126.824265,5.303894,163.503738,0.667450,1
1490,49.668706,,0.129145,-0.055406,0.057313,123.896614,-2.927650,165.033661,1.529922,1
1491,49.702040,,0.134916,0.005771,0.052882,123.315689,-0.580925,164.843903,-0.189758,1
1492,49.735375,,0.116821,-0.018095,0.042879,123.879822,0.564133,166.860886,2.016983,1
1493,49.768710,,0.134150,0.017329,0.029899,125.733467,1.853645,169.929565,3.068680,1
1494,49.802044,,0.118227,-0.015922,0.016540,124.195694,-1.537773,170.220657,0.291092,1
1495,49.835379,,0.077647,-0.040580,0.004888,121.368874,-2.826820,174.739716,4.519058,1
1496,49.868714,,0.081710,0.004063,-0.004024,118.749268,-2.619606,179.804794,5.065079,1
1497,49.902048,,0.071145,-0.010565,-0.010204,117.745651,-1.003616,174.543686,-5.261108,1
1498,49.935383,,0.069962,-0.001183,-0.014647,117.681015,-0.064636,169.213531,-5.330154,1
1499,49.968718,,0.071840,0.001878,-0.018702,114.486359,-3.194656,169.440414,0.226883,1
1500,50.002053,,0.061834,-0.010006,-0.023435,113.993530,-0.492828,169.231628,-0.208786,1
1501,50.035387,,0.047714,-0.014120,-0.029034,114.488701,0.495171,167.820618,-1.411011,1
1502,50.068722,,0.068715,0.021001,-0.034521,117.507118,3.018417,167.371780,-0.448837,1
1503,50.102057,,0.060020,-0.008695,-0.037844,118.524681,1.017563,167.328979,-0.042801,1
1504,50.135391,,0.044690,-0.015330,-0.036494,118.239059,-0.285622,166.250198,-1.078781,1
1505,50.168726,,0.046613,0.001923,-0.028480,118.450562,0.211502,165.866608,-0.383591,1
1506,50.202061,,0.051776,0.005164,-0.012967,119.283035,0.832474,167.572815,1.706207,1
1507,50.235395,,0.064021,0.012244,0.008705,117.846283,-1.436752,170.198593,2.625778,1
1508,50.268730,,0.126529,0.062508,0.033268,122.672012,4.825729,169.473587,-0.725006,1
1509,50.302065,,0.154934,0.028405,0.056227,124.164291,1.492279,165.314560,-4.159027,1
1510,50.335400,,0.179341,0.024408,0.072985,121.809105,-2.355186,159.940231,-5.374329,1
1511,50.368734,,0.159063,-0.020279,0.080302,121.589668,-0.219437,158.410156,-1.530075,1
1512,50.402069,,0.172240,0.013178,0.076713,125.952415,4.362747,163.155441,4.745285,1
1513,50.435404,,0.132381,-0.039860,0.063348,129.884872,3.932457,169.674744,6.519302,1
1514,50.468738,,0.131324,-0.001056,0.043207,129.521973,-0.362900,169.875275,0.200531,1
1515,50.502073,,0.093353,-0.037971,0.020130,125.034241,-4.487732,166.802948,-3.072327,1
1516,50.535408,,0.076966,-0.016387,-0.001956,119.926018,-5.108223,166.291061,-0.511887,1
1517,50.568742,,0.064344,-0.012622,-0.020206,115.243317,-4.682701,167.647324,1.356262,1
1518,50.602077,,0.057486,-0.006858,-0.033123,115.790215,0.546898,165.942795,-1.704529,1
1519,50.635412,,0.051033,-0.006452,-0.040866,113.842445,-1.947769,165.549988,-0.392807,1
1520,50.668747,,0.038133,-0.012901,-0.044742,113.836624,-0.005821,163.813721,-1.736267,1
1521,50.702081,,0.028058,-0.010074,-0.046467,111.620972,-2.215652,164.406189,0.592468,1
1522,50.735416,,0.035579,0.007520,-0.047627,110.619980,-1.000992,165.881058,1.474869,1
1523,50.768751,,0.051890,0.016312,-0.048949,110.475395,-0.144585,167.212708,1.331650,1
1524,50.802085,,0.050372,-0.001519,-0.050009,108.631554,-1.843842,166.495514,-0.717194,1
1525,50.835420,,0.039286,-0.011086,-0.049307,105.892189,-2.739365,163.437302,-3.058212,1
1526,50.868755,,0.045174,0.005888,-0.044869,105.697372,-0.194817,162.962250,-0.475052,1
1527,50.902089,,0.047796,0.002622,-0.034880,103.391022,-2.306351,161.183975,-1.778275,1
1528,50.935424,,0.051767,0.003971,-0.018796,101.688637,-1.702385,161.532547,0.348572,1
1529,50.968759,,0.074941,0.023174,0.002221,103.971382,2.282745,160.599579,-0.932968,1
1530,51.002094,,0.130544,0.055604,0.025428,110.284325,6.312943,159.705353,-0.894226,1
1531,51.035428,,0.160328,0.029784,0.046872,112.861748,2.577423,157.183548,-2.521805,1
1532,51.068763,,0.142154,-0.018174,0.062652,115.761581,2.899834,156.571503,-0.612045,1
1533,51.102098,,0.172629,0.030475,0.069637,119.243095,3.481514,156.054001,-0.517502,1
1534,51.135432,,0.171146,-0.001483,0.066670,124.269302,5.026207,162.072739,6.018738,1
1535,51.168767,,0.143442,-0.027704,0.054709,126.077530,1.808228,163.969467,1.896729,1
1536,51.202102,,0.139968,-0.003474,0.036278,122.979492,-3.098038,167.641785,3.672318,1
1537,51.235437,,0.096157,-0.043811,0.015200,121.519585,-1.459908,170.082458,2.440674,1
1538,51.268771,,0.065529,-0.030628,-0.004726,120.937599,-0.581985,171.835114,1.752655,1
1539,51.302106,,0.091458,0.025929,-0.020438,120.611328,-0.326271,173.202942,1.367828,1
1540,51.335441,,0.083232,-0.008227,-0.030349,117.798492,-2.812836,173.423706,0.220764,1
1541,51.368775,,0.061472,-0.021760,-0.034490,113.282715,-4.515778,168.635529,-4.788177,1
1542,51.402110,,0.059089,-0.002383,-0.034070,113.280411,-0.002304,167.039978,-1.595551,1
1543,51.435445,,0.061963,0.002874,-0.031300,112.048996,-1.231415,166.022614,-1.017365,1
1544,51.468779,,0.063239,0.001277,-0.028509,113.217133,1.168137,165.820480,-0.202133,1
1545,51.502114,,0.071206,0.007967,-0.027527,112.262459,-0.954674,166.642685,0.822205,1
1546,51.535449,,0.077432,0.006225,-0.029041,111.319763,-0.942696,167.196838,0.554153,1
1547,51.568784,,0.080323,0.002891,-0.032283,111.816849,0.497086,165.236526,-1.960312,1
1548,51.602118,,0.071360,-0.008963,-0.035170,109.897949,-1.918900,165.663498,0.426971,1
1549,51.635453,,0.070485,-0.000875,-0.034807,108.870316,-1.027634,165.043610,-0.619888,1
1550,51.668788,,0.062383,-0.008102,-0.028552,107.088028,-1.782288,164.072021,-0.971588,1
1551,51.702122,,0.069669,0.007286,-0.014744,109.507141,2.419113,165.566238,1.494217,1
1552,51.735457,,0.112956,0.043288,0.006110,109.832085,0.324944,166.622253,1.056015,1
1553,51.768792,,0.145728,0.032771,0.031323,114.572891,4.740807,159.604645,-7.017609,1
1554,51.802126,,0.133345,-0.012383,0.056492,113.900375,-0.672516,157.233398,-2.371246,1
1555,51.835461,,0.172610,0.039266,0.076373,115.855644,1.955269,155.376572,-1.856827,1
1556,51.868796,,0.200156,0.027545,0.086505,120.775177,4.919533,160.474716,5.098145,1
1557,51.902131,,0.190663,-0.009492,0.084039,127.128426,6.353249,162.983887,2.509171,1
1558,51.935465,,0.244049,0.053385,0.069298,130.279846,3.151421,165.020584,2.036697,1
1559,51.968800,,0.135465,-0.108584,0.045508,125.607742,-4.672104,171.240799,6.220215,1
1560,52.002135,,0.081067,-0.054398,0.017752,122.546242,-3.061501,168.905304,-2.335495,1
1561,52.035469,,0.079077,-0.001990,-0.008187,119.110344,-3.435898,167.239578,-1.665726,1
1562,52.068804,,0.070074,-0.009003,-0.027887,118.573639,-0.536705,166.870773,-0.368805,1
1563,52.102139,,0.076968,0.006893,-0.039058,121.242722,2.669083,168.586716,1.715942,1
1564,52.135473,,0.050795,-0.026173,-0.042302,116.486565,-4.756157,166.881622,-1.705093,1
1565,52.168808,,0.074535,0.023741,-0.040315,115.419014,-1.067551,163.800842,-3.080780,1
1566,52.202143,,0.064978,-0.009557,-0.036640,115.213287,-0.205727,164.949158,1.148315,1
1567,52.235478,,0.078697,0.013719,-0.034502,116.392204,1.178917,166.891388,1.942230,1
1568,52.268812,,0.064236,-0.014462,-0.035465,113.910294,-2.481911,168.022491,1.131104,1
1569,52.302147,,0.073819,0.009583,-0.039045,113.301018,-0.609276,167.415909,-0.606583,1
1570,52.335482,,0.064764,-0.009055,-0.042696,112.358521,-0.942497,166.769577,-0.646332,1
1571,52.368816,,0.066330,0.001566,-0.042904,110.392441,-1.966080,163.690735,-3.078842,1
1572,52.402151,,0.071460,0.005130,-0.036278,108.486969,-1.905472,163.166840,-0.523895,1
1573,52.435486,,0.063120,-0.008340,-0.021238,106.555733,-1.931236,160.678970,-2.487869,1
1574,52.468820,,0.064453,0.001333,0.001175,103.289383,-3.266350,161.626984,0.948013,1
1575,52.502155,,0.108522,0.044069,0.027392,105.962845,2.673462,163.278198,1.651215,1
1576,52.535490,,0.161067,0.052544,0.051857,113.839996,7.877151,158.407715,-4.870483,1
1577,52.568825,,0.239287,0.078220,0.069069,120.254616,6.414619,157.427994,-0.979721,1
1578,52.602159,,0.199635,-0.039652,0.074943,126.950165,6.695549,160.850525,3.422531,1
1579,52.635494,,0.158064,-0.041571,0.068642,124.572456,-2.377708,165.145493,4.294968,1
1580,52.668829,,0.160821,0.002757,0.052477,124.072113,-0.500343,165.126053,-0.019440,1
1581,52.702163,,0.099983,-0.060838,0.030752,121.243652,-2.828461,169.186157,4.060104,1
1582,52.735498,,0.089863,-0.010120,0.008668,119.953133,-1.290520,175.092239,5.906082,1
1583,52.768833,,0.096960,0.007098,-0.009681,119.304260,-0.648872,173.999496,-1.092743,1
1584,52.802167,,0.080749,-0.016211,-0.022060,116.108986,-3.195274,172.357758,-1.641739,1
1585,52.835502,,0.080927,0.000178,-0.028664,114.635414,-1.473572,171.465286,-0.892471,1
1586,52.868837,,0.074184,-0.006743,-0.031419,113.918190,-0.717224,168.162018,-3.303268,1
1587,52.902172,,0.067220,-0.006964,-0.032909,113.890923,-0.027267,168.339966,0.177948,1
1588,52.935506,,0.076514,0.009294,-0.035378,112.997261,-0.893661,168.754120,0.414154,1
1589,52.968841,,0.066958,-0.009556,-0.039710,112.034874,-0.962387,167.765182,-0.988937,1
1590,53.002176,,0.054872,-0.012086,-0.045156,111.322922,-0.711952,167.605911,-0.159271,1
1591,53.035510,,0.052805,-0.002067,-0.049464,110.342323,-0.980598,163.643356,-3.962555,1
1592,53.068845,,0.051939,-0.000866,-0.049803,106.918442,-3.423882,161.073364,-2.569992,1
1593,53.102180,,0.047894,-0.004045,-0.043543,105.314568,-1.603874,161.167984,0.094620,1
1594,53.135515,,0.049342,0.001448,-0.029563,101.395912,-3.918655,159.780670,-1.387314,1
1595,53.168849,,0.105070,0.055728,-0.008691,105.018425,3.622513,160.663162,0.882492,1
1596,53.202184,,0.129465,0.024395,0.016461,109.835342,4.816917,160.854156,0.190994,1
1597,53.235519,,0.134135,0.004670,0.041726,114.636360,4.801018,157.940018,-2.914139,1
1598,53.268853,,0.176504,0.042368,0.062659,115.790382,1.154022,155.491959,-2.448059,1
1599,53.302188,,0.165829,-0.010675,0.075265,119.297035,3.506653,157.288727,1.796768,1
1600,53.335523,,0.179633,0.013804,0.077298,123.120491,3.823456,162.669907,5.381180,1
1601,53.368857,,0.161030,-0.018603,0.068669,127.334457,4.213966,165.215637,2.545731,1
1602,53.402192,,0.192076,0.031045,0.051130,128.570755,1.236298,165.045303,-0.170334,1
1603,53.435527,,0.116727,-0.075349,0.028384,125.000137,-3.570618,172.662247,7.616943,1
1604,53.468862,,0.117667,0.000940,0.004717,128.632294,3.632156,178.306274,5.644028,1
1605,53.502196,,0.059945,-0.057722,-0.015989,119.198219,-9.434074,176.933701,-1.372574,1
1606,53.535531,,0.040970,-0.018975,-0.031341,114.389252,-4.808968,171.348404,-5.585297,1
1607,53.568866,,0.058908,0.017938,-0.040947,118.268272,3.879021,167.315613,-4.032791,1
1608,53.602200,,0.062227,0.003320,-0.045976,115.294075,-2.974197,170.268600,2.952988,1
1609,53.635535,,0.051286,-0.010941,-0.048585,113.186188,-2.107887,170.862625,0.594025,1
1610,53.668870,,0.051031,-0.000255,-0.050519,114.240547,1.054359,171.092667,0.230042,1
1611,53.702204,,0.063480,0.012449,-0.052155,113.670204,-0.570343,171.752167,0.659500,1
1612,53.735539,,0.062956,-0.000524,-0.052097,112.292519,-1.377686,172.210388,0.458221,1
1613,53.768874,,0.059638,-0.003318,-0.047650,107.300461,-4.992058,171.977905,-0.232483,1
1614,53.802209,,0.060329,0.000691,-0.035717,109.111595,1.811134,170.504623,-1.473282,1
1615,53.835543,,0.058683,-0.001646,-0.014690,107.801918,-1.309677,170.933884,0.429260,1
1616,53.868878,,0.050693,-0.007990,0.014424,107.315750,-0.486168,168.325378,-2.608505,1
1617,53.902213,,0.132784,0.082091,0.047729,116.560730,9.244980,163.152939,-5.172440,1
1618,53.935547,,0.204348,0.071564,0.078762,123.029114,6.468384,164.615036,1.462097,1
1619,53.968882,,0.210777,0.006429,0.100701,128.023254,4.994141,163.551102,-1.063934,1
1620,54.002217,,0.243621,0.032843,0.107926,128.429871,0.406616,166.579666,3.028564,1
1621,54.035551,,0.226448,-0.017173,0.098537,125.842628,-2.587242,168.503738,1.924072,1
1622,54.068886,,0.142261,-0.084187,0.074636,125.891594,0.048965,170.213196,1.709457,1
1623,54.102221,,0.112119,-0.030142,0.041312,123.180847,-2.710747,174.156616,3.943420,1
1624,54.135556,,0.070121,-0.041998,0.005722,119.292358,-3.888489,171.560623,-2.595993,1
1625,54.168890,,0.053161,-0.016960,-0.025513,119.731567,0.439209,166.197113,-5.363510,1
1626,54.202225,,0.056714,0.003553,-0.047477,115.082207,-4.649361,167.350952,1.153839,1
1627,54.235560,,0.046683,-0.010032,-0.058270,113.596802,-1.485405,165.629059,-1.721893,1
1628,54.268894,,0.050289,0.003606,-0.058808,113.822884,0.226082,163.126923,-2.502136,1
1629,54.302229,,0.041642,-0.008647,-0.051877,114.185959,0.363075,162.415176,-0.711746,1
1630,54.335564,,0.038410,-0.003232,-0.041678,111.262154,-2.923805,163.133514,0.718338,1
1631,54.368898,,0.046735,0.008324,-0.032320,111.468117,0.205963,162.727234,-0.406281,1
1632,54.402233,,0.053563,0.006829,-0.027085,110.897186,-0.570930,165.667099,2.939865,1
1633,54.435568,,0.056949,0.003386,-0.027498,111.612907,0.715721,167.724289,2.057190,1
1634,54.468903,,0.063703,0.006754,-0.032977,110.915245,-0.697662,170.325546,2.601257,1
1635,54.502237,,0.065439,0.001735,-0.040997,110.122398,-0.792847,168.706039,-1.619507,1
1636,54.535572,,0.058752,-0.006686,-0.047410,107.178856,-2.943542,165.779556,-2.926483,1
1637,54.568907,,0.045479,-0.013273,-0.047821,104.294754,-2.884102,163.921066,-1.858490,1
1638,54.602241,,0.038773,-0.006706,-0.038591,101.570793,-2.723961,162.825745,-1.095322,1
1639,54.635576,,0.055217,0.016444,-0.018706,103.060532,1.489738,162.610352,-0.215393,1
1640,54.668911,,0.052760,-0.002457,0.009706,104.076408,1.015877,165.474564,2.864212,1
1641,54.702245,,0.136273,0.083514,0.041673,107.288918,3.212509,157.791489,-7.683075,1
1642,54.735580,,0.140813,0.004539,0.070207,111.875069,4.586151,157.186218,-0.605270,1
1643,54.768915,,0.222779,0.081966,0.088727,120.295166,8.420097,159.793427,2.607208,1
1644,54.802250,,0.202152,-0.020627,0.092506,130.973190,10.678024,167.035385,7.241959,1
1645,54.835584,,0.225711,0.023560,0.080928,130.573853,-0.399338,169.875565,2.840179,1
1646,54.868919,,0.123556,-0.102156,0.057234,128.222214,-2.351639,177.650772,7.775208,1
1647,54.902254,,0.073710,-0.049845,0.027176,121.026993,-7.195221,177.183029,-0.467743,1
1648,54.935588,,0.054886,-0.018824,-0.002429,117.393814,-3.633179,175.455215,-1.727814,1
1649,54.968923,,0.047257,-0.007629,-0.026271,113.232460,-4.161354,172.000870,-3.454346,1
1650,55.002258,,0.063148,0.015891,-0.041424,113.853882,0.621422,173.111038,1.110168,1
1651,55.035593,,0.047978,-0.015170,-0.048063,116.431908,2.578026,171.552765,-1.558273,1
1652,55.068927,,0.049354,0.001376,-0.048394,117.662140,1.230232,173.434341,1.881577,1
1653,55.102262,,0.057333,0.007978,-0.045225,118.320587,0.658447,174.877106,1.442764,1
1654,55.135597,,0.048207,-0.009125,-0.040936,116.880104,-1.440483,174.134186,-0.742920,1
1655,55.168931,,0.057871,0.009663,-0.036424,117.369217,0.489113,171.844498,-2.289688,1
1656,55.202266,,0.068865,0.010995,-0.031048,116.290695,-1.078522,170.852997,-0.991501,1
1657,55.235601,,0.059156,-0.009710,-0.023237,112.984161,-3.306534,172.514053,1.661057,1
1658,55.268935,,0.054605,-0.004551,-0.011548,111.470490,-1.513672,170.917984,-1.596069,1
1659,55.302270,,0.057669,0.003064,0.004482,112.491203,1.020714,172.665115,1.747131,1
1660,55.335605,,0.142070,0.084401,0.023479,122.031837,9.540634,169.987534,-2.677582,1
1661,55.368940,,0.128374,-0.013696,0.042566,119.719887,-2.311951,169.542374,-0.445160,1
1662,55.402274,,0.169621,0.041247,0.057979,126.563568,6.843681,172.654053,3.111679,1
1663,55.435609,,0.145226,-0.024395,0.066290,120.615433,-5.948135,170.054184,-2.599869,1
1664,55.468944,,0.186832,0.041606,0.065469,130.842804,10.227371,179.673218,9.619034,1
1665,55.502278,,0.137236,-0.049596,0.055110,130.785492,-0.057312,175.073593,-4.599625,1
1666,55.535613,,0.113211,-0.024026,0.037088,129.157913,-1.627579,176.131027,1.057434,1
1667,55.568948,,0.089059,-0.024152,0.014649,129.224167,0.066254,182.516998,6.385971,1
1668,55.602282,,0.091429,0.002370,-0.008377,127.110016,-2.114151,181.849091,-0.667908,1
1669,55.635617,,0.058191,-0.033237,-0.028313,118.864838,-8.245178,180.103271,-1.745819,1
1670,55.668952,,0.055612,-0.002579,-0.042521,115.514687,-3.350151,176.452408,-3.650864,1
1671,55.702287,,0.040709,-0.014903,-0.049499,113.370331,-2.144356,176.609619,0.157211,1
1672,55.735621,,0.033371,-0.007339,-0.049419,116.324547,2.954216,177.148987,0.539368,1
1673,55.768956,,0.050401,0.017031,-0.043669,117.807526,1.482979,177.757141,0.608154,1
1674,55.802291,,0.041056,-0.009346,-0.034330,114.915627,-2.891899,177.027542,-0.729599,1
1675,55.835625,,0.063166,0.022110,-0.023861,114.633934,-0.281693,177.302017,0.274475,1
1676,55.868960,,0.092202,0.029036,-0.014271,116.018875,1.384941,176.109940,-1.192078,1
1677,55.902295,,0.081028,-0.011174,-0.006785,115.052940,-0.965935,172.328171,-3.781769,1
1678,55.935629,,0.098779,0.017751,-0.001535,114.894714,-0.158226,171.187195,-1.140976,1
1679,55.968964,,0.088703,-0.010076,0.002202,113.523109,-1.371605,170.608200,-0.578995,1
1680,56.002299,,0.093585,0.004882,0.005534,113.746246,0.223137,168.286011,-2.322189,1
1681,56.035634,,0.067526,-0.026059,0.009422,113.389771,-0.356476,171.971756,3.685745,1
1682,56.068968,,0.100546,0.033021,0.014148,117.543938,4.154167,171.938980,-0.032776,1
1683,56.102303,,0.109626,0.009080,0.019197,117.353783,-0.190155,171.563522,-0.375458,1
1684,56.135638,,0.137978,0.028352,0.023423,120.445396,3.091614,172.353104,0.789581,1
1685,56.168972,,0.119496,-0.018483,0.025569,121.503021,1.057625,174.931656,2.578552,1
1686,56.202307,,0.094409,-0.025087,0.024626,126.334923,4.831902,178.353546,3.421890,1
1687,56.235642,,0.108522,0.014113,0.020323,124.781906,-1.553017,180.385513,2.031967,1
1688,56.268976,,0.092914,-0.015608,0.013118,126.162636,1.380730,176.809311,-3.576202,1
1689,56.302311,,0.101397,0.008483,0.004024,122.245956,-3.916679,179.215576,2.406265,1
1690,56.335646,,0.086176,-0.015220,-0.005479,124.119141,1.873184,179.778778,0.563202,1
1691,56.368981,,0.063995,-0.022182,-0.013906,118.730988,-5.388153,176.529556,-3.249222,1
1692,56.402315,,0.054529,-0.009465,-0.019975,119.696053,0.965065,179.069809,2.540253,1
1693,56.435650,,0.068665,0.014135,-0.022985,115.815056,-3.880997,176.369583,-2.700226,1
1694,56.468985,,0.059157,-0.009507,-0.022848,120.170189,4.355133,173.658081,-2.711502,1
1695,56.502319,,0.074267,0.015110,-0.019906,118.220070,-1.950119,177.203018,3.544937,1
1696,56.535654,,0.077134,0.002867,-0.014918,118.243156,0.023087,178.822922,1.619904,1
1697,56.568989,,0.066239,-0.010895,-0.008707,115.876106,-2.367050,176.071930,-2.750992,1
1698,56.602323,,0.076416,0.010176,-0.002000,114.209366,-1.666740,175.815536,-0.256393,1
1699,56.635658,,0.096362,0.019946,0.004619,116.652252,2.442886,174.917191,-0.898346,1
1700,56.668993,,0.106800,0.010438,0.010766,116.070663,-0.581589,172.972427,-1.944763,1
1701,56.702328,,0.102482,-0.004318,0.016186,115.607147,-0.463516,175.071182,2.098755,1
1702,56.735662,,0.075830,-0.026652,0.020699,116.515228,0.908081,172.519882,-2.551300,1
1703,56.768997,,0.100898,0.025068,0.024101,124.859505,8.344276,178.654846,6.134964,1
1704,56.802332,,0.157120,0.056223,0.026092,132.561401,7.701897,182.379364,3.724518,1
1705,56.835666,,0.097840,-0.059280,0.026425,128.073273,-4.488129,175.932999,-6.446365,1
1706,56.869001,,0.098715,0.000875,0.024958,130.135239,2.061966,180.778290,4.845291,1
1707,56.902336,,0.103184,0.004469,0.021629,129.310486,-0.824753,183.779572,3.001282,1
1708,56.935670,,0.089877,-0.013307,0.016587,126.980896,-2.329590,189.543884,5.764313,1
1709,56.969005,,0.102061,0.012183,0.010121,125.642113,-1.338783,191.711243,2.167358,1
1710,57.002340,,0.107472,0.005412,0.002663,121.363243,-4.278870,187.446976,-4.264267,1
1711,57.035675,,0.073630,-0.033842,-0.005167,120.330452,-1.032791,181.432739,-6.014236,1
1712,57.069009,,0.066213,-0.007417,-0.012735,119.167717,-1.162735,180.467743,-0.964996,1
1713,57.102344,,0.063366,-0.002848,-0.019550,115.182098,-3.985619,181.788101,1.320358,1
1714,57.135679,,0.050782,-0.012583,-0.025482,114.591583,-0.590515,178.520782,-3.267319,1
1715,57.169013,,0.049711,-0.001072,-0.030789,111.238678,-3.352905,175.510498,-3.010284,1
1716,57.202348,,0.042134,-0.007577,-0.035968,112.064522,0.825844,175.473785,-0.036713,1
1717,57.235683,,0.042151,0.000017,-0.041453,104.057518,-8.007004,175.546188,0.072403,1
1718,57.269018,,0.053145,0.010994,-0.047213,102.151466,-1.906052,174.430008,-1.116180,1
1719,57.302352,,0.037516,-0.015629,-0.052457,97.019737,-5.131729,175.302597,0.872589,1
1720,57.335687,,0.018641,-0.018875,-0.055604,94.098007,-2.921730,174.991028,-0.311569,1
1721,57.369022,,0.024591,0.005951,-0.054650,94.867714,0.769707,170.576218,-4.414810,1
1722,57.402356,,0.034525,0.009934,-0.047513,95.156487,0.288773,168.314301,-2.261917,1
1723,57.435691,,0.053052,0.018527,-0.033061,97.316330,2.159843,167.168427,-1.145874,1
1724,57.469026,,0.059248,0.006196,-0.011479,99.000481,1.684151,164.360184,-2.808243,1
1725,57.502360,,0.103194,0.043947,0.015631,103.854660,4.854179,161.757248,-2.602936,1
1726,57.535695,,0.118576,0.015382,0.044955,104.286476,0.431816,151.804993,-9.952255,1
1727,57.569030,,0.148664,0.030088,0.072357,103.633904,-0.652573,149.118393,-2.686600,1
1728,57.602365,,0.186340,0.037675,0.093395,108.412132,4.778229,149.507553,0.389160,1
1729,57.635699,,0.203519,0.017180,0.104582,109.574860,1.162727,153.641525,4.133972,1
1730,57.669034,,0.162053,-0.041467,0.104099,108.339767,-1.235092,163.213043,9.571518,1
1731,57.702369,,0.177522,0.015470,0.091807,110.091385,1.751617,166.771942,3.558899,1
1732,57.735703,,0.157260,-0.020262,0.070007,109.179649,-0.911736,168.647278,1.875336,1
1733,57.769038,,0.150693,-0.006567,0.042403,111.385201,2.205551,177.638428,8.991150,1
1734,57.802373,,0.069506,-0.081187,0.013339,108.306511,-3.078690,182.709259,5.070831,1
1735,57.835707,,0.053810,-0.015696,-0.013023,105.463364,-2.843147,181.686462,-1.022797,1
1736,57.869042,,0.031303,-0.022506,-0.033817,108.060036,2.596672,179.979095,-1.707367,1
1737,57.902377,,0.028162,-0.003141,-0.047624,105.101540,-2.958496,179.486343,-0.492752,1
1738,57.935712,,0.021961,-0.006201,-0.054829,101.693375,-3.408165,176.444229,-3.042114,1
1739,57.969046,,0.027265,0.005305,-0.056760,102.649239,0.955864,177.102386,0.658157,1
1740,58.002381,,0.031500,0.004234,-0.054805,102.448318,-0.200920,176.912720,-0.189667,1
1741,58.035716,,0.037431,0.005931,-0.049987,101.688454,-0.759865,174.486313,-2.426407,1
1742,58.069050,,0.047681,0.010250,-0.042494,101.381378,-0.307076,171.716080,-2.770233,1
1743,58.102385,,0.045811,-0.001870,-0.031868,99.455025,-1.926353,171.260834,-0.455246,1
1744,58.135720,,0.035934,-0.009877,-0.017856,97.347961,-2.107063,170.668259,-0.592575,1
1745,58.169054,,0.046894,0.010960,-0.001059,95.280861,-2.067101,167.702316,-2.965942,1
1746,58.202389,,0.071288,0.024393,0.016629,100.073013,4.792152,161.386322,-6.315994,1
1747,58.235724,,0.104934,0.033646,0.032060,103.436935,3.363922,155.836044,-5.550278,1
1748,58.269059,,0.134209,0.029275,0.041846,99.845451,-3.591484,152.951187,-2.884857,1
1749,58.302393,,0.143810,0.009601,0.043202,106.090363,6.244911,158.249741,5.298553,1
1750,58.335728,,0.129436,-0.014374,0.035513,111.261177,5.170815,168.792343,10.542603,1
1751,58.369063,,0.090655,-0.038781,0.020440,110.572670,-0.688507,172.486511,3.694168,1
1752,58.402397,,0.057593,-0.033062,0.001392,109.851204,-0.721466,175.649567,3.163055,1
1753,58.435732,,0.034359,-0.023234,-0.017266,109.037239,-0.813965,180.521210,4.871643,1
1754,58.469067,,0.029705,-0.004654,-0.031932,111.699280,2.662041,179.394318,-1.126892,1
1755,58.502401,,0.020160,-0.009546,-0.040539,110.477585,-1.221695,177.076385,-2.317932,1
1756,58.535736,,0.026947,0.006787,-0.043362,110.201775,-0.275810,178.412064,1.335678,1
1757,58.569071,,0.032512,0.005565,-0.042372,108.479378,-1.722397,178.792297,0.380234,1
1758,58.602406,,0.027851,-0.004661,-0.040246,107.291451,-1.187927,178.226059,-0.566238,1
1759,58.635740,,0.033544,0.005694,-0.039250,108.536102,1.244652,176.079285,-2.146774,1
1760,58.669075,,0.033982,0.000437,-0.040068,107.387695,-1.148407,176.284546,0.205261,1
1761,58.702410,,0.041357,0.007376,-0.041435,105.467766,-1.919930,177.249435,0.964890,1
1762,58.735744,,0.029452,-0.011905,-0.040372,103.333313,-2.134453,177.159958,-0.089478,1
1763,58.769079,,0.034005,0.004553,-0.033399,102.565376,-0.767937,177.925003,0.765045,1
1764,58.802414,,0.037378,0.003373,-0.017650,102.692421,0.127045,180.890152,2.965149,1
1765,58.835748,,0.047864,0.010486,0.007200,102.694794,0.002373,179.629990,-1.260162,1
1766,58.869083,,0.069618,0.021754,0.038555,104.789215,2.094421,178.976593,-0.653397,1
1767,58.902418,,0.136121,0.066503,0.071149,111.256744,6.467529,172.021545,-6.955048,1
1768,58.935753,,0.198731,0.062611,0.098136,111.190353,-0.066391,158.071625,-13.949921,1
1769,58.969087,,0.186712,-0.012019,0.113409,108.508362,-2.681992,158.489334,0.417709,1
1770,59.002422,,0.176125,-0.010587,0.112858,107.243057,-1.265305,162.243210,3.753876,1
1771,59.035757,,0.189091,0.012966,0.096594,110.757126,3.514069,166.995102,4.751892,1
1772,59.069091,,0.167362,-0.021729,0.068339,110.398804,-0.358322,178.482422,11.487320,1
1773,59.102426,,0.053465,-0.113896,0.034231,109.315521,-1.083282,180.060211,1.577789,1
1774,59.135761,,0.027013,-0.026452,0.001396,103.949806,-5.365715,176.724609,-3.335602,1
1775,59.169096,,0.019946,-0.007067,-0.024655,101.987373,-1.962433,174.422073,-2.302536,1
1776,59.202430,,0.020752,0.000806,-0.040929,102.451469,0.464096,174.716370,0.294296,1
1777,59.235765,,0.024594,0.003842,-0.047902,101.507240,-0.944229,174.049652,-0.666718,1
1778,59.269100,,0.026329,0.001734,-0.048292,98.721024,-2.786217,173.601837,-0.447815,1
1779,59.302434,,0.027357,0.001028,-0.045572,98.176842,-0.544182,172.243393,-1.358444,1
1780,59.335769,,0.024951,-0.002406,-0.042698,97.872002,-0.304840,170.978973,-1.264420,1
1781,59.369104,,0.028995,0.004044,-0.040828,97.528503,-0.343498,168.402802,-2.576172,1
1782,59.402438,,0.037320,0.008325,-0.039218,96.887199,-0.641304,169.079117,0.676315,1
1783,59.435773,,0.006068,-0.031252,-0.035791,94.591591,-2.295609,169.760956,0.681839,1
1784,59.469108,,0.013387,0.007319,-0.028422,93.039543,-1.552048,170.568924,0.807968,1
1785,59.502443,,0.035719,0.022332,-0.015972,93.160118,0.120575,168.633408,-1.935516,1
1786,59.535777,,0.038133,0.002414,0.000591,92.510147,-0.649971,166.108826,-2.524582,1
1787,59.569112,,0.085978,0.047844,0.018478,101.350891,8.840744,156.584335,-9.524490,1
1788,59.602447,,0.131432,0.045454,0.033749,104.632385,3.281494,155.075531,-1.508804,1
1789,59.635781,,0.105837,-0.025595,0.042713,100.627724,-4.004662,154.974701,-0.100830,1
1790,59.669116,,0.115144,0.009307,0.043222,99.643204,-0.984520,159.618439,4.643738,1
1791,59.702451,,0.097330,-0.017814,0.035058,99.570755,-0.072449,161.513092,1.894653,1
1792,59.735785,,0.089561,-0.007769,0.020515,106.945915,7.375160,167.601990,6.088898,1
1793,59.769120,,0.055125,-0.034436,0.003188,106.859550,-0.086365,172.309189,4.707199,1
1794,59.802455,,0.040155,-0.014970,-0.013043,104.306824,-2.552727,171.610291,-0.698898,1
1795,59.835790,,0.033079,-0.007077,-0.025229,103.559258,-0.747566,170.596649,-1.013641,1
1796,59.869124,,0.026662,-0.006417,-0.032232,103.159035,-0.400223,171.327042,0.730392,1
1797,59.902459,,0.029104,0.002442,-0.034676,101.195633,-1.963402,171.254288,-0.072754,1
1798,59.935794,,0.031632,0.002528,-0.034773,102.747902,1.552269,171.279877,0.025589,1
1799,59.969128,,0.041580,0.009949,-0.035023,103.447433,0.699532,172.124374,0.844498,1
1800,60.002463,,0.030871,-0.010709,-0.037232,102.260551,-1.186882,170.765976,-1.358398,1
1801,60.035798,,0.030002,-0.000869,-0.041519,102.936111,0.675560,170.832657,0.066681,1
1802,60.069132,,0.035480,0.005478,-0.046132,103.043526,0.107414,171.219742,0.387085,1
1803,60.102467,,0.028128,-0.007352,-0.047783,103.144798,0.101273,172.040802,0.821060,1
1804,60.135802,,0.013371,-0.014756,-0.042835,102.210251,-0.934547,171.807861,-0.232941,1
1805,60.169137,,0.032422,0.019050,-0.028705,102.285133,0.074883,177.019333,5.211472,1
1806,60.202471,,0.054211,0.021789,-0.004711,102.201416,-0.083717,178.077179,1.057846,1
1807,60.235806,,0.087989,0.033778,0.026602,103.046577,0.845161,174.745453,-3.331726,1
1808,60.269141,,0.133011,0.045022,0.060281,103.132294,0.085716,164.338882,-10.406570,1
1809,60.302475,,0.165154,0.032143,0.089797,103.634232,0.501938,155.179382,-9.159500,1
1810,60.335810,,0.195980,0.030827,0.108905,105.577812,1.943581,156.394165,1.214783,1
1811,60.369145,,0.207855,0.011875,0.113463,107.132790,1.554977,157.616302,1.222137,1
1812,60.402479,,0.157326,-0.050529,0.102059,109.353973,2.221184,166.859787,9.243484,1
1813,60.435814,,0.230207,0.072881,0.077451,110.912148,1.558174,169.541245,2.681458,1
1814,60.469149,,0.089941,-0.140266,0.045035,109.569252,-1.342896,178.215622,8.674377,1
1815,60.502484,,0.061383,-0.028558,0.011469,109.206551,-0.362701,176.397430,-1.818192,1
1816,60.535818,,0.032821,-0.028562,-0.017068,107.350136,-1.856415,174.133194,-2.264236,1
1817,60.569153,,0.044781,0.011960,-0.036766,104.564362,-2.785774,173.385849,-0.747345,1
1818,60.602488,,0.044126,-0.000655,-0.046439,101.647812,-2.916550,171.937485,-1.448364,1
1819,60.635822,,0.037366,-0.006760,-0.047938,100.853447,-0.794365,172.229202,0.291718,1
1820,60.669157,,0.046426,0.009060,-0.044546,100.850021,-0.003426,172.219635,-0.009567,1
1821,60.702492,,0.058910,0.012485,-0.039672,101.925095,1.075073,173.585876,1.366241,1
1822,60.735826,,0.064788,0.005877,-0.035796,102.330956,0.405861,173.236481,-0.349396,1
1823,60.769161,,0.059365,-0.005423,-0.033712,103.059715,0.728760,173.131622,-0.104858,1
1824,60.802496,,0.033636,-0.025730,-0.032767,99.734207,-3.325508,170.869186,-2.262436,1
1825,60.835831,,0.044288,0.010653,-0.031480,96.329254,-3.404953,167.394165,-3.475021,1
1826,60.869165,,0.048196,0.003908,-0.028587,94.310852,-2.018402,166.213943,-1.180222,1
1827,60.902500,,0.051145,0.002949,-0.023649,94.351433,0.040581,165.773361,-0.440582,1
1828,60.935835,,0.071810,0.020665,-0.017397,98.318130,3.966698,161.565842,-4.207520,1
1829,60.969169,,0.117731,0.045921,-0.011232,103.279587,4.961456,162.685318,1.119476,1
1830,61.002504,,0.082092,-0.035639,-0.006587,96.270790,-7.008797,160.617264,-2.068054,1
1831,61.035839,,0.082320,0.000228,-0.004098,102.641006,6.370216,160.051468,-0.565796,1
1832,61.069174,,0.095873,0.013553,-0.003260,101.925133,-0.715874,159.737534,-0.313934,1
1833,61.102508,,0.104629,0.008756,-0.002517,100.022987,-1.902145,159.041794,-0.695740,1
1834,61.135843,,0.075404,-0.029225,0.000253,98.903748,-1.119240,159.741516,0.699722,1
1835,61.169178,,0.106586,0.031182,0.006836,103.518921,4.615173,162.472992,2.731476,1
1836,61.202512,,0.107130,0.000544,0.018079,104.065514,0.546593,163.034073,0.561081,1
1837,61.235847,,0.102729,-0.004401,0.033057,106.149231,2.083717,156.374313,-6.659760,1
1838,61.269182,,0.181397,0.078668,0.049337,109.767349,3.618118,150.162445,-6.211868,1
1839,61.302516,,0.140776,-0.040621,0.063374,104.865044,-4.902306,152.925522,2.763077,1
1840,61.335851,,0.170788,0.030012,0.071536,108.391373,3.526329,156.538116,3.612595,1
1841,61.369186,,0.192716,0.021928,0.071185,108.287155,-0.104218,158.498993,1.960876,1
1842,61.402521,,0.123118,-0.069598,0.061126,108.783371,0.496216,161.782700,3.283707,1
1843,61.435855,,0.206090,0.082972,0.042639,113.977554,5.194183,171.038025,9.255325,1
1844,61.469190,,0.146424,-0.059667,0.018695,110.821358,-3.156197,175.077271,4.039246,1
1845,61.502525,,0.053354,-0.093069,-0.006813,109.979370,-0.841988,177.438370,2.361099,1
1846,61.535859,,0.041859,-0.011496,-0.030130,109.335327,-0.644043,174.932724,-2.505646,1
1847,61.569194,,0.028204,-0.013655,-0.048950,108.399612,-0.935715,173.368988,-1.563736,1
1848,61.602529,,0.041197,0.012993,-0.062629,109.216545,0.816933,174.009186,0.640198,1
1849,61.635863,,0.044467,0.003271,-0.072179,110.197037,0.980492,176.579330,2.570145,1
1850,61.669198,,0.035387,-0.009081,-0.078946,109.321701,-0.875336,174.732971,-1.846359,1
1851,61.702533,,0.043015,0.007629,-0.083436,108.311462,-1.010239,174.228409,-0.504562,1
1852,61.735868,,0.037125,-0.005890,-0.084691,105.308769,-3.002693,173.348572,-0.879837,1
1853,61.769202,,0.033331,-0.003794,-0.080323,102.171028,-3.137741,172.805161,-0.543411,1
1854,61.802537,,0.026025,-0.007306,-0.067193,99.855278,-2.315750,172.223709,-0.581451,1
1855,61.835872,,0.036751,0.010726,-0.043499,100.954956,1.099678,171.278351,-0.945358,1
1856,61.869206,,0.061365,0.024614,-0.009855,104.273613,3.318657,171.835022,0.556671,1
1857,61.902541,,0.096802,0.035437,0.030156,105.172516,0.898903,173.492004,1.656982,1
1858,61.935876,,0.207567,0.110765,0.069911,115.020218,9.847702,170.828049,-2.663956,1
1859,61.969210,,0.222415,0.014848,0.101933,113.821243,-1.198975,167.198990,-3.629059,1
1860,62.002545,,0.247365,0.024950,0.119365,115.654510,1.833267,168.311447,1.112457,1
1861,62.035880,,0.275057,0.027693,0.118898,115.836967,0.182457,168.948257,0.636810,1
1862,62.069215,,0.166349,-0.108708,0.101209,120.328293,4.491325,170.526932,1.578674,1
1863,62.102549,,0.163277,-0.003072,0.070369,119.532303,-0.795990,168.703308,-1.823624,1
1864,62.135884,,0.146516,-0.016761,0.033450,118.503197,-1.029106,172.019852,3.316544,1
1865,62.169219,,0.084028,-0.062488,-0.002371,118.066559,-0.436638,181.076370,9.056519,1
1866,62.202553,,0.040407,-0.043621,-0.031159,113.451012,-4.615547,178.211838,-2.864532,1
1867,62.235888,,0.059299,0.018892,-0.049957,108.431206,-5.019806,171.328644,-6.883194,1
1868,62.269223,,0.055238,-0.004061,-0.058845,106.540321,-1.890884,168.751709,-2.576935,1
1869,62.302557,,0.052702,-0.002536,-0.060061,105.643478,-0.896843,166.964096,-1.787613,1
1870,62.335892,,0.044273,-0.008429,-0.057297,104.995781,-0.647697,168.245270,1.281174,1
1871,62.369227,,0.045883,0.001610,-0.053760,104.398979,-0.596802,168.703644,0.458374,1
1872,62.402562,,0.046550,0.000666,-0.051258,104.350586,-0.048393,168.390060,-0.313583,1
1873,62.435896,,0.050058,0.003508,-0.049591,105.362602,1.012016,168.861771,0.471710,1
1874,62.469231,,0.055778,0.005721,-0.046814,106.088203,0.725601,171.220245,2.358475,1
1875,62.502566,,0.061933,0.006155,-0.039893,105.685493,-0.402710,173.720642,2.500397,1
1876,62.535900,,0.077937,0.016004,-0.026152,106.456512,0.771019,176.292206,2.571564,1
1877,62.569235,,0.099612,0.021675,-0.004410,106.103256,-0.353256,176.906097,0.613892,1
1878,62.602570,,0.053726,-0.045886,0.024372,101.598595,-4.504662,175.560532,-1.345566,1
1879,62.635904,,0.143688,0.089961,0.056351,105.227974,3.629379,170.978119,-4.582413,1
1880,62.669239,,0.232138,0.088450,0.086006,109.906128,4.678154,164.334946,-6.643173,1
1881,62.702574,,0.213207,-0.018930,0.107105,110.610779,0.704651,158.974686,-5.360260,1
1882,62.735909,,0.208215,-0.004993,0.114952,111.950623,1.339844,160.105637,1.130951,1
1883,62.769243,,0.167446,-0.040769,0.107524,112.224030,0.273407,169.400528,9.294891,1
1884,62.802578,,0.227142,0.059696,0.085634,117.642570,5.418541,171.955719,2.555191,1
1885,62.835913,,0.184515,-0.042627,0.053747,117.524681,-0.117889,178.020096,6.064377,1
1886,62.869247,,0.076724,-0.107791,0.017986,114.195610,-3.329071,179.587875,1.567780,1
1887,62.902582,,0.032413,-0.044311,-0.015137,109.996056,-4.199554,174.556641,-5.031235,1
1888,62.935917,,0.042476,0.010062,-0.040555,107.351959,-2.644096,173.199921,-1.356720,1
1889,62.969252,,0.045916,0.003441,-0.055857,105.034477,-2.317482,170.413956,-2.785965,1
1890,63.002586,,0.055621,0.009704,-0.061138,107.368134,2.333656,172.335831,1.921875,1
1891,63.035921,,0.048840,-0.006781,-0.059145,107.727951,0.359818,172.765442,0.429611,1
1892,63.069256,,0.040856,-0.007984,-0.053568,106.064270,-1.663681,172.532532,-0.232910,1
1893,63.102590,,0.038173,-0.002682,-0.048061,103.740410,-2.323860,171.098602,-1.433929,1
1894,63.135925,,0.049267,0.011094,-0.045321,101.750748,-1.989662,172.609497,1.510895,1
1895,63.169260,,0.042259,-0.007008,-0.046449,101.242508,-0.508240,173.206558,0.597061,1
1896,63.202594,,0.040278,-0.001981,-0.050996,100.367401,-0.875107,172.730621,-0.475937,1
1897,63.235929,,0.042796,0.002518,-0.056935,101.882278,1.514877,172.695114,-0.035507,1
1898,63.269264,,0.046078,0.003282,-0.061447,103.591721,1.709442,172.087723,-0.607391,1
1899,63.302599,,0.032656,-0.013422,-0.061375,102.420158,-1.171562,168.965927,-3.121796,1
1900,63.335933,,0.044561,0.011905,-0.054268,102.280396,-0.139763,166.146255,-2.819672,1
1901,63.369268,,0.048074,0.003513,-0.038910,101.804047,-0.476349,164.119598,-2.026657,1
1902,63.402603,,0.110228,0.062154,-0.015504,106.381836,4.577789,159.983795,-4.135803,1
1903,63.435937,,0.101726,-0.008502,0.013648,107.297646,0.915810,156.165497,-3.818298,1
1904,63.469272,,0.112403,0.010676,0.044947,109.181641,1.883995,158.998428,2.832932,1
1905,63.502607,,0.213739,0.101336,0.073888,111.884842,2.703201,158.762054,-0.236374,1
1906,63.535941,,0.224277,0.010538,0.096053,109.404739,-2.480103,158.599075,-0.162979,1
1907,63.569276,,0.191708,-0.032570,0.108079,111.424286,2.019547,161.536331,2.937256,1
1908,63.602611,,0.211107,0.019399,0.107881,113.935478,2.511192,164.989655,3.453323,1
1909,63.635946,,0.201913,-0.009194,0.095840,115.144295,1.208817,164.348282,-0.641373,1
1910,63.669280,,0.188896,-0.013017,0.074088,115.406113,0.261818,166.897964,2.549683,1
1911,63.702615,,0.179917,-0.008979,0.046042,117.973412,2.567299,166.775467,-0.122498,1
1912,63.735950,,0.142125,-0.037792,0.016162,115.998024,-1.975388,170.079834,3.304367,1
1913,63.769284,,0.078317,-0.063808,-0.011469,114.574730,-1.423294,176.565903,6.486069,1
1914,63.802619,,0.062632,-0.015685,-0.033688,112.986244,-1.588486,175.660477,-0.905426,1
1915,63.835954,,0.059007,-0.003624,-0.049249,111.139099,-1.847145,173.164825,-2.495651,1
1916,63.869288,,0.062652,0.003645,-0.058652,111.238152,0.099052,171.199234,-1.965591,1
1917,63.902623,,0.071255,0.008603,-0.063536,113.918846,2.680695,171.827301,0.628067,1
1918,63.935958,,0.050708,-0.020547,-0.066118,111.686844,-2.232002,173.160614,1.333313,1
1919,63.969293,,0.047874,-0.002834,-0.067930,110.507889,-1.178955,172.282776,-0.877838,1
1920,64.002627,,0.048294,0.000420,-0.069241,109.924248,-0.583641,170.198822,-2.083954,1
1921,64.035962,,0.074958,0.026665,-0.068889,111.711922,1.787674,170.716537,0.517715,1
1922,64.069297,,0.073378,-0.001581,-0.064695,112.612457,0.900536,172.119461,1.402924,1
1923,64.102631,,0.043666,-0.029712,-0.054087,109.464569,-3.147888,173.985825,1.866364,1
1924,64.135966,,0.089009,0.045343,-0.035620,107.505516,-1.959053,176.275330,2.289505,1
1925,64.169301,,0.073697,-0.015312,-0.009609,105.079445,-2.426071,172.924500,-3.350830,1
1926,64.202635,,0.141488,0.067791,0.021612,107.488075,2.408630,167.128067,-5.796432,1
1927,64.235970,,0.173996,0.032508,0.053666,111.210274,3.722198,158.654922,-8.473145,1
1928,64.269305,,0.245044,0.071048,0.081659,113.595490,2.385216,155.803894,-2.851028,1
1929,64.302640,,0.246548,0.001504,0.101074,115.600395,2.004906,156.554672,0.750778,1
1930,64.335974,,0.251215,0.004667,0.109485,117.438721,1.838326,163.206390,6.651718,1
1931,64.369309,,0.224589,-0.026626,0.106640,117.570206,0.131485,166.736359,3.529968,1
1932,64.402644,,0.189759,-0.034831,0.093911,117.183846,-0.386360,162.622604,-4.113754,1
1933,64.435978,,0.158253,-0.031505,0.074223,115.691879,-1.491966,164.440643,1.818039,1
1934,64.469313,,0.131385,-0.026868,0.050566,115.213257,-0.478622,167.757462,3.316818,1
1935,64.502648,,0.183494,0.052108,0.025620,119.578911,4.365654,173.826889,6.069427,1
1936,64.535982,,0.225757,0.042263,0.001737,121.917618,2.338707,179.898788,6.071899,1
1937,64.569317,,0.091877,-0.133879,-0.019138,117.723167,-4.194450,179.397522,-0.501266,1
1938,64.602652,,0.041424,-0.050453,-0.035351,114.460747,-3.262421,174.643875,-4.753647,1
1939,64.635987,,0.041863,0.000438,-0.046269,110.417244,-4.043503,172.524521,-2.119354,1
1940,64.669321,,0.057149,0.015286,-0.052442,108.952713,-1.464531,171.974274,-0.550247,1
1941,64.702656,,0.062924,0.005775,-0.055566,111.153259,2.200546,173.080383,1.106110,1
1942,64.735991,,0.072153,0.009229,-0.058160,111.877136,0.723877,173.807312,0.726929,1
1943,64.769325,,0.045072,-0.027081,-0.062330,109.218971,-2.658165,171.983932,-1.823380,1
1944,64.802660,,0.042773,-0.002299,-0.068914,108.020782,-1.198189,170.748413,-1.235519,1
1945,64.835995,,0.047602,0.004829,-0.076615,109.377312,1.356529,171.892120,1.143707,1
1946,64.869330,,0.042476,-0.005126,-0.082203,108.943336,-0.433975,171.940903,0.048782,1
1947,64.902664,,0.056261,0.013785,-0.081006,111.062462,2.119125,172.987701,1.046799,1
1948,64.935999,,0.038739,-0.017522,-0.068837,107.976929,-3.085533,172.678833,-0.308868,1
1949,64.969334,,0.051810,0.013071,-0.043544,106.531799,-1.445129,176.379974,3.701141,1
1950,65.002668,,0.035872,-0.015937,-0.006084,104.127441,-2.404358,175.203751,-1.176224,1
1951,65.036003,,0.074764,0.038891,0.038061,104.312531,0.185089,169.285080,-5.918671,1
1952,65.069338,,0.188202,0.113439,0.080731,116.025764,11.713234,163.910339,-5.374741,1
1953,65.102672,,0.303964,0.115762,0.112669,121.713860,5.688095,168.881271,4.970932,1
1954,65.136007,,0.285832,-0.018133,0.127091,118.240585,-3.473274,170.747467,1.866196,1
1955,65.169342,,0.255634,-0.030198,0.121567,116.466957,-1.773628,168.330078,-2.417389,1
1956,65.202677,,0.155460,-0.100174,0.098119,120.228195,3.761238,169.600143,1.270065,1
1957,65.236011,,0.115171,-0.040289,0.063475,118.195137,-2.033058,172.927475,3.327332,1
1958,65.269346,,0.088723,-0.026449,0.025489,120.315414,2.120277,174.367218,1.439743,1
1959,65.302681,,0.080800,-0.007923,-0.008785,119.318962,-0.996452,178.937469,4.570251,1
1960,65.336015,,0.056930,-0.023869,-0.035086,116.234413,-3.084549,173.642014,-5.295456,1
1961,65.369350,,0.059298,0.002368,-0.052352,111.199524,-5.034889,168.984253,-4.657761,1
1962,65.402685,,0.040201,-0.019097,-0.061739,109.150757,-2.048767,168.617172,-0.367081,1
1963,65.436019,,0.033751,-0.006450,-0.065845,109.235832,0.085075,167.006577,-1.610596,1
1964,65.469354,,0.034476,0.000726,-0.066748,111.421112,2.185280,165.465118,-1.541458,1
1965,65.502689,,0.030571,-0.003906,-0.065148,110.884575,-0.536537,164.785156,-0.679962,1
1966,65.536024,,0.026967,-0.003603,-0.060357,108.629417,-2.255157,164.432098,-0.353058,1
1967,65.569358,,0.025703,-0.001264,-0.050810,111.540794,2.911377,166.099228,1.667130,1
1968,65.602693,,0.037565,0.011862,-0.034952,109.368309,-2.172485,167.458069,1.358841,1
1969,65.636028,,0.047669,0.010104,-0.012785,107.488106,-1.880203,171.413956,3.955887,1
1970,65.669362,,0.095042,0.047373,0.013894,107.516174,0.028069,167.604263,-3.809692,1
1971,65.702697,,0.174717,0.079676,0.041512,113.945648,6.429474,158.985504,-8.618759,1
1972,65.736032,,0.136588,-0.038129,0.065420,111.378456,-2.567192,158.577744,-0.407761,1
1973,65.769366,,0.168026,0.031438,0.081317,115.113083,3.734627,160.610596,2.032852,1
1974,65.802701,,0.169050,0.001023,0.085904,116.256134,1.143051,166.779800,6.169205,1
1975,65.836036,,0.143137,-0.025913,0.078539,114.981102,-1.275032,163.904831,-2.874969,1
1976,65.869371,,0.225189,0.082053,0.060855,120.887970,5.906868,172.849243,8.944412,1
1977,65.902705,,0.087517,-0.137672,0.036332,115.902351,-4.985619,178.473862,5.624619,1
1978,65.936040,,0.067169,-0.020348,0.009871,113.657150,-2.245201,172.737381,-5.736481,1
1979,65.969375,,0.043654,-0.023514,-0.014045,112.706589,-0.950562,171.435638,-1.301743,1
1980,66.002709,,0.064856,0.021202,-0.032061,110.965004,-1.741585,171.749756,0.314117,1
1981,66.036044,,0.055128,-0.009728,-0.043005,107.517670,-3.447334,174.154129,2.404373,1
1982,66.069379,,0.046461,-0.008667,-0.047543,108.435898,0.918228,173.886765,-0.267365,1
1983,66.102713,,0.034434,-0.012028,-0.047562,107.156563,-1.279335,173.150589,-0.736176,1
1984,66.136048,,0.037716,0.003283,-0.045725,106.622391,-0.534172,175.136795,1.986206,1
1985,66.169383,,0.035350,-0.002367,-0.044294,105.860245,-0.762146,174.171097,-0.965698,1
1986,66.202718,,0.025731,-0.009619,-0.044669,104.415085,-1.445160,173.367661,-0.803436,1
1987,66.236052,,0.041375,0.015644,-0.046825,103.792992,-0.622093,172.424988,-0.942673,1
1988,66.269387,,0.036287,-0.005088,-0.049374,100.704269,-3.088722,170.096634,-2.328354,1
1989,66.302722,,0.055949,0.019661,-0.049751,102.962105,2.257835,171.355301,1.258667,1
1990,66.336056,,0.046839,-0.009110,-0.045016,100.511620,-2.450485,170.453598,-0.901703,1
1991,66.369391,,0.041477,-0.005362,-0.032772,100.692017,0.180397,167.921951,-2.531647,1
1992,66.402726,,0.066236,0.024758,-0.011837,102.451401,1.759384,163.570099,-4.351852,1
1993,66.436060,,0.085360,0.019124,0.016370,106.830933,4.379532,160.635590,-2.934509,1
1994,66.469395,,0.134433,0.049073,0.048268,109.072952,2.242020,155.494431,-5.141159,1
1995,66.502730,,0.132732,-0.001701,0.078458,114.365875,5.292923,162.004013,6.509583,1
1996,66.536065,,0.198074,0.065342,0.101075,111.372032,-2.993843,160.336456,-1.667557,1
1997,66.569399,,0.206180,0.008106,0.111503,112.687225,1.315193,166.997681,6.661224,1
1998,66.602734,,0.240219,0.034039,0.107211,118.401451,5.714226,168.487198,1.489517,1
1999,66.636069,,0.207487,-0.032732,0.089612,116.503517,-1.897934,173.798431,5.311234,1
2000,66.669403,,0.128468,-0.079019,0.062812,120.256134,3.752617,179.678772,5.880341,1
2001,66.702738,,0.072253,-0.056215,0.032476,114.921898,-5.334236,176.220688,-3.458084,1
2002,66.736073,,0.051718,-0.020536,0.004285,112.477928,-2.443970,170.995911,-5.224777,1
2003,66.769407,,0.068263,0.016545,-0.018060,109.325966,-3.151962,166.736252,-4.259659,1
2004,66.802742,,0.073165,0.004902,-0.033166,109.696213,0.370247,169.356995,2.620743,1
2005,66.836077,,0.062268,-0.010897,-0.042285,108.901924,-0.794289,168.788986,-0.568008,1
2006,66.869412,,0.044608,-0.017660,-0.047851,107.226158,-1.675766,166.522522,-2.266464,1
2007,66.902746,,0.036121,-0.008486,-0.052393,108.010323,0.784164,164.687408,-1.835114,1
2008,66.936081,,0.008007,-0.028114,-0.057581,105.379303,-2.631020,164.855209,0.167801,1
2009,66.969416,,0.021131,0.013124,-0.063576,105.049995,-0.329308,162.785904,-2.069305,1
2010,67.002750,,0.013871,-0.007261,-0.069057,104.818977,-0.231018,159.160065,-3.625839,1
2011,67.036085,,0.018043,0.004172,-0.071680,103.955948,-0.863029,160.256027,1.095963,1
2012,67.069420,,0.020782,0.002739,-0.068907,103.900185,-0.055763,161.334457,1.078430,1
2013,67.102755,,0.017986,-0.002796,-0.058577,105.043480,1.143295,164.680679,3.346222,1
2014,67.136089,,0.031282,0.013296,-0.040223,105.278038,0.234558,169.489227,4.808548,1
2015,67.169424,,0.054489,0.023207,-0.015047,108.767365,3.489326,175.014648,5.525421,1
2016,67.202759,,0.106574,0.052085,0.014150,107.225784,-1.541580,168.059494,-6.955154,1
2017,67.236093,,0.143473,0.036900,0.043202,108.883545,1.657761,161.064102,-6.995392,1
2018,67.269428,,0.158020,0.014547,0.067871,110.935089,2.051544,159.166794,-1.897308,1
2019,67.302763,,0.157358,-0.000662,0.084320,110.949417,0.014328,161.823761,2.656967,1
2020,67.336097,,0.168405,0.011047,0.090468,114.643700,3.694283,167.585312,5.761551,1
2021,67.369432,,0.179568,0.011164,0.085926,115.188156,0.544456,165.022858,-2.562454,1
2022,67.402767,,0.146465,-0.033103,0.071779,110.222160,-4.965996,167.149429,2.126572,1
2023,67.436102,,0.141473,-0.004992,0.050958,115.410210,5.188049,179.313995,12.164566,1
2024,67.469436,,0.112418,-0.029056,0.026941,117.390793,1.980583,182.801941,3.487946,1
2025,67.502771,,0.061453,-0.050965,0.003291,112.720398,-4.670395,174.616440,-8.185501,1
2026,67.536106,,0.068643,0.007190,-0.017055,106.181976,-6.538422,170.444733,-4.171707,1
2027,67.569440,,0.065027,-0.003616,-0.032331,107.237785,1.055809,170.917282,0.472549,1
2028,67.602775,,0.051170,-0.013856,-0.041874,109.499977,2.262192,175.748306,4.831024,1
2029,67.636110,,0.029983,-0.021187,-0.046472,107.736702,-1.763275,175.446243,-0.302063,1
2030,67.669444,,0.014672,-0.015311,-0.047680,108.239403,0.502701,175.830505,0.384262,1
2031,67.702779,,0.022554,0.007882,-0.047417,104.677605,-3.561798,173.533157,-2.297348,1
2032,67.736114,,0.034648,0.012093,-0.047472,105.844864,1.167259,174.119003,0.585846,1
2033,67.769449,,0.045662,0.011014,-0.048723,105.535789,-0.309074,172.746719,-1.372284,1
2034,67.802783,,0.042967,-0.002695,-0.050761,104.853836,-0.681953,172.809387,0.062668,1
2035,67.836118,,0.040284,-0.002683,-0.051723,104.533264,-0.320572,172.521530,-0.287857,1
2036,67.869453,,0.027468,-0.012816,-0.048886,102.268745,-2.264519,169.371643,-3.149887,1
2037,67.902787,,0.046377,0.018909,-0.039304,104.436432,2.167686,170.507278,1.135635,1
2038,67.936122,,0.047856,0.001479,-0.021462,103.594353,-0.842079,172.221100,1.713821,1
2039,67.969457,,0.083146,0.035290,0.004143,106.412521,2.818169,168.445374,-3.775726,1
2040,68.002791,,0.100754,0.017608,0.034668,111.648537,5.236015,168.423157,-0.022217,1
2041,68.036126,,0.096968,-0.003786,0.064913,110.253586,-1.394951,167.137833,-1.285324,1
2042,68.069461,,0.177747,0.080779,0.089035,111.736519,1.482933,165.798965,-1.338867,1
2043,68.102796,,0.251315,0.073568,0.101629,113.611053,1.874535,167.696014,1.897049,1
2044,68.136130,,0.236545,-0.014770,0.100272,118.990692,5.379639,168.173431,0.477417,1
2045,68.169465,,0.138495,-0.098050,0.085755,115.954933,-3.035759,166.232544,-1.940887,1
2046,68.202800,,0.119730,-0.018766,0.061666,115.073746,-0.881187,167.642639,1.410095,1
2047,68.236134,,0.097128,-0.022602,0.033806,110.359406,-4.714340,165.075851,-2.566788,1
2048,68.269469,,0.083417,-0.013711,0.007595,109.360558,-0.998848,167.545578,2.469727,1
2049,68.302804,,0.056676,-0.026741,-0.012967,113.465698,4.105141,173.648666,6.103088,1
2050,68.336138,,0.061587,0.004911,-0.026597,112.456764,-1.008934,172.738953,-0.909714,1
2051,68.369473,,0.062999,0.001412,-0.034305,110.579033,-1.877731,169.796570,-2.942383,1
2052,68.402808,,0.058254,-0.004745,-0.038525,109.301300,-1.277733,171.412140,1.615570,1
2053,68.436143,,0.042596,-0.015658,-0.042169,107.704437,-1.596863,170.716995,-0.695145,1
2054,68.469477,,0.031749,-0.010848,-0.047157,106.605255,-1.099182,171.048508,0.331512,1
2055,68.502812,,0.030740,-0.001009,-0.053864,104.642914,-1.962341,171.876099,0.827591,1
2056,68.536147,,0.022479,-0.008261,-0.060790,103.289444,-1.353470,171.752975,-0.123123,1
2057,68.569481,,0.018074,-0.004406,-0.065171,102.049294,-1.240150,170.656952,-1.096024,1
2058,68.602816,,0.031651,0.013577,-0.063550,101.751801,-0.297493,172.140549,1.483597,1
2059,68.636151,,0.023151,-0.008500,-0.053304,99.779846,-1.971954,172.069656,-0.070892,1
2060,68.669485,,0.051988,0.028837,-0.033348,99.904892,0.125046,171.528564,-0.541092,1
2061,68.702820,,0.091275,0.039287,-0.004558,105.727661,5.822769,170.891312,-0.637253,1
2062,68.736155,,0.109665,0.018390,0.029409,109.206619,3.478958,166.146744,-4.744568,1
2063,68.769490,,0.146708,0.037042,0.063344,111.269119,2.062500,160.086380,-6.060364,1
2064,68.802824,,0.162430,0.015723,0.091046,113.872688,2.603569,159.939758,-0.146622,1
2065,68.836159,,0.188387,0.025957,0.107197,112.379669,-1.493019,166.469879,6.530121,1
2066,68.869494,,0.253931,0.065543,0.108543,120.780731,8.401062,171.593185,5.123306,1
2067,68.902828,,0.199604,-0.054326,0.094364,124.514366,3.733635,179.093414,7.500229,1
2068,68.936163,,0.180294,-0.019310,0.067897,127.481918,2.967552,182.708115,3.614700,1
2069,68.969498,,0.090905,-0.089389,0.034450,122.851662,-4.630257,185.171463,2.463348,1
2070,69.002833,,0.069714,-0.021191,0.000293,120.791573,-2.060089,179.555206,-5.616257,1
2071,69.036167,,0.044875,-0.024839,-0.029006,110.910347,-9.881226,174.015244,-5.539963,1
2072,69.069502,,0.059462,0.014587,-0.050095,110.161194,-0.749153,170.559677,-3.455566,1
2073,69.102837,,0.047909,-0.011553,-0.061886,109.395218,-0.765976,170.002029,-0.557648,1
2074,69.136171,,0.037486,-0.010422,-0.066021,107.035622,-2.359596,170.261261,0.259232,1
2075,69.169506,,0.036626,-0.000860,-0.065333,106.692337,-0.343285,170.716736,0.455475,1
2076,69.202841,,0.027958,-0.008668,-0.062975,104.895439,-1.796898,172.133545,1.416809,1
2077,69.236175,,0.034190,0.006232,-0.061562,104.475548,-0.419891,170.542618,-1.590927,1
2078,69.269510,,0.036968,0.002778,-0.062344,104.526085,0.050537,170.855804,0.313187,1
2079,69.302845,,0.024561,-0.012407,-0.065109,102.004135,-2.521950,170.408386,-0.447418,1
2080,69.336180,,0.034110,0.009549,-0.068153,103.073357,1.069221,171.112610,0.704224,1
2081,69.369514,,0.034878,0.000767,-0.068969,103.311325,0.237968,173.512711,2.400101,1
2082,69.402849,,0.027839,-0.007039,-0.064674,101.563736,-1.747589,172.714859,-0.797852,1
2083,69.436184,,0.035625,0.007786,-0.053168,103.701843,2.138107,173.380600,0.665741,1
2084,69.469518,,0.093929,0.058304,-0.033531,107.260658,3.558815,172.457672,-0.922928,1
2085,69.502853,,0.087737,-0.006192,-0.006245,110.268387,3.007729,174.966766,2.509094,1
2086,69.536188,,0.073909,-0.013828,0.026113,107.532440,-2.735947,174.415176,-0.551590,1
2087,69.569522,,0.168820,0.094911,0.059789,118.755234,11.222794,180.813721,6.398544,1
2088,69.602857,,0.228570,0.059751,0.090187,127.140503,8.385269,179.252686,-1.561035,1
2089,69.636192,,0.186737,-0.041833,0.113074,130.627747,3.487244,178.013336,-1.239349,1
2090,69.669527,,0.216208,0.029470,0.125433,131.003174,0.375427,181.574066,3.560730,1
2091,69.702861,,0.249000,0.032792,0.125635,126.874176,-4.128998,181.967178,0.393112,1
2092,69.736196,,0.213028,-0.035971,0.114596,118.891571,-7.982605,175.201569,-6.765610,1
2093,69.769531,,0.146109,-0.066920,0.094667,115.373421,-3.518150,175.535629,0.334061,1
2094,69.802865,,0.185332,0.039224,0.069098,115.585770,0.212349,178.083298,2.547668,1
2095,69.836200,,0.134319,-0.051013,0.041679,122.902229,7.316460,182.645996,4.562698,1
2096,69.869535,,0.099359,-0.034960,0.015537,121.872765,-1.029465,181.018387,-1.627609,1
2097,69.902869,,0.060790,-0.038569,-0.007016,114.910820,-6.961945,174.816772,-6.201614,1
2098,69.936204,,0.064991,0.004201,-0.024974,110.806633,-4.104187,168.967133,-5.849640,1
2099,69.969539,,0.063694,-0.001297,-0.038293,109.581543,-1.225090,167.219635,-1.747498,1
2100,70.002874,,0.045322,-0.018372,-0.047440,107.577126,-2.004417,167.314835,0.095200,1
2101,70.036208,,0.026945,-0.018377,-0.053314,106.572220,-1.004906,164.281784,-3.033051,1
2102,70.069543,,0.020276,-0.006669,-0.056650,105.789688,-0.782532,160.039001,-4.242783,1
2103,70.102878,,0.009761,-0.010515,-0.057940,103.568901,-2.220787,156.262817,-3.776184,1
2104,70.136212,,0.006330,-0.003431,-0.057579,103.504585,-0.064316,154.044846,-2.217972,1
2105,70.169547,,0.018310,0.011979,-0.055757,107.721138,4.216553,156.409058,2.364212,1
2106,70.202882,,0.036305,0.017995,-0.052444,109.384689,1.663551,160.880661,4.471603,1
2107,70.236216,,0.039895,0.003591,-0.047471,108.359467,-1.025223,159.562103,-1.318558,1
2108,70.269551,,0.025228,-0.014667,-0.040480,109.639336,1.279869,162.167831,2.605728,1
2109,70.302886,,0.026691,0.001463,-0.031019,109.983215,0.343880,166.764053,4.596222,1
2110,70.336221,,0.053324,0.026632,-0.019006,112.181862,2.198647,168.713043,1.948990,1
2111,70.369555,,0.057991,0.004667,-0.004823,110.344154,-1.837708,168.866913,0.153870,1
2112,70.402890,,0.081273,0.023282,0.010540,110.309509,-0.034645,162.623840,-6.243073,1
2113,70.436225,,0.058394,-0.022879,0.025454,108.742157,-1.567352,161.037949,-1.585892,1
2114,70.469559,,0.123680,0.065286,0.038080,110.229996,1.487839,160.992645,-0.045303,1
2115,70.502894,,0.105777,-0.017904,0.046587,114.815475,4.585480,162.200516,1.207870,1
2116,70.536229,,0.143954,0.038178,0.049942,118.037354,3.221878,164.578979,2.378464,1
2117,70.569563,,0.094034,-0.049920,0.047957,114.609741,-3.427612,170.328583,5.749603,1
2118,70.602898,,0.084034,-0.010000,0.041225,113.317841,-1.291901,170.377686,0.049103,1
2119,70.636233,,0.092606,0.008572,0.031256,113.275955,-0.041885,171.339676,0.961990,1
2120,70.669568,,0.069454,-0.023152,0.019742,111.566109,-1.709846,171.948074,0.608398,1
2121,70.702902,,0.073642,0.004188,0.008370,113.975098,2.408989,170.558273,-1.389801,1
2122,70.736237,,0.078829,0.005187,-0.001455,112.925461,-1.049637,164.218918,-6.339355,1
2123,70.769572,,0.044488,-0.034341,-0.008792,111.246284,-1.679176,163.998917,-0.220001,1
2124,70.802906,,0.044857,0.000369,-0.013135,108.426743,-2.819542,167.606049,3.607132,1
2125,70.836241,,0.028251,-0.016606,-0.014697,110.011787,1.585045,169.081802,1.475754,1
2126,70.869576,,0.043372,0.015121,-0.014140,108.398949,-1.612839,170.166382,1.084579,1
2127,70.902911,,0.057439,0.014068,-0.012426,106.355629,-2.043320,172.749863,2.583481,1
2128,70.936245,,0.061022,0.003582,-0.010594,105.924316,-0.431313,171.764771,-0.985092,1
2129,70.969580,,0.048583,-0.012439,-0.009336,104.294029,-1.630287,171.121674,-0.643097,1
2130,71.002915,,0.056788,0.008205,-0.008876,104.742569,0.448540,171.121292,-0.000381,1
2131,71.036249,,0.063934,0.007147,-0.008895,104.919662,0.177094,171.930267,0.808975,1
2132,71.069584,,0.055962,-0.007972,-0.008791,106.599815,1.680153,175.979980,4.049713,1
2133,71.102919,,0.065449,0.009487,-0.007944,107.029587,0.429771,177.308914,1.328934,1
2134,71.136253,,0.052229,-0.013220,-0.006118,110.217911,3.188324,178.164093,0.855179,1
2135,71.169588,,0.070471,0.018242,-0.003643,109.919922,-0.297989,177.042755,-1.121338,1
2136,71.202923,,0.060896,-0.009575,-0.001445,108.933075,-0.986847,175.569748,-1.473007,1
2137,71.236258,,0.082517,0.021621,-0.000782,112.432564,3.499489,177.623169,2.053421,1
2138,71.269592,,0.078177,-0.004340,-0.002772,111.955673,-0.476891,177.372803,-0.250366,1
2139,71.302927,,0.074508,-0.003670,-0.008041,114.195274,2.239601,176.888489,-0.484314,1
2140,71.336262,,0.069853,-0.004654,-0.016110,112.988243,-1.207031,175.666367,-1.222122,1
2141,71.369596,,0.083039,0.013186,-0.025626,115.038048,2.049805,175.113297,-0.553070,1
2142,71.402931,,0.051067,-0.031972,-0.034572,112.470406,-2.567642,172.452179,-2.661118,1
2143,71.436266,,0.043198,-0.007869,-0.040947,112.810486,0.340080,172.793076,0.340897,1
2144,71.469600,,0.022798,-0.020400,-0.043479,112.867165,0.056679,173.320862,0.527786,1
2145,71.502935,,0.044000,0.021202,-0.041916,118.255821,5.388657,171.538727,-1.782135,1
2146,71.536270,,0.032980,-0.011020,-0.037330,117.874550,-0.381271,170.740570,-0.798157,1
2147,71.569605,,0.073234,0.040254,-0.031185,122.685997,4.811447,171.649261,0.908691,1
2148,71.602939,,0.060451,-0.012783,-0.024482,121.587646,-1.098351,169.642456,-2.006805,1
2149,71.636274,,0.139976,0.079524,-0.016877,129.808929,8.221283,169.042175,-0.600281,1
2150,71.669609,,0.141409,0.001434,-0.006371,131.071320,1.262390,167.775253,-1.266922,1
2151,71.702943,,0.152965,0.011556,0.010294,131.630112,0.558792,169.053268,1.278015,1
2152,71.736278,,0.104067,-0.048899,0.035563,130.252579,-1.377533,170.113266,1.059998,1
2153,71.769613,,0.099156,-0.004910,0.069466,125.408852,-4.843727,172.354797,2.241531,1
2154,71.802947,,0.168472,0.069315,0.108221,129.661743,4.252892,171.936218,-0.418579,1
2155,71.836282,,0.218035,0.049563,0.143845,128.219894,-1.441849,165.745972,-6.190247,1
2156,71.869617,,0.293764,0.075729,0.166723,131.977356,3.757462,161.097076,-4.648895,1
2157,71.902952,,0.362850,0.069086,0.167770,136.866852,4.889496,158.985107,-2.111969,1
2158,71.936286,,0.368258,0.005408,0.143625,141.908112,5.041260,169.858795,10.873688,1
2159,71.969621,,0.248122,-0.120137,0.097106,131.414444,-10.493668,173.551041,3.692245,1
2160,72.002956,,0.078644,-0.169478,0.036815,119.258156,-12.156288,174.656296,1.105255,1
2161,72.036290,,0.006470,-0.072173,-0.024514,114.833817,-4.424339,166.195145,-8.461151,1
2162,72.069625,,0.009629,0.003159,-0.075344,115.657356,0.823540,165.239243,-0.955902,1
2163,72.102960,,0.006172,-0.003457,-0.107512,112.149223,-3.508133,164.435028,-0.804214,1
2164,72.136294,,0.010785,0.004614,-0.119635,109.220734,-2.928490,164.670517,0.235489,1
2165,72.169629,,0.013999,0.003214,-0.115407,110.183380,0.962646,164.770462,0.099945,1
2166,72.202964,,0.042395,0.028396,-0.101686,111.380745,1.197365,166.380066,1.609604,1
2167,72.236299,,0.040825,-0.001570,-0.086358,109.983391,-1.397354,167.975723,1.595657,1
2168,72.269633,,0.042935,0.002110,-0.074835,109.943466,-0.039925,166.168365,-1.807358,1
2169,72.302968,,0.061169,0.018234,-0.069096,110.017570,0.074104,166.624191,0.455826,1
2170,72.336303,,0.034095,-0.027074,-0.067021,109.033195,-0.984375,167.464828,0.840637,1
2171,72.369637,,0.051024,0.016929,-0.064164,108.553261,-0.479935,165.123947,-2.340881,1
2172,72.402972,,0.038136,-0.012888,-0.055383,107.210770,-1.342491,166.130692,1.006744,1
2173,72.436307,,0.053294,0.015157,-0.037529,106.664726,-0.546043,165.555359,-0.575333,1
2174,72.469641,,0.102940,0.049646,-0.010588,108.878204,2.213478,165.118301,-0.437057,1
2175,72.502976,,0.136277,0.033337,0.022057,112.233894,3.355690,165.230850,0.112549,1
2176,72.536311,,0.157967,0.021691,0.054038,115.522263,3.288368,168.102234,2.871384,1
2177,72.569646,,0.180172,0.022204,0.078490,119.194038,3.671776,168.899750,0.797516,1
2178,72.602980,,0.225358,0.045186,0.089456,116.823906,-2.370132,167.253647,-1.646103,1
2179,72.636315,,0.280300,0.054943,0.084882,118.950226,2.126320,169.583588,2.329941,1
2180,72.669650,,0.124062,-0.156238,0.066497,115.443825,-3.506401,171.935242,2.351654,1
2181,72.702984,,0.120744,-0.003318,0.039359,113.203880,-2.239944,170.532532,-1.402710,1
2182,72.736319,,0.113528,-0.007217,0.010941,115.112717,1.908836,173.197983,2.665451,1
2183,72.769654,,0.065248,-0.048279,-0.011856,112.310844,-2.801872,172.915833,-0.282150,1
2184,72.802989,,0.081388,0.016139,-0.023776,113.329674,1.018829,172.174728,-0.741104,1
2185,72.836323,,0.092719,0.011332,-0.023292,113.337547,0.007874,171.577042,-0.597687,1
2186,72.869658,,0.105151,0.012432,-0.011955,112.557198,-0.780350,168.465622,-3.111420,1
2187,72.902993,,0.095327,-0.009824,0.006294,109.393768,-3.163429,164.352417,-4.113205,1
2188,72.936327,,0.126884,0.031558,0.025834,110.524750,1.130981,164.424133,0.071716,1
2189,72.969662,,0.139512,0.012628,0.041468,109.517944,-1.006805,164.126785,-0.297348,1
2190,73.002997,,0.161381,0.021869,0.049064,115.488312,5.970367,165.259247,1.132462,1
2191,73.036331,,0.158542,-0.002839,0.047077,120.674911,5.186600,172.946762,7.687515,1
2192,73.069666,,0.112623,-0.045919,0.036162,121.248161,0.573250,176.331833,3.385071,1
2193,73.103001,,0.113690,0.001067,0.018722,123.406563,2.158401,180.212891,3.881058,1
2194,73.136336,,0.106575,-0.007115,-0.001415,124.420448,1.013885,180.847824,0.634933,1
2195,73.169670,,0.059600,-0.046975,-0.020582,117.741966,-6.678482,174.447189,-6.400635,1
2196,73.203005,,0.057245,-0.002354,-0.035728,116.584335,-1.157631,170.905838,-3.541351,1
2197,73.236340,,0.057039,-0.000207,-0.045339,114.095047,-2.489288,170.052994,-0.852844,1
2198,73.269674,,0.044667,-0.012372,-0.049297,113.207443,-0.887604,169.948380,-0.104614,1
2199,73.303009,,0.055070,0.010404,-0.048549,114.790237,1.582794,170.315445,0.367065,1
2200,73.336344,,0.037936,-0.017135,-0.044996,111.260384,-3.529854,169.894943,-0.420502,1
2201,73.369678,,0.072379,0.034443,-0.040525,116.678947,5.418564,170.592331,0.697388,1
2202,73.403013,,0.061238,-0.011141,-0.036727,113.601936,-3.077011,170.431976,-0.160355,1
2203,73.436348,,0.064762,0.003524,-0.034527,115.842491,2.240555,172.093445,1.661469,1
2204,73.469683,,0.047590,-0.017172,-0.034157,112.376335,-3.466156,172.828201,0.734756,1
2205,73.503017,,0.064068,0.016478,-0.035327,115.405823,3.029488,173.417801,0.589600,1
2206,73.536352,,0.038421,-0.025646,-0.037260,111.498772,-3.907051,173.878876,0.461075,1
2207,73.569687,,0.062885,0.024463,-0.038943,114.119308,2.620537,175.852554,1.973679,1
2208,73.603021,,0.066999,0.004114,-0.039034,113.311562,-0.807747,178.521637,2.669083,1
2209,73.636356,,0.075857,0.008858,-0.036006,112.621460,-0.690102,179.989731,1.468094,1
2210,73.669691,,0.085222,0.009365,-0.028209,112.089661,-0.531799,179.091812,-0.897919,1
2211,73.703025,,0.092143,0.006920,-0.014005,112.128456,0.038795,178.222809,-0.869003,1
2212,73.736360,,0.101873,0.009731,0.007124,114.639725,2.511269,181.332977,3.110168,1
2213,73.769695,,0.113627,0.011754,0.034433,116.947166,2.307442,181.362869,0.029892,1
2214,73.803030,,0.155639,0.042012,0.065497,120.727386,3.780220,181.173416,-0.189453,1
2215,73.836364,,0.205448,0.049809,0.096044,123.767914,3.040527,172.579224,-8.594193,1
2216,73.869699,,0.223886,0.018438,0.121136,125.978333,2.210419,169.920731,-2.658493,1
2217,73.903034,,0.254266,0.030380,0.135774,123.270279,-2.708054,166.466324,-3.454407,1
2218,73.936368,,0.258513,0.004247,0.137091,122.571709,-0.698570,166.098587,-0.367737,1
2219,73.969703,,0.256179,-0.002334,0.124567,126.184868,3.613159,167.598709,1.500122,1
2220,74.003038,,0.239845,-0.016333,0.100073,127.577248,1.392380,170.853241,3.254532,1
2221,74.036372,,0.170308,-0.069537,0.068265,125.236092,-2.341156,174.131500,3.278259,1
2222,74.069707,,0.088724,-0.081584,0.034285,120.982155,-4.253937,174.200317,0.068817,1
2223,74.103042,,0.099311,0.010586,0.002867,121.990257,1.008102,169.424713,-4.775604,1
2224,74.136377,,0.112771,0.013460,-0.023034,128.781479,6.791222,171.271545,1.846832,1
2225,74.169711,,0.106478,-0.006293,-0.042445,126.692024,-2.089455,167.737045,-3.534500,1
2226,74.203046,,0.083699,-0.022779,-0.055825,124.950096,-1.741928,164.476166,-3.260880,1
2227,74.236381,,0.059297,-0.024402,-0.064833,117.518112,-7.431984,165.353683,0.877518,1
2228,74.269715,,0.036644,-0.022653,-0.071079,115.100937,-2.417175,166.382690,1.029007,1
2229,74.303050,,0.033472,-0.003171,-0.075732,113.685661,-1.415276,168.260651,1.877960,1
2230,74.336385,,0.047984,0.014512,-0.079316,112.801964,-0.883698,171.103821,2.843170,1
2231,74.369719,,0.051252,0.003268,-0.081499,111.804756,-0.997208,170.365784,-0.738037,1
2232,74.403054,,0.059217,0.007965,-0.081121,112.807053,1.002296,171.885788,1.520004,1
2233,74.436389,,0.062703,0.003486,-0.076692,114.211441,1.404388,171.106430,-0.779358,1
2234,74.469724,,0.081326,0.018623,-0.066738,118.233543,4.022102,170.871902,-0.234528,1
2235,74.503058,,0.097425,0.016099,-0.050256,118.072006,-0.161537,173.167313,2.295410,1
2236,74.536393,,0.082578,-0.014847,-0.027908,115.839226,-2.232780,172.755966,-0.411346,1
2237,74.569728,,0.101335,0.018757,-0.001867,116.108231,0.269005,174.442795,1.686829,1
2238,74.603062,,0.139998,0.038663,0.024063,115.899490,-0.208740,170.034302,-4.408493,1
2239,74.636397,,0.264679,0.124681,0.045225,124.299278,8.399788,168.818481,-1.215820,1
2240,74.669732,,0.157153,-0.107526,0.057466,116.428452,-7.870827,171.611725,2.793243,1
2241,74.703067,,0.251794,0.094641,0.057852,123.888916,7.460464,172.733841,1.122116,1
2242,74.736401,,0.201890,-0.049904,0.046523,120.424423,-3.464493,177.914886,5.181046,1
2243,74.769736,,0.149069,-0.052821,0.025818,118.915306,-1.509117,177.659775,-0.255112,1
2244,74.803071,,0.116845,-0.032224,-0.000208,120.598572,1.683266,176.495529,-1.164246,1
2245,74.836405,,0.124339,0.007494,-0.026523,120.772690,0.174118,173.533691,-2.961838,1
2246,74.869740,,0.096357,-0.027982,-0.048859,120.996094,0.223404,174.051819,0.518127,1
2247,74.903075,,0.094056,-0.002301,-0.064054,123.591911,2.595818,174.212692,0.160873,1
2248,74.936409,,0.067561,-0.026495,-0.071091,121.041817,-2.550095,172.583954,-1.628738,1
2249,74.969744,,0.073486,0.005926,-0.070436,124.006332,2.964516,169.652863,-2.931091,1
2250,75.003079,,0.070794,-0.002692,-0.063500,121.407951,-2.598381,167.961136,-1.691727,1
2251,75.036414,,0.097032,0.026238,-0.052403,122.715164,1.307213,168.968826,1.007690,1
2252,75.069748,,0.110876,0.013844,-0.038690,123.838867,1.123703,168.924911,-0.043915,1
2253,75.103083,,0.113181,0.002304,-0.022953,124.784515,0.945648,170.414322,1.489410,1
2254,75.136418,,0.142581,0.029401,-0.004837,125.751678,0.967163,169.396606,-1.017715,1
2255,75.169752,,0.159154,0.016573,0.016721,125.580132,-0.171547,163.169403,-6.227203,1
2256,75.203087,,0.187281,0.028127,0.042866,128.666489,3.086357,161.173767,-1.995636,1
2257,75.236422,,0.221870,0.034589,0.073487,130.756454,2.089966,160.059540,-1.114227,1
2258,75.269756,,0.214612,-0.007258,0.106804,131.382706,0.626251,157.305511,-2.754028,1
2259,75.303091,,0.247284,0.032672,0.138815,132.584641,1.201935,158.454361,1.148849,1
2260,75.336426,,0.276057,0.028773,0.163825,135.875183,3.290543,158.759903,0.305542,1
2261,75.369761,,0.288670,0.012613,0.175786,136.075058,0.199875,158.862549,0.102646,1
2262,75.403095,,0.310285,0.021615,0.169334,134.655304,-1.419754,161.761261,2.898712,1
2263,75.436430,,0.318734,0.008448,0.143243,134.818115,0.162811,167.094559,5.333298,1
2264,75.469765,,0.283787,-0.034946,0.100096,132.680298,-2.137817,165.146820,-1.947739,1
2265,75.503099,,0.142100,-0.141688,0.046299,122.254822,-10.425476,162.380447,-2.766373,1
2266,75.536434,,0.049080,-0.093020,-0.008662,121.941322,-0.313499,163.113632,0.733185,1
2267,75.569769,,0.008189,-0.040891,-0.055862,115.817665,-6.123657,163.025772,-0.087860,1
2268,75.603103,,0.005930,-0.002259,-0.088322,113.308060,-2.509605,159.050201,-3.975571,1
2269,75.636438,,0.008457,0.002527,-0.103883,112.778152,-0.529907,160.047104,0.996902,1
2270,75.669773,,0.016895,0.008437,-0.104150,112.881828,0.103676,161.459137,1.412033,1
2271,75.703108,,0.023259,0.006364,-0.093369,113.525047,0.643219,163.454178,1.995041,1
2272,75.736442,,0.035842,0.012583,-0.077528,113.633072,0.108025,165.077591,1.623413,1
2273,75.769777,,0.035475,-0.000367,-0.061585,113.762215,0.129143,165.595627,0.518036,1
2274,75.803112,,0.034608,-0.000867,-0.048911,114.890831,1.128616,166.697952,1.102325,1
2275,75.836446,,0.039002,0.004394,-0.040611,115.779991,0.889160,168.642548,1.944595,1
2276,75.869781,,0.049381,0.010379,-0.036201,115.024345,-0.755646,169.911758,1.269211,1
2277,75.903116,,0.041440,-0.007941,-0.034440,114.951500,-0.072845,167.953461,-1.958298,1
2278,75.936450,,0.040836,-0.000604,-0.033963,115.779762,0.828262,166.020996,-1.932465,1
2279,75.969785,,0.042213,0.001377,-0.034047,116.952446,1.172684,165.950867,-0.070129,1
2280,76.003120,,0.040127,-0.002086,-0.034586,116.881264,-0.071182,164.424393,-1.526474,1
2281,76.036455,,0.050025,0.009898,-0.035686,119.167244,2.285980,164.557419,0.133026,1
2282,76.069789,,0.068678,0.018653,-0.037105,118.865532,-0.301712,166.351181,1.793762,1
2283,76.103124,,0.047558,-0.021120,-0.037727,117.028732,-1.836800,166.778168,0.426987,1
2284,76.136459,,0.028777,-0.018780,-0.035562,118.607788,1.579056,168.043015,1.264847,1
2285,76.169793,,0.034753,0.005976,-0.028235,118.934349,0.326561,164.409546,-3.633469,1
2286,76.203128,,0.063968,0.029214,-0.013567,120.184174,1.249825,163.663055,-0.746490,1
2287,76.236463,,0.115570,0.051602,0.008801,123.640999,3.456825,163.530472,-0.132584,1
2288,76.269797,,0.113348,-0.002222,0.037300,126.884804,3.243805,166.166641,2.636169,1
2289,76.303132,,0.101737,-0.011611,0.068083,122.019424,-4.865379,165.022171,-1.144470,1
2290,76.336467,,0.120560,0.018823,0.095356,126.877968,4.858543,166.634338,1.612167,1
2291,76.369802,,0.211107,0.090547,0.113016,135.055893,8.177925,165.085892,-1.548447,1
2292,76.403136,,0.259462,0.048355,0.115670,134.412262,-0.643631,164.527115,-0.558777,1
2293,76.436471,,0.219420,-0.040042,0.101768,131.657928,-2.754333,171.170059,6.642944,1
2294,76.469806,,0.185776,-0.033644,0.073339,131.199829,-0.458099,176.255630,5.085571,1
2295,76.503140,,0.093821,-0.091955,0.035794,121.844925,-9.354904,173.121216,-3.134415,1
2296,76.536475,,0.034036,-0.059784,-0.002953,117.786537,-4.058388,169.212692,-3.908524,1
2297,76.569810,,0.024463,-0.009574,-0.035689,115.336212,-2.450325,167.721756,-1.490936,1
2298,76.603144,,0.052631,0.028168,-0.057036,117.681190,2.344978,169.122696,1.400940,1
2299,76.636479,,0.038279,-0.014353,-0.065645,115.346542,-2.334648,168.179840,-0.942856,1
2300,76.669814,,0.037274,-0.001005,-0.063212,117.105782,1.759239,171.272476,3.092636,1
2301,76.703149,,0.058926,0.021653,-0.053601,118.409271,1.303490,170.612305,-0.660172,1
2302,76.736483,,0.052720,-0.006207,-0.041949,120.068802,1.659531,171.742569,1.130264,1
2303,76.769818,,0.084828,0.032108,-0.032482,121.240486,1.171684,173.693619,1.951050,1
2304,76.803153,,0.080908,-0.003920,-0.027986,120.117249,-1.123238,173.129364,-0.564255,1
2305,76.836487,,0.071646,-0.009261,-0.028888,118.076469,-2.040779,170.384979,-2.744385,1
2306,76.869822,,0.067383,-0.004264,-0.033922,117.260902,-0.815567,171.006119,0.621140,1
2307,76.903157,,0.063140,-0.004243,-0.040758,118.334694,1.073792,171.016785,0.010666,1
2308,76.936492,,0.064441,0.001302,-0.046775,116.347687,-1.987007,170.328705,-0.688080,1
2309,76.969826,,0.070333,0.005891,-0.050052,119.845802,3.498116,168.563385,-1.765320,1
2310,77.003161,,0.071601,0.001268,-0.049565,118.124596,-1.721207,166.906052,-1.657333,1
2311,77.036496,,0.060787,-0.010814,-0.045585,119.115349,0.990753,166.949203,0.043152,1
2312,77.069830,,0.066646,0.005859,-0.039028,118.624306,-0.491043,167.628159,0.678955,1
2313,77.103165,,0.097543,0.030897,-0.030978,118.192566,-0.431740,167.701279,0.073120,1
2314,77.136500,,0.111084,0.013541,-0.022177,120.052086,1.859520,165.961273,-1.740005,1
2315,77.169834,,0.100148,-0.010936,-0.012463,121.875305,1.823219,167.231216,1.269943,1
2316,77.203169,,0.126794,0.026646,-0.000665,123.520950,1.645645,167.397705,0.166489,1
2317,77.236504,,0.135217,0.008423,0.014846,123.254997,-0.265953,166.868423,-0.529282,1
2318,77.269839,,0.153148,0.017932,0.035531,125.409836,2.154839,167.561356,0.692932,1
2319,77.303173,,0.175554,0.022406,0.061999,124.520027,-0.889809,165.605728,-1.955627,1
2320,77.336508,,0.207807,0.032252,0.092761,125.773796,1.253769,162.670486,-2.935242,1
2321,77.369843,,0.232022,0.024215,0.124523,128.353226,2.579430,162.035202,-0.635284,1
2322,77.403177,,0.279660,0.047638,0.152128,134.978729,6.625504,164.865311,2.830109,1
2323,77.436512,,0.248718,-0.030942,0.169955,129.676773,-5.301956,162.607773,-2.257538,1
2324,77.469847,,0.293969,0.045251,0.173162,133.012878,3.336105,165.428574,2.820801,1
2325,77.503181,,0.297081,0.003112,0.158514,132.375137,-0.637741,167.308701,1.880127,1
2326,77.536516,,0.274536,-0.022546,0.127106,128.948792,-3.426346,168.070358,0.761658,1
2327,77.569851,,0.227974,-0.046562,0.083059,122.542404,-6.406387,166.230469,-1.839890,1
2328,77.603186,,0.101432,-0.126542,0.033160,119.619095,-2.923309,165.028168,-1.202301,1
2329,77.636520,,0.048089,-0.053344,-0.014457,121.867615,2.248520,160.034409,-4.993759,1
2330,77.669855,,0.032772,-0.015317,-0.053051,117.301399,-4.566216,162.865051,2.830643,1
2331,77.703190,,0.031617,-0.001155,-0.078029,116.486267,-0.815132,162.087067,-0.777985,1
2332,77.736524,,0.019568,-0.012049,-0.088931,114.681236,-1.805031,163.295593,1.208527,1
2333,77.769859,,0.024288,0.004721,-0.087915,113.877968,-0.803268,163.419510,0.123917,1
2334,77.803194,,0.028224,0.003935,-0.078843,113.910263,0.032295,163.923615,0.504105,1
2335,77.836528,,0.032588,0.004364,-0.066533,114.239540,0.329277,166.288605,2.364990,1
2336,77.869863,,0.039199,0.006612,-0.054775,113.972305,-0.267235,168.858459,2.569855,1
2337,77.903198,,0.046406,0.007207,-0.046078,113.825653,-0.146652,167.867294,-0.991165,1
2338,77.936533,,0.043639,-0.002767,-0.041156,110.897438,-2.928215,168.606247,0.738953,1
2339,77.969867,,0.042319,-0.001320,-0.039499,111.379501,0.482063,168.525787,-0.080460,1
2340,78.003202,,0.042400,0.000082,-0.039916,111.877846,0.498344,169.631149,1.105362,1
2341,78.036537,,0.045314,0.002913,-0.040955,113.026100,1.148254,169.149948,-0.481201,1
2342,78.069871,,0.059768,0.014454,-0.041541,115.411629,2.385529,167.421783,-1.728165,1
2343,78.103206,,0.043121,-0.016647,-0.041026,114.142929,-1.268700,168.471191,1.049408,1
2344,78.136541,,0.058325,0.015204,-0.039297,115.519577,1.376648,167.369247,-1.101944,1
2345,78.169875,,0.038382,-0.019943,-0.036567,113.970680,-1.548897,169.789581,2.420334,1
2346,78.203210,,0.065162,0.026780,-0.033241,114.303627,0.332947,168.876251,-0.913330,1
2347,78.236545,,0.038688,-0.026474,-0.029832,113.103302,-1.200325,168.817657,-0.058594,1
2348,78.269880,,0.062139,0.023451,-0.026785,112.742760,-0.360542,167.475769,-1.341888,1
2349,78.303214,,0.069179,0.007040,-0.024464,114.638863,1.896103,168.850510,1.374741,1
2350,78.336549,,0.070751,0.001572,-0.023020,115.062553,0.423691,168.462265,-0.388245,1
2351,78.369884,,0.062167,-0.008584,-0.022443,114.340668,-0.721886,168.203262,-0.259003,1
2352,78.403218,,0.064989,0.002822,-0.022616,115.842773,1.502106,170.365265,2.162003,1
2353,78.436553,,0.069564,0.004574,-0.023328,114.799370,-1.043404,170.025360,-0.339905,1
2354,78.469888,,0.061531,-0.008032,-0.024405,116.854698,2.055328,170.845490,0.820129,1
2355,78.503222,,0.060948,-0.000584,-0.025682,116.146698,-0.708000,170.474792,-0.370697,1
2356,78.536557,,0.068322,0.007374,-0.026901,117.415627,1.268929,172.429947,1.955154,1
2357,78.569892,,0.063065,-0.005257,-0.027595,118.616814,1.201187,174.825027,2.395081,1
2358,78.603227,,0.075878,0.012813,-0.026875,115.942146,-2.674667,175.536057,0.711029,1
2359,78.636561,,0.072133,-0.003745,-0.023518,120.742226,4.800079,175.066223,-0.469833,1
2360,78.669896,,0.075650,0.003517,-0.016036,118.807518,-1.934708,175.388412,0.322189,1
2361,78.703231,,0.108838,0.033188,-0.002819,123.030693,4.223175,176.378372,0.989960,1
2362,78.736565,,0.124249,0.015411,0.016822,124.459953,1.429260,175.788208,-0.590164,1
2363,78.769900,,0.122526,-0.001723,0.042596,119.704414,-4.755539,172.986923,-2.801285,1
2364,78.803235,,0.178352,0.055826,0.072779,122.418739,2.714325,175.092438,2.105515,1
2365,78.836570,,0.179147,0.000795,0.103758,123.711845,1.293106,178.617599,3.525162,1
2366,78.869904,,0.243356,0.064210,0.130948,130.929626,7.217781,180.604965,1.987366,1
2367,78.903239,,0.242383,-0.000974,0.149079,130.198349,-0.731277,177.376404,-3.228561,1
2368,78.936574,,0.247627,0.005245,0.154276,129.612717,-0.585632,174.746948,-2.629456,1
2369,78.969908,,0.255818,0.008190,0.144544,125.530914,-4.081802,172.530365,-2.216583,1
2370,79.003243,,0.283324,0.027506,0.120244,125.566544,0.035629,171.100647,-1.429718,1
2371,79.036578,,0.173580,-0.109744,0.085460,115.267090,-10.299454,169.244095,-1.856552,1
2372,79.069912,,0.116971,-0.056609,0.045819,110.414742,-4.852348,167.919815,-1.324280,1
2373,79.103247,,0.081563,-0.035408,0.007752,108.261093,-2.153648,169.358627,1.438812,1
2374,79.136582,,0.056039,-0.025524,-0.023393,107.599831,-0.661263,165.535980,-3.822647,1
2375,79.169917,,0.065234,0.009195,-0.044515,113.793449,6.193619,165.128723,-0.407257,1
2376,79.203251,,0.043313,-0.021921,-0.054765,108.948036,-4.845413,161.947311,-3.181412,1
2377,79.236586,,0.032540,-0.010774,-0.056235,109.715698,0.767662,157.428070,-4.519241,1
2378,79.269921,,0.040840,0.008300,-0.052071,111.035469,1.319771,157.319565,-0.108505,1
2379,79.303255,,0.047157,0.006317,-0.045750,108.363518,-2.671951,159.752731,2.433167,1
2380,79.336590,,0.041393,-0.005765,-0.040220,104.696365,-3.667152,161.736053,1.983322,1
2381,79.369925,,0.056389,0.014997,-0.037048,111.024368,6.328003,157.380737,-4.355316,1
2382,79.403259,,0.034522,-0.021868,-0.036522,109.365341,-1.659027,158.440979,1.060242,1
2383,79.436594,,0.027495,-0.007027,-0.037692,99.654976,-9.710365,161.670822,3.229843,1
2384,79.469929,,0.019549,-0.007946,-0.039218,97.789520,-1.865456,155.185654,-6.485168,1
2385,79.503264,,0.042172,0.022623,-0.039817,106.964790,9.175270,158.561874,3.376221,1
2386,79.536598,,0.024484,-0.017688,-0.038783,105.939232,-1.025558,156.792511,-1.769363,1
2387,79.569933,,0.024811,0.000327,-0.036046,96.557487,-9.381744,157.022659,0.230148,1
2388,79.603268,,0.034244,0.009433,-0.032017,102.125298,5.567810,162.070251,5.047592,1
2389,79.636602,,0.030805,-0.003439,-0.027419,102.855881,0.730583,161.165192,-0.905060,1
2390,79.669937,,0.034986,0.004180,-0.022858,106.739349,3.883469,158.956818,-2.208374,1
2391,79.703272,,0.041047,0.006061,-0.018681,104.827942,-1.911407,159.885666,0.928848,1
2392,79.736606,,0.033089,-0.007958,-0.014897,103.701126,-1.126816,161.208069,1.322403,1
2393,79.769941,,0.016246,-0.016843,-0.011333,103.968384,0.267258,162.122223,0.914154,1
2394,79.803276,,0.024023,0.007777,-0.007826,108.513069,4.544685,161.816727,-0.305496,1
2395,79.836611,,0.047510,0.023487,-0.004368,110.460182,1.947113,160.056961,-1.759766,1
2396,79.869945,,0.036180,-0.011330,-0.001123,111.486244,1.026062,158.679947,-1.377014,1
2397,79.903280,,0.041136,0.004956,0.001682,111.435394,-0.050850,157.437683,-1.242264,1
2398,79.936615,,0.047818,0.006682,0.003951,109.159531,-2.275864,158.542526,1.104843,1
2399,79.969949,,0.024166,-0.023651,0.005780,106.853409,-2.306122,158.662186,0.119659,1
2400,80.003284,,0.047983,0.023817,0.007460,109.790459,2.937050,157.267593,-1.394592,1
2401,80.036619,,0.028092,-0.019891,0.009357,108.590668,-1.199791,159.340622,2.073029,1
2402,80.069953,,0.041944,0.013852,0.011725,108.378593,-0.212074,163.359528,4.018906,1
2403,80.103288,,0.039896,-0.002047,0.014584,103.594582,-4.784012,164.281754,0.922226,1
2404,80.136623,,0.026264,-0.013632,0.017614,103.122810,-0.471771,163.450836,-0.830917,1
2405,80.169958,,0.053475,0.027211,0.020274,103.760231,0.637421,162.019836,-1.431000,1
2406,80.203292,,0.058387,0.004913,0.021904,103.450401,-0.309830,157.542969,-4.476868,1
2407,80.236627,,0.058164,-0.000223,0.022051,105.702087,2.251686,155.354126,-2.188843,1
2408,80.269962,,0.029459,-0.028705,0.020539,102.655098,-3.046989,150.845581,-4.508545,1
2409,80.303296,,0.039804,0.010345,0.017481,103.237602,0.582504,149.605072,-1.240509,1
2410,80.336631,,0.038690,-0.001114,0.013340,101.348022,-1.889580,150.740707,1.135635,1
2411,80.369966,,0.033873,-0.004818,0.008662,100.736153,-0.611870,149.887115,-0.853592,1
2412,80.403300,,0.037626,0.003753,0.004048,101.179604,0.443451,150.563583,0.676468,1
2413,80.436635,,0.026135,-0.011491,0.000053,101.091637,-0.087967,150.230438,-0.333145,1
2414,80.469970,,0.026538,0.000403,-0.002875,102.083939,0.992302,150.274780,0.044342,1
2415,80.503305,,0.033698,0.007160,-0.004406,104.291054,2.207115,149.975006,-0.299774,1
2416,80.536639,,0.029666,-0.004031,-0.004508,103.989922,-0.301132,151.666672,1.691666,1
2417,80.569974,,0.026395,-0.003271,-0.003381,105.115929,1.126007,152.982422,1.315750,1
2418,80.603309,,0.028159,0.001764,-0.001486,105.881187,0.765259,154.724136,1.741714,1
2419,80.636643,,0.032036,0.003876,0.000450,106.662262,0.781075,153.682068,-1.042068,1
2420,80.669978,,0.039217,0.007181,0.001684,108.777283,2.115021,155.525665,1.843597,1
2421,80.703313,,0.055517,0.016301,0.001592,110.112823,1.335541,157.171402,1.645737,1
2422,80.736648,,0.047822,-0.007696,0.000037,110.237442,0.124619,158.523758,1.352356,1
2423,80.769982,,0.040186,-0.007635,-0.002651,108.044136,-2.193306,157.921371,-0.602386,1
2424,80.803317,,0.033553,-0.006633,-0.005713,105.726379,-2.317757,155.581253,-2.340118,1
2425,80.836652,,0.031501,-0.002052,-0.008185,104.737946,-0.988434,153.338745,-2.242508,1
2426,80.869986,,0.034659,0.003158,-0.009288,106.368484,1.630539,153.697983,0.359238,1
2427,80.903321,,0.035846,0.001187,-0.008591,105.941200,-0.427284,153.438095,-0.259888,1
2428,80.936656,,0.035093,-0.000753,-0.006308,106.574318,0.633118,154.041077,0.602982,1
2429,80.969990,,0.047063,0.011970,-0.003061,106.505898,-0.068420,155.224731,1.183655,1
2430,81.003325,,0.041279,-0.005784,0.000261,106.352898,-0.153000,154.804779,-0.419952,1
2431,81.036660,,0.037289,-0.003990,0.002812,107.075478,0.722580,154.136932,-0.667847,1
2432,81.069995,,0.061326,0.024036,0.004070,107.737839,0.662361,157.898926,3.761993,1
2433,81.103329,,0.038799,-0.022527,0.003925,105.625778,-2.112061,154.004089,-3.894836,1
2434,81.136664,,0.036371,-0.002427,0.002796,104.574081,-1.051697,152.396591,-1.607498,1
2435,81.169999,,0.023916,-0.012455,0.001749,102.328918,-2.245163,149.931320,-2.465271,1
